timestamp,sql
2025-07-01T00:05:00.200000,"SELECT census_original.dv_cmdline_args, census_original.dv_create_time FROM census_original  WHERE census_original.dv_version = 'sample' AND census_original.dv_create_time = 'NULL' AND census_original.dv_cmdline_args LIKE 'sample' ORDER BY census_original.dv_create_time LIMIT 100;"
2025-07-01T00:05:00.419867,SELECT census_original.dv_cmdline_args FROM census_original  WHERE census_original.dv_create_date <= TIMESTAMP '2022-01-01' ORDER BY census_original.dv_cmdline_args LIMIT 100;
2025-07-01T00:05:00.658809,SELECT census_original.dv_cmdline_args FROM census_original  WHERE census_original.dv_create_date <= TIMESTAMP '2022-01-01' ORDER BY census_original.dv_cmdline_args LIMIT 100;
2025-07-01T00:05:00.915273,SELECT census_original.dv_cmdline_args FROM census_original  WHERE census_original.dv_create_date <= TIMESTAMP '2022-01-01' ORDER BY census_original.dv_cmdline_args LIMIT 100;
2025-07-01T00:05:01.187009,SELECT census_original.dv_cmdline_args FROM census_original  WHERE census_original.dv_create_date <= TIMESTAMP '2022-01-01' ORDER BY census_original.dv_cmdline_args LIMIT 100;
2025-07-01T00:05:01.471156,SELECT census_original.dv_create_time FROM census_original  WHERE census_original.dv_version = 'sample' ORDER BY census_original.dv_create_time LIMIT 100;
2025-07-01T00:05:01.764360,"SELECT census_original.dv_cmdline_args, census_original.dv_create_time FROM census_original  WHERE census_original.dv_version = 'sample' AND census_original.dv_create_time = 'NULL' AND census_original.dv_cmdline_args LIKE 'sample' ORDER BY census_original.dv_create_time LIMIT 100;"
2025-07-01T00:05:02.062905,SELECT census_original.dv_create_date FROM census_original  WHERE census_original.dv_cmdline_args LIKE 'sample' AND census_original.dv_version LIKE 'sample' AND census_original.dv_create_date >= TIMESTAMP '2022-01-01' ORDER BY census_original.dv_create_date LIMIT 100;
2025-07-01T00:05:02.362862,SELECT census_original.dv_create_time FROM census_original  WHERE census_original.dv_version = 'sample' ORDER BY census_original.dv_create_time LIMIT 100;
2025-07-01T00:05:02.660247,SELECT census_original.dv_create_time FROM census_original  WHERE census_original.dv_version = 'sample' ORDER BY census_original.dv_create_time LIMIT 100;
2025-07-01T00:05:02.951176,SELECT census_original.dv_create_date FROM census_original  WHERE census_original.dv_cmdline_args LIKE 'sample' AND census_original.dv_version LIKE 'sample' AND census_original.dv_create_date >= TIMESTAMP '2022-01-01' ORDER BY census_original.dv_create_date LIMIT 100;
2025-07-01T00:05:03.232026,SELECT census_original.dv_create_time FROM census_original  WHERE census_original.dv_version = 'sample' ORDER BY census_original.dv_create_time LIMIT 100;
2025-07-01T00:05:03.499572,SELECT census_original.dv_version FROM census_original  WHERE census_original.dv_create_time = 'NULL' AND census_original.dv_cmdline_args = 'sample' ORDER BY census_original.dv_version LIMIT 100;
2025-07-01T00:05:03.751123,SELECT census_original.dv_version FROM census_original  WHERE census_original.dv_create_time = 'NULL' AND census_original.dv_cmdline_args = 'sample' ORDER BY census_original.dv_version LIMIT 100;
2025-07-01T00:05:03.984621,SELECT census_original.dv_cmdline_args FROM census_original  WHERE census_original.dv_create_date <= TIMESTAMP '2022-01-01' ORDER BY census_original.dv_cmdline_args LIMIT 100;
2025-07-01T00:05:04.198733,SELECT census_original.dv_cmdline_args FROM census_original  WHERE census_original.dv_create_date <= TIMESTAMP '2022-01-01' ORDER BY census_original.dv_cmdline_args LIMIT 100;
2025-07-01T00:05:04.392896,SELECT census_original.dv_version FROM census_original  WHERE census_original.dv_create_time = 'NULL' AND census_original.dv_cmdline_args = 'sample' ORDER BY census_original.dv_version LIMIT 100;
2025-07-01T00:05:04.567342,SELECT census_original.dv_create_time FROM census_original  WHERE census_original.dv_version = 'sample' ORDER BY census_original.dv_create_time LIMIT 100;
2025-07-01T00:05:04.723090,SELECT census_original.dv_version FROM census_original  WHERE census_original.dv_create_time = 'NULL' AND census_original.dv_cmdline_args = 'sample' ORDER BY census_original.dv_version LIMIT 100;
2025-07-01T00:05:04.861904,SELECT census_original.dv_version FROM census_original  WHERE census_original.dv_create_time = 'NULL' AND census_original.dv_cmdline_args = 'sample' ORDER BY census_original.dv_version LIMIT 100;
2025-07-01T00:05:04.986224,"SELECT census_original.dv_cmdline_args, census_original.dv_create_time FROM census_original  WHERE census_original.dv_version = 'sample' AND census_original.dv_create_time = 'NULL' AND census_original.dv_cmdline_args LIKE 'sample' ORDER BY census_original.dv_create_time LIMIT 100;"
2025-07-01T00:05:05.099066,SELECT census_original.dv_cmdline_args FROM census_original  WHERE census_original.dv_create_date <= TIMESTAMP '2022-01-01' ORDER BY census_original.dv_cmdline_args LIMIT 100;
2025-07-01T00:05:05.203906,SELECT census_original.dv_create_date FROM census_original  WHERE census_original.dv_cmdline_args LIKE 'sample' AND census_original.dv_version LIKE 'sample' AND census_original.dv_create_date >= TIMESTAMP '2022-01-01' ORDER BY census_original.dv_create_date LIMIT 100;
2025-07-01T00:05:05.304537,"SELECT census_original.dv_cmdline_args, census_original.dv_create_time FROM census_original  WHERE census_original.dv_version = 'sample' AND census_original.dv_create_time = 'NULL' AND census_original.dv_cmdline_args LIKE 'sample' ORDER BY census_original.dv_create_time LIMIT 100;"
2025-07-01T00:05:05.404920,SELECT census_original.dv_cmdline_args FROM census_original  WHERE census_original.dv_create_date <= TIMESTAMP '2022-01-01' ORDER BY census_original.dv_cmdline_args LIMIT 100;
2025-07-01T00:05:05.509028,SELECT census_original.dv_version FROM census_original  WHERE census_original.dv_create_time = 'NULL' AND census_original.dv_cmdline_args = 'sample' ORDER BY census_original.dv_version LIMIT 100;
2025-07-01T00:05:05.620683,"SELECT census_original.dv_cmdline_args, census_original.dv_create_time FROM census_original  WHERE census_original.dv_version = 'sample' AND census_original.dv_create_time = 'NULL' AND census_original.dv_cmdline_args LIKE 'sample' ORDER BY census_original.dv_create_time LIMIT 100;"
2025-07-01T00:05:05.743406,SELECT census_original.dv_version FROM census_original  WHERE census_original.dv_create_time = 'NULL' AND census_original.dv_cmdline_args = 'sample' ORDER BY census_original.dv_version LIMIT 100;
2025-07-01T00:05:05.880279,SELECT census_original.dv_create_date FROM census_original  WHERE census_original.dv_cmdline_args LIKE 'sample' AND census_original.dv_version LIKE 'sample' AND census_original.dv_create_date >= TIMESTAMP '2022-01-01' ORDER BY census_original.dv_create_date LIMIT 100;
2025-07-01T00:05:06.033819,SELECT census_original.dv_cmdline_args FROM census_original  WHERE census_original.dv_create_date <= TIMESTAMP '2022-01-01' ORDER BY census_original.dv_cmdline_args LIMIT 100;
2025-07-01T00:05:06.205878,SELECT census_original.dv_cmdline_args FROM census_original  WHERE census_original.dv_create_date <= TIMESTAMP '2022-01-01' ORDER BY census_original.dv_cmdline_args LIMIT 100;
2025-07-01T00:05:06.397569,SELECT census_original.dv_cmdline_args FROM census_original  WHERE census_original.dv_create_date <= TIMESTAMP '2022-01-01' ORDER BY census_original.dv_cmdline_args LIMIT 100;
2025-07-01T00:05:06.609224,SELECT census_original.dv_create_date FROM census_original  WHERE census_original.dv_cmdline_args LIKE 'sample' AND census_original.dv_version LIKE 'sample' AND census_original.dv_create_date >= TIMESTAMP '2022-01-01' ORDER BY census_original.dv_create_date LIMIT 100;
2025-07-01T00:05:06.840378,"SELECT census_original.dv_cmdline_args, census_original.dv_create_time FROM census_original  WHERE census_original.dv_version = 'sample' AND census_original.dv_create_time = 'NULL' AND census_original.dv_cmdline_args LIKE 'sample' ORDER BY census_original.dv_create_time LIMIT 100;"
2025-07-01T00:05:07.089789,SELECT census_original.dv_cmdline_args FROM census_original  WHERE census_original.dv_create_date <= TIMESTAMP '2022-01-01' ORDER BY census_original.dv_cmdline_args LIMIT 100;
2025-07-01T00:05:07.355488,"SELECT census_original.dv_cmdline_args, census_original.dv_create_time FROM census_original  WHERE census_original.dv_version = 'sample' AND census_original.dv_create_time = 'NULL' AND census_original.dv_cmdline_args LIKE 'sample' ORDER BY census_original.dv_create_time LIMIT 100;"
2025-07-01T00:05:07.634855,SELECT census_original.dv_create_time FROM census_original  WHERE census_original.dv_version = 'sample' ORDER BY census_original.dv_create_time LIMIT 100;
2025-07-01T00:05:07.924725,SELECT census_original.dv_cmdline_args FROM census_original  WHERE census_original.dv_create_date <= TIMESTAMP '2022-01-01' ORDER BY census_original.dv_cmdline_args LIMIT 100;
2025-07-01T00:05:08.221517,SELECT census_original.dv_create_time FROM census_original  WHERE census_original.dv_version = 'sample' ORDER BY census_original.dv_create_time LIMIT 100;
2025-07-01T00:05:08.521372,SELECT census_original.dv_version FROM census_original  WHERE census_original.dv_create_time = 'NULL' AND census_original.dv_cmdline_args = 'sample' ORDER BY census_original.dv_version LIMIT 100;
2025-07-01T00:05:08.820307,SELECT census_original.dv_cmdline_args FROM census_original  WHERE census_original.dv_create_date <= TIMESTAMP '2022-01-01' ORDER BY census_original.dv_cmdline_args LIMIT 100;
2025-07-01T00:05:09.114381,SELECT census_original.dv_version FROM census_original  WHERE census_original.dv_create_time = 'NULL' AND census_original.dv_cmdline_args = 'sample' ORDER BY census_original.dv_version LIMIT 100;
2025-07-01T00:05:09.399840,"SELECT census_original.dv_cmdline_args, census_original.dv_create_time FROM census_original  WHERE census_original.dv_version = 'sample' AND census_original.dv_create_time = 'NULL' AND census_original.dv_cmdline_args LIKE 'sample' ORDER BY census_original.dv_create_time LIMIT 100;"
2025-07-01T00:05:09.673280,SELECT census_original.dv_cmdline_args FROM census_original  WHERE census_original.dv_create_date <= TIMESTAMP '2022-01-01' ORDER BY census_original.dv_cmdline_args LIMIT 100;
2025-07-01T00:05:09.931772,SELECT census_original.dv_create_time FROM census_original  WHERE census_original.dv_version = 'sample' ORDER BY census_original.dv_create_time LIMIT 100;
2025-07-01T00:05:10.172984,SELECT census_original.dv_create_time FROM census_original  WHERE census_original.dv_version = 'sample' ORDER BY census_original.dv_create_time LIMIT 100;
2025-07-01T00:05:10.395273,SELECT census_original.dv_cmdline_args FROM census_original  WHERE census_original.dv_create_date <= TIMESTAMP '2022-01-01' ORDER BY census_original.dv_cmdline_args LIMIT 100;
2025-07-01T00:05:10.597750,SELECT census_original.dv_create_date FROM census_original  WHERE census_original.dv_cmdline_args LIKE 'sample' AND census_original.dv_version LIKE 'sample' AND census_original.dv_create_date >= TIMESTAMP '2022-01-01' ORDER BY census_original.dv_create_date LIMIT 100;
2025-07-01T00:05:10.780318,SELECT census_original.dv_create_date FROM census_original  WHERE census_original.dv_cmdline_args LIKE 'sample' AND census_original.dv_version LIKE 'sample' AND census_original.dv_create_date >= TIMESTAMP '2022-01-01' ORDER BY census_original.dv_create_date LIMIT 100;
2025-07-01T00:05:10.943670,SELECT census_original.dv_create_time FROM census_original  WHERE census_original.dv_version = 'sample' ORDER BY census_original.dv_create_time LIMIT 100;
2025-07-01T00:05:11.089268,SELECT census_original.dv_create_time FROM census_original  WHERE census_original.dv_version = 'sample' ORDER BY census_original.dv_create_time LIMIT 100;
2025-07-01T00:05:11.219280,SELECT census_original.dv_version FROM census_original  WHERE census_original.dv_create_time = 'NULL' AND census_original.dv_cmdline_args = 'sample' ORDER BY census_original.dv_version LIMIT 100;
2025-07-01T00:05:11.336497,SELECT census_original.dv_create_date FROM census_original  WHERE census_original.dv_cmdline_args LIKE 'sample' AND census_original.dv_version LIKE 'sample' AND census_original.dv_create_date >= TIMESTAMP '2022-01-01' ORDER BY census_original.dv_create_date LIMIT 100;
2025-07-01T00:05:11.444220,"SELECT census_original.dv_cmdline_args, census_original.dv_create_time FROM census_original  WHERE census_original.dv_version = 'sample' AND census_original.dv_create_time = 'NULL' AND census_original.dv_cmdline_args LIKE 'sample' ORDER BY census_original.dv_create_time LIMIT 100;"
2025-07-01T00:05:11.546126,SELECT census_original.dv_cmdline_args FROM census_original  WHERE census_original.dv_create_date <= TIMESTAMP '2022-01-01' ORDER BY census_original.dv_cmdline_args LIMIT 100;
2025-07-01T00:05:11.646127,"SELECT census_original.dv_cmdline_args, census_original.dv_create_time FROM census_original  WHERE census_original.dv_version = 'sample' AND census_original.dv_create_time = 'NULL' AND census_original.dv_cmdline_args LIKE 'sample' ORDER BY census_original.dv_create_time LIMIT 100;"
2025-07-01T00:05:11.748209,SELECT census_original.dv_cmdline_args FROM census_original  WHERE census_original.dv_create_date <= TIMESTAMP '2022-01-01' ORDER BY census_original.dv_cmdline_args LIMIT 100;
2025-07-01T00:05:11.856277,SELECT census_original.dv_create_time FROM census_original  WHERE census_original.dv_version = 'sample' ORDER BY census_original.dv_create_time LIMIT 100;
2025-07-01T00:05:11.973994,SELECT census_original.dv_cmdline_args FROM census_original  WHERE census_original.dv_create_date <= TIMESTAMP '2022-01-01' ORDER BY census_original.dv_cmdline_args LIMIT 100;
2025-07-01T00:05:12.104641,SELECT census_original.dv_create_time FROM census_original  WHERE census_original.dv_version = 'sample' ORDER BY census_original.dv_create_time LIMIT 100;
2025-07-01T00:05:12.250984,SELECT census_original.dv_cmdline_args FROM census_original  WHERE census_original.dv_create_date <= TIMESTAMP '2022-01-01' ORDER BY census_original.dv_cmdline_args LIMIT 100;
2025-07-01T00:05:12.415161,"SELECT census_original.dv_cmdline_args, census_original.dv_create_time FROM census_original  WHERE census_original.dv_version = 'sample' AND census_original.dv_create_time = 'NULL' AND census_original.dv_cmdline_args LIKE 'sample' ORDER BY census_original.dv_create_time LIMIT 100;"
2025-07-01T00:05:12.598601,SELECT census_original.dv_version FROM census_original  WHERE census_original.dv_create_time = 'NULL' AND census_original.dv_cmdline_args = 'sample' ORDER BY census_original.dv_version LIMIT 100;
2025-07-01T00:05:12.801963,"SELECT census_original.dv_cmdline_args, census_original.dv_create_time FROM census_original  WHERE census_original.dv_version = 'sample' AND census_original.dv_create_time = 'NULL' AND census_original.dv_cmdline_args LIKE 'sample' ORDER BY census_original.dv_create_time LIMIT 100;"
2025-07-01T00:05:13.025114,SELECT census_original.dv_create_date FROM census_original  WHERE census_original.dv_cmdline_args LIKE 'sample' AND census_original.dv_version LIKE 'sample' AND census_original.dv_create_date >= TIMESTAMP '2022-01-01' ORDER BY census_original.dv_create_date LIMIT 100;
2025-07-01T00:05:13.267131,SELECT census_original.dv_version FROM census_original  WHERE census_original.dv_create_time = 'NULL' AND census_original.dv_cmdline_args = 'sample' ORDER BY census_original.dv_version LIMIT 100;
2025-07-01T00:05:13.526338,SELECT census_original.dv_version FROM census_original  WHERE census_original.dv_create_time = 'NULL' AND census_original.dv_cmdline_args = 'sample' ORDER BY census_original.dv_version LIMIT 100;
2025-07-01T00:05:13.800376,SELECT census_original.dv_create_time FROM census_original  WHERE census_original.dv_version = 'sample' ORDER BY census_original.dv_create_time LIMIT 100;
2025-07-01T00:05:14.086292,SELECT census_original.dv_create_date FROM census_original  WHERE census_original.dv_cmdline_args LIKE 'sample' AND census_original.dv_version LIKE 'sample' AND census_original.dv_create_date >= TIMESTAMP '2022-01-01' ORDER BY census_original.dv_create_date LIMIT 100;
2025-07-01T00:05:14.380661,SELECT census_original.dv_version FROM census_original  WHERE census_original.dv_create_time = 'NULL' AND census_original.dv_cmdline_args = 'sample' ORDER BY census_original.dv_version LIMIT 100;
2025-07-01T00:05:14.679722,"SELECT census_original.dv_cmdline_args, census_original.dv_create_time FROM census_original  WHERE census_original.dv_version = 'sample' AND census_original.dv_create_time = 'NULL' AND census_original.dv_cmdline_args LIKE 'sample' ORDER BY census_original.dv_create_time LIMIT 100;"
2025-07-01T00:05:14.979525,SELECT census_original.dv_version FROM census_original  WHERE census_original.dv_create_time = 'NULL' AND census_original.dv_cmdline_args = 'sample' ORDER BY census_original.dv_version LIMIT 100;
2025-07-01T00:05:15.276090,SELECT census_original.dv_cmdline_args FROM census_original  WHERE census_original.dv_create_date <= TIMESTAMP '2022-01-01' ORDER BY census_original.dv_cmdline_args LIMIT 100;
2025-07-01T00:05:15.565570,SELECT census_original.dv_cmdline_args FROM census_original  WHERE census_original.dv_create_date <= TIMESTAMP '2022-01-01' ORDER BY census_original.dv_cmdline_args LIMIT 100;
2025-07-01T00:05:15.844395,SELECT census_original.dv_create_time FROM census_original  WHERE census_original.dv_version = 'sample' ORDER BY census_original.dv_create_time LIMIT 100;
2025-07-01T00:05:16.109424,SELECT census_original.dv_cmdline_args FROM census_original  WHERE census_original.dv_create_date <= TIMESTAMP '2022-01-01' ORDER BY census_original.dv_cmdline_args LIMIT 100;
2025-07-01T00:05:16.358063,SELECT census_original.dv_cmdline_args FROM census_original  WHERE census_original.dv_create_date <= TIMESTAMP '2022-01-01' ORDER BY census_original.dv_cmdline_args LIMIT 100;
2025-07-01T00:05:16.588375,SELECT census_original.dv_create_time FROM census_original  WHERE census_original.dv_version = 'sample' ORDER BY census_original.dv_create_time LIMIT 100;
2025-07-01T00:05:16.799151,"SELECT census_original.dv_cmdline_args, census_original.dv_create_time FROM census_original  WHERE census_original.dv_version = 'sample' AND census_original.dv_create_time = 'NULL' AND census_original.dv_cmdline_args LIKE 'sample' ORDER BY census_original.dv_create_time LIMIT 100;"
2025-07-01T00:05:16.989960,SELECT census_original.dv_create_time FROM census_original  WHERE census_original.dv_version = 'sample' ORDER BY census_original.dv_create_time LIMIT 100;
2025-07-01T00:05:17.161170,SELECT census_original.dv_version FROM census_original  WHERE census_original.dv_create_time = 'NULL' AND census_original.dv_cmdline_args = 'sample' ORDER BY census_original.dv_version LIMIT 100;
2025-07-01T00:05:17.313927,SELECT census_original.dv_cmdline_args FROM census_original  WHERE census_original.dv_create_date <= TIMESTAMP '2022-01-01' ORDER BY census_original.dv_cmdline_args LIMIT 100;
2025-07-01T00:05:17.450117,"SELECT census_original.dv_cmdline_args, census_original.dv_create_time FROM census_original  WHERE census_original.dv_version = 'sample' AND census_original.dv_create_time = 'NULL' AND census_original.dv_cmdline_args LIKE 'sample' ORDER BY census_original.dv_create_time LIMIT 100;"
2025-07-01T00:05:17.572282,"SELECT census_original.dv_cmdline_args, census_original.dv_create_time FROM census_original  WHERE census_original.dv_version = 'sample' AND census_original.dv_create_time = 'NULL' AND census_original.dv_cmdline_args LIKE 'sample' ORDER BY census_original.dv_create_time LIMIT 100;"
2025-07-01T00:05:17.683525,SELECT census_original.dv_version FROM census_original  WHERE census_original.dv_create_time = 'NULL' AND census_original.dv_cmdline_args = 'sample' ORDER BY census_original.dv_version LIMIT 100;
2025-07-01T00:05:17.787385,SELECT census_original.dv_create_time FROM census_original  WHERE census_original.dv_version = 'sample' ORDER BY census_original.dv_create_time LIMIT 100;
2025-07-01T00:05:17.887695,"SELECT census_original.dv_cmdline_args, census_original.dv_create_time FROM census_original  WHERE census_original.dv_version = 'sample' AND census_original.dv_create_time = 'NULL' AND census_original.dv_cmdline_args LIKE 'sample' ORDER BY census_original.dv_create_time LIMIT 100;"
2025-07-01T00:05:17.988429,SELECT census_original.dv_cmdline_args FROM census_original  WHERE census_original.dv_create_date <= TIMESTAMP '2022-01-01' ORDER BY census_original.dv_cmdline_args LIMIT 100;
2025-07-01T00:05:18.093545,SELECT census_original.dv_create_time FROM census_original  WHERE census_original.dv_version = 'sample' ORDER BY census_original.dv_create_time LIMIT 100;
2025-07-01T00:05:18.206824,SELECT census_original.dv_cmdline_args FROM census_original  WHERE census_original.dv_create_date <= TIMESTAMP '2022-01-01' ORDER BY census_original.dv_cmdline_args LIMIT 100;
2025-07-01T00:05:18.331726,"SELECT census_original.dv_cmdline_args, census_original.dv_create_time FROM census_original  WHERE census_original.dv_version = 'sample' AND census_original.dv_create_time = 'NULL' AND census_original.dv_cmdline_args LIKE 'sample' ORDER BY census_original.dv_create_time LIMIT 100;"
2025-07-01T00:05:18.471242,"SELECT census_original.dv_cmdline_args, census_original.dv_create_time FROM census_original  WHERE census_original.dv_version = 'sample' AND census_original.dv_create_time = 'NULL' AND census_original.dv_cmdline_args LIKE 'sample' ORDER BY census_original.dv_create_time LIMIT 100;"
2025-07-01T00:05:18.627786,SELECT census_original.dv_cmdline_args FROM census_original  WHERE census_original.dv_create_date <= TIMESTAMP '2022-01-01' ORDER BY census_original.dv_cmdline_args LIMIT 100;
2025-07-01T00:05:18.803089,SELECT census_original.dv_version FROM census_original  WHERE census_original.dv_create_time = 'NULL' AND census_original.dv_cmdline_args = 'sample' ORDER BY census_original.dv_version LIMIT 100;
2025-07-01T00:05:18.998135,SELECT census_original.dv_create_time FROM census_original  WHERE census_original.dv_version = 'sample' ORDER BY census_original.dv_create_time LIMIT 100;
2025-07-01T00:05:19.213123,SELECT census_original.dv_create_time FROM census_original  WHERE census_original.dv_version = 'sample' ORDER BY census_original.dv_create_time LIMIT 100;
2025-07-01T00:05:19.447454,SELECT census_original.dv_create_date FROM census_original  WHERE census_original.dv_cmdline_args LIKE 'sample' AND census_original.dv_version LIKE 'sample' AND census_original.dv_create_date >= TIMESTAMP '2022-01-01' ORDER BY census_original.dv_create_date LIMIT 100;
2025-07-01T00:05:19.699761,SELECT census_original.dv_version FROM census_original  WHERE census_original.dv_create_time = 'NULL' AND census_original.dv_cmdline_args = 'sample' ORDER BY census_original.dv_version LIMIT 100;
2025-07-01T00:05:19.967957,SELECT census_original.dv_cmdline_args FROM census_original  WHERE census_original.dv_create_date <= TIMESTAMP '2022-01-01' ORDER BY census_original.dv_cmdline_args LIMIT 100;
2025-07-01T00:05:20.249325,SELECT census_original.dv_version FROM census_original  WHERE census_original.dv_create_time = 'NULL' AND census_original.dv_cmdline_args = 'sample' ORDER BY census_original.dv_version LIMIT 100;
2025-07-01T00:05:20.540619,"SELECT census_original.dv_cmdline_args, census_original.dv_create_time FROM census_original  WHERE census_original.dv_version = 'sample' AND census_original.dv_create_time = 'NULL' AND census_original.dv_cmdline_args LIKE 'sample' ORDER BY census_original.dv_create_time LIMIT 100;"
2025-07-01T00:05:20.838201,SELECT census_original.dv_create_date FROM census_original  WHERE census_original.dv_cmdline_args LIKE 'sample' AND census_original.dv_version LIKE 'sample' AND census_original.dv_create_date >= TIMESTAMP '2022-01-01' ORDER BY census_original.dv_create_date LIMIT 100;
2025-07-01T00:05:21.138180,SELECT census_original.dv_create_date FROM census_original  WHERE census_original.dv_cmdline_args LIKE 'sample' AND census_original.dv_version LIKE 'sample' AND census_original.dv_create_date >= TIMESTAMP '2022-01-01' ORDER BY census_original.dv_create_date LIMIT 100;
2025-07-01T00:05:21.436571,"SELECT census_original.dv_cmdline_args, census_original.dv_create_time FROM census_original  WHERE census_original.dv_version = 'sample' AND census_original.dv_create_time = 'NULL' AND census_original.dv_cmdline_args LIKE 'sample' ORDER BY census_original.dv_create_time LIMIT 100;"
2025-07-01T00:05:21.729451,"SELECT census_original.dv_cmdline_args, census_original.dv_create_time FROM census_original  WHERE census_original.dv_version = 'sample' AND census_original.dv_create_time = 'NULL' AND census_original.dv_cmdline_args LIKE 'sample' ORDER BY census_original.dv_create_time LIMIT 100;"
2025-07-01T00:05:22.013116,SELECT census_original.dv_cmdline_args FROM census_original  WHERE census_original.dv_create_date <= TIMESTAMP '2022-01-01' ORDER BY census_original.dv_cmdline_args LIMIT 100;
2025-07-01T00:05:22.284232,SELECT census_original.dv_cmdline_args FROM census_original  WHERE census_original.dv_create_date <= TIMESTAMP '2022-01-01' ORDER BY census_original.dv_cmdline_args LIMIT 100;
2025-07-01T00:05:22.539964,SELECT census_original.dv_create_date FROM census_original  WHERE census_original.dv_cmdline_args LIKE 'sample' AND census_original.dv_version LIKE 'sample' AND census_original.dv_create_date >= TIMESTAMP '2022-01-01' ORDER BY census_original.dv_create_date LIMIT 100;
2025-07-01T00:05:22.778089,SELECT census_original.dv_version FROM census_original  WHERE census_original.dv_create_time = 'NULL' AND census_original.dv_cmdline_args = 'sample' ORDER BY census_original.dv_version LIMIT 100;
2025-07-01T00:05:22.997087,SELECT census_original.dv_version FROM census_original  WHERE census_original.dv_create_time = 'NULL' AND census_original.dv_cmdline_args = 'sample' ORDER BY census_original.dv_version LIMIT 100;
2025-07-01T00:05:23.196202,SELECT census_original.dv_create_time FROM census_original  WHERE census_original.dv_version = 'sample' ORDER BY census_original.dv_create_time LIMIT 100;
2025-07-01T00:05:23.375469,"SELECT census_original.dv_cmdline_args, census_original.dv_create_time FROM census_original  WHERE census_original.dv_version = 'sample' AND census_original.dv_create_time = 'NULL' AND census_original.dv_cmdline_args LIKE 'sample' ORDER BY census_original.dv_create_time LIMIT 100;"
2025-07-01T00:05:23.535713,SELECT census_original.dv_cmdline_args FROM census_original  WHERE census_original.dv_create_date <= TIMESTAMP '2022-01-01' ORDER BY census_original.dv_cmdline_args LIMIT 100;
2025-07-01T00:05:23.678521,SELECT census_original.dv_create_date FROM census_original  WHERE census_original.dv_cmdline_args LIKE 'sample' AND census_original.dv_version LIKE 'sample' AND census_original.dv_create_date >= TIMESTAMP '2022-01-01' ORDER BY census_original.dv_create_date LIMIT 100;
2025-07-01T00:05:23.806171,SELECT census_original.dv_create_time FROM census_original  WHERE census_original.dv_version = 'sample' ORDER BY census_original.dv_create_time LIMIT 100;
2025-07-01T00:05:23.921549,SELECT census_original.dv_create_time FROM census_original  WHERE census_original.dv_version = 'sample' ORDER BY census_original.dv_create_time LIMIT 100;
2025-07-01T00:05:24.028028,SELECT census_original.dv_cmdline_args FROM census_original  WHERE census_original.dv_create_date <= TIMESTAMP '2022-01-01' ORDER BY census_original.dv_cmdline_args LIMIT 100;
2025-07-01T00:05:24.129337,SELECT census_original.dv_create_time FROM census_original  WHERE census_original.dv_version = 'sample' ORDER BY census_original.dv_create_time LIMIT 100;
2025-07-01T00:05:24.229409,SELECT census_original.dv_version FROM census_original  WHERE census_original.dv_create_time = 'NULL' AND census_original.dv_cmdline_args = 'sample' ORDER BY census_original.dv_version LIMIT 100;
2025-07-01T00:05:24.332229,SELECT census_original.dv_create_time FROM census_original  WHERE census_original.dv_version = 'sample' ORDER BY census_original.dv_create_time LIMIT 100;
2025-07-01T00:05:24.441671,SELECT census_original.dv_create_date FROM census_original  WHERE census_original.dv_cmdline_args LIKE 'sample' AND census_original.dv_version LIKE 'sample' AND census_original.dv_create_date >= TIMESTAMP '2022-01-01' ORDER BY census_original.dv_create_date LIMIT 100;
2025-07-01T00:05:24.561346,SELECT census_original.dv_version FROM census_original  WHERE census_original.dv_create_time = 'NULL' AND census_original.dv_cmdline_args = 'sample' ORDER BY census_original.dv_version LIMIT 100;
2025-07-01T00:05:24.694455,SELECT census_original.dv_create_date FROM census_original  WHERE census_original.dv_cmdline_args LIKE 'sample' AND census_original.dv_version LIKE 'sample' AND census_original.dv_create_date >= TIMESTAMP '2022-01-01' ORDER BY census_original.dv_create_date LIMIT 100;
2025-07-01T00:05:24.843665,SELECT census_original.dv_cmdline_args FROM census_original  WHERE census_original.dv_create_date <= TIMESTAMP '2022-01-01' ORDER BY census_original.dv_cmdline_args LIMIT 100;
2025-07-01T00:05:25.011002,SELECT census_original.dv_version FROM census_original  WHERE census_original.dv_create_time = 'NULL' AND census_original.dv_cmdline_args = 'sample' ORDER BY census_original.dv_version LIMIT 100;
2025-07-01T00:05:25.197766,SELECT census_original.dv_create_date FROM census_original  WHERE census_original.dv_cmdline_args LIKE 'sample' AND census_original.dv_version LIKE 'sample' AND census_original.dv_create_date >= TIMESTAMP '2022-01-01' ORDER BY census_original.dv_create_date LIMIT 100;
2025-07-01T00:05:25.404487,SELECT census_original.dv_create_date FROM census_original  WHERE census_original.dv_cmdline_args LIKE 'sample' AND census_original.dv_version LIKE 'sample' AND census_original.dv_create_date >= TIMESTAMP '2022-01-01' ORDER BY census_original.dv_create_date LIMIT 100;
2025-07-01T00:05:25.630896,"SELECT census_original.dv_cmdline_args, census_original.dv_create_time FROM census_original  WHERE census_original.dv_version = 'sample' AND census_original.dv_create_time = 'NULL' AND census_original.dv_cmdline_args LIKE 'sample' ORDER BY census_original.dv_create_time LIMIT 100;"
2025-07-01T00:05:25.875940,"SELECT census_original.dv_cmdline_args, census_original.dv_create_time FROM census_original  WHERE census_original.dv_version = 'sample' AND census_original.dv_create_time = 'NULL' AND census_original.dv_cmdline_args LIKE 'sample' ORDER BY census_original.dv_create_time LIMIT 100;"
2025-07-01T00:05:26.137824,SELECT census_original.dv_create_time FROM census_original  WHERE census_original.dv_version = 'sample' ORDER BY census_original.dv_create_time LIMIT 100;
2025-07-01T00:05:26.414079,"SELECT census_original.dv_cmdline_args, census_original.dv_create_time FROM census_original  WHERE census_original.dv_version = 'sample' AND census_original.dv_create_time = 'NULL' AND census_original.dv_cmdline_args LIKE 'sample' ORDER BY census_original.dv_create_time LIMIT 100;"
2025-07-01T00:05:26.701668,SELECT census_original.dv_create_date FROM census_original  WHERE census_original.dv_cmdline_args LIKE 'sample' AND census_original.dv_version LIKE 'sample' AND census_original.dv_create_date >= TIMESTAMP '2022-01-01' ORDER BY census_original.dv_create_date LIMIT 100;
2025-07-01T00:05:26.997096,"SELECT census_original.dv_cmdline_args, census_original.dv_create_time FROM census_original  WHERE census_original.dv_version = 'sample' AND census_original.dv_create_time = 'NULL' AND census_original.dv_cmdline_args LIKE 'sample' ORDER BY census_original.dv_create_time LIMIT 100;"
2025-07-01T00:05:27.296560,SELECT census_original.dv_cmdline_args FROM census_original  WHERE census_original.dv_create_date <= TIMESTAMP '2022-01-01' ORDER BY census_original.dv_cmdline_args LIMIT 100;
2025-07-01T00:05:27.596096,SELECT census_original.dv_create_time FROM census_original  WHERE census_original.dv_version = 'sample' ORDER BY census_original.dv_create_time LIMIT 100;
2025-07-01T00:05:27.891733,SELECT census_original.dv_create_time FROM census_original  WHERE census_original.dv_version = 'sample' ORDER BY census_original.dv_create_time LIMIT 100;
2025-07-01T00:05:28.179661,SELECT census_original.dv_version FROM census_original  WHERE census_original.dv_create_time = 'NULL' AND census_original.dv_cmdline_args = 'sample' ORDER BY census_original.dv_version LIMIT 100;
2025-07-01T00:05:28.456372,SELECT census_original.dv_cmdline_args FROM census_original  WHERE census_original.dv_create_date <= TIMESTAMP '2022-01-01' ORDER BY census_original.dv_cmdline_args LIMIT 100;
2025-07-01T00:05:28.718810,SELECT census_original.dv_create_time FROM census_original  WHERE census_original.dv_version = 'sample' ORDER BY census_original.dv_create_time LIMIT 100;
2025-07-01T00:05:28.964484,SELECT census_original.dv_cmdline_args FROM census_original  WHERE census_original.dv_create_date <= TIMESTAMP '2022-01-01' ORDER BY census_original.dv_cmdline_args LIMIT 100;
2025-07-01T00:05:29.191575,SELECT census_original.dv_create_time FROM census_original  WHERE census_original.dv_version = 'sample' ORDER BY census_original.dv_create_time LIMIT 100;
2025-07-01T00:05:29.399002,SELECT census_original.dv_create_time FROM census_original  WHERE census_original.dv_version = 'sample' ORDER BY census_original.dv_create_time LIMIT 100;
2025-07-01T00:05:29.586468,SELECT census_original.dv_cmdline_args FROM census_original  WHERE census_original.dv_create_date <= TIMESTAMP '2022-01-01' ORDER BY census_original.dv_cmdline_args LIMIT 100;
2025-07-01T00:05:29.754474,SELECT census_original.dv_create_date FROM census_original  WHERE census_original.dv_cmdline_args LIKE 'sample' AND census_original.dv_version LIKE 'sample' AND census_original.dv_create_date >= TIMESTAMP '2022-01-01' ORDER BY census_original.dv_create_date LIMIT 100;
2025-07-01T00:05:29.904295,SELECT census_original.dv_create_date FROM census_original  WHERE census_original.dv_cmdline_args LIKE 'sample' AND census_original.dv_version LIKE 'sample' AND census_original.dv_create_date >= TIMESTAMP '2022-01-01' ORDER BY census_original.dv_create_date LIMIT 100;
2025-07-01T00:05:30.037932,SELECT census_original.dv_create_time FROM census_original  WHERE census_original.dv_version = 'sample' ORDER BY census_original.dv_create_time LIMIT 100;
2025-07-01T00:05:30.158030,SELECT census_original.dv_create_date FROM census_original  WHERE census_original.dv_cmdline_args LIKE 'sample' AND census_original.dv_version LIKE 'sample' AND census_original.dv_create_date >= TIMESTAMP '2022-01-01' ORDER BY census_original.dv_create_date LIMIT 100;
2025-07-01T00:05:30.267774,SELECT census_original.dv_create_date FROM census_original  WHERE census_original.dv_cmdline_args LIKE 'sample' AND census_original.dv_version LIKE 'sample' AND census_original.dv_create_date >= TIMESTAMP '2022-01-01' ORDER BY census_original.dv_create_date LIMIT 100;
2025-07-01T00:05:30.370764,SELECT census_original.dv_cmdline_args FROM census_original  WHERE census_original.dv_create_date <= TIMESTAMP '2022-01-01' ORDER BY census_original.dv_cmdline_args LIMIT 100;
2025-07-01T00:05:30.470865,SELECT census_original.dv_create_time FROM census_original  WHERE census_original.dv_version = 'sample' ORDER BY census_original.dv_create_time LIMIT 100;
2025-07-01T00:05:30.572062,SELECT census_original.dv_cmdline_args FROM census_original  WHERE census_original.dv_create_date <= TIMESTAMP '2022-01-01' ORDER BY census_original.dv_cmdline_args LIMIT 100;
2025-07-01T00:05:30.678293,SELECT census_original.dv_create_date FROM census_original  WHERE census_original.dv_cmdline_args LIKE 'sample' AND census_original.dv_version LIKE 'sample' AND census_original.dv_create_date >= TIMESTAMP '2022-01-01' ORDER BY census_original.dv_create_date LIMIT 100;
2025-07-01T00:05:30.793296,SELECT census_original.dv_version FROM census_original  WHERE census_original.dv_create_time = 'NULL' AND census_original.dv_cmdline_args = 'sample' ORDER BY census_original.dv_version LIMIT 100;
2025-07-01T00:05:30.920460,SELECT census_original.dv_version FROM census_original  WHERE census_original.dv_create_time = 'NULL' AND census_original.dv_cmdline_args = 'sample' ORDER BY census_original.dv_version LIMIT 100;
2025-07-01T00:05:31.062689,SELECT census_original.dv_create_date FROM census_original  WHERE census_original.dv_cmdline_args LIKE 'sample' AND census_original.dv_version LIKE 'sample' AND census_original.dv_create_date >= TIMESTAMP '2022-01-01' ORDER BY census_original.dv_create_date LIMIT 100;
2025-07-01T00:05:31.222285,SELECT census_original.dv_create_date FROM census_original  WHERE census_original.dv_cmdline_args LIKE 'sample' AND census_original.dv_version LIKE 'sample' AND census_original.dv_create_date >= TIMESTAMP '2022-01-01' ORDER BY census_original.dv_create_date LIMIT 100;
2025-07-01T00:05:31.400859,"SELECT census_original.dv_cmdline_args, census_original.dv_create_time FROM census_original  WHERE census_original.dv_version = 'sample' AND census_original.dv_create_time = 'NULL' AND census_original.dv_cmdline_args LIKE 'sample' ORDER BY census_original.dv_create_time LIMIT 100;"
2025-07-01T00:05:31.599267,SELECT census_original.dv_create_time FROM census_original  WHERE census_original.dv_version = 'sample' ORDER BY census_original.dv_create_time LIMIT 100;
2025-07-01T00:05:31.817570,SELECT census_original.dv_cmdline_args FROM census_original  WHERE census_original.dv_create_date <= TIMESTAMP '2022-01-01' ORDER BY census_original.dv_cmdline_args LIMIT 100;
2025-07-01T00:05:32.055041,"SELECT census_original.dv_cmdline_args, census_original.dv_create_time FROM census_original  WHERE census_original.dv_version = 'sample' AND census_original.dv_create_time = 'NULL' AND census_original.dv_cmdline_args LIKE 'sample' ORDER BY census_original.dv_create_time LIMIT 100;"
2025-07-01T00:05:32.310183,"SELECT census_original.dv_cmdline_args, census_original.dv_create_time FROM census_original  WHERE census_original.dv_version = 'sample' AND census_original.dv_create_time = 'NULL' AND census_original.dv_cmdline_args LIKE 'sample' ORDER BY census_original.dv_create_time LIMIT 100;"
2025-07-01T00:05:32.580800,"SELECT census_original.dv_cmdline_args, census_original.dv_create_time FROM census_original  WHERE census_original.dv_version = 'sample' AND census_original.dv_create_time = 'NULL' AND census_original.dv_cmdline_args LIKE 'sample' ORDER BY census_original.dv_create_time LIMIT 100;"
2025-07-01T00:05:32.864076,SELECT census_original.dv_create_date FROM census_original  WHERE census_original.dv_cmdline_args LIKE 'sample' AND census_original.dv_version LIKE 'sample' AND census_original.dv_create_date >= TIMESTAMP '2022-01-01' ORDER BY census_original.dv_create_date LIMIT 100;
2025-07-01T00:05:33.156691,"SELECT census_original.dv_cmdline_args, census_original.dv_create_time FROM census_original  WHERE census_original.dv_version = 'sample' AND census_original.dv_create_time = 'NULL' AND census_original.dv_cmdline_args LIKE 'sample' ORDER BY census_original.dv_create_time LIMIT 100;"
2025-07-01T00:05:33.454953,SELECT census_original.dv_version FROM census_original  WHERE census_original.dv_create_time = 'NULL' AND census_original.dv_cmdline_args = 'sample' ORDER BY census_original.dv_version LIMIT 100;
2025-07-01T00:05:33.754944,SELECT census_original.dv_create_time FROM census_original  WHERE census_original.dv_version = 'sample' ORDER BY census_original.dv_create_time LIMIT 100;
2025-07-01T00:05:34.052678,SELECT census_original.dv_create_date FROM census_original  WHERE census_original.dv_cmdline_args LIKE 'sample' AND census_original.dv_version LIKE 'sample' AND census_original.dv_create_date >= TIMESTAMP '2022-01-01' ORDER BY census_original.dv_create_date LIMIT 100;
2025-07-01T00:05:34.344259,SELECT census_original.dv_create_date FROM census_original  WHERE census_original.dv_cmdline_args LIKE 'sample' AND census_original.dv_version LIKE 'sample' AND census_original.dv_create_date >= TIMESTAMP '2022-01-01' ORDER BY census_original.dv_create_date LIMIT 100;
2025-07-01T00:05:34.626036,SELECT census_original.dv_create_date FROM census_original  WHERE census_original.dv_cmdline_args LIKE 'sample' AND census_original.dv_version LIKE 'sample' AND census_original.dv_create_date >= TIMESTAMP '2022-01-01' ORDER BY census_original.dv_create_date LIMIT 100;
2025-07-01T00:05:34.894748,SELECT census_original.dv_create_time FROM census_original  WHERE census_original.dv_version = 'sample' ORDER BY census_original.dv_create_time LIMIT 100;
2025-07-01T00:05:35.147656,SELECT census_original.dv_create_date FROM census_original  WHERE census_original.dv_cmdline_args LIKE 'sample' AND census_original.dv_version LIKE 'sample' AND census_original.dv_create_date >= TIMESTAMP '2022-01-01' ORDER BY census_original.dv_create_date LIMIT 100;
2025-07-01T00:05:35.382651,SELECT census_original.dv_create_time FROM census_original  WHERE census_original.dv_version = 'sample' ORDER BY census_original.dv_create_time LIMIT 100;
2025-07-01T00:05:35.598338,SELECT census_original.dv_create_date FROM census_original  WHERE census_original.dv_cmdline_args LIKE 'sample' AND census_original.dv_version LIKE 'sample' AND census_original.dv_create_date >= TIMESTAMP '2022-01-01' ORDER BY census_original.dv_create_date LIMIT 100;
2025-07-01T00:05:35.794091,"SELECT census_original.dv_cmdline_args, census_original.dv_create_time FROM census_original  WHERE census_original.dv_version = 'sample' AND census_original.dv_create_time = 'NULL' AND census_original.dv_cmdline_args LIKE 'sample' ORDER BY census_original.dv_create_time LIMIT 100;"
2025-07-01T00:05:35.970080,SELECT census_original.dv_create_date FROM census_original  WHERE census_original.dv_cmdline_args LIKE 'sample' AND census_original.dv_version LIKE 'sample' AND census_original.dv_create_date >= TIMESTAMP '2022-01-01' ORDER BY census_original.dv_create_date LIMIT 100;
2025-07-01T00:05:36.127262,SELECT census_original.dv_version FROM census_original  WHERE census_original.dv_create_time = 'NULL' AND census_original.dv_cmdline_args = 'sample' ORDER BY census_original.dv_version LIMIT 100;
2025-07-01T00:05:36.267344,SELECT census_original.dv_cmdline_args FROM census_original  WHERE census_original.dv_create_date <= TIMESTAMP '2022-01-01' ORDER BY census_original.dv_cmdline_args LIMIT 100;
2025-07-01T00:05:36.392714,SELECT census_original.dv_version FROM census_original  WHERE census_original.dv_create_time = 'NULL' AND census_original.dv_cmdline_args = 'sample' ORDER BY census_original.dv_version LIMIT 100;
2025-07-01T00:05:36.506348,SELECT census_original.dv_create_time FROM census_original  WHERE census_original.dv_version = 'sample' ORDER BY census_original.dv_create_time LIMIT 100;
2025-07-01T00:05:36.611690,SELECT census_original.dv_cmdline_args FROM census_original  WHERE census_original.dv_create_date <= TIMESTAMP '2022-01-01' ORDER BY census_original.dv_cmdline_args LIMIT 100;
2025-07-01T00:05:36.712512,"SELECT census_original.dv_cmdline_args, census_original.dv_create_time FROM census_original  WHERE census_original.dv_version = 'sample' AND census_original.dv_create_time = 'NULL' AND census_original.dv_cmdline_args LIKE 'sample' ORDER BY census_original.dv_create_time LIMIT 100;"
2025-07-01T00:05:36.812769,SELECT census_original.dv_create_time FROM census_original  WHERE census_original.dv_version = 'sample' ORDER BY census_original.dv_create_time LIMIT 100;
2025-07-01T00:05:36.916437,SELECT census_original.dv_version FROM census_original  WHERE census_original.dv_create_time = 'NULL' AND census_original.dv_cmdline_args = 'sample' ORDER BY census_original.dv_version LIMIT 100;
2025-07-01T00:05:37.027356,SELECT census_original.dv_cmdline_args FROM census_original  WHERE census_original.dv_create_date <= TIMESTAMP '2022-01-01' ORDER BY census_original.dv_cmdline_args LIMIT 100;
2025-07-01T00:05:37.149079,SELECT census_original.dv_create_time FROM census_original  WHERE census_original.dv_version = 'sample' ORDER BY census_original.dv_create_time LIMIT 100;
2025-07-01T00:05:37.284725,SELECT census_original.dv_version FROM census_original  WHERE census_original.dv_create_time = 'NULL' AND census_original.dv_cmdline_args = 'sample' ORDER BY census_original.dv_version LIMIT 100;
2025-07-01T00:05:37.436860,"SELECT census_original.dv_cmdline_args, census_original.dv_create_time FROM census_original  WHERE census_original.dv_version = 'sample' AND census_original.dv_create_time = 'NULL' AND census_original.dv_cmdline_args LIKE 'sample' ORDER BY census_original.dv_create_time LIMIT 100;"
2025-07-01T00:05:37.607393,SELECT census_original.dv_version FROM census_original  WHERE census_original.dv_create_time = 'NULL' AND census_original.dv_cmdline_args = 'sample' ORDER BY census_original.dv_version LIMIT 100;
2025-07-01T00:05:37.797498,SELECT census_original.dv_version FROM census_original  WHERE census_original.dv_create_time = 'NULL' AND census_original.dv_cmdline_args = 'sample' ORDER BY census_original.dv_version LIMIT 100;
2025-07-01T00:05:38.007570,SELECT census_original.dv_create_time FROM census_original  WHERE census_original.dv_version = 'sample' ORDER BY census_original.dv_create_time LIMIT 100;
2025-07-01T00:05:38.237207,SELECT census_original.dv_create_time FROM census_original  WHERE census_original.dv_version = 'sample' ORDER BY census_original.dv_create_time LIMIT 100;
2025-07-01T00:05:38.485227,SELECT census_original.dv_version FROM census_original  WHERE census_original.dv_create_time = 'NULL' AND census_original.dv_cmdline_args = 'sample' ORDER BY census_original.dv_version LIMIT 100;
2025-07-01T00:05:38.749717,"SELECT census_original.dv_cmdline_args, census_original.dv_create_time FROM census_original  WHERE census_original.dv_version = 'sample' AND census_original.dv_create_time = 'NULL' AND census_original.dv_cmdline_args LIKE 'sample' ORDER BY census_original.dv_create_time LIMIT 100;"
2025-07-01T00:05:39.028105,SELECT census_original.dv_create_time FROM census_original  WHERE census_original.dv_version = 'sample' ORDER BY census_original.dv_create_time LIMIT 100;
2025-07-01T00:05:39.317266,SELECT census_original.dv_cmdline_args FROM census_original  WHERE census_original.dv_create_date <= TIMESTAMP '2022-01-01' ORDER BY census_original.dv_cmdline_args LIMIT 100;
2025-07-01T00:05:39.613645,SELECT census_original.dv_version FROM census_original  WHERE census_original.dv_create_time = 'NULL' AND census_original.dv_cmdline_args = 'sample' ORDER BY census_original.dv_version LIMIT 100;
2025-07-01T00:05:39.913401,SELECT census_original.dv_create_time FROM census_original  WHERE census_original.dv_version = 'sample' ORDER BY census_original.dv_create_time LIMIT 100;
2025-07-01T00:05:40.212556,"SELECT census_original.dv_cmdline_args, census_original.dv_create_time FROM census_original  WHERE census_original.dv_version = 'sample' AND census_original.dv_create_time = 'NULL' AND census_original.dv_cmdline_args LIKE 'sample' ORDER BY census_original.dv_create_time LIMIT 100;"
2025-07-01T00:05:40.507157,SELECT census_original.dv_create_time FROM census_original  WHERE census_original.dv_version = 'sample' ORDER BY census_original.dv_create_time LIMIT 100;
2025-07-01T00:05:40.793433,"SELECT census_original.dv_cmdline_args, census_original.dv_create_time FROM census_original  WHERE census_original.dv_version = 'sample' AND census_original.dv_create_time = 'NULL' AND census_original.dv_cmdline_args LIKE 'sample' ORDER BY census_original.dv_create_time LIMIT 100;"
2025-07-01T00:05:41.067945,SELECT census_original.dv_cmdline_args FROM census_original  WHERE census_original.dv_create_date <= TIMESTAMP '2022-01-01' ORDER BY census_original.dv_cmdline_args LIMIT 100;
2025-07-01T00:05:41.327721,SELECT census_original.dv_version FROM census_original  WHERE census_original.dv_create_time = 'NULL' AND census_original.dv_cmdline_args = 'sample' ORDER BY census_original.dv_version LIMIT 100;
2025-07-01T00:05:41.570378,SELECT census_original.dv_version FROM census_original  WHERE census_original.dv_create_time = 'NULL' AND census_original.dv_cmdline_args = 'sample' ORDER BY census_original.dv_version LIMIT 100;
2025-07-01T00:05:41.794217,"SELECT census_original.dv_cmdline_args, census_original.dv_create_time FROM census_original  WHERE census_original.dv_version = 'sample' AND census_original.dv_create_time = 'NULL' AND census_original.dv_cmdline_args LIKE 'sample' ORDER BY census_original.dv_create_time LIMIT 100;"
2025-07-01T00:05:41.998286,SELECT census_original.dv_create_date FROM census_original  WHERE census_original.dv_cmdline_args LIKE 'sample' AND census_original.dv_version LIKE 'sample' AND census_original.dv_create_date >= TIMESTAMP '2022-01-01' ORDER BY census_original.dv_create_date LIMIT 100;
2025-07-01T00:05:42.182424,"SELECT census_original.dv_cmdline_args, census_original.dv_create_time FROM census_original  WHERE census_original.dv_version = 'sample' AND census_original.dv_create_time = 'NULL' AND census_original.dv_cmdline_args LIKE 'sample' ORDER BY census_original.dv_create_time LIMIT 100;"
2025-07-01T00:05:42.347263,SELECT census_original.dv_version FROM census_original  WHERE census_original.dv_create_time = 'NULL' AND census_original.dv_cmdline_args = 'sample' ORDER BY census_original.dv_version LIMIT 100;
2025-07-01T00:05:42.494204,SELECT census_original.dv_create_date FROM census_original  WHERE census_original.dv_cmdline_args LIKE 'sample' AND census_original.dv_version LIKE 'sample' AND census_original.dv_create_date >= TIMESTAMP '2022-01-01' ORDER BY census_original.dv_create_date LIMIT 100;
2025-07-01T00:05:42.625363,SELECT census_original.dv_cmdline_args FROM census_original  WHERE census_original.dv_create_date <= TIMESTAMP '2022-01-01' ORDER BY census_original.dv_cmdline_args LIMIT 100;
2025-07-01T00:05:42.743484,SELECT census_original.dv_create_time FROM census_original  WHERE census_original.dv_version = 'sample' ORDER BY census_original.dv_create_time LIMIT 100;
2025-07-01T00:05:42.851832,SELECT census_original.dv_create_time FROM census_original  WHERE census_original.dv_version = 'sample' ORDER BY census_original.dv_create_time LIMIT 100;
2025-07-01T00:05:42.954060,"SELECT census_original.dv_cmdline_args, census_original.dv_create_time FROM census_original  WHERE census_original.dv_version = 'sample' AND census_original.dv_create_time = 'NULL' AND census_original.dv_cmdline_args LIKE 'sample' ORDER BY census_original.dv_create_time LIMIT 100;"
2025-07-01T00:05:43.054067,SELECT census_original.dv_cmdline_args FROM census_original  WHERE census_original.dv_create_date <= TIMESTAMP '2022-01-01' ORDER BY census_original.dv_cmdline_args LIMIT 100;
2025-07-01T00:05:43.155838,SELECT census_original.dv_create_time FROM census_original  WHERE census_original.dv_version = 'sample' ORDER BY census_original.dv_create_time LIMIT 100;
2025-07-01T00:05:43.263290,SELECT census_original.dv_create_time FROM census_original  WHERE census_original.dv_version = 'sample' ORDER BY census_original.dv_create_time LIMIT 100;
2025-07-01T00:05:43.380113,SELECT census_original.dv_create_time FROM census_original  WHERE census_original.dv_version = 'sample' ORDER BY census_original.dv_create_time LIMIT 100;
2025-07-01T00:05:43.509622,"SELECT census_original.dv_cmdline_args, census_original.dv_create_time FROM census_original  WHERE census_original.dv_version = 'sample' AND census_original.dv_create_time = 'NULL' AND census_original.dv_cmdline_args LIKE 'sample' ORDER BY census_original.dv_create_time LIMIT 100;"
2025-07-01T00:05:43.654627,SELECT census_original.dv_create_date FROM census_original  WHERE census_original.dv_cmdline_args LIKE 'sample' AND census_original.dv_version LIKE 'sample' AND census_original.dv_create_date >= TIMESTAMP '2022-01-01' ORDER BY census_original.dv_create_date LIMIT 100;
2025-07-01T00:05:43.817322,SELECT census_original.dv_cmdline_args FROM census_original  WHERE census_original.dv_create_date <= TIMESTAMP '2022-01-01' ORDER BY census_original.dv_cmdline_args LIMIT 100;
2025-07-01T00:05:43.999193,SELECT census_original.dv_cmdline_args FROM census_original  WHERE census_original.dv_create_date <= TIMESTAMP '2022-01-01' ORDER BY census_original.dv_cmdline_args LIMIT 100;
2025-07-01T00:05:44.200963,SELECT census_original.dv_create_date FROM census_original  WHERE census_original.dv_cmdline_args LIKE 'sample' AND census_original.dv_version LIKE 'sample' AND census_original.dv_create_date >= TIMESTAMP '2022-01-01' ORDER BY census_original.dv_create_date LIMIT 100;
2025-07-01T00:05:44.422562,"SELECT census_original.dv_cmdline_args, census_original.dv_create_time FROM census_original  WHERE census_original.dv_version = 'sample' AND census_original.dv_create_time = 'NULL' AND census_original.dv_cmdline_args LIKE 'sample' ORDER BY census_original.dv_create_time LIMIT 100;"
2025-07-01T00:05:44.663128,SELECT census_original.dv_create_date FROM census_original  WHERE census_original.dv_cmdline_args LIKE 'sample' AND census_original.dv_version LIKE 'sample' AND census_original.dv_create_date >= TIMESTAMP '2022-01-01' ORDER BY census_original.dv_create_date LIMIT 100;
2025-07-01T00:05:44.921044,SELECT census_original.dv_version FROM census_original  WHERE census_original.dv_create_time = 'NULL' AND census_original.dv_cmdline_args = 'sample' ORDER BY census_original.dv_version LIMIT 100;
2025-07-01T00:05:45.194002,SELECT census_original.dv_cmdline_args FROM census_original  WHERE census_original.dv_create_date <= TIMESTAMP '2022-01-01' ORDER BY census_original.dv_cmdline_args LIMIT 100;
2025-07-01T00:05:45.479093,SELECT census_original.dv_create_time FROM census_original  WHERE census_original.dv_version = 'sample' ORDER BY census_original.dv_create_time LIMIT 100;
2025-07-01T00:05:45.772923,SELECT census_original.dv_create_time FROM census_original  WHERE census_original.dv_version = 'sample' ORDER BY census_original.dv_create_time LIMIT 100;
2025-07-01T00:05:46.071754,SELECT census_original.dv_create_time FROM census_original  WHERE census_original.dv_version = 'sample' ORDER BY census_original.dv_create_time LIMIT 100;
2025-07-01T00:05:46.371644,SELECT census_original.dv_cmdline_args FROM census_original  WHERE census_original.dv_create_date <= TIMESTAMP '2022-01-01' ORDER BY census_original.dv_cmdline_args LIMIT 100;
2025-07-01T00:05:46.668611,SELECT census_original.dv_create_time FROM census_original  WHERE census_original.dv_version = 'sample' ORDER BY census_original.dv_create_time LIMIT 100;
2025-07-01T00:05:46.958790,SELECT census_original.dv_create_date FROM census_original  WHERE census_original.dv_cmdline_args LIKE 'sample' AND census_original.dv_version LIKE 'sample' AND census_original.dv_create_date >= TIMESTAMP '2022-01-01' ORDER BY census_original.dv_create_date LIMIT 100;
2025-07-01T00:05:47.238585,SELECT census_original.dv_version FROM census_original  WHERE census_original.dv_create_time = 'NULL' AND census_original.dv_cmdline_args = 'sample' ORDER BY census_original.dv_version LIMIT 100;
2025-07-01T00:05:47.504815,"SELECT census_original.dv_cmdline_args, census_original.dv_create_time FROM census_original  WHERE census_original.dv_version = 'sample' AND census_original.dv_create_time = 'NULL' AND census_original.dv_cmdline_args LIKE 'sample' ORDER BY census_original.dv_create_time LIMIT 100;"
2025-07-01T00:05:47.754841,SELECT census_original.dv_version FROM census_original  WHERE census_original.dv_create_time = 'NULL' AND census_original.dv_cmdline_args = 'sample' ORDER BY census_original.dv_version LIMIT 100;
2025-07-01T00:05:47.986666,SELECT census_original.dv_create_time FROM census_original  WHERE census_original.dv_version = 'sample' ORDER BY census_original.dv_create_time LIMIT 100;
2025-07-01T00:05:48.199024,SELECT census_original.dv_version FROM census_original  WHERE census_original.dv_create_time = 'NULL' AND census_original.dv_cmdline_args = 'sample' ORDER BY census_original.dv_version LIMIT 100;
2025-07-01T00:05:48.391420,SELECT census_original.dv_version FROM census_original  WHERE census_original.dv_create_time = 'NULL' AND census_original.dv_cmdline_args = 'sample' ORDER BY census_original.dv_version LIMIT 100;
2025-07-01T00:05:48.564158,"SELECT census_original.dv_cmdline_args, census_original.dv_create_time FROM census_original  WHERE census_original.dv_version = 'sample' AND census_original.dv_create_time = 'NULL' AND census_original.dv_cmdline_args LIKE 'sample' ORDER BY census_original.dv_create_time LIMIT 100;"
2025-07-01T00:05:48.718326,SELECT census_original.dv_cmdline_args FROM census_original  WHERE census_original.dv_create_date <= TIMESTAMP '2022-01-01' ORDER BY census_original.dv_cmdline_args LIMIT 100;
2025-07-01T00:05:48.855750,SELECT census_original.dv_create_time FROM census_original  WHERE census_original.dv_version = 'sample' ORDER BY census_original.dv_create_time LIMIT 100;
2025-07-01T00:05:48.978924,SELECT census_original.dv_cmdline_args FROM census_original  WHERE census_original.dv_create_date <= TIMESTAMP '2022-01-01' ORDER BY census_original.dv_cmdline_args LIMIT 100;
2025-07-01T00:05:49.090912,SELECT census_original.dv_version FROM census_original  WHERE census_original.dv_create_time = 'NULL' AND census_original.dv_cmdline_args = 'sample' ORDER BY census_original.dv_version LIMIT 100;
2025-07-01T00:05:49.195223,SELECT census_original.dv_create_time FROM census_original  WHERE census_original.dv_version = 'sample' ORDER BY census_original.dv_create_time LIMIT 100;
2025-07-01T00:05:49.295671,SELECT census_original.dv_version FROM census_original  WHERE census_original.dv_create_time = 'NULL' AND census_original.dv_cmdline_args = 'sample' ORDER BY census_original.dv_version LIMIT 100;
2025-07-01T00:05:49.396225,SELECT census_original.dv_version FROM census_original  WHERE census_original.dv_create_time = 'NULL' AND census_original.dv_cmdline_args = 'sample' ORDER BY census_original.dv_version LIMIT 100;
2025-07-01T00:05:49.500850,"SELECT census_original.dv_cmdline_args, census_original.dv_create_time FROM census_original  WHERE census_original.dv_version = 'sample' AND census_original.dv_create_time = 'NULL' AND census_original.dv_cmdline_args LIKE 'sample' ORDER BY census_original.dv_create_time LIMIT 100;"
2025-07-01T00:05:49.613347,SELECT census_original.dv_version FROM census_original  WHERE census_original.dv_create_time = 'NULL' AND census_original.dv_cmdline_args = 'sample' ORDER BY census_original.dv_version LIMIT 100;
2025-07-01T00:05:49.737207,SELECT census_original.dv_version FROM census_original  WHERE census_original.dv_create_time = 'NULL' AND census_original.dv_cmdline_args = 'sample' ORDER BY census_original.dv_version LIMIT 100;
2025-07-01T00:05:49.875463,SELECT census_original.dv_create_date FROM census_original  WHERE census_original.dv_cmdline_args LIKE 'sample' AND census_original.dv_version LIKE 'sample' AND census_original.dv_create_date >= TIMESTAMP '2022-01-01' ORDER BY census_original.dv_create_date LIMIT 100;
2025-07-01T00:05:50.030577,SELECT census_original.dv_create_date FROM census_original  WHERE census_original.dv_cmdline_args LIKE 'sample' AND census_original.dv_version LIKE 'sample' AND census_original.dv_create_date >= TIMESTAMP '2022-01-01' ORDER BY census_original.dv_create_date LIMIT 100;
2025-07-01T00:05:50.204340,SELECT census_original.dv_create_time FROM census_original  WHERE census_original.dv_version = 'sample' ORDER BY census_original.dv_create_time LIMIT 100;
2025-07-01T00:05:50.397796,SELECT census_original.dv_cmdline_args FROM census_original  WHERE census_original.dv_create_date <= TIMESTAMP '2022-01-01' ORDER BY census_original.dv_cmdline_args LIMIT 100;
2025-07-01T00:05:50.611207,"SELECT census_original.dv_cmdline_args, census_original.dv_create_time FROM census_original  WHERE census_original.dv_version = 'sample' AND census_original.dv_create_time = 'NULL' AND census_original.dv_cmdline_args LIKE 'sample' ORDER BY census_original.dv_create_time LIMIT 100;"
2025-07-01T00:05:50.844039,SELECT census_original.dv_cmdline_args FROM census_original  WHERE census_original.dv_create_date <= TIMESTAMP '2022-01-01' ORDER BY census_original.dv_cmdline_args LIMIT 100;
2025-07-01T00:05:51.094981,SELECT census_original.dv_create_time FROM census_original  WHERE census_original.dv_version = 'sample' ORDER BY census_original.dv_create_time LIMIT 100;
2025-07-01T00:05:51.362004,SELECT census_original.dv_cmdline_args FROM census_original  WHERE census_original.dv_create_date <= TIMESTAMP '2022-01-01' ORDER BY census_original.dv_cmdline_args LIMIT 100;
2025-07-01T00:05:51.642436,"SELECT census_original.dv_cmdline_args, census_original.dv_create_time FROM census_original  WHERE census_original.dv_version = 'sample' AND census_original.dv_create_time = 'NULL' AND census_original.dv_cmdline_args LIKE 'sample' ORDER BY census_original.dv_create_time LIMIT 100;"
2025-07-01T00:05:51.933069,SELECT census_original.dv_version FROM census_original  WHERE census_original.dv_create_time = 'NULL' AND census_original.dv_cmdline_args = 'sample' ORDER BY census_original.dv_version LIMIT 100;
2025-07-01T00:05:52.230290,"SELECT census_original.dv_cmdline_args, census_original.dv_create_time FROM census_original  WHERE census_original.dv_version = 'sample' AND census_original.dv_create_time = 'NULL' AND census_original.dv_cmdline_args LIKE 'sample' ORDER BY census_original.dv_create_time LIMIT 100;"
2025-07-01T00:05:52.530224,SELECT census_original.dv_create_date FROM census_original  WHERE census_original.dv_cmdline_args LIKE 'sample' AND census_original.dv_version LIKE 'sample' AND census_original.dv_create_date >= TIMESTAMP '2022-01-01' ORDER BY census_original.dv_create_date LIMIT 100;
2025-07-01T00:05:52.828887,"SELECT census_original.dv_cmdline_args, census_original.dv_create_time FROM census_original  WHERE census_original.dv_version = 'sample' AND census_original.dv_create_time = 'NULL' AND census_original.dv_cmdline_args LIKE 'sample' ORDER BY census_original.dv_create_time LIMIT 100;"
2025-07-01T00:05:53.122345,SELECT census_original.dv_create_date FROM census_original  WHERE census_original.dv_cmdline_args LIKE 'sample' AND census_original.dv_version LIKE 'sample' AND census_original.dv_create_date >= TIMESTAMP '2022-01-01' ORDER BY census_original.dv_create_date LIMIT 100;
2025-07-01T00:05:53.406872,SELECT census_original.dv_version FROM census_original  WHERE census_original.dv_create_time = 'NULL' AND census_original.dv_cmdline_args = 'sample' ORDER BY census_original.dv_version LIMIT 100;
2025-07-01T00:05:53.679099,SELECT census_original.dv_version FROM census_original  WHERE census_original.dv_create_time = 'NULL' AND census_original.dv_cmdline_args = 'sample' ORDER BY census_original.dv_version LIMIT 100;
2025-07-01T00:05:53.936146,SELECT census_original.dv_cmdline_args FROM census_original  WHERE census_original.dv_create_date <= TIMESTAMP '2022-01-01' ORDER BY census_original.dv_cmdline_args LIMIT 100;
2025-07-01T00:05:54.175738,SELECT census_original.dv_create_date FROM census_original  WHERE census_original.dv_cmdline_args LIKE 'sample' AND census_original.dv_version LIKE 'sample' AND census_original.dv_create_date >= TIMESTAMP '2022-01-01' ORDER BY census_original.dv_create_date LIMIT 100;
2025-07-01T00:05:54.396298,SELECT census_original.dv_version FROM census_original  WHERE census_original.dv_create_time = 'NULL' AND census_original.dv_cmdline_args = 'sample' ORDER BY census_original.dv_version LIMIT 100;
2025-07-01T00:05:54.597006,SELECT census_original.dv_version FROM census_original  WHERE census_original.dv_create_time = 'NULL' AND census_original.dv_cmdline_args = 'sample' ORDER BY census_original.dv_version LIMIT 100;
2025-07-01T00:05:54.777833,"SELECT census_original.dv_cmdline_args, census_original.dv_create_time FROM census_original  WHERE census_original.dv_version = 'sample' AND census_original.dv_create_time = 'NULL' AND census_original.dv_cmdline_args LIKE 'sample' ORDER BY census_original.dv_create_time LIMIT 100;"
2025-07-01T00:05:54.939543,SELECT census_original.dv_version FROM census_original  WHERE census_original.dv_create_time = 'NULL' AND census_original.dv_cmdline_args = 'sample' ORDER BY census_original.dv_version LIMIT 100;
2025-07-01T00:05:55.083665,SELECT census_original.dv_create_time FROM census_original  WHERE census_original.dv_version = 'sample' ORDER BY census_original.dv_create_time LIMIT 100;
2025-07-01T00:05:55.212424,SELECT census_original.dv_cmdline_args FROM census_original  WHERE census_original.dv_create_date <= TIMESTAMP '2022-01-01' ORDER BY census_original.dv_cmdline_args LIMIT 100;
2025-07-01T00:05:55.328661,SELECT census_original.dv_create_time FROM census_original  WHERE census_original.dv_version = 'sample' ORDER BY census_original.dv_create_time LIMIT 100;
2025-07-01T00:05:55.435716,SELECT census_original.dv_create_time FROM census_original  WHERE census_original.dv_version = 'sample' ORDER BY census_original.dv_create_time LIMIT 100;
2025-07-01T00:05:55.537294,SELECT census_original.dv_create_date FROM census_original  WHERE census_original.dv_cmdline_args LIKE 'sample' AND census_original.dv_version LIKE 'sample' AND census_original.dv_create_date >= TIMESTAMP '2022-01-01' ORDER BY census_original.dv_create_date LIMIT 100;
2025-07-01T00:05:55.637318,SELECT census_original.dv_version FROM census_original  WHERE census_original.dv_create_time = 'NULL' AND census_original.dv_cmdline_args = 'sample' ORDER BY census_original.dv_version LIMIT 100;
2025-07-01T00:05:55.739775,SELECT census_original.dv_create_time FROM census_original  WHERE census_original.dv_version = 'sample' ORDER BY census_original.dv_create_time LIMIT 100;
2025-07-01T00:05:55.848553,SELECT census_original.dv_cmdline_args FROM census_original  WHERE census_original.dv_create_date <= TIMESTAMP '2022-01-01' ORDER BY census_original.dv_cmdline_args LIMIT 100;
2025-07-01T00:05:55.967289,SELECT census_original.dv_cmdline_args FROM census_original  WHERE census_original.dv_create_date <= TIMESTAMP '2022-01-01' ORDER BY census_original.dv_cmdline_args LIMIT 100;
2025-07-01T00:05:56.099223,SELECT census_original.dv_cmdline_args FROM census_original  WHERE census_original.dv_create_date <= TIMESTAMP '2022-01-01' ORDER BY census_original.dv_cmdline_args LIMIT 100;
2025-07-01T00:05:56.247068,"SELECT census_original.dv_cmdline_args, census_original.dv_create_time FROM census_original  WHERE census_original.dv_version = 'sample' AND census_original.dv_create_time = 'NULL' AND census_original.dv_cmdline_args LIKE 'sample' ORDER BY census_original.dv_create_time LIMIT 100;"
2025-07-01T00:05:56.412903,SELECT census_original.dv_cmdline_args FROM census_original  WHERE census_original.dv_create_date <= TIMESTAMP '2022-01-01' ORDER BY census_original.dv_cmdline_args LIMIT 100;
2025-07-01T00:05:56.598091,SELECT census_original.dv_version FROM census_original  WHERE census_original.dv_create_time = 'NULL' AND census_original.dv_cmdline_args = 'sample' ORDER BY census_original.dv_version LIMIT 100;
2025-07-01T00:05:56.803222,SELECT census_original.dv_version FROM census_original  WHERE census_original.dv_create_time = 'NULL' AND census_original.dv_cmdline_args = 'sample' ORDER BY census_original.dv_version LIMIT 100;
2025-07-01T00:05:57.028091,SELECT census_original.dv_create_time FROM census_original  WHERE census_original.dv_version = 'sample' ORDER BY census_original.dv_create_time LIMIT 100;
2025-07-01T00:05:57.271708,SELECT census_original.dv_version FROM census_original  WHERE census_original.dv_create_time = 'NULL' AND census_original.dv_cmdline_args = 'sample' ORDER BY census_original.dv_version LIMIT 100;
2025-07-01T00:05:57.532332,SELECT census_original.dv_create_date FROM census_original  WHERE census_original.dv_cmdline_args LIKE 'sample' AND census_original.dv_version LIKE 'sample' AND census_original.dv_create_date >= TIMESTAMP '2022-01-01' ORDER BY census_original.dv_create_date LIMIT 100;
2025-07-01T00:05:57.807548,SELECT census_original.dv_version FROM census_original  WHERE census_original.dv_create_time = 'NULL' AND census_original.dv_cmdline_args = 'sample' ORDER BY census_original.dv_version LIMIT 100;
2025-07-01T00:05:58.094357,SELECT census_original.dv_create_time FROM census_original  WHERE census_original.dv_version = 'sample' ORDER BY census_original.dv_create_time LIMIT 100;
2025-07-01T00:05:58.389297,SELECT census_original.dv_cmdline_args FROM census_original  WHERE census_original.dv_create_date <= TIMESTAMP '2022-01-01' ORDER BY census_original.dv_cmdline_args LIMIT 100;
2025-07-01T00:05:58.688585,"SELECT census_original.dv_cmdline_args, census_original.dv_create_time FROM census_original  WHERE census_original.dv_version = 'sample' AND census_original.dv_create_time = 'NULL' AND census_original.dv_cmdline_args LIKE 'sample' ORDER BY census_original.dv_create_time LIMIT 100;"
2025-07-01T00:05:58.988260,SELECT census_original.dv_create_date FROM census_original  WHERE census_original.dv_cmdline_args LIKE 'sample' AND census_original.dv_version LIKE 'sample' AND census_original.dv_create_date >= TIMESTAMP '2022-01-01' ORDER BY census_original.dv_create_date LIMIT 100;
2025-07-01T00:05:59.284351,SELECT census_original.dv_create_date FROM census_original  WHERE census_original.dv_cmdline_args LIKE 'sample' AND census_original.dv_version LIKE 'sample' AND census_original.dv_create_date >= TIMESTAMP '2022-01-01' ORDER BY census_original.dv_create_date LIMIT 100;
2025-07-01T00:05:59.573026,SELECT census_original.dv_version FROM census_original  WHERE census_original.dv_create_time = 'NULL' AND census_original.dv_cmdline_args = 'sample' ORDER BY census_original.dv_version LIMIT 100;
2025-07-01T00:05:59.850749,SELECT census_original.dv_cmdline_args FROM census_original  WHERE census_original.dv_create_date <= TIMESTAMP '2022-01-01' ORDER BY census_original.dv_cmdline_args LIMIT 100;
2025-07-01T00:06:00.114423,SELECT census_original.dv_create_date FROM census_original  WHERE census_original.dv_cmdline_args LIKE 'sample' AND census_original.dv_version LIKE 'sample' AND census_original.dv_create_date >= TIMESTAMP '2022-01-01' ORDER BY census_original.dv_create_date LIMIT 100;
2025-07-01T00:06:00.361509,"SELECT census_original.dv_cmdline_args, census_original.dv_create_time FROM census_original  WHERE census_original.dv_version = 'sample' AND census_original.dv_create_time = 'NULL' AND census_original.dv_cmdline_args LIKE 'sample' ORDER BY census_original.dv_create_time LIMIT 100;"
2025-07-01T00:06:00.590129,SELECT census_original.dv_create_time FROM census_original  WHERE census_original.dv_version = 'sample' ORDER BY census_original.dv_create_time LIMIT 100;
2025-07-01T00:06:00.799143,SELECT census_original.dv_create_date FROM census_original  WHERE census_original.dv_cmdline_args LIKE 'sample' AND census_original.dv_version LIKE 'sample' AND census_original.dv_create_date >= TIMESTAMP '2022-01-01' ORDER BY census_original.dv_create_date LIMIT 100;
2025-07-01T00:06:00.988191,SELECT census_original.dv_create_time FROM census_original  WHERE census_original.dv_version = 'sample' ORDER BY census_original.dv_create_time LIMIT 100;
2025-07-01T00:06:01.157710,SELECT census_original.dv_create_time FROM census_original  WHERE census_original.dv_version = 'sample' ORDER BY census_original.dv_create_time LIMIT 100;
2025-07-01T00:06:01.308915,"SELECT census_original.dv_cmdline_args, census_original.dv_create_time FROM census_original  WHERE census_original.dv_version = 'sample' AND census_original.dv_create_time = 'NULL' AND census_original.dv_cmdline_args LIKE 'sample' ORDER BY census_original.dv_create_time LIMIT 100;"
2025-07-01T00:06:01.443751,SELECT census_original.dv_version FROM census_original  WHERE census_original.dv_create_time = 'NULL' AND census_original.dv_cmdline_args = 'sample' ORDER BY census_original.dv_version LIMIT 100;
2025-07-01T00:06:01.564817,SELECT census_original.dv_cmdline_args FROM census_original  WHERE census_original.dv_create_date <= TIMESTAMP '2022-01-01' ORDER BY census_original.dv_cmdline_args LIMIT 100;
2025-07-01T00:06:01.675258,SELECT census_original.dv_version FROM census_original  WHERE census_original.dv_create_time = 'NULL' AND census_original.dv_cmdline_args = 'sample' ORDER BY census_original.dv_version LIMIT 100;
2025-07-01T00:06:01.778647,SELECT census_original.dv_create_time FROM census_original  WHERE census_original.dv_version = 'sample' ORDER BY census_original.dv_create_time LIMIT 100;
2025-07-01T00:06:01.878833,"SELECT census_original.dv_cmdline_args, census_original.dv_create_time FROM census_original  WHERE census_original.dv_version = 'sample' AND census_original.dv_create_time = 'NULL' AND census_original.dv_cmdline_args LIKE 'sample' ORDER BY census_original.dv_create_time LIMIT 100;"
2025-07-01T00:06:01.979797,SELECT census_original.dv_create_time FROM census_original  WHERE census_original.dv_version = 'sample' ORDER BY census_original.dv_create_time LIMIT 100;
2025-07-01T00:06:02.085486,SELECT census_original.dv_create_date FROM census_original  WHERE census_original.dv_cmdline_args LIKE 'sample' AND census_original.dv_version LIKE 'sample' AND census_original.dv_create_date >= TIMESTAMP '2022-01-01' ORDER BY census_original.dv_create_date LIMIT 100;
2025-07-01T00:06:02.199661,"SELECT census_original.dv_cmdline_args, census_original.dv_create_time FROM census_original  WHERE census_original.dv_version = 'sample' AND census_original.dv_create_time = 'NULL' AND census_original.dv_cmdline_args LIKE 'sample' ORDER BY census_original.dv_create_time LIMIT 100;"
2025-07-01T00:06:02.325743,SELECT census_original.dv_create_date FROM census_original  WHERE census_original.dv_cmdline_args LIKE 'sample' AND census_original.dv_version LIKE 'sample' AND census_original.dv_create_date >= TIMESTAMP '2022-01-01' ORDER BY census_original.dv_create_date LIMIT 100;
2025-07-01T00:06:02.466679,SELECT census_original.dv_cmdline_args FROM census_original  WHERE census_original.dv_create_date <= TIMESTAMP '2022-01-01' ORDER BY census_original.dv_cmdline_args LIMIT 100;
2025-07-01T00:06:02.624823,SELECT census_original.dv_create_time FROM census_original  WHERE census_original.dv_version = 'sample' ORDER BY census_original.dv_create_time LIMIT 100;
2025-07-01T00:06:02.801845,SELECT census_original.dv_create_time FROM census_original  WHERE census_original.dv_version = 'sample' ORDER BY census_original.dv_create_time LIMIT 100;
2025-07-01T00:06:02.998660,SELECT census_original.dv_create_date FROM census_original  WHERE census_original.dv_cmdline_args LIKE 'sample' AND census_original.dv_version LIKE 'sample' AND census_original.dv_create_date >= TIMESTAMP '2022-01-01' ORDER BY census_original.dv_create_date LIMIT 100;
2025-07-01T00:06:03.215396,SELECT census_original.dv_version FROM census_original  WHERE census_original.dv_create_time = 'NULL' AND census_original.dv_cmdline_args = 'sample' ORDER BY census_original.dv_version LIMIT 100;
2025-07-01T00:06:03.451385,SELECT census_original.dv_create_date FROM census_original  WHERE census_original.dv_cmdline_args LIKE 'sample' AND census_original.dv_version LIKE 'sample' AND census_original.dv_create_date >= TIMESTAMP '2022-01-01' ORDER BY census_original.dv_create_date LIMIT 100;
2025-07-01T00:06:03.705192,"SELECT census_original.dv_cmdline_args, census_original.dv_create_time FROM census_original  WHERE census_original.dv_version = 'sample' AND census_original.dv_create_time = 'NULL' AND census_original.dv_cmdline_args LIKE 'sample' ORDER BY census_original.dv_create_time LIMIT 100;"
2025-07-01T00:06:03.974672,SELECT census_original.dv_version FROM census_original  WHERE census_original.dv_create_time = 'NULL' AND census_original.dv_cmdline_args = 'sample' ORDER BY census_original.dv_version LIMIT 100;
2025-07-01T00:06:04.257056,SELECT census_original.dv_create_time FROM census_original  WHERE census_original.dv_version = 'sample' ORDER BY census_original.dv_create_time LIMIT 100;
2025-07-01T00:06:04.549058,SELECT census_original.dv_create_date FROM census_original  WHERE census_original.dv_cmdline_args LIKE 'sample' AND census_original.dv_version LIKE 'sample' AND census_original.dv_create_date >= TIMESTAMP '2022-01-01' ORDER BY census_original.dv_create_date LIMIT 100;
2025-07-01T00:06:04.847012,SELECT census_original.dv_create_date FROM census_original  WHERE census_original.dv_cmdline_args LIKE 'sample' AND census_original.dv_version LIKE 'sample' AND census_original.dv_create_date >= TIMESTAMP '2022-01-01' ORDER BY census_original.dv_create_date LIMIT 100;
2025-07-01T00:06:05.147012,"SELECT census_original.dv_cmdline_args, census_original.dv_create_time FROM census_original  WHERE census_original.dv_version = 'sample' AND census_original.dv_create_time = 'NULL' AND census_original.dv_cmdline_args LIKE 'sample' ORDER BY census_original.dv_create_time LIMIT 100;"
2025-07-01T00:06:05.445071,SELECT census_original.dv_create_time FROM census_original  WHERE census_original.dv_version = 'sample' ORDER BY census_original.dv_create_time LIMIT 100;
2025-07-01T00:06:05.737280,SELECT census_original.dv_create_date FROM census_original  WHERE census_original.dv_cmdline_args LIKE 'sample' AND census_original.dv_version LIKE 'sample' AND census_original.dv_create_date >= TIMESTAMP '2022-01-01' ORDER BY census_original.dv_create_date LIMIT 100;
2025-07-01T00:06:06.019963,SELECT census_original.dv_version FROM census_original  WHERE census_original.dv_create_time = 'NULL' AND census_original.dv_cmdline_args = 'sample' ORDER BY census_original.dv_version LIMIT 100;
2025-07-01T00:06:06.289823,SELECT census_original.dv_create_date FROM census_original  WHERE census_original.dv_cmdline_args LIKE 'sample' AND census_original.dv_version LIKE 'sample' AND census_original.dv_create_date >= TIMESTAMP '2022-01-01' ORDER BY census_original.dv_create_date LIMIT 100;
2025-07-01T00:06:06.544076,"SELECT census_original.dv_cmdline_args, census_original.dv_create_time FROM census_original  WHERE census_original.dv_version = 'sample' AND census_original.dv_create_time = 'NULL' AND census_original.dv_cmdline_args LIKE 'sample' ORDER BY census_original.dv_create_time LIMIT 100;"
2025-07-01T00:06:06.780559,SELECT census_original.dv_create_time FROM census_original  WHERE census_original.dv_version = 'sample' ORDER BY census_original.dv_create_time LIMIT 100;
2025-07-01T00:06:06.997816,SELECT census_original.dv_create_time FROM census_original  WHERE census_original.dv_version = 'sample' ORDER BY census_original.dv_create_time LIMIT 100;
2025-07-01T00:06:07.195161,SELECT census_original.dv_create_time FROM census_original  WHERE census_original.dv_version = 'sample' ORDER BY census_original.dv_create_time LIMIT 100;
2025-07-01T00:06:07.372699,SELECT census_original.dv_version FROM census_original  WHERE census_original.dv_create_time = 'NULL' AND census_original.dv_cmdline_args = 'sample' ORDER BY census_original.dv_version LIMIT 100;
2025-07-01T00:06:07.531325,SELECT census_original.dv_version FROM census_original  WHERE census_original.dv_create_time = 'NULL' AND census_original.dv_cmdline_args = 'sample' ORDER BY census_original.dv_version LIMIT 100;
2025-07-01T00:06:07.672690,SELECT census_original.dv_cmdline_args FROM census_original  WHERE census_original.dv_create_date <= TIMESTAMP '2022-01-01' ORDER BY census_original.dv_cmdline_args LIMIT 100;
2025-07-01T00:06:07.799130,SELECT census_original.dv_version FROM census_original  WHERE census_original.dv_create_time = 'NULL' AND census_original.dv_cmdline_args = 'sample' ORDER BY census_original.dv_version LIMIT 100;
2025-07-01T00:06:07.913578,"SELECT census_original.dv_cmdline_args, census_original.dv_create_time FROM census_original  WHERE census_original.dv_version = 'sample' AND census_original.dv_create_time = 'NULL' AND census_original.dv_cmdline_args LIKE 'sample' ORDER BY census_original.dv_create_time LIMIT 100;"
2025-07-01T00:06:08.019444,SELECT census_original.dv_create_time FROM census_original  WHERE census_original.dv_version = 'sample' ORDER BY census_original.dv_create_time LIMIT 100;
2025-07-01T00:06:08.120483,"SELECT census_original.dv_cmdline_args, census_original.dv_create_time FROM census_original  WHERE census_original.dv_version = 'sample' AND census_original.dv_create_time = 'NULL' AND census_original.dv_cmdline_args LIKE 'sample' ORDER BY census_original.dv_create_time LIMIT 100;"
2025-07-01T00:06:08.220638,"SELECT census_original.dv_cmdline_args, census_original.dv_create_time FROM census_original  WHERE census_original.dv_version = 'sample' AND census_original.dv_create_time = 'NULL' AND census_original.dv_cmdline_args LIKE 'sample' ORDER BY census_original.dv_create_time LIMIT 100;"
2025-07-01T00:06:08.323891,SELECT census_original.dv_version FROM census_original  WHERE census_original.dv_create_time = 'NULL' AND census_original.dv_cmdline_args = 'sample' ORDER BY census_original.dv_version LIMIT 100;
2025-07-01T00:06:08.434098,"SELECT census_original.dv_cmdline_args, census_original.dv_create_time FROM census_original  WHERE census_original.dv_version = 'sample' AND census_original.dv_create_time = 'NULL' AND census_original.dv_cmdline_args LIKE 'sample' ORDER BY census_original.dv_create_time LIMIT 100;"
2025-07-01T00:06:08.554840,SELECT census_original.dv_version FROM census_original  WHERE census_original.dv_create_time = 'NULL' AND census_original.dv_cmdline_args = 'sample' ORDER BY census_original.dv_version LIMIT 100;
2025-07-01T00:06:08.689275,SELECT census_original.dv_cmdline_args FROM census_original  WHERE census_original.dv_create_date <= TIMESTAMP '2022-01-01' ORDER BY census_original.dv_cmdline_args LIMIT 100;
2025-07-01T00:06:08.840018,SELECT census_original.dv_create_date FROM census_original  WHERE census_original.dv_cmdline_args LIKE 'sample' AND census_original.dv_version LIKE 'sample' AND census_original.dv_create_date >= TIMESTAMP '2022-01-01' ORDER BY census_original.dv_create_date LIMIT 100;
2025-07-01T00:06:09.009033,SELECT census_original.dv_create_date FROM census_original  WHERE census_original.dv_cmdline_args LIKE 'sample' AND census_original.dv_version LIKE 'sample' AND census_original.dv_create_date >= TIMESTAMP '2022-01-01' ORDER BY census_original.dv_create_date LIMIT 100;
2025-07-01T00:06:09.197555,SELECT census_original.dv_create_time FROM census_original  WHERE census_original.dv_version = 'sample' ORDER BY census_original.dv_create_time LIMIT 100;
2025-07-01T00:06:09.406040,"SELECT census_original.dv_cmdline_args, census_original.dv_create_time FROM census_original  WHERE census_original.dv_version = 'sample' AND census_original.dv_create_time = 'NULL' AND census_original.dv_cmdline_args LIKE 'sample' ORDER BY census_original.dv_create_time LIMIT 100;"
2025-07-01T00:06:09.634153,SELECT census_original.dv_cmdline_args FROM census_original  WHERE census_original.dv_create_date <= TIMESTAMP '2022-01-01' ORDER BY census_original.dv_cmdline_args LIMIT 100;
2025-07-01T00:06:09.880770,SELECT census_original.dv_version FROM census_original  WHERE census_original.dv_create_time = 'NULL' AND census_original.dv_cmdline_args = 'sample' ORDER BY census_original.dv_version LIMIT 100;
2025-07-01T00:06:10.144034,SELECT census_original.dv_version FROM census_original  WHERE census_original.dv_create_time = 'NULL' AND census_original.dv_cmdline_args = 'sample' ORDER BY census_original.dv_version LIMIT 100;
2025-07-01T00:06:10.421423,SELECT census_original.dv_version FROM census_original  WHERE census_original.dv_create_time = 'NULL' AND census_original.dv_cmdline_args = 'sample' ORDER BY census_original.dv_version LIMIT 100;
2025-07-01T00:06:10.709852,"SELECT census_original.dv_cmdline_args, census_original.dv_create_time FROM census_original  WHERE census_original.dv_version = 'sample' AND census_original.dv_create_time = 'NULL' AND census_original.dv_cmdline_args LIKE 'sample' ORDER BY census_original.dv_create_time LIMIT 100;"
2025-07-01T00:06:11.005795,"SELECT census_original.dv_cmdline_args, census_original.dv_create_time FROM census_original  WHERE census_original.dv_version = 'sample' AND census_original.dv_create_time = 'NULL' AND census_original.dv_cmdline_args LIKE 'sample' ORDER BY census_original.dv_create_time LIMIT 100;"
2025-07-01T00:06:11.305426,SELECT census_original.dv_version FROM census_original  WHERE census_original.dv_create_time = 'NULL' AND census_original.dv_cmdline_args = 'sample' ORDER BY census_original.dv_version LIMIT 100;
2025-07-01T00:06:11.604775,SELECT census_original.dv_create_date FROM census_original  WHERE census_original.dv_cmdline_args LIKE 'sample' AND census_original.dv_version LIKE 'sample' AND census_original.dv_create_date >= TIMESTAMP '2022-01-01' ORDER BY census_original.dv_create_date LIMIT 100;
2025-07-01T00:06:11.899881,SELECT census_original.dv_version FROM census_original  WHERE census_original.dv_create_time = 'NULL' AND census_original.dv_cmdline_args = 'sample' ORDER BY census_original.dv_version LIMIT 100;
2025-07-01T00:06:12.186951,SELECT census_original.dv_version FROM census_original  WHERE census_original.dv_create_time = 'NULL' AND census_original.dv_cmdline_args = 'sample' ORDER BY census_original.dv_version LIMIT 100;
2025-07-01T00:06:12.462515,"SELECT census_original.dv_cmdline_args, census_original.dv_create_time FROM census_original  WHERE census_original.dv_version = 'sample' AND census_original.dv_create_time = 'NULL' AND census_original.dv_cmdline_args LIKE 'sample' ORDER BY census_original.dv_create_time LIMIT 100;"
2025-07-01T00:06:12.723561,SELECT census_original.dv_create_time FROM census_original  WHERE census_original.dv_version = 'sample' ORDER BY census_original.dv_create_time LIMIT 100;
2025-07-01T00:06:12.967653,"SELECT census_original.dv_cmdline_args, census_original.dv_create_time FROM census_original  WHERE census_original.dv_version = 'sample' AND census_original.dv_create_time = 'NULL' AND census_original.dv_cmdline_args LIKE 'sample' ORDER BY census_original.dv_create_time LIMIT 100;"
2025-07-01T00:06:13.193036,SELECT census_original.dv_version FROM census_original  WHERE census_original.dv_create_time = 'NULL' AND census_original.dv_cmdline_args = 'sample' ORDER BY census_original.dv_version LIMIT 100;
2025-07-01T00:06:13.398696,SELECT census_original.dv_create_date FROM census_original  WHERE census_original.dv_cmdline_args LIKE 'sample' AND census_original.dv_version LIKE 'sample' AND census_original.dv_create_date >= TIMESTAMP '2022-01-01' ORDER BY census_original.dv_create_date LIMIT 100;
2025-07-01T00:06:13.584408,SELECT census_original.dv_cmdline_args FROM census_original  WHERE census_original.dv_create_date <= TIMESTAMP '2022-01-01' ORDER BY census_original.dv_cmdline_args LIMIT 100;
2025-07-01T00:06:13.750742,SELECT census_original.dv_version FROM census_original  WHERE census_original.dv_create_time = 'NULL' AND census_original.dv_cmdline_args = 'sample' ORDER BY census_original.dv_version LIMIT 100;
2025-07-01T00:06:13.899039,SELECT census_original.dv_version FROM census_original  WHERE census_original.dv_create_time = 'NULL' AND census_original.dv_cmdline_args = 'sample' ORDER BY census_original.dv_version LIMIT 100;
2025-07-01T00:06:14.031362,SELECT census_original.dv_create_time FROM census_original  WHERE census_original.dv_version = 'sample' ORDER BY census_original.dv_create_time LIMIT 100;
2025-07-01T00:06:14.150408,SELECT census_original.dv_cmdline_args FROM census_original  WHERE census_original.dv_create_date <= TIMESTAMP '2022-01-01' ORDER BY census_original.dv_cmdline_args LIMIT 100;
2025-07-01T00:06:14.259405,SELECT census_original.dv_version FROM census_original  WHERE census_original.dv_create_time = 'NULL' AND census_original.dv_cmdline_args = 'sample' ORDER BY census_original.dv_version LIMIT 100;
2025-07-01T00:06:14.361980,"SELECT census_original.dv_cmdline_args, census_original.dv_create_time FROM census_original  WHERE census_original.dv_version = 'sample' AND census_original.dv_create_time = 'NULL' AND census_original.dv_cmdline_args LIKE 'sample' ORDER BY census_original.dv_create_time LIMIT 100;"
2025-07-01T00:06:14.462017,SELECT census_original.dv_version FROM census_original  WHERE census_original.dv_create_time = 'NULL' AND census_original.dv_cmdline_args = 'sample' ORDER BY census_original.dv_version LIMIT 100;
2025-07-01T00:06:14.563503,SELECT census_original.dv_cmdline_args FROM census_original  WHERE census_original.dv_create_date <= TIMESTAMP '2022-01-01' ORDER BY census_original.dv_cmdline_args LIMIT 100;
2025-07-01T00:06:14.670363,SELECT census_original.dv_version FROM census_original  WHERE census_original.dv_create_time = 'NULL' AND census_original.dv_cmdline_args = 'sample' ORDER BY census_original.dv_version LIMIT 100;
2025-07-01T00:06:14.786312,"SELECT census_original.dv_cmdline_args, census_original.dv_create_time FROM census_original  WHERE census_original.dv_version = 'sample' AND census_original.dv_create_time = 'NULL' AND census_original.dv_cmdline_args LIKE 'sample' ORDER BY census_original.dv_create_time LIMIT 100;"
2025-07-01T00:06:14.914700,SELECT census_original.dv_version FROM census_original  WHERE census_original.dv_create_time = 'NULL' AND census_original.dv_cmdline_args = 'sample' ORDER BY census_original.dv_version LIMIT 100;
2025-07-01T00:06:15.058383,"SELECT census_original.dv_cmdline_args, census_original.dv_create_time FROM census_original  WHERE census_original.dv_version = 'sample' AND census_original.dv_create_time = 'NULL' AND census_original.dv_cmdline_args LIKE 'sample' ORDER BY census_original.dv_create_time LIMIT 100;"
2025-07-01T00:06:15.219605,"SELECT census_original.dv_cmdline_args, census_original.dv_create_time FROM census_original  WHERE census_original.dv_version = 'sample' AND census_original.dv_create_time = 'NULL' AND census_original.dv_cmdline_args LIKE 'sample' ORDER BY census_original.dv_create_time LIMIT 100;"
2025-07-01T00:06:15.399912,"SELECT census_original.dv_cmdline_args, census_original.dv_create_time FROM census_original  WHERE census_original.dv_version = 'sample' AND census_original.dv_create_time = 'NULL' AND census_original.dv_cmdline_args LIKE 'sample' ORDER BY census_original.dv_create_time LIMIT 100;"
2025-07-01T00:06:15.600090,SELECT census_original.dv_create_date FROM census_original  WHERE census_original.dv_cmdline_args LIKE 'sample' AND census_original.dv_version LIKE 'sample' AND census_original.dv_create_date >= TIMESTAMP '2022-01-01' ORDER BY census_original.dv_create_date LIMIT 100;
2025-07-01T00:06:15.820131,SELECT census_original.dv_create_time FROM census_original  WHERE census_original.dv_version = 'sample' ORDER BY census_original.dv_create_time LIMIT 100;
2025-07-01T00:06:16.059236,SELECT census_original.dv_create_date FROM census_original  WHERE census_original.dv_cmdline_args LIKE 'sample' AND census_original.dv_version LIKE 'sample' AND census_original.dv_create_date >= TIMESTAMP '2022-01-01' ORDER BY census_original.dv_create_date LIMIT 100;
2025-07-01T00:06:16.315847,"SELECT census_original.dv_cmdline_args, census_original.dv_create_time FROM census_original  WHERE census_original.dv_version = 'sample' AND census_original.dv_create_time = 'NULL' AND census_original.dv_cmdline_args LIKE 'sample' ORDER BY census_original.dv_create_time LIMIT 100;"
2025-07-01T00:06:16.587706,"SELECT census_original.dv_cmdline_args, census_original.dv_create_time FROM census_original  WHERE census_original.dv_version = 'sample' AND census_original.dv_create_time = 'NULL' AND census_original.dv_cmdline_args LIKE 'sample' ORDER BY census_original.dv_create_time LIMIT 100;"
2025-07-01T00:06:16.871949,SELECT census_original.dv_cmdline_args FROM census_original  WHERE census_original.dv_create_date <= TIMESTAMP '2022-01-01' ORDER BY census_original.dv_cmdline_args LIMIT 100;
2025-07-01T00:06:17.165217,"SELECT census_original.dv_cmdline_args, census_original.dv_create_time FROM census_original  WHERE census_original.dv_version = 'sample' AND census_original.dv_create_time = 'NULL' AND census_original.dv_cmdline_args LIKE 'sample' ORDER BY census_original.dv_create_time LIMIT 100;"
2025-07-01T00:06:17.463792,SELECT census_original.dv_create_time FROM census_original  WHERE census_original.dv_version = 'sample' ORDER BY census_original.dv_create_time LIMIT 100;
2025-07-01T00:06:17.763744,SELECT census_original.dv_cmdline_args FROM census_original  WHERE census_original.dv_create_date <= TIMESTAMP '2022-01-01' ORDER BY census_original.dv_cmdline_args LIMIT 100;
2025-07-01T00:06:18.061088,SELECT census_original.dv_version FROM census_original  WHERE census_original.dv_create_time = 'NULL' AND census_original.dv_cmdline_args = 'sample' ORDER BY census_original.dv_version LIMIT 100;
2025-07-01T00:06:18.351944,SELECT census_original.dv_create_time FROM census_original  WHERE census_original.dv_version = 'sample' ORDER BY census_original.dv_create_time LIMIT 100;
2025-07-01T00:06:18.632689,SELECT census_original.dv_version FROM census_original  WHERE census_original.dv_create_time = 'NULL' AND census_original.dv_cmdline_args = 'sample' ORDER BY census_original.dv_version LIMIT 100;
2025-07-01T00:06:18.900104,"SELECT census_original.dv_cmdline_args, census_original.dv_create_time FROM census_original  WHERE census_original.dv_version = 'sample' AND census_original.dv_create_time = 'NULL' AND census_original.dv_cmdline_args LIKE 'sample' ORDER BY census_original.dv_create_time LIMIT 100;"
2025-07-01T00:06:19.151502,"SELECT census_original.dv_cmdline_args, census_original.dv_create_time FROM census_original  WHERE census_original.dv_version = 'sample' AND census_original.dv_create_time = 'NULL' AND census_original.dv_cmdline_args LIKE 'sample' ORDER BY census_original.dv_create_time LIMIT 100;"
2025-07-01T00:06:19.384833,SELECT census_original.dv_cmdline_args FROM census_original  WHERE census_original.dv_create_date <= TIMESTAMP '2022-01-01' ORDER BY census_original.dv_cmdline_args LIMIT 100;
2025-07-01T00:06:19.598770,SELECT census_original.dv_cmdline_args FROM census_original  WHERE census_original.dv_create_date <= TIMESTAMP '2022-01-01' ORDER BY census_original.dv_cmdline_args LIMIT 100;
2025-07-01T00:06:19.792755,SELECT census_original.dv_create_date FROM census_original  WHERE census_original.dv_cmdline_args LIKE 'sample' AND census_original.dv_version LIKE 'sample' AND census_original.dv_create_date >= TIMESTAMP '2022-01-01' ORDER BY census_original.dv_create_date LIMIT 100;
2025-07-01T00:06:19.967029,SELECT census_original.dv_create_date FROM census_original  WHERE census_original.dv_cmdline_args LIKE 'sample' AND census_original.dv_version LIKE 'sample' AND census_original.dv_create_date >= TIMESTAMP '2022-01-01' ORDER BY census_original.dv_create_date LIMIT 100;
2025-07-01T00:06:20.122618,SELECT census_original.dv_cmdline_args FROM census_original  WHERE census_original.dv_create_date <= TIMESTAMP '2022-01-01' ORDER BY census_original.dv_cmdline_args LIMIT 100;
2025-07-01T00:06:20.261292,SELECT census_original.dv_cmdline_args FROM census_original  WHERE census_original.dv_create_date <= TIMESTAMP '2022-01-01' ORDER BY census_original.dv_cmdline_args LIMIT 100;
2025-07-01T00:06:20.385495,"SELECT census_original.dv_cmdline_args, census_original.dv_create_time FROM census_original  WHERE census_original.dv_version = 'sample' AND census_original.dv_create_time = 'NULL' AND census_original.dv_cmdline_args LIKE 'sample' ORDER BY census_original.dv_create_time LIMIT 100;"
2025-07-01T00:06:20.498251,SELECT census_original.dv_create_time FROM census_original  WHERE census_original.dv_version = 'sample' ORDER BY census_original.dv_create_time LIMIT 100;
2025-07-01T00:06:20.603036,SELECT census_original.dv_create_time FROM census_original  WHERE census_original.dv_version = 'sample' ORDER BY census_original.dv_create_time LIMIT 100;
2025-07-01T00:06:20.703647,"SELECT census_original.dv_cmdline_args, census_original.dv_create_time FROM census_original  WHERE census_original.dv_version = 'sample' AND census_original.dv_create_time = 'NULL' AND census_original.dv_cmdline_args LIKE 'sample' ORDER BY census_original.dv_create_time LIMIT 100;"
2025-07-01T00:06:20.804047,SELECT census_original.dv_create_date FROM census_original  WHERE census_original.dv_cmdline_args LIKE 'sample' AND census_original.dv_version LIKE 'sample' AND census_original.dv_create_date >= TIMESTAMP '2022-01-01' ORDER BY census_original.dv_create_date LIMIT 100;
2025-07-01T00:06:20.908205,SELECT census_original.dv_cmdline_args FROM census_original  WHERE census_original.dv_create_date <= TIMESTAMP '2022-01-01' ORDER BY census_original.dv_cmdline_args LIMIT 100;
2025-07-01T00:06:21.019943,SELECT census_original.dv_version FROM census_original  WHERE census_original.dv_create_time = 'NULL' AND census_original.dv_cmdline_args = 'sample' ORDER BY census_original.dv_version LIMIT 100;
2025-07-01T00:06:21.142779,SELECT census_original.dv_cmdline_args FROM census_original  WHERE census_original.dv_create_date <= TIMESTAMP '2022-01-01' ORDER BY census_original.dv_cmdline_args LIMIT 100;
2025-07-01T00:06:21.279790,SELECT census_original.dv_create_date FROM census_original  WHERE census_original.dv_cmdline_args LIKE 'sample' AND census_original.dv_version LIKE 'sample' AND census_original.dv_create_date >= TIMESTAMP '2022-01-01' ORDER BY census_original.dv_create_date LIMIT 100;
2025-07-01T00:06:21.433487,"SELECT census_original.dv_cmdline_args, census_original.dv_create_time FROM census_original  WHERE census_original.dv_version = 'sample' AND census_original.dv_create_time = 'NULL' AND census_original.dv_cmdline_args LIKE 'sample' ORDER BY census_original.dv_create_time LIMIT 100;"
2025-07-01T00:06:21.605716,SELECT census_original.dv_version FROM census_original  WHERE census_original.dv_create_time = 'NULL' AND census_original.dv_cmdline_args = 'sample' ORDER BY census_original.dv_version LIMIT 100;
2025-07-01T00:06:21.797584,SELECT census_original.dv_create_date FROM census_original  WHERE census_original.dv_cmdline_args LIKE 'sample' AND census_original.dv_version LIKE 'sample' AND census_original.dv_create_date >= TIMESTAMP '2022-01-01' ORDER BY census_original.dv_create_date LIMIT 100;
2025-07-01T00:06:22.009416,SELECT census_original.dv_version FROM census_original  WHERE census_original.dv_create_time = 'NULL' AND census_original.dv_cmdline_args = 'sample' ORDER BY census_original.dv_version LIMIT 100;
2025-07-01T00:06:22.240739,SELECT census_original.dv_create_date FROM census_original  WHERE census_original.dv_cmdline_args LIKE 'sample' AND census_original.dv_version LIKE 'sample' AND census_original.dv_create_date >= TIMESTAMP '2022-01-01' ORDER BY census_original.dv_create_date LIMIT 100;
2025-07-01T00:06:22.490304,SELECT census_original.dv_version FROM census_original  WHERE census_original.dv_create_time = 'NULL' AND census_original.dv_cmdline_args = 'sample' ORDER BY census_original.dv_version LIMIT 100;
2025-07-01T00:06:22.756137,SELECT census_original.dv_cmdline_args FROM census_original  WHERE census_original.dv_create_date <= TIMESTAMP '2022-01-01' ORDER BY census_original.dv_cmdline_args LIMIT 100;
2025-07-01T00:06:23.035612,SELECT census_original.dv_version FROM census_original  WHERE census_original.dv_create_time = 'NULL' AND census_original.dv_cmdline_args = 'sample' ORDER BY census_original.dv_version LIMIT 100;
2025-07-01T00:06:23.325560,SELECT census_original.dv_create_time FROM census_original  WHERE census_original.dv_version = 'sample' ORDER BY census_original.dv_create_time LIMIT 100;
2025-07-01T00:06:23.622397,SELECT census_original.dv_create_date FROM census_original  WHERE census_original.dv_cmdline_args LIKE 'sample' AND census_original.dv_version LIKE 'sample' AND census_original.dv_create_date >= TIMESTAMP '2022-01-01' ORDER BY census_original.dv_create_date LIMIT 100;
2025-07-01T00:06:23.922260,SELECT census_original.dv_create_date FROM census_original  WHERE census_original.dv_cmdline_args LIKE 'sample' AND census_original.dv_version LIKE 'sample' AND census_original.dv_create_date >= TIMESTAMP '2022-01-01' ORDER BY census_original.dv_create_date LIMIT 100;
2025-07-01T00:06:24.221170,SELECT census_original.dv_cmdline_args FROM census_original  WHERE census_original.dv_create_date <= TIMESTAMP '2022-01-01' ORDER BY census_original.dv_cmdline_args LIMIT 100;
2025-07-01T00:06:24.515183,"SELECT census_original.dv_cmdline_args, census_original.dv_create_time FROM census_original  WHERE census_original.dv_version = 'sample' AND census_original.dv_create_time = 'NULL' AND census_original.dv_cmdline_args LIKE 'sample' ORDER BY census_original.dv_create_time LIMIT 100;"
2025-07-01T00:06:24.800550,SELECT census_original.dv_cmdline_args FROM census_original  WHERE census_original.dv_create_date <= TIMESTAMP '2022-01-01' ORDER BY census_original.dv_cmdline_args LIMIT 100;
2025-07-01T00:06:25.073869,SELECT census_original.dv_create_date FROM census_original  WHERE census_original.dv_cmdline_args LIKE 'sample' AND census_original.dv_version LIKE 'sample' AND census_original.dv_create_date >= TIMESTAMP '2022-01-01' ORDER BY census_original.dv_create_date LIMIT 100;
2025-07-01T00:06:25.332217,SELECT census_original.dv_version FROM census_original  WHERE census_original.dv_create_time = 'NULL' AND census_original.dv_cmdline_args = 'sample' ORDER BY census_original.dv_version LIMIT 100;
2025-07-01T00:06:25.573267,SELECT census_original.dv_create_time FROM census_original  WHERE census_original.dv_version = 'sample' ORDER BY census_original.dv_create_time LIMIT 100;
2025-07-01T00:06:25.795383,SELECT census_original.dv_version FROM census_original  WHERE census_original.dv_create_time = 'NULL' AND census_original.dv_cmdline_args = 'sample' ORDER BY census_original.dv_version LIMIT 100;
2025-07-01T00:06:25.997683,SELECT census_original.dv_create_date FROM census_original  WHERE census_original.dv_cmdline_args LIKE 'sample' AND census_original.dv_version LIKE 'sample' AND census_original.dv_create_date >= TIMESTAMP '2022-01-01' ORDER BY census_original.dv_create_date LIMIT 100;
2025-07-01T00:06:26.180075,SELECT census_original.dv_create_time FROM census_original  WHERE census_original.dv_version = 'sample' ORDER BY census_original.dv_create_time LIMIT 100;
2025-07-01T00:06:26.343262,SELECT census_original.dv_create_date FROM census_original  WHERE census_original.dv_cmdline_args LIKE 'sample' AND census_original.dv_version LIKE 'sample' AND census_original.dv_create_date >= TIMESTAMP '2022-01-01' ORDER BY census_original.dv_create_date LIMIT 100;
2025-07-01T00:06:26.488711,SELECT census_original.dv_create_time FROM census_original  WHERE census_original.dv_version = 'sample' ORDER BY census_original.dv_create_time LIMIT 100;
2025-07-01T00:06:26.618597,SELECT census_original.dv_cmdline_args FROM census_original  WHERE census_original.dv_create_date <= TIMESTAMP '2022-01-01' ORDER BY census_original.dv_cmdline_args LIMIT 100;
2025-07-01T00:06:26.735714,SELECT census_original.dv_cmdline_args FROM census_original  WHERE census_original.dv_create_date <= TIMESTAMP '2022-01-01' ORDER BY census_original.dv_cmdline_args LIMIT 100;
2025-07-01T00:06:26.843369,"SELECT census_original.dv_cmdline_args, census_original.dv_create_time FROM census_original  WHERE census_original.dv_version = 'sample' AND census_original.dv_create_time = 'NULL' AND census_original.dv_cmdline_args LIKE 'sample' ORDER BY census_original.dv_create_time LIMIT 100;"
2025-07-01T00:06:26.945241,SELECT census_original.dv_cmdline_args FROM census_original  WHERE census_original.dv_create_date <= TIMESTAMP '2022-01-01' ORDER BY census_original.dv_cmdline_args LIMIT 100;
2025-07-01T00:06:27.045243,SELECT census_original.dv_create_time FROM census_original  WHERE census_original.dv_version = 'sample' ORDER BY census_original.dv_create_time LIMIT 100;
2025-07-01T00:06:27.147361,SELECT census_original.dv_create_date FROM census_original  WHERE census_original.dv_cmdline_args LIKE 'sample' AND census_original.dv_version LIKE 'sample' AND census_original.dv_create_date >= TIMESTAMP '2022-01-01' ORDER BY census_original.dv_create_date LIMIT 100;
2025-07-01T00:06:27.255498,SELECT census_original.dv_cmdline_args FROM census_original  WHERE census_original.dv_create_date <= TIMESTAMP '2022-01-01' ORDER BY census_original.dv_cmdline_args LIMIT 100;
2025-07-01T00:06:27.373316,"SELECT census_original.dv_cmdline_args, census_original.dv_create_time FROM census_original  WHERE census_original.dv_version = 'sample' AND census_original.dv_create_time = 'NULL' AND census_original.dv_cmdline_args LIKE 'sample' ORDER BY census_original.dv_create_time LIMIT 100;"
2025-07-01T00:06:27.504092,SELECT census_original.dv_create_time FROM census_original  WHERE census_original.dv_version = 'sample' ORDER BY census_original.dv_create_time LIMIT 100;
2025-07-01T00:06:27.650585,"SELECT census_original.dv_cmdline_args, census_original.dv_create_time FROM census_original  WHERE census_original.dv_version = 'sample' AND census_original.dv_create_time = 'NULL' AND census_original.dv_cmdline_args LIKE 'sample' ORDER BY census_original.dv_create_time LIMIT 100;"
2025-07-01T00:06:27.814928,SELECT census_original.dv_cmdline_args FROM census_original  WHERE census_original.dv_create_date <= TIMESTAMP '2022-01-01' ORDER BY census_original.dv_cmdline_args LIMIT 100;
2025-07-01T00:06:27.998542,SELECT census_original.dv_create_date FROM census_original  WHERE census_original.dv_cmdline_args LIKE 'sample' AND census_original.dv_version LIKE 'sample' AND census_original.dv_create_date >= TIMESTAMP '2022-01-01' ORDER BY census_original.dv_create_date LIMIT 100;
2025-07-01T00:06:28.202082,"SELECT census_original.dv_cmdline_args, census_original.dv_create_time FROM census_original  WHERE census_original.dv_version = 'sample' AND census_original.dv_create_time = 'NULL' AND census_original.dv_cmdline_args LIKE 'sample' ORDER BY census_original.dv_create_time LIMIT 100;"
2025-07-01T00:06:28.425406,SELECT census_original.dv_create_date FROM census_original  WHERE census_original.dv_cmdline_args LIKE 'sample' AND census_original.dv_version LIKE 'sample' AND census_original.dv_create_date >= TIMESTAMP '2022-01-01' ORDER BY census_original.dv_create_date LIMIT 100;
2025-07-01T00:06:28.667584,"SELECT census_original.dv_cmdline_args, census_original.dv_create_time FROM census_original  WHERE census_original.dv_version = 'sample' AND census_original.dv_create_time = 'NULL' AND census_original.dv_cmdline_args LIKE 'sample' ORDER BY census_original.dv_create_time LIMIT 100;"
2025-07-01T00:06:28.926934,SELECT census_original.dv_create_date FROM census_original  WHERE census_original.dv_cmdline_args LIKE 'sample' AND census_original.dv_version LIKE 'sample' AND census_original.dv_create_date >= TIMESTAMP '2022-01-01' ORDER BY census_original.dv_create_date LIMIT 100;
2025-07-01T00:06:29.201091,"SELECT census_original.dv_cmdline_args, census_original.dv_create_time FROM census_original  WHERE census_original.dv_version = 'sample' AND census_original.dv_create_time = 'NULL' AND census_original.dv_cmdline_args LIKE 'sample' ORDER BY census_original.dv_create_time LIMIT 100;"
2025-07-01T00:06:29.487098,SELECT census_original.dv_create_date FROM census_original  WHERE census_original.dv_cmdline_args LIKE 'sample' AND census_original.dv_version LIKE 'sample' AND census_original.dv_create_date >= TIMESTAMP '2022-01-01' ORDER BY census_original.dv_create_date LIMIT 100;
2025-07-01T00:06:29.781526,SELECT census_original.dv_version FROM census_original  WHERE census_original.dv_create_time = 'NULL' AND census_original.dv_cmdline_args = 'sample' ORDER BY census_original.dv_version LIMIT 100;
2025-07-01T00:06:30.080611,SELECT census_original.dv_create_time FROM census_original  WHERE census_original.dv_version = 'sample' ORDER BY census_original.dv_create_time LIMIT 100;
2025-07-01T00:06:30.380402,SELECT census_original.dv_version FROM census_original  WHERE census_original.dv_create_time = 'NULL' AND census_original.dv_cmdline_args = 'sample' ORDER BY census_original.dv_version LIMIT 100;
2025-07-01T00:06:30.676922,SELECT census_original.dv_create_date FROM census_original  WHERE census_original.dv_cmdline_args LIKE 'sample' AND census_original.dv_version LIKE 'sample' AND census_original.dv_create_date >= TIMESTAMP '2022-01-01' ORDER BY census_original.dv_create_date LIMIT 100;
2025-07-01T00:06:30.966322,SELECT census_original.dv_create_time FROM census_original  WHERE census_original.dv_version = 'sample' ORDER BY census_original.dv_create_time LIMIT 100;
2025-07-01T00:06:31.245037,"SELECT census_original.dv_cmdline_args, census_original.dv_create_time FROM census_original  WHERE census_original.dv_version = 'sample' AND census_original.dv_create_time = 'NULL' AND census_original.dv_cmdline_args LIKE 'sample' ORDER BY census_original.dv_create_time LIMIT 100;"
2025-07-01T00:06:31.509931,SELECT census_original.dv_create_time FROM census_original  WHERE census_original.dv_version = 'sample' ORDER BY census_original.dv_create_time LIMIT 100;
2025-07-01T00:06:31.758416,"SELECT census_original.dv_cmdline_args, census_original.dv_create_time FROM census_original  WHERE census_original.dv_version = 'sample' AND census_original.dv_create_time = 'NULL' AND census_original.dv_cmdline_args LIKE 'sample' ORDER BY census_original.dv_create_time LIMIT 100;"
2025-07-01T00:06:31.988558,SELECT census_original.dv_create_time FROM census_original  WHERE census_original.dv_version = 'sample' ORDER BY census_original.dv_create_time LIMIT 100;
2025-07-01T00:06:32.199157,SELECT census_original.dv_create_time FROM census_original  WHERE census_original.dv_version = 'sample' ORDER BY census_original.dv_create_time LIMIT 100;
2025-07-01T00:06:32.389789,SELECT census_original.dv_version FROM census_original  WHERE census_original.dv_create_time = 'NULL' AND census_original.dv_cmdline_args = 'sample' ORDER BY census_original.dv_version LIMIT 100;
2025-07-01T00:06:32.560829,SELECT census_original.dv_create_date FROM census_original  WHERE census_original.dv_cmdline_args LIKE 'sample' AND census_original.dv_version LIKE 'sample' AND census_original.dv_create_date >= TIMESTAMP '2022-01-01' ORDER BY census_original.dv_create_date LIMIT 100;
2025-07-01T00:06:32.713430,SELECT census_original.dv_create_time FROM census_original  WHERE census_original.dv_version = 'sample' ORDER BY census_original.dv_create_time LIMIT 100;
2025-07-01T00:06:32.849483,SELECT census_original.dv_cmdline_args FROM census_original  WHERE census_original.dv_create_date <= TIMESTAMP '2022-01-01' ORDER BY census_original.dv_cmdline_args LIMIT 100;
2025-07-01T00:06:32.971536,SELECT census_original.dv_version FROM census_original  WHERE census_original.dv_create_time = 'NULL' AND census_original.dv_cmdline_args = 'sample' ORDER BY census_original.dv_version LIMIT 100;
2025-07-01T00:06:33.082698,SELECT census_original.dv_version FROM census_original  WHERE census_original.dv_create_time = 'NULL' AND census_original.dv_cmdline_args = 'sample' ORDER BY census_original.dv_version LIMIT 100;
2025-07-01T00:06:33.186510,SELECT census_original.dv_create_time FROM census_original  WHERE census_original.dv_version = 'sample' ORDER BY census_original.dv_create_time LIMIT 100;
2025-07-01T00:06:33.286806,SELECT census_original.dv_create_date FROM census_original  WHERE census_original.dv_cmdline_args LIKE 'sample' AND census_original.dv_version LIKE 'sample' AND census_original.dv_create_date >= TIMESTAMP '2022-01-01' ORDER BY census_original.dv_create_date LIMIT 100;
2025-07-01T00:06:33.387561,SELECT census_original.dv_version FROM census_original  WHERE census_original.dv_create_time = 'NULL' AND census_original.dv_cmdline_args = 'sample' ORDER BY census_original.dv_version LIMIT 100;
2025-07-01T00:06:33.492733,SELECT census_original.dv_create_time FROM census_original  WHERE census_original.dv_version = 'sample' ORDER BY census_original.dv_create_time LIMIT 100;
2025-07-01T00:06:33.606102,"SELECT census_original.dv_cmdline_args, census_original.dv_create_time FROM census_original  WHERE census_original.dv_version = 'sample' AND census_original.dv_create_time = 'NULL' AND census_original.dv_cmdline_args LIKE 'sample' ORDER BY census_original.dv_create_time LIMIT 100;"
2025-07-01T00:06:33.731120,SELECT census_original.dv_version FROM census_original  WHERE census_original.dv_create_time = 'NULL' AND census_original.dv_cmdline_args = 'sample' ORDER BY census_original.dv_version LIMIT 100;
2025-07-01T00:06:33.870778,SELECT census_original.dv_version FROM census_original  WHERE census_original.dv_create_time = 'NULL' AND census_original.dv_cmdline_args = 'sample' ORDER BY census_original.dv_version LIMIT 100;
2025-07-01T00:06:34.027482,SELECT census_original.dv_version FROM census_original  WHERE census_original.dv_create_time = 'NULL' AND census_original.dv_cmdline_args = 'sample' ORDER BY census_original.dv_version LIMIT 100;
2025-07-01T00:06:34.202957,SELECT census_original.dv_cmdline_args FROM census_original  WHERE census_original.dv_create_date <= TIMESTAMP '2022-01-01' ORDER BY census_original.dv_cmdline_args LIMIT 100;
2025-07-01T00:06:34.398181,SELECT census_original.dv_create_time FROM census_original  WHERE census_original.dv_version = 'sample' ORDER BY census_original.dv_create_time LIMIT 100;
2025-07-01T00:06:34.613344,SELECT census_original.dv_cmdline_args FROM census_original  WHERE census_original.dv_create_date <= TIMESTAMP '2022-01-01' ORDER BY census_original.dv_cmdline_args LIMIT 100;
2025-07-01T00:06:34.847842,SELECT census_original.dv_create_time FROM census_original  WHERE census_original.dv_version = 'sample' ORDER BY census_original.dv_create_time LIMIT 100;
2025-07-01T00:06:35.100300,SELECT census_original.dv_cmdline_args FROM census_original  WHERE census_original.dv_create_date <= TIMESTAMP '2022-01-01' ORDER BY census_original.dv_cmdline_args LIMIT 100;
2025-07-01T00:06:35.368626,SELECT census_original.dv_create_time FROM census_original  WHERE census_original.dv_version = 'sample' ORDER BY census_original.dv_create_time LIMIT 100;
2025-07-01T00:06:35.650097,"SELECT census_original.dv_cmdline_args, census_original.dv_create_time FROM census_original  WHERE census_original.dv_version = 'sample' AND census_original.dv_create_time = 'NULL' AND census_original.dv_cmdline_args LIKE 'sample' ORDER BY census_original.dv_create_time LIMIT 100;"
2025-07-01T00:06:35.941464,SELECT census_original.dv_create_time FROM census_original  WHERE census_original.dv_version = 'sample' ORDER BY census_original.dv_create_time LIMIT 100;
2025-07-01T00:06:36.239084,"SELECT census_original.dv_cmdline_args, census_original.dv_create_time FROM census_original  WHERE census_original.dv_version = 'sample' AND census_original.dv_create_time = 'NULL' AND census_original.dv_cmdline_args LIKE 'sample' ORDER BY census_original.dv_create_time LIMIT 100;"
2025-07-01T00:06:36.539067,SELECT census_original.dv_create_time FROM census_original  WHERE census_original.dv_version = 'sample' ORDER BY census_original.dv_create_time LIMIT 100;
2025-07-01T00:06:36.837426,SELECT census_original.dv_version FROM census_original  WHERE census_original.dv_create_time = 'NULL' AND census_original.dv_cmdline_args = 'sample' ORDER BY census_original.dv_version LIMIT 100;
2025-07-01T00:06:37.130239,SELECT census_original.dv_create_time FROM census_original  WHERE census_original.dv_version = 'sample' ORDER BY census_original.dv_create_time LIMIT 100;
2025-07-01T00:06:37.413808,SELECT census_original.dv_cmdline_args FROM census_original  WHERE census_original.dv_create_date <= TIMESTAMP '2022-01-01' ORDER BY census_original.dv_cmdline_args LIMIT 100;
2025-07-01T00:06:37.684799,SELECT census_original.dv_create_time FROM census_original  WHERE census_original.dv_version = 'sample' ORDER BY census_original.dv_create_time LIMIT 100;
2025-07-01T00:06:37.940383,SELECT census_original.dv_cmdline_args FROM census_original  WHERE census_original.dv_create_date <= TIMESTAMP '2022-01-01' ORDER BY census_original.dv_cmdline_args LIMIT 100;
2025-07-01T00:06:38.178343,SELECT census_original.dv_create_date FROM census_original  WHERE census_original.dv_cmdline_args LIKE 'sample' AND census_original.dv_version LIKE 'sample' AND census_original.dv_create_date >= TIMESTAMP '2022-01-01' ORDER BY census_original.dv_create_date LIMIT 100;
2025-07-01T00:06:38.397168,SELECT census_original.dv_cmdline_args FROM census_original  WHERE census_original.dv_create_date <= TIMESTAMP '2022-01-01' ORDER BY census_original.dv_cmdline_args LIMIT 100;
2025-07-01T00:06:38.596105,"SELECT census_original.dv_cmdline_args, census_original.dv_create_time FROM census_original  WHERE census_original.dv_version = 'sample' AND census_original.dv_create_time = 'NULL' AND census_original.dv_cmdline_args LIKE 'sample' ORDER BY census_original.dv_create_time LIMIT 100;"
2025-07-01T00:06:38.775198,SELECT census_original.dv_create_time FROM census_original  WHERE census_original.dv_version = 'sample' ORDER BY census_original.dv_create_time LIMIT 100;
2025-07-01T00:06:38.935279,SELECT census_original.dv_create_date FROM census_original  WHERE census_original.dv_cmdline_args LIKE 'sample' AND census_original.dv_version LIKE 'sample' AND census_original.dv_create_date >= TIMESTAMP '2022-01-01' ORDER BY census_original.dv_create_date LIMIT 100;
2025-07-01T00:06:39.077941,SELECT census_original.dv_create_date FROM census_original  WHERE census_original.dv_cmdline_args LIKE 'sample' AND census_original.dv_version LIKE 'sample' AND census_original.dv_create_date >= TIMESTAMP '2022-01-01' ORDER BY census_original.dv_create_date LIMIT 100;
2025-07-01T00:06:39.205469,SELECT census_original.dv_version FROM census_original  WHERE census_original.dv_create_time = 'NULL' AND census_original.dv_cmdline_args = 'sample' ORDER BY census_original.dv_version LIMIT 100;
2025-07-01T00:06:39.320752,"SELECT census_original.dv_cmdline_args, census_original.dv_create_time FROM census_original  WHERE census_original.dv_version = 'sample' AND census_original.dv_create_time = 'NULL' AND census_original.dv_cmdline_args LIKE 'sample' ORDER BY census_original.dv_create_time LIMIT 100;"
2025-07-01T00:06:39.427169,SELECT census_original.dv_create_date FROM census_original  WHERE census_original.dv_cmdline_args LIKE 'sample' AND census_original.dv_version LIKE 'sample' AND census_original.dv_create_date >= TIMESTAMP '2022-01-01' ORDER BY census_original.dv_create_date LIMIT 100;
2025-07-01T00:06:39.528449,"SELECT census_original.dv_cmdline_args, census_original.dv_create_time FROM census_original  WHERE census_original.dv_version = 'sample' AND census_original.dv_create_time = 'NULL' AND census_original.dv_cmdline_args LIKE 'sample' ORDER BY census_original.dv_create_time LIMIT 100;"
2025-07-01T00:06:39.628528,SELECT census_original.dv_create_date FROM census_original  WHERE census_original.dv_cmdline_args LIKE 'sample' AND census_original.dv_version LIKE 'sample' AND census_original.dv_create_date >= TIMESTAMP '2022-01-01' ORDER BY census_original.dv_create_date LIMIT 100;
2025-07-01T00:06:39.731390,SELECT census_original.dv_create_time FROM census_original  WHERE census_original.dv_version = 'sample' ORDER BY census_original.dv_create_time LIMIT 100;
2025-07-01T00:06:39.840908,SELECT census_original.dv_cmdline_args FROM census_original  WHERE census_original.dv_create_date <= TIMESTAMP '2022-01-01' ORDER BY census_original.dv_cmdline_args LIMIT 100;
2025-07-01T00:06:39.960688,SELECT census_original.dv_version FROM census_original  WHERE census_original.dv_create_time = 'NULL' AND census_original.dv_cmdline_args = 'sample' ORDER BY census_original.dv_version LIMIT 100;
2025-07-01T00:06:40.093929,SELECT census_original.dv_create_date FROM census_original  WHERE census_original.dv_cmdline_args LIKE 'sample' AND census_original.dv_version LIKE 'sample' AND census_original.dv_create_date >= TIMESTAMP '2022-01-01' ORDER BY census_original.dv_create_date LIMIT 100;
2025-07-01T00:06:40.243293,SELECT census_original.dv_cmdline_args FROM census_original  WHERE census_original.dv_create_date <= TIMESTAMP '2022-01-01' ORDER BY census_original.dv_cmdline_args LIMIT 100;
2025-07-01T00:06:40.410797,SELECT census_original.dv_cmdline_args FROM census_original  WHERE census_original.dv_create_date <= TIMESTAMP '2022-01-01' ORDER BY census_original.dv_cmdline_args LIMIT 100;
2025-07-01T00:06:40.597738,SELECT census_original.dv_create_date FROM census_original  WHERE census_original.dv_cmdline_args LIKE 'sample' AND census_original.dv_version LIKE 'sample' AND census_original.dv_create_date >= TIMESTAMP '2022-01-01' ORDER BY census_original.dv_create_date LIMIT 100;
2025-07-01T00:06:40.804636,SELECT census_original.dv_create_time FROM census_original  WHERE census_original.dv_version = 'sample' ORDER BY census_original.dv_create_time LIMIT 100;
2025-07-01T00:06:41.031216,SELECT census_original.dv_version FROM census_original  WHERE census_original.dv_create_time = 'NULL' AND census_original.dv_cmdline_args = 'sample' ORDER BY census_original.dv_version LIMIT 100;
2025-07-01T00:06:41.276419,SELECT census_original.dv_create_time FROM census_original  WHERE census_original.dv_version = 'sample' ORDER BY census_original.dv_create_time LIMIT 100;
2025-07-01T00:06:41.538442,SELECT census_original.dv_create_date FROM census_original  WHERE census_original.dv_cmdline_args LIKE 'sample' AND census_original.dv_version LIKE 'sample' AND census_original.dv_create_date >= TIMESTAMP '2022-01-01' ORDER BY census_original.dv_create_date LIMIT 100;
2025-07-01T00:06:41.814812,SELECT census_original.dv_version FROM census_original  WHERE census_original.dv_create_time = 'NULL' AND census_original.dv_cmdline_args = 'sample' ORDER BY census_original.dv_version LIMIT 100;
2025-07-01T00:06:42.102486,SELECT census_original.dv_create_time FROM census_original  WHERE census_original.dv_version = 'sample' ORDER BY census_original.dv_create_time LIMIT 100;
2025-07-01T00:06:42.397967,SELECT census_original.dv_version FROM census_original  WHERE census_original.dv_create_time = 'NULL' AND census_original.dv_cmdline_args = 'sample' ORDER BY census_original.dv_version LIMIT 100;
2025-07-01T00:06:42.697450,SELECT census_original.dv_version FROM census_original  WHERE census_original.dv_create_time = 'NULL' AND census_original.dv_cmdline_args = 'sample' ORDER BY census_original.dv_version LIMIT 100;
2025-07-01T00:06:42.996968,SELECT census_original.dv_cmdline_args FROM census_original  WHERE census_original.dv_create_date <= TIMESTAMP '2022-01-01' ORDER BY census_original.dv_cmdline_args LIMIT 100;
2025-07-01T00:06:43.292554,SELECT census_original.dv_cmdline_args FROM census_original  WHERE census_original.dv_create_date <= TIMESTAMP '2022-01-01' ORDER BY census_original.dv_cmdline_args LIMIT 100;
2025-07-01T00:06:43.580396,SELECT census_original.dv_cmdline_args FROM census_original  WHERE census_original.dv_create_date <= TIMESTAMP '2022-01-01' ORDER BY census_original.dv_cmdline_args LIMIT 100;
2025-07-01T00:06:43.856994,SELECT census_original.dv_create_time FROM census_original  WHERE census_original.dv_version = 'sample' ORDER BY census_original.dv_create_time LIMIT 100;
2025-07-01T00:06:44.119293,SELECT census_original.dv_cmdline_args FROM census_original  WHERE census_original.dv_create_date <= TIMESTAMP '2022-01-01' ORDER BY census_original.dv_cmdline_args LIMIT 100;
2025-07-01T00:06:44.364809,SELECT census_original.dv_cmdline_args FROM census_original  WHERE census_original.dv_create_date <= TIMESTAMP '2022-01-01' ORDER BY census_original.dv_cmdline_args LIMIT 100;
2025-07-01T00:06:44.591729,"SELECT census_original.dv_cmdline_args, census_original.dv_create_time FROM census_original  WHERE census_original.dv_version = 'sample' AND census_original.dv_create_time = 'NULL' AND census_original.dv_cmdline_args LIKE 'sample' ORDER BY census_original.dv_create_time LIMIT 100;"
2025-07-01T00:06:44.798978,SELECT census_original.dv_version FROM census_original  WHERE census_original.dv_create_time = 'NULL' AND census_original.dv_cmdline_args = 'sample' ORDER BY census_original.dv_version LIMIT 100;
2025-07-01T00:06:44.986268,SELECT census_original.dv_create_date FROM census_original  WHERE census_original.dv_cmdline_args LIKE 'sample' AND census_original.dv_version LIKE 'sample' AND census_original.dv_create_date >= TIMESTAMP '2022-01-01' ORDER BY census_original.dv_create_date LIMIT 100;
2025-07-01T00:06:45.154106,SELECT census_original.dv_version FROM census_original  WHERE census_original.dv_create_time = 'NULL' AND census_original.dv_cmdline_args = 'sample' ORDER BY census_original.dv_version LIMIT 100;
2025-07-01T00:06:45.303773,SELECT census_original.dv_create_time FROM census_original  WHERE census_original.dv_version = 'sample' ORDER BY census_original.dv_create_time LIMIT 100;
2025-07-01T00:06:45.437277,SELECT census_original.dv_cmdline_args FROM census_original  WHERE census_original.dv_create_date <= TIMESTAMP '2022-01-01' ORDER BY census_original.dv_cmdline_args LIMIT 100;
2025-07-01T00:06:45.557268,SELECT census_original.dv_create_date FROM census_original  WHERE census_original.dv_cmdline_args LIKE 'sample' AND census_original.dv_version LIKE 'sample' AND census_original.dv_create_date >= TIMESTAMP '2022-01-01' ORDER BY census_original.dv_create_date LIMIT 100;
2025-07-01T00:06:45.666937,"SELECT census_original.dv_cmdline_args, census_original.dv_create_time FROM census_original  WHERE census_original.dv_version = 'sample' AND census_original.dv_create_time = 'NULL' AND census_original.dv_cmdline_args LIKE 'sample' ORDER BY census_original.dv_create_time LIMIT 100;"
2025-07-01T00:06:45.769883,SELECT census_original.dv_create_time FROM census_original  WHERE census_original.dv_version = 'sample' ORDER BY census_original.dv_create_time LIMIT 100;
2025-07-01T00:06:45.869977,SELECT census_original.dv_create_date FROM census_original  WHERE census_original.dv_cmdline_args LIKE 'sample' AND census_original.dv_version LIKE 'sample' AND census_original.dv_create_date >= TIMESTAMP '2022-01-01' ORDER BY census_original.dv_create_date LIMIT 100;
2025-07-01T00:06:45.971201,"SELECT census_original.dv_cmdline_args, census_original.dv_create_time FROM census_original  WHERE census_original.dv_version = 'sample' AND census_original.dv_create_time = 'NULL' AND census_original.dv_cmdline_args LIKE 'sample' ORDER BY census_original.dv_create_time LIMIT 100;"
2025-07-01T00:06:46.077494,"SELECT census_original.dv_cmdline_args, census_original.dv_create_time FROM census_original  WHERE census_original.dv_version = 'sample' AND census_original.dv_create_time = 'NULL' AND census_original.dv_cmdline_args LIKE 'sample' ORDER BY census_original.dv_create_time LIMIT 100;"
2025-07-01T00:06:46.192591,"SELECT census_original.dv_cmdline_args, census_original.dv_create_time FROM census_original  WHERE census_original.dv_version = 'sample' AND census_original.dv_create_time = 'NULL' AND census_original.dv_cmdline_args LIKE 'sample' ORDER BY census_original.dv_create_time LIMIT 100;"
2025-07-01T00:06:46.319877,SELECT census_original.dv_create_date FROM census_original  WHERE census_original.dv_cmdline_args LIKE 'sample' AND census_original.dv_version LIKE 'sample' AND census_original.dv_create_date >= TIMESTAMP '2022-01-01' ORDER BY census_original.dv_create_date LIMIT 100;
2025-07-01T00:06:46.462250,SELECT census_original.dv_version FROM census_original  WHERE census_original.dv_create_time = 'NULL' AND census_original.dv_cmdline_args = 'sample' ORDER BY census_original.dv_version LIMIT 100;
2025-07-01T00:06:46.622009,SELECT census_original.dv_cmdline_args FROM census_original  WHERE census_original.dv_create_date <= TIMESTAMP '2022-01-01' ORDER BY census_original.dv_cmdline_args LIMIT 100;
2025-07-01T00:06:46.800757,SELECT census_original.dv_create_date FROM census_original  WHERE census_original.dv_cmdline_args LIKE 'sample' AND census_original.dv_version LIKE 'sample' AND census_original.dv_create_date >= TIMESTAMP '2022-01-01' ORDER BY census_original.dv_create_date LIMIT 100;
2025-07-01T00:06:46.999342,SELECT census_original.dv_create_time FROM census_original  WHERE census_original.dv_version = 'sample' ORDER BY census_original.dv_create_time LIMIT 100;
2025-07-01T00:06:47.217821,SELECT census_original.dv_cmdline_args FROM census_original  WHERE census_original.dv_create_date <= TIMESTAMP '2022-01-01' ORDER BY census_original.dv_cmdline_args LIMIT 100;
2025-07-01T00:06:47.455455,"SELECT census_original.dv_cmdline_args, census_original.dv_create_time FROM census_original  WHERE census_original.dv_version = 'sample' AND census_original.dv_create_time = 'NULL' AND census_original.dv_cmdline_args LIKE 'sample' ORDER BY census_original.dv_create_time LIMIT 100;"
2025-07-01T00:06:47.710746,SELECT census_original.dv_cmdline_args FROM census_original  WHERE census_original.dv_create_date <= TIMESTAMP '2022-01-01' ORDER BY census_original.dv_cmdline_args LIMIT 100;
2025-07-01T00:06:47.981489,SELECT census_original.dv_version FROM census_original  WHERE census_original.dv_create_time = 'NULL' AND census_original.dv_cmdline_args = 'sample' ORDER BY census_original.dv_version LIMIT 100;
2025-07-01T00:06:48.264863,SELECT census_original.dv_cmdline_args FROM census_original  WHERE census_original.dv_create_date <= TIMESTAMP '2022-01-01' ORDER BY census_original.dv_cmdline_args LIMIT 100;
2025-07-01T00:06:48.557545,SELECT census_original.dv_cmdline_args FROM census_original  WHERE census_original.dv_create_date <= TIMESTAMP '2022-01-01' ORDER BY census_original.dv_cmdline_args LIMIT 100;
2025-07-01T00:06:48.855839,SELECT census_original.dv_cmdline_args FROM census_original  WHERE census_original.dv_create_date <= TIMESTAMP '2022-01-01' ORDER BY census_original.dv_cmdline_args LIMIT 100;
2025-07-01T00:06:49.155828,SELECT census_original.dv_create_date FROM census_original  WHERE census_original.dv_cmdline_args LIKE 'sample' AND census_original.dv_version LIKE 'sample' AND census_original.dv_create_date >= TIMESTAMP '2022-01-01' ORDER BY census_original.dv_create_date LIMIT 100;
2025-07-01T00:06:49.453524,"SELECT census_original.dv_cmdline_args, census_original.dv_create_time FROM census_original  WHERE census_original.dv_version = 'sample' AND census_original.dv_create_time = 'NULL' AND census_original.dv_cmdline_args LIKE 'sample' ORDER BY census_original.dv_create_time LIMIT 100;"
2025-07-01T00:06:49.745034,SELECT census_original.dv_create_time FROM census_original  WHERE census_original.dv_version = 'sample' ORDER BY census_original.dv_create_time LIMIT 100;
2025-07-01T00:06:50.026708,SELECT census_original.dv_cmdline_args FROM census_original  WHERE census_original.dv_create_date <= TIMESTAMP '2022-01-01' ORDER BY census_original.dv_cmdline_args LIMIT 100;
2025-07-01T00:06:50.295291,SELECT census_original.dv_version FROM census_original  WHERE census_original.dv_create_time = 'NULL' AND census_original.dv_cmdline_args = 'sample' ORDER BY census_original.dv_version LIMIT 100;
2025-07-01T00:06:50.548049,SELECT census_original.dv_cmdline_args FROM census_original  WHERE census_original.dv_create_date <= TIMESTAMP '2022-01-01' ORDER BY census_original.dv_cmdline_args LIMIT 100;
2025-07-01T00:06:50.782877,SELECT census_original.dv_create_time FROM census_original  WHERE census_original.dv_version = 'sample' ORDER BY census_original.dv_create_time LIMIT 100;
2025-07-01T00:06:50.998389,"SELECT census_original.dv_cmdline_args, census_original.dv_create_time FROM census_original  WHERE census_original.dv_version = 'sample' AND census_original.dv_create_time = 'NULL' AND census_original.dv_cmdline_args LIKE 'sample' ORDER BY census_original.dv_create_time LIMIT 100;"
2025-07-01T00:06:51.193964,SELECT census_original.dv_create_date FROM census_original  WHERE census_original.dv_cmdline_args LIKE 'sample' AND census_original.dv_version LIKE 'sample' AND census_original.dv_create_date >= TIMESTAMP '2022-01-01' ORDER BY census_original.dv_create_date LIMIT 100;
2025-07-01T00:06:51.369781,SELECT census_original.dv_cmdline_args FROM census_original  WHERE census_original.dv_create_date <= TIMESTAMP '2022-01-01' ORDER BY census_original.dv_cmdline_args LIMIT 100;
2025-07-01T00:06:51.526802,SELECT census_original.dv_create_time FROM census_original  WHERE census_original.dv_version = 'sample' ORDER BY census_original.dv_create_time LIMIT 100;
2025-07-01T00:06:51.666742,SELECT census_original.dv_version FROM census_original  WHERE census_original.dv_create_time = 'NULL' AND census_original.dv_cmdline_args = 'sample' ORDER BY census_original.dv_version LIMIT 100;
2025-07-01T00:06:51.791994,SELECT census_original.dv_version FROM census_original  WHERE census_original.dv_create_time = 'NULL' AND census_original.dv_cmdline_args = 'sample' ORDER BY census_original.dv_version LIMIT 100;
2025-07-01T00:06:51.905539,SELECT census_original.dv_create_date FROM census_original  WHERE census_original.dv_cmdline_args LIKE 'sample' AND census_original.dv_version LIKE 'sample' AND census_original.dv_create_date >= TIMESTAMP '2022-01-01' ORDER BY census_original.dv_create_date LIMIT 100;
2025-07-01T00:06:52.010823,SELECT census_original.dv_version FROM census_original  WHERE census_original.dv_create_time = 'NULL' AND census_original.dv_cmdline_args = 'sample' ORDER BY census_original.dv_version LIMIT 100;
2025-07-01T00:06:52.111622,SELECT census_original.dv_create_date FROM census_original  WHERE census_original.dv_cmdline_args LIKE 'sample' AND census_original.dv_version LIKE 'sample' AND census_original.dv_create_date >= TIMESTAMP '2022-01-01' ORDER BY census_original.dv_create_date LIMIT 100;
2025-07-01T00:06:52.211892,SELECT census_original.dv_create_date FROM census_original  WHERE census_original.dv_cmdline_args LIKE 'sample' AND census_original.dv_version LIKE 'sample' AND census_original.dv_create_date >= TIMESTAMP '2022-01-01' ORDER BY census_original.dv_create_date LIMIT 100;
2025-07-01T00:06:52.315608,SELECT census_original.dv_create_time FROM census_original  WHERE census_original.dv_version = 'sample' ORDER BY census_original.dv_create_time LIMIT 100;
2025-07-01T00:06:52.426608,SELECT census_original.dv_create_time FROM census_original  WHERE census_original.dv_version = 'sample' ORDER BY census_original.dv_create_time LIMIT 100;
2025-07-01T00:06:52.548442,SELECT census_original.dv_create_date FROM census_original  WHERE census_original.dv_cmdline_args LIKE 'sample' AND census_original.dv_version LIKE 'sample' AND census_original.dv_create_date >= TIMESTAMP '2022-01-01' ORDER BY census_original.dv_create_date LIMIT 100;
2025-07-01T00:06:52.684224,SELECT census_original.dv_create_date FROM census_original  WHERE census_original.dv_cmdline_args LIKE 'sample' AND census_original.dv_version LIKE 'sample' AND census_original.dv_create_date >= TIMESTAMP '2022-01-01' ORDER BY census_original.dv_create_date LIMIT 100;
2025-07-01T00:06:52.836515,SELECT census_original.dv_create_date FROM census_original  WHERE census_original.dv_cmdline_args LIKE 'sample' AND census_original.dv_version LIKE 'sample' AND census_original.dv_create_date >= TIMESTAMP '2022-01-01' ORDER BY census_original.dv_create_date LIMIT 100;
2025-07-01T00:06:53.007218,SELECT census_original.dv_create_date FROM census_original  WHERE census_original.dv_cmdline_args LIKE 'sample' AND census_original.dv_version LIKE 'sample' AND census_original.dv_create_date >= TIMESTAMP '2022-01-01' ORDER BY census_original.dv_create_date LIMIT 100;
2025-07-01T00:06:53.197500,SELECT census_original.dv_version FROM census_original  WHERE census_original.dv_create_time = 'NULL' AND census_original.dv_cmdline_args = 'sample' ORDER BY census_original.dv_version LIMIT 100;
2025-07-01T00:06:53.407748,SELECT census_original.dv_cmdline_args FROM census_original  WHERE census_original.dv_create_date <= TIMESTAMP '2022-01-01' ORDER BY census_original.dv_cmdline_args LIMIT 100;
2025-07-01T00:06:53.637555,SELECT census_original.dv_create_time FROM census_original  WHERE census_original.dv_version = 'sample' ORDER BY census_original.dv_create_time LIMIT 100;
2025-07-01T00:06:53.885731,SELECT census_original.dv_create_date FROM census_original  WHERE census_original.dv_cmdline_args LIKE 'sample' AND census_original.dv_version LIKE 'sample' AND census_original.dv_create_date >= TIMESTAMP '2022-01-01' ORDER BY census_original.dv_create_date LIMIT 100;
2025-07-01T00:06:54.150356,SELECT census_original.dv_cmdline_args FROM census_original  WHERE census_original.dv_create_date <= TIMESTAMP '2022-01-01' ORDER BY census_original.dv_cmdline_args LIMIT 100;
2025-07-01T00:06:54.428854,SELECT census_original.dv_create_date FROM census_original  WHERE census_original.dv_cmdline_args LIKE 'sample' AND census_original.dv_version LIKE 'sample' AND census_original.dv_create_date >= TIMESTAMP '2022-01-01' ORDER BY census_original.dv_create_date LIMIT 100;
2025-07-01T00:06:54.718095,SELECT census_original.dv_cmdline_args FROM census_original  WHERE census_original.dv_create_date <= TIMESTAMP '2022-01-01' ORDER BY census_original.dv_cmdline_args LIMIT 100;
2025-07-01T00:06:55.014522,SELECT census_original.dv_create_date FROM census_original  WHERE census_original.dv_cmdline_args LIKE 'sample' AND census_original.dv_version LIKE 'sample' AND census_original.dv_create_date >= TIMESTAMP '2022-01-01' ORDER BY census_original.dv_create_date LIMIT 100;
2025-07-01T00:06:55.314290,SELECT census_original.dv_create_time FROM census_original  WHERE census_original.dv_version = 'sample' ORDER BY census_original.dv_create_time LIMIT 100;
2025-07-01T00:06:55.613422,SELECT census_original.dv_create_date FROM census_original  WHERE census_original.dv_cmdline_args LIKE 'sample' AND census_original.dv_version LIKE 'sample' AND census_original.dv_create_date >= TIMESTAMP '2022-01-01' ORDER BY census_original.dv_create_date LIMIT 100;
2025-07-01T00:06:55.907966,SELECT census_original.dv_create_time FROM census_original  WHERE census_original.dv_version = 'sample' ORDER BY census_original.dv_create_time LIMIT 100;
2025-07-01T00:06:56.194152,"SELECT census_original.dv_cmdline_args, census_original.dv_create_time FROM census_original  WHERE census_original.dv_version = 'sample' AND census_original.dv_create_time = 'NULL' AND census_original.dv_cmdline_args LIKE 'sample' ORDER BY census_original.dv_create_time LIMIT 100;"
2025-07-01T00:06:56.468544,SELECT census_original.dv_version FROM census_original  WHERE census_original.dv_create_time = 'NULL' AND census_original.dv_cmdline_args = 'sample' ORDER BY census_original.dv_version LIMIT 100;
2025-07-01T00:06:56.728178,"SELECT census_original.dv_cmdline_args, census_original.dv_create_time FROM census_original  WHERE census_original.dv_version = 'sample' AND census_original.dv_create_time = 'NULL' AND census_original.dv_cmdline_args LIKE 'sample' ORDER BY census_original.dv_create_time LIMIT 100;"
2025-07-01T00:06:56.970675,SELECT census_original.dv_create_date FROM census_original  WHERE census_original.dv_cmdline_args LIKE 'sample' AND census_original.dv_version LIKE 'sample' AND census_original.dv_create_date >= TIMESTAMP '2022-01-01' ORDER BY census_original.dv_create_date LIMIT 100;
2025-07-01T00:06:57.194341,"SELECT census_original.dv_cmdline_args, census_original.dv_create_time FROM census_original  WHERE census_original.dv_version = 'sample' AND census_original.dv_create_time = 'NULL' AND census_original.dv_cmdline_args LIKE 'sample' ORDER BY census_original.dv_create_time LIMIT 100;"
2025-07-01T00:06:57.398233,SELECT census_original.dv_cmdline_args FROM census_original  WHERE census_original.dv_create_date <= TIMESTAMP '2022-01-01' ORDER BY census_original.dv_cmdline_args LIMIT 100;
2025-07-01T00:06:57.582195,SELECT census_original.dv_cmdline_args FROM census_original  WHERE census_original.dv_create_date <= TIMESTAMP '2022-01-01' ORDER BY census_original.dv_cmdline_args LIMIT 100;
2025-07-01T00:06:57.746867,SELECT census_original.dv_cmdline_args FROM census_original  WHERE census_original.dv_create_date <= TIMESTAMP '2022-01-01' ORDER BY census_original.dv_cmdline_args LIMIT 100;
2025-07-01T00:06:57.893658,SELECT census_original.dv_create_time FROM census_original  WHERE census_original.dv_version = 'sample' ORDER BY census_original.dv_create_time LIMIT 100;
2025-07-01T00:06:58.024688,SELECT census_original.dv_version FROM census_original  WHERE census_original.dv_create_time = 'NULL' AND census_original.dv_cmdline_args = 'sample' ORDER BY census_original.dv_version LIMIT 100;
2025-07-01T00:06:58.142708,SELECT census_original.dv_version FROM census_original  WHERE census_original.dv_create_time = 'NULL' AND census_original.dv_cmdline_args = 'sample' ORDER BY census_original.dv_version LIMIT 100;
2025-07-01T00:06:58.250985,SELECT census_original.dv_cmdline_args FROM census_original  WHERE census_original.dv_create_date <= TIMESTAMP '2022-01-01' ORDER BY census_original.dv_cmdline_args LIMIT 100;
2025-07-01T00:06:58.353176,SELECT census_original.dv_create_date FROM census_original  WHERE census_original.dv_cmdline_args LIKE 'sample' AND census_original.dv_version LIKE 'sample' AND census_original.dv_create_date >= TIMESTAMP '2022-01-01' ORDER BY census_original.dv_create_date LIMIT 100;
2025-07-01T00:06:58.453181,SELECT census_original.dv_cmdline_args FROM census_original  WHERE census_original.dv_create_date <= TIMESTAMP '2022-01-01' ORDER BY census_original.dv_cmdline_args LIMIT 100;
2025-07-01T00:06:58.554985,SELECT census_original.dv_create_time FROM census_original  WHERE census_original.dv_version = 'sample' ORDER BY census_original.dv_create_time LIMIT 100;
2025-07-01T00:06:58.662505,SELECT census_original.dv_create_date FROM census_original  WHERE census_original.dv_cmdline_args LIKE 'sample' AND census_original.dv_version LIKE 'sample' AND census_original.dv_create_date >= TIMESTAMP '2022-01-01' ORDER BY census_original.dv_create_date LIMIT 100;
2025-07-01T00:06:58.779426,SELECT census_original.dv_create_date FROM census_original  WHERE census_original.dv_cmdline_args LIKE 'sample' AND census_original.dv_version LIKE 'sample' AND census_original.dv_create_date >= TIMESTAMP '2022-01-01' ORDER BY census_original.dv_create_date LIMIT 100;
2025-07-01T00:06:58.909061,SELECT census_original.dv_create_time FROM census_original  WHERE census_original.dv_version = 'sample' ORDER BY census_original.dv_create_time LIMIT 100;
2025-07-01T00:06:59.054215,SELECT census_original.dv_create_time FROM census_original  WHERE census_original.dv_version = 'sample' ORDER BY census_original.dv_create_time LIMIT 100;
2025-07-01T00:06:59.217075,SELECT census_original.dv_cmdline_args FROM census_original  WHERE census_original.dv_create_date <= TIMESTAMP '2022-01-01' ORDER BY census_original.dv_cmdline_args LIMIT 100;
2025-07-01T00:06:59.399121,SELECT census_original.dv_create_date FROM census_original  WHERE census_original.dv_cmdline_args LIKE 'sample' AND census_original.dv_version LIKE 'sample' AND census_original.dv_create_date >= TIMESTAMP '2022-01-01' ORDER BY census_original.dv_create_date LIMIT 100;
2025-07-01T00:06:59.601068,SELECT census_original.dv_create_date FROM census_original  WHERE census_original.dv_cmdline_args LIKE 'sample' AND census_original.dv_version LIKE 'sample' AND census_original.dv_create_date >= TIMESTAMP '2022-01-01' ORDER BY census_original.dv_create_date LIMIT 100;
2025-07-01T00:06:59.822841,"SELECT census_original.dv_cmdline_args, census_original.dv_create_time FROM census_original  WHERE census_original.dv_version = 'sample' AND census_original.dv_create_time = 'NULL' AND census_original.dv_cmdline_args LIKE 'sample' ORDER BY census_original.dv_create_time LIMIT 100;"
2025-07-01T00:07:00.063569,SELECT census_original.dv_cmdline_args FROM census_original  WHERE census_original.dv_create_date <= TIMESTAMP '2022-01-01' ORDER BY census_original.dv_cmdline_args LIMIT 100;
2025-07-01T00:07:00.321630,SELECT census_original.dv_create_date FROM census_original  WHERE census_original.dv_cmdline_args LIKE 'sample' AND census_original.dv_version LIKE 'sample' AND census_original.dv_create_date >= TIMESTAMP '2022-01-01' ORDER BY census_original.dv_create_date LIMIT 100;
2025-07-01T00:07:00.594709,SELECT census_original.dv_cmdline_args FROM census_original  WHERE census_original.dv_create_date <= TIMESTAMP '2022-01-01' ORDER BY census_original.dv_cmdline_args LIMIT 100;
2025-07-01T00:07:00.879893,SELECT census_original.dv_cmdline_args FROM census_original  WHERE census_original.dv_create_date <= TIMESTAMP '2022-01-01' ORDER BY census_original.dv_cmdline_args LIMIT 100;
2025-07-01T00:07:01.173785,SELECT census_original.dv_create_date FROM census_original  WHERE census_original.dv_cmdline_args LIKE 'sample' AND census_original.dv_version LIKE 'sample' AND census_original.dv_create_date >= TIMESTAMP '2022-01-01' ORDER BY census_original.dv_create_date LIMIT 100;
2025-07-01T00:07:01.472642,SELECT census_original.dv_create_time FROM census_original  WHERE census_original.dv_version = 'sample' ORDER BY census_original.dv_create_time LIMIT 100;
2025-07-01T00:07:01.772524,SELECT census_original.dv_cmdline_args FROM census_original  WHERE census_original.dv_create_date <= TIMESTAMP '2022-01-01' ORDER BY census_original.dv_cmdline_args LIMIT 100;
2025-07-01T00:07:02.069447,SELECT census_original.dv_version FROM census_original  WHERE census_original.dv_create_time = 'NULL' AND census_original.dv_cmdline_args = 'sample' ORDER BY census_original.dv_version LIMIT 100;
2025-07-01T00:07:02.359549,SELECT census_original.dv_create_date FROM census_original  WHERE census_original.dv_cmdline_args LIKE 'sample' AND census_original.dv_version LIKE 'sample' AND census_original.dv_create_date >= TIMESTAMP '2022-01-01' ORDER BY census_original.dv_create_date LIMIT 100;
2025-07-01T00:07:02.639237,SELECT census_original.dv_create_date FROM census_original  WHERE census_original.dv_cmdline_args LIKE 'sample' AND census_original.dv_version LIKE 'sample' AND census_original.dv_create_date >= TIMESTAMP '2022-01-01' ORDER BY census_original.dv_create_date LIMIT 100;
2025-07-01T00:07:02.905335,SELECT census_original.dv_version FROM census_original  WHERE census_original.dv_create_time = 'NULL' AND census_original.dv_cmdline_args = 'sample' ORDER BY census_original.dv_version LIMIT 100;
2025-07-01T00:07:03.155206,"SELECT census_original.dv_cmdline_args, census_original.dv_create_time FROM census_original  WHERE census_original.dv_version = 'sample' AND census_original.dv_create_time = 'NULL' AND census_original.dv_cmdline_args LIKE 'sample' ORDER BY census_original.dv_create_time LIMIT 100;"
2025-07-01T00:07:03.386863,"SELECT census_original.dv_cmdline_args, census_original.dv_create_time FROM census_original  WHERE census_original.dv_version = 'sample' AND census_original.dv_create_time = 'NULL' AND census_original.dv_cmdline_args LIKE 'sample' ORDER BY census_original.dv_create_time LIMIT 100;"
2025-07-01T00:07:03.599044,SELECT census_original.dv_cmdline_args FROM census_original  WHERE census_original.dv_create_date <= TIMESTAMP '2022-01-01' ORDER BY census_original.dv_cmdline_args LIMIT 100;
2025-07-01T00:07:03.791263,SELECT census_original.dv_create_date FROM census_original  WHERE census_original.dv_cmdline_args LIKE 'sample' AND census_original.dv_version LIKE 'sample' AND census_original.dv_create_date >= TIMESTAMP '2022-01-01' ORDER BY census_original.dv_create_date LIMIT 100;
2025-07-01T00:07:03.963831,SELECT census_original.dv_cmdline_args FROM census_original  WHERE census_original.dv_create_date <= TIMESTAMP '2022-01-01' ORDER BY census_original.dv_cmdline_args LIMIT 100;
2025-07-01T00:07:04.117841,SELECT census_original.dv_version FROM census_original  WHERE census_original.dv_create_time = 'NULL' AND census_original.dv_cmdline_args = 'sample' ORDER BY census_original.dv_version LIMIT 100;
2025-07-01T00:07:04.255126,SELECT census_original.dv_create_date FROM census_original  WHERE census_original.dv_cmdline_args LIKE 'sample' AND census_original.dv_version LIKE 'sample' AND census_original.dv_create_date >= TIMESTAMP '2022-01-01' ORDER BY census_original.dv_create_date LIMIT 100;
2025-07-01T00:07:04.378187,SELECT census_original.dv_create_time FROM census_original  WHERE census_original.dv_version = 'sample' ORDER BY census_original.dv_create_time LIMIT 100;
2025-07-01T00:07:04.490091,SELECT census_original.dv_version FROM census_original  WHERE census_original.dv_create_time = 'NULL' AND census_original.dv_cmdline_args = 'sample' ORDER BY census_original.dv_version LIMIT 100;
2025-07-01T00:07:04.594350,SELECT census_original.dv_create_date FROM census_original  WHERE census_original.dv_cmdline_args LIKE 'sample' AND census_original.dv_version LIKE 'sample' AND census_original.dv_create_date >= TIMESTAMP '2022-01-01' ORDER BY census_original.dv_create_date LIMIT 100;
2025-07-01T00:07:04.694781,SELECT census_original.dv_version FROM census_original  WHERE census_original.dv_create_time = 'NULL' AND census_original.dv_cmdline_args = 'sample' ORDER BY census_original.dv_version LIMIT 100;
2025-07-01T00:07:04.795354,SELECT census_original.dv_create_date FROM census_original  WHERE census_original.dv_cmdline_args LIKE 'sample' AND census_original.dv_version LIKE 'sample' AND census_original.dv_create_date >= TIMESTAMP '2022-01-01' ORDER BY census_original.dv_create_date LIMIT 100;
2025-07-01T00:07:04.900032,SELECT census_original.dv_create_date FROM census_original  WHERE census_original.dv_cmdline_args LIKE 'sample' AND census_original.dv_version LIKE 'sample' AND census_original.dv_create_date >= TIMESTAMP '2022-01-01' ORDER BY census_original.dv_create_date LIMIT 100;
2025-07-01T00:07:05.012616,SELECT census_original.dv_create_date FROM census_original  WHERE census_original.dv_cmdline_args LIKE 'sample' AND census_original.dv_version LIKE 'sample' AND census_original.dv_create_date >= TIMESTAMP '2022-01-01' ORDER BY census_original.dv_create_date LIMIT 100;
2025-07-01T00:07:05.136591,"SELECT census_original.dv_cmdline_args, census_original.dv_create_time FROM census_original  WHERE census_original.dv_version = 'sample' AND census_original.dv_create_time = 'NULL' AND census_original.dv_cmdline_args LIKE 'sample' ORDER BY census_original.dv_create_time LIMIT 100;"
2025-07-01T00:07:05.274987,SELECT census_original.dv_create_time FROM census_original  WHERE census_original.dv_version = 'sample' ORDER BY census_original.dv_create_time LIMIT 100;
2025-07-01T00:07:05.430260,"SELECT census_original.dv_cmdline_args, census_original.dv_create_time FROM census_original  WHERE census_original.dv_version = 'sample' AND census_original.dv_create_time = 'NULL' AND census_original.dv_cmdline_args LIKE 'sample' ORDER BY census_original.dv_create_time LIMIT 100;"
2025-07-01T00:07:05.604194,SELECT census_original.dv_cmdline_args FROM census_original  WHERE census_original.dv_create_date <= TIMESTAMP '2022-01-01' ORDER BY census_original.dv_cmdline_args LIMIT 100;
2025-07-01T00:07:05.797828,SELECT census_original.dv_create_date FROM census_original  WHERE census_original.dv_cmdline_args LIKE 'sample' AND census_original.dv_version LIKE 'sample' AND census_original.dv_create_date >= TIMESTAMP '2022-01-01' ORDER BY census_original.dv_create_date LIMIT 100;
2025-07-01T00:07:06.011415,SELECT census_original.dv_cmdline_args FROM census_original  WHERE census_original.dv_create_date <= TIMESTAMP '2022-01-01' ORDER BY census_original.dv_cmdline_args LIMIT 100;
2025-07-01T00:07:06.244414,SELECT census_original.dv_create_date FROM census_original  WHERE census_original.dv_cmdline_args LIKE 'sample' AND census_original.dv_version LIKE 'sample' AND census_original.dv_create_date >= TIMESTAMP '2022-01-01' ORDER BY census_original.dv_create_date LIMIT 100;
2025-07-01T00:07:06.495509,SELECT census_original.dv_create_time FROM census_original  WHERE census_original.dv_version = 'sample' ORDER BY census_original.dv_create_time LIMIT 100;
2025-07-01T00:07:06.762664,"SELECT census_original.dv_cmdline_args, census_original.dv_create_time FROM census_original  WHERE census_original.dv_version = 'sample' AND census_original.dv_create_time = 'NULL' AND census_original.dv_cmdline_args LIKE 'sample' ORDER BY census_original.dv_create_time LIMIT 100;"
2025-07-01T00:07:07.043201,"SELECT census_original.dv_cmdline_args, census_original.dv_create_time FROM census_original  WHERE census_original.dv_version = 'sample' AND census_original.dv_create_time = 'NULL' AND census_original.dv_cmdline_args LIKE 'sample' ORDER BY census_original.dv_create_time LIMIT 100;"
2025-07-01T00:07:07.333909,SELECT census_original.dv_create_date FROM census_original  WHERE census_original.dv_cmdline_args LIKE 'sample' AND census_original.dv_version LIKE 'sample' AND census_original.dv_create_date >= TIMESTAMP '2022-01-01' ORDER BY census_original.dv_create_date LIMIT 100;
2025-07-01T00:07:07.631172,"SELECT census_original.dv_cmdline_args, census_original.dv_create_time FROM census_original  WHERE census_original.dv_version = 'sample' AND census_original.dv_create_time = 'NULL' AND census_original.dv_cmdline_args LIKE 'sample' ORDER BY census_original.dv_create_time LIMIT 100;"
2025-07-01T00:07:07.931112,SELECT census_original.dv_cmdline_args FROM census_original  WHERE census_original.dv_create_date <= TIMESTAMP '2022-01-01' ORDER BY census_original.dv_cmdline_args LIMIT 100;
2025-07-01T00:07:08.229746,SELECT census_original.dv_version FROM census_original  WHERE census_original.dv_create_time = 'NULL' AND census_original.dv_cmdline_args = 'sample' ORDER BY census_original.dv_version LIMIT 100;
2025-07-01T00:07:08.523140,SELECT census_original.dv_create_time FROM census_original  WHERE census_original.dv_version = 'sample' ORDER BY census_original.dv_create_time LIMIT 100;
2025-07-01T00:07:08.807573,SELECT census_original.dv_create_time FROM census_original  WHERE census_original.dv_version = 'sample' ORDER BY census_original.dv_create_time LIMIT 100;
2025-07-01T00:07:09.079676,SELECT census_original.dv_create_time FROM census_original  WHERE census_original.dv_version = 'sample' ORDER BY census_original.dv_create_time LIMIT 100;
2025-07-01T00:07:09.336577,SELECT census_original.dv_create_date FROM census_original  WHERE census_original.dv_cmdline_args LIKE 'sample' AND census_original.dv_version LIKE 'sample' AND census_original.dv_create_date >= TIMESTAMP '2022-01-01' ORDER BY census_original.dv_create_date LIMIT 100;
2025-07-01T00:07:09.576007,SELECT census_original.dv_create_time FROM census_original  WHERE census_original.dv_version = 'sample' ORDER BY census_original.dv_create_time LIMIT 100;
2025-07-01T00:07:09.796393,"SELECT census_original.dv_cmdline_args, census_original.dv_create_time FROM census_original  WHERE census_original.dv_version = 'sample' AND census_original.dv_create_time = 'NULL' AND census_original.dv_cmdline_args LIKE 'sample' ORDER BY census_original.dv_create_time LIMIT 100;"
2025-07-01T00:07:09.996922,SELECT census_original.dv_create_date FROM census_original  WHERE census_original.dv_cmdline_args LIKE 'sample' AND census_original.dv_version LIKE 'sample' AND census_original.dv_create_date >= TIMESTAMP '2022-01-01' ORDER BY census_original.dv_create_date LIMIT 100;
2025-07-01T00:07:10.177575,SELECT census_original.dv_create_time FROM census_original  WHERE census_original.dv_version = 'sample' ORDER BY census_original.dv_create_time LIMIT 100;
2025-07-01T00:07:10.339122,SELECT census_original.dv_create_date FROM census_original  WHERE census_original.dv_cmdline_args LIKE 'sample' AND census_original.dv_version LIKE 'sample' AND census_original.dv_create_date >= TIMESTAMP '2022-01-01' ORDER BY census_original.dv_create_date LIMIT 100;
2025-07-01T00:07:10.483096,"SELECT census_original.dv_cmdline_args, census_original.dv_create_time FROM census_original  WHERE census_original.dv_version = 'sample' AND census_original.dv_create_time = 'NULL' AND census_original.dv_cmdline_args LIKE 'sample' ORDER BY census_original.dv_create_time LIMIT 100;"
2025-07-01T00:07:10.611730,SELECT census_original.dv_create_time FROM census_original  WHERE census_original.dv_version = 'sample' ORDER BY census_original.dv_create_time LIMIT 100;
2025-07-01T00:07:10.727871,"SELECT census_original.dv_cmdline_args, census_original.dv_create_time FROM census_original  WHERE census_original.dv_version = 'sample' AND census_original.dv_create_time = 'NULL' AND census_original.dv_cmdline_args LIKE 'sample' ORDER BY census_original.dv_create_time LIMIT 100;"
2025-07-01T00:07:10.834860,"SELECT census_original.dv_cmdline_args, census_original.dv_create_time FROM census_original  WHERE census_original.dv_version = 'sample' AND census_original.dv_create_time = 'NULL' AND census_original.dv_cmdline_args LIKE 'sample' ORDER BY census_original.dv_create_time LIMIT 100;"
2025-07-01T00:07:10.936407,SELECT census_original.dv_create_date FROM census_original  WHERE census_original.dv_cmdline_args LIKE 'sample' AND census_original.dv_version LIKE 'sample' AND census_original.dv_create_date >= TIMESTAMP '2022-01-01' ORDER BY census_original.dv_create_date LIMIT 100;
2025-07-01T00:07:11.036435,SELECT census_original.dv_cmdline_args FROM census_original  WHERE census_original.dv_create_date <= TIMESTAMP '2022-01-01' ORDER BY census_original.dv_cmdline_args LIMIT 100;
2025-07-01T00:07:11.138931,SELECT census_original.dv_create_time FROM census_original  WHERE census_original.dv_version = 'sample' ORDER BY census_original.dv_create_time LIMIT 100;
2025-07-01T00:07:11.247782,SELECT census_original.dv_version FROM census_original  WHERE census_original.dv_create_time = 'NULL' AND census_original.dv_cmdline_args = 'sample' ORDER BY census_original.dv_version LIMIT 100;
2025-07-01T00:07:11.366622,"SELECT census_original.dv_cmdline_args, census_original.dv_create_time FROM census_original  WHERE census_original.dv_version = 'sample' AND census_original.dv_create_time = 'NULL' AND census_original.dv_cmdline_args LIKE 'sample' ORDER BY census_original.dv_create_time LIMIT 100;"
2025-07-01T00:07:11.498686,SELECT census_original.dv_create_time FROM census_original  WHERE census_original.dv_version = 'sample' ORDER BY census_original.dv_create_time LIMIT 100;
2025-07-01T00:07:11.646682,SELECT census_original.dv_cmdline_args FROM census_original  WHERE census_original.dv_create_date <= TIMESTAMP '2022-01-01' ORDER BY census_original.dv_cmdline_args LIMIT 100;
2025-07-01T00:07:11.812685,SELECT census_original.dv_create_time FROM census_original  WHERE census_original.dv_version = 'sample' ORDER BY census_original.dv_create_time LIMIT 100;
2025-07-01T00:07:11.998048,SELECT census_original.dv_create_time FROM census_original  WHERE census_original.dv_version = 'sample' ORDER BY census_original.dv_create_time LIMIT 100;
2025-07-01T00:07:12.203357,SELECT census_original.dv_create_time FROM census_original  WHERE census_original.dv_version = 'sample' ORDER BY census_original.dv_create_time LIMIT 100;
2025-07-01T00:07:12.428398,SELECT census_original.dv_create_time FROM census_original  WHERE census_original.dv_version = 'sample' ORDER BY census_original.dv_create_time LIMIT 100;
2025-07-01T00:07:12.672175,SELECT census_original.dv_cmdline_args FROM census_original  WHERE census_original.dv_create_date <= TIMESTAMP '2022-01-01' ORDER BY census_original.dv_cmdline_args LIMIT 100;
2025-07-01T00:07:12.932940,"SELECT census_original.dv_cmdline_args, census_original.dv_create_time FROM census_original  WHERE census_original.dv_version = 'sample' AND census_original.dv_create_time = 'NULL' AND census_original.dv_cmdline_args LIKE 'sample' ORDER BY census_original.dv_create_time LIMIT 100;"
2025-07-01T00:07:13.208273,"SELECT census_original.dv_cmdline_args, census_original.dv_create_time FROM census_original  WHERE census_original.dv_version = 'sample' AND census_original.dv_create_time = 'NULL' AND census_original.dv_cmdline_args LIKE 'sample' ORDER BY census_original.dv_create_time LIMIT 100;"
2025-07-01T00:07:13.495170,SELECT census_original.dv_version FROM census_original  WHERE census_original.dv_create_time = 'NULL' AND census_original.dv_cmdline_args = 'sample' ORDER BY census_original.dv_version LIMIT 100;
2025-07-01T00:07:13.790166,SELECT census_original.dv_create_date FROM census_original  WHERE census_original.dv_cmdline_args LIKE 'sample' AND census_original.dv_version LIKE 'sample' AND census_original.dv_create_date >= TIMESTAMP '2022-01-01' ORDER BY census_original.dv_create_date LIMIT 100;
2025-07-01T00:07:14.089474,SELECT census_original.dv_cmdline_args FROM census_original  WHERE census_original.dv_create_date <= TIMESTAMP '2022-01-01' ORDER BY census_original.dv_cmdline_args LIMIT 100;
2025-07-01T00:07:14.389135,"SELECT census_original.dv_cmdline_args, census_original.dv_create_time FROM census_original  WHERE census_original.dv_version = 'sample' AND census_original.dv_create_time = 'NULL' AND census_original.dv_cmdline_args LIKE 'sample' ORDER BY census_original.dv_create_time LIMIT 100;"
2025-07-01T00:07:14.685177,SELECT census_original.dv_create_date FROM census_original  WHERE census_original.dv_cmdline_args LIKE 'sample' AND census_original.dv_version LIKE 'sample' AND census_original.dv_create_date >= TIMESTAMP '2022-01-01' ORDER BY census_original.dv_create_date LIMIT 100;
2025-07-01T00:07:14.973769,SELECT census_original.dv_cmdline_args FROM census_original  WHERE census_original.dv_create_date <= TIMESTAMP '2022-01-01' ORDER BY census_original.dv_cmdline_args LIMIT 100;
2025-07-01T00:07:15.251381,SELECT census_original.dv_cmdline_args FROM census_original  WHERE census_original.dv_create_date <= TIMESTAMP '2022-01-01' ORDER BY census_original.dv_cmdline_args LIMIT 100;
2025-07-01T00:07:15.514918,SELECT census_original.dv_version FROM census_original  WHERE census_original.dv_create_time = 'NULL' AND census_original.dv_cmdline_args = 'sample' ORDER BY census_original.dv_version LIMIT 100;
2025-07-01T00:07:15.761847,"SELECT census_original.dv_cmdline_args, census_original.dv_create_time FROM census_original  WHERE census_original.dv_version = 'sample' AND census_original.dv_create_time = 'NULL' AND census_original.dv_cmdline_args LIKE 'sample' ORDER BY census_original.dv_create_time LIMIT 100;"
2025-07-01T00:07:15.990296,SELECT census_original.dv_create_date FROM census_original  WHERE census_original.dv_cmdline_args LIKE 'sample' AND census_original.dv_version LIKE 'sample' AND census_original.dv_create_date >= TIMESTAMP '2022-01-01' ORDER BY census_original.dv_create_date LIMIT 100;
2025-07-01T00:07:16.199133,SELECT census_original.dv_cmdline_args FROM census_original  WHERE census_original.dv_create_date <= TIMESTAMP '2022-01-01' ORDER BY census_original.dv_cmdline_args LIMIT 100;
2025-07-01T00:07:16.388005,SELECT census_original.dv_create_time FROM census_original  WHERE census_original.dv_version = 'sample' ORDER BY census_original.dv_create_time LIMIT 100;
2025-07-01T00:07:16.557355,SELECT census_original.dv_create_time FROM census_original  WHERE census_original.dv_version = 'sample' ORDER BY census_original.dv_create_time LIMIT 100;
2025-07-01T00:07:16.708405,"SELECT census_original.dv_cmdline_args, census_original.dv_create_time FROM census_original  WHERE census_original.dv_version = 'sample' AND census_original.dv_create_time = 'NULL' AND census_original.dv_cmdline_args LIKE 'sample' ORDER BY census_original.dv_create_time LIMIT 100;"
2025-07-01T00:07:16.843106,SELECT census_original.dv_create_date FROM census_original  WHERE census_original.dv_cmdline_args LIKE 'sample' AND census_original.dv_version LIKE 'sample' AND census_original.dv_create_date >= TIMESTAMP '2022-01-01' ORDER BY census_original.dv_create_date LIMIT 100;
2025-07-01T00:07:16.964063,SELECT census_original.dv_create_date FROM census_original  WHERE census_original.dv_cmdline_args LIKE 'sample' AND census_original.dv_version LIKE 'sample' AND census_original.dv_create_date >= TIMESTAMP '2022-01-01' ORDER BY census_original.dv_create_date LIMIT 100;
2025-07-01T00:07:17.074426,SELECT census_original.dv_cmdline_args FROM census_original  WHERE census_original.dv_create_date <= TIMESTAMP '2022-01-01' ORDER BY census_original.dv_cmdline_args LIMIT 100;
2025-07-01T00:07:17.177768,SELECT census_original.dv_create_date FROM census_original  WHERE census_original.dv_cmdline_args LIKE 'sample' AND census_original.dv_version LIKE 'sample' AND census_original.dv_create_date >= TIMESTAMP '2022-01-01' ORDER BY census_original.dv_create_date LIMIT 100;
2025-07-01T00:07:17.277944,"SELECT census_original.dv_cmdline_args, census_original.dv_create_time FROM census_original  WHERE census_original.dv_version = 'sample' AND census_original.dv_create_time = 'NULL' AND census_original.dv_cmdline_args LIKE 'sample' ORDER BY census_original.dv_create_time LIMIT 100;"
2025-07-01T00:07:17.378933,SELECT census_original.dv_create_date FROM census_original  WHERE census_original.dv_cmdline_args LIKE 'sample' AND census_original.dv_version LIKE 'sample' AND census_original.dv_create_date >= TIMESTAMP '2022-01-01' ORDER BY census_original.dv_create_date LIMIT 100;
2025-07-01T00:07:17.484681,SELECT census_original.dv_version FROM census_original  WHERE census_original.dv_create_time = 'NULL' AND census_original.dv_cmdline_args = 'sample' ORDER BY census_original.dv_version LIMIT 100;
2025-07-01T00:07:17.598947,SELECT census_original.dv_create_date FROM census_original  WHERE census_original.dv_cmdline_args LIKE 'sample' AND census_original.dv_version LIKE 'sample' AND census_original.dv_create_date >= TIMESTAMP '2022-01-01' ORDER BY census_original.dv_create_date LIMIT 100;
2025-07-01T00:07:17.725149,SELECT census_original.dv_cmdline_args FROM census_original  WHERE census_original.dv_create_date <= TIMESTAMP '2022-01-01' ORDER BY census_original.dv_cmdline_args LIMIT 100;
2025-07-01T00:07:17.866228,SELECT census_original.dv_create_date FROM census_original  WHERE census_original.dv_cmdline_args LIKE 'sample' AND census_original.dv_version LIKE 'sample' AND census_original.dv_create_date >= TIMESTAMP '2022-01-01' ORDER BY census_original.dv_create_date LIMIT 100;
2025-07-01T00:07:18.024534,SELECT census_original.dv_cmdline_args FROM census_original  WHERE census_original.dv_create_date <= TIMESTAMP '2022-01-01' ORDER BY census_original.dv_cmdline_args LIMIT 100;
2025-07-01T00:07:18.201729,"SELECT census_original.dv_cmdline_args, census_original.dv_create_time FROM census_original  WHERE census_original.dv_version = 'sample' AND census_original.dv_create_time = 'NULL' AND census_original.dv_cmdline_args LIKE 'sample' ORDER BY census_original.dv_create_time LIMIT 100;"
2025-07-01T00:07:18.398722,"SELECT census_original.dv_cmdline_args, census_original.dv_create_time FROM census_original  WHERE census_original.dv_version = 'sample' AND census_original.dv_create_time = 'NULL' AND census_original.dv_cmdline_args LIKE 'sample' ORDER BY census_original.dv_create_time LIMIT 100;"
2025-07-01T00:07:18.615632,SELECT census_original.dv_create_time FROM census_original  WHERE census_original.dv_version = 'sample' ORDER BY census_original.dv_create_time LIMIT 100;
2025-07-01T00:07:18.851787,SELECT census_original.dv_create_time FROM census_original  WHERE census_original.dv_version = 'sample' ORDER BY census_original.dv_create_time LIMIT 100;
2025-07-01T00:07:19.105744,SELECT census_original.dv_create_time FROM census_original  WHERE census_original.dv_version = 'sample' ORDER BY census_original.dv_create_time LIMIT 100;
2025-07-01T00:07:19.375352,SELECT census_original.dv_create_time FROM census_original  WHERE census_original.dv_version = 'sample' ORDER BY census_original.dv_create_time LIMIT 100;
2025-07-01T00:07:19.657836,"SELECT census_original.dv_cmdline_args, census_original.dv_create_time FROM census_original  WHERE census_original.dv_version = 'sample' AND census_original.dv_create_time = 'NULL' AND census_original.dv_cmdline_args LIKE 'sample' ORDER BY census_original.dv_create_time LIMIT 100;"
2025-07-01T00:07:19.949908,SELECT census_original.dv_version FROM census_original  WHERE census_original.dv_create_time = 'NULL' AND census_original.dv_cmdline_args = 'sample' ORDER BY census_original.dv_version LIMIT 100;
2025-07-01T00:07:20.247897,"SELECT census_original.dv_cmdline_args, census_original.dv_create_time FROM census_original  WHERE census_original.dv_version = 'sample' AND census_original.dv_create_time = 'NULL' AND census_original.dv_cmdline_args LIKE 'sample' ORDER BY census_original.dv_create_time LIMIT 100;"
2025-07-01T00:07:20.547897,SELECT census_original.dv_version FROM census_original  WHERE census_original.dv_create_time = 'NULL' AND census_original.dv_cmdline_args = 'sample' ORDER BY census_original.dv_version LIMIT 100;
2025-07-01T00:07:20.845921,"SELECT census_original.dv_cmdline_args, census_original.dv_create_time FROM census_original  WHERE census_original.dv_version = 'sample' AND census_original.dv_create_time = 'NULL' AND census_original.dv_cmdline_args LIKE 'sample' ORDER BY census_original.dv_create_time LIMIT 100;"
2025-07-01T00:07:21.138061,"SELECT census_original.dv_cmdline_args, census_original.dv_create_time FROM census_original  WHERE census_original.dv_version = 'sample' AND census_original.dv_create_time = 'NULL' AND census_original.dv_cmdline_args LIKE 'sample' ORDER BY census_original.dv_create_time LIMIT 100;"
2025-07-01T00:07:21.420644,SELECT census_original.dv_create_time FROM census_original  WHERE census_original.dv_version = 'sample' ORDER BY census_original.dv_create_time LIMIT 100;
2025-07-01T00:07:21.690377,SELECT census_original.dv_cmdline_args FROM census_original  WHERE census_original.dv_create_date <= TIMESTAMP '2022-01-01' ORDER BY census_original.dv_cmdline_args LIMIT 100;
2025-07-01T00:07:21.944481,"SELECT census_original.dv_cmdline_args, census_original.dv_create_time FROM census_original  WHERE census_original.dv_version = 'sample' AND census_original.dv_create_time = 'NULL' AND census_original.dv_cmdline_args LIKE 'sample' ORDER BY census_original.dv_create_time LIMIT 100;"
2025-07-01T00:07:22.180798,"SELECT census_original.dv_cmdline_args, census_original.dv_create_time FROM census_original  WHERE census_original.dv_version = 'sample' AND census_original.dv_create_time = 'NULL' AND census_original.dv_cmdline_args LIKE 'sample' ORDER BY census_original.dv_create_time LIMIT 100;"
2025-07-01T00:07:22.397881,SELECT census_original.dv_create_date FROM census_original  WHERE census_original.dv_cmdline_args LIKE 'sample' AND census_original.dv_version LIKE 'sample' AND census_original.dv_create_date >= TIMESTAMP '2022-01-01' ORDER BY census_original.dv_create_date LIMIT 100;
2025-07-01T00:07:22.595048,SELECT census_original.dv_create_time FROM census_original  WHERE census_original.dv_version = 'sample' ORDER BY census_original.dv_create_time LIMIT 100;
2025-07-01T00:07:22.772413,SELECT census_original.dv_create_date FROM census_original  WHERE census_original.dv_cmdline_args LIKE 'sample' AND census_original.dv_version LIKE 'sample' AND census_original.dv_create_date >= TIMESTAMP '2022-01-01' ORDER BY census_original.dv_create_date LIMIT 100;
2025-07-01T00:07:22.930878,SELECT census_original.dv_version FROM census_original  WHERE census_original.dv_create_time = 'NULL' AND census_original.dv_cmdline_args = 'sample' ORDER BY census_original.dv_version LIMIT 100;
2025-07-01T00:07:23.072098,SELECT census_original.dv_create_time FROM census_original  WHERE census_original.dv_version = 'sample' ORDER BY census_original.dv_create_time LIMIT 100;
2025-07-01T00:07:23.198418,SELECT census_original.dv_version FROM census_original  WHERE census_original.dv_create_time = 'NULL' AND census_original.dv_cmdline_args = 'sample' ORDER BY census_original.dv_version LIMIT 100;
2025-07-01T00:07:23.312774,SELECT census_original.dv_cmdline_args FROM census_original  WHERE census_original.dv_create_date <= TIMESTAMP '2022-01-01' ORDER BY census_original.dv_cmdline_args LIMIT 100;
2025-07-01T00:07:23.418581,SELECT census_original.dv_version FROM census_original  WHERE census_original.dv_create_time = 'NULL' AND census_original.dv_cmdline_args = 'sample' ORDER BY census_original.dv_version LIMIT 100;
2025-07-01T00:07:23.519594,"SELECT census_original.dv_cmdline_args, census_original.dv_create_time FROM census_original  WHERE census_original.dv_version = 'sample' AND census_original.dv_create_time = 'NULL' AND census_original.dv_cmdline_args LIKE 'sample' ORDER BY census_original.dv_create_time LIMIT 100;"
2025-07-01T00:07:23.619760,SELECT census_original.dv_create_date FROM census_original  WHERE census_original.dv_cmdline_args LIKE 'sample' AND census_original.dv_version LIKE 'sample' AND census_original.dv_create_date >= TIMESTAMP '2022-01-01' ORDER BY census_original.dv_create_date LIMIT 100;
2025-07-01T00:07:23.723057,SELECT census_original.dv_version FROM census_original  WHERE census_original.dv_create_time = 'NULL' AND census_original.dv_cmdline_args = 'sample' ORDER BY census_original.dv_version LIMIT 100;
2025-07-01T00:07:23.833343,SELECT census_original.dv_create_time FROM census_original  WHERE census_original.dv_version = 'sample' ORDER BY census_original.dv_create_time LIMIT 100;
2025-07-01T00:07:23.954193,SELECT census_original.dv_create_time FROM census_original  WHERE census_original.dv_version = 'sample' ORDER BY census_original.dv_create_time LIMIT 100;
2025-07-01T00:07:24.088762,"SELECT census_original.dv_cmdline_args, census_original.dv_create_time FROM census_original  WHERE census_original.dv_version = 'sample' AND census_original.dv_create_time = 'NULL' AND census_original.dv_cmdline_args LIKE 'sample' ORDER BY census_original.dv_create_time LIMIT 100;"
2025-07-01T00:07:24.239660,SELECT census_original.dv_version FROM census_original  WHERE census_original.dv_create_time = 'NULL' AND census_original.dv_cmdline_args = 'sample' ORDER BY census_original.dv_version LIMIT 100;
2025-07-01T00:07:24.408844,SELECT census_original.dv_cmdline_args FROM census_original  WHERE census_original.dv_create_date <= TIMESTAMP '2022-01-01' ORDER BY census_original.dv_cmdline_args LIMIT 100;
2025-07-01T00:07:24.597542,SELECT census_original.dv_version FROM census_original  WHERE census_original.dv_create_time = 'NULL' AND census_original.dv_cmdline_args = 'sample' ORDER BY census_original.dv_version LIMIT 100;
2025-07-01T00:07:24.806205,SELECT census_original.dv_cmdline_args FROM census_original  WHERE census_original.dv_create_date <= TIMESTAMP '2022-01-01' ORDER BY census_original.dv_cmdline_args LIMIT 100;
2025-07-01T00:07:25.034487,SELECT census_original.dv_cmdline_args FROM census_original  WHERE census_original.dv_create_date <= TIMESTAMP '2022-01-01' ORDER BY census_original.dv_cmdline_args LIMIT 100;
2025-07-01T00:07:25.281262,SELECT census_original.dv_create_date FROM census_original  WHERE census_original.dv_cmdline_args LIKE 'sample' AND census_original.dv_version LIKE 'sample' AND census_original.dv_create_date >= TIMESTAMP '2022-01-01' ORDER BY census_original.dv_create_date LIMIT 100;
2025-07-01T00:07:25.544664,"SELECT census_original.dv_cmdline_args, census_original.dv_create_time FROM census_original  WHERE census_original.dv_version = 'sample' AND census_original.dv_create_time = 'NULL' AND census_original.dv_cmdline_args LIKE 'sample' ORDER BY census_original.dv_create_time LIMIT 100;"
2025-07-01T00:07:25.822165,"SELECT census_original.dv_cmdline_args, census_original.dv_create_time FROM census_original  WHERE census_original.dv_version = 'sample' AND census_original.dv_create_time = 'NULL' AND census_original.dv_cmdline_args LIKE 'sample' ORDER BY census_original.dv_create_time LIMIT 100;"
2025-07-01T00:07:26.110676,SELECT census_original.dv_create_date FROM census_original  WHERE census_original.dv_cmdline_args LIKE 'sample' AND census_original.dv_version LIKE 'sample' AND census_original.dv_create_date >= TIMESTAMP '2022-01-01' ORDER BY census_original.dv_create_date LIMIT 100;
2025-07-01T00:07:26.406669,SELECT census_original.dv_cmdline_args FROM census_original  WHERE census_original.dv_create_date <= TIMESTAMP '2022-01-01' ORDER BY census_original.dv_cmdline_args LIMIT 100;
2025-07-01T00:07:26.706316,"SELECT census_original.dv_cmdline_args, census_original.dv_create_time FROM census_original  WHERE census_original.dv_version = 'sample' AND census_original.dv_create_time = 'NULL' AND census_original.dv_cmdline_args LIKE 'sample' ORDER BY census_original.dv_create_time LIMIT 100;"
2025-07-01T00:07:27.005645,SELECT census_original.dv_cmdline_args FROM census_original  WHERE census_original.dv_create_date <= TIMESTAMP '2022-01-01' ORDER BY census_original.dv_cmdline_args LIMIT 100;
2025-07-01T00:07:27.300695,SELECT census_original.dv_version FROM census_original  WHERE census_original.dv_create_time = 'NULL' AND census_original.dv_cmdline_args = 'sample' ORDER BY census_original.dv_version LIMIT 100;
2025-07-01T00:07:27.587678,SELECT census_original.dv_cmdline_args FROM census_original  WHERE census_original.dv_create_date <= TIMESTAMP '2022-01-01' ORDER BY census_original.dv_cmdline_args LIMIT 100;
2025-07-01T00:07:27.863125,SELECT census_original.dv_version FROM census_original  WHERE census_original.dv_create_time = 'NULL' AND census_original.dv_cmdline_args = 'sample' ORDER BY census_original.dv_version LIMIT 100;
2025-07-01T00:07:28.124030,"SELECT census_original.dv_cmdline_args, census_original.dv_create_time FROM census_original  WHERE census_original.dv_version = 'sample' AND census_original.dv_create_time = 'NULL' AND census_original.dv_cmdline_args LIKE 'sample' ORDER BY census_original.dv_create_time LIMIT 100;"
2025-07-01T00:07:28.367963,SELECT census_original.dv_cmdline_args FROM census_original  WHERE census_original.dv_create_date <= TIMESTAMP '2022-01-01' ORDER BY census_original.dv_cmdline_args LIMIT 100;
2025-07-01T00:07:28.593174,SELECT census_original.dv_cmdline_args FROM census_original  WHERE census_original.dv_create_date <= TIMESTAMP '2022-01-01' ORDER BY census_original.dv_cmdline_args LIMIT 100;
2025-07-01T00:07:28.798656,SELECT census_original.dv_create_date FROM census_original  WHERE census_original.dv_cmdline_args LIKE 'sample' AND census_original.dv_version LIKE 'sample' AND census_original.dv_create_date >= TIMESTAMP '2022-01-01' ORDER BY census_original.dv_create_date LIMIT 100;
2025-07-01T00:07:28.984193,SELECT census_original.dv_cmdline_args FROM census_original  WHERE census_original.dv_create_date <= TIMESTAMP '2022-01-01' ORDER BY census_original.dv_cmdline_args LIMIT 100;
2025-07-01T00:07:29.150359,SELECT census_original.dv_create_date FROM census_original  WHERE census_original.dv_cmdline_args LIKE 'sample' AND census_original.dv_version LIKE 'sample' AND census_original.dv_create_date >= TIMESTAMP '2022-01-01' ORDER BY census_original.dv_create_date LIMIT 100;
2025-07-01T00:07:29.298505,SELECT census_original.dv_create_time FROM census_original  WHERE census_original.dv_version = 'sample' ORDER BY census_original.dv_create_time LIMIT 100;
2025-07-01T00:07:29.430697,SELECT census_original.dv_version FROM census_original  WHERE census_original.dv_create_time = 'NULL' AND census_original.dv_cmdline_args = 'sample' ORDER BY census_original.dv_version LIMIT 100;
2025-07-01T00:07:29.549639,SELECT census_original.dv_create_time FROM census_original  WHERE census_original.dv_version = 'sample' ORDER BY census_original.dv_create_time LIMIT 100;
2025-07-01T00:07:29.658562,SELECT census_original.dv_create_time FROM census_original  WHERE census_original.dv_version = 'sample' ORDER BY census_original.dv_create_time LIMIT 100;
2025-07-01T00:07:29.761097,SELECT census_original.dv_create_time FROM census_original  WHERE census_original.dv_version = 'sample' ORDER BY census_original.dv_create_time LIMIT 100;
2025-07-01T00:07:29.861130,SELECT census_original.dv_create_date FROM census_original  WHERE census_original.dv_cmdline_args LIKE 'sample' AND census_original.dv_version LIKE 'sample' AND census_original.dv_create_date >= TIMESTAMP '2022-01-01' ORDER BY census_original.dv_create_date LIMIT 100;
2025-07-01T00:07:29.962646,"SELECT census_original.dv_cmdline_args, census_original.dv_create_time FROM census_original  WHERE census_original.dv_version = 'sample' AND census_original.dv_create_time = 'NULL' AND census_original.dv_cmdline_args LIKE 'sample' ORDER BY census_original.dv_create_time LIMIT 100;"
2025-07-01T00:07:30.069571,SELECT census_original.dv_create_time FROM census_original  WHERE census_original.dv_version = 'sample' ORDER BY census_original.dv_create_time LIMIT 100;
2025-07-01T00:07:30.185617,"SELECT census_original.dv_cmdline_args, census_original.dv_create_time FROM census_original  WHERE census_original.dv_version = 'sample' AND census_original.dv_create_time = 'NULL' AND census_original.dv_cmdline_args LIKE 'sample' ORDER BY census_original.dv_create_time LIMIT 100;"
2025-07-01T00:07:30.314129,SELECT census_original.dv_create_date FROM census_original  WHERE census_original.dv_cmdline_args LIKE 'sample' AND census_original.dv_version LIKE 'sample' AND census_original.dv_create_date >= TIMESTAMP '2022-01-01' ORDER BY census_original.dv_create_date LIMIT 100;
2025-07-01T00:07:30.457959,"SELECT census_original.dv_cmdline_args, census_original.dv_create_time FROM census_original  WHERE census_original.dv_version = 'sample' AND census_original.dv_create_time = 'NULL' AND census_original.dv_cmdline_args LIKE 'sample' ORDER BY census_original.dv_create_time LIMIT 100;"
2025-07-01T00:07:30.619344,"SELECT census_original.dv_cmdline_args, census_original.dv_create_time FROM census_original  WHERE census_original.dv_version = 'sample' AND census_original.dv_create_time = 'NULL' AND census_original.dv_cmdline_args LIKE 'sample' ORDER BY census_original.dv_create_time LIMIT 100;"
2025-07-01T00:07:30.799826,SELECT census_original.dv_cmdline_args FROM census_original  WHERE census_original.dv_create_date <= TIMESTAMP '2022-01-01' ORDER BY census_original.dv_cmdline_args LIMIT 100;
2025-07-01T00:07:31.000181,SELECT census_original.dv_cmdline_args FROM census_original  WHERE census_original.dv_create_date <= TIMESTAMP '2022-01-01' ORDER BY census_original.dv_cmdline_args LIMIT 100;
2025-07-01T00:07:31.220396,SELECT census_original.dv_version FROM census_original  WHERE census_original.dv_create_time = 'NULL' AND census_original.dv_cmdline_args = 'sample' ORDER BY census_original.dv_version LIMIT 100;
2025-07-01T00:07:31.459665,SELECT census_original.dv_version FROM census_original  WHERE census_original.dv_create_time = 'NULL' AND census_original.dv_cmdline_args = 'sample' ORDER BY census_original.dv_version LIMIT 100;
2025-07-01T00:07:31.716422,SELECT census_original.dv_cmdline_args FROM census_original  WHERE census_original.dv_create_date <= TIMESTAMP '2022-01-01' ORDER BY census_original.dv_cmdline_args LIMIT 100;
2025-07-01T00:07:31.988404,SELECT census_original.dv_create_date FROM census_original  WHERE census_original.dv_cmdline_args LIKE 'sample' AND census_original.dv_version LIKE 'sample' AND census_original.dv_create_date >= TIMESTAMP '2022-01-01' ORDER BY census_original.dv_create_date LIMIT 100;
2025-07-01T00:07:32.272743,"SELECT census_original.dv_cmdline_args, census_original.dv_create_time FROM census_original  WHERE census_original.dv_version = 'sample' AND census_original.dv_create_time = 'NULL' AND census_original.dv_cmdline_args LIKE 'sample' ORDER BY census_original.dv_create_time LIMIT 100;"
2025-07-01T00:07:32.566075,"SELECT census_original.dv_cmdline_args, census_original.dv_create_time FROM census_original  WHERE census_original.dv_version = 'sample' AND census_original.dv_create_time = 'NULL' AND census_original.dv_cmdline_args LIKE 'sample' ORDER BY census_original.dv_create_time LIMIT 100;"
2025-07-01T00:07:32.864680,"SELECT census_original.dv_cmdline_args, census_original.dv_create_time FROM census_original  WHERE census_original.dv_version = 'sample' AND census_original.dv_create_time = 'NULL' AND census_original.dv_cmdline_args LIKE 'sample' ORDER BY census_original.dv_create_time LIMIT 100;"
2025-07-01T00:07:33.164626,SELECT census_original.dv_create_time FROM census_original  WHERE census_original.dv_version = 'sample' ORDER BY census_original.dv_create_time LIMIT 100;
2025-07-01T00:07:33.461929,SELECT census_original.dv_version FROM census_original  WHERE census_original.dv_create_time = 'NULL' AND census_original.dv_cmdline_args = 'sample' ORDER BY census_original.dv_version LIMIT 100;
2025-07-01T00:07:33.752711,SELECT census_original.dv_create_time FROM census_original  WHERE census_original.dv_version = 'sample' ORDER BY census_original.dv_create_time LIMIT 100;
2025-07-01T00:07:34.033351,SELECT census_original.dv_create_time FROM census_original  WHERE census_original.dv_version = 'sample' ORDER BY census_original.dv_create_time LIMIT 100;
2025-07-01T00:07:34.300635,SELECT census_original.dv_version FROM census_original  WHERE census_original.dv_create_time = 'NULL' AND census_original.dv_cmdline_args = 'sample' ORDER BY census_original.dv_version LIMIT 100;
2025-07-01T00:07:34.551880,SELECT census_original.dv_create_date FROM census_original  WHERE census_original.dv_cmdline_args LIKE 'sample' AND census_original.dv_version LIKE 'sample' AND census_original.dv_create_date >= TIMESTAMP '2022-01-01' ORDER BY census_original.dv_create_date LIMIT 100;
2025-07-01T00:07:34.785044,SELECT census_original.dv_cmdline_args FROM census_original  WHERE census_original.dv_create_date <= TIMESTAMP '2022-01-01' ORDER BY census_original.dv_cmdline_args LIMIT 100;
2025-07-01T00:07:34.998804,"SELECT census_original.dv_cmdline_args, census_original.dv_create_time FROM census_original  WHERE census_original.dv_version = 'sample' AND census_original.dv_create_time = 'NULL' AND census_original.dv_cmdline_args LIKE 'sample' ORDER BY census_original.dv_create_time LIMIT 100;"
2025-07-01T00:07:35.192612,SELECT census_original.dv_create_time FROM census_original  WHERE census_original.dv_version = 'sample' ORDER BY census_original.dv_create_time LIMIT 100;
2025-07-01T00:07:35.366715,SELECT census_original.dv_create_time FROM census_original  WHERE census_original.dv_version = 'sample' ORDER BY census_original.dv_create_time LIMIT 100;
2025-07-01T00:07:35.522144,"SELECT census_original.dv_cmdline_args, census_original.dv_create_time FROM census_original  WHERE census_original.dv_version = 'sample' AND census_original.dv_create_time = 'NULL' AND census_original.dv_cmdline_args LIKE 'sample' ORDER BY census_original.dv_create_time LIMIT 100;"
2025-07-01T00:07:35.660678,"SELECT census_original.dv_cmdline_args, census_original.dv_create_time FROM census_original  WHERE census_original.dv_version = 'sample' AND census_original.dv_create_time = 'NULL' AND census_original.dv_cmdline_args LIKE 'sample' ORDER BY census_original.dv_create_time LIMIT 100;"
2025-07-01T00:07:35.784766,SELECT census_original.dv_create_time FROM census_original  WHERE census_original.dv_version = 'sample' ORDER BY census_original.dv_create_time LIMIT 100;
2025-07-01T00:07:35.897435,SELECT census_original.dv_version FROM census_original  WHERE census_original.dv_create_time = 'NULL' AND census_original.dv_cmdline_args = 'sample' ORDER BY census_original.dv_version LIMIT 100;
2025-07-01T00:07:36.002166,SELECT census_original.dv_create_time FROM census_original  WHERE census_original.dv_version = 'sample' ORDER BY census_original.dv_create_time LIMIT 100;
2025-07-01T00:07:36.102758,SELECT census_original.dv_create_date FROM census_original  WHERE census_original.dv_cmdline_args LIKE 'sample' AND census_original.dv_version LIKE 'sample' AND census_original.dv_create_date >= TIMESTAMP '2022-01-01' ORDER BY census_original.dv_create_date LIMIT 100;
2025-07-01T00:07:36.203173,SELECT census_original.dv_version FROM census_original  WHERE census_original.dv_create_time = 'NULL' AND census_original.dv_cmdline_args = 'sample' ORDER BY census_original.dv_version LIMIT 100;
2025-07-01T00:07:36.307382,"SELECT census_original.dv_cmdline_args, census_original.dv_create_time FROM census_original  WHERE census_original.dv_version = 'sample' AND census_original.dv_create_time = 'NULL' AND census_original.dv_cmdline_args LIKE 'sample' ORDER BY census_original.dv_create_time LIMIT 100;"
2025-07-01T00:07:36.419203,SELECT census_original.dv_version FROM census_original  WHERE census_original.dv_create_time = 'NULL' AND census_original.dv_cmdline_args = 'sample' ORDER BY census_original.dv_version LIMIT 100;
2025-07-01T00:07:36.542153,"SELECT census_original.dv_cmdline_args, census_original.dv_create_time FROM census_original  WHERE census_original.dv_version = 'sample' AND census_original.dv_create_time = 'NULL' AND census_original.dv_cmdline_args LIKE 'sample' ORDER BY census_original.dv_create_time LIMIT 100;"
2025-07-01T00:07:36.679302,SELECT census_original.dv_create_time FROM census_original  WHERE census_original.dv_version = 'sample' ORDER BY census_original.dv_create_time LIMIT 100;
2025-07-01T00:07:36.833157,SELECT census_original.dv_create_time FROM census_original  WHERE census_original.dv_version = 'sample' ORDER BY census_original.dv_create_time LIMIT 100;
2025-07-01T00:07:37.005557,SELECT census_original.dv_create_date FROM census_original  WHERE census_original.dv_cmdline_args LIKE 'sample' AND census_original.dv_version LIKE 'sample' AND census_original.dv_create_date >= TIMESTAMP '2022-01-01' ORDER BY census_original.dv_create_date LIMIT 100;
2025-07-01T00:07:37.197602,SELECT census_original.dv_version FROM census_original  WHERE census_original.dv_create_time = 'NULL' AND census_original.dv_cmdline_args = 'sample' ORDER BY census_original.dv_version LIMIT 100;
2025-07-01T00:07:37.409609,SELECT census_original.dv_create_date FROM census_original  WHERE census_original.dv_cmdline_args LIKE 'sample' AND census_original.dv_version LIKE 'sample' AND census_original.dv_create_date >= TIMESTAMP '2022-01-01' ORDER BY census_original.dv_create_date LIMIT 100;
2025-07-01T00:07:37.641101,SELECT census_original.dv_version FROM census_original  WHERE census_original.dv_create_time = 'NULL' AND census_original.dv_cmdline_args = 'sample' ORDER BY census_original.dv_version LIMIT 100;
2025-07-01T00:07:37.890821,SELECT census_original.dv_create_date FROM census_original  WHERE census_original.dv_cmdline_args LIKE 'sample' AND census_original.dv_version LIKE 'sample' AND census_original.dv_create_date >= TIMESTAMP '2022-01-01' ORDER BY census_original.dv_create_date LIMIT 100;
2025-07-01T00:07:38.156787,SELECT census_original.dv_version FROM census_original  WHERE census_original.dv_create_time = 'NULL' AND census_original.dv_cmdline_args = 'sample' ORDER BY census_original.dv_version LIMIT 100;
2025-07-01T00:07:38.436369,SELECT census_original.dv_create_time FROM census_original  WHERE census_original.dv_version = 'sample' ORDER BY census_original.dv_create_time LIMIT 100;
2025-07-01T00:07:38.726395,SELECT census_original.dv_cmdline_args FROM census_original  WHERE census_original.dv_create_date <= TIMESTAMP '2022-01-01' ORDER BY census_original.dv_cmdline_args LIMIT 100;
2025-07-01T00:07:39.023276,SELECT census_original.dv_create_date FROM census_original  WHERE census_original.dv_cmdline_args LIKE 'sample' AND census_original.dv_version LIKE 'sample' AND census_original.dv_create_date >= TIMESTAMP '2022-01-01' ORDER BY census_original.dv_create_date LIMIT 100;
2025-07-01T00:07:39.323149,"SELECT census_original.dv_cmdline_args, census_original.dv_create_time FROM census_original  WHERE census_original.dv_version = 'sample' AND census_original.dv_create_time = 'NULL' AND census_original.dv_cmdline_args LIKE 'sample' ORDER BY census_original.dv_create_time LIMIT 100;"
2025-07-01T00:07:39.622032,SELECT census_original.dv_version FROM census_original  WHERE census_original.dv_create_time = 'NULL' AND census_original.dv_cmdline_args = 'sample' ORDER BY census_original.dv_version LIMIT 100;
2025-07-01T00:07:39.915984,SELECT census_original.dv_create_time FROM census_original  WHERE census_original.dv_version = 'sample' ORDER BY census_original.dv_create_time LIMIT 100;
2025-07-01T00:07:40.201259,SELECT census_original.dv_create_time FROM census_original  WHERE census_original.dv_version = 'sample' ORDER BY census_original.dv_create_time LIMIT 100;
2025-07-01T00:07:40.474457,SELECT census_original.dv_create_date FROM census_original  WHERE census_original.dv_cmdline_args LIKE 'sample' AND census_original.dv_version LIKE 'sample' AND census_original.dv_create_date >= TIMESTAMP '2022-01-01' ORDER BY census_original.dv_create_date LIMIT 100;
2025-07-01T00:07:40.732661,SELECT census_original.dv_create_date FROM census_original  WHERE census_original.dv_cmdline_args LIKE 'sample' AND census_original.dv_version LIKE 'sample' AND census_original.dv_create_date >= TIMESTAMP '2022-01-01' ORDER BY census_original.dv_create_date LIMIT 100;
2025-07-01T00:07:40.973548,SELECT census_original.dv_create_time FROM census_original  WHERE census_original.dv_version = 'sample' ORDER BY census_original.dv_create_time LIMIT 100;
2025-07-01T00:07:41.195491,SELECT census_original.dv_version FROM census_original  WHERE census_original.dv_create_time = 'NULL' AND census_original.dv_cmdline_args = 'sample' ORDER BY census_original.dv_version LIMIT 100;
2025-07-01T00:07:41.397613,SELECT census_original.dv_create_date FROM census_original  WHERE census_original.dv_cmdline_args LIKE 'sample' AND census_original.dv_version LIKE 'sample' AND census_original.dv_create_date >= TIMESTAMP '2022-01-01' ORDER BY census_original.dv_create_date LIMIT 100;
2025-07-01T00:07:41.579831,SELECT census_original.dv_version FROM census_original  WHERE census_original.dv_create_time = 'NULL' AND census_original.dv_cmdline_args = 'sample' ORDER BY census_original.dv_version LIMIT 100;
2025-07-01T00:07:41.742853,SELECT census_original.dv_version FROM census_original  WHERE census_original.dv_create_time = 'NULL' AND census_original.dv_cmdline_args = 'sample' ORDER BY census_original.dv_version LIMIT 100;
2025-07-01T00:07:41.888153,SELECT census_original.dv_cmdline_args FROM census_original  WHERE census_original.dv_create_date <= TIMESTAMP '2022-01-01' ORDER BY census_original.dv_cmdline_args LIMIT 100;
2025-07-01T00:07:42.017912,"SELECT census_original.dv_cmdline_args, census_original.dv_create_time FROM census_original  WHERE census_original.dv_version = 'sample' AND census_original.dv_create_time = 'NULL' AND census_original.dv_cmdline_args LIKE 'sample' ORDER BY census_original.dv_create_time LIMIT 100;"
2025-07-01T00:07:42.134931,SELECT census_original.dv_cmdline_args FROM census_original  WHERE census_original.dv_create_date <= TIMESTAMP '2022-01-01' ORDER BY census_original.dv_cmdline_args LIMIT 100;
2025-07-01T00:07:42.242517,SELECT census_original.dv_create_date FROM census_original  WHERE census_original.dv_cmdline_args LIKE 'sample' AND census_original.dv_version LIKE 'sample' AND census_original.dv_create_date >= TIMESTAMP '2022-01-01' ORDER BY census_original.dv_create_date LIMIT 100;
2025-07-01T00:07:42.344355,SELECT census_original.dv_cmdline_args FROM census_original  WHERE census_original.dv_create_date <= TIMESTAMP '2022-01-01' ORDER BY census_original.dv_cmdline_args LIMIT 100;
2025-07-01T00:07:42.444358,"SELECT census_original.dv_cmdline_args, census_original.dv_create_time FROM census_original  WHERE census_original.dv_version = 'sample' AND census_original.dv_create_time = 'NULL' AND census_original.dv_cmdline_args LIKE 'sample' ORDER BY census_original.dv_create_time LIMIT 100;"
2025-07-01T00:07:42.546513,SELECT census_original.dv_create_date FROM census_original  WHERE census_original.dv_cmdline_args LIKE 'sample' AND census_original.dv_version LIKE 'sample' AND census_original.dv_create_date >= TIMESTAMP '2022-01-01' ORDER BY census_original.dv_create_date LIMIT 100;
2025-07-01T00:07:42.654720,"SELECT census_original.dv_cmdline_args, census_original.dv_create_time FROM census_original  WHERE census_original.dv_version = 'sample' AND census_original.dv_create_time = 'NULL' AND census_original.dv_cmdline_args LIKE 'sample' ORDER BY census_original.dv_create_time LIMIT 100;"
2025-07-01T00:07:42.772640,"SELECT census_original.dv_cmdline_args, census_original.dv_create_time FROM census_original  WHERE census_original.dv_version = 'sample' AND census_original.dv_create_time = 'NULL' AND census_original.dv_cmdline_args LIKE 'sample' ORDER BY census_original.dv_create_time LIMIT 100;"
2025-07-01T00:07:42.903544,SELECT census_original.dv_cmdline_args FROM census_original  WHERE census_original.dv_create_date <= TIMESTAMP '2022-01-01' ORDER BY census_original.dv_cmdline_args LIMIT 100;
2025-07-01T00:07:43.050187,"SELECT census_original.dv_cmdline_args, census_original.dv_create_time FROM census_original  WHERE census_original.dv_version = 'sample' AND census_original.dv_create_time = 'NULL' AND census_original.dv_cmdline_args LIKE 'sample' ORDER BY census_original.dv_create_time LIMIT 100;"
2025-07-01T00:07:43.214696,"SELECT census_original.dv_cmdline_args, census_original.dv_create_time FROM census_original  WHERE census_original.dv_version = 'sample' AND census_original.dv_create_time = 'NULL' AND census_original.dv_cmdline_args LIKE 'sample' ORDER BY census_original.dv_create_time LIMIT 100;"
2025-07-01T00:07:43.398486,SELECT census_original.dv_version FROM census_original  WHERE census_original.dv_create_time = 'NULL' AND census_original.dv_cmdline_args = 'sample' ORDER BY census_original.dv_version LIMIT 100;
2025-07-01T00:07:43.602203,"SELECT census_original.dv_cmdline_args, census_original.dv_create_time FROM census_original  WHERE census_original.dv_version = 'sample' AND census_original.dv_create_time = 'NULL' AND census_original.dv_cmdline_args LIKE 'sample' ORDER BY census_original.dv_create_time LIMIT 100;"
2025-07-01T00:07:43.825700,"SELECT census_original.dv_cmdline_args, census_original.dv_create_time FROM census_original  WHERE census_original.dv_version = 'sample' AND census_original.dv_create_time = 'NULL' AND census_original.dv_cmdline_args LIKE 'sample' ORDER BY census_original.dv_create_time LIMIT 100;"
2025-07-01T00:07:44.068038,SELECT census_original.dv_create_time FROM census_original  WHERE census_original.dv_version = 'sample' ORDER BY census_original.dv_create_time LIMIT 100;
2025-07-01T00:07:44.327532,SELECT census_original.dv_create_time FROM census_original  WHERE census_original.dv_version = 'sample' ORDER BY census_original.dv_create_time LIMIT 100;
2025-07-01T00:07:44.601808,SELECT census_original.dv_version FROM census_original  WHERE census_original.dv_create_time = 'NULL' AND census_original.dv_cmdline_args = 'sample' ORDER BY census_original.dv_version LIMIT 100;
2025-07-01T00:07:44.887905,SELECT census_original.dv_create_time FROM census_original  WHERE census_original.dv_version = 'sample' ORDER BY census_original.dv_create_time LIMIT 100;
2025-07-01T00:07:45.182392,SELECT census_original.dv_create_date FROM census_original  WHERE census_original.dv_cmdline_args LIKE 'sample' AND census_original.dv_version LIKE 'sample' AND census_original.dv_create_date >= TIMESTAMP '2022-01-01' ORDER BY census_original.dv_create_date LIMIT 100;
2025-07-01T00:07:45.481500,SELECT census_original.dv_create_time FROM census_original  WHERE census_original.dv_version = 'sample' ORDER BY census_original.dv_create_time LIMIT 100;
2025-07-01T00:07:45.781280,SELECT census_original.dv_version FROM census_original  WHERE census_original.dv_create_time = 'NULL' AND census_original.dv_cmdline_args = 'sample' ORDER BY census_original.dv_version LIMIT 100;
2025-07-01T00:07:46.077753,"SELECT census_original.dv_cmdline_args, census_original.dv_create_time FROM census_original  WHERE census_original.dv_version = 'sample' AND census_original.dv_create_time = 'NULL' AND census_original.dv_cmdline_args LIKE 'sample' ORDER BY census_original.dv_create_time LIMIT 100;"
2025-07-01T00:07:46.367073,SELECT census_original.dv_cmdline_args FROM census_original  WHERE census_original.dv_create_date <= TIMESTAMP '2022-01-01' ORDER BY census_original.dv_cmdline_args LIMIT 100;
2025-07-01T00:07:46.645679,SELECT census_original.dv_create_date FROM census_original  WHERE census_original.dv_cmdline_args LIKE 'sample' AND census_original.dv_version LIKE 'sample' AND census_original.dv_create_date >= TIMESTAMP '2022-01-01' ORDER BY census_original.dv_create_date LIMIT 100;
2025-07-01T00:07:46.910437,"SELECT census_original.dv_cmdline_args, census_original.dv_create_time FROM census_original  WHERE census_original.dv_version = 'sample' AND census_original.dv_create_time = 'NULL' AND census_original.dv_cmdline_args LIKE 'sample' ORDER BY census_original.dv_create_time LIMIT 100;"
2025-07-01T00:07:47.158766,SELECT census_original.dv_cmdline_args FROM census_original  WHERE census_original.dv_create_date <= TIMESTAMP '2022-01-01' ORDER BY census_original.dv_cmdline_args LIMIT 100;
2025-07-01T00:07:47.388740,"SELECT census_original.dv_cmdline_args, census_original.dv_create_time FROM census_original  WHERE census_original.dv_version = 'sample' AND census_original.dv_create_time = 'NULL' AND census_original.dv_cmdline_args LIKE 'sample' ORDER BY census_original.dv_create_time LIMIT 100;"
2025-07-01T00:07:47.599162,SELECT census_original.dv_version FROM census_original  WHERE census_original.dv_create_time = 'NULL' AND census_original.dv_cmdline_args = 'sample' ORDER BY census_original.dv_version LIMIT 100;
2025-07-01T00:07:47.789617,SELECT census_original.dv_version FROM census_original  WHERE census_original.dv_create_time = 'NULL' AND census_original.dv_cmdline_args = 'sample' ORDER BY census_original.dv_version LIMIT 100;
2025-07-01T00:07:47.960487,SELECT census_original.dv_cmdline_args FROM census_original  WHERE census_original.dv_create_date <= TIMESTAMP '2022-01-01' ORDER BY census_original.dv_cmdline_args LIMIT 100;
2025-07-01T00:07:48.112932,SELECT census_original.dv_version FROM census_original  WHERE census_original.dv_create_time = 'NULL' AND census_original.dv_cmdline_args = 'sample' ORDER BY census_original.dv_version LIMIT 100;
2025-07-01T00:07:48.248848,SELECT census_original.dv_create_date FROM census_original  WHERE census_original.dv_cmdline_args LIKE 'sample' AND census_original.dv_version LIKE 'sample' AND census_original.dv_create_date >= TIMESTAMP '2022-01-01' ORDER BY census_original.dv_create_date LIMIT 100;
2025-07-01T00:07:48.370790,"SELECT census_original.dv_cmdline_args, census_original.dv_create_time FROM census_original  WHERE census_original.dv_version = 'sample' AND census_original.dv_create_time = 'NULL' AND census_original.dv_cmdline_args LIKE 'sample' ORDER BY census_original.dv_create_time LIMIT 100;"
2025-07-01T00:07:48.481871,SELECT census_original.dv_cmdline_args FROM census_original  WHERE census_original.dv_create_date <= TIMESTAMP '2022-01-01' ORDER BY census_original.dv_cmdline_args LIMIT 100;
2025-07-01T00:07:48.585634,SELECT census_original.dv_create_date FROM census_original  WHERE census_original.dv_cmdline_args LIKE 'sample' AND census_original.dv_version LIKE 'sample' AND census_original.dv_create_date >= TIMESTAMP '2022-01-01' ORDER BY census_original.dv_create_date LIMIT 100;
2025-07-01T00:07:48.685916,SELECT census_original.dv_create_time FROM census_original  WHERE census_original.dv_version = 'sample' ORDER BY census_original.dv_create_time LIMIT 100;
2025-07-01T00:07:48.786694,SELECT census_original.dv_cmdline_args FROM census_original  WHERE census_original.dv_create_date <= TIMESTAMP '2022-01-01' ORDER BY census_original.dv_cmdline_args LIMIT 100;
2025-07-01T00:07:48.891922,SELECT census_original.dv_create_date FROM census_original  WHERE census_original.dv_cmdline_args LIKE 'sample' AND census_original.dv_version LIKE 'sample' AND census_original.dv_create_date >= TIMESTAMP '2022-01-01' ORDER BY census_original.dv_create_date LIMIT 100;
2025-07-01T00:07:49.005380,SELECT census_original.dv_version FROM census_original  WHERE census_original.dv_create_time = 'NULL' AND census_original.dv_cmdline_args = 'sample' ORDER BY census_original.dv_version LIMIT 100;
2025-07-01T00:07:49.130516,SELECT census_original.dv_version FROM census_original  WHERE census_original.dv_create_time = 'NULL' AND census_original.dv_cmdline_args = 'sample' ORDER BY census_original.dv_version LIMIT 100;
2025-07-01T00:07:49.270316,SELECT census_original.dv_cmdline_args FROM census_original  WHERE census_original.dv_create_date <= TIMESTAMP '2022-01-01' ORDER BY census_original.dv_cmdline_args LIMIT 100;
2025-07-01T00:07:49.427180,SELECT census_original.dv_version FROM census_original  WHERE census_original.dv_create_time = 'NULL' AND census_original.dv_cmdline_args = 'sample' ORDER BY census_original.dv_version LIMIT 100;
2025-07-01T00:07:49.602827,"SELECT census_original.dv_cmdline_args, census_original.dv_create_time FROM census_original  WHERE census_original.dv_version = 'sample' AND census_original.dv_create_time = 'NULL' AND census_original.dv_cmdline_args LIKE 'sample' ORDER BY census_original.dv_create_time LIMIT 100;"
2025-07-01T00:07:49.798228,SELECT census_original.dv_cmdline_args FROM census_original  WHERE census_original.dv_create_date <= TIMESTAMP '2022-01-01' ORDER BY census_original.dv_cmdline_args LIMIT 100;
2025-07-01T00:07:50.013567,"SELECT census_original.dv_cmdline_args, census_original.dv_create_time FROM census_original  WHERE census_original.dv_version = 'sample' AND census_original.dv_create_time = 'NULL' AND census_original.dv_cmdline_args LIKE 'sample' ORDER BY census_original.dv_create_time LIMIT 100;"
2025-07-01T00:07:50.248232,SELECT census_original.dv_cmdline_args FROM census_original  WHERE census_original.dv_create_date <= TIMESTAMP '2022-01-01' ORDER BY census_original.dv_cmdline_args LIMIT 100;
2025-07-01T00:07:50.500841,SELECT census_original.dv_version FROM census_original  WHERE census_original.dv_create_time = 'NULL' AND census_original.dv_cmdline_args = 'sample' ORDER BY census_original.dv_version LIMIT 100;
2025-07-01T00:07:50.769296,SELECT census_original.dv_create_time FROM census_original  WHERE census_original.dv_version = 'sample' ORDER BY census_original.dv_create_time LIMIT 100;
2025-07-01T00:07:51.050870,SELECT census_original.dv_cmdline_args FROM census_original  WHERE census_original.dv_create_date <= TIMESTAMP '2022-01-01' ORDER BY census_original.dv_cmdline_args LIMIT 100;
2025-07-01T00:07:51.342309,"SELECT census_original.dv_cmdline_args, census_original.dv_create_time FROM census_original  WHERE census_original.dv_version = 'sample' AND census_original.dv_create_time = 'NULL' AND census_original.dv_cmdline_args LIKE 'sample' ORDER BY census_original.dv_create_time LIMIT 100;"
2025-07-01T00:07:51.639968,SELECT census_original.dv_create_time FROM census_original  WHERE census_original.dv_version = 'sample' ORDER BY census_original.dv_create_time LIMIT 100;
2025-07-01T00:07:51.939954,SELECT census_original.dv_create_time FROM census_original  WHERE census_original.dv_version = 'sample' ORDER BY census_original.dv_create_time LIMIT 100;
2025-07-01T00:07:52.238280,SELECT census_original.dv_create_time FROM census_original  WHERE census_original.dv_version = 'sample' ORDER BY census_original.dv_create_time LIMIT 100;
2025-07-01T00:07:52.531028,"SELECT census_original.dv_cmdline_args, census_original.dv_create_time FROM census_original  WHERE census_original.dv_version = 'sample' AND census_original.dv_create_time = 'NULL' AND census_original.dv_cmdline_args LIKE 'sample' ORDER BY census_original.dv_create_time LIMIT 100;"
2025-07-01T00:07:52.814498,SELECT census_original.dv_create_date FROM census_original  WHERE census_original.dv_cmdline_args LIKE 'sample' AND census_original.dv_version LIKE 'sample' AND census_original.dv_create_date >= TIMESTAMP '2022-01-01' ORDER BY census_original.dv_create_date LIMIT 100;
2025-07-01T00:07:53.085364,"SELECT census_original.dv_cmdline_args, census_original.dv_create_time FROM census_original  WHERE census_original.dv_version = 'sample' AND census_original.dv_create_time = 'NULL' AND census_original.dv_cmdline_args LIKE 'sample' ORDER BY census_original.dv_create_time LIMIT 100;"
2025-07-01T00:07:53.340800,SELECT census_original.dv_cmdline_args FROM census_original  WHERE census_original.dv_create_date <= TIMESTAMP '2022-01-01' ORDER BY census_original.dv_cmdline_args LIMIT 100;
2025-07-01T00:07:53.578597,"SELECT census_original.dv_cmdline_args, census_original.dv_create_time FROM census_original  WHERE census_original.dv_version = 'sample' AND census_original.dv_create_time = 'NULL' AND census_original.dv_cmdline_args LIKE 'sample' ORDER BY census_original.dv_create_time LIMIT 100;"
2025-07-01T00:07:53.797246,SELECT census_original.dv_cmdline_args FROM census_original  WHERE census_original.dv_create_date <= TIMESTAMP '2022-01-01' ORDER BY census_original.dv_cmdline_args LIMIT 100;
2025-07-01T00:07:53.996006,"SELECT census_original.dv_cmdline_args, census_original.dv_create_time FROM census_original  WHERE census_original.dv_version = 'sample' AND census_original.dv_create_time = 'NULL' AND census_original.dv_cmdline_args LIKE 'sample' ORDER BY census_original.dv_create_time LIMIT 100;"
2025-07-01T00:07:54.174925,SELECT census_original.dv_version FROM census_original  WHERE census_original.dv_create_time = 'NULL' AND census_original.dv_cmdline_args = 'sample' ORDER BY census_original.dv_version LIMIT 100;
2025-07-01T00:07:54.334844,SELECT census_original.dv_create_date FROM census_original  WHERE census_original.dv_cmdline_args LIKE 'sample' AND census_original.dv_version LIKE 'sample' AND census_original.dv_create_date >= TIMESTAMP '2022-01-01' ORDER BY census_original.dv_create_date LIMIT 100;
2025-07-01T00:07:54.477360,SELECT census_original.dv_create_date FROM census_original  WHERE census_original.dv_cmdline_args LIKE 'sample' AND census_original.dv_version LIKE 'sample' AND census_original.dv_create_date >= TIMESTAMP '2022-01-01' ORDER BY census_original.dv_create_date LIMIT 100;
2025-07-01T00:07:54.604766,SELECT census_original.dv_cmdline_args FROM census_original  WHERE census_original.dv_create_date <= TIMESTAMP '2022-01-01' ORDER BY census_original.dv_cmdline_args LIMIT 100;
2025-07-01T00:07:54.719955,SELECT census_original.dv_cmdline_args FROM census_original  WHERE census_original.dv_create_date <= TIMESTAMP '2022-01-01' ORDER BY census_original.dv_cmdline_args LIMIT 100;
2025-07-01T00:07:54.826309,SELECT census_original.dv_cmdline_args FROM census_original  WHERE census_original.dv_create_date <= TIMESTAMP '2022-01-01' ORDER BY census_original.dv_cmdline_args LIMIT 100;
2025-07-01T00:07:54.927560,"SELECT census_original.dv_cmdline_args, census_original.dv_create_time FROM census_original  WHERE census_original.dv_version = 'sample' AND census_original.dv_create_time = 'NULL' AND census_original.dv_cmdline_args LIKE 'sample' ORDER BY census_original.dv_create_time LIMIT 100;"
2025-07-01T00:07:55.027647,SELECT census_original.dv_cmdline_args FROM census_original  WHERE census_original.dv_create_date <= TIMESTAMP '2022-01-01' ORDER BY census_original.dv_cmdline_args LIMIT 100;
2025-07-01T00:07:55.130552,SELECT census_original.dv_create_time FROM census_original  WHERE census_original.dv_version = 'sample' ORDER BY census_original.dv_create_time LIMIT 100;
2025-07-01T00:07:55.240145,"SELECT census_original.dv_cmdline_args, census_original.dv_create_time FROM census_original  WHERE census_original.dv_version = 'sample' AND census_original.dv_create_time = 'NULL' AND census_original.dv_cmdline_args LIKE 'sample' ORDER BY census_original.dv_create_time LIMIT 100;"
2025-07-01T00:07:55.360032,SELECT census_original.dv_create_time FROM census_original  WHERE census_original.dv_version = 'sample' ORDER BY census_original.dv_create_time LIMIT 100;
2025-07-01T00:07:55.493405,SELECT census_original.dv_version FROM census_original  WHERE census_original.dv_create_time = 'NULL' AND census_original.dv_cmdline_args = 'sample' ORDER BY census_original.dv_version LIMIT 100;
2025-07-01T00:07:55.642922,SELECT census_original.dv_create_date FROM census_original  WHERE census_original.dv_cmdline_args LIKE 'sample' AND census_original.dv_version LIKE 'sample' AND census_original.dv_create_date >= TIMESTAMP '2022-01-01' ORDER BY census_original.dv_create_date LIMIT 100;
2025-07-01T00:07:55.810594,SELECT census_original.dv_version FROM census_original  WHERE census_original.dv_create_time = 'NULL' AND census_original.dv_cmdline_args = 'sample' ORDER BY census_original.dv_version LIMIT 100;
2025-07-01T00:07:55.997711,SELECT census_original.dv_create_time FROM census_original  WHERE census_original.dv_version = 'sample' ORDER BY census_original.dv_create_time LIMIT 100;
2025-07-01T00:07:56.204786,SELECT census_original.dv_create_time FROM census_original  WHERE census_original.dv_version = 'sample' ORDER BY census_original.dv_create_time LIMIT 100;
2025-07-01T00:07:56.431538,"SELECT census_original.dv_cmdline_args, census_original.dv_create_time FROM census_original  WHERE census_original.dv_version = 'sample' AND census_original.dv_create_time = 'NULL' AND census_original.dv_cmdline_args LIKE 'sample' ORDER BY census_original.dv_create_time LIMIT 100;"
2025-07-01T00:07:56.676899,"SELECT census_original.dv_cmdline_args, census_original.dv_create_time FROM census_original  WHERE census_original.dv_version = 'sample' AND census_original.dv_create_time = 'NULL' AND census_original.dv_cmdline_args LIKE 'sample' ORDER BY census_original.dv_create_time LIMIT 100;"
2025-07-01T00:07:56.939061,SELECT census_original.dv_create_date FROM census_original  WHERE census_original.dv_cmdline_args LIKE 'sample' AND census_original.dv_version LIKE 'sample' AND census_original.dv_create_date >= TIMESTAMP '2022-01-01' ORDER BY census_original.dv_create_date LIMIT 100;
2025-07-01T00:07:57.215546,SELECT census_original.dv_cmdline_args FROM census_original  WHERE census_original.dv_create_date <= TIMESTAMP '2022-01-01' ORDER BY census_original.dv_cmdline_args LIMIT 100;
2025-07-01T00:07:57.503305,"SELECT census_original.dv_cmdline_args, census_original.dv_create_time FROM census_original  WHERE census_original.dv_version = 'sample' AND census_original.dv_create_time = 'NULL' AND census_original.dv_cmdline_args LIKE 'sample' ORDER BY census_original.dv_create_time LIMIT 100;"
2025-07-01T00:07:57.798839,SELECT census_original.dv_create_time FROM census_original  WHERE census_original.dv_version = 'sample' ORDER BY census_original.dv_create_time LIMIT 100;
2025-07-01T00:07:58.098340,SELECT census_original.dv_create_date FROM census_original  WHERE census_original.dv_cmdline_args LIKE 'sample' AND census_original.dv_version LIKE 'sample' AND census_original.dv_create_date >= TIMESTAMP '2022-01-01' ORDER BY census_original.dv_create_date LIMIT 100;
2025-07-01T00:07:58.397840,SELECT census_original.dv_create_time FROM census_original  WHERE census_original.dv_version = 'sample' ORDER BY census_original.dv_create_time LIMIT 100;
2025-07-01T00:07:58.693373,"SELECT census_original.dv_cmdline_args, census_original.dv_create_time FROM census_original  WHERE census_original.dv_version = 'sample' AND census_original.dv_create_time = 'NULL' AND census_original.dv_cmdline_args LIKE 'sample' ORDER BY census_original.dv_create_time LIMIT 100;"
2025-07-01T00:07:58.981131,SELECT census_original.dv_version FROM census_original  WHERE census_original.dv_create_time = 'NULL' AND census_original.dv_cmdline_args = 'sample' ORDER BY census_original.dv_version LIMIT 100;
2025-07-01T00:07:59.257614,SELECT census_original.dv_create_time FROM census_original  WHERE census_original.dv_version = 'sample' ORDER BY census_original.dv_create_time LIMIT 100;
2025-07-01T00:07:59.519774,SELECT census_original.dv_cmdline_args FROM census_original  WHERE census_original.dv_create_date <= TIMESTAMP '2022-01-01' ORDER BY census_original.dv_cmdline_args LIMIT 100;
2025-07-01T00:07:59.765132,SELECT census_original.dv_create_date FROM census_original  WHERE census_original.dv_cmdline_args LIKE 'sample' AND census_original.dv_version LIKE 'sample' AND census_original.dv_create_date >= TIMESTAMP '2022-01-01' ORDER BY census_original.dv_create_date LIMIT 100;
2025-07-01T00:07:59.991881,SELECT census_original.dv_create_date FROM census_original  WHERE census_original.dv_cmdline_args LIKE 'sample' AND census_original.dv_version LIKE 'sample' AND census_original.dv_create_date >= TIMESTAMP '2022-01-01' ORDER BY census_original.dv_create_date LIMIT 100;
2025-07-01T00:08:00.198953,SELECT census_original.dv_version FROM census_original  WHERE census_original.dv_create_time = 'NULL' AND census_original.dv_cmdline_args = 'sample' ORDER BY census_original.dv_version LIMIT 100;
2025-07-01T00:08:00.386067,SELECT census_original.dv_cmdline_args FROM census_original  WHERE census_original.dv_create_date <= TIMESTAMP '2022-01-01' ORDER BY census_original.dv_cmdline_args LIMIT 100;
2025-07-01T00:08:00.553736,SELECT census_original.dv_cmdline_args FROM census_original  WHERE census_original.dv_create_date <= TIMESTAMP '2022-01-01' ORDER BY census_original.dv_cmdline_args LIMIT 100;
2025-07-01T00:08:00.703251,SELECT census_original.dv_version FROM census_original  WHERE census_original.dv_create_time = 'NULL' AND census_original.dv_cmdline_args = 'sample' ORDER BY census_original.dv_version LIMIT 100;
2025-07-01T00:08:00.836622,SELECT census_original.dv_version FROM census_original  WHERE census_original.dv_create_time = 'NULL' AND census_original.dv_cmdline_args = 'sample' ORDER BY census_original.dv_version LIMIT 100;
2025-07-01T00:08:00.956507,"SELECT census_original.dv_cmdline_args, census_original.dv_create_time FROM census_original  WHERE census_original.dv_version = 'sample' AND census_original.dv_create_time = 'NULL' AND census_original.dv_cmdline_args LIKE 'sample' ORDER BY census_original.dv_create_time LIMIT 100;"
2025-07-01T00:08:01.066099,SELECT census_original.dv_version FROM census_original  WHERE census_original.dv_create_time = 'NULL' AND census_original.dv_cmdline_args = 'sample' ORDER BY census_original.dv_version LIMIT 100;
2025-07-01T00:08:01.169002,SELECT census_original.dv_version FROM census_original  WHERE census_original.dv_create_time = 'NULL' AND census_original.dv_cmdline_args = 'sample' ORDER BY census_original.dv_version LIMIT 100;
2025-07-01T00:08:01.269089,SELECT census_original.dv_create_date FROM census_original  WHERE census_original.dv_cmdline_args LIKE 'sample' AND census_original.dv_version LIKE 'sample' AND census_original.dv_create_date >= TIMESTAMP '2022-01-01' ORDER BY census_original.dv_create_date LIMIT 100;
2025-07-01T00:08:01.370341,SELECT census_original.dv_create_time FROM census_original  WHERE census_original.dv_version = 'sample' ORDER BY census_original.dv_create_time LIMIT 100;
2025-07-01T00:08:01.476696,SELECT census_original.dv_create_date FROM census_original  WHERE census_original.dv_cmdline_args LIKE 'sample' AND census_original.dv_version LIKE 'sample' AND census_original.dv_create_date >= TIMESTAMP '2022-01-01' ORDER BY census_original.dv_create_date LIMIT 100;
2025-07-01T00:08:01.591887,"SELECT census_original.dv_cmdline_args, census_original.dv_create_time FROM census_original  WHERE census_original.dv_version = 'sample' AND census_original.dv_create_time = 'NULL' AND census_original.dv_cmdline_args LIKE 'sample' ORDER BY census_original.dv_create_time LIMIT 100;"
2025-07-01T00:08:01.719295,SELECT census_original.dv_create_time FROM census_original  WHERE census_original.dv_version = 'sample' ORDER BY census_original.dv_create_time LIMIT 100;
2025-07-01T00:08:01.861813,"SELECT census_original.dv_cmdline_args, census_original.dv_create_time FROM census_original  WHERE census_original.dv_version = 'sample' AND census_original.dv_create_time = 'NULL' AND census_original.dv_cmdline_args LIKE 'sample' ORDER BY census_original.dv_create_time LIMIT 100;"
2025-07-01T00:08:02.021735,SELECT census_original.dv_version FROM census_original  WHERE census_original.dv_create_time = 'NULL' AND census_original.dv_cmdline_args = 'sample' ORDER BY census_original.dv_version LIMIT 100;
2025-07-01T00:08:02.200657,SELECT census_original.dv_create_date FROM census_original  WHERE census_original.dv_cmdline_args LIKE 'sample' AND census_original.dv_version LIKE 'sample' AND census_original.dv_create_date >= TIMESTAMP '2022-01-01' ORDER BY census_original.dv_create_date LIMIT 100;
2025-07-01T00:08:02.399419,SELECT census_original.dv_create_time FROM census_original  WHERE census_original.dv_version = 'sample' ORDER BY census_original.dv_create_time LIMIT 100;
2025-07-01T00:08:02.618072,SELECT census_original.dv_create_time FROM census_original  WHERE census_original.dv_version = 'sample' ORDER BY census_original.dv_create_time LIMIT 100;
2025-07-01T00:08:02.855871,SELECT census_original.dv_version FROM census_original  WHERE census_original.dv_create_time = 'NULL' AND census_original.dv_cmdline_args = 'sample' ORDER BY census_original.dv_version LIMIT 100;
2025-07-01T00:08:03.111310,SELECT census_original.dv_create_time FROM census_original  WHERE census_original.dv_version = 'sample' ORDER BY census_original.dv_create_time LIMIT 100;
2025-07-01T00:08:03.382178,SELECT census_original.dv_cmdline_args FROM census_original  WHERE census_original.dv_create_date <= TIMESTAMP '2022-01-01' ORDER BY census_original.dv_cmdline_args LIMIT 100;
2025-07-01T00:08:03.665650,SELECT census_original.dv_create_time FROM census_original  WHERE census_original.dv_version = 'sample' ORDER BY census_original.dv_create_time LIMIT 100;
2025-07-01T00:08:03.958399,SELECT census_original.dv_version FROM census_original  WHERE census_original.dv_create_time = 'NULL' AND census_original.dv_cmdline_args = 'sample' ORDER BY census_original.dv_version LIMIT 100;
2025-07-01T00:08:04.256726,SELECT census_original.dv_version FROM census_original  WHERE census_original.dv_create_time = 'NULL' AND census_original.dv_cmdline_args = 'sample' ORDER BY census_original.dv_version LIMIT 100;
2025-07-01T00:08:04.556712,SELECT census_original.dv_version FROM census_original  WHERE census_original.dv_create_time = 'NULL' AND census_original.dv_cmdline_args = 'sample' ORDER BY census_original.dv_version LIMIT 100;
2025-07-01T00:08:04.854370,SELECT census_original.dv_cmdline_args FROM census_original  WHERE census_original.dv_create_date <= TIMESTAMP '2022-01-01' ORDER BY census_original.dv_cmdline_args LIMIT 100;
2025-07-01T00:08:05.145808,SELECT census_original.dv_create_time FROM census_original  WHERE census_original.dv_version = 'sample' ORDER BY census_original.dv_create_time LIMIT 100;
2025-07-01T00:08:05.427379,SELECT census_original.dv_version FROM census_original  WHERE census_original.dv_create_time = 'NULL' AND census_original.dv_cmdline_args = 'sample' ORDER BY census_original.dv_version LIMIT 100;
2025-07-01T00:08:05.695833,SELECT census_original.dv_cmdline_args FROM census_original  WHERE census_original.dv_create_date <= TIMESTAMP '2022-01-01' ORDER BY census_original.dv_cmdline_args LIMIT 100;
2025-07-01T00:08:05.948439,SELECT census_original.dv_version FROM census_original  WHERE census_original.dv_create_time = 'NULL' AND census_original.dv_cmdline_args = 'sample' ORDER BY census_original.dv_version LIMIT 100;
2025-07-01T00:08:06.183101,SELECT census_original.dv_cmdline_args FROM census_original  WHERE census_original.dv_create_date <= TIMESTAMP '2022-01-01' ORDER BY census_original.dv_cmdline_args LIMIT 100;
2025-07-01T00:08:06.398437,SELECT census_original.dv_create_time FROM census_original  WHERE census_original.dv_version = 'sample' ORDER BY census_original.dv_create_time LIMIT 100;
2025-07-01T00:08:06.593836,SELECT census_original.dv_create_time FROM census_original  WHERE census_original.dv_version = 'sample' ORDER BY census_original.dv_create_time LIMIT 100;
2025-07-01T00:08:06.769480,SELECT census_original.dv_create_time FROM census_original  WHERE census_original.dv_version = 'sample' ORDER BY census_original.dv_create_time LIMIT 100;
2025-07-01T00:08:06.926341,SELECT census_original.dv_version FROM census_original  WHERE census_original.dv_create_time = 'NULL' AND census_original.dv_cmdline_args = 'sample' ORDER BY census_original.dv_version LIMIT 100;
2025-07-01T00:08:07.066138,SELECT census_original.dv_create_date FROM census_original  WHERE census_original.dv_cmdline_args LIKE 'sample' AND census_original.dv_version LIKE 'sample' AND census_original.dv_create_date >= TIMESTAMP '2022-01-01' ORDER BY census_original.dv_create_date LIMIT 100;
2025-07-01T00:08:07.191273,SELECT census_original.dv_cmdline_args FROM census_original  WHERE census_original.dv_create_date <= TIMESTAMP '2022-01-01' ORDER BY census_original.dv_cmdline_args LIMIT 100;
2025-07-01T00:08:07.304728,"SELECT census_original.dv_cmdline_args, census_original.dv_create_time FROM census_original  WHERE census_original.dv_version = 'sample' AND census_original.dv_create_time = 'NULL' AND census_original.dv_cmdline_args LIKE 'sample' ORDER BY census_original.dv_create_time LIMIT 100;"
2025-07-01T00:08:07.409956,SELECT census_original.dv_version FROM census_original  WHERE census_original.dv_create_time = 'NULL' AND census_original.dv_cmdline_args = 'sample' ORDER BY census_original.dv_version LIMIT 100;
2025-07-01T00:08:07.510733,"SELECT census_original.dv_cmdline_args, census_original.dv_create_time FROM census_original  WHERE census_original.dv_version = 'sample' AND census_original.dv_create_time = 'NULL' AND census_original.dv_cmdline_args LIKE 'sample' ORDER BY census_original.dv_create_time LIMIT 100;"
2025-07-01T00:08:07.611016,SELECT census_original.dv_create_time FROM census_original  WHERE census_original.dv_version = 'sample' ORDER BY census_original.dv_create_time LIMIT 100;
2025-07-01T00:08:07.714780,"SELECT census_original.dv_cmdline_args, census_original.dv_create_time FROM census_original  WHERE census_original.dv_version = 'sample' AND census_original.dv_create_time = 'NULL' AND census_original.dv_cmdline_args LIKE 'sample' ORDER BY census_original.dv_create_time LIMIT 100;"
2025-07-01T00:08:07.825861,SELECT census_original.dv_cmdline_args FROM census_original  WHERE census_original.dv_create_date <= TIMESTAMP '2022-01-01' ORDER BY census_original.dv_cmdline_args LIMIT 100;
2025-07-01T00:08:07.947806,SELECT census_original.dv_cmdline_args FROM census_original  WHERE census_original.dv_create_date <= TIMESTAMP '2022-01-01' ORDER BY census_original.dv_cmdline_args LIMIT 100;
2025-07-01T00:08:08.083724,SELECT census_original.dv_version FROM census_original  WHERE census_original.dv_create_time = 'NULL' AND census_original.dv_cmdline_args = 'sample' ORDER BY census_original.dv_version LIMIT 100;
2025-07-01T00:08:08.236172,SELECT census_original.dv_version FROM census_original  WHERE census_original.dv_create_time = 'NULL' AND census_original.dv_cmdline_args = 'sample' ORDER BY census_original.dv_version LIMIT 100;
2025-07-01T00:08:08.407044,SELECT census_original.dv_create_date FROM census_original  WHERE census_original.dv_cmdline_args LIKE 'sample' AND census_original.dv_version LIKE 'sample' AND census_original.dv_create_date >= TIMESTAMP '2022-01-01' ORDER BY census_original.dv_create_date LIMIT 100;
2025-07-01T00:08:08.597503,"SELECT census_original.dv_cmdline_args, census_original.dv_create_time FROM census_original  WHERE census_original.dv_version = 'sample' AND census_original.dv_create_time = 'NULL' AND census_original.dv_cmdline_args LIKE 'sample' ORDER BY census_original.dv_create_time LIMIT 100;"
2025-07-01T00:08:08.807928,"SELECT census_original.dv_cmdline_args, census_original.dv_create_time FROM census_original  WHERE census_original.dv_version = 'sample' AND census_original.dv_create_time = 'NULL' AND census_original.dv_cmdline_args LIKE 'sample' ORDER BY census_original.dv_create_time LIMIT 100;"
2025-07-01T00:08:09.037904,SELECT census_original.dv_version FROM census_original  WHERE census_original.dv_create_time = 'NULL' AND census_original.dv_cmdline_args = 'sample' ORDER BY census_original.dv_version LIMIT 100;
2025-07-01T00:08:09.286236,SELECT census_original.dv_create_date FROM census_original  WHERE census_original.dv_cmdline_args LIKE 'sample' AND census_original.dv_version LIKE 'sample' AND census_original.dv_create_date >= TIMESTAMP '2022-01-01' ORDER BY census_original.dv_create_date LIMIT 100;
2025-07-01T00:08:09.550997,SELECT census_original.dv_create_time FROM census_original  WHERE census_original.dv_version = 'sample' ORDER BY census_original.dv_create_time LIMIT 100;
2025-07-01T00:08:09.829604,SELECT census_original.dv_create_time FROM census_original  WHERE census_original.dv_version = 'sample' ORDER BY census_original.dv_create_time LIMIT 100;
2025-07-01T00:08:10.118926,SELECT census_original.dv_version FROM census_original  WHERE census_original.dv_create_time = 'NULL' AND census_original.dv_cmdline_args = 'sample' ORDER BY census_original.dv_version LIMIT 100;
2025-07-01T00:08:10.415399,SELECT census_original.dv_version FROM census_original  WHERE census_original.dv_create_time = 'NULL' AND census_original.dv_cmdline_args = 'sample' ORDER BY census_original.dv_version LIMIT 100;
2025-07-01T00:08:10.715179,SELECT census_original.dv_create_time FROM census_original  WHERE census_original.dv_version = 'sample' ORDER BY census_original.dv_create_time LIMIT 100;
2025-07-01T00:08:11.014288,SELECT census_original.dv_create_date FROM census_original  WHERE census_original.dv_cmdline_args LIKE 'sample' AND census_original.dv_version LIKE 'sample' AND census_original.dv_create_date >= TIMESTAMP '2022-01-01' ORDER BY census_original.dv_create_date LIMIT 100;
2025-07-01T00:08:11.308773,"SELECT census_original.dv_cmdline_args, census_original.dv_create_time FROM census_original  WHERE census_original.dv_version = 'sample' AND census_original.dv_create_time = 'NULL' AND census_original.dv_cmdline_args LIKE 'sample' ORDER BY census_original.dv_create_time LIMIT 100;"
2025-07-01T00:08:11.594869,SELECT census_original.dv_version FROM census_original  WHERE census_original.dv_create_time = 'NULL' AND census_original.dv_cmdline_args = 'sample' ORDER BY census_original.dv_version LIMIT 100;
2025-07-01T00:08:11.869143,SELECT census_original.dv_create_date FROM census_original  WHERE census_original.dv_cmdline_args LIKE 'sample' AND census_original.dv_version LIKE 'sample' AND census_original.dv_create_date >= TIMESTAMP '2022-01-01' ORDER BY census_original.dv_create_date LIMIT 100;
2025-07-01T00:08:12.128634,SELECT census_original.dv_create_date FROM census_original  WHERE census_original.dv_cmdline_args LIKE 'sample' AND census_original.dv_version LIKE 'sample' AND census_original.dv_create_date >= TIMESTAMP '2022-01-01' ORDER BY census_original.dv_create_date LIMIT 100;
2025-07-01T00:08:12.370970,SELECT census_original.dv_cmdline_args FROM census_original  WHERE census_original.dv_create_date <= TIMESTAMP '2022-01-01' ORDER BY census_original.dv_cmdline_args LIMIT 100;
2025-07-01T00:08:12.594463,SELECT census_original.dv_cmdline_args FROM census_original  WHERE census_original.dv_create_date <= TIMESTAMP '2022-01-01' ORDER BY census_original.dv_cmdline_args LIMIT 100;
2025-07-01T00:08:12.798178,"SELECT census_original.dv_cmdline_args, census_original.dv_create_time FROM census_original  WHERE census_original.dv_version = 'sample' AND census_original.dv_create_time = 'NULL' AND census_original.dv_cmdline_args LIKE 'sample' ORDER BY census_original.dv_create_time LIMIT 100;"
2025-07-01T00:08:12.981965,SELECT census_original.dv_version FROM census_original  WHERE census_original.dv_create_time = 'NULL' AND census_original.dv_cmdline_args = 'sample' ORDER BY census_original.dv_version LIMIT 100;
2025-07-01T00:08:13.146471,"SELECT census_original.dv_cmdline_args, census_original.dv_create_time FROM census_original  WHERE census_original.dv_version = 'sample' AND census_original.dv_create_time = 'NULL' AND census_original.dv_cmdline_args LIKE 'sample' ORDER BY census_original.dv_create_time LIMIT 100;"
2025-07-01T00:08:13.293111,SELECT census_original.dv_create_date FROM census_original  WHERE census_original.dv_cmdline_args LIKE 'sample' AND census_original.dv_version LIKE 'sample' AND census_original.dv_create_date >= TIMESTAMP '2022-01-01' ORDER BY census_original.dv_create_date LIMIT 100;
2025-07-01T00:08:13.424013,SELECT census_original.dv_cmdline_args FROM census_original  WHERE census_original.dv_create_date <= TIMESTAMP '2022-01-01' ORDER BY census_original.dv_cmdline_args LIMIT 100;
2025-07-01T00:08:13.541931,"SELECT census_original.dv_cmdline_args, census_original.dv_create_time FROM census_original  WHERE census_original.dv_version = 'sample' AND census_original.dv_create_time = 'NULL' AND census_original.dv_cmdline_args LIKE 'sample' ORDER BY census_original.dv_create_time LIMIT 100;"
2025-07-01T00:08:13.650137,"SELECT census_original.dv_cmdline_args, census_original.dv_create_time FROM census_original  WHERE census_original.dv_version = 'sample' AND census_original.dv_create_time = 'NULL' AND census_original.dv_cmdline_args LIKE 'sample' ORDER BY census_original.dv_create_time LIMIT 100;"
2025-07-01T00:08:13.752291,SELECT census_original.dv_cmdline_args FROM census_original  WHERE census_original.dv_create_date <= TIMESTAMP '2022-01-01' ORDER BY census_original.dv_cmdline_args LIMIT 100;
2025-07-01T00:08:13.852295,SELECT census_original.dv_create_time FROM census_original  WHERE census_original.dv_version = 'sample' ORDER BY census_original.dv_create_time LIMIT 100;
2025-07-01T00:08:13.954133,SELECT census_original.dv_create_date FROM census_original  WHERE census_original.dv_cmdline_args LIKE 'sample' AND census_original.dv_version LIKE 'sample' AND census_original.dv_create_date >= TIMESTAMP '2022-01-01' ORDER BY census_original.dv_create_date LIMIT 100;
2025-07-01T00:08:14.061720,SELECT census_original.dv_version FROM census_original  WHERE census_original.dv_create_time = 'NULL' AND census_original.dv_cmdline_args = 'sample' ORDER BY census_original.dv_version LIMIT 100;
2025-07-01T00:08:14.178741,SELECT census_original.dv_version FROM census_original  WHERE census_original.dv_create_time = 'NULL' AND census_original.dv_cmdline_args = 'sample' ORDER BY census_original.dv_version LIMIT 100;
2025-07-01T00:08:14.308502,SELECT census_original.dv_create_time FROM census_original  WHERE census_original.dv_version = 'sample' ORDER BY census_original.dv_create_time LIMIT 100;
2025-07-01T00:08:14.453805,SELECT census_original.dv_cmdline_args FROM census_original  WHERE census_original.dv_create_date <= TIMESTAMP '2022-01-01' ORDER BY census_original.dv_cmdline_args LIMIT 100;
2025-07-01T00:08:14.616829,SELECT census_original.dv_create_date FROM census_original  WHERE census_original.dv_cmdline_args LIKE 'sample' AND census_original.dv_version LIKE 'sample' AND census_original.dv_create_date >= TIMESTAMP '2022-01-01' ORDER BY census_original.dv_create_date LIMIT 100;
2025-07-01T00:08:14.799050,SELECT census_original.dv_create_date FROM census_original  WHERE census_original.dv_cmdline_args LIKE 'sample' AND census_original.dv_version LIKE 'sample' AND census_original.dv_create_date >= TIMESTAMP '2022-01-01' ORDER BY census_original.dv_create_date LIMIT 100;
2025-07-01T00:08:15.001175,SELECT census_original.dv_create_date FROM census_original  WHERE census_original.dv_cmdline_args LIKE 'sample' AND census_original.dv_version LIKE 'sample' AND census_original.dv_create_date >= TIMESTAMP '2022-01-01' ORDER BY census_original.dv_create_date LIMIT 100;
2025-07-01T00:08:15.223121,SELECT census_original.dv_create_time FROM census_original  WHERE census_original.dv_version = 'sample' ORDER BY census_original.dv_create_time LIMIT 100;
2025-07-01T00:08:15.464011,SELECT census_original.dv_create_date FROM census_original  WHERE census_original.dv_cmdline_args LIKE 'sample' AND census_original.dv_version LIKE 'sample' AND census_original.dv_create_date >= TIMESTAMP '2022-01-01' ORDER BY census_original.dv_create_date LIMIT 100;
2025-07-01T00:08:15.722217,SELECT census_original.dv_version FROM census_original  WHERE census_original.dv_create_time = 'NULL' AND census_original.dv_cmdline_args = 'sample' ORDER BY census_original.dv_version LIMIT 100;
2025-07-01T00:08:15.995417,SELECT census_original.dv_create_date FROM census_original  WHERE census_original.dv_cmdline_args LIKE 'sample' AND census_original.dv_version LIKE 'sample' AND census_original.dv_create_date >= TIMESTAMP '2022-01-01' ORDER BY census_original.dv_create_date LIMIT 100;
2025-07-01T00:08:16.280694,"SELECT census_original.dv_cmdline_args, census_original.dv_create_time FROM census_original  WHERE census_original.dv_version = 'sample' AND census_original.dv_create_time = 'NULL' AND census_original.dv_cmdline_args LIKE 'sample' ORDER BY census_original.dv_create_time LIMIT 100;"
2025-07-01T00:08:16.574647,SELECT census_original.dv_version FROM census_original  WHERE census_original.dv_create_time = 'NULL' AND census_original.dv_cmdline_args = 'sample' ORDER BY census_original.dv_version LIMIT 100;
2025-07-01T00:08:16.873531,SELECT census_original.dv_create_date FROM census_original  WHERE census_original.dv_cmdline_args LIKE 'sample' AND census_original.dv_version LIKE 'sample' AND census_original.dv_create_date >= TIMESTAMP '2022-01-01' ORDER BY census_original.dv_create_date LIMIT 100;
2025-07-01T00:08:17.173403,SELECT census_original.dv_version FROM census_original  WHERE census_original.dv_create_time = 'NULL' AND census_original.dv_cmdline_args = 'sample' ORDER BY census_original.dv_version LIMIT 100;
2025-07-01T00:08:17.470283,SELECT census_original.dv_create_time FROM census_original  WHERE census_original.dv_version = 'sample' ORDER BY census_original.dv_create_time LIMIT 100;
2025-07-01T00:08:17.760308,SELECT census_original.dv_version FROM census_original  WHERE census_original.dv_create_time = 'NULL' AND census_original.dv_cmdline_args = 'sample' ORDER BY census_original.dv_version LIMIT 100;
2025-07-01T00:08:18.039889,SELECT census_original.dv_create_date FROM census_original  WHERE census_original.dv_cmdline_args LIKE 'sample' AND census_original.dv_version LIKE 'sample' AND census_original.dv_create_date >= TIMESTAMP '2022-01-01' ORDER BY census_original.dv_create_date LIMIT 100;
2025-07-01T00:08:18.305852,SELECT census_original.dv_cmdline_args FROM census_original  WHERE census_original.dv_create_date <= TIMESTAMP '2022-01-01' ORDER BY census_original.dv_cmdline_args LIMIT 100;
2025-07-01T00:08:18.555570,SELECT census_original.dv_version FROM census_original  WHERE census_original.dv_create_time = 'NULL' AND census_original.dv_cmdline_args = 'sample' ORDER BY census_original.dv_version LIMIT 100;
2025-07-01T00:08:18.787058,SELECT census_original.dv_version FROM census_original  WHERE census_original.dv_create_time = 'NULL' AND census_original.dv_cmdline_args = 'sample' ORDER BY census_original.dv_version LIMIT 100;
2025-07-01T00:08:18.999063,SELECT census_original.dv_version FROM census_original  WHERE census_original.dv_create_time = 'NULL' AND census_original.dv_cmdline_args = 'sample' ORDER BY census_original.dv_version LIMIT 100;
2025-07-01T00:08:19.191105,SELECT census_original.dv_cmdline_args FROM census_original  WHERE census_original.dv_create_date <= TIMESTAMP '2022-01-01' ORDER BY census_original.dv_cmdline_args LIMIT 100;
2025-07-01T00:08:19.363502,SELECT census_original.dv_create_date FROM census_original  WHERE census_original.dv_cmdline_args LIKE 'sample' AND census_original.dv_version LIKE 'sample' AND census_original.dv_create_date >= TIMESTAMP '2022-01-01' ORDER BY census_original.dv_create_date LIMIT 100;
2025-07-01T00:08:19.517354,SELECT census_original.dv_create_date FROM census_original  WHERE census_original.dv_cmdline_args LIKE 'sample' AND census_original.dv_version LIKE 'sample' AND census_original.dv_create_date >= TIMESTAMP '2022-01-01' ORDER BY census_original.dv_create_date LIMIT 100;
2025-07-01T00:08:19.654501,SELECT census_original.dv_version FROM census_original  WHERE census_original.dv_create_time = 'NULL' AND census_original.dv_cmdline_args = 'sample' ORDER BY census_original.dv_version LIMIT 100;
2025-07-01T00:08:19.777448,SELECT census_original.dv_create_date FROM census_original  WHERE census_original.dv_cmdline_args LIKE 'sample' AND census_original.dv_version LIKE 'sample' AND census_original.dv_create_date >= TIMESTAMP '2022-01-01' ORDER BY census_original.dv_create_date LIMIT 100;
2025-07-01T00:08:19.889269,SELECT census_original.dv_version FROM census_original  WHERE census_original.dv_create_time = 'NULL' AND census_original.dv_cmdline_args = 'sample' ORDER BY census_original.dv_version LIMIT 100;
2025-07-01T00:08:19.993477,SELECT census_original.dv_version FROM census_original  WHERE census_original.dv_create_time = 'NULL' AND census_original.dv_cmdline_args = 'sample' ORDER BY census_original.dv_version LIMIT 100;
2025-07-01T00:08:20.093892,SELECT census_original.dv_create_time FROM census_original  WHERE census_original.dv_version = 'sample' ORDER BY census_original.dv_create_time LIMIT 100;
2025-07-01T00:08:20.194484,SELECT census_original.dv_create_time FROM census_original  WHERE census_original.dv_version = 'sample' ORDER BY census_original.dv_create_time LIMIT 100;
2025-07-01T00:08:20.299216,SELECT census_original.dv_version FROM census_original  WHERE census_original.dv_create_time = 'NULL' AND census_original.dv_cmdline_args = 'sample' ORDER BY census_original.dv_version LIMIT 100;
2025-07-01T00:08:20.411886,SELECT census_original.dv_create_time FROM census_original  WHERE census_original.dv_version = 'sample' ORDER BY census_original.dv_create_time LIMIT 100;
2025-07-01T00:08:20.535976,SELECT census_original.dv_cmdline_args FROM census_original  WHERE census_original.dv_create_date <= TIMESTAMP '2022-01-01' ORDER BY census_original.dv_cmdline_args LIMIT 100;
2025-07-01T00:08:20.674512,SELECT census_original.dv_create_date FROM census_original  WHERE census_original.dv_cmdline_args LIKE 'sample' AND census_original.dv_version LIKE 'sample' AND census_original.dv_create_date >= TIMESTAMP '2022-01-01' ORDER BY census_original.dv_create_date LIMIT 100;
2025-07-01T00:08:20.829944,SELECT census_original.dv_version FROM census_original  WHERE census_original.dv_create_time = 'NULL' AND census_original.dv_cmdline_args = 'sample' ORDER BY census_original.dv_version LIMIT 100;
2025-07-01T00:08:21.004050,SELECT census_original.dv_create_time FROM census_original  WHERE census_original.dv_version = 'sample' ORDER BY census_original.dv_create_time LIMIT 100;
2025-07-01T00:08:21.197861,SELECT census_original.dv_cmdline_args FROM census_original  WHERE census_original.dv_create_date <= TIMESTAMP '2022-01-01' ORDER BY census_original.dv_cmdline_args LIMIT 100;
2025-07-01T00:08:21.411624,"SELECT census_original.dv_cmdline_args, census_original.dv_create_time FROM census_original  WHERE census_original.dv_version = 'sample' AND census_original.dv_create_time = 'NULL' AND census_original.dv_cmdline_args LIKE 'sample' ORDER BY census_original.dv_create_time LIMIT 100;"
2025-07-01T00:08:21.644791,SELECT census_original.dv_cmdline_args FROM census_original  WHERE census_original.dv_create_date <= TIMESTAMP '2022-01-01' ORDER BY census_original.dv_cmdline_args LIMIT 100;
2025-07-01T00:08:21.896039,SELECT census_original.dv_version FROM census_original  WHERE census_original.dv_create_time = 'NULL' AND census_original.dv_cmdline_args = 'sample' ORDER BY census_original.dv_version LIMIT 100;
2025-07-01T00:08:22.163325,SELECT census_original.dv_version FROM census_original  WHERE census_original.dv_create_time = 'NULL' AND census_original.dv_cmdline_args = 'sample' ORDER BY census_original.dv_version LIMIT 100;
2025-07-01T00:08:22.443967,SELECT census_original.dv_cmdline_args FROM census_original  WHERE census_original.dv_create_date <= TIMESTAMP '2022-01-01' ORDER BY census_original.dv_cmdline_args LIMIT 100;
2025-07-01T00:08:22.734749,SELECT census_original.dv_version FROM census_original  WHERE census_original.dv_create_time = 'NULL' AND census_original.dv_cmdline_args = 'sample' ORDER BY census_original.dv_version LIMIT 100;
2025-07-01T00:08:23.032053,"SELECT census_original.dv_cmdline_args, census_original.dv_create_time FROM census_original  WHERE census_original.dv_version = 'sample' AND census_original.dv_create_time = 'NULL' AND census_original.dv_cmdline_args LIKE 'sample' ORDER BY census_original.dv_create_time LIMIT 100;"
2025-07-01T00:08:23.332000,SELECT census_original.dv_create_date FROM census_original  WHERE census_original.dv_cmdline_args LIKE 'sample' AND census_original.dv_version LIKE 'sample' AND census_original.dv_create_date >= TIMESTAMP '2022-01-01' ORDER BY census_original.dv_create_date LIMIT 100;
2025-07-01T00:08:23.630604,SELECT census_original.dv_create_date FROM census_original  WHERE census_original.dv_cmdline_args LIKE 'sample' AND census_original.dv_version LIKE 'sample' AND census_original.dv_create_date >= TIMESTAMP '2022-01-01' ORDER BY census_original.dv_create_date LIMIT 100;
2025-07-01T00:08:23.923935,SELECT census_original.dv_cmdline_args FROM census_original  WHERE census_original.dv_create_date <= TIMESTAMP '2022-01-01' ORDER BY census_original.dv_cmdline_args LIMIT 100;
2025-07-01T00:08:24.208272,SELECT census_original.dv_create_date FROM census_original  WHERE census_original.dv_cmdline_args LIKE 'sample' AND census_original.dv_version LIKE 'sample' AND census_original.dv_create_date >= TIMESTAMP '2022-01-01' ORDER BY census_original.dv_create_date LIMIT 100;
2025-07-01T00:08:24.480253,SELECT census_original.dv_version FROM census_original  WHERE census_original.dv_create_time = 'NULL' AND census_original.dv_cmdline_args = 'sample' ORDER BY census_original.dv_version LIMIT 100;
2025-07-01T00:08:24.737007,SELECT census_original.dv_cmdline_args FROM census_original  WHERE census_original.dv_create_date <= TIMESTAMP '2022-01-01' ORDER BY census_original.dv_cmdline_args LIMIT 100;
2025-07-01T00:08:24.976273,SELECT census_original.dv_cmdline_args FROM census_original  WHERE census_original.dv_create_date <= TIMESTAMP '2022-01-01' ORDER BY census_original.dv_cmdline_args LIMIT 100;
2025-07-01T00:08:25.196485,SELECT census_original.dv_cmdline_args FROM census_original  WHERE census_original.dv_create_date <= TIMESTAMP '2022-01-01' ORDER BY census_original.dv_cmdline_args LIMIT 100;
2025-07-01T00:08:25.396837,SELECT census_original.dv_cmdline_args FROM census_original  WHERE census_original.dv_create_date <= TIMESTAMP '2022-01-01' ORDER BY census_original.dv_cmdline_args LIMIT 100;
2025-07-01T00:08:25.577316,SELECT census_original.dv_version FROM census_original  WHERE census_original.dv_create_time = 'NULL' AND census_original.dv_cmdline_args = 'sample' ORDER BY census_original.dv_version LIMIT 100;
2025-07-01T00:08:25.738699,SELECT census_original.dv_cmdline_args FROM census_original  WHERE census_original.dv_create_date <= TIMESTAMP '2022-01-01' ORDER BY census_original.dv_cmdline_args LIMIT 100;
2025-07-01T00:08:25.882526,"SELECT census_original.dv_cmdline_args, census_original.dv_create_time FROM census_original  WHERE census_original.dv_version = 'sample' AND census_original.dv_create_time = 'NULL' AND census_original.dv_cmdline_args LIKE 'sample' ORDER BY census_original.dv_create_time LIMIT 100;"
2025-07-01T00:08:26.011036,SELECT census_original.dv_version FROM census_original  WHERE census_original.dv_create_time = 'NULL' AND census_original.dv_cmdline_args = 'sample' ORDER BY census_original.dv_version LIMIT 100;
2025-07-01T00:08:26.127080,"SELECT census_original.dv_cmdline_args, census_original.dv_create_time FROM census_original  WHERE census_original.dv_version = 'sample' AND census_original.dv_create_time = 'NULL' AND census_original.dv_cmdline_args LIKE 'sample' ORDER BY census_original.dv_create_time LIMIT 100;"
2025-07-01T00:08:26.234004,SELECT census_original.dv_create_date FROM census_original  WHERE census_original.dv_cmdline_args LIKE 'sample' AND census_original.dv_version LIKE 'sample' AND census_original.dv_create_date >= TIMESTAMP '2022-01-01' ORDER BY census_original.dv_create_date LIMIT 100;
2025-07-01T00:08:26.335519,SELECT census_original.dv_version FROM census_original  WHERE census_original.dv_create_time = 'NULL' AND census_original.dv_cmdline_args = 'sample' ORDER BY census_original.dv_version LIMIT 100;
2025-07-01T00:08:26.435552,"SELECT census_original.dv_cmdline_args, census_original.dv_create_time FROM census_original  WHERE census_original.dv_version = 'sample' AND census_original.dv_create_time = 'NULL' AND census_original.dv_cmdline_args LIKE 'sample' ORDER BY census_original.dv_create_time LIMIT 100;"
2025-07-01T00:08:26.538088,SELECT census_original.dv_version FROM census_original  WHERE census_original.dv_create_time = 'NULL' AND census_original.dv_cmdline_args = 'sample' ORDER BY census_original.dv_version LIMIT 100;
2025-07-01T00:08:26.647012,SELECT census_original.dv_version FROM census_original  WHERE census_original.dv_create_time = 'NULL' AND census_original.dv_cmdline_args = 'sample' ORDER BY census_original.dv_version LIMIT 100;
2025-07-01T00:08:26.765956,SELECT census_original.dv_version FROM census_original  WHERE census_original.dv_create_time = 'NULL' AND census_original.dv_cmdline_args = 'sample' ORDER BY census_original.dv_version LIMIT 100;
2025-07-01T00:08:26.898150,SELECT census_original.dv_version FROM census_original  WHERE census_original.dv_create_time = 'NULL' AND census_original.dv_cmdline_args = 'sample' ORDER BY census_original.dv_version LIMIT 100;
2025-07-01T00:08:27.046299,"SELECT census_original.dv_cmdline_args, census_original.dv_create_time FROM census_original  WHERE census_original.dv_version = 'sample' AND census_original.dv_create_time = 'NULL' AND census_original.dv_cmdline_args LIKE 'sample' ORDER BY census_original.dv_create_time LIMIT 100;"
2025-07-01T00:08:27.212468,SELECT census_original.dv_create_time FROM census_original  WHERE census_original.dv_version = 'sample' ORDER BY census_original.dv_create_time LIMIT 100;
2025-07-01T00:08:27.398008,"SELECT census_original.dv_cmdline_args, census_original.dv_create_time FROM census_original  WHERE census_original.dv_version = 'sample' AND census_original.dv_create_time = 'NULL' AND census_original.dv_cmdline_args LIKE 'sample' ORDER BY census_original.dv_create_time LIMIT 100;"
2025-07-01T00:08:27.603493,SELECT census_original.dv_create_date FROM census_original  WHERE census_original.dv_cmdline_args LIKE 'sample' AND census_original.dv_version LIKE 'sample' AND census_original.dv_create_date >= TIMESTAMP '2022-01-01' ORDER BY census_original.dv_create_date LIMIT 100;
2025-07-01T00:08:27.828707,SELECT census_original.dv_version FROM census_original  WHERE census_original.dv_create_time = 'NULL' AND census_original.dv_cmdline_args = 'sample' ORDER BY census_original.dv_version LIMIT 100;
2025-07-01T00:08:28.072643,SELECT census_original.dv_version FROM census_original  WHERE census_original.dv_create_time = 'NULL' AND census_original.dv_cmdline_args = 'sample' ORDER BY census_original.dv_version LIMIT 100;
2025-07-01T00:08:28.333549,SELECT census_original.dv_cmdline_args FROM census_original  WHERE census_original.dv_create_date <= TIMESTAMP '2022-01-01' ORDER BY census_original.dv_cmdline_args LIMIT 100;
2025-07-01T00:08:28.608999,SELECT census_original.dv_create_date FROM census_original  WHERE census_original.dv_cmdline_args LIKE 'sample' AND census_original.dv_version LIKE 'sample' AND census_original.dv_create_date >= TIMESTAMP '2022-01-01' ORDER BY census_original.dv_create_date LIMIT 100;
2025-07-01T00:08:28.895983,SELECT census_original.dv_create_time FROM census_original  WHERE census_original.dv_version = 'sample' ORDER BY census_original.dv_create_time LIMIT 100;
2025-07-01T00:08:29.191035,SELECT census_original.dv_create_time FROM census_original  WHERE census_original.dv_version = 'sample' ORDER BY census_original.dv_create_time LIMIT 100;
2025-07-01T00:08:29.490364,SELECT census_original.dv_cmdline_args FROM census_original  WHERE census_original.dv_create_date <= TIMESTAMP '2022-01-01' ORDER BY census_original.dv_cmdline_args LIMIT 100;
2025-07-01T00:08:29.790010,"SELECT census_original.dv_cmdline_args, census_original.dv_create_time FROM census_original  WHERE census_original.dv_version = 'sample' AND census_original.dv_create_time = 'NULL' AND census_original.dv_cmdline_args LIKE 'sample' ORDER BY census_original.dv_create_time LIMIT 100;"
2025-07-01T00:08:30.086002,"SELECT census_original.dv_cmdline_args, census_original.dv_create_time FROM census_original  WHERE census_original.dv_version = 'sample' AND census_original.dv_create_time = 'NULL' AND census_original.dv_cmdline_args LIKE 'sample' ORDER BY census_original.dv_create_time LIMIT 100;"
2025-07-01T00:08:30.374512,SELECT census_original.dv_create_time FROM census_original  WHERE census_original.dv_version = 'sample' ORDER BY census_original.dv_create_time LIMIT 100;
2025-07-01T00:08:30.652011,SELECT census_original.dv_create_time FROM census_original  WHERE census_original.dv_version = 'sample' ORDER BY census_original.dv_create_time LIMIT 100;
2025-07-01T00:08:30.915411,SELECT census_original.dv_version FROM census_original  WHERE census_original.dv_create_time = 'NULL' AND census_original.dv_cmdline_args = 'sample' ORDER BY census_original.dv_version LIMIT 100;
2025-07-01T00:08:31.162183,SELECT census_original.dv_create_time FROM census_original  WHERE census_original.dv_version = 'sample' ORDER BY census_original.dv_create_time LIMIT 100;
2025-07-01T00:08:31.390462,SELECT census_original.dv_version FROM census_original  WHERE census_original.dv_create_time = 'NULL' AND census_original.dv_cmdline_args = 'sample' ORDER BY census_original.dv_version LIMIT 100;
2025-07-01T00:08:31.599122,SELECT census_original.dv_version FROM census_original  WHERE census_original.dv_create_time = 'NULL' AND census_original.dv_cmdline_args = 'sample' ORDER BY census_original.dv_version LIMIT 100;
2025-07-01T00:08:31.787817,SELECT census_original.dv_create_date FROM census_original  WHERE census_original.dv_cmdline_args LIKE 'sample' AND census_original.dv_version LIKE 'sample' AND census_original.dv_create_date >= TIMESTAMP '2022-01-01' ORDER BY census_original.dv_create_date LIMIT 100;
2025-07-01T00:08:31.956998,SELECT census_original.dv_create_date FROM census_original  WHERE census_original.dv_cmdline_args LIKE 'sample' AND census_original.dv_version LIKE 'sample' AND census_original.dv_create_date >= TIMESTAMP '2022-01-01' ORDER BY census_original.dv_create_date LIMIT 100;
2025-07-01T00:08:32.107893,SELECT census_original.dv_create_time FROM census_original  WHERE census_original.dv_version = 'sample' ORDER BY census_original.dv_create_time LIMIT 100;
2025-07-01T00:08:32.242461,"SELECT census_original.dv_cmdline_args, census_original.dv_create_time FROM census_original  WHERE census_original.dv_version = 'sample' AND census_original.dv_create_time = 'NULL' AND census_original.dv_cmdline_args LIKE 'sample' ORDER BY census_original.dv_create_time LIMIT 100;"
2025-07-01T00:08:32.363309,SELECT census_original.dv_create_time FROM census_original  WHERE census_original.dv_version = 'sample' ORDER BY census_original.dv_create_time LIMIT 100;
2025-07-01T00:08:32.473593,SELECT census_original.dv_create_time FROM census_original  WHERE census_original.dv_version = 'sample' ORDER BY census_original.dv_create_time LIMIT 100;
2025-07-01T00:08:32.576890,SELECT census_original.dv_create_date FROM census_original  WHERE census_original.dv_cmdline_args LIKE 'sample' AND census_original.dv_version LIKE 'sample' AND census_original.dv_create_date >= TIMESTAMP '2022-01-01' ORDER BY census_original.dv_create_date LIMIT 100;
2025-07-01T00:08:32.677055,SELECT census_original.dv_version FROM census_original  WHERE census_original.dv_create_time = 'NULL' AND census_original.dv_cmdline_args = 'sample' ORDER BY census_original.dv_version LIMIT 100;
2025-07-01T00:08:32.778069,SELECT census_original.dv_version FROM census_original  WHERE census_original.dv_create_time = 'NULL' AND census_original.dv_cmdline_args = 'sample' ORDER BY census_original.dv_version LIMIT 100;
2025-07-01T00:08:32.883877,"SELECT census_original.dv_cmdline_args, census_original.dv_create_time FROM census_original  WHERE census_original.dv_version = 'sample' AND census_original.dv_create_time = 'NULL' AND census_original.dv_cmdline_args LIKE 'sample' ORDER BY census_original.dv_create_time LIMIT 100;"
2025-07-01T00:08:32.998235,SELECT census_original.dv_version FROM census_original  WHERE census_original.dv_create_time = 'NULL' AND census_original.dv_cmdline_args = 'sample' ORDER BY census_original.dv_version LIMIT 100;
2025-07-01T00:08:33.124556,SELECT census_original.dv_cmdline_args FROM census_original  WHERE census_original.dv_create_date <= TIMESTAMP '2022-01-01' ORDER BY census_original.dv_cmdline_args LIMIT 100;
2025-07-01T00:08:33.265779,"SELECT census_original.dv_cmdline_args, census_original.dv_create_time FROM census_original  WHERE census_original.dv_version = 'sample' AND census_original.dv_create_time = 'NULL' AND census_original.dv_cmdline_args LIKE 'sample' ORDER BY census_original.dv_create_time LIMIT 100;"
2025-07-01T00:08:33.424247,"SELECT census_original.dv_cmdline_args, census_original.dv_create_time FROM census_original  WHERE census_original.dv_version = 'sample' AND census_original.dv_create_time = 'NULL' AND census_original.dv_cmdline_args LIKE 'sample' ORDER BY census_original.dv_create_time LIMIT 100;"
2025-07-01T00:08:33.601614,SELECT census_original.dv_version FROM census_original  WHERE census_original.dv_create_time = 'NULL' AND census_original.dv_cmdline_args = 'sample' ORDER BY census_original.dv_version LIMIT 100;
2025-07-01T00:08:33.798785,SELECT census_original.dv_version FROM census_original  WHERE census_original.dv_create_time = 'NULL' AND census_original.dv_cmdline_args = 'sample' ORDER BY census_original.dv_version LIMIT 100;
2025-07-01T00:08:34.015870,SELECT census_original.dv_cmdline_args FROM census_original  WHERE census_original.dv_create_date <= TIMESTAMP '2022-01-01' ORDER BY census_original.dv_cmdline_args LIMIT 100;
2025-07-01T00:08:34.252190,SELECT census_original.dv_create_date FROM census_original  WHERE census_original.dv_cmdline_args LIKE 'sample' AND census_original.dv_version LIKE 'sample' AND census_original.dv_create_date >= TIMESTAMP '2022-01-01' ORDER BY census_original.dv_create_date LIMIT 100;
2025-07-01T00:08:34.506297,SELECT census_original.dv_cmdline_args FROM census_original  WHERE census_original.dv_create_date <= TIMESTAMP '2022-01-01' ORDER BY census_original.dv_cmdline_args LIMIT 100;
2025-07-01T00:08:34.776032,"SELECT census_original.dv_cmdline_args, census_original.dv_create_time FROM census_original  WHERE census_original.dv_version = 'sample' AND census_original.dv_create_time = 'NULL' AND census_original.dv_cmdline_args LIKE 'sample' ORDER BY census_original.dv_create_time LIMIT 100;"
2025-07-01T00:08:35.058617,SELECT census_original.dv_version FROM census_original  WHERE census_original.dv_create_time = 'NULL' AND census_original.dv_cmdline_args = 'sample' ORDER BY census_original.dv_version LIMIT 100;
2025-07-01T00:08:35.350758,SELECT census_original.dv_version FROM census_original  WHERE census_original.dv_create_time = 'NULL' AND census_original.dv_cmdline_args = 'sample' ORDER BY census_original.dv_version LIMIT 100;
2025-07-01T00:08:35.648782,SELECT census_original.dv_create_time FROM census_original  WHERE census_original.dv_version = 'sample' ORDER BY census_original.dv_create_time LIMIT 100;
2025-07-01T00:08:35.948782,SELECT census_original.dv_cmdline_args FROM census_original  WHERE census_original.dv_create_date <= TIMESTAMP '2022-01-01' ORDER BY census_original.dv_cmdline_args LIMIT 100;
2025-07-01T00:08:36.246771,SELECT census_original.dv_cmdline_args FROM census_original  WHERE census_original.dv_create_date <= TIMESTAMP '2022-01-01' ORDER BY census_original.dv_cmdline_args LIMIT 100;
2025-07-01T00:08:36.538842,SELECT census_original.dv_create_time FROM census_original  WHERE census_original.dv_version = 'sample' ORDER BY census_original.dv_create_time LIMIT 100;
2025-07-01T00:08:36.821324,SELECT census_original.dv_create_date FROM census_original  WHERE census_original.dv_cmdline_args LIKE 'sample' AND census_original.dv_version LIKE 'sample' AND census_original.dv_create_date >= TIMESTAMP '2022-01-01' ORDER BY census_original.dv_create_date LIMIT 100;
2025-07-01T00:08:37.090930,SELECT census_original.dv_version FROM census_original  WHERE census_original.dv_create_time = 'NULL' AND census_original.dv_cmdline_args = 'sample' ORDER BY census_original.dv_version LIMIT 100;
2025-07-01T00:08:37.344884,SELECT census_original.dv_create_date FROM census_original  WHERE census_original.dv_cmdline_args LIKE 'sample' AND census_original.dv_version LIKE 'sample' AND census_original.dv_create_date >= TIMESTAMP '2022-01-01' ORDER BY census_original.dv_create_date LIMIT 100;
2025-07-01T00:08:37.581036,"SELECT census_original.dv_cmdline_args, census_original.dv_create_time FROM census_original  WHERE census_original.dv_version = 'sample' AND census_original.dv_create_time = 'NULL' AND census_original.dv_cmdline_args LIKE 'sample' ORDER BY census_original.dv_create_time LIMIT 100;"
2025-07-01T00:08:37.797944,"SELECT census_original.dv_cmdline_args, census_original.dv_create_time FROM census_original  WHERE census_original.dv_version = 'sample' AND census_original.dv_create_time = 'NULL' AND census_original.dv_cmdline_args LIKE 'sample' ORDER BY census_original.dv_create_time LIMIT 100;"
2025-07-01T00:08:37.994933,SELECT census_original.dv_cmdline_args FROM census_original  WHERE census_original.dv_create_date <= TIMESTAMP '2022-01-01' ORDER BY census_original.dv_cmdline_args LIMIT 100;
2025-07-01T00:08:38.172125,SELECT census_original.dv_version FROM census_original  WHERE census_original.dv_create_time = 'NULL' AND census_original.dv_cmdline_args = 'sample' ORDER BY census_original.dv_version LIMIT 100;
2025-07-01T00:08:38.330429,SELECT census_original.dv_version FROM census_original  WHERE census_original.dv_create_time = 'NULL' AND census_original.dv_cmdline_args = 'sample' ORDER BY census_original.dv_version LIMIT 100;
2025-07-01T00:08:38.471505,SELECT census_original.dv_cmdline_args FROM census_original  WHERE census_original.dv_create_date <= TIMESTAMP '2022-01-01' ORDER BY census_original.dv_cmdline_args LIMIT 100;
2025-07-01T00:08:38.597705,SELECT census_original.dv_create_date FROM census_original  WHERE census_original.dv_cmdline_args LIKE 'sample' AND census_original.dv_version LIKE 'sample' AND census_original.dv_create_date >= TIMESTAMP '2022-01-01' ORDER BY census_original.dv_create_date LIMIT 100;
2025-07-01T00:08:38.711970,SELECT census_original.dv_version FROM census_original  WHERE census_original.dv_create_time = 'NULL' AND census_original.dv_cmdline_args = 'sample' ORDER BY census_original.dv_version LIMIT 100;
2025-07-01T00:08:38.817717,SELECT census_original.dv_cmdline_args FROM census_original  WHERE census_original.dv_create_date <= TIMESTAMP '2022-01-01' ORDER BY census_original.dv_cmdline_args LIMIT 100;
2025-07-01T00:08:38.918705,SELECT census_original.dv_cmdline_args FROM census_original  WHERE census_original.dv_create_date <= TIMESTAMP '2022-01-01' ORDER BY census_original.dv_cmdline_args LIMIT 100;
2025-07-01T00:08:39.018881,"SELECT census_original.dv_cmdline_args, census_original.dv_create_time FROM census_original  WHERE census_original.dv_version = 'sample' AND census_original.dv_create_time = 'NULL' AND census_original.dv_cmdline_args LIKE 'sample' ORDER BY census_original.dv_create_time LIMIT 100;"
2025-07-01T00:08:39.122224,SELECT census_original.dv_cmdline_args FROM census_original  WHERE census_original.dv_create_date <= TIMESTAMP '2022-01-01' ORDER BY census_original.dv_cmdline_args LIMIT 100;
2025-07-01T00:08:39.232589,"SELECT census_original.dv_cmdline_args, census_original.dv_create_time FROM census_original  WHERE census_original.dv_version = 'sample' AND census_original.dv_create_time = 'NULL' AND census_original.dv_cmdline_args LIKE 'sample' ORDER BY census_original.dv_create_time LIMIT 100;"
2025-07-01T00:08:39.353547,SELECT census_original.dv_version FROM census_original  WHERE census_original.dv_create_time = 'NULL' AND census_original.dv_cmdline_args = 'sample' ORDER BY census_original.dv_version LIMIT 100;
2025-07-01T00:08:39.488251,SELECT census_original.dv_create_date FROM census_original  WHERE census_original.dv_cmdline_args LIKE 'sample' AND census_original.dv_version LIKE 'sample' AND census_original.dv_create_date >= TIMESTAMP '2022-01-01' ORDER BY census_original.dv_create_date LIMIT 100;
2025-07-01T00:08:39.639304,"SELECT census_original.dv_cmdline_args, census_original.dv_create_time FROM census_original  WHERE census_original.dv_version = 'sample' AND census_original.dv_create_time = 'NULL' AND census_original.dv_cmdline_args LIKE 'sample' ORDER BY census_original.dv_create_time LIMIT 100;"
2025-07-01T00:08:39.808656,SELECT census_original.dv_cmdline_args FROM census_original  WHERE census_original.dv_create_date <= TIMESTAMP '2022-01-01' ORDER BY census_original.dv_cmdline_args LIMIT 100;
2025-07-01T00:08:39.997531,SELECT census_original.dv_version FROM census_original  WHERE census_original.dv_create_time = 'NULL' AND census_original.dv_cmdline_args = 'sample' ORDER BY census_original.dv_version LIMIT 100;
2025-07-01T00:08:40.206371,"SELECT census_original.dv_cmdline_args, census_original.dv_create_time FROM census_original  WHERE census_original.dv_version = 'sample' AND census_original.dv_create_time = 'NULL' AND census_original.dv_cmdline_args LIKE 'sample' ORDER BY census_original.dv_create_time LIMIT 100;"
2025-07-01T00:08:40.434824,SELECT census_original.dv_version FROM census_original  WHERE census_original.dv_create_time = 'NULL' AND census_original.dv_cmdline_args = 'sample' ORDER BY census_original.dv_version LIMIT 100;
2025-07-01T00:08:40.681755,SELECT census_original.dv_version FROM census_original  WHERE census_original.dv_create_time = 'NULL' AND census_original.dv_cmdline_args = 'sample' ORDER BY census_original.dv_version LIMIT 100;
2025-07-01T00:08:40.945294,SELECT census_original.dv_create_date FROM census_original  WHERE census_original.dv_cmdline_args LIKE 'sample' AND census_original.dv_version LIKE 'sample' AND census_original.dv_create_date >= TIMESTAMP '2022-01-01' ORDER BY census_original.dv_create_date LIMIT 100;
2025-07-01T00:08:41.222908,SELECT census_original.dv_create_date FROM census_original  WHERE census_original.dv_cmdline_args LIKE 'sample' AND census_original.dv_version LIKE 'sample' AND census_original.dv_create_date >= TIMESTAMP '2022-01-01' ORDER BY census_original.dv_create_date LIMIT 100;
2025-07-01T00:08:41.511502,SELECT census_original.dv_version FROM census_original  WHERE census_original.dv_create_time = 'NULL' AND census_original.dv_cmdline_args = 'sample' ORDER BY census_original.dv_version LIMIT 100;
2025-07-01T00:08:41.807544,SELECT census_original.dv_cmdline_args FROM census_original  WHERE census_original.dv_create_date <= TIMESTAMP '2022-01-01' ORDER BY census_original.dv_cmdline_args LIMIT 100;
2025-07-01T00:08:42.107206,SELECT census_original.dv_create_time FROM census_original  WHERE census_original.dv_version = 'sample' ORDER BY census_original.dv_create_time LIMIT 100;
2025-07-01T00:08:42.406513,SELECT census_original.dv_create_date FROM census_original  WHERE census_original.dv_cmdline_args LIKE 'sample' AND census_original.dv_version LIKE 'sample' AND census_original.dv_create_date >= TIMESTAMP '2022-01-01' ORDER BY census_original.dv_create_date LIMIT 100;
2025-07-01T00:08:42.701509,SELECT census_original.dv_cmdline_args FROM census_original  WHERE census_original.dv_create_date <= TIMESTAMP '2022-01-01' ORDER BY census_original.dv_cmdline_args LIMIT 100;
2025-07-01T00:08:42.988404,"SELECT census_original.dv_cmdline_args, census_original.dv_create_time FROM census_original  WHERE census_original.dv_version = 'sample' AND census_original.dv_create_time = 'NULL' AND census_original.dv_cmdline_args LIKE 'sample' ORDER BY census_original.dv_create_time LIMIT 100;"
2025-07-01T00:08:43.263734,"SELECT census_original.dv_cmdline_args, census_original.dv_create_time FROM census_original  WHERE census_original.dv_version = 'sample' AND census_original.dv_create_time = 'NULL' AND census_original.dv_cmdline_args LIKE 'sample' ORDER BY census_original.dv_create_time LIMIT 100;"
2025-07-01T00:08:43.524498,SELECT census_original.dv_create_time FROM census_original  WHERE census_original.dv_version = 'sample' ORDER BY census_original.dv_create_time LIMIT 100;
2025-07-01T00:08:43.768271,SELECT census_original.dv_version FROM census_original  WHERE census_original.dv_create_time = 'NULL' AND census_original.dv_cmdline_args = 'sample' ORDER BY census_original.dv_version LIMIT 100;
2025-07-01T00:08:43.993310,SELECT census_original.dv_create_time FROM census_original  WHERE census_original.dv_version = 'sample' ORDER BY census_original.dv_create_time LIMIT 100;
2025-07-01T00:08:44.198615,"SELECT census_original.dv_cmdline_args, census_original.dv_create_time FROM census_original  WHERE census_original.dv_version = 'sample' AND census_original.dv_create_time = 'NULL' AND census_original.dv_cmdline_args LIKE 'sample' ORDER BY census_original.dv_create_time LIMIT 100;"
2025-07-01T00:08:44.383976,SELECT census_original.dv_cmdline_args FROM census_original  WHERE census_original.dv_create_date <= TIMESTAMP '2022-01-01' ORDER BY census_original.dv_cmdline_args LIMIT 100;
2025-07-01T00:08:44.549976,SELECT census_original.dv_create_date FROM census_original  WHERE census_original.dv_cmdline_args LIKE 'sample' AND census_original.dv_version LIKE 'sample' AND census_original.dv_create_date >= TIMESTAMP '2022-01-01' ORDER BY census_original.dv_create_date LIMIT 100;
2025-07-01T00:08:44.697969,SELECT census_original.dv_version FROM census_original  WHERE census_original.dv_create_time = 'NULL' AND census_original.dv_cmdline_args = 'sample' ORDER BY census_original.dv_version LIMIT 100;
2025-07-01T00:08:44.830031,SELECT census_original.dv_create_date FROM census_original  WHERE census_original.dv_cmdline_args LIKE 'sample' AND census_original.dv_version LIKE 'sample' AND census_original.dv_create_date >= TIMESTAMP '2022-01-01' ORDER BY census_original.dv_create_date LIMIT 100;
2025-07-01T00:08:44.948869,SELECT census_original.dv_create_date FROM census_original  WHERE census_original.dv_cmdline_args LIKE 'sample' AND census_original.dv_version LIKE 'sample' AND census_original.dv_create_date >= TIMESTAMP '2022-01-01' ORDER BY census_original.dv_create_date LIMIT 100;
2025-07-01T00:08:45.057719,SELECT census_original.dv_cmdline_args FROM census_original  WHERE census_original.dv_create_date <= TIMESTAMP '2022-01-01' ORDER BY census_original.dv_cmdline_args LIMIT 100;
2025-07-01T00:08:45.160214,"SELECT census_original.dv_cmdline_args, census_original.dv_create_time FROM census_original  WHERE census_original.dv_version = 'sample' AND census_original.dv_create_time = 'NULL' AND census_original.dv_cmdline_args LIKE 'sample' ORDER BY census_original.dv_create_time LIMIT 100;"
2025-07-01T00:08:45.260243,"SELECT census_original.dv_cmdline_args, census_original.dv_create_time FROM census_original  WHERE census_original.dv_version = 'sample' AND census_original.dv_create_time = 'NULL' AND census_original.dv_cmdline_args LIKE 'sample' ORDER BY census_original.dv_create_time LIMIT 100;"
2025-07-01T00:08:45.361790,SELECT census_original.dv_create_date FROM census_original  WHERE census_original.dv_cmdline_args LIKE 'sample' AND census_original.dv_version LIKE 'sample' AND census_original.dv_create_date >= TIMESTAMP '2022-01-01' ORDER BY census_original.dv_create_date LIMIT 100;
2025-07-01T00:08:45.468780,"SELECT census_original.dv_cmdline_args, census_original.dv_create_time FROM census_original  WHERE census_original.dv_version = 'sample' AND census_original.dv_create_time = 'NULL' AND census_original.dv_cmdline_args LIKE 'sample' ORDER BY census_original.dv_create_time LIMIT 100;"
2025-07-01T00:08:45.584922,"SELECT census_original.dv_cmdline_args, census_original.dv_create_time FROM census_original  WHERE census_original.dv_version = 'sample' AND census_original.dv_create_time = 'NULL' AND census_original.dv_cmdline_args LIKE 'sample' ORDER BY census_original.dv_create_time LIMIT 100;"
2025-07-01T00:08:45.713559,SELECT census_original.dv_create_time FROM census_original  WHERE census_original.dv_version = 'sample' ORDER BY census_original.dv_create_time LIMIT 100;
2025-07-01T00:08:45.857535,SELECT census_original.dv_cmdline_args FROM census_original  WHERE census_original.dv_create_date <= TIMESTAMP '2022-01-01' ORDER BY census_original.dv_cmdline_args LIMIT 100;
2025-07-01T00:08:46.019085,SELECT census_original.dv_cmdline_args FROM census_original  WHERE census_original.dv_create_date <= TIMESTAMP '2022-01-01' ORDER BY census_original.dv_cmdline_args LIMIT 100;
2025-07-01T00:08:46.199741,SELECT census_original.dv_version FROM census_original  WHERE census_original.dv_create_time = 'NULL' AND census_original.dv_cmdline_args = 'sample' ORDER BY census_original.dv_version LIMIT 100;
2025-07-01T00:08:46.400274,SELECT census_original.dv_cmdline_args FROM census_original  WHERE census_original.dv_create_date <= TIMESTAMP '2022-01-01' ORDER BY census_original.dv_cmdline_args LIMIT 100;
2025-07-01T00:08:46.620662,SELECT census_original.dv_cmdline_args FROM census_original  WHERE census_original.dv_create_date <= TIMESTAMP '2022-01-01' ORDER BY census_original.dv_cmdline_args LIMIT 100;
2025-07-01T00:08:46.860095,SELECT census_original.dv_cmdline_args FROM census_original  WHERE census_original.dv_create_date <= TIMESTAMP '2022-01-01' ORDER BY census_original.dv_cmdline_args LIMIT 100;
2025-07-01T00:08:47.116998,"SELECT census_original.dv_cmdline_args, census_original.dv_create_time FROM census_original  WHERE census_original.dv_version = 'sample' AND census_original.dv_create_time = 'NULL' AND census_original.dv_cmdline_args LIKE 'sample' ORDER BY census_original.dv_create_time LIMIT 100;"
2025-07-01T00:08:47.389104,"SELECT census_original.dv_cmdline_args, census_original.dv_create_time FROM census_original  WHERE census_original.dv_version = 'sample' AND census_original.dv_create_time = 'NULL' AND census_original.dv_cmdline_args LIKE 'sample' ORDER BY census_original.dv_create_time LIMIT 100;"
2025-07-01T00:08:47.673537,SELECT census_original.dv_create_date FROM census_original  WHERE census_original.dv_cmdline_args LIKE 'sample' AND census_original.dv_version LIKE 'sample' AND census_original.dv_create_date >= TIMESTAMP '2022-01-01' ORDER BY census_original.dv_create_date LIMIT 100;
2025-07-01T00:08:47.966933,SELECT census_original.dv_create_date FROM census_original  WHERE census_original.dv_cmdline_args LIKE 'sample' AND census_original.dv_version LIKE 'sample' AND census_original.dv_create_date >= TIMESTAMP '2022-01-01' ORDER BY census_original.dv_create_date LIMIT 100;
2025-07-01T00:08:48.265567,"SELECT census_original.dv_cmdline_args, census_original.dv_create_time FROM census_original  WHERE census_original.dv_version = 'sample' AND census_original.dv_create_time = 'NULL' AND census_original.dv_cmdline_args LIKE 'sample' ORDER BY census_original.dv_create_time LIMIT 100;"
2025-07-01T00:08:48.565508,SELECT census_original.dv_create_date FROM census_original  WHERE census_original.dv_cmdline_args LIKE 'sample' AND census_original.dv_version LIKE 'sample' AND census_original.dv_create_date >= TIMESTAMP '2022-01-01' ORDER BY census_original.dv_create_date LIMIT 100;
2025-07-01T00:08:48.862770,SELECT census_original.dv_create_date FROM census_original  WHERE census_original.dv_cmdline_args LIKE 'sample' AND census_original.dv_version LIKE 'sample' AND census_original.dv_create_date >= TIMESTAMP '2022-01-01' ORDER BY census_original.dv_create_date LIMIT 100;
2025-07-01T00:08:49.153477,SELECT census_original.dv_version FROM census_original  WHERE census_original.dv_create_time = 'NULL' AND census_original.dv_cmdline_args = 'sample' ORDER BY census_original.dv_version LIMIT 100;
2025-07-01T00:08:49.434012,SELECT census_original.dv_create_time FROM census_original  WHERE census_original.dv_version = 'sample' ORDER BY census_original.dv_create_time LIMIT 100;
2025-07-01T00:08:49.701164,SELECT census_original.dv_create_date FROM census_original  WHERE census_original.dv_cmdline_args LIKE 'sample' AND census_original.dv_version LIKE 'sample' AND census_original.dv_create_date >= TIMESTAMP '2022-01-01' ORDER BY census_original.dv_create_date LIMIT 100;
2025-07-01T00:08:49.952257,"SELECT census_original.dv_cmdline_args, census_original.dv_create_time FROM census_original  WHERE census_original.dv_version = 'sample' AND census_original.dv_create_time = 'NULL' AND census_original.dv_cmdline_args LIKE 'sample' ORDER BY census_original.dv_create_time LIMIT 100;"
2025-07-01T00:08:50.185253,SELECT census_original.dv_version FROM census_original  WHERE census_original.dv_create_time = 'NULL' AND census_original.dv_cmdline_args = 'sample' ORDER BY census_original.dv_version LIMIT 100;
2025-07-01T00:08:50.398837,SELECT census_original.dv_create_time FROM census_original  WHERE census_original.dv_version = 'sample' ORDER BY census_original.dv_create_time LIMIT 100;
2025-07-01T00:08:50.592468,"SELECT census_original.dv_cmdline_args, census_original.dv_create_time FROM census_original  WHERE census_original.dv_version = 'sample' AND census_original.dv_create_time = 'NULL' AND census_original.dv_cmdline_args LIKE 'sample' ORDER BY census_original.dv_create_time LIMIT 100;"
2025-07-01T00:08:50.766399,"SELECT census_original.dv_cmdline_args, census_original.dv_create_time FROM census_original  WHERE census_original.dv_version = 'sample' AND census_original.dv_create_time = 'NULL' AND census_original.dv_cmdline_args LIKE 'sample' ORDER BY census_original.dv_create_time LIMIT 100;"
2025-07-01T00:08:50.921670,SELECT census_original.dv_cmdline_args FROM census_original  WHERE census_original.dv_create_date <= TIMESTAMP '2022-01-01' ORDER BY census_original.dv_cmdline_args LIMIT 100;
2025-07-01T00:08:51.060063,SELECT census_original.dv_version FROM census_original  WHERE census_original.dv_create_time = 'NULL' AND census_original.dv_cmdline_args = 'sample' ORDER BY census_original.dv_version LIMIT 100;
2025-07-01T00:08:51.184036,SELECT census_original.dv_cmdline_args FROM census_original  WHERE census_original.dv_create_date <= TIMESTAMP '2022-01-01' ORDER BY census_original.dv_cmdline_args LIMIT 100;
2025-07-01T00:08:51.296618,SELECT census_original.dv_create_time FROM census_original  WHERE census_original.dv_version = 'sample' ORDER BY census_original.dv_create_time LIMIT 100;
2025-07-01T00:08:51.401296,SELECT census_original.dv_version FROM census_original  WHERE census_original.dv_create_time = 'NULL' AND census_original.dv_cmdline_args = 'sample' ORDER BY census_original.dv_version LIMIT 100;
2025-07-01T00:08:51.501868,SELECT census_original.dv_create_date FROM census_original  WHERE census_original.dv_cmdline_args LIKE 'sample' AND census_original.dv_version LIKE 'sample' AND census_original.dv_create_date >= TIMESTAMP '2022-01-01' ORDER BY census_original.dv_create_date LIMIT 100;
2025-07-01T00:08:51.602300,SELECT census_original.dv_create_time FROM census_original  WHERE census_original.dv_version = 'sample' ORDER BY census_original.dv_create_time LIMIT 100;
2025-07-01T00:08:51.706560,SELECT census_original.dv_create_time FROM census_original  WHERE census_original.dv_version = 'sample' ORDER BY census_original.dv_create_time LIMIT 100;
2025-07-01T00:08:51.818465,SELECT census_original.dv_cmdline_args FROM census_original  WHERE census_original.dv_create_date <= TIMESTAMP '2022-01-01' ORDER BY census_original.dv_cmdline_args LIMIT 100;
2025-07-01T00:08:51.941528,SELECT census_original.dv_create_time FROM census_original  WHERE census_original.dv_version = 'sample' ORDER BY census_original.dv_create_time LIMIT 100;
2025-07-01T00:08:52.078816,SELECT census_original.dv_create_date FROM census_original  WHERE census_original.dv_cmdline_args LIKE 'sample' AND census_original.dv_version LIKE 'sample' AND census_original.dv_create_date >= TIMESTAMP '2022-01-01' ORDER BY census_original.dv_create_date LIMIT 100;
2025-07-01T00:08:52.232828,SELECT census_original.dv_create_date FROM census_original  WHERE census_original.dv_cmdline_args LIKE 'sample' AND census_original.dv_version LIKE 'sample' AND census_original.dv_create_date >= TIMESTAMP '2022-01-01' ORDER BY census_original.dv_create_date LIMIT 100;
2025-07-01T00:08:52.405398,SELECT census_original.dv_create_time FROM census_original  WHERE census_original.dv_version = 'sample' ORDER BY census_original.dv_create_time LIMIT 100;
2025-07-01T00:08:52.597621,SELECT census_original.dv_create_time FROM census_original  WHERE census_original.dv_version = 'sample' ORDER BY census_original.dv_create_time LIMIT 100;
2025-07-01T00:08:52.809805,SELECT census_original.dv_create_date FROM census_original  WHERE census_original.dv_cmdline_args LIKE 'sample' AND census_original.dv_version LIKE 'sample' AND census_original.dv_create_date >= TIMESTAMP '2022-01-01' ORDER BY census_original.dv_create_date LIMIT 100;
2025-07-01T00:08:53.041465,SELECT census_original.dv_create_date FROM census_original  WHERE census_original.dv_cmdline_args LIKE 'sample' AND census_original.dv_version LIKE 'sample' AND census_original.dv_create_date >= TIMESTAMP '2022-01-01' ORDER BY census_original.dv_create_date LIMIT 100;
2025-07-01T00:08:53.291339,SELECT census_original.dv_create_time FROM census_original  WHERE census_original.dv_version = 'sample' ORDER BY census_original.dv_create_time LIMIT 100;
2025-07-01T00:08:53.557438,SELECT census_original.dv_create_time FROM census_original  WHERE census_original.dv_version = 'sample' ORDER BY census_original.dv_create_time LIMIT 100;
2025-07-01T00:08:53.837128,SELECT census_original.dv_version FROM census_original  WHERE census_original.dv_create_time = 'NULL' AND census_original.dv_cmdline_args = 'sample' ORDER BY census_original.dv_version LIMIT 100;
2025-07-01T00:08:54.127231,SELECT census_original.dv_create_date FROM census_original  WHERE census_original.dv_cmdline_args LIKE 'sample' AND census_original.dv_version LIKE 'sample' AND census_original.dv_create_date >= TIMESTAMP '2022-01-01' ORDER BY census_original.dv_create_date LIMIT 100;
2025-07-01T00:08:54.424156,"SELECT census_original.dv_cmdline_args, census_original.dv_create_time FROM census_original  WHERE census_original.dv_version = 'sample' AND census_original.dv_create_time = 'NULL' AND census_original.dv_cmdline_args LIKE 'sample' ORDER BY census_original.dv_create_time LIMIT 100;"
2025-07-01T00:08:54.724037,"SELECT census_original.dv_cmdline_args, census_original.dv_create_time FROM census_original  WHERE census_original.dv_version = 'sample' AND census_original.dv_create_time = 'NULL' AND census_original.dv_cmdline_args LIKE 'sample' ORDER BY census_original.dv_create_time LIMIT 100;"
2025-07-01T00:08:55.022894,SELECT census_original.dv_cmdline_args FROM census_original  WHERE census_original.dv_create_date <= TIMESTAMP '2022-01-01' ORDER BY census_original.dv_cmdline_args LIMIT 100;
2025-07-01T00:08:55.316785,SELECT census_original.dv_version FROM census_original  WHERE census_original.dv_create_time = 'NULL' AND census_original.dv_cmdline_args = 'sample' ORDER BY census_original.dv_version LIMIT 100;
2025-07-01T00:08:55.601967,SELECT census_original.dv_cmdline_args FROM census_original  WHERE census_original.dv_create_date <= TIMESTAMP '2022-01-01' ORDER BY census_original.dv_cmdline_args LIMIT 100;
2025-07-01T00:08:55.875044,SELECT census_original.dv_cmdline_args FROM census_original  WHERE census_original.dv_create_date <= TIMESTAMP '2022-01-01' ORDER BY census_original.dv_cmdline_args LIMIT 100;
2025-07-01T00:08:56.133103,SELECT census_original.dv_version FROM census_original  WHERE census_original.dv_create_time = 'NULL' AND census_original.dv_cmdline_args = 'sample' ORDER BY census_original.dv_version LIMIT 100;
2025-07-01T00:08:56.373829,SELECT census_original.dv_create_time FROM census_original  WHERE census_original.dv_version = 'sample' ORDER BY census_original.dv_create_time LIMIT 100;
2025-07-01T00:08:56.595598,SELECT census_original.dv_create_time FROM census_original  WHERE census_original.dv_version = 'sample' ORDER BY census_original.dv_create_time LIMIT 100;
2025-07-01T00:08:56.797543,SELECT census_original.dv_version FROM census_original  WHERE census_original.dv_create_time = 'NULL' AND census_original.dv_cmdline_args = 'sample' ORDER BY census_original.dv_version LIMIT 100;
2025-07-01T00:08:56.979585,SELECT census_original.dv_create_date FROM census_original  WHERE census_original.dv_cmdline_args LIKE 'sample' AND census_original.dv_version LIKE 'sample' AND census_original.dv_create_date >= TIMESTAMP '2022-01-01' ORDER BY census_original.dv_create_date LIMIT 100;
2025-07-01T00:08:57.142442,SELECT census_original.dv_create_date FROM census_original  WHERE census_original.dv_cmdline_args LIKE 'sample' AND census_original.dv_version LIKE 'sample' AND census_original.dv_create_date >= TIMESTAMP '2022-01-01' ORDER BY census_original.dv_create_date LIMIT 100;
2025-07-01T00:08:57.287594,SELECT census_original.dv_cmdline_args FROM census_original  WHERE census_original.dv_create_date <= TIMESTAMP '2022-01-01' ORDER BY census_original.dv_cmdline_args LIMIT 100;
2025-07-01T00:08:57.417227,SELECT census_original.dv_create_time FROM census_original  WHERE census_original.dv_version = 'sample' ORDER BY census_original.dv_create_time LIMIT 100;
2025-07-01T00:08:57.534146,SELECT census_original.dv_create_date FROM census_original  WHERE census_original.dv_cmdline_args LIKE 'sample' AND census_original.dv_version LIKE 'sample' AND census_original.dv_create_date >= TIMESTAMP '2022-01-01' ORDER BY census_original.dv_create_date LIMIT 100;
2025-07-01T00:08:57.641665,SELECT census_original.dv_version FROM census_original  WHERE census_original.dv_create_time = 'NULL' AND census_original.dv_cmdline_args = 'sample' ORDER BY census_original.dv_version LIMIT 100;
2025-07-01T00:08:57.743469,SELECT census_original.dv_cmdline_args FROM census_original  WHERE census_original.dv_create_date <= TIMESTAMP '2022-01-01' ORDER BY census_original.dv_cmdline_args LIMIT 100;
2025-07-01T00:08:57.843474,SELECT census_original.dv_create_date FROM census_original  WHERE census_original.dv_cmdline_args LIKE 'sample' AND census_original.dv_version LIKE 'sample' AND census_original.dv_create_date >= TIMESTAMP '2022-01-01' ORDER BY census_original.dv_create_date LIMIT 100;
2025-07-01T00:08:57.945665,SELECT census_original.dv_create_date FROM census_original  WHERE census_original.dv_cmdline_args LIKE 'sample' AND census_original.dv_version LIKE 'sample' AND census_original.dv_create_date >= TIMESTAMP '2022-01-01' ORDER BY census_original.dv_create_date LIMIT 100;
2025-07-01T00:08:58.053944,SELECT census_original.dv_cmdline_args FROM census_original  WHERE census_original.dv_create_date <= TIMESTAMP '2022-01-01' ORDER BY census_original.dv_cmdline_args LIMIT 100;
2025-07-01T00:08:58.171965,SELECT census_original.dv_create_date FROM census_original  WHERE census_original.dv_cmdline_args LIKE 'sample' AND census_original.dv_version LIKE 'sample' AND census_original.dv_create_date >= TIMESTAMP '2022-01-01' ORDER BY census_original.dv_create_date LIMIT 100;
2025-07-01T00:08:58.302997,SELECT census_original.dv_create_time FROM census_original  WHERE census_original.dv_version = 'sample' ORDER BY census_original.dv_create_time LIMIT 100;
2025-07-01T00:08:58.449790,SELECT census_original.dv_create_date FROM census_original  WHERE census_original.dv_cmdline_args LIKE 'sample' AND census_original.dv_version LIKE 'sample' AND census_original.dv_create_date >= TIMESTAMP '2022-01-01' ORDER BY census_original.dv_create_date LIMIT 100;
2025-07-01T00:08:58.614465,SELECT census_original.dv_cmdline_args FROM census_original  WHERE census_original.dv_create_date <= TIMESTAMP '2022-01-01' ORDER BY census_original.dv_cmdline_args LIMIT 100;
2025-07-01T00:08:58.798431,SELECT census_original.dv_create_time FROM census_original  WHERE census_original.dv_version = 'sample' ORDER BY census_original.dv_create_time LIMIT 100;
2025-07-01T00:08:59.002326,SELECT census_original.dv_create_time FROM census_original  WHERE census_original.dv_version = 'sample' ORDER BY census_original.dv_create_time LIMIT 100;
2025-07-01T00:08:59.225995,SELECT census_original.dv_create_time FROM census_original  WHERE census_original.dv_version = 'sample' ORDER BY census_original.dv_create_time LIMIT 100;
2025-07-01T00:08:59.468494,SELECT census_original.dv_create_time FROM census_original  WHERE census_original.dv_version = 'sample' ORDER BY census_original.dv_create_time LIMIT 100;
2025-07-01T00:08:59.728130,SELECT census_original.dv_create_date FROM census_original  WHERE census_original.dv_cmdline_args LIKE 'sample' AND census_original.dv_version LIKE 'sample' AND census_original.dv_create_date >= TIMESTAMP '2022-01-01' ORDER BY census_original.dv_create_date LIMIT 100;
2025-07-01T00:09:00.002525,SELECT census_original.dv_create_date FROM census_original  WHERE census_original.dv_cmdline_args LIKE 'sample' AND census_original.dv_version LIKE 'sample' AND census_original.dv_create_date >= TIMESTAMP '2022-01-01' ORDER BY census_original.dv_create_date LIMIT 100;
2025-07-01T00:09:00.288713,SELECT census_original.dv_version FROM census_original  WHERE census_original.dv_create_time = 'NULL' AND census_original.dv_cmdline_args = 'sample' ORDER BY census_original.dv_version LIMIT 100;
2025-07-01T00:09:00.583257,"SELECT census_original.dv_cmdline_args, census_original.dv_create_time FROM census_original  WHERE census_original.dv_version = 'sample' AND census_original.dv_create_time = 'NULL' AND census_original.dv_cmdline_args LIKE 'sample' ORDER BY census_original.dv_create_time LIMIT 100;"
2025-07-01T00:09:00.882389,SELECT census_original.dv_create_time FROM census_original  WHERE census_original.dv_version = 'sample' ORDER BY census_original.dv_create_time LIMIT 100;
2025-07-01T00:09:01.182157,SELECT census_original.dv_create_time FROM census_original  WHERE census_original.dv_version = 'sample' ORDER BY census_original.dv_create_time LIMIT 100;
2025-07-01T00:09:01.478583,SELECT census_original.dv_create_date FROM census_original  WHERE census_original.dv_cmdline_args LIKE 'sample' AND census_original.dv_version LIKE 'sample' AND census_original.dv_create_date >= TIMESTAMP '2022-01-01' ORDER BY census_original.dv_create_date LIMIT 100;
2025-07-01T00:09:01.767823,SELECT census_original.dv_cmdline_args FROM census_original  WHERE census_original.dv_create_date <= TIMESTAMP '2022-01-01' ORDER BY census_original.dv_cmdline_args LIMIT 100;
2025-07-01T00:09:02.046319,SELECT census_original.dv_version FROM census_original  WHERE census_original.dv_create_time = 'NULL' AND census_original.dv_cmdline_args = 'sample' ORDER BY census_original.dv_version LIMIT 100;
2025-07-01T00:09:02.310942,SELECT census_original.dv_cmdline_args FROM census_original  WHERE census_original.dv_create_date <= TIMESTAMP '2022-01-01' ORDER BY census_original.dv_cmdline_args LIMIT 100;
2025-07-01T00:09:02.559116,SELECT census_original.dv_cmdline_args FROM census_original  WHERE census_original.dv_create_date <= TIMESTAMP '2022-01-01' ORDER BY census_original.dv_cmdline_args LIMIT 100;
2025-07-01T00:09:02.788919,SELECT census_original.dv_create_time FROM census_original  WHERE census_original.dv_version = 'sample' ORDER BY census_original.dv_create_time LIMIT 100;
2025-07-01T00:09:02.999165,SELECT census_original.dv_create_time FROM census_original  WHERE census_original.dv_version = 'sample' ORDER BY census_original.dv_create_time LIMIT 100;
2025-07-01T00:09:03.189444,"SELECT census_original.dv_cmdline_args, census_original.dv_create_time FROM census_original  WHERE census_original.dv_version = 'sample' AND census_original.dv_create_time = 'NULL' AND census_original.dv_cmdline_args LIKE 'sample' ORDER BY census_original.dv_create_time LIMIT 100;"
2025-07-01T00:09:03.360143,SELECT census_original.dv_cmdline_args FROM census_original  WHERE census_original.dv_create_date <= TIMESTAMP '2022-01-01' ORDER BY census_original.dv_cmdline_args LIMIT 100;
2025-07-01T00:09:03.512432,SELECT census_original.dv_create_time FROM census_original  WHERE census_original.dv_version = 'sample' ORDER BY census_original.dv_create_time LIMIT 100;
2025-07-01T00:09:03.648212,SELECT census_original.dv_cmdline_args FROM census_original  WHERE census_original.dv_create_date <= TIMESTAMP '2022-01-01' ORDER BY census_original.dv_cmdline_args LIMIT 100;
2025-07-01T00:09:03.770043,SELECT census_original.dv_version FROM census_original  WHERE census_original.dv_create_time = 'NULL' AND census_original.dv_cmdline_args = 'sample' ORDER BY census_original.dv_version LIMIT 100;
2025-07-01T00:09:03.881042,SELECT census_original.dv_create_date FROM census_original  WHERE census_original.dv_cmdline_args LIKE 'sample' AND census_original.dv_version LIKE 'sample' AND census_original.dv_create_date >= TIMESTAMP '2022-01-01' ORDER BY census_original.dv_create_date LIMIT 100;
2025-07-01T00:09:03.984757,SELECT census_original.dv_version FROM census_original  WHERE census_original.dv_create_time = 'NULL' AND census_original.dv_cmdline_args = 'sample' ORDER BY census_original.dv_version LIMIT 100;
2025-07-01T00:09:04.085027,SELECT census_original.dv_cmdline_args FROM census_original  WHERE census_original.dv_create_date <= TIMESTAMP '2022-01-01' ORDER BY census_original.dv_cmdline_args LIMIT 100;
2025-07-01T00:09:04.185827,"SELECT census_original.dv_cmdline_args, census_original.dv_create_time FROM census_original  WHERE census_original.dv_version = 'sample' AND census_original.dv_create_time = 'NULL' AND census_original.dv_cmdline_args LIKE 'sample' ORDER BY census_original.dv_create_time LIMIT 100;"
2025-07-01T00:09:04.291112,"SELECT census_original.dv_cmdline_args, census_original.dv_create_time FROM census_original  WHERE census_original.dv_version = 'sample' AND census_original.dv_create_time = 'NULL' AND census_original.dv_cmdline_args LIKE 'sample' ORDER BY census_original.dv_create_time LIMIT 100;"
2025-07-01T00:09:04.404658,SELECT census_original.dv_cmdline_args FROM census_original  WHERE census_original.dv_create_date <= TIMESTAMP '2022-01-01' ORDER BY census_original.dv_cmdline_args LIMIT 100;
2025-07-01T00:09:04.529913,SELECT census_original.dv_create_time FROM census_original  WHERE census_original.dv_version = 'sample' ORDER BY census_original.dv_create_time LIMIT 100;
2025-07-01T00:09:04.669855,"SELECT census_original.dv_cmdline_args, census_original.dv_create_time FROM census_original  WHERE census_original.dv_version = 'sample' AND census_original.dv_create_time = 'NULL' AND census_original.dv_cmdline_args LIKE 'sample' ORDER BY census_original.dv_create_time LIMIT 100;"
2025-07-01T00:09:04.826879,SELECT census_original.dv_version FROM census_original  WHERE census_original.dv_create_time = 'NULL' AND census_original.dv_cmdline_args = 'sample' ORDER BY census_original.dv_version LIMIT 100;
2025-07-01T00:09:05.002698,SELECT census_original.dv_cmdline_args FROM census_original  WHERE census_original.dv_create_date <= TIMESTAMP '2022-01-01' ORDER BY census_original.dv_cmdline_args LIMIT 100;
2025-07-01T00:09:05.198277,SELECT census_original.dv_cmdline_args FROM census_original  WHERE census_original.dv_create_date <= TIMESTAMP '2022-01-01' ORDER BY census_original.dv_cmdline_args LIMIT 100;
2025-07-01T00:09:05.413791,"SELECT census_original.dv_cmdline_args, census_original.dv_create_time FROM census_original  WHERE census_original.dv_version = 'sample' AND census_original.dv_create_time = 'NULL' AND census_original.dv_cmdline_args LIKE 'sample' ORDER BY census_original.dv_create_time LIMIT 100;"
2025-07-01T00:09:05.648623,SELECT census_original.dv_create_date FROM census_original  WHERE census_original.dv_cmdline_args LIKE 'sample' AND census_original.dv_version LIKE 'sample' AND census_original.dv_create_date >= TIMESTAMP '2022-01-01' ORDER BY census_original.dv_create_date LIMIT 100;
2025-07-01T00:09:05.901383,SELECT census_original.dv_create_time FROM census_original  WHERE census_original.dv_version = 'sample' ORDER BY census_original.dv_create_time LIMIT 100;
2025-07-01T00:09:06.169968,SELECT census_original.dv_create_date FROM census_original  WHERE census_original.dv_cmdline_args LIKE 'sample' AND census_original.dv_version LIKE 'sample' AND census_original.dv_create_date >= TIMESTAMP '2022-01-01' ORDER BY census_original.dv_create_date LIMIT 100;
2025-07-01T00:09:06.451644,SELECT census_original.dv_create_date FROM census_original  WHERE census_original.dv_cmdline_args LIKE 'sample' AND census_original.dv_version LIKE 'sample' AND census_original.dv_create_date >= TIMESTAMP '2022-01-01' ORDER BY census_original.dv_create_date LIMIT 100;
2025-07-01T00:09:06.743154,SELECT census_original.dv_create_time FROM census_original  WHERE census_original.dv_version = 'sample' ORDER BY census_original.dv_create_time LIMIT 100;
2025-07-01T00:09:07.040852,SELECT census_original.dv_create_time FROM census_original  WHERE census_original.dv_version = 'sample' ORDER BY census_original.dv_create_time LIMIT 100;
2025-07-01T00:09:07.340840,SELECT census_original.dv_create_date FROM census_original  WHERE census_original.dv_cmdline_args LIKE 'sample' AND census_original.dv_version LIKE 'sample' AND census_original.dv_create_date >= TIMESTAMP '2022-01-01' ORDER BY census_original.dv_create_date LIMIT 100;
2025-07-01T00:09:07.639134,SELECT census_original.dv_cmdline_args FROM census_original  WHERE census_original.dv_create_date <= TIMESTAMP '2022-01-01' ORDER BY census_original.dv_cmdline_args LIMIT 100;
2025-07-01T00:09:07.931815,SELECT census_original.dv_create_time FROM census_original  WHERE census_original.dv_version = 'sample' ORDER BY census_original.dv_create_time LIMIT 100;
2025-07-01T00:09:08.215188,"SELECT census_original.dv_cmdline_args, census_original.dv_create_time FROM census_original  WHERE census_original.dv_version = 'sample' AND census_original.dv_create_time = 'NULL' AND census_original.dv_cmdline_args LIKE 'sample' ORDER BY census_original.dv_create_time LIMIT 100;"
2025-07-01T00:09:08.485928,SELECT census_original.dv_cmdline_args FROM census_original  WHERE census_original.dv_create_date <= TIMESTAMP '2022-01-01' ORDER BY census_original.dv_cmdline_args LIMIT 100;
2025-07-01T00:09:08.741216,"SELECT census_original.dv_cmdline_args, census_original.dv_create_time FROM census_original  WHERE census_original.dv_version = 'sample' AND census_original.dv_create_time = 'NULL' AND census_original.dv_cmdline_args LIKE 'sample' ORDER BY census_original.dv_create_time LIMIT 100;"
2025-07-01T00:09:08.978848,SELECT census_original.dv_create_date FROM census_original  WHERE census_original.dv_cmdline_args LIKE 'sample' AND census_original.dv_version LIKE 'sample' AND census_original.dv_create_date >= TIMESTAMP '2022-01-01' ORDER BY census_original.dv_create_date LIMIT 100;
2025-07-01T00:09:09.197323,SELECT census_original.dv_create_time FROM census_original  WHERE census_original.dv_version = 'sample' ORDER BY census_original.dv_create_time LIMIT 100;
2025-07-01T00:09:09.395905,"SELECT census_original.dv_cmdline_args, census_original.dv_create_time FROM census_original  WHERE census_original.dv_version = 'sample' AND census_original.dv_create_time = 'NULL' AND census_original.dv_cmdline_args LIKE 'sample' ORDER BY census_original.dv_create_time LIMIT 100;"
2025-07-01T00:09:09.574651,"SELECT census_original.dv_cmdline_args, census_original.dv_create_time FROM census_original  WHERE census_original.dv_version = 'sample' AND census_original.dv_create_time = 'NULL' AND census_original.dv_cmdline_args LIKE 'sample' ORDER BY census_original.dv_create_time LIMIT 100;"
2025-07-01T00:09:09.734407,SELECT census_original.dv_cmdline_args FROM census_original  WHERE census_original.dv_create_date <= TIMESTAMP '2022-01-01' ORDER BY census_original.dv_cmdline_args LIMIT 100;
2025-07-01T00:09:09.876778,SELECT census_original.dv_cmdline_args FROM census_original  WHERE census_original.dv_create_date <= TIMESTAMP '2022-01-01' ORDER BY census_original.dv_cmdline_args LIMIT 100;
2025-07-01T00:09:10.004062,SELECT census_original.dv_create_date FROM census_original  WHERE census_original.dv_cmdline_args LIKE 'sample' AND census_original.dv_version LIKE 'sample' AND census_original.dv_create_date >= TIMESTAMP '2022-01-01' ORDER BY census_original.dv_create_date LIMIT 100;
2025-07-01T00:09:10.119157,SELECT census_original.dv_version FROM census_original  WHERE census_original.dv_create_time = 'NULL' AND census_original.dv_cmdline_args = 'sample' ORDER BY census_original.dv_version LIMIT 100;
2025-07-01T00:09:10.225448,SELECT census_original.dv_version FROM census_original  WHERE census_original.dv_create_time = 'NULL' AND census_original.dv_cmdline_args = 'sample' ORDER BY census_original.dv_version LIMIT 100;
2025-07-01T00:09:10.326672,SELECT census_original.dv_create_date FROM census_original  WHERE census_original.dv_cmdline_args LIKE 'sample' AND census_original.dv_version LIKE 'sample' AND census_original.dv_create_date >= TIMESTAMP '2022-01-01' ORDER BY census_original.dv_create_date LIMIT 100;
2025-07-01T00:09:10.426766,SELECT census_original.dv_create_date FROM census_original  WHERE census_original.dv_cmdline_args LIKE 'sample' AND census_original.dv_version LIKE 'sample' AND census_original.dv_create_date >= TIMESTAMP '2022-01-01' ORDER BY census_original.dv_create_date LIMIT 100;
2025-07-01T00:09:10.529714,SELECT census_original.dv_create_date FROM census_original  WHERE census_original.dv_cmdline_args LIKE 'sample' AND census_original.dv_version LIKE 'sample' AND census_original.dv_create_date >= TIMESTAMP '2022-01-01' ORDER BY census_original.dv_create_date LIMIT 100;
2025-07-01T00:09:10.639383,SELECT census_original.dv_create_time FROM census_original  WHERE census_original.dv_version = 'sample' ORDER BY census_original.dv_create_time LIMIT 100;
2025-07-01T00:09:10.759376,SELECT census_original.dv_version FROM census_original  WHERE census_original.dv_create_time = 'NULL' AND census_original.dv_cmdline_args = 'sample' ORDER BY census_original.dv_version LIMIT 100;
2025-07-01T00:09:10.892882,SELECT census_original.dv_version FROM census_original  WHERE census_original.dv_create_time = 'NULL' AND census_original.dv_cmdline_args = 'sample' ORDER BY census_original.dv_version LIMIT 100;
2025-07-01T00:09:11.042552,SELECT census_original.dv_version FROM census_original  WHERE census_original.dv_create_time = 'NULL' AND census_original.dv_cmdline_args = 'sample' ORDER BY census_original.dv_version LIMIT 100;
2025-07-01T00:09:11.210393,SELECT census_original.dv_version FROM census_original  WHERE census_original.dv_create_time = 'NULL' AND census_original.dv_cmdline_args = 'sample' ORDER BY census_original.dv_version LIMIT 100;
2025-07-01T00:09:11.397686,"SELECT census_original.dv_cmdline_args, census_original.dv_create_time FROM census_original  WHERE census_original.dv_version = 'sample' AND census_original.dv_create_time = 'NULL' AND census_original.dv_cmdline_args LIKE 'sample' ORDER BY census_original.dv_create_time LIMIT 100;"
2025-07-01T00:09:11.604938,SELECT census_original.dv_create_date FROM census_original  WHERE census_original.dv_cmdline_args LIKE 'sample' AND census_original.dv_version LIKE 'sample' AND census_original.dv_create_date >= TIMESTAMP '2022-01-01' ORDER BY census_original.dv_create_date LIMIT 100;
2025-07-01T00:09:11.831861,SELECT census_original.dv_cmdline_args FROM census_original  WHERE census_original.dv_create_date <= TIMESTAMP '2022-01-01' ORDER BY census_original.dv_cmdline_args LIMIT 100;
2025-07-01T00:09:12.077380,SELECT census_original.dv_version FROM census_original  WHERE census_original.dv_create_time = 'NULL' AND census_original.dv_cmdline_args = 'sample' ORDER BY census_original.dv_version LIMIT 100;
2025-07-01T00:09:12.339681,"SELECT census_original.dv_cmdline_args, census_original.dv_create_time FROM census_original  WHERE census_original.dv_version = 'sample' AND census_original.dv_create_time = 'NULL' AND census_original.dv_cmdline_args LIKE 'sample' ORDER BY census_original.dv_create_time LIMIT 100;"
2025-07-01T00:09:12.616281,SELECT census_original.dv_cmdline_args FROM census_original  WHERE census_original.dv_create_date <= TIMESTAMP '2022-01-01' ORDER BY census_original.dv_cmdline_args LIMIT 100;
2025-07-01T00:09:12.904125,SELECT census_original.dv_create_time FROM census_original  WHERE census_original.dv_version = 'sample' ORDER BY census_original.dv_create_time LIMIT 100;
2025-07-01T00:09:13.199711,SELECT census_original.dv_create_time FROM census_original  WHERE census_original.dv_version = 'sample' ORDER BY census_original.dv_create_time LIMIT 100;
2025-07-01T00:09:13.499229,SELECT census_original.dv_create_time FROM census_original  WHERE census_original.dv_version = 'sample' ORDER BY census_original.dv_create_time LIMIT 100;
2025-07-01T00:09:13.798712,SELECT census_original.dv_create_date FROM census_original  WHERE census_original.dv_cmdline_args LIKE 'sample' AND census_original.dv_version LIKE 'sample' AND census_original.dv_create_date >= TIMESTAMP '2022-01-01' ORDER BY census_original.dv_create_date LIMIT 100;
2025-07-01T00:09:14.094192,"SELECT census_original.dv_cmdline_args, census_original.dv_create_time FROM census_original  WHERE census_original.dv_version = 'sample' AND census_original.dv_create_time = 'NULL' AND census_original.dv_cmdline_args LIKE 'sample' ORDER BY census_original.dv_create_time LIMIT 100;"
2025-07-01T00:09:14.381865,SELECT census_original.dv_cmdline_args FROM census_original  WHERE census_original.dv_create_date <= TIMESTAMP '2022-01-01' ORDER BY census_original.dv_cmdline_args LIMIT 100;
2025-07-01T00:09:14.658233,SELECT census_original.dv_create_time FROM census_original  WHERE census_original.dv_version = 'sample' ORDER BY census_original.dv_create_time LIMIT 100;
2025-07-01T00:09:14.920254,SELECT census_original.dv_cmdline_args FROM census_original  WHERE census_original.dv_create_date <= TIMESTAMP '2022-01-01' ORDER BY census_original.dv_cmdline_args LIMIT 100;
2025-07-01T00:09:15.165454,SELECT census_original.dv_cmdline_args FROM census_original  WHERE census_original.dv_create_date <= TIMESTAMP '2022-01-01' ORDER BY census_original.dv_cmdline_args LIMIT 100;
2025-07-01T00:09:15.392031,SELECT census_original.dv_create_time FROM census_original  WHERE census_original.dv_version = 'sample' ORDER BY census_original.dv_create_time LIMIT 100;
2025-07-01T00:09:15.598926,"SELECT census_original.dv_cmdline_args, census_original.dv_create_time FROM census_original  WHERE census_original.dv_version = 'sample' AND census_original.dv_create_time = 'NULL' AND census_original.dv_cmdline_args LIKE 'sample' ORDER BY census_original.dv_create_time LIMIT 100;"
2025-07-01T00:09:15.785864,SELECT census_original.dv_version FROM census_original  WHERE census_original.dv_create_time = 'NULL' AND census_original.dv_cmdline_args = 'sample' ORDER BY census_original.dv_version LIMIT 100;
2025-07-01T00:09:15.953365,SELECT census_original.dv_create_date FROM census_original  WHERE census_original.dv_cmdline_args LIKE 'sample' AND census_original.dv_version LIKE 'sample' AND census_original.dv_create_date >= TIMESTAMP '2022-01-01' ORDER BY census_original.dv_create_date LIMIT 100;
2025-07-01T00:09:16.102726,SELECT census_original.dv_create_date FROM census_original  WHERE census_original.dv_cmdline_args LIKE 'sample' AND census_original.dv_version LIKE 'sample' AND census_original.dv_create_date >= TIMESTAMP '2022-01-01' ORDER BY census_original.dv_create_date LIMIT 100;
2025-07-01T00:09:16.235965,SELECT census_original.dv_cmdline_args FROM census_original  WHERE census_original.dv_create_date <= TIMESTAMP '2022-01-01' ORDER BY census_original.dv_cmdline_args LIMIT 100;
2025-07-01T00:09:16.355744,SELECT census_original.dv_create_date FROM census_original  WHERE census_original.dv_cmdline_args LIKE 'sample' AND census_original.dv_version LIKE 'sample' AND census_original.dv_create_date >= TIMESTAMP '2022-01-01' ORDER BY census_original.dv_create_date LIMIT 100;
2025-07-01T00:09:16.465260,SELECT census_original.dv_create_date FROM census_original  WHERE census_original.dv_cmdline_args LIKE 'sample' AND census_original.dv_version LIKE 'sample' AND census_original.dv_create_date >= TIMESTAMP '2022-01-01' ORDER BY census_original.dv_create_date LIMIT 100;
2025-07-01T00:09:16.568122,SELECT census_original.dv_create_date FROM census_original  WHERE census_original.dv_cmdline_args LIKE 'sample' AND census_original.dv_version LIKE 'sample' AND census_original.dv_create_date >= TIMESTAMP '2022-01-01' ORDER BY census_original.dv_create_date LIMIT 100;
2025-07-01T00:09:16.668201,"SELECT census_original.dv_cmdline_args, census_original.dv_create_time FROM census_original  WHERE census_original.dv_version = 'sample' AND census_original.dv_create_time = 'NULL' AND census_original.dv_cmdline_args LIKE 'sample' ORDER BY census_original.dv_create_time LIMIT 100;"
2025-07-01T00:09:16.769481,"SELECT census_original.dv_cmdline_args, census_original.dv_create_time FROM census_original  WHERE census_original.dv_version = 'sample' AND census_original.dv_create_time = 'NULL' AND census_original.dv_cmdline_args LIKE 'sample' ORDER BY census_original.dv_create_time LIMIT 100;"
2025-07-01T00:09:16.875899,SELECT census_original.dv_cmdline_args FROM census_original  WHERE census_original.dv_create_date <= TIMESTAMP '2022-01-01' ORDER BY census_original.dv_cmdline_args LIMIT 100;
2025-07-01T00:09:16.991184,SELECT census_original.dv_create_time FROM census_original  WHERE census_original.dv_version = 'sample' ORDER BY census_original.dv_create_time LIMIT 100;
2025-07-01T00:09:17.118714,"SELECT census_original.dv_cmdline_args, census_original.dv_create_time FROM census_original  WHERE census_original.dv_version = 'sample' AND census_original.dv_create_time = 'NULL' AND census_original.dv_cmdline_args LIKE 'sample' ORDER BY census_original.dv_create_time LIMIT 100;"
2025-07-01T00:09:17.261378,SELECT census_original.dv_create_date FROM census_original  WHERE census_original.dv_cmdline_args LIKE 'sample' AND census_original.dv_version LIKE 'sample' AND census_original.dv_create_date >= TIMESTAMP '2022-01-01' ORDER BY census_original.dv_create_date LIMIT 100;
2025-07-01T00:09:17.421462,SELECT census_original.dv_version FROM census_original  WHERE census_original.dv_create_time = 'NULL' AND census_original.dv_cmdline_args = 'sample' ORDER BY census_original.dv_version LIMIT 100;
2025-07-01T00:09:17.600558,SELECT census_original.dv_create_date FROM census_original  WHERE census_original.dv_cmdline_args LIKE 'sample' AND census_original.dv_version LIKE 'sample' AND census_original.dv_create_date >= TIMESTAMP '2022-01-01' ORDER BY census_original.dv_create_date LIMIT 100;
2025-07-01T00:09:17.799498,SELECT census_original.dv_cmdline_args FROM census_original  WHERE census_original.dv_create_date <= TIMESTAMP '2022-01-01' ORDER BY census_original.dv_cmdline_args LIMIT 100;
2025-07-01T00:09:18.018325,SELECT census_original.dv_cmdline_args FROM census_original  WHERE census_original.dv_create_date <= TIMESTAMP '2022-01-01' ORDER BY census_original.dv_cmdline_args LIMIT 100;
2025-07-01T00:09:18.256289,SELECT census_original.dv_create_date FROM census_original  WHERE census_original.dv_cmdline_args LIKE 'sample' AND census_original.dv_version LIKE 'sample' AND census_original.dv_create_date >= TIMESTAMP '2022-01-01' ORDER BY census_original.dv_create_date LIMIT 100;
2025-07-01T00:09:18.511875,SELECT census_original.dv_create_time FROM census_original  WHERE census_original.dv_version = 'sample' ORDER BY census_original.dv_create_time LIMIT 100;
2025-07-01T00:09:18.782869,SELECT census_original.dv_create_time FROM census_original  WHERE census_original.dv_version = 'sample' ORDER BY census_original.dv_create_time LIMIT 100;
2025-07-01T00:09:19.066438,SELECT census_original.dv_version FROM census_original  WHERE census_original.dv_create_time = 'NULL' AND census_original.dv_cmdline_args = 'sample' ORDER BY census_original.dv_version LIMIT 100;
2025-07-01T00:09:19.359253,SELECT census_original.dv_version FROM census_original  WHERE census_original.dv_create_time = 'NULL' AND census_original.dv_cmdline_args = 'sample' ORDER BY census_original.dv_version LIMIT 100;
2025-07-01T00:09:19.657612,"SELECT census_original.dv_cmdline_args, census_original.dv_create_time FROM census_original  WHERE census_original.dv_version = 'sample' AND census_original.dv_create_time = 'NULL' AND census_original.dv_cmdline_args LIKE 'sample' ORDER BY census_original.dv_create_time LIMIT 100;"
2025-07-01T00:09:19.957595,SELECT census_original.dv_version FROM census_original  WHERE census_original.dv_create_time = 'NULL' AND census_original.dv_cmdline_args = 'sample' ORDER BY census_original.dv_version LIMIT 100;
2025-07-01T00:09:20.255215,SELECT census_original.dv_cmdline_args FROM census_original  WHERE census_original.dv_create_date <= TIMESTAMP '2022-01-01' ORDER BY census_original.dv_cmdline_args LIMIT 100;
2025-07-01T00:09:20.546581,"SELECT census_original.dv_cmdline_args, census_original.dv_create_time FROM census_original  WHERE census_original.dv_version = 'sample' AND census_original.dv_create_time = 'NULL' AND census_original.dv_cmdline_args LIKE 'sample' ORDER BY census_original.dv_create_time LIMIT 100;"
2025-07-01T00:09:20.828050,SELECT census_original.dv_cmdline_args FROM census_original  WHERE census_original.dv_create_date <= TIMESTAMP '2022-01-01' ORDER BY census_original.dv_cmdline_args LIMIT 100;
2025-07-01T00:09:21.096373,SELECT census_original.dv_version FROM census_original  WHERE census_original.dv_create_time = 'NULL' AND census_original.dv_cmdline_args = 'sample' ORDER BY census_original.dv_version LIMIT 100;
2025-07-01T00:09:21.348829,"SELECT census_original.dv_cmdline_args, census_original.dv_create_time FROM census_original  WHERE census_original.dv_version = 'sample' AND census_original.dv_create_time = 'NULL' AND census_original.dv_cmdline_args LIKE 'sample' ORDER BY census_original.dv_create_time LIMIT 100;"
2025-07-01T00:09:21.583324,SELECT census_original.dv_create_time FROM census_original  WHERE census_original.dv_version = 'sample' ORDER BY census_original.dv_create_time LIMIT 100;
2025-07-01T00:09:21.798485,"SELECT census_original.dv_cmdline_args, census_original.dv_create_time FROM census_original  WHERE census_original.dv_version = 'sample' AND census_original.dv_create_time = 'NULL' AND census_original.dv_cmdline_args LIKE 'sample' ORDER BY census_original.dv_create_time LIMIT 100;"
2025-07-01T00:09:21.993705,SELECT census_original.dv_cmdline_args FROM census_original  WHERE census_original.dv_create_date <= TIMESTAMP '2022-01-01' ORDER BY census_original.dv_cmdline_args LIMIT 100;
2025-07-01T00:09:22.169177,SELECT census_original.dv_create_time FROM census_original  WHERE census_original.dv_version = 'sample' ORDER BY census_original.dv_create_time LIMIT 100;
2025-07-01T00:09:22.325878,SELECT census_original.dv_create_time FROM census_original  WHERE census_original.dv_version = 'sample' ORDER BY census_original.dv_create_time LIMIT 100;
2025-07-01T00:09:22.465534,SELECT census_original.dv_create_date FROM census_original  WHERE census_original.dv_cmdline_args LIKE 'sample' AND census_original.dv_version LIKE 'sample' AND census_original.dv_create_date >= TIMESTAMP '2022-01-01' ORDER BY census_original.dv_create_date LIMIT 100;
2025-07-01T00:09:22.590551,SELECT census_original.dv_create_date FROM census_original  WHERE census_original.dv_cmdline_args LIKE 'sample' AND census_original.dv_version LIKE 'sample' AND census_original.dv_create_date >= TIMESTAMP '2022-01-01' ORDER BY census_original.dv_create_date LIMIT 100;
2025-07-01T00:09:22.703918,SELECT census_original.dv_create_time FROM census_original  WHERE census_original.dv_version = 'sample' ORDER BY census_original.dv_create_time LIMIT 100;
2025-07-01T00:09:22.809088,SELECT census_original.dv_create_date FROM census_original  WHERE census_original.dv_cmdline_args LIKE 'sample' AND census_original.dv_version LIKE 'sample' AND census_original.dv_create_date >= TIMESTAMP '2022-01-01' ORDER BY census_original.dv_create_date LIMIT 100;
2025-07-01T00:09:22.909844,SELECT census_original.dv_create_time FROM census_original  WHERE census_original.dv_version = 'sample' ORDER BY census_original.dv_create_time LIMIT 100;
2025-07-01T00:09:23.010140,SELECT census_original.dv_create_date FROM census_original  WHERE census_original.dv_cmdline_args LIKE 'sample' AND census_original.dv_version LIKE 'sample' AND census_original.dv_create_date >= TIMESTAMP '2022-01-01' ORDER BY census_original.dv_create_date LIMIT 100;
2025-07-01T00:09:23.113952,"SELECT census_original.dv_cmdline_args, census_original.dv_create_time FROM census_original  WHERE census_original.dv_version = 'sample' AND census_original.dv_create_time = 'NULL' AND census_original.dv_cmdline_args LIKE 'sample' ORDER BY census_original.dv_create_time LIMIT 100;"
2025-07-01T00:09:23.225115,"SELECT census_original.dv_cmdline_args, census_original.dv_create_time FROM census_original  WHERE census_original.dv_version = 'sample' AND census_original.dv_create_time = 'NULL' AND census_original.dv_cmdline_args LIKE 'sample' ORDER BY census_original.dv_create_time LIMIT 100;"
2025-07-01T00:09:23.347171,SELECT census_original.dv_cmdline_args FROM census_original  WHERE census_original.dv_create_date <= TIMESTAMP '2022-01-01' ORDER BY census_original.dv_cmdline_args LIMIT 100;
2025-07-01T00:09:23.483226,SELECT census_original.dv_create_date FROM census_original  WHERE census_original.dv_cmdline_args LIKE 'sample' AND census_original.dv_version LIKE 'sample' AND census_original.dv_create_date >= TIMESTAMP '2022-01-01' ORDER BY census_original.dv_create_date LIMIT 100;
2025-07-01T00:09:23.635830,SELECT census_original.dv_cmdline_args FROM census_original  WHERE census_original.dv_create_date <= TIMESTAMP '2022-01-01' ORDER BY census_original.dv_cmdline_args LIMIT 100;
2025-07-01T00:09:23.806872,SELECT census_original.dv_version FROM census_original  WHERE census_original.dv_create_time = 'NULL' AND census_original.dv_cmdline_args = 'sample' ORDER BY census_original.dv_version LIMIT 100;
2025-07-01T00:09:23.997508,SELECT census_original.dv_version FROM census_original  WHERE census_original.dv_create_time = 'NULL' AND census_original.dv_cmdline_args = 'sample' ORDER BY census_original.dv_version LIMIT 100;
2025-07-01T00:09:24.208109,SELECT census_original.dv_create_date FROM census_original  WHERE census_original.dv_cmdline_args LIKE 'sample' AND census_original.dv_version LIKE 'sample' AND census_original.dv_create_date >= TIMESTAMP '2022-01-01' ORDER BY census_original.dv_create_date LIMIT 100;
2025-07-01T00:09:24.438255,SELECT census_original.dv_create_date FROM census_original  WHERE census_original.dv_cmdline_args LIKE 'sample' AND census_original.dv_version LIKE 'sample' AND census_original.dv_create_date >= TIMESTAMP '2022-01-01' ORDER BY census_original.dv_create_date LIMIT 100;
2025-07-01T00:09:24.686742,SELECT census_original.dv_create_time FROM census_original  WHERE census_original.dv_version = 'sample' ORDER BY census_original.dv_create_time LIMIT 100;
2025-07-01T00:09:24.951638,SELECT census_original.dv_version FROM census_original  WHERE census_original.dv_create_time = 'NULL' AND census_original.dv_cmdline_args = 'sample' ORDER BY census_original.dv_version LIMIT 100;
2025-07-01T00:09:25.230356,"SELECT census_original.dv_cmdline_args, census_original.dv_create_time FROM census_original  WHERE census_original.dv_version = 'sample' AND census_original.dv_create_time = 'NULL' AND census_original.dv_cmdline_args LIKE 'sample' ORDER BY census_original.dv_create_time LIMIT 100;"
2025-07-01T00:09:25.519757,SELECT census_original.dv_create_date FROM census_original  WHERE census_original.dv_cmdline_args LIKE 'sample' AND census_original.dv_version LIKE 'sample' AND census_original.dv_create_date >= TIMESTAMP '2022-01-01' ORDER BY census_original.dv_create_date LIMIT 100;
2025-07-01T00:09:25.816277,SELECT census_original.dv_create_time FROM census_original  WHERE census_original.dv_version = 'sample' ORDER BY census_original.dv_create_time LIMIT 100;
2025-07-01T00:09:26.116068,SELECT census_original.dv_create_time FROM census_original  WHERE census_original.dv_version = 'sample' ORDER BY census_original.dv_create_time LIMIT 100;
2025-07-01T00:09:26.415153,SELECT census_original.dv_cmdline_args FROM census_original  WHERE census_original.dv_create_date <= TIMESTAMP '2022-01-01' ORDER BY census_original.dv_cmdline_args LIMIT 100;
2025-07-01T00:09:26.709580,SELECT census_original.dv_version FROM census_original  WHERE census_original.dv_create_time = 'NULL' AND census_original.dv_cmdline_args = 'sample' ORDER BY census_original.dv_version LIMIT 100;
2025-07-01T00:09:26.995586,"SELECT census_original.dv_cmdline_args, census_original.dv_create_time FROM census_original  WHERE census_original.dv_version = 'sample' AND census_original.dv_create_time = 'NULL' AND census_original.dv_cmdline_args LIKE 'sample' ORDER BY census_original.dv_create_time LIMIT 100;"
2025-07-01T00:09:27.269740,"SELECT census_original.dv_cmdline_args, census_original.dv_create_time FROM census_original  WHERE census_original.dv_version = 'sample' AND census_original.dv_create_time = 'NULL' AND census_original.dv_cmdline_args LIKE 'sample' ORDER BY census_original.dv_create_time LIMIT 100;"
2025-07-01T00:09:27.529088,"SELECT census_original.dv_cmdline_args, census_original.dv_create_time FROM census_original  WHERE census_original.dv_version = 'sample' AND census_original.dv_create_time = 'NULL' AND census_original.dv_cmdline_args LIKE 'sample' ORDER BY census_original.dv_create_time LIMIT 100;"
2025-07-01T00:09:27.771263,"SELECT census_original.dv_cmdline_args, census_original.dv_create_time FROM census_original  WHERE census_original.dv_version = 'sample' AND census_original.dv_create_time = 'NULL' AND census_original.dv_cmdline_args LIKE 'sample' ORDER BY census_original.dv_create_time LIMIT 100;"
2025-07-01T00:09:27.994584,"SELECT census_original.dv_cmdline_args, census_original.dv_create_time FROM census_original  WHERE census_original.dv_version = 'sample' AND census_original.dv_create_time = 'NULL' AND census_original.dv_cmdline_args LIKE 'sample' ORDER BY census_original.dv_create_time LIMIT 100;"
2025-07-01T00:09:28.198121,SELECT census_original.dv_version FROM census_original  WHERE census_original.dv_create_time = 'NULL' AND census_original.dv_cmdline_args = 'sample' ORDER BY census_original.dv_version LIMIT 100;
2025-07-01T00:09:28.381733,"SELECT census_original.dv_cmdline_args, census_original.dv_create_time FROM census_original  WHERE census_original.dv_version = 'sample' AND census_original.dv_create_time = 'NULL' AND census_original.dv_cmdline_args LIKE 'sample' ORDER BY census_original.dv_create_time LIMIT 100;"
2025-07-01T00:09:28.546073,SELECT census_original.dv_create_date FROM census_original  WHERE census_original.dv_cmdline_args LIKE 'sample' AND census_original.dv_version LIKE 'sample' AND census_original.dv_create_date >= TIMESTAMP '2022-01-01' ORDER BY census_original.dv_create_date LIMIT 100;
2025-07-01T00:09:28.692563,SELECT census_original.dv_create_time FROM census_original  WHERE census_original.dv_version = 'sample' ORDER BY census_original.dv_create_time LIMIT 100;
2025-07-01T00:09:28.823337,SELECT census_original.dv_cmdline_args FROM census_original  WHERE census_original.dv_create_date <= TIMESTAMP '2022-01-01' ORDER BY census_original.dv_cmdline_args LIMIT 100;
2025-07-01T00:09:28.941153,SELECT census_original.dv_create_time FROM census_original  WHERE census_original.dv_version = 'sample' ORDER BY census_original.dv_create_time LIMIT 100;
2025-07-01T00:09:29.049289,SELECT census_original.dv_cmdline_args FROM census_original  WHERE census_original.dv_create_date <= TIMESTAMP '2022-01-01' ORDER BY census_original.dv_cmdline_args LIMIT 100;
2025-07-01T00:09:29.151407,SELECT census_original.dv_create_date FROM census_original  WHERE census_original.dv_cmdline_args LIKE 'sample' AND census_original.dv_version LIKE 'sample' AND census_original.dv_create_date >= TIMESTAMP '2022-01-01' ORDER BY census_original.dv_create_date LIMIT 100;
2025-07-01T00:09:29.251409,SELECT census_original.dv_create_time FROM census_original  WHERE census_original.dv_version = 'sample' ORDER BY census_original.dv_create_time LIMIT 100;
2025-07-01T00:09:29.353281,SELECT census_original.dv_cmdline_args FROM census_original  WHERE census_original.dv_create_date <= TIMESTAMP '2022-01-01' ORDER BY census_original.dv_cmdline_args LIMIT 100;
2025-07-01T00:09:29.460937,SELECT census_original.dv_version FROM census_original  WHERE census_original.dv_create_time = 'NULL' AND census_original.dv_cmdline_args = 'sample' ORDER BY census_original.dv_version LIMIT 100;
2025-07-01T00:09:29.578056,SELECT census_original.dv_version FROM census_original  WHERE census_original.dv_create_time = 'NULL' AND census_original.dv_cmdline_args = 'sample' ORDER BY census_original.dv_version LIMIT 100;
2025-07-01T00:09:29.707944,"SELECT census_original.dv_cmdline_args, census_original.dv_create_time FROM census_original  WHERE census_original.dv_version = 'sample' AND census_original.dv_create_time = 'NULL' AND census_original.dv_cmdline_args LIKE 'sample' ORDER BY census_original.dv_create_time LIMIT 100;"
2025-07-01T00:09:29.853396,"SELECT census_original.dv_cmdline_args, census_original.dv_create_time FROM census_original  WHERE census_original.dv_version = 'sample' AND census_original.dv_create_time = 'NULL' AND census_original.dv_cmdline_args LIKE 'sample' ORDER BY census_original.dv_create_time LIMIT 100;"
2025-07-01T00:09:30.016585,"SELECT census_original.dv_cmdline_args, census_original.dv_create_time FROM census_original  WHERE census_original.dv_version = 'sample' AND census_original.dv_create_time = 'NULL' AND census_original.dv_cmdline_args LIKE 'sample' ORDER BY census_original.dv_create_time LIMIT 100;"
2025-07-01T00:09:30.198981,"SELECT census_original.dv_cmdline_args, census_original.dv_create_time FROM census_original  WHERE census_original.dv_version = 'sample' AND census_original.dv_create_time = 'NULL' AND census_original.dv_cmdline_args LIKE 'sample' ORDER BY census_original.dv_create_time LIMIT 100;"
2025-07-01T00:09:30.401284,SELECT census_original.dv_create_time FROM census_original  WHERE census_original.dv_version = 'sample' ORDER BY census_original.dv_create_time LIMIT 100;
2025-07-01T00:09:30.623402,SELECT census_original.dv_create_date FROM census_original  WHERE census_original.dv_cmdline_args LIKE 'sample' AND census_original.dv_version LIKE 'sample' AND census_original.dv_create_date >= TIMESTAMP '2022-01-01' ORDER BY census_original.dv_create_date LIMIT 100;
2025-07-01T00:09:30.864455,SELECT census_original.dv_create_date FROM census_original  WHERE census_original.dv_cmdline_args LIKE 'sample' AND census_original.dv_version LIKE 'sample' AND census_original.dv_create_date >= TIMESTAMP '2022-01-01' ORDER BY census_original.dv_create_date LIMIT 100;
2025-07-01T00:09:31.122805,SELECT census_original.dv_create_time FROM census_original  WHERE census_original.dv_version = 'sample' ORDER BY census_original.dv_create_time LIMIT 100;
2025-07-01T00:09:31.396126,SELECT census_original.dv_cmdline_args FROM census_original  WHERE census_original.dv_create_date <= TIMESTAMP '2022-01-01' ORDER BY census_original.dv_cmdline_args LIMIT 100;
2025-07-01T00:09:31.681495,SELECT census_original.dv_create_time FROM census_original  WHERE census_original.dv_version = 'sample' ORDER BY census_original.dv_create_time LIMIT 100;
2025-07-01T00:09:31.975509,SELECT census_original.dv_create_time FROM census_original  WHERE census_original.dv_version = 'sample' ORDER BY census_original.dv_create_time LIMIT 100;
2025-07-01T00:09:32.274419,"SELECT census_original.dv_cmdline_args, census_original.dv_create_time FROM census_original  WHERE census_original.dv_version = 'sample' AND census_original.dv_create_time = 'NULL' AND census_original.dv_cmdline_args LIKE 'sample' ORDER BY census_original.dv_create_time LIMIT 100;"
2025-07-01T00:09:32.574283,SELECT census_original.dv_version FROM census_original  WHERE census_original.dv_create_time = 'NULL' AND census_original.dv_cmdline_args = 'sample' ORDER BY census_original.dv_version LIMIT 100;
2025-07-01T00:09:32.871118,SELECT census_original.dv_version FROM census_original  WHERE census_original.dv_create_time = 'NULL' AND census_original.dv_cmdline_args = 'sample' ORDER BY census_original.dv_version LIMIT 100;
2025-07-01T00:09:33.161066,SELECT census_original.dv_create_date FROM census_original  WHERE census_original.dv_cmdline_args LIKE 'sample' AND census_original.dv_version LIKE 'sample' AND census_original.dv_create_date >= TIMESTAMP '2022-01-01' ORDER BY census_original.dv_create_date LIMIT 100;
2025-07-01T00:09:33.440539,"SELECT census_original.dv_cmdline_args, census_original.dv_create_time FROM census_original  WHERE census_original.dv_version = 'sample' AND census_original.dv_create_time = 'NULL' AND census_original.dv_cmdline_args LIKE 'sample' ORDER BY census_original.dv_create_time LIMIT 100;"
2025-07-01T00:09:33.706369,"SELECT census_original.dv_cmdline_args, census_original.dv_create_time FROM census_original  WHERE census_original.dv_version = 'sample' AND census_original.dv_create_time = 'NULL' AND census_original.dv_cmdline_args LIKE 'sample' ORDER BY census_original.dv_create_time LIMIT 100;"
2025-07-01T00:09:33.955932,SELECT census_original.dv_cmdline_args FROM census_original  WHERE census_original.dv_create_date <= TIMESTAMP '2022-01-01' ORDER BY census_original.dv_cmdline_args LIMIT 100;
2025-07-01T00:09:34.187252,"SELECT census_original.dv_cmdline_args, census_original.dv_create_time FROM census_original  WHERE census_original.dv_version = 'sample' AND census_original.dv_create_time = 'NULL' AND census_original.dv_cmdline_args LIKE 'sample' ORDER BY census_original.dv_create_time LIMIT 100;"
2025-07-01T00:09:34.399080,SELECT census_original.dv_cmdline_args FROM census_original  WHERE census_original.dv_create_date <= TIMESTAMP '2022-01-01' ORDER BY census_original.dv_cmdline_args LIMIT 100;
2025-07-01T00:09:34.590945,SELECT census_original.dv_create_date FROM census_original  WHERE census_original.dv_cmdline_args LIKE 'sample' AND census_original.dv_version LIKE 'sample' AND census_original.dv_create_date >= TIMESTAMP '2022-01-01' ORDER BY census_original.dv_create_date LIMIT 100;
2025-07-01T00:09:34.763172,SELECT census_original.dv_create_date FROM census_original  WHERE census_original.dv_cmdline_args LIKE 'sample' AND census_original.dv_version LIKE 'sample' AND census_original.dv_create_date >= TIMESTAMP '2022-01-01' ORDER BY census_original.dv_create_date LIMIT 100;
2025-07-01T00:09:34.916866,SELECT census_original.dv_create_date FROM census_original  WHERE census_original.dv_cmdline_args LIKE 'sample' AND census_original.dv_version LIKE 'sample' AND census_original.dv_create_date >= TIMESTAMP '2022-01-01' ORDER BY census_original.dv_create_date LIMIT 100;
2025-07-01T00:09:35.053875,SELECT census_original.dv_create_time FROM census_original  WHERE census_original.dv_version = 'sample' ORDER BY census_original.dv_create_time LIMIT 100;
2025-07-01T00:09:35.176709,SELECT census_original.dv_create_time FROM census_original  WHERE census_original.dv_version = 'sample' ORDER BY census_original.dv_create_time LIMIT 100;
2025-07-01T00:09:35.288446,SELECT census_original.dv_create_date FROM census_original  WHERE census_original.dv_cmdline_args LIKE 'sample' AND census_original.dv_version LIKE 'sample' AND census_original.dv_create_date >= TIMESTAMP '2022-01-01' ORDER BY census_original.dv_create_date LIMIT 100;
2025-07-01T00:09:35.392603,"SELECT census_original.dv_cmdline_args, census_original.dv_create_time FROM census_original  WHERE census_original.dv_version = 'sample' AND census_original.dv_create_time = 'NULL' AND census_original.dv_cmdline_args LIKE 'sample' ORDER BY census_original.dv_create_time LIMIT 100;"
2025-07-01T00:09:35.493002,SELECT census_original.dv_version FROM census_original  WHERE census_original.dv_create_time = 'NULL' AND census_original.dv_cmdline_args = 'sample' ORDER BY census_original.dv_version LIMIT 100;
2025-07-01T00:09:35.593614,SELECT census_original.dv_version FROM census_original  WHERE census_original.dv_create_time = 'NULL' AND census_original.dv_cmdline_args = 'sample' ORDER BY census_original.dv_version LIMIT 100;
2025-07-01T00:09:35.698400,SELECT census_original.dv_create_time FROM census_original  WHERE census_original.dv_version = 'sample' ORDER BY census_original.dv_create_time LIMIT 100;
2025-07-01T00:09:35.811157,SELECT census_original.dv_version FROM census_original  WHERE census_original.dv_create_time = 'NULL' AND census_original.dv_cmdline_args = 'sample' ORDER BY census_original.dv_version LIMIT 100;
2025-07-01T00:09:35.935362,SELECT census_original.dv_create_time FROM census_original  WHERE census_original.dv_version = 'sample' ORDER BY census_original.dv_create_time LIMIT 100;
2025-07-01T00:09:36.074039,SELECT census_original.dv_cmdline_args FROM census_original  WHERE census_original.dv_create_date <= TIMESTAMP '2022-01-01' ORDER BY census_original.dv_cmdline_args LIMIT 100;
2025-07-01T00:09:36.229630,SELECT census_original.dv_create_time FROM census_original  WHERE census_original.dv_version = 'sample' ORDER BY census_original.dv_create_time LIMIT 100;
2025-07-01T00:09:36.403907,"SELECT census_original.dv_cmdline_args, census_original.dv_create_time FROM census_original  WHERE census_original.dv_version = 'sample' AND census_original.dv_create_time = 'NULL' AND census_original.dv_cmdline_args LIKE 'sample' ORDER BY census_original.dv_create_time LIMIT 100;"
2025-07-01T00:09:36.597895,SELECT census_original.dv_cmdline_args FROM census_original  WHERE census_original.dv_create_date <= TIMESTAMP '2022-01-01' ORDER BY census_original.dv_cmdline_args LIMIT 100;
2025-07-01T00:09:36.811835,"SELECT census_original.dv_cmdline_args, census_original.dv_create_time FROM census_original  WHERE census_original.dv_version = 'sample' AND census_original.dv_create_time = 'NULL' AND census_original.dv_cmdline_args LIKE 'sample' ORDER BY census_original.dv_create_time LIMIT 100;"
2025-07-01T00:09:37.045169,SELECT census_original.dv_cmdline_args FROM census_original  WHERE census_original.dv_create_date <= TIMESTAMP '2022-01-01' ORDER BY census_original.dv_cmdline_args LIMIT 100;
2025-07-01T00:09:37.296569,SELECT census_original.dv_create_date FROM census_original  WHERE census_original.dv_cmdline_args LIKE 'sample' AND census_original.dv_version LIKE 'sample' AND census_original.dv_create_date >= TIMESTAMP '2022-01-01' ORDER BY census_original.dv_create_date LIMIT 100;
2025-07-01T00:09:37.563987,SELECT census_original.dv_create_time FROM census_original  WHERE census_original.dv_version = 'sample' ORDER BY census_original.dv_create_time LIMIT 100;
2025-07-01T00:09:37.844733,"SELECT census_original.dv_cmdline_args, census_original.dv_create_time FROM census_original  WHERE census_original.dv_version = 'sample' AND census_original.dv_create_time = 'NULL' AND census_original.dv_cmdline_args LIKE 'sample' ORDER BY census_original.dv_create_time LIMIT 100;"
2025-07-01T00:09:38.135590,SELECT census_original.dv_version FROM census_original  WHERE census_original.dv_create_time = 'NULL' AND census_original.dv_cmdline_args = 'sample' ORDER BY census_original.dv_version LIMIT 100;
2025-07-01T00:09:38.432935,SELECT census_original.dv_create_time FROM census_original  WHERE census_original.dv_version = 'sample' ORDER BY census_original.dv_create_time LIMIT 100;
2025-07-01T00:09:38.732887,"SELECT census_original.dv_cmdline_args, census_original.dv_create_time FROM census_original  WHERE census_original.dv_version = 'sample' AND census_original.dv_create_time = 'NULL' AND census_original.dv_cmdline_args LIKE 'sample' ORDER BY census_original.dv_create_time LIMIT 100;"
2025-07-01T00:09:39.031462,SELECT census_original.dv_cmdline_args FROM census_original  WHERE census_original.dv_create_date <= TIMESTAMP '2022-01-01' ORDER BY census_original.dv_cmdline_args LIMIT 100;
2025-07-01T00:09:39.324729,SELECT census_original.dv_version FROM census_original  WHERE census_original.dv_create_time = 'NULL' AND census_original.dv_cmdline_args = 'sample' ORDER BY census_original.dv_version LIMIT 100;
2025-07-01T00:09:39.608970,SELECT census_original.dv_create_time FROM census_original  WHERE census_original.dv_version = 'sample' ORDER BY census_original.dv_create_time LIMIT 100;
2025-07-01T00:09:39.880827,SELECT census_original.dv_cmdline_args FROM census_original  WHERE census_original.dv_create_date <= TIMESTAMP '2022-01-01' ORDER BY census_original.dv_cmdline_args LIMIT 100;
2025-07-01T00:09:40.137436,SELECT census_original.dv_create_date FROM census_original  WHERE census_original.dv_cmdline_args LIKE 'sample' AND census_original.dv_version LIKE 'sample' AND census_original.dv_create_date >= TIMESTAMP '2022-01-01' ORDER BY census_original.dv_create_date LIMIT 100;
2025-07-01T00:09:40.376538,SELECT census_original.dv_cmdline_args FROM census_original  WHERE census_original.dv_create_date <= TIMESTAMP '2022-01-01' ORDER BY census_original.dv_cmdline_args LIMIT 100;
2025-07-01T00:09:40.596576,SELECT census_original.dv_version FROM census_original  WHERE census_original.dv_create_time = 'NULL' AND census_original.dv_cmdline_args = 'sample' ORDER BY census_original.dv_version LIMIT 100;
2025-07-01T00:09:40.796751,SELECT census_original.dv_version FROM census_original  WHERE census_original.dv_create_time = 'NULL' AND census_original.dv_cmdline_args = 'sample' ORDER BY census_original.dv_version LIMIT 100;
2025-07-01T00:09:40.977055,"SELECT census_original.dv_cmdline_args, census_original.dv_create_time FROM census_original  WHERE census_original.dv_version = 'sample' AND census_original.dv_create_time = 'NULL' AND census_original.dv_cmdline_args LIKE 'sample' ORDER BY census_original.dv_create_time LIMIT 100;"
2025-07-01T00:09:41.138274,SELECT census_original.dv_cmdline_args FROM census_original  WHERE census_original.dv_create_date <= TIMESTAMP '2022-01-01' ORDER BY census_original.dv_cmdline_args LIMIT 100;
2025-07-01T00:09:41.281954,SELECT census_original.dv_create_date FROM census_original  WHERE census_original.dv_cmdline_args LIKE 'sample' AND census_original.dv_version LIKE 'sample' AND census_original.dv_create_date >= TIMESTAMP '2022-01-01' ORDER BY census_original.dv_create_date LIMIT 100;
2025-07-01T00:09:41.410340,SELECT census_original.dv_version FROM census_original  WHERE census_original.dv_create_time = 'NULL' AND census_original.dv_cmdline_args = 'sample' ORDER BY census_original.dv_version LIMIT 100;
2025-07-01T00:09:41.526288,"SELECT census_original.dv_cmdline_args, census_original.dv_create_time FROM census_original  WHERE census_original.dv_version = 'sample' AND census_original.dv_create_time = 'NULL' AND census_original.dv_cmdline_args LIKE 'sample' ORDER BY census_original.dv_create_time LIMIT 100;"
2025-07-01T00:09:41.633147,SELECT census_original.dv_cmdline_args FROM census_original  WHERE census_original.dv_create_date <= TIMESTAMP '2022-01-01' ORDER BY census_original.dv_cmdline_args LIMIT 100;
2025-07-01T00:09:41.734632,SELECT census_original.dv_create_time FROM census_original  WHERE census_original.dv_version = 'sample' ORDER BY census_original.dv_create_time LIMIT 100;
2025-07-01T00:09:41.834670,"SELECT census_original.dv_cmdline_args, census_original.dv_create_time FROM census_original  WHERE census_original.dv_version = 'sample' AND census_original.dv_create_time = 'NULL' AND census_original.dv_cmdline_args LIKE 'sample' ORDER BY census_original.dv_create_time LIMIT 100;"
2025-07-01T00:09:41.937246,SELECT census_original.dv_cmdline_args FROM census_original  WHERE census_original.dv_create_date <= TIMESTAMP '2022-01-01' ORDER BY census_original.dv_cmdline_args LIMIT 100;
2025-07-01T00:09:42.046243,SELECT census_original.dv_version FROM census_original  WHERE census_original.dv_create_time = 'NULL' AND census_original.dv_cmdline_args = 'sample' ORDER BY census_original.dv_version LIMIT 100;
2025-07-01T00:09:42.165291,SELECT census_original.dv_create_time FROM census_original  WHERE census_original.dv_version = 'sample' ORDER BY census_original.dv_create_time LIMIT 100;
2025-07-01T00:09:42.297616,SELECT census_original.dv_cmdline_args FROM census_original  WHERE census_original.dv_create_date <= TIMESTAMP '2022-01-01' ORDER BY census_original.dv_cmdline_args LIMIT 100;
2025-07-01T00:09:42.445916,"SELECT census_original.dv_cmdline_args, census_original.dv_create_time FROM census_original  WHERE census_original.dv_version = 'sample' AND census_original.dv_create_time = 'NULL' AND census_original.dv_cmdline_args LIKE 'sample' ORDER BY census_original.dv_create_time LIMIT 100;"
2025-07-01T00:09:42.612253,SELECT census_original.dv_create_time FROM census_original  WHERE census_original.dv_version = 'sample' ORDER BY census_original.dv_create_time LIMIT 100;
2025-07-01T00:09:42.797968,SELECT census_original.dv_cmdline_args FROM census_original  WHERE census_original.dv_create_date <= TIMESTAMP '2022-01-01' ORDER BY census_original.dv_cmdline_args LIMIT 100;
2025-07-01T00:09:43.003631,"SELECT census_original.dv_cmdline_args, census_original.dv_create_time FROM census_original  WHERE census_original.dv_version = 'sample' AND census_original.dv_create_time = 'NULL' AND census_original.dv_cmdline_args LIKE 'sample' ORDER BY census_original.dv_create_time LIMIT 100;"
2025-07-01T00:09:43.229017,"SELECT census_original.dv_cmdline_args, census_original.dv_create_time FROM census_original  WHERE census_original.dv_version = 'sample' AND census_original.dv_create_time = 'NULL' AND census_original.dv_cmdline_args LIKE 'sample' ORDER BY census_original.dv_create_time LIMIT 100;"
2025-07-01T00:09:43.473112,SELECT census_original.dv_create_date FROM census_original  WHERE census_original.dv_cmdline_args LIKE 'sample' AND census_original.dv_version LIKE 'sample' AND census_original.dv_create_date >= TIMESTAMP '2022-01-01' ORDER BY census_original.dv_create_date LIMIT 100;
2025-07-01T00:09:43.734159,"SELECT census_original.dv_cmdline_args, census_original.dv_create_time FROM census_original  WHERE census_original.dv_version = 'sample' AND census_original.dv_create_time = 'NULL' AND census_original.dv_cmdline_args LIKE 'sample' ORDER BY census_original.dv_create_time LIMIT 100;"
2025-07-01T00:09:44.009725,"SELECT census_original.dv_cmdline_args, census_original.dv_create_time FROM census_original  WHERE census_original.dv_version = 'sample' AND census_original.dv_create_time = 'NULL' AND census_original.dv_cmdline_args LIKE 'sample' ORDER BY census_original.dv_create_time LIMIT 100;"
2025-07-01T00:09:44.296797,SELECT census_original.dv_cmdline_args FROM census_original  WHERE census_original.dv_create_date <= TIMESTAMP '2022-01-01' ORDER BY census_original.dv_cmdline_args LIMIT 100;
2025-07-01T00:09:44.591904,"SELECT census_original.dv_cmdline_args, census_original.dv_create_time FROM census_original  WHERE census_original.dv_version = 'sample' AND census_original.dv_create_time = 'NULL' AND census_original.dv_cmdline_args LIKE 'sample' ORDER BY census_original.dv_create_time LIMIT 100;"
2025-07-01T00:09:44.891253,SELECT census_original.dv_cmdline_args FROM census_original  WHERE census_original.dv_create_date <= TIMESTAMP '2022-01-01' ORDER BY census_original.dv_cmdline_args LIMIT 100;
2025-07-01T00:09:45.190885,SELECT census_original.dv_version FROM census_original  WHERE census_original.dv_create_time = 'NULL' AND census_original.dv_cmdline_args = 'sample' ORDER BY census_original.dv_version LIMIT 100;
2025-07-01T00:09:45.486826,SELECT census_original.dv_version FROM census_original  WHERE census_original.dv_create_time = 'NULL' AND census_original.dv_cmdline_args = 'sample' ORDER BY census_original.dv_version LIMIT 100;
2025-07-01T00:09:45.775254,SELECT census_original.dv_cmdline_args FROM census_original  WHERE census_original.dv_create_date <= TIMESTAMP '2022-01-01' ORDER BY census_original.dv_cmdline_args LIMIT 100;
2025-07-01T00:09:46.052641,SELECT census_original.dv_version FROM census_original  WHERE census_original.dv_create_time = 'NULL' AND census_original.dv_cmdline_args = 'sample' ORDER BY census_original.dv_version LIMIT 100;
2025-07-01T00:09:46.315903,"SELECT census_original.dv_cmdline_args, census_original.dv_create_time FROM census_original  WHERE census_original.dv_version = 'sample' AND census_original.dv_create_time = 'NULL' AND census_original.dv_cmdline_args LIKE 'sample' ORDER BY census_original.dv_create_time LIMIT 100;"
2025-07-01T00:09:46.562518,SELECT census_original.dv_create_time FROM census_original  WHERE census_original.dv_version = 'sample' ORDER BY census_original.dv_create_time LIMIT 100;
2025-07-01T00:09:46.790627,"SELECT census_original.dv_cmdline_args, census_original.dv_create_time FROM census_original  WHERE census_original.dv_version = 'sample' AND census_original.dv_create_time = 'NULL' AND census_original.dv_cmdline_args LIKE 'sample' ORDER BY census_original.dv_create_time LIMIT 100;"
2025-07-01T00:09:46.999110,"SELECT census_original.dv_cmdline_args, census_original.dv_create_time FROM census_original  WHERE census_original.dv_version = 'sample' AND census_original.dv_create_time = 'NULL' AND census_original.dv_cmdline_args LIKE 'sample' ORDER BY census_original.dv_create_time LIMIT 100;"
2025-07-01T00:09:47.187628,SELECT census_original.dv_create_date FROM census_original  WHERE census_original.dv_cmdline_args LIKE 'sample' AND census_original.dv_version LIKE 'sample' AND census_original.dv_create_date >= TIMESTAMP '2022-01-01' ORDER BY census_original.dv_create_date LIMIT 100;
2025-07-01T00:09:47.356640,"SELECT census_original.dv_cmdline_args, census_original.dv_create_time FROM census_original  WHERE census_original.dv_version = 'sample' AND census_original.dv_create_time = 'NULL' AND census_original.dv_cmdline_args LIKE 'sample' ORDER BY census_original.dv_create_time LIMIT 100;"
2025-07-01T00:09:47.507381,SELECT census_original.dv_create_date FROM census_original  WHERE census_original.dv_cmdline_args LIKE 'sample' AND census_original.dv_version LIKE 'sample' AND census_original.dv_create_date >= TIMESTAMP '2022-01-01' ORDER BY census_original.dv_create_date LIMIT 100;
2025-07-01T00:09:47.641814,SELECT census_original.dv_cmdline_args FROM census_original  WHERE census_original.dv_create_date <= TIMESTAMP '2022-01-01' ORDER BY census_original.dv_cmdline_args LIMIT 100;
2025-07-01T00:09:47.762553,SELECT census_original.dv_cmdline_args FROM census_original  WHERE census_original.dv_create_date <= TIMESTAMP '2022-01-01' ORDER BY census_original.dv_cmdline_args LIMIT 100;
2025-07-01T00:09:47.872759,"SELECT census_original.dv_cmdline_args, census_original.dv_create_time FROM census_original  WHERE census_original.dv_version = 'sample' AND census_original.dv_create_time = 'NULL' AND census_original.dv_cmdline_args LIKE 'sample' ORDER BY census_original.dv_create_time LIMIT 100;"
2025-07-01T00:09:47.976011,SELECT census_original.dv_create_date FROM census_original  WHERE census_original.dv_cmdline_args LIKE 'sample' AND census_original.dv_version LIKE 'sample' AND census_original.dv_create_date >= TIMESTAMP '2022-01-01' ORDER BY census_original.dv_create_date LIMIT 100;
2025-07-01T00:09:48.076166,SELECT census_original.dv_create_date FROM census_original  WHERE census_original.dv_cmdline_args LIKE 'sample' AND census_original.dv_version LIKE 'sample' AND census_original.dv_create_date >= TIMESTAMP '2022-01-01' ORDER BY census_original.dv_create_date LIMIT 100;
2025-07-01T00:09:48.177205,SELECT census_original.dv_cmdline_args FROM census_original  WHERE census_original.dv_create_date <= TIMESTAMP '2022-01-01' ORDER BY census_original.dv_cmdline_args LIMIT 100;
2025-07-01T00:09:48.283073,SELECT census_original.dv_create_time FROM census_original  WHERE census_original.dv_version = 'sample' ORDER BY census_original.dv_create_time LIMIT 100;
2025-07-01T00:09:48.397523,SELECT census_original.dv_version FROM census_original  WHERE census_original.dv_create_time = 'NULL' AND census_original.dv_cmdline_args = 'sample' ORDER BY census_original.dv_version LIMIT 100;
2025-07-01T00:09:48.523965,"SELECT census_original.dv_cmdline_args, census_original.dv_create_time FROM census_original  WHERE census_original.dv_version = 'sample' AND census_original.dv_create_time = 'NULL' AND census_original.dv_cmdline_args LIKE 'sample' ORDER BY census_original.dv_create_time LIMIT 100;"
2025-07-01T00:09:48.665331,"SELECT census_original.dv_cmdline_args, census_original.dv_create_time FROM census_original  WHERE census_original.dv_version = 'sample' AND census_original.dv_create_time = 'NULL' AND census_original.dv_cmdline_args LIKE 'sample' ORDER BY census_original.dv_create_time LIMIT 100;"
2025-07-01T00:09:48.823961,SELECT census_original.dv_version FROM census_original  WHERE census_original.dv_create_time = 'NULL' AND census_original.dv_cmdline_args = 'sample' ORDER BY census_original.dv_version LIMIT 100;
2025-07-01T00:09:49.001501,SELECT census_original.dv_create_time FROM census_original  WHERE census_original.dv_version = 'sample' ORDER BY census_original.dv_create_time LIMIT 100;
2025-07-01T00:09:49.198849,SELECT census_original.dv_create_date FROM census_original  WHERE census_original.dv_cmdline_args LIKE 'sample' AND census_original.dv_version LIKE 'sample' AND census_original.dv_create_date >= TIMESTAMP '2022-01-01' ORDER BY census_original.dv_create_date LIMIT 100;
2025-07-01T00:09:49.416110,SELECT census_original.dv_version FROM census_original  WHERE census_original.dv_create_time = 'NULL' AND census_original.dv_cmdline_args = 'sample' ORDER BY census_original.dv_version LIMIT 100;
2025-07-01T00:09:49.652595,SELECT census_original.dv_create_date FROM census_original  WHERE census_original.dv_cmdline_args LIKE 'sample' AND census_original.dv_version LIKE 'sample' AND census_original.dv_create_date >= TIMESTAMP '2022-01-01' ORDER BY census_original.dv_create_date LIMIT 100;
2025-07-01T00:09:49.906851,SELECT census_original.dv_create_time FROM census_original  WHERE census_original.dv_version = 'sample' ORDER BY census_original.dv_create_time LIMIT 100;
2025-07-01T00:09:50.176713,SELECT census_original.dv_create_time FROM census_original  WHERE census_original.dv_version = 'sample' ORDER BY census_original.dv_create_time LIMIT 100;
2025-07-01T00:09:50.459398,SELECT census_original.dv_create_date FROM census_original  WHERE census_original.dv_cmdline_args LIKE 'sample' AND census_original.dv_version LIKE 'sample' AND census_original.dv_create_date >= TIMESTAMP '2022-01-01' ORDER BY census_original.dv_create_date LIMIT 100;
2025-07-01T00:09:50.751608,SELECT census_original.dv_cmdline_args FROM census_original  WHERE census_original.dv_create_date <= TIMESTAMP '2022-01-01' ORDER BY census_original.dv_cmdline_args LIMIT 100;
2025-07-01T00:09:51.049668,"SELECT census_original.dv_cmdline_args, census_original.dv_create_time FROM census_original  WHERE census_original.dv_version = 'sample' AND census_original.dv_create_time = 'NULL' AND census_original.dv_cmdline_args LIKE 'sample' ORDER BY census_original.dv_create_time LIMIT 100;"
2025-07-01T00:09:51.349667,SELECT census_original.dv_version FROM census_original  WHERE census_original.dv_create_time = 'NULL' AND census_original.dv_cmdline_args = 'sample' ORDER BY census_original.dv_version LIMIT 100;
2025-07-01T00:09:51.647620,SELECT census_original.dv_version FROM census_original  WHERE census_original.dv_create_time = 'NULL' AND census_original.dv_cmdline_args = 'sample' ORDER BY census_original.dv_version LIMIT 100;
2025-07-01T00:09:51.939622,SELECT census_original.dv_create_date FROM census_original  WHERE census_original.dv_cmdline_args LIKE 'sample' AND census_original.dv_version LIKE 'sample' AND census_original.dv_create_date >= TIMESTAMP '2022-01-01' ORDER BY census_original.dv_create_date LIMIT 100;
2025-07-01T00:09:52.222004,SELECT census_original.dv_version FROM census_original  WHERE census_original.dv_create_time = 'NULL' AND census_original.dv_cmdline_args = 'sample' ORDER BY census_original.dv_version LIMIT 100;
2025-07-01T00:09:52.491482,SELECT census_original.dv_create_date FROM census_original  WHERE census_original.dv_cmdline_args LIKE 'sample' AND census_original.dv_version LIKE 'sample' AND census_original.dv_create_date >= TIMESTAMP '2022-01-01' ORDER BY census_original.dv_create_date LIMIT 100;
2025-07-01T00:09:52.745287,"SELECT census_original.dv_cmdline_args, census_original.dv_create_time FROM census_original  WHERE census_original.dv_version = 'sample' AND census_original.dv_create_time = 'NULL' AND census_original.dv_cmdline_args LIKE 'sample' ORDER BY census_original.dv_create_time LIMIT 100;"
2025-07-01T00:09:52.981272,SELECT census_original.dv_version FROM census_original  WHERE census_original.dv_create_time = 'NULL' AND census_original.dv_cmdline_args = 'sample' ORDER BY census_original.dv_version LIMIT 100;
2025-07-01T00:09:53.198005,SELECT census_original.dv_cmdline_args FROM census_original  WHERE census_original.dv_create_date <= TIMESTAMP '2022-01-01' ORDER BY census_original.dv_cmdline_args LIMIT 100;
2025-07-01T00:09:53.394817,SELECT census_original.dv_cmdline_args FROM census_original  WHERE census_original.dv_create_date <= TIMESTAMP '2022-01-01' ORDER BY census_original.dv_cmdline_args LIMIT 100;
2025-07-01T00:09:53.571836,"SELECT census_original.dv_cmdline_args, census_original.dv_create_time FROM census_original  WHERE census_original.dv_version = 'sample' AND census_original.dv_create_time = 'NULL' AND census_original.dv_cmdline_args LIKE 'sample' ORDER BY census_original.dv_create_time LIMIT 100;"
2025-07-01T00:09:53.729978,SELECT census_original.dv_version FROM census_original  WHERE census_original.dv_create_time = 'NULL' AND census_original.dv_cmdline_args = 'sample' ORDER BY census_original.dv_version LIMIT 100;
2025-07-01T00:09:53.870911,SELECT census_original.dv_version FROM census_original  WHERE census_original.dv_create_time = 'NULL' AND census_original.dv_cmdline_args = 'sample' ORDER BY census_original.dv_version LIMIT 100;
2025-07-01T00:09:53.996991,"SELECT census_original.dv_cmdline_args, census_original.dv_create_time FROM census_original  WHERE census_original.dv_version = 'sample' AND census_original.dv_create_time = 'NULL' AND census_original.dv_cmdline_args LIKE 'sample' ORDER BY census_original.dv_create_time LIMIT 100;"
2025-07-01T00:09:54.111165,SELECT census_original.dv_cmdline_args FROM census_original  WHERE census_original.dv_create_date <= TIMESTAMP '2022-01-01' ORDER BY census_original.dv_cmdline_args LIMIT 100;
2025-07-01T00:09:54.216853,SELECT census_original.dv_create_date FROM census_original  WHERE census_original.dv_cmdline_args LIKE 'sample' AND census_original.dv_version LIKE 'sample' AND census_original.dv_create_date >= TIMESTAMP '2022-01-01' ORDER BY census_original.dv_create_date LIMIT 100;
2025-07-01T00:09:54.317816,SELECT census_original.dv_cmdline_args FROM census_original  WHERE census_original.dv_create_date <= TIMESTAMP '2022-01-01' ORDER BY census_original.dv_cmdline_args LIMIT 100;
2025-07-01T00:09:54.418003,"SELECT census_original.dv_cmdline_args, census_original.dv_create_time FROM census_original  WHERE census_original.dv_version = 'sample' AND census_original.dv_create_time = 'NULL' AND census_original.dv_cmdline_args LIKE 'sample' ORDER BY census_original.dv_create_time LIMIT 100;"
2025-07-01T00:09:54.521392,SELECT census_original.dv_create_time FROM census_original  WHERE census_original.dv_version = 'sample' ORDER BY census_original.dv_create_time LIMIT 100;
2025-07-01T00:09:54.631835,SELECT census_original.dv_cmdline_args FROM census_original  WHERE census_original.dv_create_date <= TIMESTAMP '2022-01-01' ORDER BY census_original.dv_cmdline_args LIMIT 100;
2025-07-01T00:09:54.752902,SELECT census_original.dv_version FROM census_original  WHERE census_original.dv_create_time = 'NULL' AND census_original.dv_cmdline_args = 'sample' ORDER BY census_original.dv_version LIMIT 100;
2025-07-01T00:09:54.887741,"SELECT census_original.dv_cmdline_args, census_original.dv_create_time FROM census_original  WHERE census_original.dv_version = 'sample' AND census_original.dv_create_time = 'NULL' AND census_original.dv_cmdline_args LIKE 'sample' ORDER BY census_original.dv_create_time LIMIT 100;"
2025-07-01T00:09:55.038949,"SELECT census_original.dv_cmdline_args, census_original.dv_create_time FROM census_original  WHERE census_original.dv_version = 'sample' AND census_original.dv_create_time = 'NULL' AND census_original.dv_cmdline_args LIKE 'sample' ORDER BY census_original.dv_create_time LIMIT 100;"
2025-07-01T00:09:55.208470,"SELECT census_original.dv_cmdline_args, census_original.dv_create_time FROM census_original  WHERE census_original.dv_version = 'sample' AND census_original.dv_create_time = 'NULL' AND census_original.dv_cmdline_args LIKE 'sample' ORDER BY census_original.dv_create_time LIMIT 100;"
2025-07-01T00:09:55.397522,"SELECT census_original.dv_cmdline_args, census_original.dv_create_time FROM census_original  WHERE census_original.dv_version = 'sample' AND census_original.dv_create_time = 'NULL' AND census_original.dv_cmdline_args LIKE 'sample' ORDER BY census_original.dv_create_time LIMIT 100;"
2025-07-01T00:09:55.606538,SELECT census_original.dv_cmdline_args FROM census_original  WHERE census_original.dv_create_date <= TIMESTAMP '2022-01-01' ORDER BY census_original.dv_cmdline_args LIMIT 100;
2025-07-01T00:09:55.835161,SELECT census_original.dv_create_time FROM census_original  WHERE census_original.dv_version = 'sample' ORDER BY census_original.dv_create_time LIMIT 100;
2025-07-01T00:09:56.082250,SELECT census_original.dv_create_date FROM census_original  WHERE census_original.dv_cmdline_args LIKE 'sample' AND census_original.dv_version LIKE 'sample' AND census_original.dv_create_date >= TIMESTAMP '2022-01-01' ORDER BY census_original.dv_create_date LIMIT 100;
2025-07-01T00:09:56.345926,"SELECT census_original.dv_cmdline_args, census_original.dv_create_time FROM census_original  WHERE census_original.dv_version = 'sample' AND census_original.dv_create_time = 'NULL' AND census_original.dv_cmdline_args LIKE 'sample' ORDER BY census_original.dv_create_time LIMIT 100;"
2025-07-01T00:09:56.623651,SELECT census_original.dv_create_time FROM census_original  WHERE census_original.dv_version = 'sample' ORDER BY census_original.dv_create_time LIMIT 100;
2025-07-01T00:09:56.912327,SELECT census_original.dv_cmdline_args FROM census_original  WHERE census_original.dv_create_date <= TIMESTAMP '2022-01-01' ORDER BY census_original.dv_cmdline_args LIMIT 100;
2025-07-01T00:09:57.208419,SELECT census_original.dv_cmdline_args FROM census_original  WHERE census_original.dv_create_date <= TIMESTAMP '2022-01-01' ORDER BY census_original.dv_cmdline_args LIMIT 100;
2025-07-01T00:09:57.508095,SELECT census_original.dv_create_date FROM census_original  WHERE census_original.dv_cmdline_args LIKE 'sample' AND census_original.dv_version LIKE 'sample' AND census_original.dv_create_date >= TIMESTAMP '2022-01-01' ORDER BY census_original.dv_create_date LIMIT 100;
2025-07-01T00:09:57.807382,SELECT census_original.dv_create_date FROM census_original  WHERE census_original.dv_cmdline_args LIKE 'sample' AND census_original.dv_version LIKE 'sample' AND census_original.dv_create_date >= TIMESTAMP '2022-01-01' ORDER BY census_original.dv_create_date LIMIT 100;
2025-07-01T00:09:58.102321,SELECT census_original.dv_create_date FROM census_original  WHERE census_original.dv_cmdline_args LIKE 'sample' AND census_original.dv_version LIKE 'sample' AND census_original.dv_create_date >= TIMESTAMP '2022-01-01' ORDER BY census_original.dv_create_date LIMIT 100;
2025-07-01T00:09:58.389128,SELECT census_original.dv_version FROM census_original  WHERE census_original.dv_create_time = 'NULL' AND census_original.dv_cmdline_args = 'sample' ORDER BY census_original.dv_version LIMIT 100;
2025-07-01T00:09:58.664342,"SELECT census_original.dv_cmdline_args, census_original.dv_create_time FROM census_original  WHERE census_original.dv_version = 'sample' AND census_original.dv_create_time = 'NULL' AND census_original.dv_cmdline_args LIKE 'sample' ORDER BY census_original.dv_create_time LIMIT 100;"
2025-07-01T00:09:58.924965,SELECT census_original.dv_create_date FROM census_original  WHERE census_original.dv_cmdline_args LIKE 'sample' AND census_original.dv_version LIKE 'sample' AND census_original.dv_create_date >= TIMESTAMP '2022-01-01' ORDER BY census_original.dv_create_date LIMIT 100;
2025-07-01T00:09:59.168578,SELECT census_original.dv_create_time FROM census_original  WHERE census_original.dv_version = 'sample' ORDER BY census_original.dv_create_time LIMIT 100;
2025-07-01T00:09:59.393445,"SELECT census_original.dv_cmdline_args, census_original.dv_create_time FROM census_original  WHERE census_original.dv_version = 'sample' AND census_original.dv_create_time = 'NULL' AND census_original.dv_cmdline_args LIKE 'sample' ORDER BY census_original.dv_create_time LIMIT 100;"
2025-07-01T00:09:59.598573,SELECT census_original.dv_create_date FROM census_original  WHERE census_original.dv_cmdline_args LIKE 'sample' AND census_original.dv_version LIKE 'sample' AND census_original.dv_create_date >= TIMESTAMP '2022-01-01' ORDER BY census_original.dv_create_date LIMIT 100;
2025-07-01T00:09:59.783758,SELECT census_original.dv_create_date FROM census_original  WHERE census_original.dv_cmdline_args LIKE 'sample' AND census_original.dv_version LIKE 'sample' AND census_original.dv_create_date >= TIMESTAMP '2022-01-01' ORDER BY census_original.dv_create_date LIMIT 100;
2025-07-01T00:09:59.949590,SELECT census_original.dv_cmdline_args FROM census_original  WHERE census_original.dv_create_date <= TIMESTAMP '2022-01-01' ORDER BY census_original.dv_cmdline_args LIMIT 100;
2025-07-01T00:10:00.097433,SELECT census_original.dv_cmdline_args FROM census_original  WHERE census_original.dv_create_date <= TIMESTAMP '2022-01-01' ORDER BY census_original.dv_cmdline_args LIMIT 100;
2025-07-01T00:10:00.229364,SELECT census_original.dv_cmdline_args FROM census_original  WHERE census_original.dv_create_date <= TIMESTAMP '2022-01-01' ORDER BY census_original.dv_cmdline_args LIMIT 100;
2025-07-01T00:10:00.348098,SELECT census_original.dv_create_date FROM census_original  WHERE census_original.dv_cmdline_args LIKE 'sample' AND census_original.dv_version LIKE 'sample' AND census_original.dv_create_date >= TIMESTAMP '2022-01-01' ORDER BY census_original.dv_create_date LIMIT 100;
2025-07-01T00:10:00.456875,SELECT census_original.dv_create_date FROM census_original  WHERE census_original.dv_cmdline_args LIKE 'sample' AND census_original.dv_version LIKE 'sample' AND census_original.dv_create_date >= TIMESTAMP '2022-01-01' ORDER BY census_original.dv_create_date LIMIT 100;
2025-07-01T00:10:00.559331,"SELECT census_original.dv_cmdline_args, census_original.dv_create_time FROM census_original  WHERE census_original.dv_version = 'sample' AND census_original.dv_create_time = 'NULL' AND census_original.dv_cmdline_args LIKE 'sample' ORDER BY census_original.dv_create_time LIMIT 100;"
