timestamp,sql
2025-07-01T00:15:00.338629,"SELECT census_original.dv_cmdline_args, census_original.dv_create_time FROM census_original  WHERE census_original.dv_version = 'sample' AND census_original.dv_create_time = 'NULL' AND census_original.dv_cmdline_args LIKE 'sample' ORDER BY census_original.dv_create_time LIMIT 100;"
2025-07-01T00:15:00.758352,SELECT census_original.dv_cmdline_args FROM census_original  WHERE census_original.dv_create_date <= TIMESTAMP '2022-01-01' ORDER BY census_original.dv_cmdline_args LIMIT 100;
2025-07-01T00:15:01.235611,SELECT census_original.dv_cmdline_args FROM census_original  WHERE census_original.dv_create_date <= TIMESTAMP '2022-01-01' ORDER BY census_original.dv_cmdline_args LIMIT 100;
2025-07-01T00:15:01.757498,SELECT census_original.dv_cmdline_args FROM census_original  WHERE census_original.dv_create_date <= TIMESTAMP '2022-01-01' ORDER BY census_original.dv_cmdline_args LIMIT 100;
2025-07-01T00:15:02.315850,SELECT census_original.dv_cmdline_args FROM census_original  WHERE census_original.dv_create_date <= TIMESTAMP '2022-01-01' ORDER BY census_original.dv_cmdline_args LIMIT 100;
2025-07-01T00:15:02.905032,SELECT census_original.dv_create_time FROM census_original  WHERE census_original.dv_version = 'sample' ORDER BY census_original.dv_create_time LIMIT 100;
2025-07-01T00:15:03.520921,"SELECT census_original.dv_cmdline_args, census_original.dv_create_time FROM census_original  WHERE census_original.dv_version = 'sample' AND census_original.dv_create_time = 'NULL' AND census_original.dv_cmdline_args LIKE 'sample' ORDER BY census_original.dv_create_time LIMIT 100;"
2025-07-01T00:15:04.160365,SELECT census_original.dv_create_date FROM census_original  WHERE census_original.dv_cmdline_args LIKE 'sample' AND census_original.dv_version LIKE 'sample' AND census_original.dv_create_date >= TIMESTAMP '2022-01-01' ORDER BY census_original.dv_create_date LIMIT 100;
2025-07-01T00:15:04.820883,SELECT census_original.dv_create_time FROM census_original  WHERE census_original.dv_version = 'sample' ORDER BY census_original.dv_create_time LIMIT 100;
2025-07-01T00:15:05.500462,SELECT census_original.dv_create_time FROM census_original  WHERE census_original.dv_version = 'sample' ORDER BY census_original.dv_create_time LIMIT 100;
2025-07-01T00:15:06.197443,SELECT census_original.dv_create_date FROM census_original  WHERE census_original.dv_cmdline_args LIKE 'sample' AND census_original.dv_version LIKE 'sample' AND census_original.dv_create_date >= TIMESTAMP '2022-01-01' ORDER BY census_original.dv_create_date LIMIT 100;
2025-07-01T00:15:06.910433,SELECT census_original.dv_create_time FROM census_original  WHERE census_original.dv_version = 'sample' ORDER BY census_original.dv_create_time LIMIT 100;
2025-07-01T00:15:07.638244,SELECT census_original.dv_version FROM census_original  WHERE census_original.dv_create_time = 'NULL' AND census_original.dv_cmdline_args = 'sample' ORDER BY census_original.dv_version LIMIT 100;
2025-07-01T00:15:08.379854,SELECT census_original.dv_version FROM census_original  WHERE census_original.dv_create_time = 'NULL' AND census_original.dv_cmdline_args = 'sample' ORDER BY census_original.dv_version LIMIT 100;
2025-07-01T00:15:09.134372,SELECT census_original.dv_cmdline_args FROM census_original  WHERE census_original.dv_create_date <= TIMESTAMP '2022-01-01' ORDER BY census_original.dv_cmdline_args LIMIT 100;
2025-07-01T00:15:09.901015,SELECT census_original.dv_cmdline_args FROM census_original  WHERE census_original.dv_create_date <= TIMESTAMP '2022-01-01' ORDER BY census_original.dv_cmdline_args LIMIT 100;
2025-07-01T00:15:10.679089,SELECT census_original.dv_version FROM census_original  WHERE census_original.dv_create_time = 'NULL' AND census_original.dv_cmdline_args = 'sample' ORDER BY census_original.dv_version LIMIT 100;
2025-07-01T00:15:11.467977,SELECT census_original.dv_create_time FROM census_original  WHERE census_original.dv_version = 'sample' ORDER BY census_original.dv_create_time LIMIT 100;
2025-07-01T00:15:12.267123,SELECT census_original.dv_version FROM census_original  WHERE census_original.dv_create_time = 'NULL' AND census_original.dv_cmdline_args = 'sample' ORDER BY census_original.dv_version LIMIT 100;
2025-07-01T00:15:13.076028,SELECT census_original.dv_version FROM census_original  WHERE census_original.dv_create_time = 'NULL' AND census_original.dv_cmdline_args = 'sample' ORDER BY census_original.dv_version LIMIT 100;
2025-07-01T00:15:13.894236,"SELECT census_original.dv_cmdline_args, census_original.dv_create_time FROM census_original  WHERE census_original.dv_version = 'sample' AND census_original.dv_create_time = 'NULL' AND census_original.dv_cmdline_args LIKE 'sample' ORDER BY census_original.dv_create_time LIMIT 100;"
2025-07-01T00:15:14.721335,SELECT census_original.dv_cmdline_args FROM census_original  WHERE census_original.dv_create_date <= TIMESTAMP '2022-01-01' ORDER BY census_original.dv_cmdline_args LIMIT 100;
2025-07-01T00:15:15.556946,SELECT census_original.dv_create_date FROM census_original  WHERE census_original.dv_cmdline_args LIKE 'sample' AND census_original.dv_version LIKE 'sample' AND census_original.dv_create_date >= TIMESTAMP '2022-01-01' ORDER BY census_original.dv_create_date LIMIT 100;
2025-07-01T00:15:16.400721,"SELECT census_original.dv_cmdline_args, census_original.dv_create_time FROM census_original  WHERE census_original.dv_version = 'sample' AND census_original.dv_create_time = 'NULL' AND census_original.dv_cmdline_args LIKE 'sample' ORDER BY census_original.dv_create_time LIMIT 100;"
2025-07-01T00:15:17.252340,SELECT census_original.dv_cmdline_args FROM census_original  WHERE census_original.dv_create_date <= TIMESTAMP '2022-01-01' ORDER BY census_original.dv_cmdline_args LIMIT 100;
2025-07-01T00:15:18.111508,SELECT census_original.dv_version FROM census_original  WHERE census_original.dv_create_time = 'NULL' AND census_original.dv_cmdline_args = 'sample' ORDER BY census_original.dv_version LIMIT 100;
2025-07-01T00:15:18.977949,"SELECT census_original.dv_cmdline_args, census_original.dv_create_time FROM census_original  WHERE census_original.dv_version = 'sample' AND census_original.dv_create_time = 'NULL' AND census_original.dv_cmdline_args LIKE 'sample' ORDER BY census_original.dv_create_time LIMIT 100;"
2025-07-01T00:15:19.851408,SELECT census_original.dv_version FROM census_original  WHERE census_original.dv_create_time = 'NULL' AND census_original.dv_cmdline_args = 'sample' ORDER BY census_original.dv_version LIMIT 100;
2025-07-01T00:15:20.731647,SELECT census_original.dv_create_date FROM census_original  WHERE census_original.dv_cmdline_args LIKE 'sample' AND census_original.dv_version LIKE 'sample' AND census_original.dv_create_date >= TIMESTAMP '2022-01-01' ORDER BY census_original.dv_create_date LIMIT 100;
2025-07-01T00:15:21.618445,SELECT census_original.dv_cmdline_args FROM census_original  WHERE census_original.dv_create_date <= TIMESTAMP '2022-01-01' ORDER BY census_original.dv_cmdline_args LIMIT 100;
2025-07-01T00:15:22.511592,SELECT census_original.dv_cmdline_args FROM census_original  WHERE census_original.dv_create_date <= TIMESTAMP '2022-01-01' ORDER BY census_original.dv_cmdline_args LIMIT 100;
2025-07-01T00:15:23.410893,SELECT census_original.dv_cmdline_args FROM census_original  WHERE census_original.dv_create_date <= TIMESTAMP '2022-01-01' ORDER BY census_original.dv_cmdline_args LIMIT 100;
2025-07-01T00:15:24.316166,SELECT census_original.dv_create_date FROM census_original  WHERE census_original.dv_cmdline_args LIKE 'sample' AND census_original.dv_version LIKE 'sample' AND census_original.dv_create_date >= TIMESTAMP '2022-01-01' ORDER BY census_original.dv_create_date LIMIT 100;
2025-07-01T00:15:25.227235,"SELECT census_original.dv_cmdline_args, census_original.dv_create_time FROM census_original  WHERE census_original.dv_version = 'sample' AND census_original.dv_create_time = 'NULL' AND census_original.dv_cmdline_args LIKE 'sample' ORDER BY census_original.dv_create_time LIMIT 100;"
2025-07-01T00:15:26.143939,SELECT census_original.dv_cmdline_args FROM census_original  WHERE census_original.dv_create_date <= TIMESTAMP '2022-01-01' ORDER BY census_original.dv_cmdline_args LIMIT 100;
2025-07-01T00:15:27.066122,"SELECT census_original.dv_cmdline_args, census_original.dv_create_time FROM census_original  WHERE census_original.dv_version = 'sample' AND census_original.dv_create_time = 'NULL' AND census_original.dv_cmdline_args LIKE 'sample' ORDER BY census_original.dv_create_time LIMIT 100;"
2025-07-01T00:15:27.993640,SELECT census_original.dv_create_time FROM census_original  WHERE census_original.dv_version = 'sample' ORDER BY census_original.dv_create_time LIMIT 100;
2025-07-01T00:15:28.926352,SELECT census_original.dv_cmdline_args FROM census_original  WHERE census_original.dv_create_date <= TIMESTAMP '2022-01-01' ORDER BY census_original.dv_cmdline_args LIMIT 100;
2025-07-01T00:15:29.864128,SELECT census_original.dv_create_time FROM census_original  WHERE census_original.dv_version = 'sample' ORDER BY census_original.dv_create_time LIMIT 100;
2025-07-01T00:15:30.806842,SELECT census_original.dv_version FROM census_original  WHERE census_original.dv_create_time = 'NULL' AND census_original.dv_cmdline_args = 'sample' ORDER BY census_original.dv_version LIMIT 100;
2025-07-01T00:15:31.754376,SELECT census_original.dv_cmdline_args FROM census_original  WHERE census_original.dv_create_date <= TIMESTAMP '2022-01-01' ORDER BY census_original.dv_cmdline_args LIMIT 100;
2025-07-01T00:15:32.706616,SELECT census_original.dv_version FROM census_original  WHERE census_original.dv_create_time = 'NULL' AND census_original.dv_cmdline_args = 'sample' ORDER BY census_original.dv_version LIMIT 100;
2025-07-01T00:15:33.663454,"SELECT census_original.dv_cmdline_args, census_original.dv_create_time FROM census_original  WHERE census_original.dv_version = 'sample' AND census_original.dv_create_time = 'NULL' AND census_original.dv_cmdline_args LIKE 'sample' ORDER BY census_original.dv_create_time LIMIT 100;"
2025-07-01T00:15:34.624787,SELECT census_original.dv_cmdline_args FROM census_original  WHERE census_original.dv_create_date <= TIMESTAMP '2022-01-01' ORDER BY census_original.dv_cmdline_args LIMIT 100;
2025-07-01T00:15:35.590515,SELECT census_original.dv_create_time FROM census_original  WHERE census_original.dv_version = 'sample' ORDER BY census_original.dv_create_time LIMIT 100;
2025-07-01T00:15:36.560545,SELECT census_original.dv_create_time FROM census_original  WHERE census_original.dv_version = 'sample' ORDER BY census_original.dv_create_time LIMIT 100;
2025-07-01T00:15:37.534785,SELECT census_original.dv_cmdline_args FROM census_original  WHERE census_original.dv_create_date <= TIMESTAMP '2022-01-01' ORDER BY census_original.dv_cmdline_args LIMIT 100;
2025-07-01T00:15:38.513149,SELECT census_original.dv_create_date FROM census_original  WHERE census_original.dv_cmdline_args LIKE 'sample' AND census_original.dv_version LIKE 'sample' AND census_original.dv_create_date >= TIMESTAMP '2022-01-01' ORDER BY census_original.dv_create_date LIMIT 100;
2025-07-01T00:15:39.495553,SELECT census_original.dv_create_date FROM census_original  WHERE census_original.dv_cmdline_args LIKE 'sample' AND census_original.dv_version LIKE 'sample' AND census_original.dv_create_date >= TIMESTAMP '2022-01-01' ORDER BY census_original.dv_create_date LIMIT 100;
2025-07-01T00:15:40.481919,SELECT census_original.dv_create_time FROM census_original  WHERE census_original.dv_version = 'sample' ORDER BY census_original.dv_create_time LIMIT 100;
2025-07-01T00:15:41.472167,SELECT census_original.dv_create_time FROM census_original  WHERE census_original.dv_version = 'sample' ORDER BY census_original.dv_create_time LIMIT 100;
2025-07-01T00:15:42.466226,SELECT census_original.dv_version FROM census_original  WHERE census_original.dv_create_time = 'NULL' AND census_original.dv_cmdline_args = 'sample' ORDER BY census_original.dv_version LIMIT 100;
2025-07-01T00:15:43.464022,SELECT census_original.dv_create_date FROM census_original  WHERE census_original.dv_cmdline_args LIKE 'sample' AND census_original.dv_version LIKE 'sample' AND census_original.dv_create_date >= TIMESTAMP '2022-01-01' ORDER BY census_original.dv_create_date LIMIT 100;
2025-07-01T00:15:44.465489,"SELECT census_original.dv_cmdline_args, census_original.dv_create_time FROM census_original  WHERE census_original.dv_version = 'sample' AND census_original.dv_create_time = 'NULL' AND census_original.dv_cmdline_args LIKE 'sample' ORDER BY census_original.dv_create_time LIMIT 100;"
2025-07-01T00:15:45.470559,SELECT census_original.dv_cmdline_args FROM census_original  WHERE census_original.dv_create_date <= TIMESTAMP '2022-01-01' ORDER BY census_original.dv_cmdline_args LIMIT 100;
2025-07-01T00:15:46.479170,"SELECT census_original.dv_cmdline_args, census_original.dv_create_time FROM census_original  WHERE census_original.dv_version = 'sample' AND census_original.dv_create_time = 'NULL' AND census_original.dv_cmdline_args LIKE 'sample' ORDER BY census_original.dv_create_time LIMIT 100;"
2025-07-01T00:15:47.491258,SELECT census_original.dv_cmdline_args FROM census_original  WHERE census_original.dv_create_date <= TIMESTAMP '2022-01-01' ORDER BY census_original.dv_cmdline_args LIMIT 100;
2025-07-01T00:15:48.506766,SELECT census_original.dv_create_time FROM census_original  WHERE census_original.dv_version = 'sample' ORDER BY census_original.dv_create_time LIMIT 100;
2025-07-01T00:15:49.525635,SELECT census_original.dv_cmdline_args FROM census_original  WHERE census_original.dv_create_date <= TIMESTAMP '2022-01-01' ORDER BY census_original.dv_cmdline_args LIMIT 100;
2025-07-01T00:15:50.547809,SELECT census_original.dv_create_time FROM census_original  WHERE census_original.dv_version = 'sample' ORDER BY census_original.dv_create_time LIMIT 100;
2025-07-01T00:15:51.573236,SELECT census_original.dv_cmdline_args FROM census_original  WHERE census_original.dv_create_date <= TIMESTAMP '2022-01-01' ORDER BY census_original.dv_cmdline_args LIMIT 100;
2025-07-01T00:15:52.601863,"SELECT census_original.dv_cmdline_args, census_original.dv_create_time FROM census_original  WHERE census_original.dv_version = 'sample' AND census_original.dv_create_time = 'NULL' AND census_original.dv_cmdline_args LIKE 'sample' ORDER BY census_original.dv_create_time LIMIT 100;"
2025-07-01T00:15:53.633640,SELECT census_original.dv_version FROM census_original  WHERE census_original.dv_create_time = 'NULL' AND census_original.dv_cmdline_args = 'sample' ORDER BY census_original.dv_version LIMIT 100;
2025-07-01T00:15:54.668517,"SELECT census_original.dv_cmdline_args, census_original.dv_create_time FROM census_original  WHERE census_original.dv_version = 'sample' AND census_original.dv_create_time = 'NULL' AND census_original.dv_cmdline_args LIKE 'sample' ORDER BY census_original.dv_create_time LIMIT 100;"
2025-07-01T00:15:55.706448,SELECT census_original.dv_create_date FROM census_original  WHERE census_original.dv_cmdline_args LIKE 'sample' AND census_original.dv_version LIKE 'sample' AND census_original.dv_create_date >= TIMESTAMP '2022-01-01' ORDER BY census_original.dv_create_date LIMIT 100;
2025-07-01T00:15:56.747387,SELECT census_original.dv_version FROM census_original  WHERE census_original.dv_create_time = 'NULL' AND census_original.dv_cmdline_args = 'sample' ORDER BY census_original.dv_version LIMIT 100;
2025-07-01T00:15:57.791288,SELECT census_original.dv_version FROM census_original  WHERE census_original.dv_create_time = 'NULL' AND census_original.dv_cmdline_args = 'sample' ORDER BY census_original.dv_version LIMIT 100;
2025-07-01T00:15:58.838110,SELECT census_original.dv_create_time FROM census_original  WHERE census_original.dv_version = 'sample' ORDER BY census_original.dv_create_time LIMIT 100;
2025-07-01T00:15:59.887809,SELECT census_original.dv_create_date FROM census_original  WHERE census_original.dv_cmdline_args LIKE 'sample' AND census_original.dv_version LIKE 'sample' AND census_original.dv_create_date >= TIMESTAMP '2022-01-01' ORDER BY census_original.dv_create_date LIMIT 100;
2025-07-01T00:16:00.940345,SELECT census_original.dv_version FROM census_original  WHERE census_original.dv_create_time = 'NULL' AND census_original.dv_cmdline_args = 'sample' ORDER BY census_original.dv_version LIMIT 100;
2025-07-01T00:16:01.995678,"SELECT census_original.dv_cmdline_args, census_original.dv_create_time FROM census_original  WHERE census_original.dv_version = 'sample' AND census_original.dv_create_time = 'NULL' AND census_original.dv_cmdline_args LIKE 'sample' ORDER BY census_original.dv_create_time LIMIT 100;"
2025-07-01T00:16:03.053770,SELECT census_original.dv_version FROM census_original  WHERE census_original.dv_create_time = 'NULL' AND census_original.dv_cmdline_args = 'sample' ORDER BY census_original.dv_version LIMIT 100;
2025-07-01T00:16:04.114583,SELECT census_original.dv_cmdline_args FROM census_original  WHERE census_original.dv_create_date <= TIMESTAMP '2022-01-01' ORDER BY census_original.dv_cmdline_args LIMIT 100;
2025-07-01T00:16:05.178080,SELECT census_original.dv_cmdline_args FROM census_original  WHERE census_original.dv_create_date <= TIMESTAMP '2022-01-01' ORDER BY census_original.dv_cmdline_args LIMIT 100;
2025-07-01T00:16:06.244227,SELECT census_original.dv_create_time FROM census_original  WHERE census_original.dv_version = 'sample' ORDER BY census_original.dv_create_time LIMIT 100;
2025-07-01T00:16:07.312988,SELECT census_original.dv_cmdline_args FROM census_original  WHERE census_original.dv_create_date <= TIMESTAMP '2022-01-01' ORDER BY census_original.dv_cmdline_args LIMIT 100;
2025-07-01T00:16:08.384330,SELECT census_original.dv_cmdline_args FROM census_original  WHERE census_original.dv_create_date <= TIMESTAMP '2022-01-01' ORDER BY census_original.dv_cmdline_args LIMIT 100;
2025-07-01T00:16:09.458220,SELECT census_original.dv_create_time FROM census_original  WHERE census_original.dv_version = 'sample' ORDER BY census_original.dv_create_time LIMIT 100;
2025-07-01T00:16:10.534625,"SELECT census_original.dv_cmdline_args, census_original.dv_create_time FROM census_original  WHERE census_original.dv_version = 'sample' AND census_original.dv_create_time = 'NULL' AND census_original.dv_cmdline_args LIKE 'sample' ORDER BY census_original.dv_create_time LIMIT 100;"
2025-07-01T00:16:11.613515,SELECT census_original.dv_create_time FROM census_original  WHERE census_original.dv_version = 'sample' ORDER BY census_original.dv_create_time LIMIT 100;
2025-07-01T00:16:12.694859,SELECT census_original.dv_version FROM census_original  WHERE census_original.dv_create_time = 'NULL' AND census_original.dv_cmdline_args = 'sample' ORDER BY census_original.dv_version LIMIT 100;
2025-07-01T00:16:13.778627,SELECT census_original.dv_cmdline_args FROM census_original  WHERE census_original.dv_create_date <= TIMESTAMP '2022-01-01' ORDER BY census_original.dv_cmdline_args LIMIT 100;
2025-07-01T00:16:14.864790,"SELECT census_original.dv_cmdline_args, census_original.dv_create_time FROM census_original  WHERE census_original.dv_version = 'sample' AND census_original.dv_create_time = 'NULL' AND census_original.dv_cmdline_args LIKE 'sample' ORDER BY census_original.dv_create_time LIMIT 100;"
2025-07-01T00:16:15.953320,"SELECT census_original.dv_cmdline_args, census_original.dv_create_time FROM census_original  WHERE census_original.dv_version = 'sample' AND census_original.dv_create_time = 'NULL' AND census_original.dv_cmdline_args LIKE 'sample' ORDER BY census_original.dv_create_time LIMIT 100;"
2025-07-01T00:16:17.044190,SELECT census_original.dv_version FROM census_original  WHERE census_original.dv_create_time = 'NULL' AND census_original.dv_cmdline_args = 'sample' ORDER BY census_original.dv_version LIMIT 100;
2025-07-01T00:16:18.137371,SELECT census_original.dv_create_time FROM census_original  WHERE census_original.dv_version = 'sample' ORDER BY census_original.dv_create_time LIMIT 100;
2025-07-01T00:16:19.232839,"SELECT census_original.dv_cmdline_args, census_original.dv_create_time FROM census_original  WHERE census_original.dv_version = 'sample' AND census_original.dv_create_time = 'NULL' AND census_original.dv_cmdline_args LIKE 'sample' ORDER BY census_original.dv_create_time LIMIT 100;"
2025-07-01T00:16:20.330566,SELECT census_original.dv_cmdline_args FROM census_original  WHERE census_original.dv_create_date <= TIMESTAMP '2022-01-01' ORDER BY census_original.dv_cmdline_args LIMIT 100;
2025-07-01T00:16:21.430528,SELECT census_original.dv_create_time FROM census_original  WHERE census_original.dv_version = 'sample' ORDER BY census_original.dv_create_time LIMIT 100;
2025-07-01T00:16:22.532700,SELECT census_original.dv_cmdline_args FROM census_original  WHERE census_original.dv_create_date <= TIMESTAMP '2022-01-01' ORDER BY census_original.dv_cmdline_args LIMIT 100;
2025-07-01T00:16:23.637058,"SELECT census_original.dv_cmdline_args, census_original.dv_create_time FROM census_original  WHERE census_original.dv_version = 'sample' AND census_original.dv_create_time = 'NULL' AND census_original.dv_cmdline_args LIKE 'sample' ORDER BY census_original.dv_create_time LIMIT 100;"
2025-07-01T00:16:24.743577,"SELECT census_original.dv_cmdline_args, census_original.dv_create_time FROM census_original  WHERE census_original.dv_version = 'sample' AND census_original.dv_create_time = 'NULL' AND census_original.dv_cmdline_args LIKE 'sample' ORDER BY census_original.dv_create_time LIMIT 100;"
2025-07-01T00:16:25.852236,SELECT census_original.dv_cmdline_args FROM census_original  WHERE census_original.dv_create_date <= TIMESTAMP '2022-01-01' ORDER BY census_original.dv_cmdline_args LIMIT 100;
2025-07-01T00:16:26.963012,SELECT census_original.dv_version FROM census_original  WHERE census_original.dv_create_time = 'NULL' AND census_original.dv_cmdline_args = 'sample' ORDER BY census_original.dv_version LIMIT 100;
2025-07-01T00:16:28.075881,SELECT census_original.dv_create_time FROM census_original  WHERE census_original.dv_version = 'sample' ORDER BY census_original.dv_create_time LIMIT 100;
2025-07-01T00:16:29.190824,SELECT census_original.dv_create_time FROM census_original  WHERE census_original.dv_version = 'sample' ORDER BY census_original.dv_create_time LIMIT 100;
2025-07-01T00:16:30.307817,SELECT census_original.dv_create_date FROM census_original  WHERE census_original.dv_cmdline_args LIKE 'sample' AND census_original.dv_version LIKE 'sample' AND census_original.dv_create_date >= TIMESTAMP '2022-01-01' ORDER BY census_original.dv_create_date LIMIT 100;
2025-07-01T00:16:31.426841,SELECT census_original.dv_version FROM census_original  WHERE census_original.dv_create_time = 'NULL' AND census_original.dv_cmdline_args = 'sample' ORDER BY census_original.dv_version LIMIT 100;
2025-07-01T00:16:32.547875,SELECT census_original.dv_cmdline_args FROM census_original  WHERE census_original.dv_create_date <= TIMESTAMP '2022-01-01' ORDER BY census_original.dv_cmdline_args LIMIT 100;
2025-07-01T00:16:33.670899,SELECT census_original.dv_version FROM census_original  WHERE census_original.dv_create_time = 'NULL' AND census_original.dv_cmdline_args = 'sample' ORDER BY census_original.dv_version LIMIT 100;
2025-07-01T00:16:34.795894,"SELECT census_original.dv_cmdline_args, census_original.dv_create_time FROM census_original  WHERE census_original.dv_version = 'sample' AND census_original.dv_create_time = 'NULL' AND census_original.dv_cmdline_args LIKE 'sample' ORDER BY census_original.dv_create_time LIMIT 100;"
2025-07-01T00:16:35.922840,SELECT census_original.dv_create_date FROM census_original  WHERE census_original.dv_cmdline_args LIKE 'sample' AND census_original.dv_version LIKE 'sample' AND census_original.dv_create_date >= TIMESTAMP '2022-01-01' ORDER BY census_original.dv_create_date LIMIT 100;
2025-07-01T00:16:37.051718,SELECT census_original.dv_create_date FROM census_original  WHERE census_original.dv_cmdline_args LIKE 'sample' AND census_original.dv_version LIKE 'sample' AND census_original.dv_create_date >= TIMESTAMP '2022-01-01' ORDER BY census_original.dv_create_date LIMIT 100;
2025-07-01T00:16:38.182510,"SELECT census_original.dv_cmdline_args, census_original.dv_create_time FROM census_original  WHERE census_original.dv_version = 'sample' AND census_original.dv_create_time = 'NULL' AND census_original.dv_cmdline_args LIKE 'sample' ORDER BY census_original.dv_create_time LIMIT 100;"
2025-07-01T00:16:39.315198,"SELECT census_original.dv_cmdline_args, census_original.dv_create_time FROM census_original  WHERE census_original.dv_version = 'sample' AND census_original.dv_create_time = 'NULL' AND census_original.dv_cmdline_args LIKE 'sample' ORDER BY census_original.dv_create_time LIMIT 100;"
2025-07-01T00:16:40.449763,SELECT census_original.dv_cmdline_args FROM census_original  WHERE census_original.dv_create_date <= TIMESTAMP '2022-01-01' ORDER BY census_original.dv_cmdline_args LIMIT 100;
2025-07-01T00:16:41.586190,SELECT census_original.dv_cmdline_args FROM census_original  WHERE census_original.dv_create_date <= TIMESTAMP '2022-01-01' ORDER BY census_original.dv_cmdline_args LIMIT 100;
2025-07-01T00:16:42.724459,SELECT census_original.dv_create_date FROM census_original  WHERE census_original.dv_cmdline_args LIKE 'sample' AND census_original.dv_version LIKE 'sample' AND census_original.dv_create_date >= TIMESTAMP '2022-01-01' ORDER BY census_original.dv_create_date LIMIT 100;
2025-07-01T00:16:43.864555,SELECT census_original.dv_version FROM census_original  WHERE census_original.dv_create_time = 'NULL' AND census_original.dv_cmdline_args = 'sample' ORDER BY census_original.dv_version LIMIT 100;
2025-07-01T00:16:45.006461,SELECT census_original.dv_version FROM census_original  WHERE census_original.dv_create_time = 'NULL' AND census_original.dv_cmdline_args = 'sample' ORDER BY census_original.dv_version LIMIT 100;
2025-07-01T00:16:46.150161,SELECT census_original.dv_create_time FROM census_original  WHERE census_original.dv_version = 'sample' ORDER BY census_original.dv_create_time LIMIT 100;
2025-07-01T00:16:47.295639,"SELECT census_original.dv_cmdline_args, census_original.dv_create_time FROM census_original  WHERE census_original.dv_version = 'sample' AND census_original.dv_create_time = 'NULL' AND census_original.dv_cmdline_args LIKE 'sample' ORDER BY census_original.dv_create_time LIMIT 100;"
2025-07-01T00:16:48.442878,SELECT census_original.dv_cmdline_args FROM census_original  WHERE census_original.dv_create_date <= TIMESTAMP '2022-01-01' ORDER BY census_original.dv_cmdline_args LIMIT 100;
2025-07-01T00:16:49.591865,SELECT census_original.dv_create_date FROM census_original  WHERE census_original.dv_cmdline_args LIKE 'sample' AND census_original.dv_version LIKE 'sample' AND census_original.dv_create_date >= TIMESTAMP '2022-01-01' ORDER BY census_original.dv_create_date LIMIT 100;
2025-07-01T00:16:50.742583,SELECT census_original.dv_create_time FROM census_original  WHERE census_original.dv_version = 'sample' ORDER BY census_original.dv_create_time LIMIT 100;
2025-07-01T00:16:51.895018,SELECT census_original.dv_create_time FROM census_original  WHERE census_original.dv_version = 'sample' ORDER BY census_original.dv_create_time LIMIT 100;
2025-07-01T00:16:53.049155,SELECT census_original.dv_cmdline_args FROM census_original  WHERE census_original.dv_create_date <= TIMESTAMP '2022-01-01' ORDER BY census_original.dv_cmdline_args LIMIT 100;
2025-07-01T00:16:54.204979,SELECT census_original.dv_create_time FROM census_original  WHERE census_original.dv_version = 'sample' ORDER BY census_original.dv_create_time LIMIT 100;
2025-07-01T00:16:55.362478,SELECT census_original.dv_version FROM census_original  WHERE census_original.dv_create_time = 'NULL' AND census_original.dv_cmdline_args = 'sample' ORDER BY census_original.dv_version LIMIT 100;
2025-07-01T00:16:56.521636,SELECT census_original.dv_create_time FROM census_original  WHERE census_original.dv_version = 'sample' ORDER BY census_original.dv_create_time LIMIT 100;
2025-07-01T00:16:57.682440,SELECT census_original.dv_create_date FROM census_original  WHERE census_original.dv_cmdline_args LIKE 'sample' AND census_original.dv_version LIKE 'sample' AND census_original.dv_create_date >= TIMESTAMP '2022-01-01' ORDER BY census_original.dv_create_date LIMIT 100;
2025-07-01T00:16:58.844877,SELECT census_original.dv_version FROM census_original  WHERE census_original.dv_create_time = 'NULL' AND census_original.dv_cmdline_args = 'sample' ORDER BY census_original.dv_version LIMIT 100;
2025-07-01T00:17:00.008933,SELECT census_original.dv_create_date FROM census_original  WHERE census_original.dv_cmdline_args LIKE 'sample' AND census_original.dv_version LIKE 'sample' AND census_original.dv_create_date >= TIMESTAMP '2022-01-01' ORDER BY census_original.dv_create_date LIMIT 100;
2025-07-01T00:17:01.174596,SELECT census_original.dv_cmdline_args FROM census_original  WHERE census_original.dv_create_date <= TIMESTAMP '2022-01-01' ORDER BY census_original.dv_cmdline_args LIMIT 100;
2025-07-01T00:17:02.341852,SELECT census_original.dv_version FROM census_original  WHERE census_original.dv_create_time = 'NULL' AND census_original.dv_cmdline_args = 'sample' ORDER BY census_original.dv_version LIMIT 100;
2025-07-01T00:17:03.510690,SELECT census_original.dv_create_date FROM census_original  WHERE census_original.dv_cmdline_args LIKE 'sample' AND census_original.dv_version LIKE 'sample' AND census_original.dv_create_date >= TIMESTAMP '2022-01-01' ORDER BY census_original.dv_create_date LIMIT 100;
2025-07-01T00:17:04.681096,SELECT census_original.dv_create_date FROM census_original  WHERE census_original.dv_cmdline_args LIKE 'sample' AND census_original.dv_version LIKE 'sample' AND census_original.dv_create_date >= TIMESTAMP '2022-01-01' ORDER BY census_original.dv_create_date LIMIT 100;
2025-07-01T00:17:05.853058,"SELECT census_original.dv_cmdline_args, census_original.dv_create_time FROM census_original  WHERE census_original.dv_version = 'sample' AND census_original.dv_create_time = 'NULL' AND census_original.dv_cmdline_args LIKE 'sample' ORDER BY census_original.dv_create_time LIMIT 100;"
2025-07-01T00:17:07.026565,"SELECT census_original.dv_cmdline_args, census_original.dv_create_time FROM census_original  WHERE census_original.dv_version = 'sample' AND census_original.dv_create_time = 'NULL' AND census_original.dv_cmdline_args LIKE 'sample' ORDER BY census_original.dv_create_time LIMIT 100;"
2025-07-01T00:17:08.201605,SELECT census_original.dv_create_time FROM census_original  WHERE census_original.dv_version = 'sample' ORDER BY census_original.dv_create_time LIMIT 100;
2025-07-01T00:17:09.378165,"SELECT census_original.dv_cmdline_args, census_original.dv_create_time FROM census_original  WHERE census_original.dv_version = 'sample' AND census_original.dv_create_time = 'NULL' AND census_original.dv_cmdline_args LIKE 'sample' ORDER BY census_original.dv_create_time LIMIT 100;"
2025-07-01T00:17:10.556235,SELECT census_original.dv_create_date FROM census_original  WHERE census_original.dv_cmdline_args LIKE 'sample' AND census_original.dv_version LIKE 'sample' AND census_original.dv_create_date >= TIMESTAMP '2022-01-01' ORDER BY census_original.dv_create_date LIMIT 100;
2025-07-01T00:17:11.735803,"SELECT census_original.dv_cmdline_args, census_original.dv_create_time FROM census_original  WHERE census_original.dv_version = 'sample' AND census_original.dv_create_time = 'NULL' AND census_original.dv_cmdline_args LIKE 'sample' ORDER BY census_original.dv_create_time LIMIT 100;"
2025-07-01T00:17:12.916858,SELECT census_original.dv_cmdline_args FROM census_original  WHERE census_original.dv_create_date <= TIMESTAMP '2022-01-01' ORDER BY census_original.dv_cmdline_args LIMIT 100;
2025-07-01T00:17:14.099389,SELECT census_original.dv_create_time FROM census_original  WHERE census_original.dv_version = 'sample' ORDER BY census_original.dv_create_time LIMIT 100;
2025-07-01T00:17:15.283385,SELECT census_original.dv_create_time FROM census_original  WHERE census_original.dv_version = 'sample' ORDER BY census_original.dv_create_time LIMIT 100;
2025-07-01T00:17:16.468836,SELECT census_original.dv_version FROM census_original  WHERE census_original.dv_create_time = 'NULL' AND census_original.dv_cmdline_args = 'sample' ORDER BY census_original.dv_version LIMIT 100;
2025-07-01T00:17:17.655730,SELECT census_original.dv_cmdline_args FROM census_original  WHERE census_original.dv_create_date <= TIMESTAMP '2022-01-01' ORDER BY census_original.dv_cmdline_args LIMIT 100;
2025-07-01T00:17:18.844059,SELECT census_original.dv_create_time FROM census_original  WHERE census_original.dv_version = 'sample' ORDER BY census_original.dv_create_time LIMIT 100;
2025-07-01T00:17:20.033811,SELECT census_original.dv_cmdline_args FROM census_original  WHERE census_original.dv_create_date <= TIMESTAMP '2022-01-01' ORDER BY census_original.dv_cmdline_args LIMIT 100;
2025-07-01T00:17:21.224976,SELECT census_original.dv_create_time FROM census_original  WHERE census_original.dv_version = 'sample' ORDER BY census_original.dv_create_time LIMIT 100;
2025-07-01T00:17:22.417545,SELECT census_original.dv_create_time FROM census_original  WHERE census_original.dv_version = 'sample' ORDER BY census_original.dv_create_time LIMIT 100;
2025-07-01T00:17:23.611508,SELECT census_original.dv_cmdline_args FROM census_original  WHERE census_original.dv_create_date <= TIMESTAMP '2022-01-01' ORDER BY census_original.dv_cmdline_args LIMIT 100;
2025-07-01T00:17:24.806855,SELECT census_original.dv_create_date FROM census_original  WHERE census_original.dv_cmdline_args LIKE 'sample' AND census_original.dv_version LIKE 'sample' AND census_original.dv_create_date >= TIMESTAMP '2022-01-01' ORDER BY census_original.dv_create_date LIMIT 100;
2025-07-01T00:17:26.003576,SELECT census_original.dv_create_date FROM census_original  WHERE census_original.dv_cmdline_args LIKE 'sample' AND census_original.dv_version LIKE 'sample' AND census_original.dv_create_date >= TIMESTAMP '2022-01-01' ORDER BY census_original.dv_create_date LIMIT 100;
2025-07-01T00:17:27.201662,SELECT census_original.dv_create_time FROM census_original  WHERE census_original.dv_version = 'sample' ORDER BY census_original.dv_create_time LIMIT 100;
2025-07-01T00:17:28.401105,SELECT census_original.dv_create_date FROM census_original  WHERE census_original.dv_cmdline_args LIKE 'sample' AND census_original.dv_version LIKE 'sample' AND census_original.dv_create_date >= TIMESTAMP '2022-01-01' ORDER BY census_original.dv_create_date LIMIT 100;
2025-07-01T00:17:29.601894,SELECT census_original.dv_create_date FROM census_original  WHERE census_original.dv_cmdline_args LIKE 'sample' AND census_original.dv_version LIKE 'sample' AND census_original.dv_create_date >= TIMESTAMP '2022-01-01' ORDER BY census_original.dv_create_date LIMIT 100;
2025-07-01T00:17:30.804021,SELECT census_original.dv_cmdline_args FROM census_original  WHERE census_original.dv_create_date <= TIMESTAMP '2022-01-01' ORDER BY census_original.dv_cmdline_args LIMIT 100;
2025-07-01T00:17:32.007477,SELECT census_original.dv_create_time FROM census_original  WHERE census_original.dv_version = 'sample' ORDER BY census_original.dv_create_time LIMIT 100;
2025-07-01T00:17:33.212253,SELECT census_original.dv_cmdline_args FROM census_original  WHERE census_original.dv_create_date <= TIMESTAMP '2022-01-01' ORDER BY census_original.dv_cmdline_args LIMIT 100;
2025-07-01T00:17:34.418341,SELECT census_original.dv_create_date FROM census_original  WHERE census_original.dv_cmdline_args LIKE 'sample' AND census_original.dv_version LIKE 'sample' AND census_original.dv_create_date >= TIMESTAMP '2022-01-01' ORDER BY census_original.dv_create_date LIMIT 100;
2025-07-01T00:17:35.625731,SELECT census_original.dv_version FROM census_original  WHERE census_original.dv_create_time = 'NULL' AND census_original.dv_cmdline_args = 'sample' ORDER BY census_original.dv_version LIMIT 100;
2025-07-01T00:17:36.834416,SELECT census_original.dv_version FROM census_original  WHERE census_original.dv_create_time = 'NULL' AND census_original.dv_cmdline_args = 'sample' ORDER BY census_original.dv_version LIMIT 100;
2025-07-01T00:17:38.044388,SELECT census_original.dv_create_date FROM census_original  WHERE census_original.dv_cmdline_args LIKE 'sample' AND census_original.dv_version LIKE 'sample' AND census_original.dv_create_date >= TIMESTAMP '2022-01-01' ORDER BY census_original.dv_create_date LIMIT 100;
2025-07-01T00:17:39.255637,SELECT census_original.dv_create_date FROM census_original  WHERE census_original.dv_cmdline_args LIKE 'sample' AND census_original.dv_version LIKE 'sample' AND census_original.dv_create_date >= TIMESTAMP '2022-01-01' ORDER BY census_original.dv_create_date LIMIT 100;
2025-07-01T00:17:40.468156,"SELECT census_original.dv_cmdline_args, census_original.dv_create_time FROM census_original  WHERE census_original.dv_version = 'sample' AND census_original.dv_create_time = 'NULL' AND census_original.dv_cmdline_args LIKE 'sample' ORDER BY census_original.dv_create_time LIMIT 100;"
2025-07-01T00:17:41.681937,SELECT census_original.dv_create_time FROM census_original  WHERE census_original.dv_version = 'sample' ORDER BY census_original.dv_create_time LIMIT 100;
2025-07-01T00:17:42.896971,SELECT census_original.dv_cmdline_args FROM census_original  WHERE census_original.dv_create_date <= TIMESTAMP '2022-01-01' ORDER BY census_original.dv_cmdline_args LIMIT 100;
2025-07-01T00:17:44.113252,"SELECT census_original.dv_cmdline_args, census_original.dv_create_time FROM census_original  WHERE census_original.dv_version = 'sample' AND census_original.dv_create_time = 'NULL' AND census_original.dv_cmdline_args LIKE 'sample' ORDER BY census_original.dv_create_time LIMIT 100;"
2025-07-01T00:17:45.330771,"SELECT census_original.dv_cmdline_args, census_original.dv_create_time FROM census_original  WHERE census_original.dv_version = 'sample' AND census_original.dv_create_time = 'NULL' AND census_original.dv_cmdline_args LIKE 'sample' ORDER BY census_original.dv_create_time LIMIT 100;"
2025-07-01T00:17:46.549522,"SELECT census_original.dv_cmdline_args, census_original.dv_create_time FROM census_original  WHERE census_original.dv_version = 'sample' AND census_original.dv_create_time = 'NULL' AND census_original.dv_cmdline_args LIKE 'sample' ORDER BY census_original.dv_create_time LIMIT 100;"
2025-07-01T00:17:47.769495,SELECT census_original.dv_create_date FROM census_original  WHERE census_original.dv_cmdline_args LIKE 'sample' AND census_original.dv_version LIKE 'sample' AND census_original.dv_create_date >= TIMESTAMP '2022-01-01' ORDER BY census_original.dv_create_date LIMIT 100;
2025-07-01T00:17:48.990684,"SELECT census_original.dv_cmdline_args, census_original.dv_create_time FROM census_original  WHERE census_original.dv_version = 'sample' AND census_original.dv_create_time = 'NULL' AND census_original.dv_cmdline_args LIKE 'sample' ORDER BY census_original.dv_create_time LIMIT 100;"
2025-07-01T00:17:50.213081,SELECT census_original.dv_version FROM census_original  WHERE census_original.dv_create_time = 'NULL' AND census_original.dv_cmdline_args = 'sample' ORDER BY census_original.dv_version LIMIT 100;
2025-07-01T00:17:51.436680,SELECT census_original.dv_create_time FROM census_original  WHERE census_original.dv_version = 'sample' ORDER BY census_original.dv_create_time LIMIT 100;
2025-07-01T00:17:52.661473,SELECT census_original.dv_create_date FROM census_original  WHERE census_original.dv_cmdline_args LIKE 'sample' AND census_original.dv_version LIKE 'sample' AND census_original.dv_create_date >= TIMESTAMP '2022-01-01' ORDER BY census_original.dv_create_date LIMIT 100;
2025-07-01T00:17:53.887453,SELECT census_original.dv_create_date FROM census_original  WHERE census_original.dv_cmdline_args LIKE 'sample' AND census_original.dv_version LIKE 'sample' AND census_original.dv_create_date >= TIMESTAMP '2022-01-01' ORDER BY census_original.dv_create_date LIMIT 100;
2025-07-01T00:17:55.114612,SELECT census_original.dv_create_date FROM census_original  WHERE census_original.dv_cmdline_args LIKE 'sample' AND census_original.dv_version LIKE 'sample' AND census_original.dv_create_date >= TIMESTAMP '2022-01-01' ORDER BY census_original.dv_create_date LIMIT 100;
2025-07-01T00:17:56.342945,SELECT census_original.dv_create_time FROM census_original  WHERE census_original.dv_version = 'sample' ORDER BY census_original.dv_create_time LIMIT 100;
2025-07-01T00:17:57.572444,SELECT census_original.dv_create_date FROM census_original  WHERE census_original.dv_cmdline_args LIKE 'sample' AND census_original.dv_version LIKE 'sample' AND census_original.dv_create_date >= TIMESTAMP '2022-01-01' ORDER BY census_original.dv_create_date LIMIT 100;
2025-07-01T00:17:58.803102,SELECT census_original.dv_create_time FROM census_original  WHERE census_original.dv_version = 'sample' ORDER BY census_original.dv_create_time LIMIT 100;
2025-07-01T00:18:00.034913,SELECT census_original.dv_create_date FROM census_original  WHERE census_original.dv_cmdline_args LIKE 'sample' AND census_original.dv_version LIKE 'sample' AND census_original.dv_create_date >= TIMESTAMP '2022-01-01' ORDER BY census_original.dv_create_date LIMIT 100;
2025-07-01T00:18:01.267871,"SELECT census_original.dv_cmdline_args, census_original.dv_create_time FROM census_original  WHERE census_original.dv_version = 'sample' AND census_original.dv_create_time = 'NULL' AND census_original.dv_cmdline_args LIKE 'sample' ORDER BY census_original.dv_create_time LIMIT 100;"
2025-07-01T00:18:02.501967,SELECT census_original.dv_create_date FROM census_original  WHERE census_original.dv_cmdline_args LIKE 'sample' AND census_original.dv_version LIKE 'sample' AND census_original.dv_create_date >= TIMESTAMP '2022-01-01' ORDER BY census_original.dv_create_date LIMIT 100;
2025-07-01T00:18:03.737197,SELECT census_original.dv_version FROM census_original  WHERE census_original.dv_create_time = 'NULL' AND census_original.dv_cmdline_args = 'sample' ORDER BY census_original.dv_version LIMIT 100;
2025-07-01T00:18:04.973554,SELECT census_original.dv_cmdline_args FROM census_original  WHERE census_original.dv_create_date <= TIMESTAMP '2022-01-01' ORDER BY census_original.dv_cmdline_args LIMIT 100;
2025-07-01T00:18:06.211031,SELECT census_original.dv_version FROM census_original  WHERE census_original.dv_create_time = 'NULL' AND census_original.dv_cmdline_args = 'sample' ORDER BY census_original.dv_version LIMIT 100;
2025-07-01T00:18:07.449623,SELECT census_original.dv_create_time FROM census_original  WHERE census_original.dv_version = 'sample' ORDER BY census_original.dv_create_time LIMIT 100;
2025-07-01T00:18:08.689322,SELECT census_original.dv_cmdline_args FROM census_original  WHERE census_original.dv_create_date <= TIMESTAMP '2022-01-01' ORDER BY census_original.dv_cmdline_args LIMIT 100;
2025-07-01T00:18:09.930123,"SELECT census_original.dv_cmdline_args, census_original.dv_create_time FROM census_original  WHERE census_original.dv_version = 'sample' AND census_original.dv_create_time = 'NULL' AND census_original.dv_cmdline_args LIKE 'sample' ORDER BY census_original.dv_create_time LIMIT 100;"
2025-07-01T00:18:11.172021,SELECT census_original.dv_create_time FROM census_original  WHERE census_original.dv_version = 'sample' ORDER BY census_original.dv_create_time LIMIT 100;
2025-07-01T00:18:12.415008,SELECT census_original.dv_version FROM census_original  WHERE census_original.dv_create_time = 'NULL' AND census_original.dv_cmdline_args = 'sample' ORDER BY census_original.dv_version LIMIT 100;
2025-07-01T00:18:13.659079,SELECT census_original.dv_cmdline_args FROM census_original  WHERE census_original.dv_create_date <= TIMESTAMP '2022-01-01' ORDER BY census_original.dv_cmdline_args LIMIT 100;
2025-07-01T00:18:14.904228,SELECT census_original.dv_create_time FROM census_original  WHERE census_original.dv_version = 'sample' ORDER BY census_original.dv_create_time LIMIT 100;
2025-07-01T00:18:16.150450,SELECT census_original.dv_version FROM census_original  WHERE census_original.dv_create_time = 'NULL' AND census_original.dv_cmdline_args = 'sample' ORDER BY census_original.dv_version LIMIT 100;
2025-07-01T00:18:17.397738,"SELECT census_original.dv_cmdline_args, census_original.dv_create_time FROM census_original  WHERE census_original.dv_version = 'sample' AND census_original.dv_create_time = 'NULL' AND census_original.dv_cmdline_args LIKE 'sample' ORDER BY census_original.dv_create_time LIMIT 100;"
2025-07-01T00:18:18.646088,SELECT census_original.dv_version FROM census_original  WHERE census_original.dv_create_time = 'NULL' AND census_original.dv_cmdline_args = 'sample' ORDER BY census_original.dv_version LIMIT 100;
2025-07-01T00:18:19.895493,SELECT census_original.dv_version FROM census_original  WHERE census_original.dv_create_time = 'NULL' AND census_original.dv_cmdline_args = 'sample' ORDER BY census_original.dv_version LIMIT 100;
2025-07-01T00:18:21.145947,SELECT census_original.dv_create_time FROM census_original  WHERE census_original.dv_version = 'sample' ORDER BY census_original.dv_create_time LIMIT 100;
2025-07-01T00:18:22.397446,SELECT census_original.dv_create_time FROM census_original  WHERE census_original.dv_version = 'sample' ORDER BY census_original.dv_create_time LIMIT 100;
2025-07-01T00:18:23.649984,SELECT census_original.dv_version FROM census_original  WHERE census_original.dv_create_time = 'NULL' AND census_original.dv_cmdline_args = 'sample' ORDER BY census_original.dv_version LIMIT 100;
2025-07-01T00:18:24.903556,"SELECT census_original.dv_cmdline_args, census_original.dv_create_time FROM census_original  WHERE census_original.dv_version = 'sample' AND census_original.dv_create_time = 'NULL' AND census_original.dv_cmdline_args LIKE 'sample' ORDER BY census_original.dv_create_time LIMIT 100;"
2025-07-01T00:18:26.158156,SELECT census_original.dv_create_time FROM census_original  WHERE census_original.dv_version = 'sample' ORDER BY census_original.dv_create_time LIMIT 100;
2025-07-01T00:18:27.413779,SELECT census_original.dv_cmdline_args FROM census_original  WHERE census_original.dv_create_date <= TIMESTAMP '2022-01-01' ORDER BY census_original.dv_cmdline_args LIMIT 100;
2025-07-01T00:18:28.670420,SELECT census_original.dv_version FROM census_original  WHERE census_original.dv_create_time = 'NULL' AND census_original.dv_cmdline_args = 'sample' ORDER BY census_original.dv_version LIMIT 100;
2025-07-01T00:18:29.928073,SELECT census_original.dv_create_time FROM census_original  WHERE census_original.dv_version = 'sample' ORDER BY census_original.dv_create_time LIMIT 100;
2025-07-01T00:18:31.186734,"SELECT census_original.dv_cmdline_args, census_original.dv_create_time FROM census_original  WHERE census_original.dv_version = 'sample' AND census_original.dv_create_time = 'NULL' AND census_original.dv_cmdline_args LIKE 'sample' ORDER BY census_original.dv_create_time LIMIT 100;"
2025-07-01T00:18:32.446397,SELECT census_original.dv_create_time FROM census_original  WHERE census_original.dv_version = 'sample' ORDER BY census_original.dv_create_time LIMIT 100;
2025-07-01T00:18:33.707058,"SELECT census_original.dv_cmdline_args, census_original.dv_create_time FROM census_original  WHERE census_original.dv_version = 'sample' AND census_original.dv_create_time = 'NULL' AND census_original.dv_cmdline_args LIKE 'sample' ORDER BY census_original.dv_create_time LIMIT 100;"
2025-07-01T00:18:34.968712,SELECT census_original.dv_cmdline_args FROM census_original  WHERE census_original.dv_create_date <= TIMESTAMP '2022-01-01' ORDER BY census_original.dv_cmdline_args LIMIT 100;
2025-07-01T00:18:36.231353,SELECT census_original.dv_version FROM census_original  WHERE census_original.dv_create_time = 'NULL' AND census_original.dv_cmdline_args = 'sample' ORDER BY census_original.dv_version LIMIT 100;
2025-07-01T00:18:37.494977,SELECT census_original.dv_version FROM census_original  WHERE census_original.dv_create_time = 'NULL' AND census_original.dv_cmdline_args = 'sample' ORDER BY census_original.dv_version LIMIT 100;
2025-07-01T00:18:38.759579,"SELECT census_original.dv_cmdline_args, census_original.dv_create_time FROM census_original  WHERE census_original.dv_version = 'sample' AND census_original.dv_create_time = 'NULL' AND census_original.dv_cmdline_args LIKE 'sample' ORDER BY census_original.dv_create_time LIMIT 100;"
2025-07-01T00:18:40.025154,SELECT census_original.dv_create_date FROM census_original  WHERE census_original.dv_cmdline_args LIKE 'sample' AND census_original.dv_version LIKE 'sample' AND census_original.dv_create_date >= TIMESTAMP '2022-01-01' ORDER BY census_original.dv_create_date LIMIT 100;
2025-07-01T00:18:41.291698,"SELECT census_original.dv_cmdline_args, census_original.dv_create_time FROM census_original  WHERE census_original.dv_version = 'sample' AND census_original.dv_create_time = 'NULL' AND census_original.dv_cmdline_args LIKE 'sample' ORDER BY census_original.dv_create_time LIMIT 100;"
2025-07-01T00:18:42.559206,SELECT census_original.dv_version FROM census_original  WHERE census_original.dv_create_time = 'NULL' AND census_original.dv_cmdline_args = 'sample' ORDER BY census_original.dv_version LIMIT 100;
2025-07-01T00:18:43.827673,SELECT census_original.dv_create_date FROM census_original  WHERE census_original.dv_cmdline_args LIKE 'sample' AND census_original.dv_version LIKE 'sample' AND census_original.dv_create_date >= TIMESTAMP '2022-01-01' ORDER BY census_original.dv_create_date LIMIT 100;
2025-07-01T00:18:45.097094,SELECT census_original.dv_cmdline_args FROM census_original  WHERE census_original.dv_create_date <= TIMESTAMP '2022-01-01' ORDER BY census_original.dv_cmdline_args LIMIT 100;
2025-07-01T00:18:46.367466,SELECT census_original.dv_create_time FROM census_original  WHERE census_original.dv_version = 'sample' ORDER BY census_original.dv_create_time LIMIT 100;
2025-07-01T00:18:47.638783,SELECT census_original.dv_create_time FROM census_original  WHERE census_original.dv_version = 'sample' ORDER BY census_original.dv_create_time LIMIT 100;
2025-07-01T00:18:48.911041,"SELECT census_original.dv_cmdline_args, census_original.dv_create_time FROM census_original  WHERE census_original.dv_version = 'sample' AND census_original.dv_create_time = 'NULL' AND census_original.dv_cmdline_args LIKE 'sample' ORDER BY census_original.dv_create_time LIMIT 100;"
2025-07-01T00:18:50.184237,SELECT census_original.dv_cmdline_args FROM census_original  WHERE census_original.dv_create_date <= TIMESTAMP '2022-01-01' ORDER BY census_original.dv_cmdline_args LIMIT 100;
2025-07-01T00:18:51.458364,SELECT census_original.dv_create_time FROM census_original  WHERE census_original.dv_version = 'sample' ORDER BY census_original.dv_create_time LIMIT 100;
2025-07-01T00:18:52.733420,SELECT census_original.dv_create_time FROM census_original  WHERE census_original.dv_version = 'sample' ORDER BY census_original.dv_create_time LIMIT 100;
2025-07-01T00:18:54.009399,SELECT census_original.dv_create_time FROM census_original  WHERE census_original.dv_version = 'sample' ORDER BY census_original.dv_create_time LIMIT 100;
2025-07-01T00:18:55.286298,"SELECT census_original.dv_cmdline_args, census_original.dv_create_time FROM census_original  WHERE census_original.dv_version = 'sample' AND census_original.dv_create_time = 'NULL' AND census_original.dv_cmdline_args LIKE 'sample' ORDER BY census_original.dv_create_time LIMIT 100;"
2025-07-01T00:18:56.564113,SELECT census_original.dv_create_date FROM census_original  WHERE census_original.dv_cmdline_args LIKE 'sample' AND census_original.dv_version LIKE 'sample' AND census_original.dv_create_date >= TIMESTAMP '2022-01-01' ORDER BY census_original.dv_create_date LIMIT 100;
2025-07-01T00:18:57.842838,SELECT census_original.dv_cmdline_args FROM census_original  WHERE census_original.dv_create_date <= TIMESTAMP '2022-01-01' ORDER BY census_original.dv_cmdline_args LIMIT 100;
2025-07-01T00:18:59.122471,SELECT census_original.dv_cmdline_args FROM census_original  WHERE census_original.dv_create_date <= TIMESTAMP '2022-01-01' ORDER BY census_original.dv_cmdline_args LIMIT 100;
2025-07-01T00:19:00.403006,SELECT census_original.dv_create_date FROM census_original  WHERE census_original.dv_cmdline_args LIKE 'sample' AND census_original.dv_version LIKE 'sample' AND census_original.dv_create_date >= TIMESTAMP '2022-01-01' ORDER BY census_original.dv_create_date LIMIT 100;
2025-07-01T00:19:01.684441,"SELECT census_original.dv_cmdline_args, census_original.dv_create_time FROM census_original  WHERE census_original.dv_version = 'sample' AND census_original.dv_create_time = 'NULL' AND census_original.dv_cmdline_args LIKE 'sample' ORDER BY census_original.dv_create_time LIMIT 100;"
2025-07-01T00:19:02.966770,SELECT census_original.dv_create_date FROM census_original  WHERE census_original.dv_cmdline_args LIKE 'sample' AND census_original.dv_version LIKE 'sample' AND census_original.dv_create_date >= TIMESTAMP '2022-01-01' ORDER BY census_original.dv_create_date LIMIT 100;
2025-07-01T00:19:04.249990,SELECT census_original.dv_version FROM census_original  WHERE census_original.dv_create_time = 'NULL' AND census_original.dv_cmdline_args = 'sample' ORDER BY census_original.dv_version LIMIT 100;
2025-07-01T00:19:05.534097,SELECT census_original.dv_cmdline_args FROM census_original  WHERE census_original.dv_create_date <= TIMESTAMP '2022-01-01' ORDER BY census_original.dv_cmdline_args LIMIT 100;
2025-07-01T00:19:06.819087,SELECT census_original.dv_create_time FROM census_original  WHERE census_original.dv_version = 'sample' ORDER BY census_original.dv_create_time LIMIT 100;
2025-07-01T00:19:08.104956,SELECT census_original.dv_create_time FROM census_original  WHERE census_original.dv_version = 'sample' ORDER BY census_original.dv_create_time LIMIT 100;
2025-07-01T00:19:09.391700,SELECT census_original.dv_create_time FROM census_original  WHERE census_original.dv_version = 'sample' ORDER BY census_original.dv_create_time LIMIT 100;
2025-07-01T00:19:10.679316,SELECT census_original.dv_cmdline_args FROM census_original  WHERE census_original.dv_create_date <= TIMESTAMP '2022-01-01' ORDER BY census_original.dv_cmdline_args LIMIT 100;
2025-07-01T00:19:11.967800,SELECT census_original.dv_create_time FROM census_original  WHERE census_original.dv_version = 'sample' ORDER BY census_original.dv_create_time LIMIT 100;
2025-07-01T00:19:13.257147,SELECT census_original.dv_create_date FROM census_original  WHERE census_original.dv_cmdline_args LIKE 'sample' AND census_original.dv_version LIKE 'sample' AND census_original.dv_create_date >= TIMESTAMP '2022-01-01' ORDER BY census_original.dv_create_date LIMIT 100;
2025-07-01T00:19:14.547355,SELECT census_original.dv_version FROM census_original  WHERE census_original.dv_create_time = 'NULL' AND census_original.dv_cmdline_args = 'sample' ORDER BY census_original.dv_version LIMIT 100;
2025-07-01T00:19:15.838419,"SELECT census_original.dv_cmdline_args, census_original.dv_create_time FROM census_original  WHERE census_original.dv_version = 'sample' AND census_original.dv_create_time = 'NULL' AND census_original.dv_cmdline_args LIKE 'sample' ORDER BY census_original.dv_create_time LIMIT 100;"
2025-07-01T00:19:17.130336,SELECT census_original.dv_version FROM census_original  WHERE census_original.dv_create_time = 'NULL' AND census_original.dv_cmdline_args = 'sample' ORDER BY census_original.dv_version LIMIT 100;
2025-07-01T00:19:18.423103,SELECT census_original.dv_create_time FROM census_original  WHERE census_original.dv_version = 'sample' ORDER BY census_original.dv_create_time LIMIT 100;
2025-07-01T00:19:19.716715,SELECT census_original.dv_version FROM census_original  WHERE census_original.dv_create_time = 'NULL' AND census_original.dv_cmdline_args = 'sample' ORDER BY census_original.dv_version LIMIT 100;
2025-07-01T00:19:21.011169,SELECT census_original.dv_version FROM census_original  WHERE census_original.dv_create_time = 'NULL' AND census_original.dv_cmdline_args = 'sample' ORDER BY census_original.dv_version LIMIT 100;
2025-07-01T00:19:22.306462,"SELECT census_original.dv_cmdline_args, census_original.dv_create_time FROM census_original  WHERE census_original.dv_version = 'sample' AND census_original.dv_create_time = 'NULL' AND census_original.dv_cmdline_args LIKE 'sample' ORDER BY census_original.dv_create_time LIMIT 100;"
2025-07-01T00:19:23.602589,SELECT census_original.dv_cmdline_args FROM census_original  WHERE census_original.dv_create_date <= TIMESTAMP '2022-01-01' ORDER BY census_original.dv_cmdline_args LIMIT 100;
2025-07-01T00:19:24.899549,SELECT census_original.dv_create_time FROM census_original  WHERE census_original.dv_version = 'sample' ORDER BY census_original.dv_create_time LIMIT 100;
2025-07-01T00:19:26.197336,SELECT census_original.dv_cmdline_args FROM census_original  WHERE census_original.dv_create_date <= TIMESTAMP '2022-01-01' ORDER BY census_original.dv_cmdline_args LIMIT 100;
2025-07-01T00:19:27.495949,SELECT census_original.dv_version FROM census_original  WHERE census_original.dv_create_time = 'NULL' AND census_original.dv_cmdline_args = 'sample' ORDER BY census_original.dv_version LIMIT 100;
2025-07-01T00:19:28.795382,SELECT census_original.dv_create_time FROM census_original  WHERE census_original.dv_version = 'sample' ORDER BY census_original.dv_create_time LIMIT 100;
2025-07-01T00:19:30.095634,SELECT census_original.dv_version FROM census_original  WHERE census_original.dv_create_time = 'NULL' AND census_original.dv_cmdline_args = 'sample' ORDER BY census_original.dv_version LIMIT 100;
2025-07-01T00:19:31.396700,SELECT census_original.dv_version FROM census_original  WHERE census_original.dv_create_time = 'NULL' AND census_original.dv_cmdline_args = 'sample' ORDER BY census_original.dv_version LIMIT 100;
2025-07-01T00:19:32.698578,"SELECT census_original.dv_cmdline_args, census_original.dv_create_time FROM census_original  WHERE census_original.dv_version = 'sample' AND census_original.dv_create_time = 'NULL' AND census_original.dv_cmdline_args LIKE 'sample' ORDER BY census_original.dv_create_time LIMIT 100;"
2025-07-01T00:19:34.001264,SELECT census_original.dv_version FROM census_original  WHERE census_original.dv_create_time = 'NULL' AND census_original.dv_cmdline_args = 'sample' ORDER BY census_original.dv_version LIMIT 100;
2025-07-01T00:19:35.304754,SELECT census_original.dv_version FROM census_original  WHERE census_original.dv_create_time = 'NULL' AND census_original.dv_cmdline_args = 'sample' ORDER BY census_original.dv_version LIMIT 100;
2025-07-01T00:19:36.609046,SELECT census_original.dv_create_date FROM census_original  WHERE census_original.dv_cmdline_args LIKE 'sample' AND census_original.dv_version LIKE 'sample' AND census_original.dv_create_date >= TIMESTAMP '2022-01-01' ORDER BY census_original.dv_create_date LIMIT 100;
2025-07-01T00:19:37.914137,SELECT census_original.dv_create_date FROM census_original  WHERE census_original.dv_cmdline_args LIKE 'sample' AND census_original.dv_version LIKE 'sample' AND census_original.dv_create_date >= TIMESTAMP '2022-01-01' ORDER BY census_original.dv_create_date LIMIT 100;
2025-07-01T00:19:39.220023,SELECT census_original.dv_create_time FROM census_original  WHERE census_original.dv_version = 'sample' ORDER BY census_original.dv_create_time LIMIT 100;
2025-07-01T00:19:40.526701,SELECT census_original.dv_cmdline_args FROM census_original  WHERE census_original.dv_create_date <= TIMESTAMP '2022-01-01' ORDER BY census_original.dv_cmdline_args LIMIT 100;
2025-07-01T00:19:41.834168,"SELECT census_original.dv_cmdline_args, census_original.dv_create_time FROM census_original  WHERE census_original.dv_version = 'sample' AND census_original.dv_create_time = 'NULL' AND census_original.dv_cmdline_args LIKE 'sample' ORDER BY census_original.dv_create_time LIMIT 100;"
2025-07-01T00:19:43.142420,SELECT census_original.dv_cmdline_args FROM census_original  WHERE census_original.dv_create_date <= TIMESTAMP '2022-01-01' ORDER BY census_original.dv_cmdline_args LIMIT 100;
2025-07-01T00:19:44.451456,SELECT census_original.dv_create_time FROM census_original  WHERE census_original.dv_version = 'sample' ORDER BY census_original.dv_create_time LIMIT 100;
2025-07-01T00:19:45.761271,SELECT census_original.dv_cmdline_args FROM census_original  WHERE census_original.dv_create_date <= TIMESTAMP '2022-01-01' ORDER BY census_original.dv_cmdline_args LIMIT 100;
2025-07-01T00:19:47.071863,"SELECT census_original.dv_cmdline_args, census_original.dv_create_time FROM census_original  WHERE census_original.dv_version = 'sample' AND census_original.dv_create_time = 'NULL' AND census_original.dv_cmdline_args LIKE 'sample' ORDER BY census_original.dv_create_time LIMIT 100;"
2025-07-01T00:19:48.383228,SELECT census_original.dv_version FROM census_original  WHERE census_original.dv_create_time = 'NULL' AND census_original.dv_cmdline_args = 'sample' ORDER BY census_original.dv_version LIMIT 100;
2025-07-01T00:19:49.695365,"SELECT census_original.dv_cmdline_args, census_original.dv_create_time FROM census_original  WHERE census_original.dv_version = 'sample' AND census_original.dv_create_time = 'NULL' AND census_original.dv_cmdline_args LIKE 'sample' ORDER BY census_original.dv_create_time LIMIT 100;"
2025-07-01T00:19:51.008269,SELECT census_original.dv_create_date FROM census_original  WHERE census_original.dv_cmdline_args LIKE 'sample' AND census_original.dv_version LIKE 'sample' AND census_original.dv_create_date >= TIMESTAMP '2022-01-01' ORDER BY census_original.dv_create_date LIMIT 100;
2025-07-01T00:19:52.321938,"SELECT census_original.dv_cmdline_args, census_original.dv_create_time FROM census_original  WHERE census_original.dv_version = 'sample' AND census_original.dv_create_time = 'NULL' AND census_original.dv_cmdline_args LIKE 'sample' ORDER BY census_original.dv_create_time LIMIT 100;"
2025-07-01T00:19:53.636369,SELECT census_original.dv_create_date FROM census_original  WHERE census_original.dv_cmdline_args LIKE 'sample' AND census_original.dv_version LIKE 'sample' AND census_original.dv_create_date >= TIMESTAMP '2022-01-01' ORDER BY census_original.dv_create_date LIMIT 100;
2025-07-01T00:19:54.951558,SELECT census_original.dv_version FROM census_original  WHERE census_original.dv_create_time = 'NULL' AND census_original.dv_cmdline_args = 'sample' ORDER BY census_original.dv_version LIMIT 100;
2025-07-01T00:19:56.267504,SELECT census_original.dv_version FROM census_original  WHERE census_original.dv_create_time = 'NULL' AND census_original.dv_cmdline_args = 'sample' ORDER BY census_original.dv_version LIMIT 100;
2025-07-01T00:19:57.584204,SELECT census_original.dv_cmdline_args FROM census_original  WHERE census_original.dv_create_date <= TIMESTAMP '2022-01-01' ORDER BY census_original.dv_cmdline_args LIMIT 100;
2025-07-01T00:19:58.901653,SELECT census_original.dv_create_date FROM census_original  WHERE census_original.dv_cmdline_args LIKE 'sample' AND census_original.dv_version LIKE 'sample' AND census_original.dv_create_date >= TIMESTAMP '2022-01-01' ORDER BY census_original.dv_create_date LIMIT 100;
2025-07-01T00:20:00.219851,SELECT census_original.dv_version FROM census_original  WHERE census_original.dv_create_time = 'NULL' AND census_original.dv_cmdline_args = 'sample' ORDER BY census_original.dv_version LIMIT 100;
2025-07-01T00:20:01.538793,SELECT census_original.dv_version FROM census_original  WHERE census_original.dv_create_time = 'NULL' AND census_original.dv_cmdline_args = 'sample' ORDER BY census_original.dv_version LIMIT 100;
2025-07-01T00:20:02.858477,"SELECT census_original.dv_cmdline_args, census_original.dv_create_time FROM census_original  WHERE census_original.dv_version = 'sample' AND census_original.dv_create_time = 'NULL' AND census_original.dv_cmdline_args LIKE 'sample' ORDER BY census_original.dv_create_time LIMIT 100;"
2025-07-01T00:20:04.178901,SELECT census_original.dv_version FROM census_original  WHERE census_original.dv_create_time = 'NULL' AND census_original.dv_cmdline_args = 'sample' ORDER BY census_original.dv_version LIMIT 100;
2025-07-01T00:20:05.500062,SELECT census_original.dv_create_time FROM census_original  WHERE census_original.dv_version = 'sample' ORDER BY census_original.dv_create_time LIMIT 100;
2025-07-01T00:20:06.821956,SELECT census_original.dv_cmdline_args FROM census_original  WHERE census_original.dv_create_date <= TIMESTAMP '2022-01-01' ORDER BY census_original.dv_cmdline_args LIMIT 100;
2025-07-01T00:20:08.144582,SELECT census_original.dv_create_time FROM census_original  WHERE census_original.dv_version = 'sample' ORDER BY census_original.dv_create_time LIMIT 100;
2025-07-01T00:20:09.467936,SELECT census_original.dv_create_time FROM census_original  WHERE census_original.dv_version = 'sample' ORDER BY census_original.dv_create_time LIMIT 100;
2025-07-01T00:20:10.792016,SELECT census_original.dv_create_date FROM census_original  WHERE census_original.dv_cmdline_args LIKE 'sample' AND census_original.dv_version LIKE 'sample' AND census_original.dv_create_date >= TIMESTAMP '2022-01-01' ORDER BY census_original.dv_create_date LIMIT 100;
2025-07-01T00:20:12.116819,SELECT census_original.dv_version FROM census_original  WHERE census_original.dv_create_time = 'NULL' AND census_original.dv_cmdline_args = 'sample' ORDER BY census_original.dv_version LIMIT 100;
2025-07-01T00:20:13.442344,SELECT census_original.dv_create_time FROM census_original  WHERE census_original.dv_version = 'sample' ORDER BY census_original.dv_create_time LIMIT 100;
2025-07-01T00:20:14.768586,SELECT census_original.dv_cmdline_args FROM census_original  WHERE census_original.dv_create_date <= TIMESTAMP '2022-01-01' ORDER BY census_original.dv_cmdline_args LIMIT 100;
2025-07-01T00:20:16.095544,SELECT census_original.dv_cmdline_args FROM census_original  WHERE census_original.dv_create_date <= TIMESTAMP '2022-01-01' ORDER BY census_original.dv_cmdline_args LIMIT 100;
2025-07-01T00:20:17.423215,SELECT census_original.dv_cmdline_args FROM census_original  WHERE census_original.dv_create_date <= TIMESTAMP '2022-01-01' ORDER BY census_original.dv_cmdline_args LIMIT 100;
2025-07-01T00:20:18.751596,"SELECT census_original.dv_cmdline_args, census_original.dv_create_time FROM census_original  WHERE census_original.dv_version = 'sample' AND census_original.dv_create_time = 'NULL' AND census_original.dv_cmdline_args LIKE 'sample' ORDER BY census_original.dv_create_time LIMIT 100;"
2025-07-01T00:20:20.080686,SELECT census_original.dv_cmdline_args FROM census_original  WHERE census_original.dv_create_date <= TIMESTAMP '2022-01-01' ORDER BY census_original.dv_cmdline_args LIMIT 100;
2025-07-01T00:20:21.410481,SELECT census_original.dv_version FROM census_original  WHERE census_original.dv_create_time = 'NULL' AND census_original.dv_cmdline_args = 'sample' ORDER BY census_original.dv_version LIMIT 100;
2025-07-01T00:20:22.740978,SELECT census_original.dv_version FROM census_original  WHERE census_original.dv_create_time = 'NULL' AND census_original.dv_cmdline_args = 'sample' ORDER BY census_original.dv_version LIMIT 100;
2025-07-01T00:20:24.072177,SELECT census_original.dv_create_time FROM census_original  WHERE census_original.dv_version = 'sample' ORDER BY census_original.dv_create_time LIMIT 100;
2025-07-01T00:20:25.404073,SELECT census_original.dv_version FROM census_original  WHERE census_original.dv_create_time = 'NULL' AND census_original.dv_cmdline_args = 'sample' ORDER BY census_original.dv_version LIMIT 100;
2025-07-01T00:20:26.736665,SELECT census_original.dv_create_date FROM census_original  WHERE census_original.dv_cmdline_args LIKE 'sample' AND census_original.dv_version LIKE 'sample' AND census_original.dv_create_date >= TIMESTAMP '2022-01-01' ORDER BY census_original.dv_create_date LIMIT 100;
2025-07-01T00:20:28.069951,SELECT census_original.dv_version FROM census_original  WHERE census_original.dv_create_time = 'NULL' AND census_original.dv_cmdline_args = 'sample' ORDER BY census_original.dv_version LIMIT 100;
2025-07-01T00:20:29.403927,SELECT census_original.dv_create_time FROM census_original  WHERE census_original.dv_version = 'sample' ORDER BY census_original.dv_create_time LIMIT 100;
2025-07-01T00:20:30.738591,SELECT census_original.dv_cmdline_args FROM census_original  WHERE census_original.dv_create_date <= TIMESTAMP '2022-01-01' ORDER BY census_original.dv_cmdline_args LIMIT 100;
2025-07-01T00:20:32.073942,"SELECT census_original.dv_cmdline_args, census_original.dv_create_time FROM census_original  WHERE census_original.dv_version = 'sample' AND census_original.dv_create_time = 'NULL' AND census_original.dv_cmdline_args LIKE 'sample' ORDER BY census_original.dv_create_time LIMIT 100;"
2025-07-01T00:20:33.409977,SELECT census_original.dv_create_date FROM census_original  WHERE census_original.dv_cmdline_args LIKE 'sample' AND census_original.dv_version LIKE 'sample' AND census_original.dv_create_date >= TIMESTAMP '2022-01-01' ORDER BY census_original.dv_create_date LIMIT 100;
2025-07-01T00:20:34.746693,SELECT census_original.dv_create_date FROM census_original  WHERE census_original.dv_cmdline_args LIKE 'sample' AND census_original.dv_version LIKE 'sample' AND census_original.dv_create_date >= TIMESTAMP '2022-01-01' ORDER BY census_original.dv_create_date LIMIT 100;
2025-07-01T00:20:36.084088,SELECT census_original.dv_version FROM census_original  WHERE census_original.dv_create_time = 'NULL' AND census_original.dv_cmdline_args = 'sample' ORDER BY census_original.dv_version LIMIT 100;
2025-07-01T00:20:37.422160,SELECT census_original.dv_cmdline_args FROM census_original  WHERE census_original.dv_create_date <= TIMESTAMP '2022-01-01' ORDER BY census_original.dv_cmdline_args LIMIT 100;
2025-07-01T00:20:38.760906,SELECT census_original.dv_create_date FROM census_original  WHERE census_original.dv_cmdline_args LIKE 'sample' AND census_original.dv_version LIKE 'sample' AND census_original.dv_create_date >= TIMESTAMP '2022-01-01' ORDER BY census_original.dv_create_date LIMIT 100;
2025-07-01T00:20:40.100325,"SELECT census_original.dv_cmdline_args, census_original.dv_create_time FROM census_original  WHERE census_original.dv_version = 'sample' AND census_original.dv_create_time = 'NULL' AND census_original.dv_cmdline_args LIKE 'sample' ORDER BY census_original.dv_create_time LIMIT 100;"
2025-07-01T00:20:41.440413,SELECT census_original.dv_create_time FROM census_original  WHERE census_original.dv_version = 'sample' ORDER BY census_original.dv_create_time LIMIT 100;
2025-07-01T00:20:42.781170,SELECT census_original.dv_create_date FROM census_original  WHERE census_original.dv_cmdline_args LIKE 'sample' AND census_original.dv_version LIKE 'sample' AND census_original.dv_create_date >= TIMESTAMP '2022-01-01' ORDER BY census_original.dv_create_date LIMIT 100;
2025-07-01T00:20:44.122592,SELECT census_original.dv_create_time FROM census_original  WHERE census_original.dv_version = 'sample' ORDER BY census_original.dv_create_time LIMIT 100;
2025-07-01T00:20:45.464677,SELECT census_original.dv_create_time FROM census_original  WHERE census_original.dv_version = 'sample' ORDER BY census_original.dv_create_time LIMIT 100;
2025-07-01T00:20:46.807424,"SELECT census_original.dv_cmdline_args, census_original.dv_create_time FROM census_original  WHERE census_original.dv_version = 'sample' AND census_original.dv_create_time = 'NULL' AND census_original.dv_cmdline_args LIKE 'sample' ORDER BY census_original.dv_create_time LIMIT 100;"
2025-07-01T00:20:48.150830,SELECT census_original.dv_version FROM census_original  WHERE census_original.dv_create_time = 'NULL' AND census_original.dv_cmdline_args = 'sample' ORDER BY census_original.dv_version LIMIT 100;
2025-07-01T00:20:49.494892,SELECT census_original.dv_cmdline_args FROM census_original  WHERE census_original.dv_create_date <= TIMESTAMP '2022-01-01' ORDER BY census_original.dv_cmdline_args LIMIT 100;
2025-07-01T00:20:50.839609,SELECT census_original.dv_version FROM census_original  WHERE census_original.dv_create_time = 'NULL' AND census_original.dv_cmdline_args = 'sample' ORDER BY census_original.dv_version LIMIT 100;
2025-07-01T00:20:52.184978,SELECT census_original.dv_create_time FROM census_original  WHERE census_original.dv_version = 'sample' ORDER BY census_original.dv_create_time LIMIT 100;
2025-07-01T00:20:53.530998,"SELECT census_original.dv_cmdline_args, census_original.dv_create_time FROM census_original  WHERE census_original.dv_version = 'sample' AND census_original.dv_create_time = 'NULL' AND census_original.dv_cmdline_args LIKE 'sample' ORDER BY census_original.dv_create_time LIMIT 100;"
2025-07-01T00:20:54.877667,SELECT census_original.dv_create_time FROM census_original  WHERE census_original.dv_version = 'sample' ORDER BY census_original.dv_create_time LIMIT 100;
2025-07-01T00:20:56.224981,SELECT census_original.dv_create_date FROM census_original  WHERE census_original.dv_cmdline_args LIKE 'sample' AND census_original.dv_version LIKE 'sample' AND census_original.dv_create_date >= TIMESTAMP '2022-01-01' ORDER BY census_original.dv_create_date LIMIT 100;
2025-07-01T00:20:57.572940,"SELECT census_original.dv_cmdline_args, census_original.dv_create_time FROM census_original  WHERE census_original.dv_version = 'sample' AND census_original.dv_create_time = 'NULL' AND census_original.dv_cmdline_args LIKE 'sample' ORDER BY census_original.dv_create_time LIMIT 100;"
2025-07-01T00:20:58.921540,SELECT census_original.dv_create_date FROM census_original  WHERE census_original.dv_cmdline_args LIKE 'sample' AND census_original.dv_version LIKE 'sample' AND census_original.dv_create_date >= TIMESTAMP '2022-01-01' ORDER BY census_original.dv_create_date LIMIT 100;
2025-07-01T00:21:00.270781,SELECT census_original.dv_cmdline_args FROM census_original  WHERE census_original.dv_create_date <= TIMESTAMP '2022-01-01' ORDER BY census_original.dv_cmdline_args LIMIT 100;
2025-07-01T00:21:01.620660,SELECT census_original.dv_create_time FROM census_original  WHERE census_original.dv_version = 'sample' ORDER BY census_original.dv_create_time LIMIT 100;
2025-07-01T00:21:02.971174,SELECT census_original.dv_create_time FROM census_original  WHERE census_original.dv_version = 'sample' ORDER BY census_original.dv_create_time LIMIT 100;
2025-07-01T00:21:04.322323,SELECT census_original.dv_create_date FROM census_original  WHERE census_original.dv_cmdline_args LIKE 'sample' AND census_original.dv_version LIKE 'sample' AND census_original.dv_create_date >= TIMESTAMP '2022-01-01' ORDER BY census_original.dv_create_date LIMIT 100;
2025-07-01T00:21:05.674103,SELECT census_original.dv_version FROM census_original  WHERE census_original.dv_create_time = 'NULL' AND census_original.dv_cmdline_args = 'sample' ORDER BY census_original.dv_version LIMIT 100;
2025-07-01T00:21:07.026513,SELECT census_original.dv_create_date FROM census_original  WHERE census_original.dv_cmdline_args LIKE 'sample' AND census_original.dv_version LIKE 'sample' AND census_original.dv_create_date >= TIMESTAMP '2022-01-01' ORDER BY census_original.dv_create_date LIMIT 100;
2025-07-01T00:21:08.379551,"SELECT census_original.dv_cmdline_args, census_original.dv_create_time FROM census_original  WHERE census_original.dv_version = 'sample' AND census_original.dv_create_time = 'NULL' AND census_original.dv_cmdline_args LIKE 'sample' ORDER BY census_original.dv_create_time LIMIT 100;"
2025-07-01T00:21:09.733216,SELECT census_original.dv_version FROM census_original  WHERE census_original.dv_create_time = 'NULL' AND census_original.dv_cmdline_args = 'sample' ORDER BY census_original.dv_version LIMIT 100;
2025-07-01T00:21:11.087504,SELECT census_original.dv_create_time FROM census_original  WHERE census_original.dv_version = 'sample' ORDER BY census_original.dv_create_time LIMIT 100;
2025-07-01T00:21:12.442414,SELECT census_original.dv_create_date FROM census_original  WHERE census_original.dv_cmdline_args LIKE 'sample' AND census_original.dv_version LIKE 'sample' AND census_original.dv_create_date >= TIMESTAMP '2022-01-01' ORDER BY census_original.dv_create_date LIMIT 100;
2025-07-01T00:21:13.797945,SELECT census_original.dv_create_date FROM census_original  WHERE census_original.dv_cmdline_args LIKE 'sample' AND census_original.dv_version LIKE 'sample' AND census_original.dv_create_date >= TIMESTAMP '2022-01-01' ORDER BY census_original.dv_create_date LIMIT 100;
2025-07-01T00:21:15.154093,"SELECT census_original.dv_cmdline_args, census_original.dv_create_time FROM census_original  WHERE census_original.dv_version = 'sample' AND census_original.dv_create_time = 'NULL' AND census_original.dv_cmdline_args LIKE 'sample' ORDER BY census_original.dv_create_time LIMIT 100;"
2025-07-01T00:21:16.510858,SELECT census_original.dv_create_time FROM census_original  WHERE census_original.dv_version = 'sample' ORDER BY census_original.dv_create_time LIMIT 100;
2025-07-01T00:21:17.868238,SELECT census_original.dv_create_date FROM census_original  WHERE census_original.dv_cmdline_args LIKE 'sample' AND census_original.dv_version LIKE 'sample' AND census_original.dv_create_date >= TIMESTAMP '2022-01-01' ORDER BY census_original.dv_create_date LIMIT 100;
2025-07-01T00:21:19.226230,SELECT census_original.dv_version FROM census_original  WHERE census_original.dv_create_time = 'NULL' AND census_original.dv_cmdline_args = 'sample' ORDER BY census_original.dv_version LIMIT 100;
2025-07-01T00:21:20.584833,SELECT census_original.dv_create_date FROM census_original  WHERE census_original.dv_cmdline_args LIKE 'sample' AND census_original.dv_version LIKE 'sample' AND census_original.dv_create_date >= TIMESTAMP '2022-01-01' ORDER BY census_original.dv_create_date LIMIT 100;
2025-07-01T00:21:21.944044,"SELECT census_original.dv_cmdline_args, census_original.dv_create_time FROM census_original  WHERE census_original.dv_version = 'sample' AND census_original.dv_create_time = 'NULL' AND census_original.dv_cmdline_args LIKE 'sample' ORDER BY census_original.dv_create_time LIMIT 100;"
2025-07-01T00:21:23.303863,SELECT census_original.dv_create_time FROM census_original  WHERE census_original.dv_version = 'sample' ORDER BY census_original.dv_create_time LIMIT 100;
2025-07-01T00:21:24.664286,SELECT census_original.dv_create_time FROM census_original  WHERE census_original.dv_version = 'sample' ORDER BY census_original.dv_create_time LIMIT 100;
2025-07-01T00:21:26.025313,SELECT census_original.dv_create_time FROM census_original  WHERE census_original.dv_version = 'sample' ORDER BY census_original.dv_create_time LIMIT 100;
2025-07-01T00:21:27.386942,SELECT census_original.dv_version FROM census_original  WHERE census_original.dv_create_time = 'NULL' AND census_original.dv_cmdline_args = 'sample' ORDER BY census_original.dv_version LIMIT 100;
2025-07-01T00:21:28.749170,SELECT census_original.dv_version FROM census_original  WHERE census_original.dv_create_time = 'NULL' AND census_original.dv_cmdline_args = 'sample' ORDER BY census_original.dv_version LIMIT 100;
2025-07-01T00:21:30.111996,SELECT census_original.dv_cmdline_args FROM census_original  WHERE census_original.dv_create_date <= TIMESTAMP '2022-01-01' ORDER BY census_original.dv_cmdline_args LIMIT 100;
2025-07-01T00:21:31.475418,SELECT census_original.dv_version FROM census_original  WHERE census_original.dv_create_time = 'NULL' AND census_original.dv_cmdline_args = 'sample' ORDER BY census_original.dv_version LIMIT 100;
2025-07-01T00:21:32.839435,"SELECT census_original.dv_cmdline_args, census_original.dv_create_time FROM census_original  WHERE census_original.dv_version = 'sample' AND census_original.dv_create_time = 'NULL' AND census_original.dv_cmdline_args LIKE 'sample' ORDER BY census_original.dv_create_time LIMIT 100;"
2025-07-01T00:21:34.204044,SELECT census_original.dv_create_time FROM census_original  WHERE census_original.dv_version = 'sample' ORDER BY census_original.dv_create_time LIMIT 100;
2025-07-01T00:21:35.569244,"SELECT census_original.dv_cmdline_args, census_original.dv_create_time FROM census_original  WHERE census_original.dv_version = 'sample' AND census_original.dv_create_time = 'NULL' AND census_original.dv_cmdline_args LIKE 'sample' ORDER BY census_original.dv_create_time LIMIT 100;"
2025-07-01T00:21:36.935033,"SELECT census_original.dv_cmdline_args, census_original.dv_create_time FROM census_original  WHERE census_original.dv_version = 'sample' AND census_original.dv_create_time = 'NULL' AND census_original.dv_cmdline_args LIKE 'sample' ORDER BY census_original.dv_create_time LIMIT 100;"
2025-07-01T00:21:38.301410,SELECT census_original.dv_version FROM census_original  WHERE census_original.dv_create_time = 'NULL' AND census_original.dv_cmdline_args = 'sample' ORDER BY census_original.dv_version LIMIT 100;
2025-07-01T00:21:39.668372,"SELECT census_original.dv_cmdline_args, census_original.dv_create_time FROM census_original  WHERE census_original.dv_version = 'sample' AND census_original.dv_create_time = 'NULL' AND census_original.dv_cmdline_args LIKE 'sample' ORDER BY census_original.dv_create_time LIMIT 100;"
2025-07-01T00:21:41.035918,SELECT census_original.dv_version FROM census_original  WHERE census_original.dv_create_time = 'NULL' AND census_original.dv_cmdline_args = 'sample' ORDER BY census_original.dv_version LIMIT 100;
2025-07-01T00:21:42.404046,SELECT census_original.dv_cmdline_args FROM census_original  WHERE census_original.dv_create_date <= TIMESTAMP '2022-01-01' ORDER BY census_original.dv_cmdline_args LIMIT 100;
2025-07-01T00:21:43.772755,SELECT census_original.dv_create_date FROM census_original  WHERE census_original.dv_cmdline_args LIKE 'sample' AND census_original.dv_version LIKE 'sample' AND census_original.dv_create_date >= TIMESTAMP '2022-01-01' ORDER BY census_original.dv_create_date LIMIT 100;
2025-07-01T00:21:45.142043,SELECT census_original.dv_create_date FROM census_original  WHERE census_original.dv_cmdline_args LIKE 'sample' AND census_original.dv_version LIKE 'sample' AND census_original.dv_create_date >= TIMESTAMP '2022-01-01' ORDER BY census_original.dv_create_date LIMIT 100;
2025-07-01T00:21:46.511908,SELECT census_original.dv_create_time FROM census_original  WHERE census_original.dv_version = 'sample' ORDER BY census_original.dv_create_time LIMIT 100;
2025-07-01T00:21:47.882348,"SELECT census_original.dv_cmdline_args, census_original.dv_create_time FROM census_original  WHERE census_original.dv_version = 'sample' AND census_original.dv_create_time = 'NULL' AND census_original.dv_cmdline_args LIKE 'sample' ORDER BY census_original.dv_create_time LIMIT 100;"
2025-07-01T00:21:49.253363,SELECT census_original.dv_cmdline_args FROM census_original  WHERE census_original.dv_create_date <= TIMESTAMP '2022-01-01' ORDER BY census_original.dv_cmdline_args LIMIT 100;
2025-07-01T00:21:50.624949,SELECT census_original.dv_version FROM census_original  WHERE census_original.dv_create_time = 'NULL' AND census_original.dv_cmdline_args = 'sample' ORDER BY census_original.dv_version LIMIT 100;
2025-07-01T00:21:51.997107,SELECT census_original.dv_version FROM census_original  WHERE census_original.dv_create_time = 'NULL' AND census_original.dv_cmdline_args = 'sample' ORDER BY census_original.dv_version LIMIT 100;
2025-07-01T00:21:53.369833,SELECT census_original.dv_version FROM census_original  WHERE census_original.dv_create_time = 'NULL' AND census_original.dv_cmdline_args = 'sample' ORDER BY census_original.dv_version LIMIT 100;
2025-07-01T00:21:54.743127,"SELECT census_original.dv_cmdline_args, census_original.dv_create_time FROM census_original  WHERE census_original.dv_version = 'sample' AND census_original.dv_create_time = 'NULL' AND census_original.dv_cmdline_args LIKE 'sample' ORDER BY census_original.dv_create_time LIMIT 100;"
2025-07-01T00:21:56.116986,"SELECT census_original.dv_cmdline_args, census_original.dv_create_time FROM census_original  WHERE census_original.dv_version = 'sample' AND census_original.dv_create_time = 'NULL' AND census_original.dv_cmdline_args LIKE 'sample' ORDER BY census_original.dv_create_time LIMIT 100;"
2025-07-01T00:21:57.491409,SELECT census_original.dv_version FROM census_original  WHERE census_original.dv_create_time = 'NULL' AND census_original.dv_cmdline_args = 'sample' ORDER BY census_original.dv_version LIMIT 100;
2025-07-01T00:21:58.866396,SELECT census_original.dv_create_date FROM census_original  WHERE census_original.dv_cmdline_args LIKE 'sample' AND census_original.dv_version LIKE 'sample' AND census_original.dv_create_date >= TIMESTAMP '2022-01-01' ORDER BY census_original.dv_create_date LIMIT 100;
2025-07-01T00:22:00.241943,SELECT census_original.dv_version FROM census_original  WHERE census_original.dv_create_time = 'NULL' AND census_original.dv_cmdline_args = 'sample' ORDER BY census_original.dv_version LIMIT 100;
2025-07-01T00:22:01.618049,SELECT census_original.dv_version FROM census_original  WHERE census_original.dv_create_time = 'NULL' AND census_original.dv_cmdline_args = 'sample' ORDER BY census_original.dv_version LIMIT 100;
2025-07-01T00:22:02.994714,"SELECT census_original.dv_cmdline_args, census_original.dv_create_time FROM census_original  WHERE census_original.dv_version = 'sample' AND census_original.dv_create_time = 'NULL' AND census_original.dv_cmdline_args LIKE 'sample' ORDER BY census_original.dv_create_time LIMIT 100;"
2025-07-01T00:22:04.371935,SELECT census_original.dv_create_time FROM census_original  WHERE census_original.dv_version = 'sample' ORDER BY census_original.dv_create_time LIMIT 100;
2025-07-01T00:22:05.749710,"SELECT census_original.dv_cmdline_args, census_original.dv_create_time FROM census_original  WHERE census_original.dv_version = 'sample' AND census_original.dv_create_time = 'NULL' AND census_original.dv_cmdline_args LIKE 'sample' ORDER BY census_original.dv_create_time LIMIT 100;"
2025-07-01T00:22:07.128039,SELECT census_original.dv_version FROM census_original  WHERE census_original.dv_create_time = 'NULL' AND census_original.dv_cmdline_args = 'sample' ORDER BY census_original.dv_version LIMIT 100;
2025-07-01T00:22:08.506920,SELECT census_original.dv_create_date FROM census_original  WHERE census_original.dv_cmdline_args LIKE 'sample' AND census_original.dv_version LIKE 'sample' AND census_original.dv_create_date >= TIMESTAMP '2022-01-01' ORDER BY census_original.dv_create_date LIMIT 100;
2025-07-01T00:22:09.886350,SELECT census_original.dv_cmdline_args FROM census_original  WHERE census_original.dv_create_date <= TIMESTAMP '2022-01-01' ORDER BY census_original.dv_cmdline_args LIMIT 100;
2025-07-01T00:22:11.266330,SELECT census_original.dv_version FROM census_original  WHERE census_original.dv_create_time = 'NULL' AND census_original.dv_cmdline_args = 'sample' ORDER BY census_original.dv_version LIMIT 100;
2025-07-01T00:22:12.646857,SELECT census_original.dv_version FROM census_original  WHERE census_original.dv_create_time = 'NULL' AND census_original.dv_cmdline_args = 'sample' ORDER BY census_original.dv_version LIMIT 100;
2025-07-01T00:22:14.027929,SELECT census_original.dv_create_time FROM census_original  WHERE census_original.dv_version = 'sample' ORDER BY census_original.dv_create_time LIMIT 100;
2025-07-01T00:22:15.409546,SELECT census_original.dv_cmdline_args FROM census_original  WHERE census_original.dv_create_date <= TIMESTAMP '2022-01-01' ORDER BY census_original.dv_cmdline_args LIMIT 100;
2025-07-01T00:22:16.791705,SELECT census_original.dv_version FROM census_original  WHERE census_original.dv_create_time = 'NULL' AND census_original.dv_cmdline_args = 'sample' ORDER BY census_original.dv_version LIMIT 100;
2025-07-01T00:22:18.174405,"SELECT census_original.dv_cmdline_args, census_original.dv_create_time FROM census_original  WHERE census_original.dv_version = 'sample' AND census_original.dv_create_time = 'NULL' AND census_original.dv_cmdline_args LIKE 'sample' ORDER BY census_original.dv_create_time LIMIT 100;"
2025-07-01T00:22:19.557646,SELECT census_original.dv_version FROM census_original  WHERE census_original.dv_create_time = 'NULL' AND census_original.dv_cmdline_args = 'sample' ORDER BY census_original.dv_version LIMIT 100;
2025-07-01T00:22:20.941425,SELECT census_original.dv_cmdline_args FROM census_original  WHERE census_original.dv_create_date <= TIMESTAMP '2022-01-01' ORDER BY census_original.dv_cmdline_args LIMIT 100;
2025-07-01T00:22:22.325740,SELECT census_original.dv_version FROM census_original  WHERE census_original.dv_create_time = 'NULL' AND census_original.dv_cmdline_args = 'sample' ORDER BY census_original.dv_version LIMIT 100;
2025-07-01T00:22:23.710591,"SELECT census_original.dv_cmdline_args, census_original.dv_create_time FROM census_original  WHERE census_original.dv_version = 'sample' AND census_original.dv_create_time = 'NULL' AND census_original.dv_cmdline_args LIKE 'sample' ORDER BY census_original.dv_create_time LIMIT 100;"
2025-07-01T00:22:25.095977,SELECT census_original.dv_version FROM census_original  WHERE census_original.dv_create_time = 'NULL' AND census_original.dv_cmdline_args = 'sample' ORDER BY census_original.dv_version LIMIT 100;
2025-07-01T00:22:26.481895,"SELECT census_original.dv_cmdline_args, census_original.dv_create_time FROM census_original  WHERE census_original.dv_version = 'sample' AND census_original.dv_create_time = 'NULL' AND census_original.dv_cmdline_args LIKE 'sample' ORDER BY census_original.dv_create_time LIMIT 100;"
2025-07-01T00:22:27.868344,"SELECT census_original.dv_cmdline_args, census_original.dv_create_time FROM census_original  WHERE census_original.dv_version = 'sample' AND census_original.dv_create_time = 'NULL' AND census_original.dv_cmdline_args LIKE 'sample' ORDER BY census_original.dv_create_time LIMIT 100;"
2025-07-01T00:22:29.255322,"SELECT census_original.dv_cmdline_args, census_original.dv_create_time FROM census_original  WHERE census_original.dv_version = 'sample' AND census_original.dv_create_time = 'NULL' AND census_original.dv_cmdline_args LIKE 'sample' ORDER BY census_original.dv_create_time LIMIT 100;"
2025-07-01T00:22:30.642830,SELECT census_original.dv_create_date FROM census_original  WHERE census_original.dv_cmdline_args LIKE 'sample' AND census_original.dv_version LIKE 'sample' AND census_original.dv_create_date >= TIMESTAMP '2022-01-01' ORDER BY census_original.dv_create_date LIMIT 100;
2025-07-01T00:22:32.030864,SELECT census_original.dv_create_time FROM census_original  WHERE census_original.dv_version = 'sample' ORDER BY census_original.dv_create_time LIMIT 100;
2025-07-01T00:22:33.419424,SELECT census_original.dv_create_date FROM census_original  WHERE census_original.dv_cmdline_args LIKE 'sample' AND census_original.dv_version LIKE 'sample' AND census_original.dv_create_date >= TIMESTAMP '2022-01-01' ORDER BY census_original.dv_create_date LIMIT 100;
2025-07-01T00:22:34.808508,"SELECT census_original.dv_cmdline_args, census_original.dv_create_time FROM census_original  WHERE census_original.dv_version = 'sample' AND census_original.dv_create_time = 'NULL' AND census_original.dv_cmdline_args LIKE 'sample' ORDER BY census_original.dv_create_time LIMIT 100;"
2025-07-01T00:22:36.198115,"SELECT census_original.dv_cmdline_args, census_original.dv_create_time FROM census_original  WHERE census_original.dv_version = 'sample' AND census_original.dv_create_time = 'NULL' AND census_original.dv_cmdline_args LIKE 'sample' ORDER BY census_original.dv_create_time LIMIT 100;"
2025-07-01T00:22:37.588243,SELECT census_original.dv_cmdline_args FROM census_original  WHERE census_original.dv_create_date <= TIMESTAMP '2022-01-01' ORDER BY census_original.dv_cmdline_args LIMIT 100;
2025-07-01T00:22:38.978892,"SELECT census_original.dv_cmdline_args, census_original.dv_create_time FROM census_original  WHERE census_original.dv_version = 'sample' AND census_original.dv_create_time = 'NULL' AND census_original.dv_cmdline_args LIKE 'sample' ORDER BY census_original.dv_create_time LIMIT 100;"
2025-07-01T00:22:40.370060,SELECT census_original.dv_create_time FROM census_original  WHERE census_original.dv_version = 'sample' ORDER BY census_original.dv_create_time LIMIT 100;
2025-07-01T00:22:41.761744,SELECT census_original.dv_cmdline_args FROM census_original  WHERE census_original.dv_create_date <= TIMESTAMP '2022-01-01' ORDER BY census_original.dv_cmdline_args LIMIT 100;
2025-07-01T00:22:43.153946,SELECT census_original.dv_version FROM census_original  WHERE census_original.dv_create_time = 'NULL' AND census_original.dv_cmdline_args = 'sample' ORDER BY census_original.dv_version LIMIT 100;
2025-07-01T00:22:44.546661,SELECT census_original.dv_create_time FROM census_original  WHERE census_original.dv_version = 'sample' ORDER BY census_original.dv_create_time LIMIT 100;
2025-07-01T00:22:45.939891,SELECT census_original.dv_version FROM census_original  WHERE census_original.dv_create_time = 'NULL' AND census_original.dv_cmdline_args = 'sample' ORDER BY census_original.dv_version LIMIT 100;
2025-07-01T00:22:47.333632,"SELECT census_original.dv_cmdline_args, census_original.dv_create_time FROM census_original  WHERE census_original.dv_version = 'sample' AND census_original.dv_create_time = 'NULL' AND census_original.dv_cmdline_args LIKE 'sample' ORDER BY census_original.dv_create_time LIMIT 100;"
2025-07-01T00:22:48.727885,"SELECT census_original.dv_cmdline_args, census_original.dv_create_time FROM census_original  WHERE census_original.dv_version = 'sample' AND census_original.dv_create_time = 'NULL' AND census_original.dv_cmdline_args LIKE 'sample' ORDER BY census_original.dv_create_time LIMIT 100;"
2025-07-01T00:22:50.122647,SELECT census_original.dv_cmdline_args FROM census_original  WHERE census_original.dv_create_date <= TIMESTAMP '2022-01-01' ORDER BY census_original.dv_cmdline_args LIMIT 100;
2025-07-01T00:22:51.517917,SELECT census_original.dv_cmdline_args FROM census_original  WHERE census_original.dv_create_date <= TIMESTAMP '2022-01-01' ORDER BY census_original.dv_cmdline_args LIMIT 100;
2025-07-01T00:22:52.913694,SELECT census_original.dv_create_date FROM census_original  WHERE census_original.dv_cmdline_args LIKE 'sample' AND census_original.dv_version LIKE 'sample' AND census_original.dv_create_date >= TIMESTAMP '2022-01-01' ORDER BY census_original.dv_create_date LIMIT 100;
2025-07-01T00:22:54.309977,SELECT census_original.dv_create_date FROM census_original  WHERE census_original.dv_cmdline_args LIKE 'sample' AND census_original.dv_version LIKE 'sample' AND census_original.dv_create_date >= TIMESTAMP '2022-01-01' ORDER BY census_original.dv_create_date LIMIT 100;
2025-07-01T00:22:55.706764,SELECT census_original.dv_cmdline_args FROM census_original  WHERE census_original.dv_create_date <= TIMESTAMP '2022-01-01' ORDER BY census_original.dv_cmdline_args LIMIT 100;
2025-07-01T00:22:57.104054,SELECT census_original.dv_cmdline_args FROM census_original  WHERE census_original.dv_create_date <= TIMESTAMP '2022-01-01' ORDER BY census_original.dv_cmdline_args LIMIT 100;
2025-07-01T00:22:58.501847,"SELECT census_original.dv_cmdline_args, census_original.dv_create_time FROM census_original  WHERE census_original.dv_version = 'sample' AND census_original.dv_create_time = 'NULL' AND census_original.dv_cmdline_args LIKE 'sample' ORDER BY census_original.dv_create_time LIMIT 100;"
2025-07-01T00:22:59.900140,SELECT census_original.dv_create_time FROM census_original  WHERE census_original.dv_version = 'sample' ORDER BY census_original.dv_create_time LIMIT 100;
2025-07-01T00:23:01.298932,SELECT census_original.dv_create_time FROM census_original  WHERE census_original.dv_version = 'sample' ORDER BY census_original.dv_create_time LIMIT 100;
2025-07-01T00:23:02.698222,"SELECT census_original.dv_cmdline_args, census_original.dv_create_time FROM census_original  WHERE census_original.dv_version = 'sample' AND census_original.dv_create_time = 'NULL' AND census_original.dv_cmdline_args LIKE 'sample' ORDER BY census_original.dv_create_time LIMIT 100;"
2025-07-01T00:23:04.098010,SELECT census_original.dv_create_date FROM census_original  WHERE census_original.dv_cmdline_args LIKE 'sample' AND census_original.dv_version LIKE 'sample' AND census_original.dv_create_date >= TIMESTAMP '2022-01-01' ORDER BY census_original.dv_create_date LIMIT 100;
2025-07-01T00:23:05.498293,SELECT census_original.dv_cmdline_args FROM census_original  WHERE census_original.dv_create_date <= TIMESTAMP '2022-01-01' ORDER BY census_original.dv_cmdline_args LIMIT 100;
2025-07-01T00:23:06.899070,SELECT census_original.dv_version FROM census_original  WHERE census_original.dv_create_time = 'NULL' AND census_original.dv_cmdline_args = 'sample' ORDER BY census_original.dv_version LIMIT 100;
2025-07-01T00:23:08.300341,SELECT census_original.dv_cmdline_args FROM census_original  WHERE census_original.dv_create_date <= TIMESTAMP '2022-01-01' ORDER BY census_original.dv_cmdline_args LIMIT 100;
2025-07-01T00:23:09.702103,SELECT census_original.dv_create_date FROM census_original  WHERE census_original.dv_cmdline_args LIKE 'sample' AND census_original.dv_version LIKE 'sample' AND census_original.dv_create_date >= TIMESTAMP '2022-01-01' ORDER BY census_original.dv_create_date LIMIT 100;
2025-07-01T00:23:11.104357,"SELECT census_original.dv_cmdline_args, census_original.dv_create_time FROM census_original  WHERE census_original.dv_version = 'sample' AND census_original.dv_create_time = 'NULL' AND census_original.dv_cmdline_args LIKE 'sample' ORDER BY census_original.dv_create_time LIMIT 100;"
2025-07-01T00:23:12.507100,SELECT census_original.dv_version FROM census_original  WHERE census_original.dv_create_time = 'NULL' AND census_original.dv_cmdline_args = 'sample' ORDER BY census_original.dv_version LIMIT 100;
2025-07-01T00:23:13.910331,SELECT census_original.dv_create_date FROM census_original  WHERE census_original.dv_cmdline_args LIKE 'sample' AND census_original.dv_version LIKE 'sample' AND census_original.dv_create_date >= TIMESTAMP '2022-01-01' ORDER BY census_original.dv_create_date LIMIT 100;
2025-07-01T00:23:15.314050,SELECT census_original.dv_version FROM census_original  WHERE census_original.dv_create_time = 'NULL' AND census_original.dv_cmdline_args = 'sample' ORDER BY census_original.dv_version LIMIT 100;
2025-07-01T00:23:16.718254,SELECT census_original.dv_create_date FROM census_original  WHERE census_original.dv_cmdline_args LIKE 'sample' AND census_original.dv_version LIKE 'sample' AND census_original.dv_create_date >= TIMESTAMP '2022-01-01' ORDER BY census_original.dv_create_date LIMIT 100;
2025-07-01T00:23:18.122944,SELECT census_original.dv_version FROM census_original  WHERE census_original.dv_create_time = 'NULL' AND census_original.dv_cmdline_args = 'sample' ORDER BY census_original.dv_version LIMIT 100;
2025-07-01T00:23:19.528117,SELECT census_original.dv_cmdline_args FROM census_original  WHERE census_original.dv_create_date <= TIMESTAMP '2022-01-01' ORDER BY census_original.dv_cmdline_args LIMIT 100;
2025-07-01T00:23:20.933773,SELECT census_original.dv_version FROM census_original  WHERE census_original.dv_create_time = 'NULL' AND census_original.dv_cmdline_args = 'sample' ORDER BY census_original.dv_version LIMIT 100;
2025-07-01T00:23:22.339910,SELECT census_original.dv_create_time FROM census_original  WHERE census_original.dv_version = 'sample' ORDER BY census_original.dv_create_time LIMIT 100;
2025-07-01T00:23:23.746527,SELECT census_original.dv_create_date FROM census_original  WHERE census_original.dv_cmdline_args LIKE 'sample' AND census_original.dv_version LIKE 'sample' AND census_original.dv_create_date >= TIMESTAMP '2022-01-01' ORDER BY census_original.dv_create_date LIMIT 100;
2025-07-01T00:23:25.153623,SELECT census_original.dv_create_date FROM census_original  WHERE census_original.dv_cmdline_args LIKE 'sample' AND census_original.dv_version LIKE 'sample' AND census_original.dv_create_date >= TIMESTAMP '2022-01-01' ORDER BY census_original.dv_create_date LIMIT 100;
2025-07-01T00:23:26.561198,SELECT census_original.dv_cmdline_args FROM census_original  WHERE census_original.dv_create_date <= TIMESTAMP '2022-01-01' ORDER BY census_original.dv_cmdline_args LIMIT 100;
2025-07-01T00:23:27.969249,"SELECT census_original.dv_cmdline_args, census_original.dv_create_time FROM census_original  WHERE census_original.dv_version = 'sample' AND census_original.dv_create_time = 'NULL' AND census_original.dv_cmdline_args LIKE 'sample' ORDER BY census_original.dv_create_time LIMIT 100;"
2025-07-01T00:23:29.377775,SELECT census_original.dv_cmdline_args FROM census_original  WHERE census_original.dv_create_date <= TIMESTAMP '2022-01-01' ORDER BY census_original.dv_cmdline_args LIMIT 100;
2025-07-01T00:23:30.786776,SELECT census_original.dv_create_date FROM census_original  WHERE census_original.dv_cmdline_args LIKE 'sample' AND census_original.dv_version LIKE 'sample' AND census_original.dv_create_date >= TIMESTAMP '2022-01-01' ORDER BY census_original.dv_create_date LIMIT 100;
2025-07-01T00:23:32.196251,SELECT census_original.dv_version FROM census_original  WHERE census_original.dv_create_time = 'NULL' AND census_original.dv_cmdline_args = 'sample' ORDER BY census_original.dv_version LIMIT 100;
2025-07-01T00:23:33.606197,SELECT census_original.dv_create_time FROM census_original  WHERE census_original.dv_version = 'sample' ORDER BY census_original.dv_create_time LIMIT 100;
2025-07-01T00:23:35.016615,SELECT census_original.dv_version FROM census_original  WHERE census_original.dv_create_time = 'NULL' AND census_original.dv_cmdline_args = 'sample' ORDER BY census_original.dv_version LIMIT 100;
2025-07-01T00:23:36.427503,SELECT census_original.dv_create_date FROM census_original  WHERE census_original.dv_cmdline_args LIKE 'sample' AND census_original.dv_version LIKE 'sample' AND census_original.dv_create_date >= TIMESTAMP '2022-01-01' ORDER BY census_original.dv_create_date LIMIT 100;
2025-07-01T00:23:37.838860,SELECT census_original.dv_create_time FROM census_original  WHERE census_original.dv_version = 'sample' ORDER BY census_original.dv_create_time LIMIT 100;
2025-07-01T00:23:39.250685,SELECT census_original.dv_create_date FROM census_original  WHERE census_original.dv_cmdline_args LIKE 'sample' AND census_original.dv_version LIKE 'sample' AND census_original.dv_create_date >= TIMESTAMP '2022-01-01' ORDER BY census_original.dv_create_date LIMIT 100;
2025-07-01T00:23:40.662976,SELECT census_original.dv_create_time FROM census_original  WHERE census_original.dv_version = 'sample' ORDER BY census_original.dv_create_time LIMIT 100;
2025-07-01T00:23:42.075733,SELECT census_original.dv_cmdline_args FROM census_original  WHERE census_original.dv_create_date <= TIMESTAMP '2022-01-01' ORDER BY census_original.dv_cmdline_args LIMIT 100;
2025-07-01T00:23:43.488955,SELECT census_original.dv_cmdline_args FROM census_original  WHERE census_original.dv_create_date <= TIMESTAMP '2022-01-01' ORDER BY census_original.dv_cmdline_args LIMIT 100;
2025-07-01T00:23:44.902640,"SELECT census_original.dv_cmdline_args, census_original.dv_create_time FROM census_original  WHERE census_original.dv_version = 'sample' AND census_original.dv_create_time = 'NULL' AND census_original.dv_cmdline_args LIKE 'sample' ORDER BY census_original.dv_create_time LIMIT 100;"
2025-07-01T00:23:46.316787,SELECT census_original.dv_cmdline_args FROM census_original  WHERE census_original.dv_create_date <= TIMESTAMP '2022-01-01' ORDER BY census_original.dv_cmdline_args LIMIT 100;
2025-07-01T00:23:47.731396,SELECT census_original.dv_create_time FROM census_original  WHERE census_original.dv_version = 'sample' ORDER BY census_original.dv_create_time LIMIT 100;
2025-07-01T00:23:49.146465,SELECT census_original.dv_create_date FROM census_original  WHERE census_original.dv_cmdline_args LIKE 'sample' AND census_original.dv_version LIKE 'sample' AND census_original.dv_create_date >= TIMESTAMP '2022-01-01' ORDER BY census_original.dv_create_date LIMIT 100;
2025-07-01T00:23:50.561994,SELECT census_original.dv_cmdline_args FROM census_original  WHERE census_original.dv_create_date <= TIMESTAMP '2022-01-01' ORDER BY census_original.dv_cmdline_args LIMIT 100;
2025-07-01T00:23:51.977980,"SELECT census_original.dv_cmdline_args, census_original.dv_create_time FROM census_original  WHERE census_original.dv_version = 'sample' AND census_original.dv_create_time = 'NULL' AND census_original.dv_cmdline_args LIKE 'sample' ORDER BY census_original.dv_create_time LIMIT 100;"
2025-07-01T00:23:53.394424,SELECT census_original.dv_create_time FROM census_original  WHERE census_original.dv_version = 'sample' ORDER BY census_original.dv_create_time LIMIT 100;
2025-07-01T00:23:54.811324,"SELECT census_original.dv_cmdline_args, census_original.dv_create_time FROM census_original  WHERE census_original.dv_version = 'sample' AND census_original.dv_create_time = 'NULL' AND census_original.dv_cmdline_args LIKE 'sample' ORDER BY census_original.dv_create_time LIMIT 100;"
2025-07-01T00:23:56.228679,SELECT census_original.dv_cmdline_args FROM census_original  WHERE census_original.dv_create_date <= TIMESTAMP '2022-01-01' ORDER BY census_original.dv_cmdline_args LIMIT 100;
2025-07-01T00:23:57.646488,SELECT census_original.dv_create_date FROM census_original  WHERE census_original.dv_cmdline_args LIKE 'sample' AND census_original.dv_version LIKE 'sample' AND census_original.dv_create_date >= TIMESTAMP '2022-01-01' ORDER BY census_original.dv_create_date LIMIT 100;
2025-07-01T00:23:59.064750,"SELECT census_original.dv_cmdline_args, census_original.dv_create_time FROM census_original  WHERE census_original.dv_version = 'sample' AND census_original.dv_create_time = 'NULL' AND census_original.dv_cmdline_args LIKE 'sample' ORDER BY census_original.dv_create_time LIMIT 100;"
2025-07-01T00:24:00.483464,SELECT census_original.dv_create_date FROM census_original  WHERE census_original.dv_cmdline_args LIKE 'sample' AND census_original.dv_version LIKE 'sample' AND census_original.dv_create_date >= TIMESTAMP '2022-01-01' ORDER BY census_original.dv_create_date LIMIT 100;
2025-07-01T00:24:01.902629,"SELECT census_original.dv_cmdline_args, census_original.dv_create_time FROM census_original  WHERE census_original.dv_version = 'sample' AND census_original.dv_create_time = 'NULL' AND census_original.dv_cmdline_args LIKE 'sample' ORDER BY census_original.dv_create_time LIMIT 100;"
2025-07-01T00:24:03.322244,SELECT census_original.dv_create_date FROM census_original  WHERE census_original.dv_cmdline_args LIKE 'sample' AND census_original.dv_version LIKE 'sample' AND census_original.dv_create_date >= TIMESTAMP '2022-01-01' ORDER BY census_original.dv_create_date LIMIT 100;
2025-07-01T00:24:04.742307,"SELECT census_original.dv_cmdline_args, census_original.dv_create_time FROM census_original  WHERE census_original.dv_version = 'sample' AND census_original.dv_create_time = 'NULL' AND census_original.dv_cmdline_args LIKE 'sample' ORDER BY census_original.dv_create_time LIMIT 100;"
2025-07-01T00:24:06.162819,SELECT census_original.dv_create_date FROM census_original  WHERE census_original.dv_cmdline_args LIKE 'sample' AND census_original.dv_version LIKE 'sample' AND census_original.dv_create_date >= TIMESTAMP '2022-01-01' ORDER BY census_original.dv_create_date LIMIT 100;
2025-07-01T00:24:07.583778,SELECT census_original.dv_version FROM census_original  WHERE census_original.dv_create_time = 'NULL' AND census_original.dv_cmdline_args = 'sample' ORDER BY census_original.dv_version LIMIT 100;
2025-07-01T00:24:09.005182,SELECT census_original.dv_create_time FROM census_original  WHERE census_original.dv_version = 'sample' ORDER BY census_original.dv_create_time LIMIT 100;
2025-07-01T00:24:10.427032,SELECT census_original.dv_version FROM census_original  WHERE census_original.dv_create_time = 'NULL' AND census_original.dv_cmdline_args = 'sample' ORDER BY census_original.dv_version LIMIT 100;
2025-07-01T00:24:11.849325,SELECT census_original.dv_create_date FROM census_original  WHERE census_original.dv_cmdline_args LIKE 'sample' AND census_original.dv_version LIKE 'sample' AND census_original.dv_create_date >= TIMESTAMP '2022-01-01' ORDER BY census_original.dv_create_date LIMIT 100;
2025-07-01T00:24:13.272062,SELECT census_original.dv_create_time FROM census_original  WHERE census_original.dv_version = 'sample' ORDER BY census_original.dv_create_time LIMIT 100;
2025-07-01T00:24:14.695240,"SELECT census_original.dv_cmdline_args, census_original.dv_create_time FROM census_original  WHERE census_original.dv_version = 'sample' AND census_original.dv_create_time = 'NULL' AND census_original.dv_cmdline_args LIKE 'sample' ORDER BY census_original.dv_create_time LIMIT 100;"
2025-07-01T00:24:16.118860,SELECT census_original.dv_create_time FROM census_original  WHERE census_original.dv_version = 'sample' ORDER BY census_original.dv_create_time LIMIT 100;
2025-07-01T00:24:17.542919,"SELECT census_original.dv_cmdline_args, census_original.dv_create_time FROM census_original  WHERE census_original.dv_version = 'sample' AND census_original.dv_create_time = 'NULL' AND census_original.dv_cmdline_args LIKE 'sample' ORDER BY census_original.dv_create_time LIMIT 100;"
2025-07-01T00:24:18.967418,SELECT census_original.dv_create_time FROM census_original  WHERE census_original.dv_version = 'sample' ORDER BY census_original.dv_create_time LIMIT 100;
2025-07-01T00:24:20.392354,SELECT census_original.dv_create_time FROM census_original  WHERE census_original.dv_version = 'sample' ORDER BY census_original.dv_create_time LIMIT 100;
2025-07-01T00:24:21.817728,SELECT census_original.dv_version FROM census_original  WHERE census_original.dv_create_time = 'NULL' AND census_original.dv_cmdline_args = 'sample' ORDER BY census_original.dv_version LIMIT 100;
2025-07-01T00:24:23.243538,SELECT census_original.dv_create_date FROM census_original  WHERE census_original.dv_cmdline_args LIKE 'sample' AND census_original.dv_version LIKE 'sample' AND census_original.dv_create_date >= TIMESTAMP '2022-01-01' ORDER BY census_original.dv_create_date LIMIT 100;
2025-07-01T00:24:24.669784,SELECT census_original.dv_create_time FROM census_original  WHERE census_original.dv_version = 'sample' ORDER BY census_original.dv_create_time LIMIT 100;
2025-07-01T00:24:26.096463,SELECT census_original.dv_cmdline_args FROM census_original  WHERE census_original.dv_create_date <= TIMESTAMP '2022-01-01' ORDER BY census_original.dv_cmdline_args LIMIT 100;
2025-07-01T00:24:27.523576,SELECT census_original.dv_version FROM census_original  WHERE census_original.dv_create_time = 'NULL' AND census_original.dv_cmdline_args = 'sample' ORDER BY census_original.dv_version LIMIT 100;
2025-07-01T00:24:28.951122,SELECT census_original.dv_version FROM census_original  WHERE census_original.dv_create_time = 'NULL' AND census_original.dv_cmdline_args = 'sample' ORDER BY census_original.dv_version LIMIT 100;
2025-07-01T00:24:30.379099,SELECT census_original.dv_create_time FROM census_original  WHERE census_original.dv_version = 'sample' ORDER BY census_original.dv_create_time LIMIT 100;
2025-07-01T00:24:31.807506,SELECT census_original.dv_create_date FROM census_original  WHERE census_original.dv_cmdline_args LIKE 'sample' AND census_original.dv_version LIKE 'sample' AND census_original.dv_create_date >= TIMESTAMP '2022-01-01' ORDER BY census_original.dv_create_date LIMIT 100;
2025-07-01T00:24:33.236343,SELECT census_original.dv_version FROM census_original  WHERE census_original.dv_create_time = 'NULL' AND census_original.dv_cmdline_args = 'sample' ORDER BY census_original.dv_version LIMIT 100;
2025-07-01T00:24:34.665609,SELECT census_original.dv_create_time FROM census_original  WHERE census_original.dv_version = 'sample' ORDER BY census_original.dv_create_time LIMIT 100;
2025-07-01T00:24:36.095303,"SELECT census_original.dv_cmdline_args, census_original.dv_create_time FROM census_original  WHERE census_original.dv_version = 'sample' AND census_original.dv_create_time = 'NULL' AND census_original.dv_cmdline_args LIKE 'sample' ORDER BY census_original.dv_create_time LIMIT 100;"
2025-07-01T00:24:37.525423,SELECT census_original.dv_version FROM census_original  WHERE census_original.dv_create_time = 'NULL' AND census_original.dv_cmdline_args = 'sample' ORDER BY census_original.dv_version LIMIT 100;
2025-07-01T00:24:38.955970,SELECT census_original.dv_version FROM census_original  WHERE census_original.dv_create_time = 'NULL' AND census_original.dv_cmdline_args = 'sample' ORDER BY census_original.dv_version LIMIT 100;
2025-07-01T00:24:40.386941,SELECT census_original.dv_version FROM census_original  WHERE census_original.dv_create_time = 'NULL' AND census_original.dv_cmdline_args = 'sample' ORDER BY census_original.dv_version LIMIT 100;
2025-07-01T00:24:41.818337,SELECT census_original.dv_cmdline_args FROM census_original  WHERE census_original.dv_create_date <= TIMESTAMP '2022-01-01' ORDER BY census_original.dv_cmdline_args LIMIT 100;
2025-07-01T00:24:43.250156,SELECT census_original.dv_create_time FROM census_original  WHERE census_original.dv_version = 'sample' ORDER BY census_original.dv_create_time LIMIT 100;
2025-07-01T00:24:44.682398,SELECT census_original.dv_cmdline_args FROM census_original  WHERE census_original.dv_create_date <= TIMESTAMP '2022-01-01' ORDER BY census_original.dv_cmdline_args LIMIT 100;
2025-07-01T00:24:46.115061,SELECT census_original.dv_create_time FROM census_original  WHERE census_original.dv_version = 'sample' ORDER BY census_original.dv_create_time LIMIT 100;
2025-07-01T00:24:47.548144,SELECT census_original.dv_cmdline_args FROM census_original  WHERE census_original.dv_create_date <= TIMESTAMP '2022-01-01' ORDER BY census_original.dv_cmdline_args LIMIT 100;
2025-07-01T00:24:48.981648,SELECT census_original.dv_create_time FROM census_original  WHERE census_original.dv_version = 'sample' ORDER BY census_original.dv_create_time LIMIT 100;
2025-07-01T00:24:50.415570,"SELECT census_original.dv_cmdline_args, census_original.dv_create_time FROM census_original  WHERE census_original.dv_version = 'sample' AND census_original.dv_create_time = 'NULL' AND census_original.dv_cmdline_args LIKE 'sample' ORDER BY census_original.dv_create_time LIMIT 100;"
2025-07-01T00:24:51.849910,SELECT census_original.dv_create_time FROM census_original  WHERE census_original.dv_version = 'sample' ORDER BY census_original.dv_create_time LIMIT 100;
2025-07-01T00:24:53.284667,"SELECT census_original.dv_cmdline_args, census_original.dv_create_time FROM census_original  WHERE census_original.dv_version = 'sample' AND census_original.dv_create_time = 'NULL' AND census_original.dv_cmdline_args LIKE 'sample' ORDER BY census_original.dv_create_time LIMIT 100;"
2025-07-01T00:24:54.719840,SELECT census_original.dv_create_time FROM census_original  WHERE census_original.dv_version = 'sample' ORDER BY census_original.dv_create_time LIMIT 100;
2025-07-01T00:24:56.155429,SELECT census_original.dv_version FROM census_original  WHERE census_original.dv_create_time = 'NULL' AND census_original.dv_cmdline_args = 'sample' ORDER BY census_original.dv_version LIMIT 100;
2025-07-01T00:24:57.591433,SELECT census_original.dv_create_time FROM census_original  WHERE census_original.dv_version = 'sample' ORDER BY census_original.dv_create_time LIMIT 100;
2025-07-01T00:24:59.027850,SELECT census_original.dv_cmdline_args FROM census_original  WHERE census_original.dv_create_date <= TIMESTAMP '2022-01-01' ORDER BY census_original.dv_cmdline_args LIMIT 100;
2025-07-01T00:25:00.464679,SELECT census_original.dv_create_time FROM census_original  WHERE census_original.dv_version = 'sample' ORDER BY census_original.dv_create_time LIMIT 100;
2025-07-01T00:25:01.901921,SELECT census_original.dv_cmdline_args FROM census_original  WHERE census_original.dv_create_date <= TIMESTAMP '2022-01-01' ORDER BY census_original.dv_cmdline_args LIMIT 100;
2025-07-01T00:25:03.339574,SELECT census_original.dv_create_date FROM census_original  WHERE census_original.dv_cmdline_args LIKE 'sample' AND census_original.dv_version LIKE 'sample' AND census_original.dv_create_date >= TIMESTAMP '2022-01-01' ORDER BY census_original.dv_create_date LIMIT 100;
2025-07-01T00:25:04.777637,SELECT census_original.dv_cmdline_args FROM census_original  WHERE census_original.dv_create_date <= TIMESTAMP '2022-01-01' ORDER BY census_original.dv_cmdline_args LIMIT 100;
2025-07-01T00:25:06.216110,"SELECT census_original.dv_cmdline_args, census_original.dv_create_time FROM census_original  WHERE census_original.dv_version = 'sample' AND census_original.dv_create_time = 'NULL' AND census_original.dv_cmdline_args LIKE 'sample' ORDER BY census_original.dv_create_time LIMIT 100;"
2025-07-01T00:25:07.654991,SELECT census_original.dv_create_time FROM census_original  WHERE census_original.dv_version = 'sample' ORDER BY census_original.dv_create_time LIMIT 100;
2025-07-01T00:25:09.094279,SELECT census_original.dv_create_date FROM census_original  WHERE census_original.dv_cmdline_args LIKE 'sample' AND census_original.dv_version LIKE 'sample' AND census_original.dv_create_date >= TIMESTAMP '2022-01-01' ORDER BY census_original.dv_create_date LIMIT 100;
2025-07-01T00:25:10.533975,SELECT census_original.dv_create_date FROM census_original  WHERE census_original.dv_cmdline_args LIKE 'sample' AND census_original.dv_version LIKE 'sample' AND census_original.dv_create_date >= TIMESTAMP '2022-01-01' ORDER BY census_original.dv_create_date LIMIT 100;
2025-07-01T00:25:11.974077,SELECT census_original.dv_version FROM census_original  WHERE census_original.dv_create_time = 'NULL' AND census_original.dv_cmdline_args = 'sample' ORDER BY census_original.dv_version LIMIT 100;
2025-07-01T00:25:13.414584,"SELECT census_original.dv_cmdline_args, census_original.dv_create_time FROM census_original  WHERE census_original.dv_version = 'sample' AND census_original.dv_create_time = 'NULL' AND census_original.dv_cmdline_args LIKE 'sample' ORDER BY census_original.dv_create_time LIMIT 100;"
2025-07-01T00:25:14.855496,SELECT census_original.dv_create_date FROM census_original  WHERE census_original.dv_cmdline_args LIKE 'sample' AND census_original.dv_version LIKE 'sample' AND census_original.dv_create_date >= TIMESTAMP '2022-01-01' ORDER BY census_original.dv_create_date LIMIT 100;
2025-07-01T00:25:16.296811,"SELECT census_original.dv_cmdline_args, census_original.dv_create_time FROM census_original  WHERE census_original.dv_version = 'sample' AND census_original.dv_create_time = 'NULL' AND census_original.dv_cmdline_args LIKE 'sample' ORDER BY census_original.dv_create_time LIMIT 100;"
2025-07-01T00:25:17.738529,SELECT census_original.dv_create_date FROM census_original  WHERE census_original.dv_cmdline_args LIKE 'sample' AND census_original.dv_version LIKE 'sample' AND census_original.dv_create_date >= TIMESTAMP '2022-01-01' ORDER BY census_original.dv_create_date LIMIT 100;
2025-07-01T00:25:19.180649,SELECT census_original.dv_create_time FROM census_original  WHERE census_original.dv_version = 'sample' ORDER BY census_original.dv_create_time LIMIT 100;
2025-07-01T00:25:20.623170,SELECT census_original.dv_cmdline_args FROM census_original  WHERE census_original.dv_create_date <= TIMESTAMP '2022-01-01' ORDER BY census_original.dv_cmdline_args LIMIT 100;
2025-07-01T00:25:22.066092,SELECT census_original.dv_version FROM census_original  WHERE census_original.dv_create_time = 'NULL' AND census_original.dv_cmdline_args = 'sample' ORDER BY census_original.dv_version LIMIT 100;
2025-07-01T00:25:23.509413,SELECT census_original.dv_create_date FROM census_original  WHERE census_original.dv_cmdline_args LIKE 'sample' AND census_original.dv_version LIKE 'sample' AND census_original.dv_create_date >= TIMESTAMP '2022-01-01' ORDER BY census_original.dv_create_date LIMIT 100;
2025-07-01T00:25:24.953133,SELECT census_original.dv_cmdline_args FROM census_original  WHERE census_original.dv_create_date <= TIMESTAMP '2022-01-01' ORDER BY census_original.dv_cmdline_args LIMIT 100;
2025-07-01T00:25:26.397251,SELECT census_original.dv_cmdline_args FROM census_original  WHERE census_original.dv_create_date <= TIMESTAMP '2022-01-01' ORDER BY census_original.dv_cmdline_args LIMIT 100;
2025-07-01T00:25:27.841766,SELECT census_original.dv_create_date FROM census_original  WHERE census_original.dv_cmdline_args LIKE 'sample' AND census_original.dv_version LIKE 'sample' AND census_original.dv_create_date >= TIMESTAMP '2022-01-01' ORDER BY census_original.dv_create_date LIMIT 100;
2025-07-01T00:25:29.286678,SELECT census_original.dv_create_time FROM census_original  WHERE census_original.dv_version = 'sample' ORDER BY census_original.dv_create_time LIMIT 100;
2025-07-01T00:25:30.731985,SELECT census_original.dv_version FROM census_original  WHERE census_original.dv_create_time = 'NULL' AND census_original.dv_cmdline_args = 'sample' ORDER BY census_original.dv_version LIMIT 100;
2025-07-01T00:25:32.177687,SELECT census_original.dv_create_time FROM census_original  WHERE census_original.dv_version = 'sample' ORDER BY census_original.dv_create_time LIMIT 100;
2025-07-01T00:25:33.623784,SELECT census_original.dv_create_date FROM census_original  WHERE census_original.dv_cmdline_args LIKE 'sample' AND census_original.dv_version LIKE 'sample' AND census_original.dv_create_date >= TIMESTAMP '2022-01-01' ORDER BY census_original.dv_create_date LIMIT 100;
2025-07-01T00:25:35.070273,SELECT census_original.dv_version FROM census_original  WHERE census_original.dv_create_time = 'NULL' AND census_original.dv_cmdline_args = 'sample' ORDER BY census_original.dv_version LIMIT 100;
2025-07-01T00:25:36.517155,SELECT census_original.dv_create_time FROM census_original  WHERE census_original.dv_version = 'sample' ORDER BY census_original.dv_create_time LIMIT 100;
2025-07-01T00:25:37.964429,SELECT census_original.dv_version FROM census_original  WHERE census_original.dv_create_time = 'NULL' AND census_original.dv_cmdline_args = 'sample' ORDER BY census_original.dv_version LIMIT 100;
2025-07-01T00:25:39.412094,SELECT census_original.dv_version FROM census_original  WHERE census_original.dv_create_time = 'NULL' AND census_original.dv_cmdline_args = 'sample' ORDER BY census_original.dv_version LIMIT 100;
2025-07-01T00:25:40.860149,SELECT census_original.dv_cmdline_args FROM census_original  WHERE census_original.dv_create_date <= TIMESTAMP '2022-01-01' ORDER BY census_original.dv_cmdline_args LIMIT 100;
2025-07-01T00:25:42.308594,SELECT census_original.dv_cmdline_args FROM census_original  WHERE census_original.dv_create_date <= TIMESTAMP '2022-01-01' ORDER BY census_original.dv_cmdline_args LIMIT 100;
2025-07-01T00:25:43.757428,SELECT census_original.dv_cmdline_args FROM census_original  WHERE census_original.dv_create_date <= TIMESTAMP '2022-01-01' ORDER BY census_original.dv_cmdline_args LIMIT 100;
2025-07-01T00:25:45.206649,SELECT census_original.dv_create_time FROM census_original  WHERE census_original.dv_version = 'sample' ORDER BY census_original.dv_create_time LIMIT 100;
2025-07-01T00:25:46.656257,SELECT census_original.dv_cmdline_args FROM census_original  WHERE census_original.dv_create_date <= TIMESTAMP '2022-01-01' ORDER BY census_original.dv_cmdline_args LIMIT 100;
2025-07-01T00:25:48.106253,SELECT census_original.dv_cmdline_args FROM census_original  WHERE census_original.dv_create_date <= TIMESTAMP '2022-01-01' ORDER BY census_original.dv_cmdline_args LIMIT 100;
2025-07-01T00:25:49.556633,"SELECT census_original.dv_cmdline_args, census_original.dv_create_time FROM census_original  WHERE census_original.dv_version = 'sample' AND census_original.dv_create_time = 'NULL' AND census_original.dv_cmdline_args LIKE 'sample' ORDER BY census_original.dv_create_time LIMIT 100;"
2025-07-01T00:25:51.007399,SELECT census_original.dv_version FROM census_original  WHERE census_original.dv_create_time = 'NULL' AND census_original.dv_cmdline_args = 'sample' ORDER BY census_original.dv_version LIMIT 100;
2025-07-01T00:25:52.458549,SELECT census_original.dv_create_date FROM census_original  WHERE census_original.dv_cmdline_args LIKE 'sample' AND census_original.dv_version LIKE 'sample' AND census_original.dv_create_date >= TIMESTAMP '2022-01-01' ORDER BY census_original.dv_create_date LIMIT 100;
2025-07-01T00:25:53.910083,SELECT census_original.dv_version FROM census_original  WHERE census_original.dv_create_time = 'NULL' AND census_original.dv_cmdline_args = 'sample' ORDER BY census_original.dv_version LIMIT 100;
2025-07-01T00:25:55.361999,SELECT census_original.dv_create_time FROM census_original  WHERE census_original.dv_version = 'sample' ORDER BY census_original.dv_create_time LIMIT 100;
2025-07-01T00:25:56.814297,SELECT census_original.dv_cmdline_args FROM census_original  WHERE census_original.dv_create_date <= TIMESTAMP '2022-01-01' ORDER BY census_original.dv_cmdline_args LIMIT 100;
2025-07-01T00:25:58.266977,SELECT census_original.dv_create_date FROM census_original  WHERE census_original.dv_cmdline_args LIKE 'sample' AND census_original.dv_version LIKE 'sample' AND census_original.dv_create_date >= TIMESTAMP '2022-01-01' ORDER BY census_original.dv_create_date LIMIT 100;
2025-07-01T00:25:59.720037,"SELECT census_original.dv_cmdline_args, census_original.dv_create_time FROM census_original  WHERE census_original.dv_version = 'sample' AND census_original.dv_create_time = 'NULL' AND census_original.dv_cmdline_args LIKE 'sample' ORDER BY census_original.dv_create_time LIMIT 100;"
2025-07-01T00:26:01.173477,SELECT census_original.dv_create_time FROM census_original  WHERE census_original.dv_version = 'sample' ORDER BY census_original.dv_create_time LIMIT 100;
2025-07-01T00:26:02.627296,SELECT census_original.dv_create_date FROM census_original  WHERE census_original.dv_cmdline_args LIKE 'sample' AND census_original.dv_version LIKE 'sample' AND census_original.dv_create_date >= TIMESTAMP '2022-01-01' ORDER BY census_original.dv_create_date LIMIT 100;
2025-07-01T00:26:04.081494,"SELECT census_original.dv_cmdline_args, census_original.dv_create_time FROM census_original  WHERE census_original.dv_version = 'sample' AND census_original.dv_create_time = 'NULL' AND census_original.dv_cmdline_args LIKE 'sample' ORDER BY census_original.dv_create_time LIMIT 100;"
2025-07-01T00:26:05.536070,"SELECT census_original.dv_cmdline_args, census_original.dv_create_time FROM census_original  WHERE census_original.dv_version = 'sample' AND census_original.dv_create_time = 'NULL' AND census_original.dv_cmdline_args LIKE 'sample' ORDER BY census_original.dv_create_time LIMIT 100;"
2025-07-01T00:26:06.991022,"SELECT census_original.dv_cmdline_args, census_original.dv_create_time FROM census_original  WHERE census_original.dv_version = 'sample' AND census_original.dv_create_time = 'NULL' AND census_original.dv_cmdline_args LIKE 'sample' ORDER BY census_original.dv_create_time LIMIT 100;"
2025-07-01T00:26:08.446351,SELECT census_original.dv_create_date FROM census_original  WHERE census_original.dv_cmdline_args LIKE 'sample' AND census_original.dv_version LIKE 'sample' AND census_original.dv_create_date >= TIMESTAMP '2022-01-01' ORDER BY census_original.dv_create_date LIMIT 100;
2025-07-01T00:26:09.902055,SELECT census_original.dv_version FROM census_original  WHERE census_original.dv_create_time = 'NULL' AND census_original.dv_cmdline_args = 'sample' ORDER BY census_original.dv_version LIMIT 100;
2025-07-01T00:26:11.358134,SELECT census_original.dv_cmdline_args FROM census_original  WHERE census_original.dv_create_date <= TIMESTAMP '2022-01-01' ORDER BY census_original.dv_cmdline_args LIMIT 100;
2025-07-01T00:26:12.814587,SELECT census_original.dv_create_date FROM census_original  WHERE census_original.dv_cmdline_args LIKE 'sample' AND census_original.dv_version LIKE 'sample' AND census_original.dv_create_date >= TIMESTAMP '2022-01-01' ORDER BY census_original.dv_create_date LIMIT 100;
2025-07-01T00:26:14.271414,SELECT census_original.dv_create_time FROM census_original  WHERE census_original.dv_version = 'sample' ORDER BY census_original.dv_create_time LIMIT 100;
2025-07-01T00:26:15.728614,SELECT census_original.dv_cmdline_args FROM census_original  WHERE census_original.dv_create_date <= TIMESTAMP '2022-01-01' ORDER BY census_original.dv_cmdline_args LIMIT 100;
2025-07-01T00:26:17.186186,"SELECT census_original.dv_cmdline_args, census_original.dv_create_time FROM census_original  WHERE census_original.dv_version = 'sample' AND census_original.dv_create_time = 'NULL' AND census_original.dv_cmdline_args LIKE 'sample' ORDER BY census_original.dv_create_time LIMIT 100;"
2025-07-01T00:26:18.644129,SELECT census_original.dv_cmdline_args FROM census_original  WHERE census_original.dv_create_date <= TIMESTAMP '2022-01-01' ORDER BY census_original.dv_cmdline_args LIMIT 100;
2025-07-01T00:26:20.102443,SELECT census_original.dv_version FROM census_original  WHERE census_original.dv_create_time = 'NULL' AND census_original.dv_cmdline_args = 'sample' ORDER BY census_original.dv_version LIMIT 100;
2025-07-01T00:26:21.561126,SELECT census_original.dv_cmdline_args FROM census_original  WHERE census_original.dv_create_date <= TIMESTAMP '2022-01-01' ORDER BY census_original.dv_cmdline_args LIMIT 100;
2025-07-01T00:26:23.020180,SELECT census_original.dv_cmdline_args FROM census_original  WHERE census_original.dv_create_date <= TIMESTAMP '2022-01-01' ORDER BY census_original.dv_cmdline_args LIMIT 100;
2025-07-01T00:26:24.479601,SELECT census_original.dv_cmdline_args FROM census_original  WHERE census_original.dv_create_date <= TIMESTAMP '2022-01-01' ORDER BY census_original.dv_cmdline_args LIMIT 100;
2025-07-01T00:26:25.939391,SELECT census_original.dv_create_date FROM census_original  WHERE census_original.dv_cmdline_args LIKE 'sample' AND census_original.dv_version LIKE 'sample' AND census_original.dv_create_date >= TIMESTAMP '2022-01-01' ORDER BY census_original.dv_create_date LIMIT 100;
2025-07-01T00:26:27.399548,"SELECT census_original.dv_cmdline_args, census_original.dv_create_time FROM census_original  WHERE census_original.dv_version = 'sample' AND census_original.dv_create_time = 'NULL' AND census_original.dv_cmdline_args LIKE 'sample' ORDER BY census_original.dv_create_time LIMIT 100;"
2025-07-01T00:26:28.860072,SELECT census_original.dv_create_time FROM census_original  WHERE census_original.dv_version = 'sample' ORDER BY census_original.dv_create_time LIMIT 100;
2025-07-01T00:26:30.320962,SELECT census_original.dv_cmdline_args FROM census_original  WHERE census_original.dv_create_date <= TIMESTAMP '2022-01-01' ORDER BY census_original.dv_cmdline_args LIMIT 100;
2025-07-01T00:26:31.782217,SELECT census_original.dv_version FROM census_original  WHERE census_original.dv_create_time = 'NULL' AND census_original.dv_cmdline_args = 'sample' ORDER BY census_original.dv_version LIMIT 100;
2025-07-01T00:26:33.243837,SELECT census_original.dv_cmdline_args FROM census_original  WHERE census_original.dv_create_date <= TIMESTAMP '2022-01-01' ORDER BY census_original.dv_cmdline_args LIMIT 100;
2025-07-01T00:26:34.705820,SELECT census_original.dv_create_time FROM census_original  WHERE census_original.dv_version = 'sample' ORDER BY census_original.dv_create_time LIMIT 100;
2025-07-01T00:26:36.168167,"SELECT census_original.dv_cmdline_args, census_original.dv_create_time FROM census_original  WHERE census_original.dv_version = 'sample' AND census_original.dv_create_time = 'NULL' AND census_original.dv_cmdline_args LIKE 'sample' ORDER BY census_original.dv_create_time LIMIT 100;"
2025-07-01T00:26:37.630877,SELECT census_original.dv_create_date FROM census_original  WHERE census_original.dv_cmdline_args LIKE 'sample' AND census_original.dv_version LIKE 'sample' AND census_original.dv_create_date >= TIMESTAMP '2022-01-01' ORDER BY census_original.dv_create_date LIMIT 100;
2025-07-01T00:26:39.093949,SELECT census_original.dv_cmdline_args FROM census_original  WHERE census_original.dv_create_date <= TIMESTAMP '2022-01-01' ORDER BY census_original.dv_cmdline_args LIMIT 100;
2025-07-01T00:26:40.557382,SELECT census_original.dv_create_time FROM census_original  WHERE census_original.dv_version = 'sample' ORDER BY census_original.dv_create_time LIMIT 100;
2025-07-01T00:26:42.021175,SELECT census_original.dv_version FROM census_original  WHERE census_original.dv_create_time = 'NULL' AND census_original.dv_cmdline_args = 'sample' ORDER BY census_original.dv_version LIMIT 100;
2025-07-01T00:26:43.485329,SELECT census_original.dv_version FROM census_original  WHERE census_original.dv_create_time = 'NULL' AND census_original.dv_cmdline_args = 'sample' ORDER BY census_original.dv_version LIMIT 100;
2025-07-01T00:26:44.949842,SELECT census_original.dv_create_date FROM census_original  WHERE census_original.dv_cmdline_args LIKE 'sample' AND census_original.dv_version LIKE 'sample' AND census_original.dv_create_date >= TIMESTAMP '2022-01-01' ORDER BY census_original.dv_create_date LIMIT 100;
2025-07-01T00:26:46.414714,SELECT census_original.dv_version FROM census_original  WHERE census_original.dv_create_time = 'NULL' AND census_original.dv_cmdline_args = 'sample' ORDER BY census_original.dv_version LIMIT 100;
2025-07-01T00:26:47.879944,SELECT census_original.dv_create_date FROM census_original  WHERE census_original.dv_cmdline_args LIKE 'sample' AND census_original.dv_version LIKE 'sample' AND census_original.dv_create_date >= TIMESTAMP '2022-01-01' ORDER BY census_original.dv_create_date LIMIT 100;
2025-07-01T00:26:49.345531,SELECT census_original.dv_create_date FROM census_original  WHERE census_original.dv_cmdline_args LIKE 'sample' AND census_original.dv_version LIKE 'sample' AND census_original.dv_create_date >= TIMESTAMP '2022-01-01' ORDER BY census_original.dv_create_date LIMIT 100;
2025-07-01T00:26:50.811475,SELECT census_original.dv_create_time FROM census_original  WHERE census_original.dv_version = 'sample' ORDER BY census_original.dv_create_time LIMIT 100;
2025-07-01T00:26:52.277775,SELECT census_original.dv_create_time FROM census_original  WHERE census_original.dv_version = 'sample' ORDER BY census_original.dv_create_time LIMIT 100;
2025-07-01T00:26:53.744431,SELECT census_original.dv_create_date FROM census_original  WHERE census_original.dv_cmdline_args LIKE 'sample' AND census_original.dv_version LIKE 'sample' AND census_original.dv_create_date >= TIMESTAMP '2022-01-01' ORDER BY census_original.dv_create_date LIMIT 100;
2025-07-01T00:26:55.211442,SELECT census_original.dv_create_date FROM census_original  WHERE census_original.dv_cmdline_args LIKE 'sample' AND census_original.dv_version LIKE 'sample' AND census_original.dv_create_date >= TIMESTAMP '2022-01-01' ORDER BY census_original.dv_create_date LIMIT 100;
2025-07-01T00:26:56.678807,SELECT census_original.dv_create_date FROM census_original  WHERE census_original.dv_cmdline_args LIKE 'sample' AND census_original.dv_version LIKE 'sample' AND census_original.dv_create_date >= TIMESTAMP '2022-01-01' ORDER BY census_original.dv_create_date LIMIT 100;
2025-07-01T00:26:58.146526,SELECT census_original.dv_create_date FROM census_original  WHERE census_original.dv_cmdline_args LIKE 'sample' AND census_original.dv_version LIKE 'sample' AND census_original.dv_create_date >= TIMESTAMP '2022-01-01' ORDER BY census_original.dv_create_date LIMIT 100;
2025-07-01T00:26:59.614598,SELECT census_original.dv_version FROM census_original  WHERE census_original.dv_create_time = 'NULL' AND census_original.dv_cmdline_args = 'sample' ORDER BY census_original.dv_version LIMIT 100;
2025-07-01T00:27:01.083022,SELECT census_original.dv_cmdline_args FROM census_original  WHERE census_original.dv_create_date <= TIMESTAMP '2022-01-01' ORDER BY census_original.dv_cmdline_args LIMIT 100;
2025-07-01T00:27:02.551798,SELECT census_original.dv_create_time FROM census_original  WHERE census_original.dv_version = 'sample' ORDER BY census_original.dv_create_time LIMIT 100;
2025-07-01T00:27:04.020926,SELECT census_original.dv_create_date FROM census_original  WHERE census_original.dv_cmdline_args LIKE 'sample' AND census_original.dv_version LIKE 'sample' AND census_original.dv_create_date >= TIMESTAMP '2022-01-01' ORDER BY census_original.dv_create_date LIMIT 100;
2025-07-01T00:27:05.490404,SELECT census_original.dv_cmdline_args FROM census_original  WHERE census_original.dv_create_date <= TIMESTAMP '2022-01-01' ORDER BY census_original.dv_cmdline_args LIMIT 100;
2025-07-01T00:27:06.960231,SELECT census_original.dv_create_date FROM census_original  WHERE census_original.dv_cmdline_args LIKE 'sample' AND census_original.dv_version LIKE 'sample' AND census_original.dv_create_date >= TIMESTAMP '2022-01-01' ORDER BY census_original.dv_create_date LIMIT 100;
2025-07-01T00:27:08.430409,SELECT census_original.dv_cmdline_args FROM census_original  WHERE census_original.dv_create_date <= TIMESTAMP '2022-01-01' ORDER BY census_original.dv_cmdline_args LIMIT 100;
2025-07-01T00:27:09.900934,SELECT census_original.dv_create_date FROM census_original  WHERE census_original.dv_cmdline_args LIKE 'sample' AND census_original.dv_version LIKE 'sample' AND census_original.dv_create_date >= TIMESTAMP '2022-01-01' ORDER BY census_original.dv_create_date LIMIT 100;
2025-07-01T00:27:11.371808,SELECT census_original.dv_create_time FROM census_original  WHERE census_original.dv_version = 'sample' ORDER BY census_original.dv_create_time LIMIT 100;
2025-07-01T00:27:12.843030,SELECT census_original.dv_create_date FROM census_original  WHERE census_original.dv_cmdline_args LIKE 'sample' AND census_original.dv_version LIKE 'sample' AND census_original.dv_create_date >= TIMESTAMP '2022-01-01' ORDER BY census_original.dv_create_date LIMIT 100;
2025-07-01T00:27:14.314598,SELECT census_original.dv_create_time FROM census_original  WHERE census_original.dv_version = 'sample' ORDER BY census_original.dv_create_time LIMIT 100;
2025-07-01T00:27:15.786513,"SELECT census_original.dv_cmdline_args, census_original.dv_create_time FROM census_original  WHERE census_original.dv_version = 'sample' AND census_original.dv_create_time = 'NULL' AND census_original.dv_cmdline_args LIKE 'sample' ORDER BY census_original.dv_create_time LIMIT 100;"
2025-07-01T00:27:17.258774,SELECT census_original.dv_version FROM census_original  WHERE census_original.dv_create_time = 'NULL' AND census_original.dv_cmdline_args = 'sample' ORDER BY census_original.dv_version LIMIT 100;
2025-07-01T00:27:18.731379,"SELECT census_original.dv_cmdline_args, census_original.dv_create_time FROM census_original  WHERE census_original.dv_version = 'sample' AND census_original.dv_create_time = 'NULL' AND census_original.dv_cmdline_args LIKE 'sample' ORDER BY census_original.dv_create_time LIMIT 100;"
2025-07-01T00:27:20.204329,SELECT census_original.dv_create_date FROM census_original  WHERE census_original.dv_cmdline_args LIKE 'sample' AND census_original.dv_version LIKE 'sample' AND census_original.dv_create_date >= TIMESTAMP '2022-01-01' ORDER BY census_original.dv_create_date LIMIT 100;
2025-07-01T00:27:21.677624,"SELECT census_original.dv_cmdline_args, census_original.dv_create_time FROM census_original  WHERE census_original.dv_version = 'sample' AND census_original.dv_create_time = 'NULL' AND census_original.dv_cmdline_args LIKE 'sample' ORDER BY census_original.dv_create_time LIMIT 100;"
2025-07-01T00:27:23.151261,SELECT census_original.dv_cmdline_args FROM census_original  WHERE census_original.dv_create_date <= TIMESTAMP '2022-01-01' ORDER BY census_original.dv_cmdline_args LIMIT 100;
2025-07-01T00:27:24.625241,SELECT census_original.dv_cmdline_args FROM census_original  WHERE census_original.dv_create_date <= TIMESTAMP '2022-01-01' ORDER BY census_original.dv_cmdline_args LIMIT 100;
2025-07-01T00:27:26.099564,SELECT census_original.dv_cmdline_args FROM census_original  WHERE census_original.dv_create_date <= TIMESTAMP '2022-01-01' ORDER BY census_original.dv_cmdline_args LIMIT 100;
2025-07-01T00:27:27.574227,SELECT census_original.dv_create_time FROM census_original  WHERE census_original.dv_version = 'sample' ORDER BY census_original.dv_create_time LIMIT 100;
2025-07-01T00:27:29.049232,SELECT census_original.dv_version FROM census_original  WHERE census_original.dv_create_time = 'NULL' AND census_original.dv_cmdline_args = 'sample' ORDER BY census_original.dv_version LIMIT 100;
2025-07-01T00:27:30.524578,SELECT census_original.dv_version FROM census_original  WHERE census_original.dv_create_time = 'NULL' AND census_original.dv_cmdline_args = 'sample' ORDER BY census_original.dv_version LIMIT 100;
2025-07-01T00:27:32.000263,SELECT census_original.dv_cmdline_args FROM census_original  WHERE census_original.dv_create_date <= TIMESTAMP '2022-01-01' ORDER BY census_original.dv_cmdline_args LIMIT 100;
2025-07-01T00:27:33.476288,SELECT census_original.dv_create_date FROM census_original  WHERE census_original.dv_cmdline_args LIKE 'sample' AND census_original.dv_version LIKE 'sample' AND census_original.dv_create_date >= TIMESTAMP '2022-01-01' ORDER BY census_original.dv_create_date LIMIT 100;
2025-07-01T00:27:34.952651,SELECT census_original.dv_cmdline_args FROM census_original  WHERE census_original.dv_create_date <= TIMESTAMP '2022-01-01' ORDER BY census_original.dv_cmdline_args LIMIT 100;
2025-07-01T00:27:36.429352,SELECT census_original.dv_create_time FROM census_original  WHERE census_original.dv_version = 'sample' ORDER BY census_original.dv_create_time LIMIT 100;
2025-07-01T00:27:37.906391,SELECT census_original.dv_create_date FROM census_original  WHERE census_original.dv_cmdline_args LIKE 'sample' AND census_original.dv_version LIKE 'sample' AND census_original.dv_create_date >= TIMESTAMP '2022-01-01' ORDER BY census_original.dv_create_date LIMIT 100;
2025-07-01T00:27:39.383767,SELECT census_original.dv_create_date FROM census_original  WHERE census_original.dv_cmdline_args LIKE 'sample' AND census_original.dv_version LIKE 'sample' AND census_original.dv_create_date >= TIMESTAMP '2022-01-01' ORDER BY census_original.dv_create_date LIMIT 100;
2025-07-01T00:27:40.861479,SELECT census_original.dv_create_time FROM census_original  WHERE census_original.dv_version = 'sample' ORDER BY census_original.dv_create_time LIMIT 100;
2025-07-01T00:27:42.339527,SELECT census_original.dv_create_time FROM census_original  WHERE census_original.dv_version = 'sample' ORDER BY census_original.dv_create_time LIMIT 100;
2025-07-01T00:27:43.817911,SELECT census_original.dv_cmdline_args FROM census_original  WHERE census_original.dv_create_date <= TIMESTAMP '2022-01-01' ORDER BY census_original.dv_cmdline_args LIMIT 100;
2025-07-01T00:27:45.296629,SELECT census_original.dv_create_date FROM census_original  WHERE census_original.dv_cmdline_args LIKE 'sample' AND census_original.dv_version LIKE 'sample' AND census_original.dv_create_date >= TIMESTAMP '2022-01-01' ORDER BY census_original.dv_create_date LIMIT 100;
2025-07-01T00:27:46.775681,SELECT census_original.dv_create_date FROM census_original  WHERE census_original.dv_cmdline_args LIKE 'sample' AND census_original.dv_version LIKE 'sample' AND census_original.dv_create_date >= TIMESTAMP '2022-01-01' ORDER BY census_original.dv_create_date LIMIT 100;
2025-07-01T00:27:48.255067,"SELECT census_original.dv_cmdline_args, census_original.dv_create_time FROM census_original  WHERE census_original.dv_version = 'sample' AND census_original.dv_create_time = 'NULL' AND census_original.dv_cmdline_args LIKE 'sample' ORDER BY census_original.dv_create_time LIMIT 100;"
2025-07-01T00:27:49.734786,SELECT census_original.dv_cmdline_args FROM census_original  WHERE census_original.dv_create_date <= TIMESTAMP '2022-01-01' ORDER BY census_original.dv_cmdline_args LIMIT 100;
2025-07-01T00:27:51.214838,SELECT census_original.dv_create_date FROM census_original  WHERE census_original.dv_cmdline_args LIKE 'sample' AND census_original.dv_version LIKE 'sample' AND census_original.dv_create_date >= TIMESTAMP '2022-01-01' ORDER BY census_original.dv_create_date LIMIT 100;
2025-07-01T00:27:52.695221,SELECT census_original.dv_cmdline_args FROM census_original  WHERE census_original.dv_create_date <= TIMESTAMP '2022-01-01' ORDER BY census_original.dv_cmdline_args LIMIT 100;
2025-07-01T00:27:54.175936,SELECT census_original.dv_cmdline_args FROM census_original  WHERE census_original.dv_create_date <= TIMESTAMP '2022-01-01' ORDER BY census_original.dv_cmdline_args LIMIT 100;
2025-07-01T00:27:55.656982,SELECT census_original.dv_create_date FROM census_original  WHERE census_original.dv_cmdline_args LIKE 'sample' AND census_original.dv_version LIKE 'sample' AND census_original.dv_create_date >= TIMESTAMP '2022-01-01' ORDER BY census_original.dv_create_date LIMIT 100;
2025-07-01T00:27:57.138358,SELECT census_original.dv_create_time FROM census_original  WHERE census_original.dv_version = 'sample' ORDER BY census_original.dv_create_time LIMIT 100;
2025-07-01T00:27:58.620063,SELECT census_original.dv_cmdline_args FROM census_original  WHERE census_original.dv_create_date <= TIMESTAMP '2022-01-01' ORDER BY census_original.dv_cmdline_args LIMIT 100;
2025-07-01T00:28:00.102098,SELECT census_original.dv_version FROM census_original  WHERE census_original.dv_create_time = 'NULL' AND census_original.dv_cmdline_args = 'sample' ORDER BY census_original.dv_version LIMIT 100;
2025-07-01T00:28:01.584462,SELECT census_original.dv_create_date FROM census_original  WHERE census_original.dv_cmdline_args LIKE 'sample' AND census_original.dv_version LIKE 'sample' AND census_original.dv_create_date >= TIMESTAMP '2022-01-01' ORDER BY census_original.dv_create_date LIMIT 100;
2025-07-01T00:28:03.067154,SELECT census_original.dv_create_date FROM census_original  WHERE census_original.dv_cmdline_args LIKE 'sample' AND census_original.dv_version LIKE 'sample' AND census_original.dv_create_date >= TIMESTAMP '2022-01-01' ORDER BY census_original.dv_create_date LIMIT 100;
2025-07-01T00:28:04.550173,SELECT census_original.dv_version FROM census_original  WHERE census_original.dv_create_time = 'NULL' AND census_original.dv_cmdline_args = 'sample' ORDER BY census_original.dv_version LIMIT 100;
2025-07-01T00:28:06.033520,"SELECT census_original.dv_cmdline_args, census_original.dv_create_time FROM census_original  WHERE census_original.dv_version = 'sample' AND census_original.dv_create_time = 'NULL' AND census_original.dv_cmdline_args LIKE 'sample' ORDER BY census_original.dv_create_time LIMIT 100;"
2025-07-01T00:28:07.517193,"SELECT census_original.dv_cmdline_args, census_original.dv_create_time FROM census_original  WHERE census_original.dv_version = 'sample' AND census_original.dv_create_time = 'NULL' AND census_original.dv_cmdline_args LIKE 'sample' ORDER BY census_original.dv_create_time LIMIT 100;"
2025-07-01T00:28:09.001192,SELECT census_original.dv_cmdline_args FROM census_original  WHERE census_original.dv_create_date <= TIMESTAMP '2022-01-01' ORDER BY census_original.dv_cmdline_args LIMIT 100;
2025-07-01T00:28:10.485516,SELECT census_original.dv_create_date FROM census_original  WHERE census_original.dv_cmdline_args LIKE 'sample' AND census_original.dv_version LIKE 'sample' AND census_original.dv_create_date >= TIMESTAMP '2022-01-01' ORDER BY census_original.dv_create_date LIMIT 100;
2025-07-01T00:28:11.970165,SELECT census_original.dv_cmdline_args FROM census_original  WHERE census_original.dv_create_date <= TIMESTAMP '2022-01-01' ORDER BY census_original.dv_cmdline_args LIMIT 100;
2025-07-01T00:28:13.455139,SELECT census_original.dv_version FROM census_original  WHERE census_original.dv_create_time = 'NULL' AND census_original.dv_cmdline_args = 'sample' ORDER BY census_original.dv_version LIMIT 100;
2025-07-01T00:28:14.940437,SELECT census_original.dv_create_date FROM census_original  WHERE census_original.dv_cmdline_args LIKE 'sample' AND census_original.dv_version LIKE 'sample' AND census_original.dv_create_date >= TIMESTAMP '2022-01-01' ORDER BY census_original.dv_create_date LIMIT 100;
2025-07-01T00:28:16.426058,SELECT census_original.dv_create_time FROM census_original  WHERE census_original.dv_version = 'sample' ORDER BY census_original.dv_create_time LIMIT 100;
2025-07-01T00:28:17.912002,SELECT census_original.dv_version FROM census_original  WHERE census_original.dv_create_time = 'NULL' AND census_original.dv_cmdline_args = 'sample' ORDER BY census_original.dv_version LIMIT 100;
2025-07-01T00:28:19.398268,SELECT census_original.dv_create_date FROM census_original  WHERE census_original.dv_cmdline_args LIKE 'sample' AND census_original.dv_version LIKE 'sample' AND census_original.dv_create_date >= TIMESTAMP '2022-01-01' ORDER BY census_original.dv_create_date LIMIT 100;
2025-07-01T00:28:20.884856,SELECT census_original.dv_version FROM census_original  WHERE census_original.dv_create_time = 'NULL' AND census_original.dv_cmdline_args = 'sample' ORDER BY census_original.dv_version LIMIT 100;
2025-07-01T00:28:22.371765,SELECT census_original.dv_create_date FROM census_original  WHERE census_original.dv_cmdline_args LIKE 'sample' AND census_original.dv_version LIKE 'sample' AND census_original.dv_create_date >= TIMESTAMP '2022-01-01' ORDER BY census_original.dv_create_date LIMIT 100;
2025-07-01T00:28:23.858995,SELECT census_original.dv_create_date FROM census_original  WHERE census_original.dv_cmdline_args LIKE 'sample' AND census_original.dv_version LIKE 'sample' AND census_original.dv_create_date >= TIMESTAMP '2022-01-01' ORDER BY census_original.dv_create_date LIMIT 100;
2025-07-01T00:28:25.346546,SELECT census_original.dv_create_date FROM census_original  WHERE census_original.dv_cmdline_args LIKE 'sample' AND census_original.dv_version LIKE 'sample' AND census_original.dv_create_date >= TIMESTAMP '2022-01-01' ORDER BY census_original.dv_create_date LIMIT 100;
2025-07-01T00:28:26.834416,"SELECT census_original.dv_cmdline_args, census_original.dv_create_time FROM census_original  WHERE census_original.dv_version = 'sample' AND census_original.dv_create_time = 'NULL' AND census_original.dv_cmdline_args LIKE 'sample' ORDER BY census_original.dv_create_time LIMIT 100;"
2025-07-01T00:28:28.322605,SELECT census_original.dv_create_time FROM census_original  WHERE census_original.dv_version = 'sample' ORDER BY census_original.dv_create_time LIMIT 100;
2025-07-01T00:28:29.811113,"SELECT census_original.dv_cmdline_args, census_original.dv_create_time FROM census_original  WHERE census_original.dv_version = 'sample' AND census_original.dv_create_time = 'NULL' AND census_original.dv_cmdline_args LIKE 'sample' ORDER BY census_original.dv_create_time LIMIT 100;"
2025-07-01T00:28:31.299939,SELECT census_original.dv_cmdline_args FROM census_original  WHERE census_original.dv_create_date <= TIMESTAMP '2022-01-01' ORDER BY census_original.dv_cmdline_args LIMIT 100;
2025-07-01T00:28:32.789083,SELECT census_original.dv_create_date FROM census_original  WHERE census_original.dv_cmdline_args LIKE 'sample' AND census_original.dv_version LIKE 'sample' AND census_original.dv_create_date >= TIMESTAMP '2022-01-01' ORDER BY census_original.dv_create_date LIMIT 100;
2025-07-01T00:28:34.278545,SELECT census_original.dv_cmdline_args FROM census_original  WHERE census_original.dv_create_date <= TIMESTAMP '2022-01-01' ORDER BY census_original.dv_cmdline_args LIMIT 100;
2025-07-01T00:28:35.768322,SELECT census_original.dv_create_date FROM census_original  WHERE census_original.dv_cmdline_args LIKE 'sample' AND census_original.dv_version LIKE 'sample' AND census_original.dv_create_date >= TIMESTAMP '2022-01-01' ORDER BY census_original.dv_create_date LIMIT 100;
2025-07-01T00:28:37.258417,SELECT census_original.dv_create_time FROM census_original  WHERE census_original.dv_version = 'sample' ORDER BY census_original.dv_create_time LIMIT 100;
2025-07-01T00:28:38.748826,"SELECT census_original.dv_cmdline_args, census_original.dv_create_time FROM census_original  WHERE census_original.dv_version = 'sample' AND census_original.dv_create_time = 'NULL' AND census_original.dv_cmdline_args LIKE 'sample' ORDER BY census_original.dv_create_time LIMIT 100;"
2025-07-01T00:28:40.239551,"SELECT census_original.dv_cmdline_args, census_original.dv_create_time FROM census_original  WHERE census_original.dv_version = 'sample' AND census_original.dv_create_time = 'NULL' AND census_original.dv_cmdline_args LIKE 'sample' ORDER BY census_original.dv_create_time LIMIT 100;"
2025-07-01T00:28:41.730591,SELECT census_original.dv_create_date FROM census_original  WHERE census_original.dv_cmdline_args LIKE 'sample' AND census_original.dv_version LIKE 'sample' AND census_original.dv_create_date >= TIMESTAMP '2022-01-01' ORDER BY census_original.dv_create_date LIMIT 100;
2025-07-01T00:28:43.221945,"SELECT census_original.dv_cmdline_args, census_original.dv_create_time FROM census_original  WHERE census_original.dv_version = 'sample' AND census_original.dv_create_time = 'NULL' AND census_original.dv_cmdline_args LIKE 'sample' ORDER BY census_original.dv_create_time LIMIT 100;"
2025-07-01T00:28:44.713613,SELECT census_original.dv_cmdline_args FROM census_original  WHERE census_original.dv_create_date <= TIMESTAMP '2022-01-01' ORDER BY census_original.dv_cmdline_args LIMIT 100;
2025-07-01T00:28:46.205594,SELECT census_original.dv_version FROM census_original  WHERE census_original.dv_create_time = 'NULL' AND census_original.dv_cmdline_args = 'sample' ORDER BY census_original.dv_version LIMIT 100;
2025-07-01T00:28:47.697887,SELECT census_original.dv_create_time FROM census_original  WHERE census_original.dv_version = 'sample' ORDER BY census_original.dv_create_time LIMIT 100;
2025-07-01T00:28:49.190493,SELECT census_original.dv_create_time FROM census_original  WHERE census_original.dv_version = 'sample' ORDER BY census_original.dv_create_time LIMIT 100;
2025-07-01T00:28:50.683411,SELECT census_original.dv_create_time FROM census_original  WHERE census_original.dv_version = 'sample' ORDER BY census_original.dv_create_time LIMIT 100;
2025-07-01T00:28:52.176640,SELECT census_original.dv_create_date FROM census_original  WHERE census_original.dv_cmdline_args LIKE 'sample' AND census_original.dv_version LIKE 'sample' AND census_original.dv_create_date >= TIMESTAMP '2022-01-01' ORDER BY census_original.dv_create_date LIMIT 100;
2025-07-01T00:28:53.670179,SELECT census_original.dv_create_time FROM census_original  WHERE census_original.dv_version = 'sample' ORDER BY census_original.dv_create_time LIMIT 100;
2025-07-01T00:28:55.164029,"SELECT census_original.dv_cmdline_args, census_original.dv_create_time FROM census_original  WHERE census_original.dv_version = 'sample' AND census_original.dv_create_time = 'NULL' AND census_original.dv_cmdline_args LIKE 'sample' ORDER BY census_original.dv_create_time LIMIT 100;"
2025-07-01T00:28:56.658189,SELECT census_original.dv_create_date FROM census_original  WHERE census_original.dv_cmdline_args LIKE 'sample' AND census_original.dv_version LIKE 'sample' AND census_original.dv_create_date >= TIMESTAMP '2022-01-01' ORDER BY census_original.dv_create_date LIMIT 100;
2025-07-01T00:28:58.152659,SELECT census_original.dv_create_time FROM census_original  WHERE census_original.dv_version = 'sample' ORDER BY census_original.dv_create_time LIMIT 100;
2025-07-01T00:28:59.647437,SELECT census_original.dv_create_date FROM census_original  WHERE census_original.dv_cmdline_args LIKE 'sample' AND census_original.dv_version LIKE 'sample' AND census_original.dv_create_date >= TIMESTAMP '2022-01-01' ORDER BY census_original.dv_create_date LIMIT 100;
2025-07-01T00:29:01.142523,"SELECT census_original.dv_cmdline_args, census_original.dv_create_time FROM census_original  WHERE census_original.dv_version = 'sample' AND census_original.dv_create_time = 'NULL' AND census_original.dv_cmdline_args LIKE 'sample' ORDER BY census_original.dv_create_time LIMIT 100;"
2025-07-01T00:29:02.637918,SELECT census_original.dv_create_time FROM census_original  WHERE census_original.dv_version = 'sample' ORDER BY census_original.dv_create_time LIMIT 100;
2025-07-01T00:29:04.133620,"SELECT census_original.dv_cmdline_args, census_original.dv_create_time FROM census_original  WHERE census_original.dv_version = 'sample' AND census_original.dv_create_time = 'NULL' AND census_original.dv_cmdline_args LIKE 'sample' ORDER BY census_original.dv_create_time LIMIT 100;"
2025-07-01T00:29:05.629629,"SELECT census_original.dv_cmdline_args, census_original.dv_create_time FROM census_original  WHERE census_original.dv_version = 'sample' AND census_original.dv_create_time = 'NULL' AND census_original.dv_cmdline_args LIKE 'sample' ORDER BY census_original.dv_create_time LIMIT 100;"
2025-07-01T00:29:07.125944,SELECT census_original.dv_create_date FROM census_original  WHERE census_original.dv_cmdline_args LIKE 'sample' AND census_original.dv_version LIKE 'sample' AND census_original.dv_create_date >= TIMESTAMP '2022-01-01' ORDER BY census_original.dv_create_date LIMIT 100;
2025-07-01T00:29:08.622565,SELECT census_original.dv_cmdline_args FROM census_original  WHERE census_original.dv_create_date <= TIMESTAMP '2022-01-01' ORDER BY census_original.dv_cmdline_args LIMIT 100;
2025-07-01T00:29:10.119493,SELECT census_original.dv_create_time FROM census_original  WHERE census_original.dv_version = 'sample' ORDER BY census_original.dv_create_time LIMIT 100;
2025-07-01T00:29:11.616725,SELECT census_original.dv_version FROM census_original  WHERE census_original.dv_create_time = 'NULL' AND census_original.dv_cmdline_args = 'sample' ORDER BY census_original.dv_version LIMIT 100;
2025-07-01T00:29:13.114262,"SELECT census_original.dv_cmdline_args, census_original.dv_create_time FROM census_original  WHERE census_original.dv_version = 'sample' AND census_original.dv_create_time = 'NULL' AND census_original.dv_cmdline_args LIKE 'sample' ORDER BY census_original.dv_create_time LIMIT 100;"
2025-07-01T00:29:14.612102,SELECT census_original.dv_create_time FROM census_original  WHERE census_original.dv_version = 'sample' ORDER BY census_original.dv_create_time LIMIT 100;
2025-07-01T00:29:16.110247,SELECT census_original.dv_cmdline_args FROM census_original  WHERE census_original.dv_create_date <= TIMESTAMP '2022-01-01' ORDER BY census_original.dv_cmdline_args LIMIT 100;
2025-07-01T00:29:17.608695,SELECT census_original.dv_create_time FROM census_original  WHERE census_original.dv_version = 'sample' ORDER BY census_original.dv_create_time LIMIT 100;
2025-07-01T00:29:19.107446,SELECT census_original.dv_create_time FROM census_original  WHERE census_original.dv_version = 'sample' ORDER BY census_original.dv_create_time LIMIT 100;
2025-07-01T00:29:20.606499,SELECT census_original.dv_create_time FROM census_original  WHERE census_original.dv_version = 'sample' ORDER BY census_original.dv_create_time LIMIT 100;
2025-07-01T00:29:22.105854,SELECT census_original.dv_create_time FROM census_original  WHERE census_original.dv_version = 'sample' ORDER BY census_original.dv_create_time LIMIT 100;
2025-07-01T00:29:23.605510,SELECT census_original.dv_cmdline_args FROM census_original  WHERE census_original.dv_create_date <= TIMESTAMP '2022-01-01' ORDER BY census_original.dv_cmdline_args LIMIT 100;
2025-07-01T00:29:25.105468,"SELECT census_original.dv_cmdline_args, census_original.dv_create_time FROM census_original  WHERE census_original.dv_version = 'sample' AND census_original.dv_create_time = 'NULL' AND census_original.dv_cmdline_args LIKE 'sample' ORDER BY census_original.dv_create_time LIMIT 100;"
2025-07-01T00:29:26.605726,"SELECT census_original.dv_cmdline_args, census_original.dv_create_time FROM census_original  WHERE census_original.dv_version = 'sample' AND census_original.dv_create_time = 'NULL' AND census_original.dv_cmdline_args LIKE 'sample' ORDER BY census_original.dv_create_time LIMIT 100;"
2025-07-01T00:29:28.106284,SELECT census_original.dv_version FROM census_original  WHERE census_original.dv_create_time = 'NULL' AND census_original.dv_cmdline_args = 'sample' ORDER BY census_original.dv_version LIMIT 100;
2025-07-01T00:29:29.607141,SELECT census_original.dv_create_date FROM census_original  WHERE census_original.dv_cmdline_args LIKE 'sample' AND census_original.dv_version LIKE 'sample' AND census_original.dv_create_date >= TIMESTAMP '2022-01-01' ORDER BY census_original.dv_create_date LIMIT 100;
2025-07-01T00:29:31.108298,SELECT census_original.dv_cmdline_args FROM census_original  WHERE census_original.dv_create_date <= TIMESTAMP '2022-01-01' ORDER BY census_original.dv_cmdline_args LIMIT 100;
2025-07-01T00:29:32.609754,"SELECT census_original.dv_cmdline_args, census_original.dv_create_time FROM census_original  WHERE census_original.dv_version = 'sample' AND census_original.dv_create_time = 'NULL' AND census_original.dv_cmdline_args LIKE 'sample' ORDER BY census_original.dv_create_time LIMIT 100;"
2025-07-01T00:29:34.111508,SELECT census_original.dv_create_date FROM census_original  WHERE census_original.dv_cmdline_args LIKE 'sample' AND census_original.dv_version LIKE 'sample' AND census_original.dv_create_date >= TIMESTAMP '2022-01-01' ORDER BY census_original.dv_create_date LIMIT 100;
2025-07-01T00:29:35.613559,SELECT census_original.dv_cmdline_args FROM census_original  WHERE census_original.dv_create_date <= TIMESTAMP '2022-01-01' ORDER BY census_original.dv_cmdline_args LIMIT 100;
2025-07-01T00:29:37.115908,SELECT census_original.dv_cmdline_args FROM census_original  WHERE census_original.dv_create_date <= TIMESTAMP '2022-01-01' ORDER BY census_original.dv_cmdline_args LIMIT 100;
2025-07-01T00:29:38.618554,SELECT census_original.dv_version FROM census_original  WHERE census_original.dv_create_time = 'NULL' AND census_original.dv_cmdline_args = 'sample' ORDER BY census_original.dv_version LIMIT 100;
2025-07-01T00:29:40.121497,"SELECT census_original.dv_cmdline_args, census_original.dv_create_time FROM census_original  WHERE census_original.dv_version = 'sample' AND census_original.dv_create_time = 'NULL' AND census_original.dv_cmdline_args LIKE 'sample' ORDER BY census_original.dv_create_time LIMIT 100;"
2025-07-01T00:29:41.624736,SELECT census_original.dv_create_date FROM census_original  WHERE census_original.dv_cmdline_args LIKE 'sample' AND census_original.dv_version LIKE 'sample' AND census_original.dv_create_date >= TIMESTAMP '2022-01-01' ORDER BY census_original.dv_create_date LIMIT 100;
2025-07-01T00:29:43.128270,SELECT census_original.dv_cmdline_args FROM census_original  WHERE census_original.dv_create_date <= TIMESTAMP '2022-01-01' ORDER BY census_original.dv_cmdline_args LIMIT 100;
2025-07-01T00:29:44.632099,SELECT census_original.dv_create_time FROM census_original  WHERE census_original.dv_version = 'sample' ORDER BY census_original.dv_create_time LIMIT 100;
2025-07-01T00:29:46.136223,SELECT census_original.dv_create_time FROM census_original  WHERE census_original.dv_version = 'sample' ORDER BY census_original.dv_create_time LIMIT 100;
2025-07-01T00:29:47.640642,"SELECT census_original.dv_cmdline_args, census_original.dv_create_time FROM census_original  WHERE census_original.dv_version = 'sample' AND census_original.dv_create_time = 'NULL' AND census_original.dv_cmdline_args LIKE 'sample' ORDER BY census_original.dv_create_time LIMIT 100;"
2025-07-01T00:29:49.145355,SELECT census_original.dv_create_date FROM census_original  WHERE census_original.dv_cmdline_args LIKE 'sample' AND census_original.dv_version LIKE 'sample' AND census_original.dv_create_date >= TIMESTAMP '2022-01-01' ORDER BY census_original.dv_create_date LIMIT 100;
2025-07-01T00:29:50.650360,SELECT census_original.dv_create_date FROM census_original  WHERE census_original.dv_cmdline_args LIKE 'sample' AND census_original.dv_version LIKE 'sample' AND census_original.dv_create_date >= TIMESTAMP '2022-01-01' ORDER BY census_original.dv_create_date LIMIT 100;
2025-07-01T00:29:52.155659,SELECT census_original.dv_cmdline_args FROM census_original  WHERE census_original.dv_create_date <= TIMESTAMP '2022-01-01' ORDER BY census_original.dv_cmdline_args LIMIT 100;
2025-07-01T00:29:53.661251,SELECT census_original.dv_create_date FROM census_original  WHERE census_original.dv_cmdline_args LIKE 'sample' AND census_original.dv_version LIKE 'sample' AND census_original.dv_create_date >= TIMESTAMP '2022-01-01' ORDER BY census_original.dv_create_date LIMIT 100;
2025-07-01T00:29:55.167135,"SELECT census_original.dv_cmdline_args, census_original.dv_create_time FROM census_original  WHERE census_original.dv_version = 'sample' AND census_original.dv_create_time = 'NULL' AND census_original.dv_cmdline_args LIKE 'sample' ORDER BY census_original.dv_create_time LIMIT 100;"
2025-07-01T00:29:56.673310,SELECT census_original.dv_create_date FROM census_original  WHERE census_original.dv_cmdline_args LIKE 'sample' AND census_original.dv_version LIKE 'sample' AND census_original.dv_create_date >= TIMESTAMP '2022-01-01' ORDER BY census_original.dv_create_date LIMIT 100;
2025-07-01T00:29:58.179777,SELECT census_original.dv_version FROM census_original  WHERE census_original.dv_create_time = 'NULL' AND census_original.dv_cmdline_args = 'sample' ORDER BY census_original.dv_version LIMIT 100;
2025-07-01T00:29:59.686535,SELECT census_original.dv_create_date FROM census_original  WHERE census_original.dv_cmdline_args LIKE 'sample' AND census_original.dv_version LIKE 'sample' AND census_original.dv_create_date >= TIMESTAMP '2022-01-01' ORDER BY census_original.dv_create_date LIMIT 100;
2025-07-01T00:30:01.193583,SELECT census_original.dv_cmdline_args FROM census_original  WHERE census_original.dv_create_date <= TIMESTAMP '2022-01-01' ORDER BY census_original.dv_cmdline_args LIMIT 100;
2025-07-01T00:30:02.700921,SELECT census_original.dv_create_date FROM census_original  WHERE census_original.dv_cmdline_args LIKE 'sample' AND census_original.dv_version LIKE 'sample' AND census_original.dv_create_date >= TIMESTAMP '2022-01-01' ORDER BY census_original.dv_create_date LIMIT 100;
2025-07-01T00:30:04.208549,SELECT census_original.dv_cmdline_args FROM census_original  WHERE census_original.dv_create_date <= TIMESTAMP '2022-01-01' ORDER BY census_original.dv_cmdline_args LIMIT 100;
2025-07-01T00:30:05.716467,"SELECT census_original.dv_cmdline_args, census_original.dv_create_time FROM census_original  WHERE census_original.dv_version = 'sample' AND census_original.dv_create_time = 'NULL' AND census_original.dv_cmdline_args LIKE 'sample' ORDER BY census_original.dv_create_time LIMIT 100;"
2025-07-01T00:30:07.224673,"SELECT census_original.dv_cmdline_args, census_original.dv_create_time FROM census_original  WHERE census_original.dv_version = 'sample' AND census_original.dv_create_time = 'NULL' AND census_original.dv_cmdline_args LIKE 'sample' ORDER BY census_original.dv_create_time LIMIT 100;"
2025-07-01T00:30:08.733167,SELECT census_original.dv_create_time FROM census_original  WHERE census_original.dv_version = 'sample' ORDER BY census_original.dv_create_time LIMIT 100;
2025-07-01T00:30:10.241949,SELECT census_original.dv_create_time FROM census_original  WHERE census_original.dv_version = 'sample' ORDER BY census_original.dv_create_time LIMIT 100;
2025-07-01T00:30:11.751019,SELECT census_original.dv_create_time FROM census_original  WHERE census_original.dv_version = 'sample' ORDER BY census_original.dv_create_time LIMIT 100;
2025-07-01T00:30:13.260376,SELECT census_original.dv_create_time FROM census_original  WHERE census_original.dv_version = 'sample' ORDER BY census_original.dv_create_time LIMIT 100;
2025-07-01T00:30:14.770020,"SELECT census_original.dv_cmdline_args, census_original.dv_create_time FROM census_original  WHERE census_original.dv_version = 'sample' AND census_original.dv_create_time = 'NULL' AND census_original.dv_cmdline_args LIKE 'sample' ORDER BY census_original.dv_create_time LIMIT 100;"
2025-07-01T00:30:16.279950,SELECT census_original.dv_version FROM census_original  WHERE census_original.dv_create_time = 'NULL' AND census_original.dv_cmdline_args = 'sample' ORDER BY census_original.dv_version LIMIT 100;
2025-07-01T00:30:17.790166,"SELECT census_original.dv_cmdline_args, census_original.dv_create_time FROM census_original  WHERE census_original.dv_version = 'sample' AND census_original.dv_create_time = 'NULL' AND census_original.dv_cmdline_args LIKE 'sample' ORDER BY census_original.dv_create_time LIMIT 100;"
2025-07-01T00:30:19.300668,SELECT census_original.dv_version FROM census_original  WHERE census_original.dv_create_time = 'NULL' AND census_original.dv_cmdline_args = 'sample' ORDER BY census_original.dv_version LIMIT 100;
2025-07-01T00:30:20.811455,"SELECT census_original.dv_cmdline_args, census_original.dv_create_time FROM census_original  WHERE census_original.dv_version = 'sample' AND census_original.dv_create_time = 'NULL' AND census_original.dv_cmdline_args LIKE 'sample' ORDER BY census_original.dv_create_time LIMIT 100;"
2025-07-01T00:30:22.322526,"SELECT census_original.dv_cmdline_args, census_original.dv_create_time FROM census_original  WHERE census_original.dv_version = 'sample' AND census_original.dv_create_time = 'NULL' AND census_original.dv_cmdline_args LIKE 'sample' ORDER BY census_original.dv_create_time LIMIT 100;"
2025-07-01T00:30:23.833882,SELECT census_original.dv_create_time FROM census_original  WHERE census_original.dv_version = 'sample' ORDER BY census_original.dv_create_time LIMIT 100;
2025-07-01T00:30:25.345521,SELECT census_original.dv_cmdline_args FROM census_original  WHERE census_original.dv_create_date <= TIMESTAMP '2022-01-01' ORDER BY census_original.dv_cmdline_args LIMIT 100;
2025-07-01T00:30:26.857444,"SELECT census_original.dv_cmdline_args, census_original.dv_create_time FROM census_original  WHERE census_original.dv_version = 'sample' AND census_original.dv_create_time = 'NULL' AND census_original.dv_cmdline_args LIKE 'sample' ORDER BY census_original.dv_create_time LIMIT 100;"
2025-07-01T00:30:28.369651,"SELECT census_original.dv_cmdline_args, census_original.dv_create_time FROM census_original  WHERE census_original.dv_version = 'sample' AND census_original.dv_create_time = 'NULL' AND census_original.dv_cmdline_args LIKE 'sample' ORDER BY census_original.dv_create_time LIMIT 100;"
2025-07-01T00:30:29.882139,SELECT census_original.dv_create_date FROM census_original  WHERE census_original.dv_cmdline_args LIKE 'sample' AND census_original.dv_version LIKE 'sample' AND census_original.dv_create_date >= TIMESTAMP '2022-01-01' ORDER BY census_original.dv_create_date LIMIT 100;
2025-07-01T00:30:31.394910,SELECT census_original.dv_create_time FROM census_original  WHERE census_original.dv_version = 'sample' ORDER BY census_original.dv_create_time LIMIT 100;
2025-07-01T00:30:32.907963,SELECT census_original.dv_create_date FROM census_original  WHERE census_original.dv_cmdline_args LIKE 'sample' AND census_original.dv_version LIKE 'sample' AND census_original.dv_create_date >= TIMESTAMP '2022-01-01' ORDER BY census_original.dv_create_date LIMIT 100;
2025-07-01T00:30:34.421298,SELECT census_original.dv_version FROM census_original  WHERE census_original.dv_create_time = 'NULL' AND census_original.dv_cmdline_args = 'sample' ORDER BY census_original.dv_version LIMIT 100;
2025-07-01T00:30:35.934913,SELECT census_original.dv_create_time FROM census_original  WHERE census_original.dv_version = 'sample' ORDER BY census_original.dv_create_time LIMIT 100;
2025-07-01T00:30:37.448810,SELECT census_original.dv_version FROM census_original  WHERE census_original.dv_create_time = 'NULL' AND census_original.dv_cmdline_args = 'sample' ORDER BY census_original.dv_version LIMIT 100;
2025-07-01T00:30:38.962986,SELECT census_original.dv_cmdline_args FROM census_original  WHERE census_original.dv_create_date <= TIMESTAMP '2022-01-01' ORDER BY census_original.dv_cmdline_args LIMIT 100;
2025-07-01T00:30:40.477443,SELECT census_original.dv_version FROM census_original  WHERE census_original.dv_create_time = 'NULL' AND census_original.dv_cmdline_args = 'sample' ORDER BY census_original.dv_version LIMIT 100;
2025-07-01T00:30:41.992179,"SELECT census_original.dv_cmdline_args, census_original.dv_create_time FROM census_original  WHERE census_original.dv_version = 'sample' AND census_original.dv_create_time = 'NULL' AND census_original.dv_cmdline_args LIKE 'sample' ORDER BY census_original.dv_create_time LIMIT 100;"
2025-07-01T00:30:43.507194,SELECT census_original.dv_create_date FROM census_original  WHERE census_original.dv_cmdline_args LIKE 'sample' AND census_original.dv_version LIKE 'sample' AND census_original.dv_create_date >= TIMESTAMP '2022-01-01' ORDER BY census_original.dv_create_date LIMIT 100;
2025-07-01T00:30:45.022488,SELECT census_original.dv_version FROM census_original  WHERE census_original.dv_create_time = 'NULL' AND census_original.dv_cmdline_args = 'sample' ORDER BY census_original.dv_version LIMIT 100;
2025-07-01T00:30:46.538060,SELECT census_original.dv_create_time FROM census_original  WHERE census_original.dv_version = 'sample' ORDER BY census_original.dv_create_time LIMIT 100;
2025-07-01T00:30:48.053911,SELECT census_original.dv_create_time FROM census_original  WHERE census_original.dv_version = 'sample' ORDER BY census_original.dv_create_time LIMIT 100;
2025-07-01T00:30:49.570038,"SELECT census_original.dv_cmdline_args, census_original.dv_create_time FROM census_original  WHERE census_original.dv_version = 'sample' AND census_original.dv_create_time = 'NULL' AND census_original.dv_cmdline_args LIKE 'sample' ORDER BY census_original.dv_create_time LIMIT 100;"
2025-07-01T00:30:51.086443,SELECT census_original.dv_version FROM census_original  WHERE census_original.dv_create_time = 'NULL' AND census_original.dv_cmdline_args = 'sample' ORDER BY census_original.dv_version LIMIT 100;
2025-07-01T00:30:52.603125,SELECT census_original.dv_cmdline_args FROM census_original  WHERE census_original.dv_create_date <= TIMESTAMP '2022-01-01' ORDER BY census_original.dv_cmdline_args LIMIT 100;
2025-07-01T00:30:54.120083,SELECT census_original.dv_version FROM census_original  WHERE census_original.dv_create_time = 'NULL' AND census_original.dv_cmdline_args = 'sample' ORDER BY census_original.dv_version LIMIT 100;
2025-07-01T00:30:55.637318,SELECT census_original.dv_cmdline_args FROM census_original  WHERE census_original.dv_create_date <= TIMESTAMP '2022-01-01' ORDER BY census_original.dv_cmdline_args LIMIT 100;
2025-07-01T00:30:57.154828,SELECT census_original.dv_cmdline_args FROM census_original  WHERE census_original.dv_create_date <= TIMESTAMP '2022-01-01' ORDER BY census_original.dv_cmdline_args LIMIT 100;
2025-07-01T00:30:58.672613,SELECT census_original.dv_create_date FROM census_original  WHERE census_original.dv_cmdline_args LIKE 'sample' AND census_original.dv_version LIKE 'sample' AND census_original.dv_create_date >= TIMESTAMP '2022-01-01' ORDER BY census_original.dv_create_date LIMIT 100;
2025-07-01T00:31:00.190673,"SELECT census_original.dv_cmdline_args, census_original.dv_create_time FROM census_original  WHERE census_original.dv_version = 'sample' AND census_original.dv_create_time = 'NULL' AND census_original.dv_cmdline_args LIKE 'sample' ORDER BY census_original.dv_create_time LIMIT 100;"
2025-07-01T00:31:01.709008,"SELECT census_original.dv_cmdline_args, census_original.dv_create_time FROM census_original  WHERE census_original.dv_version = 'sample' AND census_original.dv_create_time = 'NULL' AND census_original.dv_cmdline_args LIKE 'sample' ORDER BY census_original.dv_create_time LIMIT 100;"
2025-07-01T00:31:03.227617,SELECT census_original.dv_create_date FROM census_original  WHERE census_original.dv_cmdline_args LIKE 'sample' AND census_original.dv_version LIKE 'sample' AND census_original.dv_create_date >= TIMESTAMP '2022-01-01' ORDER BY census_original.dv_create_date LIMIT 100;
2025-07-01T00:31:04.746500,SELECT census_original.dv_cmdline_args FROM census_original  WHERE census_original.dv_create_date <= TIMESTAMP '2022-01-01' ORDER BY census_original.dv_cmdline_args LIMIT 100;
2025-07-01T00:31:06.265656,"SELECT census_original.dv_cmdline_args, census_original.dv_create_time FROM census_original  WHERE census_original.dv_version = 'sample' AND census_original.dv_create_time = 'NULL' AND census_original.dv_cmdline_args LIKE 'sample' ORDER BY census_original.dv_create_time LIMIT 100;"
2025-07-01T00:31:07.785085,SELECT census_original.dv_cmdline_args FROM census_original  WHERE census_original.dv_create_date <= TIMESTAMP '2022-01-01' ORDER BY census_original.dv_cmdline_args LIMIT 100;
2025-07-01T00:31:09.304787,SELECT census_original.dv_version FROM census_original  WHERE census_original.dv_create_time = 'NULL' AND census_original.dv_cmdline_args = 'sample' ORDER BY census_original.dv_version LIMIT 100;
2025-07-01T00:31:10.824761,SELECT census_original.dv_cmdline_args FROM census_original  WHERE census_original.dv_create_date <= TIMESTAMP '2022-01-01' ORDER BY census_original.dv_cmdline_args LIMIT 100;
2025-07-01T00:31:12.345007,SELECT census_original.dv_version FROM census_original  WHERE census_original.dv_create_time = 'NULL' AND census_original.dv_cmdline_args = 'sample' ORDER BY census_original.dv_version LIMIT 100;
2025-07-01T00:31:13.865524,"SELECT census_original.dv_cmdline_args, census_original.dv_create_time FROM census_original  WHERE census_original.dv_version = 'sample' AND census_original.dv_create_time = 'NULL' AND census_original.dv_cmdline_args LIKE 'sample' ORDER BY census_original.dv_create_time LIMIT 100;"
2025-07-01T00:31:15.386313,SELECT census_original.dv_cmdline_args FROM census_original  WHERE census_original.dv_create_date <= TIMESTAMP '2022-01-01' ORDER BY census_original.dv_cmdline_args LIMIT 100;
2025-07-01T00:31:16.907373,SELECT census_original.dv_cmdline_args FROM census_original  WHERE census_original.dv_create_date <= TIMESTAMP '2022-01-01' ORDER BY census_original.dv_cmdline_args LIMIT 100;
2025-07-01T00:31:18.428703,SELECT census_original.dv_create_date FROM census_original  WHERE census_original.dv_cmdline_args LIKE 'sample' AND census_original.dv_version LIKE 'sample' AND census_original.dv_create_date >= TIMESTAMP '2022-01-01' ORDER BY census_original.dv_create_date LIMIT 100;
2025-07-01T00:31:19.950303,SELECT census_original.dv_cmdline_args FROM census_original  WHERE census_original.dv_create_date <= TIMESTAMP '2022-01-01' ORDER BY census_original.dv_cmdline_args LIMIT 100;
2025-07-01T00:31:21.472173,SELECT census_original.dv_create_date FROM census_original  WHERE census_original.dv_cmdline_args LIKE 'sample' AND census_original.dv_version LIKE 'sample' AND census_original.dv_create_date >= TIMESTAMP '2022-01-01' ORDER BY census_original.dv_create_date LIMIT 100;
2025-07-01T00:31:22.994312,SELECT census_original.dv_create_time FROM census_original  WHERE census_original.dv_version = 'sample' ORDER BY census_original.dv_create_time LIMIT 100;
2025-07-01T00:31:24.516720,SELECT census_original.dv_version FROM census_original  WHERE census_original.dv_create_time = 'NULL' AND census_original.dv_cmdline_args = 'sample' ORDER BY census_original.dv_version LIMIT 100;
2025-07-01T00:31:26.039397,SELECT census_original.dv_create_time FROM census_original  WHERE census_original.dv_version = 'sample' ORDER BY census_original.dv_create_time LIMIT 100;
2025-07-01T00:31:27.562342,SELECT census_original.dv_create_time FROM census_original  WHERE census_original.dv_version = 'sample' ORDER BY census_original.dv_create_time LIMIT 100;
2025-07-01T00:31:29.085555,SELECT census_original.dv_create_time FROM census_original  WHERE census_original.dv_version = 'sample' ORDER BY census_original.dv_create_time LIMIT 100;
2025-07-01T00:31:30.609036,SELECT census_original.dv_create_date FROM census_original  WHERE census_original.dv_cmdline_args LIKE 'sample' AND census_original.dv_version LIKE 'sample' AND census_original.dv_create_date >= TIMESTAMP '2022-01-01' ORDER BY census_original.dv_create_date LIMIT 100;
2025-07-01T00:31:32.132784,"SELECT census_original.dv_cmdline_args, census_original.dv_create_time FROM census_original  WHERE census_original.dv_version = 'sample' AND census_original.dv_create_time = 'NULL' AND census_original.dv_cmdline_args LIKE 'sample' ORDER BY census_original.dv_create_time LIMIT 100;"
2025-07-01T00:31:33.656798,SELECT census_original.dv_create_time FROM census_original  WHERE census_original.dv_version = 'sample' ORDER BY census_original.dv_create_time LIMIT 100;
2025-07-01T00:31:35.181079,"SELECT census_original.dv_cmdline_args, census_original.dv_create_time FROM census_original  WHERE census_original.dv_version = 'sample' AND census_original.dv_create_time = 'NULL' AND census_original.dv_cmdline_args LIKE 'sample' ORDER BY census_original.dv_create_time LIMIT 100;"
2025-07-01T00:31:36.705627,SELECT census_original.dv_create_date FROM census_original  WHERE census_original.dv_cmdline_args LIKE 'sample' AND census_original.dv_version LIKE 'sample' AND census_original.dv_create_date >= TIMESTAMP '2022-01-01' ORDER BY census_original.dv_create_date LIMIT 100;
2025-07-01T00:31:38.230440,"SELECT census_original.dv_cmdline_args, census_original.dv_create_time FROM census_original  WHERE census_original.dv_version = 'sample' AND census_original.dv_create_time = 'NULL' AND census_original.dv_cmdline_args LIKE 'sample' ORDER BY census_original.dv_create_time LIMIT 100;"
2025-07-01T00:31:39.755518,"SELECT census_original.dv_cmdline_args, census_original.dv_create_time FROM census_original  WHERE census_original.dv_version = 'sample' AND census_original.dv_create_time = 'NULL' AND census_original.dv_cmdline_args LIKE 'sample' ORDER BY census_original.dv_create_time LIMIT 100;"
2025-07-01T00:31:41.280862,SELECT census_original.dv_cmdline_args FROM census_original  WHERE census_original.dv_create_date <= TIMESTAMP '2022-01-01' ORDER BY census_original.dv_cmdline_args LIMIT 100;
2025-07-01T00:31:42.806470,SELECT census_original.dv_cmdline_args FROM census_original  WHERE census_original.dv_create_date <= TIMESTAMP '2022-01-01' ORDER BY census_original.dv_cmdline_args LIMIT 100;
2025-07-01T00:31:44.332343,SELECT census_original.dv_version FROM census_original  WHERE census_original.dv_create_time = 'NULL' AND census_original.dv_cmdline_args = 'sample' ORDER BY census_original.dv_version LIMIT 100;
2025-07-01T00:31:45.858479,SELECT census_original.dv_version FROM census_original  WHERE census_original.dv_create_time = 'NULL' AND census_original.dv_cmdline_args = 'sample' ORDER BY census_original.dv_version LIMIT 100;
2025-07-01T00:31:47.384880,SELECT census_original.dv_cmdline_args FROM census_original  WHERE census_original.dv_create_date <= TIMESTAMP '2022-01-01' ORDER BY census_original.dv_cmdline_args LIMIT 100;
2025-07-01T00:31:48.911543,SELECT census_original.dv_create_date FROM census_original  WHERE census_original.dv_cmdline_args LIKE 'sample' AND census_original.dv_version LIKE 'sample' AND census_original.dv_create_date >= TIMESTAMP '2022-01-01' ORDER BY census_original.dv_create_date LIMIT 100;
2025-07-01T00:31:50.438470,"SELECT census_original.dv_cmdline_args, census_original.dv_create_time FROM census_original  WHERE census_original.dv_version = 'sample' AND census_original.dv_create_time = 'NULL' AND census_original.dv_cmdline_args LIKE 'sample' ORDER BY census_original.dv_create_time LIMIT 100;"
2025-07-01T00:31:51.965659,"SELECT census_original.dv_cmdline_args, census_original.dv_create_time FROM census_original  WHERE census_original.dv_version = 'sample' AND census_original.dv_create_time = 'NULL' AND census_original.dv_cmdline_args LIKE 'sample' ORDER BY census_original.dv_create_time LIMIT 100;"
2025-07-01T00:31:53.493111,"SELECT census_original.dv_cmdline_args, census_original.dv_create_time FROM census_original  WHERE census_original.dv_version = 'sample' AND census_original.dv_create_time = 'NULL' AND census_original.dv_cmdline_args LIKE 'sample' ORDER BY census_original.dv_create_time LIMIT 100;"
2025-07-01T00:31:55.020824,SELECT census_original.dv_create_time FROM census_original  WHERE census_original.dv_version = 'sample' ORDER BY census_original.dv_create_time LIMIT 100;
2025-07-01T00:31:56.548800,SELECT census_original.dv_version FROM census_original  WHERE census_original.dv_create_time = 'NULL' AND census_original.dv_cmdline_args = 'sample' ORDER BY census_original.dv_version LIMIT 100;
2025-07-01T00:31:58.077036,SELECT census_original.dv_create_time FROM census_original  WHERE census_original.dv_version = 'sample' ORDER BY census_original.dv_create_time LIMIT 100;
2025-07-01T00:31:59.605533,SELECT census_original.dv_create_time FROM census_original  WHERE census_original.dv_version = 'sample' ORDER BY census_original.dv_create_time LIMIT 100;
2025-07-01T00:32:01.134291,SELECT census_original.dv_version FROM census_original  WHERE census_original.dv_create_time = 'NULL' AND census_original.dv_cmdline_args = 'sample' ORDER BY census_original.dv_version LIMIT 100;
2025-07-01T00:32:02.663310,SELECT census_original.dv_create_date FROM census_original  WHERE census_original.dv_cmdline_args LIKE 'sample' AND census_original.dv_version LIKE 'sample' AND census_original.dv_create_date >= TIMESTAMP '2022-01-01' ORDER BY census_original.dv_create_date LIMIT 100;
2025-07-01T00:32:04.192588,SELECT census_original.dv_cmdline_args FROM census_original  WHERE census_original.dv_create_date <= TIMESTAMP '2022-01-01' ORDER BY census_original.dv_cmdline_args LIMIT 100;
2025-07-01T00:32:05.722125,"SELECT census_original.dv_cmdline_args, census_original.dv_create_time FROM census_original  WHERE census_original.dv_version = 'sample' AND census_original.dv_create_time = 'NULL' AND census_original.dv_cmdline_args LIKE 'sample' ORDER BY census_original.dv_create_time LIMIT 100;"
2025-07-01T00:32:07.251922,SELECT census_original.dv_create_time FROM census_original  WHERE census_original.dv_version = 'sample' ORDER BY census_original.dv_create_time LIMIT 100;
2025-07-01T00:32:08.781978,SELECT census_original.dv_create_time FROM census_original  WHERE census_original.dv_version = 'sample' ORDER BY census_original.dv_create_time LIMIT 100;
2025-07-01T00:32:10.312292,"SELECT census_original.dv_cmdline_args, census_original.dv_create_time FROM census_original  WHERE census_original.dv_version = 'sample' AND census_original.dv_create_time = 'NULL' AND census_original.dv_cmdline_args LIKE 'sample' ORDER BY census_original.dv_create_time LIMIT 100;"
2025-07-01T00:32:11.842865,"SELECT census_original.dv_cmdline_args, census_original.dv_create_time FROM census_original  WHERE census_original.dv_version = 'sample' AND census_original.dv_create_time = 'NULL' AND census_original.dv_cmdline_args LIKE 'sample' ORDER BY census_original.dv_create_time LIMIT 100;"
2025-07-01T00:32:13.373696,SELECT census_original.dv_create_time FROM census_original  WHERE census_original.dv_version = 'sample' ORDER BY census_original.dv_create_time LIMIT 100;
2025-07-01T00:32:14.904784,SELECT census_original.dv_version FROM census_original  WHERE census_original.dv_create_time = 'NULL' AND census_original.dv_cmdline_args = 'sample' ORDER BY census_original.dv_version LIMIT 100;
2025-07-01T00:32:16.436129,SELECT census_original.dv_create_time FROM census_original  WHERE census_original.dv_version = 'sample' ORDER BY census_original.dv_create_time LIMIT 100;
2025-07-01T00:32:17.967731,SELECT census_original.dv_create_date FROM census_original  WHERE census_original.dv_cmdline_args LIKE 'sample' AND census_original.dv_version LIKE 'sample' AND census_original.dv_create_date >= TIMESTAMP '2022-01-01' ORDER BY census_original.dv_create_date LIMIT 100;
2025-07-01T00:32:19.499590,SELECT census_original.dv_version FROM census_original  WHERE census_original.dv_create_time = 'NULL' AND census_original.dv_cmdline_args = 'sample' ORDER BY census_original.dv_version LIMIT 100;
2025-07-01T00:32:21.031705,"SELECT census_original.dv_cmdline_args, census_original.dv_create_time FROM census_original  WHERE census_original.dv_version = 'sample' AND census_original.dv_create_time = 'NULL' AND census_original.dv_cmdline_args LIKE 'sample' ORDER BY census_original.dv_create_time LIMIT 100;"
2025-07-01T00:32:22.564076,SELECT census_original.dv_version FROM census_original  WHERE census_original.dv_create_time = 'NULL' AND census_original.dv_cmdline_args = 'sample' ORDER BY census_original.dv_version LIMIT 100;
2025-07-01T00:32:24.096702,"SELECT census_original.dv_cmdline_args, census_original.dv_create_time FROM census_original  WHERE census_original.dv_version = 'sample' AND census_original.dv_create_time = 'NULL' AND census_original.dv_cmdline_args LIKE 'sample' ORDER BY census_original.dv_create_time LIMIT 100;"
2025-07-01T00:32:25.629584,SELECT census_original.dv_create_time FROM census_original  WHERE census_original.dv_version = 'sample' ORDER BY census_original.dv_create_time LIMIT 100;
2025-07-01T00:32:27.162721,SELECT census_original.dv_create_time FROM census_original  WHERE census_original.dv_version = 'sample' ORDER BY census_original.dv_create_time LIMIT 100;
2025-07-01T00:32:28.696112,SELECT census_original.dv_create_date FROM census_original  WHERE census_original.dv_cmdline_args LIKE 'sample' AND census_original.dv_version LIKE 'sample' AND census_original.dv_create_date >= TIMESTAMP '2022-01-01' ORDER BY census_original.dv_create_date LIMIT 100;
2025-07-01T00:32:30.229758,SELECT census_original.dv_version FROM census_original  WHERE census_original.dv_create_time = 'NULL' AND census_original.dv_cmdline_args = 'sample' ORDER BY census_original.dv_version LIMIT 100;
2025-07-01T00:32:31.763658,SELECT census_original.dv_create_date FROM census_original  WHERE census_original.dv_cmdline_args LIKE 'sample' AND census_original.dv_version LIKE 'sample' AND census_original.dv_create_date >= TIMESTAMP '2022-01-01' ORDER BY census_original.dv_create_date LIMIT 100;
2025-07-01T00:32:33.297811,SELECT census_original.dv_version FROM census_original  WHERE census_original.dv_create_time = 'NULL' AND census_original.dv_cmdline_args = 'sample' ORDER BY census_original.dv_version LIMIT 100;
2025-07-01T00:32:34.832217,SELECT census_original.dv_create_date FROM census_original  WHERE census_original.dv_cmdline_args LIKE 'sample' AND census_original.dv_version LIKE 'sample' AND census_original.dv_create_date >= TIMESTAMP '2022-01-01' ORDER BY census_original.dv_create_date LIMIT 100;
2025-07-01T00:32:36.366877,SELECT census_original.dv_version FROM census_original  WHERE census_original.dv_create_time = 'NULL' AND census_original.dv_cmdline_args = 'sample' ORDER BY census_original.dv_version LIMIT 100;
2025-07-01T00:32:37.901789,SELECT census_original.dv_create_time FROM census_original  WHERE census_original.dv_version = 'sample' ORDER BY census_original.dv_create_time LIMIT 100;
2025-07-01T00:32:39.436954,SELECT census_original.dv_cmdline_args FROM census_original  WHERE census_original.dv_create_date <= TIMESTAMP '2022-01-01' ORDER BY census_original.dv_cmdline_args LIMIT 100;
2025-07-01T00:32:40.972371,SELECT census_original.dv_create_date FROM census_original  WHERE census_original.dv_cmdline_args LIKE 'sample' AND census_original.dv_version LIKE 'sample' AND census_original.dv_create_date >= TIMESTAMP '2022-01-01' ORDER BY census_original.dv_create_date LIMIT 100;
2025-07-01T00:32:42.508039,"SELECT census_original.dv_cmdline_args, census_original.dv_create_time FROM census_original  WHERE census_original.dv_version = 'sample' AND census_original.dv_create_time = 'NULL' AND census_original.dv_cmdline_args LIKE 'sample' ORDER BY census_original.dv_create_time LIMIT 100;"
2025-07-01T00:32:44.043959,SELECT census_original.dv_version FROM census_original  WHERE census_original.dv_create_time = 'NULL' AND census_original.dv_cmdline_args = 'sample' ORDER BY census_original.dv_version LIMIT 100;
2025-07-01T00:32:45.580130,SELECT census_original.dv_create_time FROM census_original  WHERE census_original.dv_version = 'sample' ORDER BY census_original.dv_create_time LIMIT 100;
2025-07-01T00:32:47.116552,SELECT census_original.dv_create_time FROM census_original  WHERE census_original.dv_version = 'sample' ORDER BY census_original.dv_create_time LIMIT 100;
2025-07-01T00:32:48.653224,SELECT census_original.dv_create_date FROM census_original  WHERE census_original.dv_cmdline_args LIKE 'sample' AND census_original.dv_version LIKE 'sample' AND census_original.dv_create_date >= TIMESTAMP '2022-01-01' ORDER BY census_original.dv_create_date LIMIT 100;
2025-07-01T00:32:50.190146,SELECT census_original.dv_create_date FROM census_original  WHERE census_original.dv_cmdline_args LIKE 'sample' AND census_original.dv_version LIKE 'sample' AND census_original.dv_create_date >= TIMESTAMP '2022-01-01' ORDER BY census_original.dv_create_date LIMIT 100;
2025-07-01T00:32:51.727318,SELECT census_original.dv_create_time FROM census_original  WHERE census_original.dv_version = 'sample' ORDER BY census_original.dv_create_time LIMIT 100;
2025-07-01T00:32:53.264740,SELECT census_original.dv_version FROM census_original  WHERE census_original.dv_create_time = 'NULL' AND census_original.dv_cmdline_args = 'sample' ORDER BY census_original.dv_version LIMIT 100;
2025-07-01T00:32:54.802411,SELECT census_original.dv_create_date FROM census_original  WHERE census_original.dv_cmdline_args LIKE 'sample' AND census_original.dv_version LIKE 'sample' AND census_original.dv_create_date >= TIMESTAMP '2022-01-01' ORDER BY census_original.dv_create_date LIMIT 100;
2025-07-01T00:32:56.340331,SELECT census_original.dv_version FROM census_original  WHERE census_original.dv_create_time = 'NULL' AND census_original.dv_cmdline_args = 'sample' ORDER BY census_original.dv_version LIMIT 100;
2025-07-01T00:32:57.878499,SELECT census_original.dv_version FROM census_original  WHERE census_original.dv_create_time = 'NULL' AND census_original.dv_cmdline_args = 'sample' ORDER BY census_original.dv_version LIMIT 100;
2025-07-01T00:32:59.416916,SELECT census_original.dv_cmdline_args FROM census_original  WHERE census_original.dv_create_date <= TIMESTAMP '2022-01-01' ORDER BY census_original.dv_cmdline_args LIMIT 100;
2025-07-01T00:33:00.955581,"SELECT census_original.dv_cmdline_args, census_original.dv_create_time FROM census_original  WHERE census_original.dv_version = 'sample' AND census_original.dv_create_time = 'NULL' AND census_original.dv_cmdline_args LIKE 'sample' ORDER BY census_original.dv_create_time LIMIT 100;"
2025-07-01T00:33:02.494493,SELECT census_original.dv_cmdline_args FROM census_original  WHERE census_original.dv_create_date <= TIMESTAMP '2022-01-01' ORDER BY census_original.dv_cmdline_args LIMIT 100;
2025-07-01T00:33:04.033653,SELECT census_original.dv_create_date FROM census_original  WHERE census_original.dv_cmdline_args LIKE 'sample' AND census_original.dv_version LIKE 'sample' AND census_original.dv_create_date >= TIMESTAMP '2022-01-01' ORDER BY census_original.dv_create_date LIMIT 100;
2025-07-01T00:33:05.573060,SELECT census_original.dv_cmdline_args FROM census_original  WHERE census_original.dv_create_date <= TIMESTAMP '2022-01-01' ORDER BY census_original.dv_cmdline_args LIMIT 100;
2025-07-01T00:33:07.112713,"SELECT census_original.dv_cmdline_args, census_original.dv_create_time FROM census_original  WHERE census_original.dv_version = 'sample' AND census_original.dv_create_time = 'NULL' AND census_original.dv_cmdline_args LIKE 'sample' ORDER BY census_original.dv_create_time LIMIT 100;"
2025-07-01T00:33:08.652614,SELECT census_original.dv_create_date FROM census_original  WHERE census_original.dv_cmdline_args LIKE 'sample' AND census_original.dv_version LIKE 'sample' AND census_original.dv_create_date >= TIMESTAMP '2022-01-01' ORDER BY census_original.dv_create_date LIMIT 100;
2025-07-01T00:33:10.192760,"SELECT census_original.dv_cmdline_args, census_original.dv_create_time FROM census_original  WHERE census_original.dv_version = 'sample' AND census_original.dv_create_time = 'NULL' AND census_original.dv_cmdline_args LIKE 'sample' ORDER BY census_original.dv_create_time LIMIT 100;"
2025-07-01T00:33:11.733152,"SELECT census_original.dv_cmdline_args, census_original.dv_create_time FROM census_original  WHERE census_original.dv_version = 'sample' AND census_original.dv_create_time = 'NULL' AND census_original.dv_cmdline_args LIKE 'sample' ORDER BY census_original.dv_create_time LIMIT 100;"
2025-07-01T00:33:13.273789,SELECT census_original.dv_cmdline_args FROM census_original  WHERE census_original.dv_create_date <= TIMESTAMP '2022-01-01' ORDER BY census_original.dv_cmdline_args LIMIT 100;
2025-07-01T00:33:14.814672,"SELECT census_original.dv_cmdline_args, census_original.dv_create_time FROM census_original  WHERE census_original.dv_version = 'sample' AND census_original.dv_create_time = 'NULL' AND census_original.dv_cmdline_args LIKE 'sample' ORDER BY census_original.dv_create_time LIMIT 100;"
2025-07-01T00:33:16.355800,"SELECT census_original.dv_cmdline_args, census_original.dv_create_time FROM census_original  WHERE census_original.dv_version = 'sample' AND census_original.dv_create_time = 'NULL' AND census_original.dv_cmdline_args LIKE 'sample' ORDER BY census_original.dv_create_time LIMIT 100;"
2025-07-01T00:33:17.897173,SELECT census_original.dv_version FROM census_original  WHERE census_original.dv_create_time = 'NULL' AND census_original.dv_cmdline_args = 'sample' ORDER BY census_original.dv_version LIMIT 100;
2025-07-01T00:33:19.438789,"SELECT census_original.dv_cmdline_args, census_original.dv_create_time FROM census_original  WHERE census_original.dv_version = 'sample' AND census_original.dv_create_time = 'NULL' AND census_original.dv_cmdline_args LIKE 'sample' ORDER BY census_original.dv_create_time LIMIT 100;"
2025-07-01T00:33:20.980650,"SELECT census_original.dv_cmdline_args, census_original.dv_create_time FROM census_original  WHERE census_original.dv_version = 'sample' AND census_original.dv_create_time = 'NULL' AND census_original.dv_cmdline_args LIKE 'sample' ORDER BY census_original.dv_create_time LIMIT 100;"
2025-07-01T00:33:22.522755,SELECT census_original.dv_create_time FROM census_original  WHERE census_original.dv_version = 'sample' ORDER BY census_original.dv_create_time LIMIT 100;
2025-07-01T00:33:24.065103,SELECT census_original.dv_create_time FROM census_original  WHERE census_original.dv_version = 'sample' ORDER BY census_original.dv_create_time LIMIT 100;
2025-07-01T00:33:25.607694,SELECT census_original.dv_version FROM census_original  WHERE census_original.dv_create_time = 'NULL' AND census_original.dv_cmdline_args = 'sample' ORDER BY census_original.dv_version LIMIT 100;
2025-07-01T00:33:27.150528,SELECT census_original.dv_create_time FROM census_original  WHERE census_original.dv_version = 'sample' ORDER BY census_original.dv_create_time LIMIT 100;
2025-07-01T00:33:28.693605,SELECT census_original.dv_create_date FROM census_original  WHERE census_original.dv_cmdline_args LIKE 'sample' AND census_original.dv_version LIKE 'sample' AND census_original.dv_create_date >= TIMESTAMP '2022-01-01' ORDER BY census_original.dv_create_date LIMIT 100;
2025-07-01T00:33:30.236924,SELECT census_original.dv_create_time FROM census_original  WHERE census_original.dv_version = 'sample' ORDER BY census_original.dv_create_time LIMIT 100;
2025-07-01T00:33:31.780485,SELECT census_original.dv_version FROM census_original  WHERE census_original.dv_create_time = 'NULL' AND census_original.dv_cmdline_args = 'sample' ORDER BY census_original.dv_version LIMIT 100;
2025-07-01T00:33:33.324288,"SELECT census_original.dv_cmdline_args, census_original.dv_create_time FROM census_original  WHERE census_original.dv_version = 'sample' AND census_original.dv_create_time = 'NULL' AND census_original.dv_cmdline_args LIKE 'sample' ORDER BY census_original.dv_create_time LIMIT 100;"
2025-07-01T00:33:34.868332,SELECT census_original.dv_cmdline_args FROM census_original  WHERE census_original.dv_create_date <= TIMESTAMP '2022-01-01' ORDER BY census_original.dv_cmdline_args LIMIT 100;
2025-07-01T00:33:36.412617,SELECT census_original.dv_create_date FROM census_original  WHERE census_original.dv_cmdline_args LIKE 'sample' AND census_original.dv_version LIKE 'sample' AND census_original.dv_create_date >= TIMESTAMP '2022-01-01' ORDER BY census_original.dv_create_date LIMIT 100;
2025-07-01T00:33:37.957143,"SELECT census_original.dv_cmdline_args, census_original.dv_create_time FROM census_original  WHERE census_original.dv_version = 'sample' AND census_original.dv_create_time = 'NULL' AND census_original.dv_cmdline_args LIKE 'sample' ORDER BY census_original.dv_create_time LIMIT 100;"
2025-07-01T00:33:39.501909,SELECT census_original.dv_cmdline_args FROM census_original  WHERE census_original.dv_create_date <= TIMESTAMP '2022-01-01' ORDER BY census_original.dv_cmdline_args LIMIT 100;
2025-07-01T00:33:41.046916,"SELECT census_original.dv_cmdline_args, census_original.dv_create_time FROM census_original  WHERE census_original.dv_version = 'sample' AND census_original.dv_create_time = 'NULL' AND census_original.dv_cmdline_args LIKE 'sample' ORDER BY census_original.dv_create_time LIMIT 100;"
2025-07-01T00:33:42.592163,SELECT census_original.dv_version FROM census_original  WHERE census_original.dv_create_time = 'NULL' AND census_original.dv_cmdline_args = 'sample' ORDER BY census_original.dv_version LIMIT 100;
2025-07-01T00:33:44.137649,SELECT census_original.dv_version FROM census_original  WHERE census_original.dv_create_time = 'NULL' AND census_original.dv_cmdline_args = 'sample' ORDER BY census_original.dv_version LIMIT 100;
2025-07-01T00:33:45.683375,SELECT census_original.dv_cmdline_args FROM census_original  WHERE census_original.dv_create_date <= TIMESTAMP '2022-01-01' ORDER BY census_original.dv_cmdline_args LIMIT 100;
2025-07-01T00:33:47.229339,SELECT census_original.dv_version FROM census_original  WHERE census_original.dv_create_time = 'NULL' AND census_original.dv_cmdline_args = 'sample' ORDER BY census_original.dv_version LIMIT 100;
2025-07-01T00:33:48.775543,SELECT census_original.dv_create_date FROM census_original  WHERE census_original.dv_cmdline_args LIKE 'sample' AND census_original.dv_version LIKE 'sample' AND census_original.dv_create_date >= TIMESTAMP '2022-01-01' ORDER BY census_original.dv_create_date LIMIT 100;
2025-07-01T00:33:50.321985,"SELECT census_original.dv_cmdline_args, census_original.dv_create_time FROM census_original  WHERE census_original.dv_version = 'sample' AND census_original.dv_create_time = 'NULL' AND census_original.dv_cmdline_args LIKE 'sample' ORDER BY census_original.dv_create_time LIMIT 100;"
2025-07-01T00:33:51.868666,SELECT census_original.dv_cmdline_args FROM census_original  WHERE census_original.dv_create_date <= TIMESTAMP '2022-01-01' ORDER BY census_original.dv_cmdline_args LIMIT 100;
2025-07-01T00:33:53.415584,SELECT census_original.dv_create_date FROM census_original  WHERE census_original.dv_cmdline_args LIKE 'sample' AND census_original.dv_version LIKE 'sample' AND census_original.dv_create_date >= TIMESTAMP '2022-01-01' ORDER BY census_original.dv_create_date LIMIT 100;
2025-07-01T00:33:54.962740,SELECT census_original.dv_create_time FROM census_original  WHERE census_original.dv_version = 'sample' ORDER BY census_original.dv_create_time LIMIT 100;
2025-07-01T00:33:56.510133,SELECT census_original.dv_cmdline_args FROM census_original  WHERE census_original.dv_create_date <= TIMESTAMP '2022-01-01' ORDER BY census_original.dv_cmdline_args LIMIT 100;
2025-07-01T00:33:58.057764,SELECT census_original.dv_create_date FROM census_original  WHERE census_original.dv_cmdline_args LIKE 'sample' AND census_original.dv_version LIKE 'sample' AND census_original.dv_create_date >= TIMESTAMP '2022-01-01' ORDER BY census_original.dv_create_date LIMIT 100;
2025-07-01T00:33:59.605631,SELECT census_original.dv_version FROM census_original  WHERE census_original.dv_create_time = 'NULL' AND census_original.dv_cmdline_args = 'sample' ORDER BY census_original.dv_version LIMIT 100;
2025-07-01T00:34:01.153735,SELECT census_original.dv_version FROM census_original  WHERE census_original.dv_create_time = 'NULL' AND census_original.dv_cmdline_args = 'sample' ORDER BY census_original.dv_version LIMIT 100;
2025-07-01T00:34:02.702075,SELECT census_original.dv_cmdline_args FROM census_original  WHERE census_original.dv_create_date <= TIMESTAMP '2022-01-01' ORDER BY census_original.dv_cmdline_args LIMIT 100;
2025-07-01T00:34:04.250651,SELECT census_original.dv_version FROM census_original  WHERE census_original.dv_create_time = 'NULL' AND census_original.dv_cmdline_args = 'sample' ORDER BY census_original.dv_version LIMIT 100;
2025-07-01T00:34:05.799463,"SELECT census_original.dv_cmdline_args, census_original.dv_create_time FROM census_original  WHERE census_original.dv_version = 'sample' AND census_original.dv_create_time = 'NULL' AND census_original.dv_cmdline_args LIKE 'sample' ORDER BY census_original.dv_create_time LIMIT 100;"
2025-07-01T00:34:07.348510,SELECT census_original.dv_cmdline_args FROM census_original  WHERE census_original.dv_create_date <= TIMESTAMP '2022-01-01' ORDER BY census_original.dv_cmdline_args LIMIT 100;
2025-07-01T00:34:08.897793,"SELECT census_original.dv_cmdline_args, census_original.dv_create_time FROM census_original  WHERE census_original.dv_version = 'sample' AND census_original.dv_create_time = 'NULL' AND census_original.dv_cmdline_args LIKE 'sample' ORDER BY census_original.dv_create_time LIMIT 100;"
2025-07-01T00:34:10.447310,SELECT census_original.dv_cmdline_args FROM census_original  WHERE census_original.dv_create_date <= TIMESTAMP '2022-01-01' ORDER BY census_original.dv_cmdline_args LIMIT 100;
2025-07-01T00:34:11.997062,SELECT census_original.dv_version FROM census_original  WHERE census_original.dv_create_time = 'NULL' AND census_original.dv_cmdline_args = 'sample' ORDER BY census_original.dv_version LIMIT 100;
2025-07-01T00:34:13.547048,SELECT census_original.dv_create_time FROM census_original  WHERE census_original.dv_version = 'sample' ORDER BY census_original.dv_create_time LIMIT 100;
2025-07-01T00:34:15.097269,SELECT census_original.dv_cmdline_args FROM census_original  WHERE census_original.dv_create_date <= TIMESTAMP '2022-01-01' ORDER BY census_original.dv_cmdline_args LIMIT 100;
2025-07-01T00:34:16.647723,"SELECT census_original.dv_cmdline_args, census_original.dv_create_time FROM census_original  WHERE census_original.dv_version = 'sample' AND census_original.dv_create_time = 'NULL' AND census_original.dv_cmdline_args LIKE 'sample' ORDER BY census_original.dv_create_time LIMIT 100;"
2025-07-01T00:34:18.198410,SELECT census_original.dv_create_time FROM census_original  WHERE census_original.dv_version = 'sample' ORDER BY census_original.dv_create_time LIMIT 100;
2025-07-01T00:34:19.749331,SELECT census_original.dv_create_time FROM census_original  WHERE census_original.dv_version = 'sample' ORDER BY census_original.dv_create_time LIMIT 100;
2025-07-01T00:34:21.300485,SELECT census_original.dv_create_time FROM census_original  WHERE census_original.dv_version = 'sample' ORDER BY census_original.dv_create_time LIMIT 100;
2025-07-01T00:34:22.851871,"SELECT census_original.dv_cmdline_args, census_original.dv_create_time FROM census_original  WHERE census_original.dv_version = 'sample' AND census_original.dv_create_time = 'NULL' AND census_original.dv_cmdline_args LIKE 'sample' ORDER BY census_original.dv_create_time LIMIT 100;"
2025-07-01T00:34:24.403490,SELECT census_original.dv_create_date FROM census_original  WHERE census_original.dv_cmdline_args LIKE 'sample' AND census_original.dv_version LIKE 'sample' AND census_original.dv_create_date >= TIMESTAMP '2022-01-01' ORDER BY census_original.dv_create_date LIMIT 100;
2025-07-01T00:34:25.955341,"SELECT census_original.dv_cmdline_args, census_original.dv_create_time FROM census_original  WHERE census_original.dv_version = 'sample' AND census_original.dv_create_time = 'NULL' AND census_original.dv_cmdline_args LIKE 'sample' ORDER BY census_original.dv_create_time LIMIT 100;"
2025-07-01T00:34:27.507424,SELECT census_original.dv_cmdline_args FROM census_original  WHERE census_original.dv_create_date <= TIMESTAMP '2022-01-01' ORDER BY census_original.dv_cmdline_args LIMIT 100;
2025-07-01T00:34:29.059739,"SELECT census_original.dv_cmdline_args, census_original.dv_create_time FROM census_original  WHERE census_original.dv_version = 'sample' AND census_original.dv_create_time = 'NULL' AND census_original.dv_cmdline_args LIKE 'sample' ORDER BY census_original.dv_create_time LIMIT 100;"
2025-07-01T00:34:30.612285,SELECT census_original.dv_cmdline_args FROM census_original  WHERE census_original.dv_create_date <= TIMESTAMP '2022-01-01' ORDER BY census_original.dv_cmdline_args LIMIT 100;
2025-07-01T00:34:32.165062,"SELECT census_original.dv_cmdline_args, census_original.dv_create_time FROM census_original  WHERE census_original.dv_version = 'sample' AND census_original.dv_create_time = 'NULL' AND census_original.dv_cmdline_args LIKE 'sample' ORDER BY census_original.dv_create_time LIMIT 100;"
2025-07-01T00:34:33.718069,SELECT census_original.dv_version FROM census_original  WHERE census_original.dv_create_time = 'NULL' AND census_original.dv_cmdline_args = 'sample' ORDER BY census_original.dv_version LIMIT 100;
2025-07-01T00:34:35.271308,SELECT census_original.dv_create_date FROM census_original  WHERE census_original.dv_cmdline_args LIKE 'sample' AND census_original.dv_version LIKE 'sample' AND census_original.dv_create_date >= TIMESTAMP '2022-01-01' ORDER BY census_original.dv_create_date LIMIT 100;
2025-07-01T00:34:36.824776,SELECT census_original.dv_create_date FROM census_original  WHERE census_original.dv_cmdline_args LIKE 'sample' AND census_original.dv_version LIKE 'sample' AND census_original.dv_create_date >= TIMESTAMP '2022-01-01' ORDER BY census_original.dv_create_date LIMIT 100;
2025-07-01T00:34:38.378475,SELECT census_original.dv_cmdline_args FROM census_original  WHERE census_original.dv_create_date <= TIMESTAMP '2022-01-01' ORDER BY census_original.dv_cmdline_args LIMIT 100;
2025-07-01T00:34:39.932403,SELECT census_original.dv_cmdline_args FROM census_original  WHERE census_original.dv_create_date <= TIMESTAMP '2022-01-01' ORDER BY census_original.dv_cmdline_args LIMIT 100;
2025-07-01T00:34:41.486561,SELECT census_original.dv_cmdline_args FROM census_original  WHERE census_original.dv_create_date <= TIMESTAMP '2022-01-01' ORDER BY census_original.dv_cmdline_args LIMIT 100;
2025-07-01T00:34:43.040948,"SELECT census_original.dv_cmdline_args, census_original.dv_create_time FROM census_original  WHERE census_original.dv_version = 'sample' AND census_original.dv_create_time = 'NULL' AND census_original.dv_cmdline_args LIKE 'sample' ORDER BY census_original.dv_create_time LIMIT 100;"
2025-07-01T00:34:44.595564,SELECT census_original.dv_cmdline_args FROM census_original  WHERE census_original.dv_create_date <= TIMESTAMP '2022-01-01' ORDER BY census_original.dv_cmdline_args LIMIT 100;
2025-07-01T00:34:46.150409,SELECT census_original.dv_create_time FROM census_original  WHERE census_original.dv_version = 'sample' ORDER BY census_original.dv_create_time LIMIT 100;
2025-07-01T00:34:47.705482,"SELECT census_original.dv_cmdline_args, census_original.dv_create_time FROM census_original  WHERE census_original.dv_version = 'sample' AND census_original.dv_create_time = 'NULL' AND census_original.dv_cmdline_args LIKE 'sample' ORDER BY census_original.dv_create_time LIMIT 100;"
2025-07-01T00:34:49.260784,SELECT census_original.dv_create_time FROM census_original  WHERE census_original.dv_version = 'sample' ORDER BY census_original.dv_create_time LIMIT 100;
2025-07-01T00:34:50.816313,SELECT census_original.dv_version FROM census_original  WHERE census_original.dv_create_time = 'NULL' AND census_original.dv_cmdline_args = 'sample' ORDER BY census_original.dv_version LIMIT 100;
2025-07-01T00:34:52.372070,SELECT census_original.dv_create_date FROM census_original  WHERE census_original.dv_cmdline_args LIKE 'sample' AND census_original.dv_version LIKE 'sample' AND census_original.dv_create_date >= TIMESTAMP '2022-01-01' ORDER BY census_original.dv_create_date LIMIT 100;
2025-07-01T00:34:53.928055,SELECT census_original.dv_version FROM census_original  WHERE census_original.dv_create_time = 'NULL' AND census_original.dv_cmdline_args = 'sample' ORDER BY census_original.dv_version LIMIT 100;
2025-07-01T00:34:55.484266,SELECT census_original.dv_create_time FROM census_original  WHERE census_original.dv_version = 'sample' ORDER BY census_original.dv_create_time LIMIT 100;
2025-07-01T00:34:57.040704,SELECT census_original.dv_create_time FROM census_original  WHERE census_original.dv_version = 'sample' ORDER BY census_original.dv_create_time LIMIT 100;
2025-07-01T00:34:58.597370,"SELECT census_original.dv_cmdline_args, census_original.dv_create_time FROM census_original  WHERE census_original.dv_version = 'sample' AND census_original.dv_create_time = 'NULL' AND census_original.dv_cmdline_args LIKE 'sample' ORDER BY census_original.dv_create_time LIMIT 100;"
2025-07-01T00:35:00.154261,"SELECT census_original.dv_cmdline_args, census_original.dv_create_time FROM census_original  WHERE census_original.dv_version = 'sample' AND census_original.dv_create_time = 'NULL' AND census_original.dv_cmdline_args LIKE 'sample' ORDER BY census_original.dv_create_time LIMIT 100;"
2025-07-01T00:35:01.711378,SELECT census_original.dv_create_date FROM census_original  WHERE census_original.dv_cmdline_args LIKE 'sample' AND census_original.dv_version LIKE 'sample' AND census_original.dv_create_date >= TIMESTAMP '2022-01-01' ORDER BY census_original.dv_create_date LIMIT 100;
2025-07-01T00:35:03.268722,SELECT census_original.dv_cmdline_args FROM census_original  WHERE census_original.dv_create_date <= TIMESTAMP '2022-01-01' ORDER BY census_original.dv_cmdline_args LIMIT 100;
2025-07-01T00:35:04.826291,"SELECT census_original.dv_cmdline_args, census_original.dv_create_time FROM census_original  WHERE census_original.dv_version = 'sample' AND census_original.dv_create_time = 'NULL' AND census_original.dv_cmdline_args LIKE 'sample' ORDER BY census_original.dv_create_time LIMIT 100;"
2025-07-01T00:35:06.384085,SELECT census_original.dv_create_time FROM census_original  WHERE census_original.dv_version = 'sample' ORDER BY census_original.dv_create_time LIMIT 100;
2025-07-01T00:35:07.942105,SELECT census_original.dv_create_date FROM census_original  WHERE census_original.dv_cmdline_args LIKE 'sample' AND census_original.dv_version LIKE 'sample' AND census_original.dv_create_date >= TIMESTAMP '2022-01-01' ORDER BY census_original.dv_create_date LIMIT 100;
2025-07-01T00:35:09.500349,SELECT census_original.dv_create_time FROM census_original  WHERE census_original.dv_version = 'sample' ORDER BY census_original.dv_create_time LIMIT 100;
2025-07-01T00:35:11.058818,"SELECT census_original.dv_cmdline_args, census_original.dv_create_time FROM census_original  WHERE census_original.dv_version = 'sample' AND census_original.dv_create_time = 'NULL' AND census_original.dv_cmdline_args LIKE 'sample' ORDER BY census_original.dv_create_time LIMIT 100;"
2025-07-01T00:35:12.617511,SELECT census_original.dv_version FROM census_original  WHERE census_original.dv_create_time = 'NULL' AND census_original.dv_cmdline_args = 'sample' ORDER BY census_original.dv_version LIMIT 100;
2025-07-01T00:35:14.176428,SELECT census_original.dv_create_time FROM census_original  WHERE census_original.dv_version = 'sample' ORDER BY census_original.dv_create_time LIMIT 100;
2025-07-01T00:35:15.735570,SELECT census_original.dv_cmdline_args FROM census_original  WHERE census_original.dv_create_date <= TIMESTAMP '2022-01-01' ORDER BY census_original.dv_cmdline_args LIMIT 100;
2025-07-01T00:35:17.294934,SELECT census_original.dv_create_date FROM census_original  WHERE census_original.dv_cmdline_args LIKE 'sample' AND census_original.dv_version LIKE 'sample' AND census_original.dv_create_date >= TIMESTAMP '2022-01-01' ORDER BY census_original.dv_create_date LIMIT 100;
2025-07-01T00:35:18.854522,SELECT census_original.dv_create_date FROM census_original  WHERE census_original.dv_cmdline_args LIKE 'sample' AND census_original.dv_version LIKE 'sample' AND census_original.dv_create_date >= TIMESTAMP '2022-01-01' ORDER BY census_original.dv_create_date LIMIT 100;
2025-07-01T00:35:20.414334,SELECT census_original.dv_version FROM census_original  WHERE census_original.dv_create_time = 'NULL' AND census_original.dv_cmdline_args = 'sample' ORDER BY census_original.dv_version LIMIT 100;
2025-07-01T00:35:21.974368,SELECT census_original.dv_cmdline_args FROM census_original  WHERE census_original.dv_create_date <= TIMESTAMP '2022-01-01' ORDER BY census_original.dv_cmdline_args LIMIT 100;
2025-07-01T00:35:23.534624,SELECT census_original.dv_cmdline_args FROM census_original  WHERE census_original.dv_create_date <= TIMESTAMP '2022-01-01' ORDER BY census_original.dv_cmdline_args LIMIT 100;
2025-07-01T00:35:25.095103,SELECT census_original.dv_version FROM census_original  WHERE census_original.dv_create_time = 'NULL' AND census_original.dv_cmdline_args = 'sample' ORDER BY census_original.dv_version LIMIT 100;
2025-07-01T00:35:26.655804,SELECT census_original.dv_version FROM census_original  WHERE census_original.dv_create_time = 'NULL' AND census_original.dv_cmdline_args = 'sample' ORDER BY census_original.dv_version LIMIT 100;
2025-07-01T00:35:28.216727,"SELECT census_original.dv_cmdline_args, census_original.dv_create_time FROM census_original  WHERE census_original.dv_version = 'sample' AND census_original.dv_create_time = 'NULL' AND census_original.dv_cmdline_args LIKE 'sample' ORDER BY census_original.dv_create_time LIMIT 100;"
2025-07-01T00:35:29.777872,SELECT census_original.dv_version FROM census_original  WHERE census_original.dv_create_time = 'NULL' AND census_original.dv_cmdline_args = 'sample' ORDER BY census_original.dv_version LIMIT 100;
2025-07-01T00:35:31.339237,SELECT census_original.dv_version FROM census_original  WHERE census_original.dv_create_time = 'NULL' AND census_original.dv_cmdline_args = 'sample' ORDER BY census_original.dv_version LIMIT 100;
2025-07-01T00:35:32.900824,SELECT census_original.dv_create_date FROM census_original  WHERE census_original.dv_cmdline_args LIKE 'sample' AND census_original.dv_version LIKE 'sample' AND census_original.dv_create_date >= TIMESTAMP '2022-01-01' ORDER BY census_original.dv_create_date LIMIT 100;
2025-07-01T00:35:34.462632,SELECT census_original.dv_create_time FROM census_original  WHERE census_original.dv_version = 'sample' ORDER BY census_original.dv_create_time LIMIT 100;
2025-07-01T00:35:36.024661,SELECT census_original.dv_create_date FROM census_original  WHERE census_original.dv_cmdline_args LIKE 'sample' AND census_original.dv_version LIKE 'sample' AND census_original.dv_create_date >= TIMESTAMP '2022-01-01' ORDER BY census_original.dv_create_date LIMIT 100;
2025-07-01T00:35:37.586910,"SELECT census_original.dv_cmdline_args, census_original.dv_create_time FROM census_original  WHERE census_original.dv_version = 'sample' AND census_original.dv_create_time = 'NULL' AND census_original.dv_cmdline_args LIKE 'sample' ORDER BY census_original.dv_create_time LIMIT 100;"
2025-07-01T00:35:39.149379,SELECT census_original.dv_create_time FROM census_original  WHERE census_original.dv_version = 'sample' ORDER BY census_original.dv_create_time LIMIT 100;
2025-07-01T00:35:40.712068,"SELECT census_original.dv_cmdline_args, census_original.dv_create_time FROM census_original  WHERE census_original.dv_version = 'sample' AND census_original.dv_create_time = 'NULL' AND census_original.dv_cmdline_args LIKE 'sample' ORDER BY census_original.dv_create_time LIMIT 100;"
2025-07-01T00:35:42.274976,SELECT census_original.dv_version FROM census_original  WHERE census_original.dv_create_time = 'NULL' AND census_original.dv_cmdline_args = 'sample' ORDER BY census_original.dv_version LIMIT 100;
2025-07-01T00:35:43.838104,SELECT census_original.dv_create_date FROM census_original  WHERE census_original.dv_cmdline_args LIKE 'sample' AND census_original.dv_version LIKE 'sample' AND census_original.dv_create_date >= TIMESTAMP '2022-01-01' ORDER BY census_original.dv_create_date LIMIT 100;
2025-07-01T00:35:45.401451,SELECT census_original.dv_create_time FROM census_original  WHERE census_original.dv_version = 'sample' ORDER BY census_original.dv_create_time LIMIT 100;
2025-07-01T00:35:46.965017,SELECT census_original.dv_create_time FROM census_original  WHERE census_original.dv_version = 'sample' ORDER BY census_original.dv_create_time LIMIT 100;
2025-07-01T00:35:48.528802,SELECT census_original.dv_version FROM census_original  WHERE census_original.dv_create_time = 'NULL' AND census_original.dv_cmdline_args = 'sample' ORDER BY census_original.dv_version LIMIT 100;
2025-07-01T00:35:50.092806,SELECT census_original.dv_create_time FROM census_original  WHERE census_original.dv_version = 'sample' ORDER BY census_original.dv_create_time LIMIT 100;
2025-07-01T00:35:51.657027,SELECT census_original.dv_cmdline_args FROM census_original  WHERE census_original.dv_create_date <= TIMESTAMP '2022-01-01' ORDER BY census_original.dv_cmdline_args LIMIT 100;
2025-07-01T00:35:53.221467,SELECT census_original.dv_create_time FROM census_original  WHERE census_original.dv_version = 'sample' ORDER BY census_original.dv_create_time LIMIT 100;
2025-07-01T00:35:54.786124,SELECT census_original.dv_version FROM census_original  WHERE census_original.dv_create_time = 'NULL' AND census_original.dv_cmdline_args = 'sample' ORDER BY census_original.dv_version LIMIT 100;
2025-07-01T00:35:56.350998,SELECT census_original.dv_version FROM census_original  WHERE census_original.dv_create_time = 'NULL' AND census_original.dv_cmdline_args = 'sample' ORDER BY census_original.dv_version LIMIT 100;
2025-07-01T00:35:57.916090,SELECT census_original.dv_version FROM census_original  WHERE census_original.dv_create_time = 'NULL' AND census_original.dv_cmdline_args = 'sample' ORDER BY census_original.dv_version LIMIT 100;
2025-07-01T00:35:59.481400,SELECT census_original.dv_cmdline_args FROM census_original  WHERE census_original.dv_create_date <= TIMESTAMP '2022-01-01' ORDER BY census_original.dv_cmdline_args LIMIT 100;
2025-07-01T00:36:01.046925,SELECT census_original.dv_create_time FROM census_original  WHERE census_original.dv_version = 'sample' ORDER BY census_original.dv_create_time LIMIT 100;
2025-07-01T00:36:02.612668,SELECT census_original.dv_version FROM census_original  WHERE census_original.dv_create_time = 'NULL' AND census_original.dv_cmdline_args = 'sample' ORDER BY census_original.dv_version LIMIT 100;
2025-07-01T00:36:04.178627,SELECT census_original.dv_cmdline_args FROM census_original  WHERE census_original.dv_create_date <= TIMESTAMP '2022-01-01' ORDER BY census_original.dv_cmdline_args LIMIT 100;
2025-07-01T00:36:05.744801,SELECT census_original.dv_version FROM census_original  WHERE census_original.dv_create_time = 'NULL' AND census_original.dv_cmdline_args = 'sample' ORDER BY census_original.dv_version LIMIT 100;
2025-07-01T00:36:07.311192,SELECT census_original.dv_cmdline_args FROM census_original  WHERE census_original.dv_create_date <= TIMESTAMP '2022-01-01' ORDER BY census_original.dv_cmdline_args LIMIT 100;
2025-07-01T00:36:08.877798,SELECT census_original.dv_create_time FROM census_original  WHERE census_original.dv_version = 'sample' ORDER BY census_original.dv_create_time LIMIT 100;
2025-07-01T00:36:10.444620,SELECT census_original.dv_create_time FROM census_original  WHERE census_original.dv_version = 'sample' ORDER BY census_original.dv_create_time LIMIT 100;
2025-07-01T00:36:12.011657,SELECT census_original.dv_create_time FROM census_original  WHERE census_original.dv_version = 'sample' ORDER BY census_original.dv_create_time LIMIT 100;
2025-07-01T00:36:13.578909,SELECT census_original.dv_version FROM census_original  WHERE census_original.dv_create_time = 'NULL' AND census_original.dv_cmdline_args = 'sample' ORDER BY census_original.dv_version LIMIT 100;
2025-07-01T00:36:15.146376,SELECT census_original.dv_create_date FROM census_original  WHERE census_original.dv_cmdline_args LIKE 'sample' AND census_original.dv_version LIKE 'sample' AND census_original.dv_create_date >= TIMESTAMP '2022-01-01' ORDER BY census_original.dv_create_date LIMIT 100;
2025-07-01T00:36:16.714057,SELECT census_original.dv_cmdline_args FROM census_original  WHERE census_original.dv_create_date <= TIMESTAMP '2022-01-01' ORDER BY census_original.dv_cmdline_args LIMIT 100;
2025-07-01T00:36:18.281952,"SELECT census_original.dv_cmdline_args, census_original.dv_create_time FROM census_original  WHERE census_original.dv_version = 'sample' AND census_original.dv_create_time = 'NULL' AND census_original.dv_cmdline_args LIKE 'sample' ORDER BY census_original.dv_create_time LIMIT 100;"
2025-07-01T00:36:19.850061,SELECT census_original.dv_version FROM census_original  WHERE census_original.dv_create_time = 'NULL' AND census_original.dv_cmdline_args = 'sample' ORDER BY census_original.dv_version LIMIT 100;
2025-07-01T00:36:21.418384,"SELECT census_original.dv_cmdline_args, census_original.dv_create_time FROM census_original  WHERE census_original.dv_version = 'sample' AND census_original.dv_create_time = 'NULL' AND census_original.dv_cmdline_args LIKE 'sample' ORDER BY census_original.dv_create_time LIMIT 100;"
2025-07-01T00:36:22.986921,SELECT census_original.dv_create_time FROM census_original  WHERE census_original.dv_version = 'sample' ORDER BY census_original.dv_create_time LIMIT 100;
2025-07-01T00:36:24.555671,"SELECT census_original.dv_cmdline_args, census_original.dv_create_time FROM census_original  WHERE census_original.dv_version = 'sample' AND census_original.dv_create_time = 'NULL' AND census_original.dv_cmdline_args LIKE 'sample' ORDER BY census_original.dv_create_time LIMIT 100;"
2025-07-01T00:36:26.124634,SELECT census_original.dv_cmdline_args FROM census_original  WHERE census_original.dv_create_date <= TIMESTAMP '2022-01-01' ORDER BY census_original.dv_cmdline_args LIMIT 100;
2025-07-01T00:36:27.693810,SELECT census_original.dv_cmdline_args FROM census_original  WHERE census_original.dv_create_date <= TIMESTAMP '2022-01-01' ORDER BY census_original.dv_cmdline_args LIMIT 100;
2025-07-01T00:36:29.263199,SELECT census_original.dv_version FROM census_original  WHERE census_original.dv_create_time = 'NULL' AND census_original.dv_cmdline_args = 'sample' ORDER BY census_original.dv_version LIMIT 100;
2025-07-01T00:36:30.832800,SELECT census_original.dv_version FROM census_original  WHERE census_original.dv_create_time = 'NULL' AND census_original.dv_cmdline_args = 'sample' ORDER BY census_original.dv_version LIMIT 100;
2025-07-01T00:36:32.402613,SELECT census_original.dv_create_date FROM census_original  WHERE census_original.dv_cmdline_args LIKE 'sample' AND census_original.dv_version LIKE 'sample' AND census_original.dv_create_date >= TIMESTAMP '2022-01-01' ORDER BY census_original.dv_create_date LIMIT 100;
2025-07-01T00:36:33.972638,"SELECT census_original.dv_cmdline_args, census_original.dv_create_time FROM census_original  WHERE census_original.dv_version = 'sample' AND census_original.dv_create_time = 'NULL' AND census_original.dv_cmdline_args LIKE 'sample' ORDER BY census_original.dv_create_time LIMIT 100;"
2025-07-01T00:36:35.542875,"SELECT census_original.dv_cmdline_args, census_original.dv_create_time FROM census_original  WHERE census_original.dv_version = 'sample' AND census_original.dv_create_time = 'NULL' AND census_original.dv_cmdline_args LIKE 'sample' ORDER BY census_original.dv_create_time LIMIT 100;"
2025-07-01T00:36:37.113324,SELECT census_original.dv_version FROM census_original  WHERE census_original.dv_create_time = 'NULL' AND census_original.dv_cmdline_args = 'sample' ORDER BY census_original.dv_version LIMIT 100;
2025-07-01T00:36:38.683983,SELECT census_original.dv_create_date FROM census_original  WHERE census_original.dv_cmdline_args LIKE 'sample' AND census_original.dv_version LIKE 'sample' AND census_original.dv_create_date >= TIMESTAMP '2022-01-01' ORDER BY census_original.dv_create_date LIMIT 100;
2025-07-01T00:36:40.254854,SELECT census_original.dv_create_time FROM census_original  WHERE census_original.dv_version = 'sample' ORDER BY census_original.dv_create_time LIMIT 100;
2025-07-01T00:36:41.825936,SELECT census_original.dv_create_time FROM census_original  WHERE census_original.dv_version = 'sample' ORDER BY census_original.dv_create_time LIMIT 100;
2025-07-01T00:36:43.397229,SELECT census_original.dv_version FROM census_original  WHERE census_original.dv_create_time = 'NULL' AND census_original.dv_cmdline_args = 'sample' ORDER BY census_original.dv_version LIMIT 100;
2025-07-01T00:36:44.968731,SELECT census_original.dv_version FROM census_original  WHERE census_original.dv_create_time = 'NULL' AND census_original.dv_cmdline_args = 'sample' ORDER BY census_original.dv_version LIMIT 100;
2025-07-01T00:36:46.540444,SELECT census_original.dv_create_time FROM census_original  WHERE census_original.dv_version = 'sample' ORDER BY census_original.dv_create_time LIMIT 100;
2025-07-01T00:36:48.112367,SELECT census_original.dv_create_date FROM census_original  WHERE census_original.dv_cmdline_args LIKE 'sample' AND census_original.dv_version LIKE 'sample' AND census_original.dv_create_date >= TIMESTAMP '2022-01-01' ORDER BY census_original.dv_create_date LIMIT 100;
2025-07-01T00:36:49.684500,"SELECT census_original.dv_cmdline_args, census_original.dv_create_time FROM census_original  WHERE census_original.dv_version = 'sample' AND census_original.dv_create_time = 'NULL' AND census_original.dv_cmdline_args LIKE 'sample' ORDER BY census_original.dv_create_time LIMIT 100;"
2025-07-01T00:36:51.256842,SELECT census_original.dv_version FROM census_original  WHERE census_original.dv_create_time = 'NULL' AND census_original.dv_cmdline_args = 'sample' ORDER BY census_original.dv_version LIMIT 100;
2025-07-01T00:36:52.829394,SELECT census_original.dv_create_date FROM census_original  WHERE census_original.dv_cmdline_args LIKE 'sample' AND census_original.dv_version LIKE 'sample' AND census_original.dv_create_date >= TIMESTAMP '2022-01-01' ORDER BY census_original.dv_create_date LIMIT 100;
2025-07-01T00:36:54.402155,SELECT census_original.dv_create_date FROM census_original  WHERE census_original.dv_cmdline_args LIKE 'sample' AND census_original.dv_version LIKE 'sample' AND census_original.dv_create_date >= TIMESTAMP '2022-01-01' ORDER BY census_original.dv_create_date LIMIT 100;
2025-07-01T00:36:55.975124,SELECT census_original.dv_cmdline_args FROM census_original  WHERE census_original.dv_create_date <= TIMESTAMP '2022-01-01' ORDER BY census_original.dv_cmdline_args LIMIT 100;
2025-07-01T00:36:57.548302,SELECT census_original.dv_cmdline_args FROM census_original  WHERE census_original.dv_create_date <= TIMESTAMP '2022-01-01' ORDER BY census_original.dv_cmdline_args LIMIT 100;
2025-07-01T00:36:59.121689,"SELECT census_original.dv_cmdline_args, census_original.dv_create_time FROM census_original  WHERE census_original.dv_version = 'sample' AND census_original.dv_create_time = 'NULL' AND census_original.dv_cmdline_args LIKE 'sample' ORDER BY census_original.dv_create_time LIMIT 100;"
2025-07-01T00:37:00.695284,SELECT census_original.dv_version FROM census_original  WHERE census_original.dv_create_time = 'NULL' AND census_original.dv_cmdline_args = 'sample' ORDER BY census_original.dv_version LIMIT 100;
2025-07-01T00:37:02.269087,"SELECT census_original.dv_cmdline_args, census_original.dv_create_time FROM census_original  WHERE census_original.dv_version = 'sample' AND census_original.dv_create_time = 'NULL' AND census_original.dv_cmdline_args LIKE 'sample' ORDER BY census_original.dv_create_time LIMIT 100;"
2025-07-01T00:37:03.843097,SELECT census_original.dv_create_date FROM census_original  WHERE census_original.dv_cmdline_args LIKE 'sample' AND census_original.dv_version LIKE 'sample' AND census_original.dv_create_date >= TIMESTAMP '2022-01-01' ORDER BY census_original.dv_create_date LIMIT 100;
2025-07-01T00:37:05.417316,SELECT census_original.dv_cmdline_args FROM census_original  WHERE census_original.dv_create_date <= TIMESTAMP '2022-01-01' ORDER BY census_original.dv_cmdline_args LIMIT 100;
2025-07-01T00:37:06.991741,"SELECT census_original.dv_cmdline_args, census_original.dv_create_time FROM census_original  WHERE census_original.dv_version = 'sample' AND census_original.dv_create_time = 'NULL' AND census_original.dv_cmdline_args LIKE 'sample' ORDER BY census_original.dv_create_time LIMIT 100;"
2025-07-01T00:37:08.566374,"SELECT census_original.dv_cmdline_args, census_original.dv_create_time FROM census_original  WHERE census_original.dv_version = 'sample' AND census_original.dv_create_time = 'NULL' AND census_original.dv_cmdline_args LIKE 'sample' ORDER BY census_original.dv_create_time LIMIT 100;"
2025-07-01T00:37:10.141214,SELECT census_original.dv_cmdline_args FROM census_original  WHERE census_original.dv_create_date <= TIMESTAMP '2022-01-01' ORDER BY census_original.dv_cmdline_args LIMIT 100;
2025-07-01T00:37:11.716260,SELECT census_original.dv_create_time FROM census_original  WHERE census_original.dv_version = 'sample' ORDER BY census_original.dv_create_time LIMIT 100;
2025-07-01T00:37:13.291513,SELECT census_original.dv_create_date FROM census_original  WHERE census_original.dv_cmdline_args LIKE 'sample' AND census_original.dv_version LIKE 'sample' AND census_original.dv_create_date >= TIMESTAMP '2022-01-01' ORDER BY census_original.dv_create_date LIMIT 100;
2025-07-01T00:37:14.866972,SELECT census_original.dv_version FROM census_original  WHERE census_original.dv_create_time = 'NULL' AND census_original.dv_cmdline_args = 'sample' ORDER BY census_original.dv_version LIMIT 100;
2025-07-01T00:37:16.442638,SELECT census_original.dv_version FROM census_original  WHERE census_original.dv_create_time = 'NULL' AND census_original.dv_cmdline_args = 'sample' ORDER BY census_original.dv_version LIMIT 100;
2025-07-01T00:37:18.018509,SELECT census_original.dv_create_time FROM census_original  WHERE census_original.dv_version = 'sample' ORDER BY census_original.dv_create_time LIMIT 100;
2025-07-01T00:37:19.594586,SELECT census_original.dv_cmdline_args FROM census_original  WHERE census_original.dv_create_date <= TIMESTAMP '2022-01-01' ORDER BY census_original.dv_cmdline_args LIMIT 100;
2025-07-01T00:37:21.170868,SELECT census_original.dv_create_date FROM census_original  WHERE census_original.dv_cmdline_args LIKE 'sample' AND census_original.dv_version LIKE 'sample' AND census_original.dv_create_date >= TIMESTAMP '2022-01-01' ORDER BY census_original.dv_create_date LIMIT 100;
2025-07-01T00:37:22.747355,SELECT census_original.dv_create_date FROM census_original  WHERE census_original.dv_cmdline_args LIKE 'sample' AND census_original.dv_version LIKE 'sample' AND census_original.dv_create_date >= TIMESTAMP '2022-01-01' ORDER BY census_original.dv_create_date LIMIT 100;
2025-07-01T00:37:24.324048,SELECT census_original.dv_create_date FROM census_original  WHERE census_original.dv_cmdline_args LIKE 'sample' AND census_original.dv_version LIKE 'sample' AND census_original.dv_create_date >= TIMESTAMP '2022-01-01' ORDER BY census_original.dv_create_date LIMIT 100;
2025-07-01T00:37:25.900945,SELECT census_original.dv_create_time FROM census_original  WHERE census_original.dv_version = 'sample' ORDER BY census_original.dv_create_time LIMIT 100;
2025-07-01T00:37:27.478047,SELECT census_original.dv_create_date FROM census_original  WHERE census_original.dv_cmdline_args LIKE 'sample' AND census_original.dv_version LIKE 'sample' AND census_original.dv_create_date >= TIMESTAMP '2022-01-01' ORDER BY census_original.dv_create_date LIMIT 100;
2025-07-01T00:37:29.055354,SELECT census_original.dv_version FROM census_original  WHERE census_original.dv_create_time = 'NULL' AND census_original.dv_cmdline_args = 'sample' ORDER BY census_original.dv_version LIMIT 100;
2025-07-01T00:37:30.632864,SELECT census_original.dv_create_date FROM census_original  WHERE census_original.dv_cmdline_args LIKE 'sample' AND census_original.dv_version LIKE 'sample' AND census_original.dv_create_date >= TIMESTAMP '2022-01-01' ORDER BY census_original.dv_create_date LIMIT 100;
2025-07-01T00:37:32.210579,"SELECT census_original.dv_cmdline_args, census_original.dv_create_time FROM census_original  WHERE census_original.dv_version = 'sample' AND census_original.dv_create_time = 'NULL' AND census_original.dv_cmdline_args LIKE 'sample' ORDER BY census_original.dv_create_time LIMIT 100;"
2025-07-01T00:37:33.788497,SELECT census_original.dv_version FROM census_original  WHERE census_original.dv_create_time = 'NULL' AND census_original.dv_cmdline_args = 'sample' ORDER BY census_original.dv_version LIMIT 100;
2025-07-01T00:37:35.366619,SELECT census_original.dv_create_date FROM census_original  WHERE census_original.dv_cmdline_args LIKE 'sample' AND census_original.dv_version LIKE 'sample' AND census_original.dv_create_date >= TIMESTAMP '2022-01-01' ORDER BY census_original.dv_create_date LIMIT 100;
2025-07-01T00:37:36.944944,SELECT census_original.dv_version FROM census_original  WHERE census_original.dv_create_time = 'NULL' AND census_original.dv_cmdline_args = 'sample' ORDER BY census_original.dv_version LIMIT 100;
2025-07-01T00:37:38.523472,SELECT census_original.dv_create_time FROM census_original  WHERE census_original.dv_version = 'sample' ORDER BY census_original.dv_create_time LIMIT 100;
2025-07-01T00:37:40.102203,SELECT census_original.dv_version FROM census_original  WHERE census_original.dv_create_time = 'NULL' AND census_original.dv_cmdline_args = 'sample' ORDER BY census_original.dv_version LIMIT 100;
2025-07-01T00:37:41.681137,SELECT census_original.dv_create_date FROM census_original  WHERE census_original.dv_cmdline_args LIKE 'sample' AND census_original.dv_version LIKE 'sample' AND census_original.dv_create_date >= TIMESTAMP '2022-01-01' ORDER BY census_original.dv_create_date LIMIT 100;
2025-07-01T00:37:43.260274,SELECT census_original.dv_cmdline_args FROM census_original  WHERE census_original.dv_create_date <= TIMESTAMP '2022-01-01' ORDER BY census_original.dv_cmdline_args LIMIT 100;
2025-07-01T00:37:44.839613,SELECT census_original.dv_version FROM census_original  WHERE census_original.dv_create_time = 'NULL' AND census_original.dv_cmdline_args = 'sample' ORDER BY census_original.dv_version LIMIT 100;
2025-07-01T00:37:46.419154,SELECT census_original.dv_version FROM census_original  WHERE census_original.dv_create_time = 'NULL' AND census_original.dv_cmdline_args = 'sample' ORDER BY census_original.dv_version LIMIT 100;
2025-07-01T00:37:47.998897,SELECT census_original.dv_version FROM census_original  WHERE census_original.dv_create_time = 'NULL' AND census_original.dv_cmdline_args = 'sample' ORDER BY census_original.dv_version LIMIT 100;
2025-07-01T00:37:49.578841,SELECT census_original.dv_cmdline_args FROM census_original  WHERE census_original.dv_create_date <= TIMESTAMP '2022-01-01' ORDER BY census_original.dv_cmdline_args LIMIT 100;
2025-07-01T00:37:51.158987,SELECT census_original.dv_create_date FROM census_original  WHERE census_original.dv_cmdline_args LIKE 'sample' AND census_original.dv_version LIKE 'sample' AND census_original.dv_create_date >= TIMESTAMP '2022-01-01' ORDER BY census_original.dv_create_date LIMIT 100;
2025-07-01T00:37:52.739335,SELECT census_original.dv_create_date FROM census_original  WHERE census_original.dv_cmdline_args LIKE 'sample' AND census_original.dv_version LIKE 'sample' AND census_original.dv_create_date >= TIMESTAMP '2022-01-01' ORDER BY census_original.dv_create_date LIMIT 100;
2025-07-01T00:37:54.319883,SELECT census_original.dv_version FROM census_original  WHERE census_original.dv_create_time = 'NULL' AND census_original.dv_cmdline_args = 'sample' ORDER BY census_original.dv_version LIMIT 100;
2025-07-01T00:37:55.900633,SELECT census_original.dv_create_date FROM census_original  WHERE census_original.dv_cmdline_args LIKE 'sample' AND census_original.dv_version LIKE 'sample' AND census_original.dv_create_date >= TIMESTAMP '2022-01-01' ORDER BY census_original.dv_create_date LIMIT 100;
2025-07-01T00:37:57.481583,SELECT census_original.dv_version FROM census_original  WHERE census_original.dv_create_time = 'NULL' AND census_original.dv_cmdline_args = 'sample' ORDER BY census_original.dv_version LIMIT 100;
2025-07-01T00:37:59.062734,SELECT census_original.dv_version FROM census_original  WHERE census_original.dv_create_time = 'NULL' AND census_original.dv_cmdline_args = 'sample' ORDER BY census_original.dv_version LIMIT 100;
2025-07-01T00:38:00.644085,SELECT census_original.dv_create_time FROM census_original  WHERE census_original.dv_version = 'sample' ORDER BY census_original.dv_create_time LIMIT 100;
2025-07-01T00:38:02.225636,SELECT census_original.dv_create_time FROM census_original  WHERE census_original.dv_version = 'sample' ORDER BY census_original.dv_create_time LIMIT 100;
2025-07-01T00:38:03.807387,SELECT census_original.dv_version FROM census_original  WHERE census_original.dv_create_time = 'NULL' AND census_original.dv_cmdline_args = 'sample' ORDER BY census_original.dv_version LIMIT 100;
2025-07-01T00:38:05.389337,SELECT census_original.dv_create_time FROM census_original  WHERE census_original.dv_version = 'sample' ORDER BY census_original.dv_create_time LIMIT 100;
2025-07-01T00:38:06.971487,SELECT census_original.dv_cmdline_args FROM census_original  WHERE census_original.dv_create_date <= TIMESTAMP '2022-01-01' ORDER BY census_original.dv_cmdline_args LIMIT 100;
2025-07-01T00:38:08.553837,SELECT census_original.dv_create_date FROM census_original  WHERE census_original.dv_cmdline_args LIKE 'sample' AND census_original.dv_version LIKE 'sample' AND census_original.dv_create_date >= TIMESTAMP '2022-01-01' ORDER BY census_original.dv_create_date LIMIT 100;
2025-07-01T00:38:10.136385,SELECT census_original.dv_version FROM census_original  WHERE census_original.dv_create_time = 'NULL' AND census_original.dv_cmdline_args = 'sample' ORDER BY census_original.dv_version LIMIT 100;
2025-07-01T00:38:11.719133,SELECT census_original.dv_create_time FROM census_original  WHERE census_original.dv_version = 'sample' ORDER BY census_original.dv_create_time LIMIT 100;
2025-07-01T00:38:13.302079,SELECT census_original.dv_cmdline_args FROM census_original  WHERE census_original.dv_create_date <= TIMESTAMP '2022-01-01' ORDER BY census_original.dv_cmdline_args LIMIT 100;
2025-07-01T00:38:14.885224,"SELECT census_original.dv_cmdline_args, census_original.dv_create_time FROM census_original  WHERE census_original.dv_version = 'sample' AND census_original.dv_create_time = 'NULL' AND census_original.dv_cmdline_args LIKE 'sample' ORDER BY census_original.dv_create_time LIMIT 100;"
2025-07-01T00:38:16.468567,SELECT census_original.dv_cmdline_args FROM census_original  WHERE census_original.dv_create_date <= TIMESTAMP '2022-01-01' ORDER BY census_original.dv_cmdline_args LIMIT 100;
2025-07-01T00:38:18.052108,SELECT census_original.dv_version FROM census_original  WHERE census_original.dv_create_time = 'NULL' AND census_original.dv_cmdline_args = 'sample' ORDER BY census_original.dv_version LIMIT 100;
2025-07-01T00:38:19.635847,SELECT census_original.dv_version FROM census_original  WHERE census_original.dv_create_time = 'NULL' AND census_original.dv_cmdline_args = 'sample' ORDER BY census_original.dv_version LIMIT 100;
2025-07-01T00:38:21.219784,SELECT census_original.dv_cmdline_args FROM census_original  WHERE census_original.dv_create_date <= TIMESTAMP '2022-01-01' ORDER BY census_original.dv_cmdline_args LIMIT 100;
2025-07-01T00:38:22.803918,SELECT census_original.dv_version FROM census_original  WHERE census_original.dv_create_time = 'NULL' AND census_original.dv_cmdline_args = 'sample' ORDER BY census_original.dv_version LIMIT 100;
2025-07-01T00:38:24.388250,"SELECT census_original.dv_cmdline_args, census_original.dv_create_time FROM census_original  WHERE census_original.dv_version = 'sample' AND census_original.dv_create_time = 'NULL' AND census_original.dv_cmdline_args LIKE 'sample' ORDER BY census_original.dv_create_time LIMIT 100;"
2025-07-01T00:38:25.972778,SELECT census_original.dv_create_date FROM census_original  WHERE census_original.dv_cmdline_args LIKE 'sample' AND census_original.dv_version LIKE 'sample' AND census_original.dv_create_date >= TIMESTAMP '2022-01-01' ORDER BY census_original.dv_create_date LIMIT 100;
2025-07-01T00:38:27.557504,SELECT census_original.dv_create_date FROM census_original  WHERE census_original.dv_cmdline_args LIKE 'sample' AND census_original.dv_version LIKE 'sample' AND census_original.dv_create_date >= TIMESTAMP '2022-01-01' ORDER BY census_original.dv_create_date LIMIT 100;
2025-07-01T00:38:29.142427,SELECT census_original.dv_cmdline_args FROM census_original  WHERE census_original.dv_create_date <= TIMESTAMP '2022-01-01' ORDER BY census_original.dv_cmdline_args LIMIT 100;
2025-07-01T00:38:30.727546,SELECT census_original.dv_create_date FROM census_original  WHERE census_original.dv_cmdline_args LIKE 'sample' AND census_original.dv_version LIKE 'sample' AND census_original.dv_create_date >= TIMESTAMP '2022-01-01' ORDER BY census_original.dv_create_date LIMIT 100;
2025-07-01T00:38:32.312861,SELECT census_original.dv_version FROM census_original  WHERE census_original.dv_create_time = 'NULL' AND census_original.dv_cmdline_args = 'sample' ORDER BY census_original.dv_version LIMIT 100;
2025-07-01T00:38:33.898373,SELECT census_original.dv_cmdline_args FROM census_original  WHERE census_original.dv_create_date <= TIMESTAMP '2022-01-01' ORDER BY census_original.dv_cmdline_args LIMIT 100;
2025-07-01T00:38:35.484080,SELECT census_original.dv_cmdline_args FROM census_original  WHERE census_original.dv_create_date <= TIMESTAMP '2022-01-01' ORDER BY census_original.dv_cmdline_args LIMIT 100;
2025-07-01T00:38:37.069984,SELECT census_original.dv_cmdline_args FROM census_original  WHERE census_original.dv_create_date <= TIMESTAMP '2022-01-01' ORDER BY census_original.dv_cmdline_args LIMIT 100;
2025-07-01T00:38:38.656083,SELECT census_original.dv_cmdline_args FROM census_original  WHERE census_original.dv_create_date <= TIMESTAMP '2022-01-01' ORDER BY census_original.dv_cmdline_args LIMIT 100;
2025-07-01T00:38:40.242377,SELECT census_original.dv_version FROM census_original  WHERE census_original.dv_create_time = 'NULL' AND census_original.dv_cmdline_args = 'sample' ORDER BY census_original.dv_version LIMIT 100;
2025-07-01T00:38:41.828867,SELECT census_original.dv_cmdline_args FROM census_original  WHERE census_original.dv_create_date <= TIMESTAMP '2022-01-01' ORDER BY census_original.dv_cmdline_args LIMIT 100;
2025-07-01T00:38:43.415551,"SELECT census_original.dv_cmdline_args, census_original.dv_create_time FROM census_original  WHERE census_original.dv_version = 'sample' AND census_original.dv_create_time = 'NULL' AND census_original.dv_cmdline_args LIKE 'sample' ORDER BY census_original.dv_create_time LIMIT 100;"
2025-07-01T00:38:45.002431,SELECT census_original.dv_version FROM census_original  WHERE census_original.dv_create_time = 'NULL' AND census_original.dv_cmdline_args = 'sample' ORDER BY census_original.dv_version LIMIT 100;
2025-07-01T00:38:46.589505,"SELECT census_original.dv_cmdline_args, census_original.dv_create_time FROM census_original  WHERE census_original.dv_version = 'sample' AND census_original.dv_create_time = 'NULL' AND census_original.dv_cmdline_args LIKE 'sample' ORDER BY census_original.dv_create_time LIMIT 100;"
2025-07-01T00:38:48.176773,SELECT census_original.dv_create_date FROM census_original  WHERE census_original.dv_cmdline_args LIKE 'sample' AND census_original.dv_version LIKE 'sample' AND census_original.dv_create_date >= TIMESTAMP '2022-01-01' ORDER BY census_original.dv_create_date LIMIT 100;
2025-07-01T00:38:49.764236,SELECT census_original.dv_version FROM census_original  WHERE census_original.dv_create_time = 'NULL' AND census_original.dv_cmdline_args = 'sample' ORDER BY census_original.dv_version LIMIT 100;
2025-07-01T00:38:51.351893,"SELECT census_original.dv_cmdline_args, census_original.dv_create_time FROM census_original  WHERE census_original.dv_version = 'sample' AND census_original.dv_create_time = 'NULL' AND census_original.dv_cmdline_args LIKE 'sample' ORDER BY census_original.dv_create_time LIMIT 100;"
2025-07-01T00:38:52.939744,SELECT census_original.dv_version FROM census_original  WHERE census_original.dv_create_time = 'NULL' AND census_original.dv_cmdline_args = 'sample' ORDER BY census_original.dv_version LIMIT 100;
2025-07-01T00:38:54.527788,SELECT census_original.dv_version FROM census_original  WHERE census_original.dv_create_time = 'NULL' AND census_original.dv_cmdline_args = 'sample' ORDER BY census_original.dv_version LIMIT 100;
2025-07-01T00:38:56.116026,SELECT census_original.dv_version FROM census_original  WHERE census_original.dv_create_time = 'NULL' AND census_original.dv_cmdline_args = 'sample' ORDER BY census_original.dv_version LIMIT 100;
2025-07-01T00:38:57.704458,SELECT census_original.dv_version FROM census_original  WHERE census_original.dv_create_time = 'NULL' AND census_original.dv_cmdline_args = 'sample' ORDER BY census_original.dv_version LIMIT 100;
2025-07-01T00:38:59.293082,"SELECT census_original.dv_cmdline_args, census_original.dv_create_time FROM census_original  WHERE census_original.dv_version = 'sample' AND census_original.dv_create_time = 'NULL' AND census_original.dv_cmdline_args LIKE 'sample' ORDER BY census_original.dv_create_time LIMIT 100;"
2025-07-01T00:39:00.881899,SELECT census_original.dv_create_time FROM census_original  WHERE census_original.dv_version = 'sample' ORDER BY census_original.dv_create_time LIMIT 100;
2025-07-01T00:39:02.470910,"SELECT census_original.dv_cmdline_args, census_original.dv_create_time FROM census_original  WHERE census_original.dv_version = 'sample' AND census_original.dv_create_time = 'NULL' AND census_original.dv_cmdline_args LIKE 'sample' ORDER BY census_original.dv_create_time LIMIT 100;"
2025-07-01T00:39:04.060112,SELECT census_original.dv_create_date FROM census_original  WHERE census_original.dv_cmdline_args LIKE 'sample' AND census_original.dv_version LIKE 'sample' AND census_original.dv_create_date >= TIMESTAMP '2022-01-01' ORDER BY census_original.dv_create_date LIMIT 100;
2025-07-01T00:39:05.649508,SELECT census_original.dv_version FROM census_original  WHERE census_original.dv_create_time = 'NULL' AND census_original.dv_cmdline_args = 'sample' ORDER BY census_original.dv_version LIMIT 100;
2025-07-01T00:39:07.239095,SELECT census_original.dv_version FROM census_original  WHERE census_original.dv_create_time = 'NULL' AND census_original.dv_cmdline_args = 'sample' ORDER BY census_original.dv_version LIMIT 100;
2025-07-01T00:39:08.828875,SELECT census_original.dv_cmdline_args FROM census_original  WHERE census_original.dv_create_date <= TIMESTAMP '2022-01-01' ORDER BY census_original.dv_cmdline_args LIMIT 100;
2025-07-01T00:39:10.418846,SELECT census_original.dv_create_date FROM census_original  WHERE census_original.dv_cmdline_args LIKE 'sample' AND census_original.dv_version LIKE 'sample' AND census_original.dv_create_date >= TIMESTAMP '2022-01-01' ORDER BY census_original.dv_create_date LIMIT 100;
2025-07-01T00:39:12.009009,SELECT census_original.dv_create_time FROM census_original  WHERE census_original.dv_version = 'sample' ORDER BY census_original.dv_create_time LIMIT 100;
2025-07-01T00:39:13.599363,SELECT census_original.dv_create_time FROM census_original  WHERE census_original.dv_version = 'sample' ORDER BY census_original.dv_create_time LIMIT 100;
2025-07-01T00:39:15.189909,SELECT census_original.dv_cmdline_args FROM census_original  WHERE census_original.dv_create_date <= TIMESTAMP '2022-01-01' ORDER BY census_original.dv_cmdline_args LIMIT 100;
2025-07-01T00:39:16.780646,"SELECT census_original.dv_cmdline_args, census_original.dv_create_time FROM census_original  WHERE census_original.dv_version = 'sample' AND census_original.dv_create_time = 'NULL' AND census_original.dv_cmdline_args LIKE 'sample' ORDER BY census_original.dv_create_time LIMIT 100;"
2025-07-01T00:39:18.371574,"SELECT census_original.dv_cmdline_args, census_original.dv_create_time FROM census_original  WHERE census_original.dv_version = 'sample' AND census_original.dv_create_time = 'NULL' AND census_original.dv_cmdline_args LIKE 'sample' ORDER BY census_original.dv_create_time LIMIT 100;"
2025-07-01T00:39:19.962692,SELECT census_original.dv_create_time FROM census_original  WHERE census_original.dv_version = 'sample' ORDER BY census_original.dv_create_time LIMIT 100;
2025-07-01T00:39:21.554001,SELECT census_original.dv_create_time FROM census_original  WHERE census_original.dv_version = 'sample' ORDER BY census_original.dv_create_time LIMIT 100;
2025-07-01T00:39:23.145501,SELECT census_original.dv_version FROM census_original  WHERE census_original.dv_create_time = 'NULL' AND census_original.dv_cmdline_args = 'sample' ORDER BY census_original.dv_version LIMIT 100;
2025-07-01T00:39:24.737190,SELECT census_original.dv_create_time FROM census_original  WHERE census_original.dv_version = 'sample' ORDER BY census_original.dv_create_time LIMIT 100;
2025-07-01T00:39:26.329070,SELECT census_original.dv_version FROM census_original  WHERE census_original.dv_create_time = 'NULL' AND census_original.dv_cmdline_args = 'sample' ORDER BY census_original.dv_version LIMIT 100;
2025-07-01T00:39:27.921140,SELECT census_original.dv_version FROM census_original  WHERE census_original.dv_create_time = 'NULL' AND census_original.dv_cmdline_args = 'sample' ORDER BY census_original.dv_version LIMIT 100;
2025-07-01T00:39:29.513399,SELECT census_original.dv_create_date FROM census_original  WHERE census_original.dv_cmdline_args LIKE 'sample' AND census_original.dv_version LIKE 'sample' AND census_original.dv_create_date >= TIMESTAMP '2022-01-01' ORDER BY census_original.dv_create_date LIMIT 100;
2025-07-01T00:39:31.105847,SELECT census_original.dv_create_date FROM census_original  WHERE census_original.dv_cmdline_args LIKE 'sample' AND census_original.dv_version LIKE 'sample' AND census_original.dv_create_date >= TIMESTAMP '2022-01-01' ORDER BY census_original.dv_create_date LIMIT 100;
2025-07-01T00:39:32.698485,SELECT census_original.dv_create_time FROM census_original  WHERE census_original.dv_version = 'sample' ORDER BY census_original.dv_create_time LIMIT 100;
2025-07-01T00:39:34.291313,"SELECT census_original.dv_cmdline_args, census_original.dv_create_time FROM census_original  WHERE census_original.dv_version = 'sample' AND census_original.dv_create_time = 'NULL' AND census_original.dv_cmdline_args LIKE 'sample' ORDER BY census_original.dv_create_time LIMIT 100;"
2025-07-01T00:39:35.884329,SELECT census_original.dv_create_time FROM census_original  WHERE census_original.dv_version = 'sample' ORDER BY census_original.dv_create_time LIMIT 100;
2025-07-01T00:39:37.477534,SELECT census_original.dv_create_time FROM census_original  WHERE census_original.dv_version = 'sample' ORDER BY census_original.dv_create_time LIMIT 100;
2025-07-01T00:39:39.070927,SELECT census_original.dv_create_date FROM census_original  WHERE census_original.dv_cmdline_args LIKE 'sample' AND census_original.dv_version LIKE 'sample' AND census_original.dv_create_date >= TIMESTAMP '2022-01-01' ORDER BY census_original.dv_create_date LIMIT 100;
2025-07-01T00:39:40.664509,SELECT census_original.dv_version FROM census_original  WHERE census_original.dv_create_time = 'NULL' AND census_original.dv_cmdline_args = 'sample' ORDER BY census_original.dv_version LIMIT 100;
2025-07-01T00:39:42.258279,SELECT census_original.dv_version FROM census_original  WHERE census_original.dv_create_time = 'NULL' AND census_original.dv_cmdline_args = 'sample' ORDER BY census_original.dv_version LIMIT 100;
2025-07-01T00:39:43.852237,"SELECT census_original.dv_cmdline_args, census_original.dv_create_time FROM census_original  WHERE census_original.dv_version = 'sample' AND census_original.dv_create_time = 'NULL' AND census_original.dv_cmdline_args LIKE 'sample' ORDER BY census_original.dv_create_time LIMIT 100;"
2025-07-01T00:39:45.446383,SELECT census_original.dv_version FROM census_original  WHERE census_original.dv_create_time = 'NULL' AND census_original.dv_cmdline_args = 'sample' ORDER BY census_original.dv_version LIMIT 100;
2025-07-01T00:39:47.040717,SELECT census_original.dv_cmdline_args FROM census_original  WHERE census_original.dv_create_date <= TIMESTAMP '2022-01-01' ORDER BY census_original.dv_cmdline_args LIMIT 100;
2025-07-01T00:39:48.635238,"SELECT census_original.dv_cmdline_args, census_original.dv_create_time FROM census_original  WHERE census_original.dv_version = 'sample' AND census_original.dv_create_time = 'NULL' AND census_original.dv_cmdline_args LIKE 'sample' ORDER BY census_original.dv_create_time LIMIT 100;"
2025-07-01T00:39:50.229947,"SELECT census_original.dv_cmdline_args, census_original.dv_create_time FROM census_original  WHERE census_original.dv_version = 'sample' AND census_original.dv_create_time = 'NULL' AND census_original.dv_cmdline_args LIKE 'sample' ORDER BY census_original.dv_create_time LIMIT 100;"
2025-07-01T00:39:51.824842,SELECT census_original.dv_version FROM census_original  WHERE census_original.dv_create_time = 'NULL' AND census_original.dv_cmdline_args = 'sample' ORDER BY census_original.dv_version LIMIT 100;
2025-07-01T00:39:53.419925,SELECT census_original.dv_version FROM census_original  WHERE census_original.dv_create_time = 'NULL' AND census_original.dv_cmdline_args = 'sample' ORDER BY census_original.dv_version LIMIT 100;
2025-07-01T00:39:55.015195,SELECT census_original.dv_cmdline_args FROM census_original  WHERE census_original.dv_create_date <= TIMESTAMP '2022-01-01' ORDER BY census_original.dv_cmdline_args LIMIT 100;
2025-07-01T00:39:56.610651,SELECT census_original.dv_create_date FROM census_original  WHERE census_original.dv_cmdline_args LIKE 'sample' AND census_original.dv_version LIKE 'sample' AND census_original.dv_create_date >= TIMESTAMP '2022-01-01' ORDER BY census_original.dv_create_date LIMIT 100;
2025-07-01T00:39:58.206294,SELECT census_original.dv_cmdline_args FROM census_original  WHERE census_original.dv_create_date <= TIMESTAMP '2022-01-01' ORDER BY census_original.dv_cmdline_args LIMIT 100;
2025-07-01T00:39:59.802123,"SELECT census_original.dv_cmdline_args, census_original.dv_create_time FROM census_original  WHERE census_original.dv_version = 'sample' AND census_original.dv_create_time = 'NULL' AND census_original.dv_cmdline_args LIKE 'sample' ORDER BY census_original.dv_create_time LIMIT 100;"
2025-07-01T00:40:01.398138,SELECT census_original.dv_version FROM census_original  WHERE census_original.dv_create_time = 'NULL' AND census_original.dv_cmdline_args = 'sample' ORDER BY census_original.dv_version LIMIT 100;
2025-07-01T00:40:02.994339,SELECT census_original.dv_version FROM census_original  WHERE census_original.dv_create_time = 'NULL' AND census_original.dv_cmdline_args = 'sample' ORDER BY census_original.dv_version LIMIT 100;
2025-07-01T00:40:04.590726,SELECT census_original.dv_create_time FROM census_original  WHERE census_original.dv_version = 'sample' ORDER BY census_original.dv_create_time LIMIT 100;
2025-07-01T00:40:06.187299,SELECT census_original.dv_cmdline_args FROM census_original  WHERE census_original.dv_create_date <= TIMESTAMP '2022-01-01' ORDER BY census_original.dv_cmdline_args LIMIT 100;
2025-07-01T00:40:07.784057,SELECT census_original.dv_cmdline_args FROM census_original  WHERE census_original.dv_create_date <= TIMESTAMP '2022-01-01' ORDER BY census_original.dv_cmdline_args LIMIT 100;
2025-07-01T00:40:09.381000,SELECT census_original.dv_create_time FROM census_original  WHERE census_original.dv_version = 'sample' ORDER BY census_original.dv_create_time LIMIT 100;
2025-07-01T00:40:10.978128,SELECT census_original.dv_create_date FROM census_original  WHERE census_original.dv_cmdline_args LIKE 'sample' AND census_original.dv_version LIKE 'sample' AND census_original.dv_create_date >= TIMESTAMP '2022-01-01' ORDER BY census_original.dv_create_date LIMIT 100;
2025-07-01T00:40:12.575442,SELECT census_original.dv_version FROM census_original  WHERE census_original.dv_create_time = 'NULL' AND census_original.dv_cmdline_args = 'sample' ORDER BY census_original.dv_version LIMIT 100;
2025-07-01T00:40:14.172940,SELECT census_original.dv_create_date FROM census_original  WHERE census_original.dv_cmdline_args LIKE 'sample' AND census_original.dv_version LIKE 'sample' AND census_original.dv_create_date >= TIMESTAMP '2022-01-01' ORDER BY census_original.dv_create_date LIMIT 100;
2025-07-01T00:40:15.770622,"SELECT census_original.dv_cmdline_args, census_original.dv_create_time FROM census_original  WHERE census_original.dv_version = 'sample' AND census_original.dv_create_time = 'NULL' AND census_original.dv_cmdline_args LIKE 'sample' ORDER BY census_original.dv_create_time LIMIT 100;"
2025-07-01T00:40:17.368489,"SELECT census_original.dv_cmdline_args, census_original.dv_create_time FROM census_original  WHERE census_original.dv_version = 'sample' AND census_original.dv_create_time = 'NULL' AND census_original.dv_cmdline_args LIKE 'sample' ORDER BY census_original.dv_create_time LIMIT 100;"
2025-07-01T00:40:18.966541,SELECT census_original.dv_cmdline_args FROM census_original  WHERE census_original.dv_create_date <= TIMESTAMP '2022-01-01' ORDER BY census_original.dv_cmdline_args LIMIT 100;
2025-07-01T00:40:20.564776,SELECT census_original.dv_version FROM census_original  WHERE census_original.dv_create_time = 'NULL' AND census_original.dv_cmdline_args = 'sample' ORDER BY census_original.dv_version LIMIT 100;
2025-07-01T00:40:22.163195,SELECT census_original.dv_version FROM census_original  WHERE census_original.dv_create_time = 'NULL' AND census_original.dv_cmdline_args = 'sample' ORDER BY census_original.dv_version LIMIT 100;
2025-07-01T00:40:23.761798,SELECT census_original.dv_cmdline_args FROM census_original  WHERE census_original.dv_create_date <= TIMESTAMP '2022-01-01' ORDER BY census_original.dv_cmdline_args LIMIT 100;
2025-07-01T00:40:25.360585,SELECT census_original.dv_create_date FROM census_original  WHERE census_original.dv_cmdline_args LIKE 'sample' AND census_original.dv_version LIKE 'sample' AND census_original.dv_create_date >= TIMESTAMP '2022-01-01' ORDER BY census_original.dv_create_date LIMIT 100;
2025-07-01T00:40:26.959555,SELECT census_original.dv_version FROM census_original  WHERE census_original.dv_create_time = 'NULL' AND census_original.dv_cmdline_args = 'sample' ORDER BY census_original.dv_version LIMIT 100;
2025-07-01T00:40:28.558708,SELECT census_original.dv_cmdline_args FROM census_original  WHERE census_original.dv_create_date <= TIMESTAMP '2022-01-01' ORDER BY census_original.dv_cmdline_args LIMIT 100;
2025-07-01T00:40:30.158044,SELECT census_original.dv_cmdline_args FROM census_original  WHERE census_original.dv_create_date <= TIMESTAMP '2022-01-01' ORDER BY census_original.dv_cmdline_args LIMIT 100;
2025-07-01T00:40:31.757564,"SELECT census_original.dv_cmdline_args, census_original.dv_create_time FROM census_original  WHERE census_original.dv_version = 'sample' AND census_original.dv_create_time = 'NULL' AND census_original.dv_cmdline_args LIKE 'sample' ORDER BY census_original.dv_create_time LIMIT 100;"
2025-07-01T00:40:33.357266,SELECT census_original.dv_cmdline_args FROM census_original  WHERE census_original.dv_create_date <= TIMESTAMP '2022-01-01' ORDER BY census_original.dv_cmdline_args LIMIT 100;
2025-07-01T00:40:34.957150,"SELECT census_original.dv_cmdline_args, census_original.dv_create_time FROM census_original  WHERE census_original.dv_version = 'sample' AND census_original.dv_create_time = 'NULL' AND census_original.dv_cmdline_args LIKE 'sample' ORDER BY census_original.dv_create_time LIMIT 100;"
2025-07-01T00:40:36.557217,SELECT census_original.dv_version FROM census_original  WHERE census_original.dv_create_time = 'NULL' AND census_original.dv_cmdline_args = 'sample' ORDER BY census_original.dv_version LIMIT 100;
2025-07-01T00:40:38.157466,SELECT census_original.dv_create_date FROM census_original  WHERE census_original.dv_cmdline_args LIKE 'sample' AND census_original.dv_version LIKE 'sample' AND census_original.dv_create_date >= TIMESTAMP '2022-01-01' ORDER BY census_original.dv_create_date LIMIT 100;
2025-07-01T00:40:39.757897,"SELECT census_original.dv_cmdline_args, census_original.dv_create_time FROM census_original  WHERE census_original.dv_version = 'sample' AND census_original.dv_create_time = 'NULL' AND census_original.dv_cmdline_args LIKE 'sample' ORDER BY census_original.dv_create_time LIMIT 100;"
2025-07-01T00:40:41.358510,SELECT census_original.dv_cmdline_args FROM census_original  WHERE census_original.dv_create_date <= TIMESTAMP '2022-01-01' ORDER BY census_original.dv_cmdline_args LIMIT 100;
2025-07-01T00:40:42.959305,SELECT census_original.dv_version FROM census_original  WHERE census_original.dv_create_time = 'NULL' AND census_original.dv_cmdline_args = 'sample' ORDER BY census_original.dv_version LIMIT 100;
2025-07-01T00:40:44.560282,"SELECT census_original.dv_cmdline_args, census_original.dv_create_time FROM census_original  WHERE census_original.dv_version = 'sample' AND census_original.dv_create_time = 'NULL' AND census_original.dv_cmdline_args LIKE 'sample' ORDER BY census_original.dv_create_time LIMIT 100;"
2025-07-01T00:40:46.161439,SELECT census_original.dv_version FROM census_original  WHERE census_original.dv_create_time = 'NULL' AND census_original.dv_cmdline_args = 'sample' ORDER BY census_original.dv_version LIMIT 100;
2025-07-01T00:40:47.762778,SELECT census_original.dv_version FROM census_original  WHERE census_original.dv_create_time = 'NULL' AND census_original.dv_cmdline_args = 'sample' ORDER BY census_original.dv_version LIMIT 100;
2025-07-01T00:40:49.364299,SELECT census_original.dv_create_date FROM census_original  WHERE census_original.dv_cmdline_args LIKE 'sample' AND census_original.dv_version LIKE 'sample' AND census_original.dv_create_date >= TIMESTAMP '2022-01-01' ORDER BY census_original.dv_create_date LIMIT 100;
2025-07-01T00:40:50.966000,SELECT census_original.dv_create_date FROM census_original  WHERE census_original.dv_cmdline_args LIKE 'sample' AND census_original.dv_version LIKE 'sample' AND census_original.dv_create_date >= TIMESTAMP '2022-01-01' ORDER BY census_original.dv_create_date LIMIT 100;
2025-07-01T00:40:52.567881,SELECT census_original.dv_version FROM census_original  WHERE census_original.dv_create_time = 'NULL' AND census_original.dv_cmdline_args = 'sample' ORDER BY census_original.dv_version LIMIT 100;
2025-07-01T00:40:54.169944,SELECT census_original.dv_cmdline_args FROM census_original  WHERE census_original.dv_create_date <= TIMESTAMP '2022-01-01' ORDER BY census_original.dv_cmdline_args LIMIT 100;
2025-07-01T00:40:55.772187,SELECT census_original.dv_create_time FROM census_original  WHERE census_original.dv_version = 'sample' ORDER BY census_original.dv_create_time LIMIT 100;
2025-07-01T00:40:57.374610,SELECT census_original.dv_create_date FROM census_original  WHERE census_original.dv_cmdline_args LIKE 'sample' AND census_original.dv_version LIKE 'sample' AND census_original.dv_create_date >= TIMESTAMP '2022-01-01' ORDER BY census_original.dv_create_date LIMIT 100;
2025-07-01T00:40:58.977213,SELECT census_original.dv_cmdline_args FROM census_original  WHERE census_original.dv_create_date <= TIMESTAMP '2022-01-01' ORDER BY census_original.dv_cmdline_args LIMIT 100;
2025-07-01T00:41:00.579996,"SELECT census_original.dv_cmdline_args, census_original.dv_create_time FROM census_original  WHERE census_original.dv_version = 'sample' AND census_original.dv_create_time = 'NULL' AND census_original.dv_cmdline_args LIKE 'sample' ORDER BY census_original.dv_create_time LIMIT 100;"
2025-07-01T00:41:02.182959,"SELECT census_original.dv_cmdline_args, census_original.dv_create_time FROM census_original  WHERE census_original.dv_version = 'sample' AND census_original.dv_create_time = 'NULL' AND census_original.dv_cmdline_args LIKE 'sample' ORDER BY census_original.dv_create_time LIMIT 100;"
2025-07-01T00:41:03.786101,SELECT census_original.dv_create_time FROM census_original  WHERE census_original.dv_version = 'sample' ORDER BY census_original.dv_create_time LIMIT 100;
2025-07-01T00:41:05.389423,SELECT census_original.dv_version FROM census_original  WHERE census_original.dv_create_time = 'NULL' AND census_original.dv_cmdline_args = 'sample' ORDER BY census_original.dv_version LIMIT 100;
2025-07-01T00:41:06.992924,SELECT census_original.dv_create_time FROM census_original  WHERE census_original.dv_version = 'sample' ORDER BY census_original.dv_create_time LIMIT 100;
2025-07-01T00:41:08.596605,"SELECT census_original.dv_cmdline_args, census_original.dv_create_time FROM census_original  WHERE census_original.dv_version = 'sample' AND census_original.dv_create_time = 'NULL' AND census_original.dv_cmdline_args LIKE 'sample' ORDER BY census_original.dv_create_time LIMIT 100;"
2025-07-01T00:41:10.200464,SELECT census_original.dv_cmdline_args FROM census_original  WHERE census_original.dv_create_date <= TIMESTAMP '2022-01-01' ORDER BY census_original.dv_cmdline_args LIMIT 100;
2025-07-01T00:41:11.804502,SELECT census_original.dv_create_date FROM census_original  WHERE census_original.dv_cmdline_args LIKE 'sample' AND census_original.dv_version LIKE 'sample' AND census_original.dv_create_date >= TIMESTAMP '2022-01-01' ORDER BY census_original.dv_create_date LIMIT 100;
2025-07-01T00:41:13.408719,SELECT census_original.dv_version FROM census_original  WHERE census_original.dv_create_time = 'NULL' AND census_original.dv_cmdline_args = 'sample' ORDER BY census_original.dv_version LIMIT 100;
2025-07-01T00:41:15.013114,SELECT census_original.dv_create_date FROM census_original  WHERE census_original.dv_cmdline_args LIKE 'sample' AND census_original.dv_version LIKE 'sample' AND census_original.dv_create_date >= TIMESTAMP '2022-01-01' ORDER BY census_original.dv_create_date LIMIT 100;
2025-07-01T00:41:16.617688,SELECT census_original.dv_create_date FROM census_original  WHERE census_original.dv_cmdline_args LIKE 'sample' AND census_original.dv_version LIKE 'sample' AND census_original.dv_create_date >= TIMESTAMP '2022-01-01' ORDER BY census_original.dv_create_date LIMIT 100;
2025-07-01T00:41:18.222440,SELECT census_original.dv_cmdline_args FROM census_original  WHERE census_original.dv_create_date <= TIMESTAMP '2022-01-01' ORDER BY census_original.dv_cmdline_args LIMIT 100;
2025-07-01T00:41:19.827369,"SELECT census_original.dv_cmdline_args, census_original.dv_create_time FROM census_original  WHERE census_original.dv_version = 'sample' AND census_original.dv_create_time = 'NULL' AND census_original.dv_cmdline_args LIKE 'sample' ORDER BY census_original.dv_create_time LIMIT 100;"
2025-07-01T00:41:21.432477,"SELECT census_original.dv_cmdline_args, census_original.dv_create_time FROM census_original  WHERE census_original.dv_version = 'sample' AND census_original.dv_create_time = 'NULL' AND census_original.dv_cmdline_args LIKE 'sample' ORDER BY census_original.dv_create_time LIMIT 100;"
2025-07-01T00:41:23.037763,SELECT census_original.dv_create_date FROM census_original  WHERE census_original.dv_cmdline_args LIKE 'sample' AND census_original.dv_version LIKE 'sample' AND census_original.dv_create_date >= TIMESTAMP '2022-01-01' ORDER BY census_original.dv_create_date LIMIT 100;
2025-07-01T00:41:24.643225,"SELECT census_original.dv_cmdline_args, census_original.dv_create_time FROM census_original  WHERE census_original.dv_version = 'sample' AND census_original.dv_create_time = 'NULL' AND census_original.dv_cmdline_args LIKE 'sample' ORDER BY census_original.dv_create_time LIMIT 100;"
2025-07-01T00:41:26.248866,"SELECT census_original.dv_cmdline_args, census_original.dv_create_time FROM census_original  WHERE census_original.dv_version = 'sample' AND census_original.dv_create_time = 'NULL' AND census_original.dv_cmdline_args LIKE 'sample' ORDER BY census_original.dv_create_time LIMIT 100;"
2025-07-01T00:41:27.854683,SELECT census_original.dv_create_time FROM census_original  WHERE census_original.dv_version = 'sample' ORDER BY census_original.dv_create_time LIMIT 100;
2025-07-01T00:41:29.460678,SELECT census_original.dv_cmdline_args FROM census_original  WHERE census_original.dv_create_date <= TIMESTAMP '2022-01-01' ORDER BY census_original.dv_cmdline_args LIMIT 100;
2025-07-01T00:41:31.066849,SELECT census_original.dv_cmdline_args FROM census_original  WHERE census_original.dv_create_date <= TIMESTAMP '2022-01-01' ORDER BY census_original.dv_cmdline_args LIMIT 100;
2025-07-01T00:41:32.673198,SELECT census_original.dv_version FROM census_original  WHERE census_original.dv_create_time = 'NULL' AND census_original.dv_cmdline_args = 'sample' ORDER BY census_original.dv_version LIMIT 100;
2025-07-01T00:41:34.279722,SELECT census_original.dv_cmdline_args FROM census_original  WHERE census_original.dv_create_date <= TIMESTAMP '2022-01-01' ORDER BY census_original.dv_cmdline_args LIMIT 100;
2025-07-01T00:41:35.886424,SELECT census_original.dv_cmdline_args FROM census_original  WHERE census_original.dv_create_date <= TIMESTAMP '2022-01-01' ORDER BY census_original.dv_cmdline_args LIMIT 100;
2025-07-01T00:41:37.493301,SELECT census_original.dv_cmdline_args FROM census_original  WHERE census_original.dv_create_date <= TIMESTAMP '2022-01-01' ORDER BY census_original.dv_cmdline_args LIMIT 100;
2025-07-01T00:41:39.100355,"SELECT census_original.dv_cmdline_args, census_original.dv_create_time FROM census_original  WHERE census_original.dv_version = 'sample' AND census_original.dv_create_time = 'NULL' AND census_original.dv_cmdline_args LIKE 'sample' ORDER BY census_original.dv_create_time LIMIT 100;"
2025-07-01T00:41:40.707585,"SELECT census_original.dv_cmdline_args, census_original.dv_create_time FROM census_original  WHERE census_original.dv_version = 'sample' AND census_original.dv_create_time = 'NULL' AND census_original.dv_cmdline_args LIKE 'sample' ORDER BY census_original.dv_create_time LIMIT 100;"
2025-07-01T00:41:42.314990,SELECT census_original.dv_create_date FROM census_original  WHERE census_original.dv_cmdline_args LIKE 'sample' AND census_original.dv_version LIKE 'sample' AND census_original.dv_create_date >= TIMESTAMP '2022-01-01' ORDER BY census_original.dv_create_date LIMIT 100;
2025-07-01T00:41:43.922571,SELECT census_original.dv_create_date FROM census_original  WHERE census_original.dv_cmdline_args LIKE 'sample' AND census_original.dv_version LIKE 'sample' AND census_original.dv_create_date >= TIMESTAMP '2022-01-01' ORDER BY census_original.dv_create_date LIMIT 100;
2025-07-01T00:41:45.530328,"SELECT census_original.dv_cmdline_args, census_original.dv_create_time FROM census_original  WHERE census_original.dv_version = 'sample' AND census_original.dv_create_time = 'NULL' AND census_original.dv_cmdline_args LIKE 'sample' ORDER BY census_original.dv_create_time LIMIT 100;"
2025-07-01T00:41:47.138260,SELECT census_original.dv_create_date FROM census_original  WHERE census_original.dv_cmdline_args LIKE 'sample' AND census_original.dv_version LIKE 'sample' AND census_original.dv_create_date >= TIMESTAMP '2022-01-01' ORDER BY census_original.dv_create_date LIMIT 100;
2025-07-01T00:41:48.746367,SELECT census_original.dv_create_date FROM census_original  WHERE census_original.dv_cmdline_args LIKE 'sample' AND census_original.dv_version LIKE 'sample' AND census_original.dv_create_date >= TIMESTAMP '2022-01-01' ORDER BY census_original.dv_create_date LIMIT 100;
2025-07-01T00:41:50.354650,SELECT census_original.dv_version FROM census_original  WHERE census_original.dv_create_time = 'NULL' AND census_original.dv_cmdline_args = 'sample' ORDER BY census_original.dv_version LIMIT 100;
2025-07-01T00:41:51.963107,SELECT census_original.dv_create_time FROM census_original  WHERE census_original.dv_version = 'sample' ORDER BY census_original.dv_create_time LIMIT 100;
2025-07-01T00:41:53.571739,SELECT census_original.dv_create_date FROM census_original  WHERE census_original.dv_cmdline_args LIKE 'sample' AND census_original.dv_version LIKE 'sample' AND census_original.dv_create_date >= TIMESTAMP '2022-01-01' ORDER BY census_original.dv_create_date LIMIT 100;
2025-07-01T00:41:55.180546,"SELECT census_original.dv_cmdline_args, census_original.dv_create_time FROM census_original  WHERE census_original.dv_version = 'sample' AND census_original.dv_create_time = 'NULL' AND census_original.dv_cmdline_args LIKE 'sample' ORDER BY census_original.dv_create_time LIMIT 100;"
2025-07-01T00:41:56.789527,SELECT census_original.dv_version FROM census_original  WHERE census_original.dv_create_time = 'NULL' AND census_original.dv_cmdline_args = 'sample' ORDER BY census_original.dv_version LIMIT 100;
2025-07-01T00:41:58.398682,SELECT census_original.dv_create_time FROM census_original  WHERE census_original.dv_version = 'sample' ORDER BY census_original.dv_create_time LIMIT 100;
2025-07-01T00:42:00.008011,"SELECT census_original.dv_cmdline_args, census_original.dv_create_time FROM census_original  WHERE census_original.dv_version = 'sample' AND census_original.dv_create_time = 'NULL' AND census_original.dv_cmdline_args LIKE 'sample' ORDER BY census_original.dv_create_time LIMIT 100;"
2025-07-01T00:42:01.617515,"SELECT census_original.dv_cmdline_args, census_original.dv_create_time FROM census_original  WHERE census_original.dv_version = 'sample' AND census_original.dv_create_time = 'NULL' AND census_original.dv_cmdline_args LIKE 'sample' ORDER BY census_original.dv_create_time LIMIT 100;"
2025-07-01T00:42:03.227192,SELECT census_original.dv_cmdline_args FROM census_original  WHERE census_original.dv_create_date <= TIMESTAMP '2022-01-01' ORDER BY census_original.dv_cmdline_args LIMIT 100;
2025-07-01T00:42:04.837043,SELECT census_original.dv_version FROM census_original  WHERE census_original.dv_create_time = 'NULL' AND census_original.dv_cmdline_args = 'sample' ORDER BY census_original.dv_version LIMIT 100;
2025-07-01T00:42:06.447068,SELECT census_original.dv_cmdline_args FROM census_original  WHERE census_original.dv_create_date <= TIMESTAMP '2022-01-01' ORDER BY census_original.dv_cmdline_args LIMIT 100;
2025-07-01T00:42:08.057265,SELECT census_original.dv_create_time FROM census_original  WHERE census_original.dv_version = 'sample' ORDER BY census_original.dv_create_time LIMIT 100;
2025-07-01T00:42:09.667637,SELECT census_original.dv_version FROM census_original  WHERE census_original.dv_create_time = 'NULL' AND census_original.dv_cmdline_args = 'sample' ORDER BY census_original.dv_version LIMIT 100;
2025-07-01T00:42:11.278181,SELECT census_original.dv_create_date FROM census_original  WHERE census_original.dv_cmdline_args LIKE 'sample' AND census_original.dv_version LIKE 'sample' AND census_original.dv_create_date >= TIMESTAMP '2022-01-01' ORDER BY census_original.dv_create_date LIMIT 100;
2025-07-01T00:42:12.888898,SELECT census_original.dv_create_time FROM census_original  WHERE census_original.dv_version = 'sample' ORDER BY census_original.dv_create_time LIMIT 100;
2025-07-01T00:42:14.499788,SELECT census_original.dv_create_time FROM census_original  WHERE census_original.dv_version = 'sample' ORDER BY census_original.dv_create_time LIMIT 100;
2025-07-01T00:42:16.110850,SELECT census_original.dv_cmdline_args FROM census_original  WHERE census_original.dv_create_date <= TIMESTAMP '2022-01-01' ORDER BY census_original.dv_cmdline_args LIMIT 100;
2025-07-01T00:42:17.722086,SELECT census_original.dv_create_time FROM census_original  WHERE census_original.dv_version = 'sample' ORDER BY census_original.dv_create_time LIMIT 100;
2025-07-01T00:42:19.333493,SELECT census_original.dv_create_date FROM census_original  WHERE census_original.dv_cmdline_args LIKE 'sample' AND census_original.dv_version LIKE 'sample' AND census_original.dv_create_date >= TIMESTAMP '2022-01-01' ORDER BY census_original.dv_create_date LIMIT 100;
2025-07-01T00:42:20.945072,SELECT census_original.dv_create_date FROM census_original  WHERE census_original.dv_cmdline_args LIKE 'sample' AND census_original.dv_version LIKE 'sample' AND census_original.dv_create_date >= TIMESTAMP '2022-01-01' ORDER BY census_original.dv_create_date LIMIT 100;
2025-07-01T00:42:22.556824,SELECT census_original.dv_create_time FROM census_original  WHERE census_original.dv_version = 'sample' ORDER BY census_original.dv_create_time LIMIT 100;
2025-07-01T00:42:24.168748,SELECT census_original.dv_create_time FROM census_original  WHERE census_original.dv_version = 'sample' ORDER BY census_original.dv_create_time LIMIT 100;
2025-07-01T00:42:25.780843,SELECT census_original.dv_create_date FROM census_original  WHERE census_original.dv_cmdline_args LIKE 'sample' AND census_original.dv_version LIKE 'sample' AND census_original.dv_create_date >= TIMESTAMP '2022-01-01' ORDER BY census_original.dv_create_date LIMIT 100;
2025-07-01T00:42:27.393110,SELECT census_original.dv_create_date FROM census_original  WHERE census_original.dv_cmdline_args LIKE 'sample' AND census_original.dv_version LIKE 'sample' AND census_original.dv_create_date >= TIMESTAMP '2022-01-01' ORDER BY census_original.dv_create_date LIMIT 100;
2025-07-01T00:42:29.005548,SELECT census_original.dv_create_time FROM census_original  WHERE census_original.dv_version = 'sample' ORDER BY census_original.dv_create_time LIMIT 100;
2025-07-01T00:42:30.618158,SELECT census_original.dv_create_time FROM census_original  WHERE census_original.dv_version = 'sample' ORDER BY census_original.dv_create_time LIMIT 100;
2025-07-01T00:42:32.230939,SELECT census_original.dv_version FROM census_original  WHERE census_original.dv_create_time = 'NULL' AND census_original.dv_cmdline_args = 'sample' ORDER BY census_original.dv_version LIMIT 100;
2025-07-01T00:42:33.843890,SELECT census_original.dv_create_date FROM census_original  WHERE census_original.dv_cmdline_args LIKE 'sample' AND census_original.dv_version LIKE 'sample' AND census_original.dv_create_date >= TIMESTAMP '2022-01-01' ORDER BY census_original.dv_create_date LIMIT 100;
2025-07-01T00:42:35.457013,"SELECT census_original.dv_cmdline_args, census_original.dv_create_time FROM census_original  WHERE census_original.dv_version = 'sample' AND census_original.dv_create_time = 'NULL' AND census_original.dv_cmdline_args LIKE 'sample' ORDER BY census_original.dv_create_time LIMIT 100;"
2025-07-01T00:42:37.070306,"SELECT census_original.dv_cmdline_args, census_original.dv_create_time FROM census_original  WHERE census_original.dv_version = 'sample' AND census_original.dv_create_time = 'NULL' AND census_original.dv_cmdline_args LIKE 'sample' ORDER BY census_original.dv_create_time LIMIT 100;"
2025-07-01T00:42:38.683770,SELECT census_original.dv_cmdline_args FROM census_original  WHERE census_original.dv_create_date <= TIMESTAMP '2022-01-01' ORDER BY census_original.dv_cmdline_args LIMIT 100;
2025-07-01T00:42:40.297405,SELECT census_original.dv_version FROM census_original  WHERE census_original.dv_create_time = 'NULL' AND census_original.dv_cmdline_args = 'sample' ORDER BY census_original.dv_version LIMIT 100;
2025-07-01T00:42:41.911209,SELECT census_original.dv_cmdline_args FROM census_original  WHERE census_original.dv_create_date <= TIMESTAMP '2022-01-01' ORDER BY census_original.dv_cmdline_args LIMIT 100;
2025-07-01T00:42:43.525184,SELECT census_original.dv_cmdline_args FROM census_original  WHERE census_original.dv_create_date <= TIMESTAMP '2022-01-01' ORDER BY census_original.dv_cmdline_args LIMIT 100;
2025-07-01T00:42:45.139329,SELECT census_original.dv_version FROM census_original  WHERE census_original.dv_create_time = 'NULL' AND census_original.dv_cmdline_args = 'sample' ORDER BY census_original.dv_version LIMIT 100;
2025-07-01T00:42:46.753644,SELECT census_original.dv_create_time FROM census_original  WHERE census_original.dv_version = 'sample' ORDER BY census_original.dv_create_time LIMIT 100;
2025-07-01T00:42:48.368128,SELECT census_original.dv_create_time FROM census_original  WHERE census_original.dv_version = 'sample' ORDER BY census_original.dv_create_time LIMIT 100;
2025-07-01T00:42:49.982782,SELECT census_original.dv_version FROM census_original  WHERE census_original.dv_create_time = 'NULL' AND census_original.dv_cmdline_args = 'sample' ORDER BY census_original.dv_version LIMIT 100;
2025-07-01T00:42:51.597605,SELECT census_original.dv_create_date FROM census_original  WHERE census_original.dv_cmdline_args LIKE 'sample' AND census_original.dv_version LIKE 'sample' AND census_original.dv_create_date >= TIMESTAMP '2022-01-01' ORDER BY census_original.dv_create_date LIMIT 100;
2025-07-01T00:42:53.212598,SELECT census_original.dv_create_date FROM census_original  WHERE census_original.dv_cmdline_args LIKE 'sample' AND census_original.dv_version LIKE 'sample' AND census_original.dv_create_date >= TIMESTAMP '2022-01-01' ORDER BY census_original.dv_create_date LIMIT 100;
2025-07-01T00:42:54.827760,SELECT census_original.dv_cmdline_args FROM census_original  WHERE census_original.dv_create_date <= TIMESTAMP '2022-01-01' ORDER BY census_original.dv_cmdline_args LIMIT 100;
2025-07-01T00:42:56.443091,SELECT census_original.dv_create_time FROM census_original  WHERE census_original.dv_version = 'sample' ORDER BY census_original.dv_create_time LIMIT 100;
2025-07-01T00:42:58.058590,SELECT census_original.dv_create_date FROM census_original  WHERE census_original.dv_cmdline_args LIKE 'sample' AND census_original.dv_version LIKE 'sample' AND census_original.dv_create_date >= TIMESTAMP '2022-01-01' ORDER BY census_original.dv_create_date LIMIT 100;
2025-07-01T00:42:59.674259,SELECT census_original.dv_version FROM census_original  WHERE census_original.dv_create_time = 'NULL' AND census_original.dv_cmdline_args = 'sample' ORDER BY census_original.dv_version LIMIT 100;
2025-07-01T00:43:01.290095,SELECT census_original.dv_cmdline_args FROM census_original  WHERE census_original.dv_create_date <= TIMESTAMP '2022-01-01' ORDER BY census_original.dv_cmdline_args LIMIT 100;
2025-07-01T00:43:02.906101,SELECT census_original.dv_create_date FROM census_original  WHERE census_original.dv_cmdline_args LIKE 'sample' AND census_original.dv_version LIKE 'sample' AND census_original.dv_create_date >= TIMESTAMP '2022-01-01' ORDER BY census_original.dv_create_date LIMIT 100;
2025-07-01T00:43:04.522274,SELECT census_original.dv_create_date FROM census_original  WHERE census_original.dv_cmdline_args LIKE 'sample' AND census_original.dv_version LIKE 'sample' AND census_original.dv_create_date >= TIMESTAMP '2022-01-01' ORDER BY census_original.dv_create_date LIMIT 100;
2025-07-01T00:43:06.138616,SELECT census_original.dv_cmdline_args FROM census_original  WHERE census_original.dv_create_date <= TIMESTAMP '2022-01-01' ORDER BY census_original.dv_cmdline_args LIMIT 100;
2025-07-01T00:43:07.755126,SELECT census_original.dv_create_date FROM census_original  WHERE census_original.dv_cmdline_args LIKE 'sample' AND census_original.dv_version LIKE 'sample' AND census_original.dv_create_date >= TIMESTAMP '2022-01-01' ORDER BY census_original.dv_create_date LIMIT 100;
2025-07-01T00:43:09.371803,SELECT census_original.dv_create_time FROM census_original  WHERE census_original.dv_version = 'sample' ORDER BY census_original.dv_create_time LIMIT 100;
2025-07-01T00:43:10.988649,SELECT census_original.dv_create_date FROM census_original  WHERE census_original.dv_cmdline_args LIKE 'sample' AND census_original.dv_version LIKE 'sample' AND census_original.dv_create_date >= TIMESTAMP '2022-01-01' ORDER BY census_original.dv_create_date LIMIT 100;
2025-07-01T00:43:12.605661,SELECT census_original.dv_cmdline_args FROM census_original  WHERE census_original.dv_create_date <= TIMESTAMP '2022-01-01' ORDER BY census_original.dv_cmdline_args LIMIT 100;
2025-07-01T00:43:14.222842,SELECT census_original.dv_create_time FROM census_original  WHERE census_original.dv_version = 'sample' ORDER BY census_original.dv_create_time LIMIT 100;
2025-07-01T00:43:15.840189,SELECT census_original.dv_create_time FROM census_original  WHERE census_original.dv_version = 'sample' ORDER BY census_original.dv_create_time LIMIT 100;
2025-07-01T00:43:17.457704,SELECT census_original.dv_create_time FROM census_original  WHERE census_original.dv_version = 'sample' ORDER BY census_original.dv_create_time LIMIT 100;
2025-07-01T00:43:19.075386,SELECT census_original.dv_create_time FROM census_original  WHERE census_original.dv_version = 'sample' ORDER BY census_original.dv_create_time LIMIT 100;
2025-07-01T00:43:20.693234,SELECT census_original.dv_create_date FROM census_original  WHERE census_original.dv_cmdline_args LIKE 'sample' AND census_original.dv_version LIKE 'sample' AND census_original.dv_create_date >= TIMESTAMP '2022-01-01' ORDER BY census_original.dv_create_date LIMIT 100;
2025-07-01T00:43:22.311250,SELECT census_original.dv_create_date FROM census_original  WHERE census_original.dv_cmdline_args LIKE 'sample' AND census_original.dv_version LIKE 'sample' AND census_original.dv_create_date >= TIMESTAMP '2022-01-01' ORDER BY census_original.dv_create_date LIMIT 100;
2025-07-01T00:43:23.929432,SELECT census_original.dv_version FROM census_original  WHERE census_original.dv_create_time = 'NULL' AND census_original.dv_cmdline_args = 'sample' ORDER BY census_original.dv_version LIMIT 100;
2025-07-01T00:43:25.547780,"SELECT census_original.dv_cmdline_args, census_original.dv_create_time FROM census_original  WHERE census_original.dv_version = 'sample' AND census_original.dv_create_time = 'NULL' AND census_original.dv_cmdline_args LIKE 'sample' ORDER BY census_original.dv_create_time LIMIT 100;"
2025-07-01T00:43:27.166295,SELECT census_original.dv_create_time FROM census_original  WHERE census_original.dv_version = 'sample' ORDER BY census_original.dv_create_time LIMIT 100;
2025-07-01T00:43:28.784976,SELECT census_original.dv_create_time FROM census_original  WHERE census_original.dv_version = 'sample' ORDER BY census_original.dv_create_time LIMIT 100;
2025-07-01T00:43:30.403823,SELECT census_original.dv_create_date FROM census_original  WHERE census_original.dv_cmdline_args LIKE 'sample' AND census_original.dv_version LIKE 'sample' AND census_original.dv_create_date >= TIMESTAMP '2022-01-01' ORDER BY census_original.dv_create_date LIMIT 100;
2025-07-01T00:43:32.022836,SELECT census_original.dv_cmdline_args FROM census_original  WHERE census_original.dv_create_date <= TIMESTAMP '2022-01-01' ORDER BY census_original.dv_cmdline_args LIMIT 100;
2025-07-01T00:43:33.642014,SELECT census_original.dv_version FROM census_original  WHERE census_original.dv_create_time = 'NULL' AND census_original.dv_cmdline_args = 'sample' ORDER BY census_original.dv_version LIMIT 100;
2025-07-01T00:43:35.261359,SELECT census_original.dv_cmdline_args FROM census_original  WHERE census_original.dv_create_date <= TIMESTAMP '2022-01-01' ORDER BY census_original.dv_cmdline_args LIMIT 100;
2025-07-01T00:43:36.880868,SELECT census_original.dv_cmdline_args FROM census_original  WHERE census_original.dv_create_date <= TIMESTAMP '2022-01-01' ORDER BY census_original.dv_cmdline_args LIMIT 100;
2025-07-01T00:43:38.500544,SELECT census_original.dv_create_time FROM census_original  WHERE census_original.dv_version = 'sample' ORDER BY census_original.dv_create_time LIMIT 100;
2025-07-01T00:43:40.120384,SELECT census_original.dv_create_time FROM census_original  WHERE census_original.dv_version = 'sample' ORDER BY census_original.dv_create_time LIMIT 100;
2025-07-01T00:43:41.740389,"SELECT census_original.dv_cmdline_args, census_original.dv_create_time FROM census_original  WHERE census_original.dv_version = 'sample' AND census_original.dv_create_time = 'NULL' AND census_original.dv_cmdline_args LIKE 'sample' ORDER BY census_original.dv_create_time LIMIT 100;"
2025-07-01T00:43:43.360560,SELECT census_original.dv_cmdline_args FROM census_original  WHERE census_original.dv_create_date <= TIMESTAMP '2022-01-01' ORDER BY census_original.dv_cmdline_args LIMIT 100;
2025-07-01T00:43:44.980895,SELECT census_original.dv_create_time FROM census_original  WHERE census_original.dv_version = 'sample' ORDER BY census_original.dv_create_time LIMIT 100;
2025-07-01T00:43:46.601395,SELECT census_original.dv_cmdline_args FROM census_original  WHERE census_original.dv_create_date <= TIMESTAMP '2022-01-01' ORDER BY census_original.dv_cmdline_args LIMIT 100;
2025-07-01T00:43:48.222059,SELECT census_original.dv_version FROM census_original  WHERE census_original.dv_create_time = 'NULL' AND census_original.dv_cmdline_args = 'sample' ORDER BY census_original.dv_version LIMIT 100;
2025-07-01T00:43:49.842888,SELECT census_original.dv_create_date FROM census_original  WHERE census_original.dv_cmdline_args LIKE 'sample' AND census_original.dv_version LIKE 'sample' AND census_original.dv_create_date >= TIMESTAMP '2022-01-01' ORDER BY census_original.dv_create_date LIMIT 100;
2025-07-01T00:43:51.463881,SELECT census_original.dv_version FROM census_original  WHERE census_original.dv_create_time = 'NULL' AND census_original.dv_cmdline_args = 'sample' ORDER BY census_original.dv_version LIMIT 100;
2025-07-01T00:43:53.085038,SELECT census_original.dv_cmdline_args FROM census_original  WHERE census_original.dv_create_date <= TIMESTAMP '2022-01-01' ORDER BY census_original.dv_cmdline_args LIMIT 100;
2025-07-01T00:43:54.706360,"SELECT census_original.dv_cmdline_args, census_original.dv_create_time FROM census_original  WHERE census_original.dv_version = 'sample' AND census_original.dv_create_time = 'NULL' AND census_original.dv_cmdline_args LIKE 'sample' ORDER BY census_original.dv_create_time LIMIT 100;"
2025-07-01T00:43:56.327845,"SELECT census_original.dv_cmdline_args, census_original.dv_create_time FROM census_original  WHERE census_original.dv_version = 'sample' AND census_original.dv_create_time = 'NULL' AND census_original.dv_cmdline_args LIKE 'sample' ORDER BY census_original.dv_create_time LIMIT 100;"
2025-07-01T00:43:57.949494,SELECT census_original.dv_cmdline_args FROM census_original  WHERE census_original.dv_create_date <= TIMESTAMP '2022-01-01' ORDER BY census_original.dv_cmdline_args LIMIT 100;
2025-07-01T00:43:59.571306,SELECT census_original.dv_create_time FROM census_original  WHERE census_original.dv_version = 'sample' ORDER BY census_original.dv_create_time LIMIT 100;
2025-07-01T00:44:01.193282,"SELECT census_original.dv_cmdline_args, census_original.dv_create_time FROM census_original  WHERE census_original.dv_version = 'sample' AND census_original.dv_create_time = 'NULL' AND census_original.dv_cmdline_args LIKE 'sample' ORDER BY census_original.dv_create_time LIMIT 100;"
2025-07-01T00:44:02.815421,SELECT census_original.dv_version FROM census_original  WHERE census_original.dv_create_time = 'NULL' AND census_original.dv_cmdline_args = 'sample' ORDER BY census_original.dv_version LIMIT 100;
2025-07-01T00:44:04.437723,SELECT census_original.dv_cmdline_args FROM census_original  WHERE census_original.dv_create_date <= TIMESTAMP '2022-01-01' ORDER BY census_original.dv_cmdline_args LIMIT 100;
2025-07-01T00:44:06.060189,SELECT census_original.dv_cmdline_args FROM census_original  WHERE census_original.dv_create_date <= TIMESTAMP '2022-01-01' ORDER BY census_original.dv_cmdline_args LIMIT 100;
2025-07-01T00:44:07.682817,"SELECT census_original.dv_cmdline_args, census_original.dv_create_time FROM census_original  WHERE census_original.dv_version = 'sample' AND census_original.dv_create_time = 'NULL' AND census_original.dv_cmdline_args LIKE 'sample' ORDER BY census_original.dv_create_time LIMIT 100;"
2025-07-01T00:44:09.305609,SELECT census_original.dv_create_date FROM census_original  WHERE census_original.dv_cmdline_args LIKE 'sample' AND census_original.dv_version LIKE 'sample' AND census_original.dv_create_date >= TIMESTAMP '2022-01-01' ORDER BY census_original.dv_create_date LIMIT 100;
2025-07-01T00:44:10.928562,SELECT census_original.dv_create_time FROM census_original  WHERE census_original.dv_version = 'sample' ORDER BY census_original.dv_create_time LIMIT 100;
2025-07-01T00:44:12.551679,SELECT census_original.dv_create_date FROM census_original  WHERE census_original.dv_cmdline_args LIKE 'sample' AND census_original.dv_version LIKE 'sample' AND census_original.dv_create_date >= TIMESTAMP '2022-01-01' ORDER BY census_original.dv_create_date LIMIT 100;
2025-07-01T00:44:14.174958,SELECT census_original.dv_create_date FROM census_original  WHERE census_original.dv_cmdline_args LIKE 'sample' AND census_original.dv_version LIKE 'sample' AND census_original.dv_create_date >= TIMESTAMP '2022-01-01' ORDER BY census_original.dv_create_date LIMIT 100;
2025-07-01T00:44:15.798399,SELECT census_original.dv_create_time FROM census_original  WHERE census_original.dv_version = 'sample' ORDER BY census_original.dv_create_time LIMIT 100;
2025-07-01T00:44:17.422002,SELECT census_original.dv_create_time FROM census_original  WHERE census_original.dv_version = 'sample' ORDER BY census_original.dv_create_time LIMIT 100;
2025-07-01T00:44:19.045767,SELECT census_original.dv_create_date FROM census_original  WHERE census_original.dv_cmdline_args LIKE 'sample' AND census_original.dv_version LIKE 'sample' AND census_original.dv_create_date >= TIMESTAMP '2022-01-01' ORDER BY census_original.dv_create_date LIMIT 100;
2025-07-01T00:44:20.669694,SELECT census_original.dv_cmdline_args FROM census_original  WHERE census_original.dv_create_date <= TIMESTAMP '2022-01-01' ORDER BY census_original.dv_cmdline_args LIMIT 100;
2025-07-01T00:44:22.293783,SELECT census_original.dv_create_time FROM census_original  WHERE census_original.dv_version = 'sample' ORDER BY census_original.dv_create_time LIMIT 100;
2025-07-01T00:44:23.918034,"SELECT census_original.dv_cmdline_args, census_original.dv_create_time FROM census_original  WHERE census_original.dv_version = 'sample' AND census_original.dv_create_time = 'NULL' AND census_original.dv_cmdline_args LIKE 'sample' ORDER BY census_original.dv_create_time LIMIT 100;"
2025-07-01T00:44:25.542446,SELECT census_original.dv_cmdline_args FROM census_original  WHERE census_original.dv_create_date <= TIMESTAMP '2022-01-01' ORDER BY census_original.dv_cmdline_args LIMIT 100;
2025-07-01T00:44:27.167019,"SELECT census_original.dv_cmdline_args, census_original.dv_create_time FROM census_original  WHERE census_original.dv_version = 'sample' AND census_original.dv_create_time = 'NULL' AND census_original.dv_cmdline_args LIKE 'sample' ORDER BY census_original.dv_create_time LIMIT 100;"
2025-07-01T00:44:28.791754,SELECT census_original.dv_create_date FROM census_original  WHERE census_original.dv_cmdline_args LIKE 'sample' AND census_original.dv_version LIKE 'sample' AND census_original.dv_create_date >= TIMESTAMP '2022-01-01' ORDER BY census_original.dv_create_date LIMIT 100;
2025-07-01T00:44:30.416649,SELECT census_original.dv_create_time FROM census_original  WHERE census_original.dv_version = 'sample' ORDER BY census_original.dv_create_time LIMIT 100;
2025-07-01T00:44:32.041706,"SELECT census_original.dv_cmdline_args, census_original.dv_create_time FROM census_original  WHERE census_original.dv_version = 'sample' AND census_original.dv_create_time = 'NULL' AND census_original.dv_cmdline_args LIKE 'sample' ORDER BY census_original.dv_create_time LIMIT 100;"
2025-07-01T00:44:33.666923,"SELECT census_original.dv_cmdline_args, census_original.dv_create_time FROM census_original  WHERE census_original.dv_version = 'sample' AND census_original.dv_create_time = 'NULL' AND census_original.dv_cmdline_args LIKE 'sample' ORDER BY census_original.dv_create_time LIMIT 100;"
2025-07-01T00:44:35.292302,SELECT census_original.dv_cmdline_args FROM census_original  WHERE census_original.dv_create_date <= TIMESTAMP '2022-01-01' ORDER BY census_original.dv_cmdline_args LIMIT 100;
2025-07-01T00:44:36.917840,SELECT census_original.dv_cmdline_args FROM census_original  WHERE census_original.dv_create_date <= TIMESTAMP '2022-01-01' ORDER BY census_original.dv_cmdline_args LIMIT 100;
2025-07-01T00:44:38.543540,SELECT census_original.dv_create_date FROM census_original  WHERE census_original.dv_cmdline_args LIKE 'sample' AND census_original.dv_version LIKE 'sample' AND census_original.dv_create_date >= TIMESTAMP '2022-01-01' ORDER BY census_original.dv_create_date LIMIT 100;
2025-07-01T00:44:40.169399,SELECT census_original.dv_version FROM census_original  WHERE census_original.dv_create_time = 'NULL' AND census_original.dv_cmdline_args = 'sample' ORDER BY census_original.dv_version LIMIT 100;
2025-07-01T00:44:41.795419,SELECT census_original.dv_version FROM census_original  WHERE census_original.dv_create_time = 'NULL' AND census_original.dv_cmdline_args = 'sample' ORDER BY census_original.dv_version LIMIT 100;
2025-07-01T00:44:43.421598,SELECT census_original.dv_create_date FROM census_original  WHERE census_original.dv_cmdline_args LIKE 'sample' AND census_original.dv_version LIKE 'sample' AND census_original.dv_create_date >= TIMESTAMP '2022-01-01' ORDER BY census_original.dv_create_date LIMIT 100;
2025-07-01T00:44:45.047938,SELECT census_original.dv_create_date FROM census_original  WHERE census_original.dv_cmdline_args LIKE 'sample' AND census_original.dv_version LIKE 'sample' AND census_original.dv_create_date >= TIMESTAMP '2022-01-01' ORDER BY census_original.dv_create_date LIMIT 100;
2025-07-01T00:44:46.674438,SELECT census_original.dv_create_date FROM census_original  WHERE census_original.dv_cmdline_args LIKE 'sample' AND census_original.dv_version LIKE 'sample' AND census_original.dv_create_date >= TIMESTAMP '2022-01-01' ORDER BY census_original.dv_create_date LIMIT 100;
2025-07-01T00:44:48.301097,SELECT census_original.dv_create_time FROM census_original  WHERE census_original.dv_version = 'sample' ORDER BY census_original.dv_create_time LIMIT 100;
2025-07-01T00:44:49.927916,SELECT census_original.dv_version FROM census_original  WHERE census_original.dv_create_time = 'NULL' AND census_original.dv_cmdline_args = 'sample' ORDER BY census_original.dv_version LIMIT 100;
2025-07-01T00:44:51.554894,SELECT census_original.dv_version FROM census_original  WHERE census_original.dv_create_time = 'NULL' AND census_original.dv_cmdline_args = 'sample' ORDER BY census_original.dv_version LIMIT 100;
2025-07-01T00:44:53.182031,SELECT census_original.dv_version FROM census_original  WHERE census_original.dv_create_time = 'NULL' AND census_original.dv_cmdline_args = 'sample' ORDER BY census_original.dv_version LIMIT 100;
2025-07-01T00:44:54.809328,SELECT census_original.dv_version FROM census_original  WHERE census_original.dv_create_time = 'NULL' AND census_original.dv_cmdline_args = 'sample' ORDER BY census_original.dv_version LIMIT 100;
2025-07-01T00:44:56.436784,"SELECT census_original.dv_cmdline_args, census_original.dv_create_time FROM census_original  WHERE census_original.dv_version = 'sample' AND census_original.dv_create_time = 'NULL' AND census_original.dv_cmdline_args LIKE 'sample' ORDER BY census_original.dv_create_time LIMIT 100;"
2025-07-01T00:44:58.064398,SELECT census_original.dv_create_date FROM census_original  WHERE census_original.dv_cmdline_args LIKE 'sample' AND census_original.dv_version LIKE 'sample' AND census_original.dv_create_date >= TIMESTAMP '2022-01-01' ORDER BY census_original.dv_create_date LIMIT 100;
2025-07-01T00:44:59.692172,SELECT census_original.dv_cmdline_args FROM census_original  WHERE census_original.dv_create_date <= TIMESTAMP '2022-01-01' ORDER BY census_original.dv_cmdline_args LIMIT 100;
2025-07-01T00:45:01.320104,SELECT census_original.dv_version FROM census_original  WHERE census_original.dv_create_time = 'NULL' AND census_original.dv_cmdline_args = 'sample' ORDER BY census_original.dv_version LIMIT 100;
2025-07-01T00:45:02.948194,"SELECT census_original.dv_cmdline_args, census_original.dv_create_time FROM census_original  WHERE census_original.dv_version = 'sample' AND census_original.dv_create_time = 'NULL' AND census_original.dv_cmdline_args LIKE 'sample' ORDER BY census_original.dv_create_time LIMIT 100;"
2025-07-01T00:45:04.576443,SELECT census_original.dv_cmdline_args FROM census_original  WHERE census_original.dv_create_date <= TIMESTAMP '2022-01-01' ORDER BY census_original.dv_cmdline_args LIMIT 100;
2025-07-01T00:45:06.204851,SELECT census_original.dv_create_time FROM census_original  WHERE census_original.dv_version = 'sample' ORDER BY census_original.dv_create_time LIMIT 100;
2025-07-01T00:45:07.833416,SELECT census_original.dv_create_time FROM census_original  WHERE census_original.dv_version = 'sample' ORDER BY census_original.dv_create_time LIMIT 100;
2025-07-01T00:45:09.462140,SELECT census_original.dv_create_time FROM census_original  WHERE census_original.dv_version = 'sample' ORDER BY census_original.dv_create_time LIMIT 100;
2025-07-01T00:45:11.091021,SELECT census_original.dv_create_date FROM census_original  WHERE census_original.dv_cmdline_args LIKE 'sample' AND census_original.dv_version LIKE 'sample' AND census_original.dv_create_date >= TIMESTAMP '2022-01-01' ORDER BY census_original.dv_create_date LIMIT 100;
2025-07-01T00:45:12.720060,"SELECT census_original.dv_cmdline_args, census_original.dv_create_time FROM census_original  WHERE census_original.dv_version = 'sample' AND census_original.dv_create_time = 'NULL' AND census_original.dv_cmdline_args LIKE 'sample' ORDER BY census_original.dv_create_time LIMIT 100;"
2025-07-01T00:45:14.349257,SELECT census_original.dv_cmdline_args FROM census_original  WHERE census_original.dv_create_date <= TIMESTAMP '2022-01-01' ORDER BY census_original.dv_cmdline_args LIMIT 100;
2025-07-01T00:45:15.978612,SELECT census_original.dv_create_time FROM census_original  WHERE census_original.dv_version = 'sample' ORDER BY census_original.dv_create_time LIMIT 100;
2025-07-01T00:45:17.608123,SELECT census_original.dv_cmdline_args FROM census_original  WHERE census_original.dv_create_date <= TIMESTAMP '2022-01-01' ORDER BY census_original.dv_cmdline_args LIMIT 100;
2025-07-01T00:45:19.237793,SELECT census_original.dv_cmdline_args FROM census_original  WHERE census_original.dv_create_date <= TIMESTAMP '2022-01-01' ORDER BY census_original.dv_cmdline_args LIMIT 100;
2025-07-01T00:45:20.867619,SELECT census_original.dv_create_time FROM census_original  WHERE census_original.dv_version = 'sample' ORDER BY census_original.dv_create_time LIMIT 100;
2025-07-01T00:45:22.497602,"SELECT census_original.dv_cmdline_args, census_original.dv_create_time FROM census_original  WHERE census_original.dv_version = 'sample' AND census_original.dv_create_time = 'NULL' AND census_original.dv_cmdline_args LIKE 'sample' ORDER BY census_original.dv_create_time LIMIT 100;"
2025-07-01T00:45:24.127743,SELECT census_original.dv_version FROM census_original  WHERE census_original.dv_create_time = 'NULL' AND census_original.dv_cmdline_args = 'sample' ORDER BY census_original.dv_version LIMIT 100;
2025-07-01T00:45:25.758040,SELECT census_original.dv_create_date FROM census_original  WHERE census_original.dv_cmdline_args LIKE 'sample' AND census_original.dv_version LIKE 'sample' AND census_original.dv_create_date >= TIMESTAMP '2022-01-01' ORDER BY census_original.dv_create_date LIMIT 100;
2025-07-01T00:45:27.388493,SELECT census_original.dv_create_date FROM census_original  WHERE census_original.dv_cmdline_args LIKE 'sample' AND census_original.dv_version LIKE 'sample' AND census_original.dv_create_date >= TIMESTAMP '2022-01-01' ORDER BY census_original.dv_create_date LIMIT 100;
2025-07-01T00:45:29.019104,SELECT census_original.dv_cmdline_args FROM census_original  WHERE census_original.dv_create_date <= TIMESTAMP '2022-01-01' ORDER BY census_original.dv_cmdline_args LIMIT 100;
2025-07-01T00:45:30.649871,SELECT census_original.dv_create_date FROM census_original  WHERE census_original.dv_cmdline_args LIKE 'sample' AND census_original.dv_version LIKE 'sample' AND census_original.dv_create_date >= TIMESTAMP '2022-01-01' ORDER BY census_original.dv_create_date LIMIT 100;
2025-07-01T00:45:32.280794,SELECT census_original.dv_create_date FROM census_original  WHERE census_original.dv_cmdline_args LIKE 'sample' AND census_original.dv_version LIKE 'sample' AND census_original.dv_create_date >= TIMESTAMP '2022-01-01' ORDER BY census_original.dv_create_date LIMIT 100;
2025-07-01T00:45:33.911873,SELECT census_original.dv_create_date FROM census_original  WHERE census_original.dv_cmdline_args LIKE 'sample' AND census_original.dv_version LIKE 'sample' AND census_original.dv_create_date >= TIMESTAMP '2022-01-01' ORDER BY census_original.dv_create_date LIMIT 100;
2025-07-01T00:45:35.543108,"SELECT census_original.dv_cmdline_args, census_original.dv_create_time FROM census_original  WHERE census_original.dv_version = 'sample' AND census_original.dv_create_time = 'NULL' AND census_original.dv_cmdline_args LIKE 'sample' ORDER BY census_original.dv_create_time LIMIT 100;"
2025-07-01T00:45:37.174499,"SELECT census_original.dv_cmdline_args, census_original.dv_create_time FROM census_original  WHERE census_original.dv_version = 'sample' AND census_original.dv_create_time = 'NULL' AND census_original.dv_cmdline_args LIKE 'sample' ORDER BY census_original.dv_create_time LIMIT 100;"
2025-07-01T00:45:38.806047,SELECT census_original.dv_cmdline_args FROM census_original  WHERE census_original.dv_create_date <= TIMESTAMP '2022-01-01' ORDER BY census_original.dv_cmdline_args LIMIT 100;
2025-07-01T00:45:40.437749,SELECT census_original.dv_create_time FROM census_original  WHERE census_original.dv_version = 'sample' ORDER BY census_original.dv_create_time LIMIT 100;
2025-07-01T00:45:42.069608,"SELECT census_original.dv_cmdline_args, census_original.dv_create_time FROM census_original  WHERE census_original.dv_version = 'sample' AND census_original.dv_create_time = 'NULL' AND census_original.dv_cmdline_args LIKE 'sample' ORDER BY census_original.dv_create_time LIMIT 100;"
2025-07-01T00:45:43.701622,SELECT census_original.dv_create_date FROM census_original  WHERE census_original.dv_cmdline_args LIKE 'sample' AND census_original.dv_version LIKE 'sample' AND census_original.dv_create_date >= TIMESTAMP '2022-01-01' ORDER BY census_original.dv_create_date LIMIT 100;
2025-07-01T00:45:45.333791,SELECT census_original.dv_version FROM census_original  WHERE census_original.dv_create_time = 'NULL' AND census_original.dv_cmdline_args = 'sample' ORDER BY census_original.dv_version LIMIT 100;
2025-07-01T00:45:46.966115,SELECT census_original.dv_create_date FROM census_original  WHERE census_original.dv_cmdline_args LIKE 'sample' AND census_original.dv_version LIKE 'sample' AND census_original.dv_create_date >= TIMESTAMP '2022-01-01' ORDER BY census_original.dv_create_date LIMIT 100;
2025-07-01T00:45:48.598595,SELECT census_original.dv_cmdline_args FROM census_original  WHERE census_original.dv_create_date <= TIMESTAMP '2022-01-01' ORDER BY census_original.dv_cmdline_args LIMIT 100;
2025-07-01T00:45:50.231229,SELECT census_original.dv_cmdline_args FROM census_original  WHERE census_original.dv_create_date <= TIMESTAMP '2022-01-01' ORDER BY census_original.dv_cmdline_args LIMIT 100;
2025-07-01T00:45:51.864019,SELECT census_original.dv_create_date FROM census_original  WHERE census_original.dv_cmdline_args LIKE 'sample' AND census_original.dv_version LIKE 'sample' AND census_original.dv_create_date >= TIMESTAMP '2022-01-01' ORDER BY census_original.dv_create_date LIMIT 100;
2025-07-01T00:45:53.496963,SELECT census_original.dv_create_time FROM census_original  WHERE census_original.dv_version = 'sample' ORDER BY census_original.dv_create_time LIMIT 100;
2025-07-01T00:45:55.130061,SELECT census_original.dv_create_time FROM census_original  WHERE census_original.dv_version = 'sample' ORDER BY census_original.dv_create_time LIMIT 100;
2025-07-01T00:45:56.763314,SELECT census_original.dv_version FROM census_original  WHERE census_original.dv_create_time = 'NULL' AND census_original.dv_cmdline_args = 'sample' ORDER BY census_original.dv_version LIMIT 100;
2025-07-01T00:45:58.396722,SELECT census_original.dv_version FROM census_original  WHERE census_original.dv_create_time = 'NULL' AND census_original.dv_cmdline_args = 'sample' ORDER BY census_original.dv_version LIMIT 100;
2025-07-01T00:46:00.030284,"SELECT census_original.dv_cmdline_args, census_original.dv_create_time FROM census_original  WHERE census_original.dv_version = 'sample' AND census_original.dv_create_time = 'NULL' AND census_original.dv_cmdline_args LIKE 'sample' ORDER BY census_original.dv_create_time LIMIT 100;"
2025-07-01T00:46:01.664000,SELECT census_original.dv_version FROM census_original  WHERE census_original.dv_create_time = 'NULL' AND census_original.dv_cmdline_args = 'sample' ORDER BY census_original.dv_version LIMIT 100;
2025-07-01T00:46:03.297870,SELECT census_original.dv_cmdline_args FROM census_original  WHERE census_original.dv_create_date <= TIMESTAMP '2022-01-01' ORDER BY census_original.dv_cmdline_args LIMIT 100;
2025-07-01T00:46:04.931894,"SELECT census_original.dv_cmdline_args, census_original.dv_create_time FROM census_original  WHERE census_original.dv_version = 'sample' AND census_original.dv_create_time = 'NULL' AND census_original.dv_cmdline_args LIKE 'sample' ORDER BY census_original.dv_create_time LIMIT 100;"
2025-07-01T00:46:06.566071,SELECT census_original.dv_cmdline_args FROM census_original  WHERE census_original.dv_create_date <= TIMESTAMP '2022-01-01' ORDER BY census_original.dv_cmdline_args LIMIT 100;
2025-07-01T00:46:08.200403,SELECT census_original.dv_version FROM census_original  WHERE census_original.dv_create_time = 'NULL' AND census_original.dv_cmdline_args = 'sample' ORDER BY census_original.dv_version LIMIT 100;
2025-07-01T00:46:09.834888,"SELECT census_original.dv_cmdline_args, census_original.dv_create_time FROM census_original  WHERE census_original.dv_version = 'sample' AND census_original.dv_create_time = 'NULL' AND census_original.dv_cmdline_args LIKE 'sample' ORDER BY census_original.dv_create_time LIMIT 100;"
2025-07-01T00:46:11.469526,SELECT census_original.dv_create_time FROM census_original  WHERE census_original.dv_version = 'sample' ORDER BY census_original.dv_create_time LIMIT 100;
2025-07-01T00:46:13.104318,"SELECT census_original.dv_cmdline_args, census_original.dv_create_time FROM census_original  WHERE census_original.dv_version = 'sample' AND census_original.dv_create_time = 'NULL' AND census_original.dv_cmdline_args LIKE 'sample' ORDER BY census_original.dv_create_time LIMIT 100;"
2025-07-01T00:46:14.739263,SELECT census_original.dv_cmdline_args FROM census_original  WHERE census_original.dv_create_date <= TIMESTAMP '2022-01-01' ORDER BY census_original.dv_cmdline_args LIMIT 100;
2025-07-01T00:46:16.374361,SELECT census_original.dv_create_time FROM census_original  WHERE census_original.dv_version = 'sample' ORDER BY census_original.dv_create_time LIMIT 100;
2025-07-01T00:46:18.009611,SELECT census_original.dv_create_time FROM census_original  WHERE census_original.dv_version = 'sample' ORDER BY census_original.dv_create_time LIMIT 100;
2025-07-01T00:46:19.645015,SELECT census_original.dv_create_date FROM census_original  WHERE census_original.dv_cmdline_args LIKE 'sample' AND census_original.dv_version LIKE 'sample' AND census_original.dv_create_date >= TIMESTAMP '2022-01-01' ORDER BY census_original.dv_create_date LIMIT 100;
2025-07-01T00:46:21.280572,SELECT census_original.dv_create_date FROM census_original  WHERE census_original.dv_cmdline_args LIKE 'sample' AND census_original.dv_version LIKE 'sample' AND census_original.dv_create_date >= TIMESTAMP '2022-01-01' ORDER BY census_original.dv_create_date LIMIT 100;
2025-07-01T00:46:22.916281,SELECT census_original.dv_create_time FROM census_original  WHERE census_original.dv_version = 'sample' ORDER BY census_original.dv_create_time LIMIT 100;
2025-07-01T00:46:24.552142,SELECT census_original.dv_create_date FROM census_original  WHERE census_original.dv_cmdline_args LIKE 'sample' AND census_original.dv_version LIKE 'sample' AND census_original.dv_create_date >= TIMESTAMP '2022-01-01' ORDER BY census_original.dv_create_date LIMIT 100;
2025-07-01T00:46:26.188156,SELECT census_original.dv_create_time FROM census_original  WHERE census_original.dv_version = 'sample' ORDER BY census_original.dv_create_time LIMIT 100;
2025-07-01T00:46:27.824323,SELECT census_original.dv_create_date FROM census_original  WHERE census_original.dv_cmdline_args LIKE 'sample' AND census_original.dv_version LIKE 'sample' AND census_original.dv_create_date >= TIMESTAMP '2022-01-01' ORDER BY census_original.dv_create_date LIMIT 100;
2025-07-01T00:46:29.460641,"SELECT census_original.dv_cmdline_args, census_original.dv_create_time FROM census_original  WHERE census_original.dv_version = 'sample' AND census_original.dv_create_time = 'NULL' AND census_original.dv_cmdline_args LIKE 'sample' ORDER BY census_original.dv_create_time LIMIT 100;"
2025-07-01T00:46:31.097111,"SELECT census_original.dv_cmdline_args, census_original.dv_create_time FROM census_original  WHERE census_original.dv_version = 'sample' AND census_original.dv_create_time = 'NULL' AND census_original.dv_cmdline_args LIKE 'sample' ORDER BY census_original.dv_create_time LIMIT 100;"
2025-07-01T00:46:32.733734,SELECT census_original.dv_cmdline_args FROM census_original  WHERE census_original.dv_create_date <= TIMESTAMP '2022-01-01' ORDER BY census_original.dv_cmdline_args LIMIT 100;
2025-07-01T00:46:34.370508,SELECT census_original.dv_create_date FROM census_original  WHERE census_original.dv_cmdline_args LIKE 'sample' AND census_original.dv_version LIKE 'sample' AND census_original.dv_create_date >= TIMESTAMP '2022-01-01' ORDER BY census_original.dv_create_date LIMIT 100;
2025-07-01T00:46:36.007434,SELECT census_original.dv_cmdline_args FROM census_original  WHERE census_original.dv_create_date <= TIMESTAMP '2022-01-01' ORDER BY census_original.dv_cmdline_args LIMIT 100;
2025-07-01T00:46:37.644511,SELECT census_original.dv_version FROM census_original  WHERE census_original.dv_create_time = 'NULL' AND census_original.dv_cmdline_args = 'sample' ORDER BY census_original.dv_version LIMIT 100;
2025-07-01T00:46:39.281740,SELECT census_original.dv_version FROM census_original  WHERE census_original.dv_create_time = 'NULL' AND census_original.dv_cmdline_args = 'sample' ORDER BY census_original.dv_version LIMIT 100;
2025-07-01T00:46:40.919120,SELECT census_original.dv_create_date FROM census_original  WHERE census_original.dv_cmdline_args LIKE 'sample' AND census_original.dv_version LIKE 'sample' AND census_original.dv_create_date >= TIMESTAMP '2022-01-01' ORDER BY census_original.dv_create_date LIMIT 100;
2025-07-01T00:46:42.556652,SELECT census_original.dv_create_date FROM census_original  WHERE census_original.dv_cmdline_args LIKE 'sample' AND census_original.dv_version LIKE 'sample' AND census_original.dv_create_date >= TIMESTAMP '2022-01-01' ORDER BY census_original.dv_create_date LIMIT 100;
2025-07-01T00:46:44.194334,SELECT census_original.dv_create_time FROM census_original  WHERE census_original.dv_version = 'sample' ORDER BY census_original.dv_create_time LIMIT 100;
2025-07-01T00:46:45.832168,SELECT census_original.dv_version FROM census_original  WHERE census_original.dv_create_time = 'NULL' AND census_original.dv_cmdline_args = 'sample' ORDER BY census_original.dv_version LIMIT 100;
2025-07-01T00:46:47.470152,"SELECT census_original.dv_cmdline_args, census_original.dv_create_time FROM census_original  WHERE census_original.dv_version = 'sample' AND census_original.dv_create_time = 'NULL' AND census_original.dv_cmdline_args LIKE 'sample' ORDER BY census_original.dv_create_time LIMIT 100;"
2025-07-01T00:46:49.108287,SELECT census_original.dv_create_date FROM census_original  WHERE census_original.dv_cmdline_args LIKE 'sample' AND census_original.dv_version LIKE 'sample' AND census_original.dv_create_date >= TIMESTAMP '2022-01-01' ORDER BY census_original.dv_create_date LIMIT 100;
2025-07-01T00:46:50.746573,SELECT census_original.dv_create_time FROM census_original  WHERE census_original.dv_version = 'sample' ORDER BY census_original.dv_create_time LIMIT 100;
2025-07-01T00:46:52.385010,SELECT census_original.dv_create_time FROM census_original  WHERE census_original.dv_version = 'sample' ORDER BY census_original.dv_create_time LIMIT 100;
2025-07-01T00:46:54.023597,SELECT census_original.dv_cmdline_args FROM census_original  WHERE census_original.dv_create_date <= TIMESTAMP '2022-01-01' ORDER BY census_original.dv_cmdline_args LIMIT 100;
2025-07-01T00:46:55.662334,SELECT census_original.dv_version FROM census_original  WHERE census_original.dv_create_time = 'NULL' AND census_original.dv_cmdline_args = 'sample' ORDER BY census_original.dv_version LIMIT 100;
2025-07-01T00:46:57.301221,"SELECT census_original.dv_cmdline_args, census_original.dv_create_time FROM census_original  WHERE census_original.dv_version = 'sample' AND census_original.dv_create_time = 'NULL' AND census_original.dv_cmdline_args LIKE 'sample' ORDER BY census_original.dv_create_time LIMIT 100;"
2025-07-01T00:46:58.940259,"SELECT census_original.dv_cmdline_args, census_original.dv_create_time FROM census_original  WHERE census_original.dv_version = 'sample' AND census_original.dv_create_time = 'NULL' AND census_original.dv_cmdline_args LIKE 'sample' ORDER BY census_original.dv_create_time LIMIT 100;"
2025-07-01T00:47:00.579446,"SELECT census_original.dv_cmdline_args, census_original.dv_create_time FROM census_original  WHERE census_original.dv_version = 'sample' AND census_original.dv_create_time = 'NULL' AND census_original.dv_cmdline_args LIKE 'sample' ORDER BY census_original.dv_create_time LIMIT 100;"
2025-07-01T00:47:02.218783,"SELECT census_original.dv_cmdline_args, census_original.dv_create_time FROM census_original  WHERE census_original.dv_version = 'sample' AND census_original.dv_create_time = 'NULL' AND census_original.dv_cmdline_args LIKE 'sample' ORDER BY census_original.dv_create_time LIMIT 100;"
2025-07-01T00:47:03.858270,"SELECT census_original.dv_cmdline_args, census_original.dv_create_time FROM census_original  WHERE census_original.dv_version = 'sample' AND census_original.dv_create_time = 'NULL' AND census_original.dv_cmdline_args LIKE 'sample' ORDER BY census_original.dv_create_time LIMIT 100;"
2025-07-01T00:47:05.497907,SELECT census_original.dv_version FROM census_original  WHERE census_original.dv_create_time = 'NULL' AND census_original.dv_cmdline_args = 'sample' ORDER BY census_original.dv_version LIMIT 100;
2025-07-01T00:47:07.137693,"SELECT census_original.dv_cmdline_args, census_original.dv_create_time FROM census_original  WHERE census_original.dv_version = 'sample' AND census_original.dv_create_time = 'NULL' AND census_original.dv_cmdline_args LIKE 'sample' ORDER BY census_original.dv_create_time LIMIT 100;"
2025-07-01T00:47:08.777629,SELECT census_original.dv_create_date FROM census_original  WHERE census_original.dv_cmdline_args LIKE 'sample' AND census_original.dv_version LIKE 'sample' AND census_original.dv_create_date >= TIMESTAMP '2022-01-01' ORDER BY census_original.dv_create_date LIMIT 100;
2025-07-01T00:47:10.417714,SELECT census_original.dv_create_time FROM census_original  WHERE census_original.dv_version = 'sample' ORDER BY census_original.dv_create_time LIMIT 100;
2025-07-01T00:47:12.057948,SELECT census_original.dv_cmdline_args FROM census_original  WHERE census_original.dv_create_date <= TIMESTAMP '2022-01-01' ORDER BY census_original.dv_cmdline_args LIMIT 100;
2025-07-01T00:47:13.698331,SELECT census_original.dv_create_time FROM census_original  WHERE census_original.dv_version = 'sample' ORDER BY census_original.dv_create_time LIMIT 100;
2025-07-01T00:47:15.338864,SELECT census_original.dv_cmdline_args FROM census_original  WHERE census_original.dv_create_date <= TIMESTAMP '2022-01-01' ORDER BY census_original.dv_cmdline_args LIMIT 100;
2025-07-01T00:47:16.979545,SELECT census_original.dv_create_date FROM census_original  WHERE census_original.dv_cmdline_args LIKE 'sample' AND census_original.dv_version LIKE 'sample' AND census_original.dv_create_date >= TIMESTAMP '2022-01-01' ORDER BY census_original.dv_create_date LIMIT 100;
2025-07-01T00:47:18.620375,SELECT census_original.dv_create_time FROM census_original  WHERE census_original.dv_version = 'sample' ORDER BY census_original.dv_create_time LIMIT 100;
2025-07-01T00:47:20.261353,SELECT census_original.dv_cmdline_args FROM census_original  WHERE census_original.dv_create_date <= TIMESTAMP '2022-01-01' ORDER BY census_original.dv_cmdline_args LIMIT 100;
2025-07-01T00:47:21.902480,SELECT census_original.dv_version FROM census_original  WHERE census_original.dv_create_time = 'NULL' AND census_original.dv_cmdline_args = 'sample' ORDER BY census_original.dv_version LIMIT 100;
2025-07-01T00:47:23.543756,SELECT census_original.dv_version FROM census_original  WHERE census_original.dv_create_time = 'NULL' AND census_original.dv_cmdline_args = 'sample' ORDER BY census_original.dv_version LIMIT 100;
2025-07-01T00:47:25.185179,"SELECT census_original.dv_cmdline_args, census_original.dv_create_time FROM census_original  WHERE census_original.dv_version = 'sample' AND census_original.dv_create_time = 'NULL' AND census_original.dv_cmdline_args LIKE 'sample' ORDER BY census_original.dv_create_time LIMIT 100;"
2025-07-01T00:47:26.826751,"SELECT census_original.dv_cmdline_args, census_original.dv_create_time FROM census_original  WHERE census_original.dv_version = 'sample' AND census_original.dv_create_time = 'NULL' AND census_original.dv_cmdline_args LIKE 'sample' ORDER BY census_original.dv_create_time LIMIT 100;"
2025-07-01T00:47:28.468471,"SELECT census_original.dv_cmdline_args, census_original.dv_create_time FROM census_original  WHERE census_original.dv_version = 'sample' AND census_original.dv_create_time = 'NULL' AND census_original.dv_cmdline_args LIKE 'sample' ORDER BY census_original.dv_create_time LIMIT 100;"
2025-07-01T00:47:30.110339,"SELECT census_original.dv_cmdline_args, census_original.dv_create_time FROM census_original  WHERE census_original.dv_version = 'sample' AND census_original.dv_create_time = 'NULL' AND census_original.dv_cmdline_args LIKE 'sample' ORDER BY census_original.dv_create_time LIMIT 100;"
2025-07-01T00:47:31.752355,SELECT census_original.dv_create_time FROM census_original  WHERE census_original.dv_version = 'sample' ORDER BY census_original.dv_create_time LIMIT 100;
2025-07-01T00:47:33.394519,SELECT census_original.dv_create_date FROM census_original  WHERE census_original.dv_cmdline_args LIKE 'sample' AND census_original.dv_version LIKE 'sample' AND census_original.dv_create_date >= TIMESTAMP '2022-01-01' ORDER BY census_original.dv_create_date LIMIT 100;
2025-07-01T00:47:35.036830,SELECT census_original.dv_create_date FROM census_original  WHERE census_original.dv_cmdline_args LIKE 'sample' AND census_original.dv_version LIKE 'sample' AND census_original.dv_create_date >= TIMESTAMP '2022-01-01' ORDER BY census_original.dv_create_date LIMIT 100;
2025-07-01T00:47:36.679289,SELECT census_original.dv_create_time FROM census_original  WHERE census_original.dv_version = 'sample' ORDER BY census_original.dv_create_time LIMIT 100;
2025-07-01T00:47:38.321896,SELECT census_original.dv_cmdline_args FROM census_original  WHERE census_original.dv_create_date <= TIMESTAMP '2022-01-01' ORDER BY census_original.dv_cmdline_args LIMIT 100;
2025-07-01T00:47:39.964649,SELECT census_original.dv_create_time FROM census_original  WHERE census_original.dv_version = 'sample' ORDER BY census_original.dv_create_time LIMIT 100;
2025-07-01T00:47:41.607550,SELECT census_original.dv_create_time FROM census_original  WHERE census_original.dv_version = 'sample' ORDER BY census_original.dv_create_time LIMIT 100;
2025-07-01T00:47:43.250598,"SELECT census_original.dv_cmdline_args, census_original.dv_create_time FROM census_original  WHERE census_original.dv_version = 'sample' AND census_original.dv_create_time = 'NULL' AND census_original.dv_cmdline_args LIKE 'sample' ORDER BY census_original.dv_create_time LIMIT 100;"
2025-07-01T00:47:44.893793,SELECT census_original.dv_version FROM census_original  WHERE census_original.dv_create_time = 'NULL' AND census_original.dv_cmdline_args = 'sample' ORDER BY census_original.dv_version LIMIT 100;
2025-07-01T00:47:46.537135,SELECT census_original.dv_version FROM census_original  WHERE census_original.dv_create_time = 'NULL' AND census_original.dv_cmdline_args = 'sample' ORDER BY census_original.dv_version LIMIT 100;
2025-07-01T00:47:48.180624,SELECT census_original.dv_create_date FROM census_original  WHERE census_original.dv_cmdline_args LIKE 'sample' AND census_original.dv_version LIKE 'sample' AND census_original.dv_create_date >= TIMESTAMP '2022-01-01' ORDER BY census_original.dv_create_date LIMIT 100;
2025-07-01T00:47:49.824259,"SELECT census_original.dv_cmdline_args, census_original.dv_create_time FROM census_original  WHERE census_original.dv_version = 'sample' AND census_original.dv_create_time = 'NULL' AND census_original.dv_cmdline_args LIKE 'sample' ORDER BY census_original.dv_create_time LIMIT 100;"
2025-07-01T00:47:51.468041,"SELECT census_original.dv_cmdline_args, census_original.dv_create_time FROM census_original  WHERE census_original.dv_version = 'sample' AND census_original.dv_create_time = 'NULL' AND census_original.dv_cmdline_args LIKE 'sample' ORDER BY census_original.dv_create_time LIMIT 100;"
2025-07-01T00:47:53.111969,SELECT census_original.dv_cmdline_args FROM census_original  WHERE census_original.dv_create_date <= TIMESTAMP '2022-01-01' ORDER BY census_original.dv_cmdline_args LIMIT 100;
2025-07-01T00:47:54.756044,"SELECT census_original.dv_cmdline_args, census_original.dv_create_time FROM census_original  WHERE census_original.dv_version = 'sample' AND census_original.dv_create_time = 'NULL' AND census_original.dv_cmdline_args LIKE 'sample' ORDER BY census_original.dv_create_time LIMIT 100;"
2025-07-01T00:47:56.400265,SELECT census_original.dv_cmdline_args FROM census_original  WHERE census_original.dv_create_date <= TIMESTAMP '2022-01-01' ORDER BY census_original.dv_cmdline_args LIMIT 100;
2025-07-01T00:47:58.044632,SELECT census_original.dv_create_date FROM census_original  WHERE census_original.dv_cmdline_args LIKE 'sample' AND census_original.dv_version LIKE 'sample' AND census_original.dv_create_date >= TIMESTAMP '2022-01-01' ORDER BY census_original.dv_create_date LIMIT 100;
2025-07-01T00:47:59.689146,SELECT census_original.dv_create_date FROM census_original  WHERE census_original.dv_cmdline_args LIKE 'sample' AND census_original.dv_version LIKE 'sample' AND census_original.dv_create_date >= TIMESTAMP '2022-01-01' ORDER BY census_original.dv_create_date LIMIT 100;
2025-07-01T00:48:01.333805,SELECT census_original.dv_create_date FROM census_original  WHERE census_original.dv_cmdline_args LIKE 'sample' AND census_original.dv_version LIKE 'sample' AND census_original.dv_create_date >= TIMESTAMP '2022-01-01' ORDER BY census_original.dv_create_date LIMIT 100;
2025-07-01T00:48:02.978610,SELECT census_original.dv_create_time FROM census_original  WHERE census_original.dv_version = 'sample' ORDER BY census_original.dv_create_time LIMIT 100;
2025-07-01T00:48:04.623560,SELECT census_original.dv_create_time FROM census_original  WHERE census_original.dv_version = 'sample' ORDER BY census_original.dv_create_time LIMIT 100;
2025-07-01T00:48:06.268657,SELECT census_original.dv_create_date FROM census_original  WHERE census_original.dv_cmdline_args LIKE 'sample' AND census_original.dv_version LIKE 'sample' AND census_original.dv_create_date >= TIMESTAMP '2022-01-01' ORDER BY census_original.dv_create_date LIMIT 100;
2025-07-01T00:48:07.913899,"SELECT census_original.dv_cmdline_args, census_original.dv_create_time FROM census_original  WHERE census_original.dv_version = 'sample' AND census_original.dv_create_time = 'NULL' AND census_original.dv_cmdline_args LIKE 'sample' ORDER BY census_original.dv_create_time LIMIT 100;"
2025-07-01T00:48:09.559286,SELECT census_original.dv_version FROM census_original  WHERE census_original.dv_create_time = 'NULL' AND census_original.dv_cmdline_args = 'sample' ORDER BY census_original.dv_version LIMIT 100;
2025-07-01T00:48:11.204818,SELECT census_original.dv_version FROM census_original  WHERE census_original.dv_create_time = 'NULL' AND census_original.dv_cmdline_args = 'sample' ORDER BY census_original.dv_version LIMIT 100;
2025-07-01T00:48:12.850496,SELECT census_original.dv_create_time FROM census_original  WHERE census_original.dv_version = 'sample' ORDER BY census_original.dv_create_time LIMIT 100;
2025-07-01T00:48:14.496319,SELECT census_original.dv_version FROM census_original  WHERE census_original.dv_create_time = 'NULL' AND census_original.dv_cmdline_args = 'sample' ORDER BY census_original.dv_version LIMIT 100;
2025-07-01T00:48:16.142286,SELECT census_original.dv_create_time FROM census_original  WHERE census_original.dv_version = 'sample' ORDER BY census_original.dv_create_time LIMIT 100;
2025-07-01T00:48:17.788399,SELECT census_original.dv_cmdline_args FROM census_original  WHERE census_original.dv_create_date <= TIMESTAMP '2022-01-01' ORDER BY census_original.dv_cmdline_args LIMIT 100;
2025-07-01T00:48:19.434656,SELECT census_original.dv_create_time FROM census_original  WHERE census_original.dv_version = 'sample' ORDER BY census_original.dv_create_time LIMIT 100;
2025-07-01T00:48:21.081059,"SELECT census_original.dv_cmdline_args, census_original.dv_create_time FROM census_original  WHERE census_original.dv_version = 'sample' AND census_original.dv_create_time = 'NULL' AND census_original.dv_cmdline_args LIKE 'sample' ORDER BY census_original.dv_create_time LIMIT 100;"
2025-07-01T00:48:22.727605,SELECT census_original.dv_cmdline_args FROM census_original  WHERE census_original.dv_create_date <= TIMESTAMP '2022-01-01' ORDER BY census_original.dv_cmdline_args LIMIT 100;
2025-07-01T00:48:24.374296,"SELECT census_original.dv_cmdline_args, census_original.dv_create_time FROM census_original  WHERE census_original.dv_version = 'sample' AND census_original.dv_create_time = 'NULL' AND census_original.dv_cmdline_args LIKE 'sample' ORDER BY census_original.dv_create_time LIMIT 100;"
2025-07-01T00:48:26.021132,SELECT census_original.dv_cmdline_args FROM census_original  WHERE census_original.dv_create_date <= TIMESTAMP '2022-01-01' ORDER BY census_original.dv_cmdline_args LIMIT 100;
2025-07-01T00:48:27.668111,SELECT census_original.dv_create_date FROM census_original  WHERE census_original.dv_cmdline_args LIKE 'sample' AND census_original.dv_version LIKE 'sample' AND census_original.dv_create_date >= TIMESTAMP '2022-01-01' ORDER BY census_original.dv_create_date LIMIT 100;
2025-07-01T00:48:29.315235,SELECT census_original.dv_create_time FROM census_original  WHERE census_original.dv_version = 'sample' ORDER BY census_original.dv_create_time LIMIT 100;
2025-07-01T00:48:30.962503,"SELECT census_original.dv_cmdline_args, census_original.dv_create_time FROM census_original  WHERE census_original.dv_version = 'sample' AND census_original.dv_create_time = 'NULL' AND census_original.dv_cmdline_args LIKE 'sample' ORDER BY census_original.dv_create_time LIMIT 100;"
2025-07-01T00:48:32.609915,SELECT census_original.dv_version FROM census_original  WHERE census_original.dv_create_time = 'NULL' AND census_original.dv_cmdline_args = 'sample' ORDER BY census_original.dv_version LIMIT 100;
2025-07-01T00:48:34.257471,SELECT census_original.dv_create_time FROM census_original  WHERE census_original.dv_version = 'sample' ORDER BY census_original.dv_create_time LIMIT 100;
2025-07-01T00:48:35.905170,"SELECT census_original.dv_cmdline_args, census_original.dv_create_time FROM census_original  WHERE census_original.dv_version = 'sample' AND census_original.dv_create_time = 'NULL' AND census_original.dv_cmdline_args LIKE 'sample' ORDER BY census_original.dv_create_time LIMIT 100;"
2025-07-01T00:48:37.553013,SELECT census_original.dv_cmdline_args FROM census_original  WHERE census_original.dv_create_date <= TIMESTAMP '2022-01-01' ORDER BY census_original.dv_cmdline_args LIMIT 100;
2025-07-01T00:48:39.200999,SELECT census_original.dv_version FROM census_original  WHERE census_original.dv_create_time = 'NULL' AND census_original.dv_cmdline_args = 'sample' ORDER BY census_original.dv_version LIMIT 100;
2025-07-01T00:48:40.849129,SELECT census_original.dv_create_time FROM census_original  WHERE census_original.dv_version = 'sample' ORDER BY census_original.dv_create_time LIMIT 100;
2025-07-01T00:48:42.497403,SELECT census_original.dv_cmdline_args FROM census_original  WHERE census_original.dv_create_date <= TIMESTAMP '2022-01-01' ORDER BY census_original.dv_cmdline_args LIMIT 100;
2025-07-01T00:48:44.145819,SELECT census_original.dv_create_date FROM census_original  WHERE census_original.dv_cmdline_args LIKE 'sample' AND census_original.dv_version LIKE 'sample' AND census_original.dv_create_date >= TIMESTAMP '2022-01-01' ORDER BY census_original.dv_create_date LIMIT 100;
2025-07-01T00:48:45.794379,SELECT census_original.dv_cmdline_args FROM census_original  WHERE census_original.dv_create_date <= TIMESTAMP '2022-01-01' ORDER BY census_original.dv_cmdline_args LIMIT 100;
2025-07-01T00:48:47.443081,SELECT census_original.dv_version FROM census_original  WHERE census_original.dv_create_time = 'NULL' AND census_original.dv_cmdline_args = 'sample' ORDER BY census_original.dv_version LIMIT 100;
2025-07-01T00:48:49.091927,SELECT census_original.dv_version FROM census_original  WHERE census_original.dv_create_time = 'NULL' AND census_original.dv_cmdline_args = 'sample' ORDER BY census_original.dv_version LIMIT 100;
2025-07-01T00:48:50.740915,"SELECT census_original.dv_cmdline_args, census_original.dv_create_time FROM census_original  WHERE census_original.dv_version = 'sample' AND census_original.dv_create_time = 'NULL' AND census_original.dv_cmdline_args LIKE 'sample' ORDER BY census_original.dv_create_time LIMIT 100;"
2025-07-01T00:48:52.390046,SELECT census_original.dv_cmdline_args FROM census_original  WHERE census_original.dv_create_date <= TIMESTAMP '2022-01-01' ORDER BY census_original.dv_cmdline_args LIMIT 100;
2025-07-01T00:48:54.039320,SELECT census_original.dv_create_date FROM census_original  WHERE census_original.dv_cmdline_args LIKE 'sample' AND census_original.dv_version LIKE 'sample' AND census_original.dv_create_date >= TIMESTAMP '2022-01-01' ORDER BY census_original.dv_create_date LIMIT 100;
2025-07-01T00:48:55.688736,SELECT census_original.dv_version FROM census_original  WHERE census_original.dv_create_time = 'NULL' AND census_original.dv_cmdline_args = 'sample' ORDER BY census_original.dv_version LIMIT 100;
2025-07-01T00:48:57.338294,"SELECT census_original.dv_cmdline_args, census_original.dv_create_time FROM census_original  WHERE census_original.dv_version = 'sample' AND census_original.dv_create_time = 'NULL' AND census_original.dv_cmdline_args LIKE 'sample' ORDER BY census_original.dv_create_time LIMIT 100;"
2025-07-01T00:48:58.987995,SELECT census_original.dv_cmdline_args FROM census_original  WHERE census_original.dv_create_date <= TIMESTAMP '2022-01-01' ORDER BY census_original.dv_cmdline_args LIMIT 100;
2025-07-01T00:49:00.637838,SELECT census_original.dv_create_time FROM census_original  WHERE census_original.dv_version = 'sample' ORDER BY census_original.dv_create_time LIMIT 100;
2025-07-01T00:49:02.287823,"SELECT census_original.dv_cmdline_args, census_original.dv_create_time FROM census_original  WHERE census_original.dv_version = 'sample' AND census_original.dv_create_time = 'NULL' AND census_original.dv_cmdline_args LIKE 'sample' ORDER BY census_original.dv_create_time LIMIT 100;"
2025-07-01T00:49:03.937950,SELECT census_original.dv_cmdline_args FROM census_original  WHERE census_original.dv_create_date <= TIMESTAMP '2022-01-01' ORDER BY census_original.dv_cmdline_args LIMIT 100;
2025-07-01T00:49:05.588219,SELECT census_original.dv_version FROM census_original  WHERE census_original.dv_create_time = 'NULL' AND census_original.dv_cmdline_args = 'sample' ORDER BY census_original.dv_version LIMIT 100;
2025-07-01T00:49:07.238630,SELECT census_original.dv_create_time FROM census_original  WHERE census_original.dv_version = 'sample' ORDER BY census_original.dv_create_time LIMIT 100;
2025-07-01T00:49:08.889183,SELECT census_original.dv_cmdline_args FROM census_original  WHERE census_original.dv_create_date <= TIMESTAMP '2022-01-01' ORDER BY census_original.dv_cmdline_args LIMIT 100;
2025-07-01T00:49:10.539877,"SELECT census_original.dv_cmdline_args, census_original.dv_create_time FROM census_original  WHERE census_original.dv_version = 'sample' AND census_original.dv_create_time = 'NULL' AND census_original.dv_cmdline_args LIKE 'sample' ORDER BY census_original.dv_create_time LIMIT 100;"
2025-07-01T00:49:12.190712,SELECT census_original.dv_create_time FROM census_original  WHERE census_original.dv_version = 'sample' ORDER BY census_original.dv_create_time LIMIT 100;
2025-07-01T00:49:13.841689,SELECT census_original.dv_cmdline_args FROM census_original  WHERE census_original.dv_create_date <= TIMESTAMP '2022-01-01' ORDER BY census_original.dv_cmdline_args LIMIT 100;
2025-07-01T00:49:15.492807,"SELECT census_original.dv_cmdline_args, census_original.dv_create_time FROM census_original  WHERE census_original.dv_version = 'sample' AND census_original.dv_create_time = 'NULL' AND census_original.dv_cmdline_args LIKE 'sample' ORDER BY census_original.dv_create_time LIMIT 100;"
2025-07-01T00:49:17.144067,"SELECT census_original.dv_cmdline_args, census_original.dv_create_time FROM census_original  WHERE census_original.dv_version = 'sample' AND census_original.dv_create_time = 'NULL' AND census_original.dv_cmdline_args LIKE 'sample' ORDER BY census_original.dv_create_time LIMIT 100;"
2025-07-01T00:49:18.795467,SELECT census_original.dv_create_date FROM census_original  WHERE census_original.dv_cmdline_args LIKE 'sample' AND census_original.dv_version LIKE 'sample' AND census_original.dv_create_date >= TIMESTAMP '2022-01-01' ORDER BY census_original.dv_create_date LIMIT 100;
2025-07-01T00:49:20.447009,"SELECT census_original.dv_cmdline_args, census_original.dv_create_time FROM census_original  WHERE census_original.dv_version = 'sample' AND census_original.dv_create_time = 'NULL' AND census_original.dv_cmdline_args LIKE 'sample' ORDER BY census_original.dv_create_time LIMIT 100;"
2025-07-01T00:49:22.098691,"SELECT census_original.dv_cmdline_args, census_original.dv_create_time FROM census_original  WHERE census_original.dv_version = 'sample' AND census_original.dv_create_time = 'NULL' AND census_original.dv_cmdline_args LIKE 'sample' ORDER BY census_original.dv_create_time LIMIT 100;"
2025-07-01T00:49:23.750515,SELECT census_original.dv_cmdline_args FROM census_original  WHERE census_original.dv_create_date <= TIMESTAMP '2022-01-01' ORDER BY census_original.dv_cmdline_args LIMIT 100;
2025-07-01T00:49:25.402479,"SELECT census_original.dv_cmdline_args, census_original.dv_create_time FROM census_original  WHERE census_original.dv_version = 'sample' AND census_original.dv_create_time = 'NULL' AND census_original.dv_cmdline_args LIKE 'sample' ORDER BY census_original.dv_create_time LIMIT 100;"
2025-07-01T00:49:27.054583,SELECT census_original.dv_cmdline_args FROM census_original  WHERE census_original.dv_create_date <= TIMESTAMP '2022-01-01' ORDER BY census_original.dv_cmdline_args LIMIT 100;
2025-07-01T00:49:28.706828,SELECT census_original.dv_version FROM census_original  WHERE census_original.dv_create_time = 'NULL' AND census_original.dv_cmdline_args = 'sample' ORDER BY census_original.dv_version LIMIT 100;
2025-07-01T00:49:30.359214,SELECT census_original.dv_version FROM census_original  WHERE census_original.dv_create_time = 'NULL' AND census_original.dv_cmdline_args = 'sample' ORDER BY census_original.dv_version LIMIT 100;
2025-07-01T00:49:32.011739,SELECT census_original.dv_cmdline_args FROM census_original  WHERE census_original.dv_create_date <= TIMESTAMP '2022-01-01' ORDER BY census_original.dv_cmdline_args LIMIT 100;
2025-07-01T00:49:33.664405,SELECT census_original.dv_version FROM census_original  WHERE census_original.dv_create_time = 'NULL' AND census_original.dv_cmdline_args = 'sample' ORDER BY census_original.dv_version LIMIT 100;
2025-07-01T00:49:35.317211,"SELECT census_original.dv_cmdline_args, census_original.dv_create_time FROM census_original  WHERE census_original.dv_version = 'sample' AND census_original.dv_create_time = 'NULL' AND census_original.dv_cmdline_args LIKE 'sample' ORDER BY census_original.dv_create_time LIMIT 100;"
2025-07-01T00:49:36.970157,SELECT census_original.dv_create_time FROM census_original  WHERE census_original.dv_version = 'sample' ORDER BY census_original.dv_create_time LIMIT 100;
2025-07-01T00:49:38.623243,"SELECT census_original.dv_cmdline_args, census_original.dv_create_time FROM census_original  WHERE census_original.dv_version = 'sample' AND census_original.dv_create_time = 'NULL' AND census_original.dv_cmdline_args LIKE 'sample' ORDER BY census_original.dv_create_time LIMIT 100;"
2025-07-01T00:49:40.276469,"SELECT census_original.dv_cmdline_args, census_original.dv_create_time FROM census_original  WHERE census_original.dv_version = 'sample' AND census_original.dv_create_time = 'NULL' AND census_original.dv_cmdline_args LIKE 'sample' ORDER BY census_original.dv_create_time LIMIT 100;"
2025-07-01T00:49:41.929834,SELECT census_original.dv_create_date FROM census_original  WHERE census_original.dv_cmdline_args LIKE 'sample' AND census_original.dv_version LIKE 'sample' AND census_original.dv_create_date >= TIMESTAMP '2022-01-01' ORDER BY census_original.dv_create_date LIMIT 100;
2025-07-01T00:49:43.583339,"SELECT census_original.dv_cmdline_args, census_original.dv_create_time FROM census_original  WHERE census_original.dv_version = 'sample' AND census_original.dv_create_time = 'NULL' AND census_original.dv_cmdline_args LIKE 'sample' ORDER BY census_original.dv_create_time LIMIT 100;"
2025-07-01T00:49:45.236984,SELECT census_original.dv_create_date FROM census_original  WHERE census_original.dv_cmdline_args LIKE 'sample' AND census_original.dv_version LIKE 'sample' AND census_original.dv_create_date >= TIMESTAMP '2022-01-01' ORDER BY census_original.dv_create_date LIMIT 100;
2025-07-01T00:49:46.890768,SELECT census_original.dv_cmdline_args FROM census_original  WHERE census_original.dv_create_date <= TIMESTAMP '2022-01-01' ORDER BY census_original.dv_cmdline_args LIMIT 100;
2025-07-01T00:49:48.544691,SELECT census_original.dv_cmdline_args FROM census_original  WHERE census_original.dv_create_date <= TIMESTAMP '2022-01-01' ORDER BY census_original.dv_cmdline_args LIMIT 100;
2025-07-01T00:49:50.198754,"SELECT census_original.dv_cmdline_args, census_original.dv_create_time FROM census_original  WHERE census_original.dv_version = 'sample' AND census_original.dv_create_time = 'NULL' AND census_original.dv_cmdline_args LIKE 'sample' ORDER BY census_original.dv_create_time LIMIT 100;"
2025-07-01T00:49:51.852956,SELECT census_original.dv_create_date FROM census_original  WHERE census_original.dv_cmdline_args LIKE 'sample' AND census_original.dv_version LIKE 'sample' AND census_original.dv_create_date >= TIMESTAMP '2022-01-01' ORDER BY census_original.dv_create_date LIMIT 100;
2025-07-01T00:49:53.507297,SELECT census_original.dv_create_date FROM census_original  WHERE census_original.dv_cmdline_args LIKE 'sample' AND census_original.dv_version LIKE 'sample' AND census_original.dv_create_date >= TIMESTAMP '2022-01-01' ORDER BY census_original.dv_create_date LIMIT 100;
2025-07-01T00:49:55.161776,SELECT census_original.dv_cmdline_args FROM census_original  WHERE census_original.dv_create_date <= TIMESTAMP '2022-01-01' ORDER BY census_original.dv_cmdline_args LIMIT 100;
2025-07-01T00:49:56.816395,SELECT census_original.dv_create_time FROM census_original  WHERE census_original.dv_version = 'sample' ORDER BY census_original.dv_create_time LIMIT 100;
2025-07-01T00:49:58.471152,SELECT census_original.dv_version FROM census_original  WHERE census_original.dv_create_time = 'NULL' AND census_original.dv_cmdline_args = 'sample' ORDER BY census_original.dv_version LIMIT 100;
2025-07-01T00:50:00.126048,"SELECT census_original.dv_cmdline_args, census_original.dv_create_time FROM census_original  WHERE census_original.dv_version = 'sample' AND census_original.dv_create_time = 'NULL' AND census_original.dv_cmdline_args LIKE 'sample' ORDER BY census_original.dv_create_time LIMIT 100;"
2025-07-01T00:50:01.781082,"SELECT census_original.dv_cmdline_args, census_original.dv_create_time FROM census_original  WHERE census_original.dv_version = 'sample' AND census_original.dv_create_time = 'NULL' AND census_original.dv_cmdline_args LIKE 'sample' ORDER BY census_original.dv_create_time LIMIT 100;"
2025-07-01T00:50:03.436255,SELECT census_original.dv_version FROM census_original  WHERE census_original.dv_create_time = 'NULL' AND census_original.dv_cmdline_args = 'sample' ORDER BY census_original.dv_version LIMIT 100;
2025-07-01T00:50:05.091567,SELECT census_original.dv_create_time FROM census_original  WHERE census_original.dv_version = 'sample' ORDER BY census_original.dv_create_time LIMIT 100;
2025-07-01T00:50:06.747016,SELECT census_original.dv_create_date FROM census_original  WHERE census_original.dv_cmdline_args LIKE 'sample' AND census_original.dv_version LIKE 'sample' AND census_original.dv_create_date >= TIMESTAMP '2022-01-01' ORDER BY census_original.dv_create_date LIMIT 100;
2025-07-01T00:50:08.402604,SELECT census_original.dv_version FROM census_original  WHERE census_original.dv_create_time = 'NULL' AND census_original.dv_cmdline_args = 'sample' ORDER BY census_original.dv_version LIMIT 100;
2025-07-01T00:50:10.058330,SELECT census_original.dv_create_date FROM census_original  WHERE census_original.dv_cmdline_args LIKE 'sample' AND census_original.dv_version LIKE 'sample' AND census_original.dv_create_date >= TIMESTAMP '2022-01-01' ORDER BY census_original.dv_create_date LIMIT 100;
2025-07-01T00:50:11.714193,SELECT census_original.dv_create_time FROM census_original  WHERE census_original.dv_version = 'sample' ORDER BY census_original.dv_create_time LIMIT 100;
2025-07-01T00:50:13.370195,SELECT census_original.dv_create_time FROM census_original  WHERE census_original.dv_version = 'sample' ORDER BY census_original.dv_create_time LIMIT 100;
2025-07-01T00:50:15.026334,SELECT census_original.dv_create_date FROM census_original  WHERE census_original.dv_cmdline_args LIKE 'sample' AND census_original.dv_version LIKE 'sample' AND census_original.dv_create_date >= TIMESTAMP '2022-01-01' ORDER BY census_original.dv_create_date LIMIT 100;
2025-07-01T00:50:16.682612,SELECT census_original.dv_cmdline_args FROM census_original  WHERE census_original.dv_create_date <= TIMESTAMP '2022-01-01' ORDER BY census_original.dv_cmdline_args LIMIT 100;
2025-07-01T00:50:18.339026,"SELECT census_original.dv_cmdline_args, census_original.dv_create_time FROM census_original  WHERE census_original.dv_version = 'sample' AND census_original.dv_create_time = 'NULL' AND census_original.dv_cmdline_args LIKE 'sample' ORDER BY census_original.dv_create_time LIMIT 100;"
2025-07-01T00:50:19.995579,SELECT census_original.dv_version FROM census_original  WHERE census_original.dv_create_time = 'NULL' AND census_original.dv_cmdline_args = 'sample' ORDER BY census_original.dv_version LIMIT 100;
2025-07-01T00:50:21.652268,SELECT census_original.dv_version FROM census_original  WHERE census_original.dv_create_time = 'NULL' AND census_original.dv_cmdline_args = 'sample' ORDER BY census_original.dv_version LIMIT 100;
2025-07-01T00:50:23.309095,SELECT census_original.dv_create_date FROM census_original  WHERE census_original.dv_cmdline_args LIKE 'sample' AND census_original.dv_version LIKE 'sample' AND census_original.dv_create_date >= TIMESTAMP '2022-01-01' ORDER BY census_original.dv_create_date LIMIT 100;
2025-07-01T00:50:24.966059,SELECT census_original.dv_version FROM census_original  WHERE census_original.dv_create_time = 'NULL' AND census_original.dv_cmdline_args = 'sample' ORDER BY census_original.dv_version LIMIT 100;
2025-07-01T00:50:26.623161,SELECT census_original.dv_create_date FROM census_original  WHERE census_original.dv_cmdline_args LIKE 'sample' AND census_original.dv_version LIKE 'sample' AND census_original.dv_create_date >= TIMESTAMP '2022-01-01' ORDER BY census_original.dv_create_date LIMIT 100;
2025-07-01T00:50:28.280399,"SELECT census_original.dv_cmdline_args, census_original.dv_create_time FROM census_original  WHERE census_original.dv_version = 'sample' AND census_original.dv_create_time = 'NULL' AND census_original.dv_cmdline_args LIKE 'sample' ORDER BY census_original.dv_create_time LIMIT 100;"
2025-07-01T00:50:29.937774,SELECT census_original.dv_version FROM census_original  WHERE census_original.dv_create_time = 'NULL' AND census_original.dv_cmdline_args = 'sample' ORDER BY census_original.dv_version LIMIT 100;
2025-07-01T00:50:31.595286,SELECT census_original.dv_cmdline_args FROM census_original  WHERE census_original.dv_create_date <= TIMESTAMP '2022-01-01' ORDER BY census_original.dv_cmdline_args LIMIT 100;
2025-07-01T00:50:33.252935,SELECT census_original.dv_cmdline_args FROM census_original  WHERE census_original.dv_create_date <= TIMESTAMP '2022-01-01' ORDER BY census_original.dv_cmdline_args LIMIT 100;
2025-07-01T00:50:34.910721,"SELECT census_original.dv_cmdline_args, census_original.dv_create_time FROM census_original  WHERE census_original.dv_version = 'sample' AND census_original.dv_create_time = 'NULL' AND census_original.dv_cmdline_args LIKE 'sample' ORDER BY census_original.dv_create_time LIMIT 100;"
2025-07-01T00:50:36.568643,SELECT census_original.dv_version FROM census_original  WHERE census_original.dv_create_time = 'NULL' AND census_original.dv_cmdline_args = 'sample' ORDER BY census_original.dv_version LIMIT 100;
2025-07-01T00:50:38.226701,SELECT census_original.dv_version FROM census_original  WHERE census_original.dv_create_time = 'NULL' AND census_original.dv_cmdline_args = 'sample' ORDER BY census_original.dv_version LIMIT 100;
2025-07-01T00:50:39.884896,"SELECT census_original.dv_cmdline_args, census_original.dv_create_time FROM census_original  WHERE census_original.dv_version = 'sample' AND census_original.dv_create_time = 'NULL' AND census_original.dv_cmdline_args LIKE 'sample' ORDER BY census_original.dv_create_time LIMIT 100;"
2025-07-01T00:50:41.543228,SELECT census_original.dv_cmdline_args FROM census_original  WHERE census_original.dv_create_date <= TIMESTAMP '2022-01-01' ORDER BY census_original.dv_cmdline_args LIMIT 100;
2025-07-01T00:50:43.201695,SELECT census_original.dv_create_date FROM census_original  WHERE census_original.dv_cmdline_args LIKE 'sample' AND census_original.dv_version LIKE 'sample' AND census_original.dv_create_date >= TIMESTAMP '2022-01-01' ORDER BY census_original.dv_create_date LIMIT 100;
2025-07-01T00:50:44.860299,SELECT census_original.dv_cmdline_args FROM census_original  WHERE census_original.dv_create_date <= TIMESTAMP '2022-01-01' ORDER BY census_original.dv_cmdline_args LIMIT 100;
2025-07-01T00:50:46.519038,"SELECT census_original.dv_cmdline_args, census_original.dv_create_time FROM census_original  WHERE census_original.dv_version = 'sample' AND census_original.dv_create_time = 'NULL' AND census_original.dv_cmdline_args LIKE 'sample' ORDER BY census_original.dv_create_time LIMIT 100;"
2025-07-01T00:50:48.177914,SELECT census_original.dv_create_time FROM census_original  WHERE census_original.dv_version = 'sample' ORDER BY census_original.dv_create_time LIMIT 100;
2025-07-01T00:50:49.836925,SELECT census_original.dv_cmdline_args FROM census_original  WHERE census_original.dv_create_date <= TIMESTAMP '2022-01-01' ORDER BY census_original.dv_cmdline_args LIMIT 100;
2025-07-01T00:50:51.496072,SELECT census_original.dv_version FROM census_original  WHERE census_original.dv_create_time = 'NULL' AND census_original.dv_cmdline_args = 'sample' ORDER BY census_original.dv_version LIMIT 100;
2025-07-01T00:50:53.155355,"SELECT census_original.dv_cmdline_args, census_original.dv_create_time FROM census_original  WHERE census_original.dv_version = 'sample' AND census_original.dv_create_time = 'NULL' AND census_original.dv_cmdline_args LIKE 'sample' ORDER BY census_original.dv_create_time LIMIT 100;"
2025-07-01T00:50:54.814773,"SELECT census_original.dv_cmdline_args, census_original.dv_create_time FROM census_original  WHERE census_original.dv_version = 'sample' AND census_original.dv_create_time = 'NULL' AND census_original.dv_cmdline_args LIKE 'sample' ORDER BY census_original.dv_create_time LIMIT 100;"
2025-07-01T00:50:56.474326,"SELECT census_original.dv_cmdline_args, census_original.dv_create_time FROM census_original  WHERE census_original.dv_version = 'sample' AND census_original.dv_create_time = 'NULL' AND census_original.dv_cmdline_args LIKE 'sample' ORDER BY census_original.dv_create_time LIMIT 100;"
2025-07-01T00:50:58.134015,"SELECT census_original.dv_cmdline_args, census_original.dv_create_time FROM census_original  WHERE census_original.dv_version = 'sample' AND census_original.dv_create_time = 'NULL' AND census_original.dv_cmdline_args LIKE 'sample' ORDER BY census_original.dv_create_time LIMIT 100;"
2025-07-01T00:50:59.793840,SELECT census_original.dv_cmdline_args FROM census_original  WHERE census_original.dv_create_date <= TIMESTAMP '2022-01-01' ORDER BY census_original.dv_cmdline_args LIMIT 100;
2025-07-01T00:51:01.453799,SELECT census_original.dv_create_time FROM census_original  WHERE census_original.dv_version = 'sample' ORDER BY census_original.dv_create_time LIMIT 100;
2025-07-01T00:51:03.113894,SELECT census_original.dv_create_date FROM census_original  WHERE census_original.dv_cmdline_args LIKE 'sample' AND census_original.dv_version LIKE 'sample' AND census_original.dv_create_date >= TIMESTAMP '2022-01-01' ORDER BY census_original.dv_create_date LIMIT 100;
2025-07-01T00:51:04.774123,"SELECT census_original.dv_cmdline_args, census_original.dv_create_time FROM census_original  WHERE census_original.dv_version = 'sample' AND census_original.dv_create_time = 'NULL' AND census_original.dv_cmdline_args LIKE 'sample' ORDER BY census_original.dv_create_time LIMIT 100;"
2025-07-01T00:51:06.434488,SELECT census_original.dv_create_time FROM census_original  WHERE census_original.dv_version = 'sample' ORDER BY census_original.dv_create_time LIMIT 100;
2025-07-01T00:51:08.094987,SELECT census_original.dv_cmdline_args FROM census_original  WHERE census_original.dv_create_date <= TIMESTAMP '2022-01-01' ORDER BY census_original.dv_cmdline_args LIMIT 100;
2025-07-01T00:51:09.755621,SELECT census_original.dv_cmdline_args FROM census_original  WHERE census_original.dv_create_date <= TIMESTAMP '2022-01-01' ORDER BY census_original.dv_cmdline_args LIMIT 100;
2025-07-01T00:51:11.416390,SELECT census_original.dv_create_date FROM census_original  WHERE census_original.dv_cmdline_args LIKE 'sample' AND census_original.dv_version LIKE 'sample' AND census_original.dv_create_date >= TIMESTAMP '2022-01-01' ORDER BY census_original.dv_create_date LIMIT 100;
2025-07-01T00:51:13.077293,SELECT census_original.dv_create_date FROM census_original  WHERE census_original.dv_cmdline_args LIKE 'sample' AND census_original.dv_version LIKE 'sample' AND census_original.dv_create_date >= TIMESTAMP '2022-01-01' ORDER BY census_original.dv_create_date LIMIT 100;
2025-07-01T00:51:14.738331,SELECT census_original.dv_create_date FROM census_original  WHERE census_original.dv_cmdline_args LIKE 'sample' AND census_original.dv_version LIKE 'sample' AND census_original.dv_create_date >= TIMESTAMP '2022-01-01' ORDER BY census_original.dv_create_date LIMIT 100;
2025-07-01T00:51:16.399503,SELECT census_original.dv_version FROM census_original  WHERE census_original.dv_create_time = 'NULL' AND census_original.dv_cmdline_args = 'sample' ORDER BY census_original.dv_version LIMIT 100;
2025-07-01T00:51:18.060809,"SELECT census_original.dv_cmdline_args, census_original.dv_create_time FROM census_original  WHERE census_original.dv_version = 'sample' AND census_original.dv_create_time = 'NULL' AND census_original.dv_cmdline_args LIKE 'sample' ORDER BY census_original.dv_create_time LIMIT 100;"
2025-07-01T00:51:19.722249,SELECT census_original.dv_create_date FROM census_original  WHERE census_original.dv_cmdline_args LIKE 'sample' AND census_original.dv_version LIKE 'sample' AND census_original.dv_create_date >= TIMESTAMP '2022-01-01' ORDER BY census_original.dv_create_date LIMIT 100;
2025-07-01T00:51:21.383824,SELECT census_original.dv_create_time FROM census_original  WHERE census_original.dv_version = 'sample' ORDER BY census_original.dv_create_time LIMIT 100;
2025-07-01T00:51:23.045532,"SELECT census_original.dv_cmdline_args, census_original.dv_create_time FROM census_original  WHERE census_original.dv_version = 'sample' AND census_original.dv_create_time = 'NULL' AND census_original.dv_cmdline_args LIKE 'sample' ORDER BY census_original.dv_create_time LIMIT 100;"
2025-07-01T00:51:24.707375,SELECT census_original.dv_create_date FROM census_original  WHERE census_original.dv_cmdline_args LIKE 'sample' AND census_original.dv_version LIKE 'sample' AND census_original.dv_create_date >= TIMESTAMP '2022-01-01' ORDER BY census_original.dv_create_date LIMIT 100;
2025-07-01T00:51:26.369351,SELECT census_original.dv_create_date FROM census_original  WHERE census_original.dv_cmdline_args LIKE 'sample' AND census_original.dv_version LIKE 'sample' AND census_original.dv_create_date >= TIMESTAMP '2022-01-01' ORDER BY census_original.dv_create_date LIMIT 100;
2025-07-01T00:51:28.031461,SELECT census_original.dv_cmdline_args FROM census_original  WHERE census_original.dv_create_date <= TIMESTAMP '2022-01-01' ORDER BY census_original.dv_cmdline_args LIMIT 100;
2025-07-01T00:51:29.693705,SELECT census_original.dv_cmdline_args FROM census_original  WHERE census_original.dv_create_date <= TIMESTAMP '2022-01-01' ORDER BY census_original.dv_cmdline_args LIMIT 100;
2025-07-01T00:51:31.356082,SELECT census_original.dv_cmdline_args FROM census_original  WHERE census_original.dv_create_date <= TIMESTAMP '2022-01-01' ORDER BY census_original.dv_cmdline_args LIMIT 100;
2025-07-01T00:51:33.018593,SELECT census_original.dv_create_date FROM census_original  WHERE census_original.dv_cmdline_args LIKE 'sample' AND census_original.dv_version LIKE 'sample' AND census_original.dv_create_date >= TIMESTAMP '2022-01-01' ORDER BY census_original.dv_create_date LIMIT 100;
2025-07-01T00:51:34.681237,SELECT census_original.dv_create_date FROM census_original  WHERE census_original.dv_cmdline_args LIKE 'sample' AND census_original.dv_version LIKE 'sample' AND census_original.dv_create_date >= TIMESTAMP '2022-01-01' ORDER BY census_original.dv_create_date LIMIT 100;
2025-07-01T00:51:36.344014,"SELECT census_original.dv_cmdline_args, census_original.dv_create_time FROM census_original  WHERE census_original.dv_version = 'sample' AND census_original.dv_create_time = 'NULL' AND census_original.dv_cmdline_args LIKE 'sample' ORDER BY census_original.dv_create_time LIMIT 100;"
