timestamp,sql
2025-07-01T00:00:00.200000,"SELECT census_original.dv_cmdline_args, census_original.dv_create_time FROM census_original  WHERE census_original.dv_version = 'sample' AND census_original.dv_create_time = 'NULL' AND census_original.dv_cmdline_args LIKE 'sample' ORDER BY census_original.dv_create_time LIMIT 100;"
2025-07-01T00:00:00.400000,SELECT census_original.dv_cmdline_args FROM census_original  WHERE census_original.dv_create_date <= TIMESTAMP '2022-01-01' ORDER BY census_original.dv_cmdline_args LIMIT 100;
2025-07-01T00:00:00.600000,SELECT census_original.dv_cmdline_args FROM census_original  WHERE census_original.dv_create_date <= TIMESTAMP '2022-01-01' ORDER BY census_original.dv_cmdline_args LIMIT 100;
2025-07-01T00:00:00.800000,SELECT census_original.dv_cmdline_args FROM census_original  WHERE census_original.dv_create_date <= TIMESTAMP '2022-01-01' ORDER BY census_original.dv_cmdline_args LIMIT 100;
2025-07-01T00:00:01.000000,SELECT census_original.dv_cmdline_args FROM census_original  WHERE census_original.dv_create_date <= TIMESTAMP '2022-01-01' ORDER BY census_original.dv_cmdline_args LIMIT 100;
2025-07-01T00:00:01.200000,SELECT census_original.dv_create_time FROM census_original  WHERE census_original.dv_version = 'sample' ORDER BY census_original.dv_create_time LIMIT 100;
2025-07-01T00:00:01.400000,"SELECT census_original.dv_cmdline_args, census_original.dv_create_time FROM census_original  WHERE census_original.dv_version = 'sample' AND census_original.dv_create_time = 'NULL' AND census_original.dv_cmdline_args LIKE 'sample' ORDER BY census_original.dv_create_time LIMIT 100;"
2025-07-01T00:00:01.600000,SELECT census_original.dv_create_date FROM census_original  WHERE census_original.dv_cmdline_args LIKE 'sample' AND census_original.dv_version LIKE 'sample' AND census_original.dv_create_date >= TIMESTAMP '2022-01-01' ORDER BY census_original.dv_create_date LIMIT 100;
2025-07-01T00:00:01.800000,SELECT census_original.dv_create_time FROM census_original  WHERE census_original.dv_version = 'sample' ORDER BY census_original.dv_create_time LIMIT 100;
2025-07-01T00:00:02.000000,SELECT census_original.dv_create_time FROM census_original  WHERE census_original.dv_version = 'sample' ORDER BY census_original.dv_create_time LIMIT 100;
2025-07-01T00:00:02.200000,SELECT census_original.dv_create_date FROM census_original  WHERE census_original.dv_cmdline_args LIKE 'sample' AND census_original.dv_version LIKE 'sample' AND census_original.dv_create_date >= TIMESTAMP '2022-01-01' ORDER BY census_original.dv_create_date LIMIT 100;
2025-07-01T00:00:02.400000,SELECT census_original.dv_create_time FROM census_original  WHERE census_original.dv_version = 'sample' ORDER BY census_original.dv_create_time LIMIT 100;
2025-07-01T00:00:02.600000,SELECT census_original.dv_version FROM census_original  WHERE census_original.dv_create_time = 'NULL' AND census_original.dv_cmdline_args = 'sample' ORDER BY census_original.dv_version LIMIT 100;
2025-07-01T00:00:02.800000,SELECT census_original.dv_version FROM census_original  WHERE census_original.dv_create_time = 'NULL' AND census_original.dv_cmdline_args = 'sample' ORDER BY census_original.dv_version LIMIT 100;
2025-07-01T00:00:03.000000,SELECT census_original.dv_cmdline_args FROM census_original  WHERE census_original.dv_create_date <= TIMESTAMP '2022-01-01' ORDER BY census_original.dv_cmdline_args LIMIT 100;
2025-07-01T00:00:03.200000,SELECT census_original.dv_cmdline_args FROM census_original  WHERE census_original.dv_create_date <= TIMESTAMP '2022-01-01' ORDER BY census_original.dv_cmdline_args LIMIT 100;
2025-07-01T00:00:03.400000,SELECT census_original.dv_version FROM census_original  WHERE census_original.dv_create_time = 'NULL' AND census_original.dv_cmdline_args = 'sample' ORDER BY census_original.dv_version LIMIT 100;
2025-07-01T00:00:03.600000,SELECT census_original.dv_create_time FROM census_original  WHERE census_original.dv_version = 'sample' ORDER BY census_original.dv_create_time LIMIT 100;
2025-07-01T00:00:03.800000,SELECT census_original.dv_version FROM census_original  WHERE census_original.dv_create_time = 'NULL' AND census_original.dv_cmdline_args = 'sample' ORDER BY census_original.dv_version LIMIT 100;
2025-07-01T00:00:04.000000,SELECT census_original.dv_version FROM census_original  WHERE census_original.dv_create_time = 'NULL' AND census_original.dv_cmdline_args = 'sample' ORDER BY census_original.dv_version LIMIT 100;
2025-07-01T00:00:04.200000,"SELECT census_original.dv_cmdline_args, census_original.dv_create_time FROM census_original  WHERE census_original.dv_version = 'sample' AND census_original.dv_create_time = 'NULL' AND census_original.dv_cmdline_args LIKE 'sample' ORDER BY census_original.dv_create_time LIMIT 100;"
2025-07-01T00:00:04.400000,SELECT census_original.dv_cmdline_args FROM census_original  WHERE census_original.dv_create_date <= TIMESTAMP '2022-01-01' ORDER BY census_original.dv_cmdline_args LIMIT 100;
2025-07-01T00:00:04.600000,SELECT census_original.dv_create_date FROM census_original  WHERE census_original.dv_cmdline_args LIKE 'sample' AND census_original.dv_version LIKE 'sample' AND census_original.dv_create_date >= TIMESTAMP '2022-01-01' ORDER BY census_original.dv_create_date LIMIT 100;
2025-07-01T00:00:04.800000,"SELECT census_original.dv_cmdline_args, census_original.dv_create_time FROM census_original  WHERE census_original.dv_version = 'sample' AND census_original.dv_create_time = 'NULL' AND census_original.dv_cmdline_args LIKE 'sample' ORDER BY census_original.dv_create_time LIMIT 100;"
2025-07-01T00:00:05.000000,SELECT census_original.dv_cmdline_args FROM census_original  WHERE census_original.dv_create_date <= TIMESTAMP '2022-01-01' ORDER BY census_original.dv_cmdline_args LIMIT 100;
2025-07-01T00:00:05.200000,SELECT census_original.dv_version FROM census_original  WHERE census_original.dv_create_time = 'NULL' AND census_original.dv_cmdline_args = 'sample' ORDER BY census_original.dv_version LIMIT 100;
2025-07-01T00:00:05.400000,"SELECT census_original.dv_cmdline_args, census_original.dv_create_time FROM census_original  WHERE census_original.dv_version = 'sample' AND census_original.dv_create_time = 'NULL' AND census_original.dv_cmdline_args LIKE 'sample' ORDER BY census_original.dv_create_time LIMIT 100;"
2025-07-01T00:00:05.600000,SELECT census_original.dv_version FROM census_original  WHERE census_original.dv_create_time = 'NULL' AND census_original.dv_cmdline_args = 'sample' ORDER BY census_original.dv_version LIMIT 100;
2025-07-01T00:00:05.800000,SELECT census_original.dv_create_date FROM census_original  WHERE census_original.dv_cmdline_args LIKE 'sample' AND census_original.dv_version LIKE 'sample' AND census_original.dv_create_date >= TIMESTAMP '2022-01-01' ORDER BY census_original.dv_create_date LIMIT 100;
2025-07-01T00:00:06.000000,SELECT census_original.dv_cmdline_args FROM census_original  WHERE census_original.dv_create_date <= TIMESTAMP '2022-01-01' ORDER BY census_original.dv_cmdline_args LIMIT 100;
2025-07-01T00:00:06.200000,SELECT census_original.dv_cmdline_args FROM census_original  WHERE census_original.dv_create_date <= TIMESTAMP '2022-01-01' ORDER BY census_original.dv_cmdline_args LIMIT 100;
2025-07-01T00:00:06.400000,SELECT census_original.dv_cmdline_args FROM census_original  WHERE census_original.dv_create_date <= TIMESTAMP '2022-01-01' ORDER BY census_original.dv_cmdline_args LIMIT 100;
2025-07-01T00:00:06.600000,SELECT census_original.dv_create_date FROM census_original  WHERE census_original.dv_cmdline_args LIKE 'sample' AND census_original.dv_version LIKE 'sample' AND census_original.dv_create_date >= TIMESTAMP '2022-01-01' ORDER BY census_original.dv_create_date LIMIT 100;
2025-07-01T00:00:06.800000,"SELECT census_original.dv_cmdline_args, census_original.dv_create_time FROM census_original  WHERE census_original.dv_version = 'sample' AND census_original.dv_create_time = 'NULL' AND census_original.dv_cmdline_args LIKE 'sample' ORDER BY census_original.dv_create_time LIMIT 100;"
2025-07-01T00:00:07.000000,SELECT census_original.dv_cmdline_args FROM census_original  WHERE census_original.dv_create_date <= TIMESTAMP '2022-01-01' ORDER BY census_original.dv_cmdline_args LIMIT 100;
2025-07-01T00:00:07.200000,"SELECT census_original.dv_cmdline_args, census_original.dv_create_time FROM census_original  WHERE census_original.dv_version = 'sample' AND census_original.dv_create_time = 'NULL' AND census_original.dv_cmdline_args LIKE 'sample' ORDER BY census_original.dv_create_time LIMIT 100;"
2025-07-01T00:00:07.400000,SELECT census_original.dv_create_time FROM census_original  WHERE census_original.dv_version = 'sample' ORDER BY census_original.dv_create_time LIMIT 100;
2025-07-01T00:00:07.600000,SELECT census_original.dv_cmdline_args FROM census_original  WHERE census_original.dv_create_date <= TIMESTAMP '2022-01-01' ORDER BY census_original.dv_cmdline_args LIMIT 100;
2025-07-01T00:00:07.800000,SELECT census_original.dv_create_time FROM census_original  WHERE census_original.dv_version = 'sample' ORDER BY census_original.dv_create_time LIMIT 100;
2025-07-01T00:00:08.000000,SELECT census_original.dv_version FROM census_original  WHERE census_original.dv_create_time = 'NULL' AND census_original.dv_cmdline_args = 'sample' ORDER BY census_original.dv_version LIMIT 100;
2025-07-01T00:00:08.200000,SELECT census_original.dv_cmdline_args FROM census_original  WHERE census_original.dv_create_date <= TIMESTAMP '2022-01-01' ORDER BY census_original.dv_cmdline_args LIMIT 100;
2025-07-01T00:00:08.400000,SELECT census_original.dv_version FROM census_original  WHERE census_original.dv_create_time = 'NULL' AND census_original.dv_cmdline_args = 'sample' ORDER BY census_original.dv_version LIMIT 100;
2025-07-01T00:00:08.600000,"SELECT census_original.dv_cmdline_args, census_original.dv_create_time FROM census_original  WHERE census_original.dv_version = 'sample' AND census_original.dv_create_time = 'NULL' AND census_original.dv_cmdline_args LIKE 'sample' ORDER BY census_original.dv_create_time LIMIT 100;"
2025-07-01T00:00:08.800000,SELECT census_original.dv_cmdline_args FROM census_original  WHERE census_original.dv_create_date <= TIMESTAMP '2022-01-01' ORDER BY census_original.dv_cmdline_args LIMIT 100;
2025-07-01T00:00:09.000000,SELECT census_original.dv_create_time FROM census_original  WHERE census_original.dv_version = 'sample' ORDER BY census_original.dv_create_time LIMIT 100;
2025-07-01T00:00:09.200000,SELECT census_original.dv_create_time FROM census_original  WHERE census_original.dv_version = 'sample' ORDER BY census_original.dv_create_time LIMIT 100;
2025-07-01T00:00:09.400000,SELECT census_original.dv_cmdline_args FROM census_original  WHERE census_original.dv_create_date <= TIMESTAMP '2022-01-01' ORDER BY census_original.dv_cmdline_args LIMIT 100;
2025-07-01T00:00:09.600000,SELECT census_original.dv_create_date FROM census_original  WHERE census_original.dv_cmdline_args LIKE 'sample' AND census_original.dv_version LIKE 'sample' AND census_original.dv_create_date >= TIMESTAMP '2022-01-01' ORDER BY census_original.dv_create_date LIMIT 100;
2025-07-01T00:00:09.800000,SELECT census_original.dv_create_date FROM census_original  WHERE census_original.dv_cmdline_args LIKE 'sample' AND census_original.dv_version LIKE 'sample' AND census_original.dv_create_date >= TIMESTAMP '2022-01-01' ORDER BY census_original.dv_create_date LIMIT 100;
2025-07-01T00:00:10.000000,SELECT census_original.dv_create_time FROM census_original  WHERE census_original.dv_version = 'sample' ORDER BY census_original.dv_create_time LIMIT 100;
2025-07-01T00:00:10.200000,SELECT census_original.dv_create_time FROM census_original  WHERE census_original.dv_version = 'sample' ORDER BY census_original.dv_create_time LIMIT 100;
2025-07-01T00:00:10.400000,SELECT census_original.dv_version FROM census_original  WHERE census_original.dv_create_time = 'NULL' AND census_original.dv_cmdline_args = 'sample' ORDER BY census_original.dv_version LIMIT 100;
2025-07-01T00:00:10.600000,SELECT census_original.dv_create_date FROM census_original  WHERE census_original.dv_cmdline_args LIKE 'sample' AND census_original.dv_version LIKE 'sample' AND census_original.dv_create_date >= TIMESTAMP '2022-01-01' ORDER BY census_original.dv_create_date LIMIT 100;
2025-07-01T00:00:10.800000,"SELECT census_original.dv_cmdline_args, census_original.dv_create_time FROM census_original  WHERE census_original.dv_version = 'sample' AND census_original.dv_create_time = 'NULL' AND census_original.dv_cmdline_args LIKE 'sample' ORDER BY census_original.dv_create_time LIMIT 100;"
2025-07-01T00:00:11.000000,SELECT census_original.dv_cmdline_args FROM census_original  WHERE census_original.dv_create_date <= TIMESTAMP '2022-01-01' ORDER BY census_original.dv_cmdline_args LIMIT 100;
2025-07-01T00:00:11.200000,"SELECT census_original.dv_cmdline_args, census_original.dv_create_time FROM census_original  WHERE census_original.dv_version = 'sample' AND census_original.dv_create_time = 'NULL' AND census_original.dv_cmdline_args LIKE 'sample' ORDER BY census_original.dv_create_time LIMIT 100;"
2025-07-01T00:00:11.400000,SELECT census_original.dv_cmdline_args FROM census_original  WHERE census_original.dv_create_date <= TIMESTAMP '2022-01-01' ORDER BY census_original.dv_cmdline_args LIMIT 100;
2025-07-01T00:00:11.600000,SELECT census_original.dv_create_time FROM census_original  WHERE census_original.dv_version = 'sample' ORDER BY census_original.dv_create_time LIMIT 100;
2025-07-01T00:00:11.800000,SELECT census_original.dv_cmdline_args FROM census_original  WHERE census_original.dv_create_date <= TIMESTAMP '2022-01-01' ORDER BY census_original.dv_cmdline_args LIMIT 100;
2025-07-01T00:00:12.000000,SELECT census_original.dv_create_time FROM census_original  WHERE census_original.dv_version = 'sample' ORDER BY census_original.dv_create_time LIMIT 100;
2025-07-01T00:00:12.200000,SELECT census_original.dv_cmdline_args FROM census_original  WHERE census_original.dv_create_date <= TIMESTAMP '2022-01-01' ORDER BY census_original.dv_cmdline_args LIMIT 100;
2025-07-01T00:00:12.400000,"SELECT census_original.dv_cmdline_args, census_original.dv_create_time FROM census_original  WHERE census_original.dv_version = 'sample' AND census_original.dv_create_time = 'NULL' AND census_original.dv_cmdline_args LIKE 'sample' ORDER BY census_original.dv_create_time LIMIT 100;"
2025-07-01T00:00:12.600000,SELECT census_original.dv_version FROM census_original  WHERE census_original.dv_create_time = 'NULL' AND census_original.dv_cmdline_args = 'sample' ORDER BY census_original.dv_version LIMIT 100;
2025-07-01T00:00:12.800000,"SELECT census_original.dv_cmdline_args, census_original.dv_create_time FROM census_original  WHERE census_original.dv_version = 'sample' AND census_original.dv_create_time = 'NULL' AND census_original.dv_cmdline_args LIKE 'sample' ORDER BY census_original.dv_create_time LIMIT 100;"
2025-07-01T00:00:13.000000,SELECT census_original.dv_create_date FROM census_original  WHERE census_original.dv_cmdline_args LIKE 'sample' AND census_original.dv_version LIKE 'sample' AND census_original.dv_create_date >= TIMESTAMP '2022-01-01' ORDER BY census_original.dv_create_date LIMIT 100;
2025-07-01T00:00:13.200000,SELECT census_original.dv_version FROM census_original  WHERE census_original.dv_create_time = 'NULL' AND census_original.dv_cmdline_args = 'sample' ORDER BY census_original.dv_version LIMIT 100;
2025-07-01T00:00:13.400000,SELECT census_original.dv_version FROM census_original  WHERE census_original.dv_create_time = 'NULL' AND census_original.dv_cmdline_args = 'sample' ORDER BY census_original.dv_version LIMIT 100;
2025-07-01T00:00:13.600000,SELECT census_original.dv_create_time FROM census_original  WHERE census_original.dv_version = 'sample' ORDER BY census_original.dv_create_time LIMIT 100;
2025-07-01T00:00:13.800000,SELECT census_original.dv_create_date FROM census_original  WHERE census_original.dv_cmdline_args LIKE 'sample' AND census_original.dv_version LIKE 'sample' AND census_original.dv_create_date >= TIMESTAMP '2022-01-01' ORDER BY census_original.dv_create_date LIMIT 100;
2025-07-01T00:00:14.000000,SELECT census_original.dv_version FROM census_original  WHERE census_original.dv_create_time = 'NULL' AND census_original.dv_cmdline_args = 'sample' ORDER BY census_original.dv_version LIMIT 100;
2025-07-01T00:00:14.200000,"SELECT census_original.dv_cmdline_args, census_original.dv_create_time FROM census_original  WHERE census_original.dv_version = 'sample' AND census_original.dv_create_time = 'NULL' AND census_original.dv_cmdline_args LIKE 'sample' ORDER BY census_original.dv_create_time LIMIT 100;"
2025-07-01T00:00:14.400000,SELECT census_original.dv_version FROM census_original  WHERE census_original.dv_create_time = 'NULL' AND census_original.dv_cmdline_args = 'sample' ORDER BY census_original.dv_version LIMIT 100;
2025-07-01T00:00:14.600000,SELECT census_original.dv_cmdline_args FROM census_original  WHERE census_original.dv_create_date <= TIMESTAMP '2022-01-01' ORDER BY census_original.dv_cmdline_args LIMIT 100;
2025-07-01T00:00:14.800000,SELECT census_original.dv_cmdline_args FROM census_original  WHERE census_original.dv_create_date <= TIMESTAMP '2022-01-01' ORDER BY census_original.dv_cmdline_args LIMIT 100;
2025-07-01T00:00:15.000000,SELECT census_original.dv_create_time FROM census_original  WHERE census_original.dv_version = 'sample' ORDER BY census_original.dv_create_time LIMIT 100;
2025-07-01T00:00:15.200000,SELECT census_original.dv_cmdline_args FROM census_original  WHERE census_original.dv_create_date <= TIMESTAMP '2022-01-01' ORDER BY census_original.dv_cmdline_args LIMIT 100;
2025-07-01T00:00:15.400000,SELECT census_original.dv_cmdline_args FROM census_original  WHERE census_original.dv_create_date <= TIMESTAMP '2022-01-01' ORDER BY census_original.dv_cmdline_args LIMIT 100;
2025-07-01T00:00:15.600000,SELECT census_original.dv_create_time FROM census_original  WHERE census_original.dv_version = 'sample' ORDER BY census_original.dv_create_time LIMIT 100;
2025-07-01T00:00:15.800000,"SELECT census_original.dv_cmdline_args, census_original.dv_create_time FROM census_original  WHERE census_original.dv_version = 'sample' AND census_original.dv_create_time = 'NULL' AND census_original.dv_cmdline_args LIKE 'sample' ORDER BY census_original.dv_create_time LIMIT 100;"
2025-07-01T00:00:16.000000,SELECT census_original.dv_create_time FROM census_original  WHERE census_original.dv_version = 'sample' ORDER BY census_original.dv_create_time LIMIT 100;
2025-07-01T00:00:16.200000,SELECT census_original.dv_version FROM census_original  WHERE census_original.dv_create_time = 'NULL' AND census_original.dv_cmdline_args = 'sample' ORDER BY census_original.dv_version LIMIT 100;
2025-07-01T00:00:16.400000,SELECT census_original.dv_cmdline_args FROM census_original  WHERE census_original.dv_create_date <= TIMESTAMP '2022-01-01' ORDER BY census_original.dv_cmdline_args LIMIT 100;
2025-07-01T00:00:16.600000,"SELECT census_original.dv_cmdline_args, census_original.dv_create_time FROM census_original  WHERE census_original.dv_version = 'sample' AND census_original.dv_create_time = 'NULL' AND census_original.dv_cmdline_args LIKE 'sample' ORDER BY census_original.dv_create_time LIMIT 100;"
2025-07-01T00:00:16.800000,"SELECT census_original.dv_cmdline_args, census_original.dv_create_time FROM census_original  WHERE census_original.dv_version = 'sample' AND census_original.dv_create_time = 'NULL' AND census_original.dv_cmdline_args LIKE 'sample' ORDER BY census_original.dv_create_time LIMIT 100;"
2025-07-01T00:00:17.000000,SELECT census_original.dv_version FROM census_original  WHERE census_original.dv_create_time = 'NULL' AND census_original.dv_cmdline_args = 'sample' ORDER BY census_original.dv_version LIMIT 100;
2025-07-01T00:00:17.200000,SELECT census_original.dv_create_time FROM census_original  WHERE census_original.dv_version = 'sample' ORDER BY census_original.dv_create_time LIMIT 100;
2025-07-01T00:00:17.400000,"SELECT census_original.dv_cmdline_args, census_original.dv_create_time FROM census_original  WHERE census_original.dv_version = 'sample' AND census_original.dv_create_time = 'NULL' AND census_original.dv_cmdline_args LIKE 'sample' ORDER BY census_original.dv_create_time LIMIT 100;"
2025-07-01T00:00:17.600000,SELECT census_original.dv_cmdline_args FROM census_original  WHERE census_original.dv_create_date <= TIMESTAMP '2022-01-01' ORDER BY census_original.dv_cmdline_args LIMIT 100;
2025-07-01T00:00:17.800000,SELECT census_original.dv_create_time FROM census_original  WHERE census_original.dv_version = 'sample' ORDER BY census_original.dv_create_time LIMIT 100;
2025-07-01T00:00:18.000000,SELECT census_original.dv_cmdline_args FROM census_original  WHERE census_original.dv_create_date <= TIMESTAMP '2022-01-01' ORDER BY census_original.dv_cmdline_args LIMIT 100;
2025-07-01T00:00:18.200000,"SELECT census_original.dv_cmdline_args, census_original.dv_create_time FROM census_original  WHERE census_original.dv_version = 'sample' AND census_original.dv_create_time = 'NULL' AND census_original.dv_cmdline_args LIKE 'sample' ORDER BY census_original.dv_create_time LIMIT 100;"
2025-07-01T00:00:18.400000,"SELECT census_original.dv_cmdline_args, census_original.dv_create_time FROM census_original  WHERE census_original.dv_version = 'sample' AND census_original.dv_create_time = 'NULL' AND census_original.dv_cmdline_args LIKE 'sample' ORDER BY census_original.dv_create_time LIMIT 100;"
2025-07-01T00:00:18.600000,SELECT census_original.dv_cmdline_args FROM census_original  WHERE census_original.dv_create_date <= TIMESTAMP '2022-01-01' ORDER BY census_original.dv_cmdline_args LIMIT 100;
2025-07-01T00:00:18.800000,SELECT census_original.dv_version FROM census_original  WHERE census_original.dv_create_time = 'NULL' AND census_original.dv_cmdline_args = 'sample' ORDER BY census_original.dv_version LIMIT 100;
2025-07-01T00:00:19.000000,SELECT census_original.dv_create_time FROM census_original  WHERE census_original.dv_version = 'sample' ORDER BY census_original.dv_create_time LIMIT 100;
2025-07-01T00:00:19.200000,SELECT census_original.dv_create_time FROM census_original  WHERE census_original.dv_version = 'sample' ORDER BY census_original.dv_create_time LIMIT 100;
2025-07-01T00:00:19.400000,SELECT census_original.dv_create_date FROM census_original  WHERE census_original.dv_cmdline_args LIKE 'sample' AND census_original.dv_version LIKE 'sample' AND census_original.dv_create_date >= TIMESTAMP '2022-01-01' ORDER BY census_original.dv_create_date LIMIT 100;
2025-07-01T00:00:19.600000,SELECT census_original.dv_version FROM census_original  WHERE census_original.dv_create_time = 'NULL' AND census_original.dv_cmdline_args = 'sample' ORDER BY census_original.dv_version LIMIT 100;
2025-07-01T00:00:19.800000,SELECT census_original.dv_cmdline_args FROM census_original  WHERE census_original.dv_create_date <= TIMESTAMP '2022-01-01' ORDER BY census_original.dv_cmdline_args LIMIT 100;
2025-07-01T00:00:20.000000,SELECT census_original.dv_version FROM census_original  WHERE census_original.dv_create_time = 'NULL' AND census_original.dv_cmdline_args = 'sample' ORDER BY census_original.dv_version LIMIT 100;
2025-07-01T00:00:20.200000,"SELECT census_original.dv_cmdline_args, census_original.dv_create_time FROM census_original  WHERE census_original.dv_version = 'sample' AND census_original.dv_create_time = 'NULL' AND census_original.dv_cmdline_args LIKE 'sample' ORDER BY census_original.dv_create_time LIMIT 100;"
2025-07-01T00:00:20.400000,SELECT census_original.dv_create_date FROM census_original  WHERE census_original.dv_cmdline_args LIKE 'sample' AND census_original.dv_version LIKE 'sample' AND census_original.dv_create_date >= TIMESTAMP '2022-01-01' ORDER BY census_original.dv_create_date LIMIT 100;
2025-07-01T00:00:20.600000,SELECT census_original.dv_create_date FROM census_original  WHERE census_original.dv_cmdline_args LIKE 'sample' AND census_original.dv_version LIKE 'sample' AND census_original.dv_create_date >= TIMESTAMP '2022-01-01' ORDER BY census_original.dv_create_date LIMIT 100;
2025-07-01T00:00:20.800000,"SELECT census_original.dv_cmdline_args, census_original.dv_create_time FROM census_original  WHERE census_original.dv_version = 'sample' AND census_original.dv_create_time = 'NULL' AND census_original.dv_cmdline_args LIKE 'sample' ORDER BY census_original.dv_create_time LIMIT 100;"
2025-07-01T00:00:21.000000,"SELECT census_original.dv_cmdline_args, census_original.dv_create_time FROM census_original  WHERE census_original.dv_version = 'sample' AND census_original.dv_create_time = 'NULL' AND census_original.dv_cmdline_args LIKE 'sample' ORDER BY census_original.dv_create_time LIMIT 100;"
2025-07-01T00:00:21.200000,SELECT census_original.dv_cmdline_args FROM census_original  WHERE census_original.dv_create_date <= TIMESTAMP '2022-01-01' ORDER BY census_original.dv_cmdline_args LIMIT 100;
2025-07-01T00:00:21.400000,SELECT census_original.dv_cmdline_args FROM census_original  WHERE census_original.dv_create_date <= TIMESTAMP '2022-01-01' ORDER BY census_original.dv_cmdline_args LIMIT 100;
2025-07-01T00:00:21.600000,SELECT census_original.dv_create_date FROM census_original  WHERE census_original.dv_cmdline_args LIKE 'sample' AND census_original.dv_version LIKE 'sample' AND census_original.dv_create_date >= TIMESTAMP '2022-01-01' ORDER BY census_original.dv_create_date LIMIT 100;
2025-07-01T00:00:21.800000,SELECT census_original.dv_version FROM census_original  WHERE census_original.dv_create_time = 'NULL' AND census_original.dv_cmdline_args = 'sample' ORDER BY census_original.dv_version LIMIT 100;
2025-07-01T00:00:22.000000,SELECT census_original.dv_version FROM census_original  WHERE census_original.dv_create_time = 'NULL' AND census_original.dv_cmdline_args = 'sample' ORDER BY census_original.dv_version LIMIT 100;
2025-07-01T00:00:22.200000,SELECT census_original.dv_create_time FROM census_original  WHERE census_original.dv_version = 'sample' ORDER BY census_original.dv_create_time LIMIT 100;
2025-07-01T00:00:22.400000,"SELECT census_original.dv_cmdline_args, census_original.dv_create_time FROM census_original  WHERE census_original.dv_version = 'sample' AND census_original.dv_create_time = 'NULL' AND census_original.dv_cmdline_args LIKE 'sample' ORDER BY census_original.dv_create_time LIMIT 100;"
2025-07-01T00:00:22.600000,SELECT census_original.dv_cmdline_args FROM census_original  WHERE census_original.dv_create_date <= TIMESTAMP '2022-01-01' ORDER BY census_original.dv_cmdline_args LIMIT 100;
2025-07-01T00:00:22.800000,SELECT census_original.dv_create_date FROM census_original  WHERE census_original.dv_cmdline_args LIKE 'sample' AND census_original.dv_version LIKE 'sample' AND census_original.dv_create_date >= TIMESTAMP '2022-01-01' ORDER BY census_original.dv_create_date LIMIT 100;
2025-07-01T00:00:23.000000,SELECT census_original.dv_create_time FROM census_original  WHERE census_original.dv_version = 'sample' ORDER BY census_original.dv_create_time LIMIT 100;
2025-07-01T00:00:23.200000,SELECT census_original.dv_create_time FROM census_original  WHERE census_original.dv_version = 'sample' ORDER BY census_original.dv_create_time LIMIT 100;
2025-07-01T00:00:23.400000,SELECT census_original.dv_cmdline_args FROM census_original  WHERE census_original.dv_create_date <= TIMESTAMP '2022-01-01' ORDER BY census_original.dv_cmdline_args LIMIT 100;
2025-07-01T00:00:23.600000,SELECT census_original.dv_create_time FROM census_original  WHERE census_original.dv_version = 'sample' ORDER BY census_original.dv_create_time LIMIT 100;
2025-07-01T00:00:23.800000,SELECT census_original.dv_version FROM census_original  WHERE census_original.dv_create_time = 'NULL' AND census_original.dv_cmdline_args = 'sample' ORDER BY census_original.dv_version LIMIT 100;
2025-07-01T00:00:24.000000,SELECT census_original.dv_create_time FROM census_original  WHERE census_original.dv_version = 'sample' ORDER BY census_original.dv_create_time LIMIT 100;
2025-07-01T00:00:24.200000,SELECT census_original.dv_create_date FROM census_original  WHERE census_original.dv_cmdline_args LIKE 'sample' AND census_original.dv_version LIKE 'sample' AND census_original.dv_create_date >= TIMESTAMP '2022-01-01' ORDER BY census_original.dv_create_date LIMIT 100;
2025-07-01T00:00:24.400000,SELECT census_original.dv_version FROM census_original  WHERE census_original.dv_create_time = 'NULL' AND census_original.dv_cmdline_args = 'sample' ORDER BY census_original.dv_version LIMIT 100;
2025-07-01T00:00:24.600000,SELECT census_original.dv_create_date FROM census_original  WHERE census_original.dv_cmdline_args LIKE 'sample' AND census_original.dv_version LIKE 'sample' AND census_original.dv_create_date >= TIMESTAMP '2022-01-01' ORDER BY census_original.dv_create_date LIMIT 100;
2025-07-01T00:00:24.800000,SELECT census_original.dv_cmdline_args FROM census_original  WHERE census_original.dv_create_date <= TIMESTAMP '2022-01-01' ORDER BY census_original.dv_cmdline_args LIMIT 100;
2025-07-01T00:00:25.000000,SELECT census_original.dv_version FROM census_original  WHERE census_original.dv_create_time = 'NULL' AND census_original.dv_cmdline_args = 'sample' ORDER BY census_original.dv_version LIMIT 100;
2025-07-01T00:00:25.200000,SELECT census_original.dv_create_date FROM census_original  WHERE census_original.dv_cmdline_args LIKE 'sample' AND census_original.dv_version LIKE 'sample' AND census_original.dv_create_date >= TIMESTAMP '2022-01-01' ORDER BY census_original.dv_create_date LIMIT 100;
2025-07-01T00:00:25.400000,SELECT census_original.dv_create_date FROM census_original  WHERE census_original.dv_cmdline_args LIKE 'sample' AND census_original.dv_version LIKE 'sample' AND census_original.dv_create_date >= TIMESTAMP '2022-01-01' ORDER BY census_original.dv_create_date LIMIT 100;
2025-07-01T00:00:25.600000,"SELECT census_original.dv_cmdline_args, census_original.dv_create_time FROM census_original  WHERE census_original.dv_version = 'sample' AND census_original.dv_create_time = 'NULL' AND census_original.dv_cmdline_args LIKE 'sample' ORDER BY census_original.dv_create_time LIMIT 100;"
2025-07-01T00:00:25.800000,"SELECT census_original.dv_cmdline_args, census_original.dv_create_time FROM census_original  WHERE census_original.dv_version = 'sample' AND census_original.dv_create_time = 'NULL' AND census_original.dv_cmdline_args LIKE 'sample' ORDER BY census_original.dv_create_time LIMIT 100;"
2025-07-01T00:00:26.000000,SELECT census_original.dv_create_time FROM census_original  WHERE census_original.dv_version = 'sample' ORDER BY census_original.dv_create_time LIMIT 100;
2025-07-01T00:00:26.200000,"SELECT census_original.dv_cmdline_args, census_original.dv_create_time FROM census_original  WHERE census_original.dv_version = 'sample' AND census_original.dv_create_time = 'NULL' AND census_original.dv_cmdline_args LIKE 'sample' ORDER BY census_original.dv_create_time LIMIT 100;"
2025-07-01T00:00:26.400000,SELECT census_original.dv_create_date FROM census_original  WHERE census_original.dv_cmdline_args LIKE 'sample' AND census_original.dv_version LIKE 'sample' AND census_original.dv_create_date >= TIMESTAMP '2022-01-01' ORDER BY census_original.dv_create_date LIMIT 100;
2025-07-01T00:00:26.600000,"SELECT census_original.dv_cmdline_args, census_original.dv_create_time FROM census_original  WHERE census_original.dv_version = 'sample' AND census_original.dv_create_time = 'NULL' AND census_original.dv_cmdline_args LIKE 'sample' ORDER BY census_original.dv_create_time LIMIT 100;"
2025-07-01T00:00:26.800000,SELECT census_original.dv_cmdline_args FROM census_original  WHERE census_original.dv_create_date <= TIMESTAMP '2022-01-01' ORDER BY census_original.dv_cmdline_args LIMIT 100;
2025-07-01T00:00:27.000000,SELECT census_original.dv_create_time FROM census_original  WHERE census_original.dv_version = 'sample' ORDER BY census_original.dv_create_time LIMIT 100;
2025-07-01T00:00:27.200000,SELECT census_original.dv_create_time FROM census_original  WHERE census_original.dv_version = 'sample' ORDER BY census_original.dv_create_time LIMIT 100;
2025-07-01T00:00:27.400000,SELECT census_original.dv_version FROM census_original  WHERE census_original.dv_create_time = 'NULL' AND census_original.dv_cmdline_args = 'sample' ORDER BY census_original.dv_version LIMIT 100;
2025-07-01T00:00:27.600000,SELECT census_original.dv_cmdline_args FROM census_original  WHERE census_original.dv_create_date <= TIMESTAMP '2022-01-01' ORDER BY census_original.dv_cmdline_args LIMIT 100;
2025-07-01T00:00:27.800000,SELECT census_original.dv_create_time FROM census_original  WHERE census_original.dv_version = 'sample' ORDER BY census_original.dv_create_time LIMIT 100;
2025-07-01T00:00:28.000000,SELECT census_original.dv_cmdline_args FROM census_original  WHERE census_original.dv_create_date <= TIMESTAMP '2022-01-01' ORDER BY census_original.dv_cmdline_args LIMIT 100;
2025-07-01T00:00:28.200000,SELECT census_original.dv_create_time FROM census_original  WHERE census_original.dv_version = 'sample' ORDER BY census_original.dv_create_time LIMIT 100;
2025-07-01T00:00:28.400000,SELECT census_original.dv_create_time FROM census_original  WHERE census_original.dv_version = 'sample' ORDER BY census_original.dv_create_time LIMIT 100;
2025-07-01T00:00:28.600000,SELECT census_original.dv_cmdline_args FROM census_original  WHERE census_original.dv_create_date <= TIMESTAMP '2022-01-01' ORDER BY census_original.dv_cmdline_args LIMIT 100;
2025-07-01T00:00:28.800000,SELECT census_original.dv_create_date FROM census_original  WHERE census_original.dv_cmdline_args LIKE 'sample' AND census_original.dv_version LIKE 'sample' AND census_original.dv_create_date >= TIMESTAMP '2022-01-01' ORDER BY census_original.dv_create_date LIMIT 100;
2025-07-01T00:00:29.000000,SELECT census_original.dv_create_date FROM census_original  WHERE census_original.dv_cmdline_args LIKE 'sample' AND census_original.dv_version LIKE 'sample' AND census_original.dv_create_date >= TIMESTAMP '2022-01-01' ORDER BY census_original.dv_create_date LIMIT 100;
2025-07-01T00:00:29.200000,SELECT census_original.dv_create_time FROM census_original  WHERE census_original.dv_version = 'sample' ORDER BY census_original.dv_create_time LIMIT 100;
2025-07-01T00:00:29.400000,SELECT census_original.dv_create_date FROM census_original  WHERE census_original.dv_cmdline_args LIKE 'sample' AND census_original.dv_version LIKE 'sample' AND census_original.dv_create_date >= TIMESTAMP '2022-01-01' ORDER BY census_original.dv_create_date LIMIT 100;
2025-07-01T00:00:29.600000,SELECT census_original.dv_create_date FROM census_original  WHERE census_original.dv_cmdline_args LIKE 'sample' AND census_original.dv_version LIKE 'sample' AND census_original.dv_create_date >= TIMESTAMP '2022-01-01' ORDER BY census_original.dv_create_date LIMIT 100;
2025-07-01T00:00:29.800000,SELECT census_original.dv_cmdline_args FROM census_original  WHERE census_original.dv_create_date <= TIMESTAMP '2022-01-01' ORDER BY census_original.dv_cmdline_args LIMIT 100;
2025-07-01T00:00:30.000000,SELECT census_original.dv_create_time FROM census_original  WHERE census_original.dv_version = 'sample' ORDER BY census_original.dv_create_time LIMIT 100;
2025-07-01T00:00:30.200000,SELECT census_original.dv_cmdline_args FROM census_original  WHERE census_original.dv_create_date <= TIMESTAMP '2022-01-01' ORDER BY census_original.dv_cmdline_args LIMIT 100;
2025-07-01T00:00:30.400000,SELECT census_original.dv_create_date FROM census_original  WHERE census_original.dv_cmdline_args LIKE 'sample' AND census_original.dv_version LIKE 'sample' AND census_original.dv_create_date >= TIMESTAMP '2022-01-01' ORDER BY census_original.dv_create_date LIMIT 100;
2025-07-01T00:00:30.600000,SELECT census_original.dv_version FROM census_original  WHERE census_original.dv_create_time = 'NULL' AND census_original.dv_cmdline_args = 'sample' ORDER BY census_original.dv_version LIMIT 100;
2025-07-01T00:00:30.800000,SELECT census_original.dv_version FROM census_original  WHERE census_original.dv_create_time = 'NULL' AND census_original.dv_cmdline_args = 'sample' ORDER BY census_original.dv_version LIMIT 100;
2025-07-01T00:00:31.000000,SELECT census_original.dv_create_date FROM census_original  WHERE census_original.dv_cmdline_args LIKE 'sample' AND census_original.dv_version LIKE 'sample' AND census_original.dv_create_date >= TIMESTAMP '2022-01-01' ORDER BY census_original.dv_create_date LIMIT 100;
2025-07-01T00:00:31.200000,SELECT census_original.dv_create_date FROM census_original  WHERE census_original.dv_cmdline_args LIKE 'sample' AND census_original.dv_version LIKE 'sample' AND census_original.dv_create_date >= TIMESTAMP '2022-01-01' ORDER BY census_original.dv_create_date LIMIT 100;
2025-07-01T00:00:31.400000,"SELECT census_original.dv_cmdline_args, census_original.dv_create_time FROM census_original  WHERE census_original.dv_version = 'sample' AND census_original.dv_create_time = 'NULL' AND census_original.dv_cmdline_args LIKE 'sample' ORDER BY census_original.dv_create_time LIMIT 100;"
2025-07-01T00:00:31.600000,SELECT census_original.dv_create_time FROM census_original  WHERE census_original.dv_version = 'sample' ORDER BY census_original.dv_create_time LIMIT 100;
2025-07-01T00:00:31.800000,SELECT census_original.dv_cmdline_args FROM census_original  WHERE census_original.dv_create_date <= TIMESTAMP '2022-01-01' ORDER BY census_original.dv_cmdline_args LIMIT 100;
2025-07-01T00:00:32.000000,"SELECT census_original.dv_cmdline_args, census_original.dv_create_time FROM census_original  WHERE census_original.dv_version = 'sample' AND census_original.dv_create_time = 'NULL' AND census_original.dv_cmdline_args LIKE 'sample' ORDER BY census_original.dv_create_time LIMIT 100;"
2025-07-01T00:00:32.200000,"SELECT census_original.dv_cmdline_args, census_original.dv_create_time FROM census_original  WHERE census_original.dv_version = 'sample' AND census_original.dv_create_time = 'NULL' AND census_original.dv_cmdline_args LIKE 'sample' ORDER BY census_original.dv_create_time LIMIT 100;"
2025-07-01T00:00:32.400000,"SELECT census_original.dv_cmdline_args, census_original.dv_create_time FROM census_original  WHERE census_original.dv_version = 'sample' AND census_original.dv_create_time = 'NULL' AND census_original.dv_cmdline_args LIKE 'sample' ORDER BY census_original.dv_create_time LIMIT 100;"
2025-07-01T00:00:32.600000,SELECT census_original.dv_create_date FROM census_original  WHERE census_original.dv_cmdline_args LIKE 'sample' AND census_original.dv_version LIKE 'sample' AND census_original.dv_create_date >= TIMESTAMP '2022-01-01' ORDER BY census_original.dv_create_date LIMIT 100;
2025-07-01T00:00:32.800000,"SELECT census_original.dv_cmdline_args, census_original.dv_create_time FROM census_original  WHERE census_original.dv_version = 'sample' AND census_original.dv_create_time = 'NULL' AND census_original.dv_cmdline_args LIKE 'sample' ORDER BY census_original.dv_create_time LIMIT 100;"
2025-07-01T00:00:33.000000,SELECT census_original.dv_version FROM census_original  WHERE census_original.dv_create_time = 'NULL' AND census_original.dv_cmdline_args = 'sample' ORDER BY census_original.dv_version LIMIT 100;
2025-07-01T00:00:33.200000,SELECT census_original.dv_create_time FROM census_original  WHERE census_original.dv_version = 'sample' ORDER BY census_original.dv_create_time LIMIT 100;
2025-07-01T00:00:33.400000,SELECT census_original.dv_create_date FROM census_original  WHERE census_original.dv_cmdline_args LIKE 'sample' AND census_original.dv_version LIKE 'sample' AND census_original.dv_create_date >= TIMESTAMP '2022-01-01' ORDER BY census_original.dv_create_date LIMIT 100;
2025-07-01T00:00:33.600000,SELECT census_original.dv_create_date FROM census_original  WHERE census_original.dv_cmdline_args LIKE 'sample' AND census_original.dv_version LIKE 'sample' AND census_original.dv_create_date >= TIMESTAMP '2022-01-01' ORDER BY census_original.dv_create_date LIMIT 100;
2025-07-01T00:00:33.800000,SELECT census_original.dv_create_date FROM census_original  WHERE census_original.dv_cmdline_args LIKE 'sample' AND census_original.dv_version LIKE 'sample' AND census_original.dv_create_date >= TIMESTAMP '2022-01-01' ORDER BY census_original.dv_create_date LIMIT 100;
2025-07-01T00:00:34.000000,SELECT census_original.dv_create_time FROM census_original  WHERE census_original.dv_version = 'sample' ORDER BY census_original.dv_create_time LIMIT 100;
2025-07-01T00:00:34.200000,SELECT census_original.dv_create_date FROM census_original  WHERE census_original.dv_cmdline_args LIKE 'sample' AND census_original.dv_version LIKE 'sample' AND census_original.dv_create_date >= TIMESTAMP '2022-01-01' ORDER BY census_original.dv_create_date LIMIT 100;
2025-07-01T00:00:34.400000,SELECT census_original.dv_create_time FROM census_original  WHERE census_original.dv_version = 'sample' ORDER BY census_original.dv_create_time LIMIT 100;
2025-07-01T00:00:34.600000,SELECT census_original.dv_create_date FROM census_original  WHERE census_original.dv_cmdline_args LIKE 'sample' AND census_original.dv_version LIKE 'sample' AND census_original.dv_create_date >= TIMESTAMP '2022-01-01' ORDER BY census_original.dv_create_date LIMIT 100;
2025-07-01T00:00:34.800000,"SELECT census_original.dv_cmdline_args, census_original.dv_create_time FROM census_original  WHERE census_original.dv_version = 'sample' AND census_original.dv_create_time = 'NULL' AND census_original.dv_cmdline_args LIKE 'sample' ORDER BY census_original.dv_create_time LIMIT 100;"
2025-07-01T00:00:35.000000,SELECT census_original.dv_create_date FROM census_original  WHERE census_original.dv_cmdline_args LIKE 'sample' AND census_original.dv_version LIKE 'sample' AND census_original.dv_create_date >= TIMESTAMP '2022-01-01' ORDER BY census_original.dv_create_date LIMIT 100;
2025-07-01T00:00:35.200000,SELECT census_original.dv_version FROM census_original  WHERE census_original.dv_create_time = 'NULL' AND census_original.dv_cmdline_args = 'sample' ORDER BY census_original.dv_version LIMIT 100;
2025-07-01T00:00:35.400000,SELECT census_original.dv_cmdline_args FROM census_original  WHERE census_original.dv_create_date <= TIMESTAMP '2022-01-01' ORDER BY census_original.dv_cmdline_args LIMIT 100;
2025-07-01T00:00:35.600000,SELECT census_original.dv_version FROM census_original  WHERE census_original.dv_create_time = 'NULL' AND census_original.dv_cmdline_args = 'sample' ORDER BY census_original.dv_version LIMIT 100;
2025-07-01T00:00:35.800000,SELECT census_original.dv_create_time FROM census_original  WHERE census_original.dv_version = 'sample' ORDER BY census_original.dv_create_time LIMIT 100;
2025-07-01T00:00:36.000000,SELECT census_original.dv_cmdline_args FROM census_original  WHERE census_original.dv_create_date <= TIMESTAMP '2022-01-01' ORDER BY census_original.dv_cmdline_args LIMIT 100;
2025-07-01T00:00:36.200000,"SELECT census_original.dv_cmdline_args, census_original.dv_create_time FROM census_original  WHERE census_original.dv_version = 'sample' AND census_original.dv_create_time = 'NULL' AND census_original.dv_cmdline_args LIKE 'sample' ORDER BY census_original.dv_create_time LIMIT 100;"
2025-07-01T00:00:36.400000,SELECT census_original.dv_create_time FROM census_original  WHERE census_original.dv_version = 'sample' ORDER BY census_original.dv_create_time LIMIT 100;
2025-07-01T00:00:36.600000,SELECT census_original.dv_version FROM census_original  WHERE census_original.dv_create_time = 'NULL' AND census_original.dv_cmdline_args = 'sample' ORDER BY census_original.dv_version LIMIT 100;
2025-07-01T00:00:36.800000,SELECT census_original.dv_cmdline_args FROM census_original  WHERE census_original.dv_create_date <= TIMESTAMP '2022-01-01' ORDER BY census_original.dv_cmdline_args LIMIT 100;
2025-07-01T00:00:37.000000,SELECT census_original.dv_create_time FROM census_original  WHERE census_original.dv_version = 'sample' ORDER BY census_original.dv_create_time LIMIT 100;
2025-07-01T00:00:37.200000,SELECT census_original.dv_version FROM census_original  WHERE census_original.dv_create_time = 'NULL' AND census_original.dv_cmdline_args = 'sample' ORDER BY census_original.dv_version LIMIT 100;
2025-07-01T00:00:37.400000,"SELECT census_original.dv_cmdline_args, census_original.dv_create_time FROM census_original  WHERE census_original.dv_version = 'sample' AND census_original.dv_create_time = 'NULL' AND census_original.dv_cmdline_args LIKE 'sample' ORDER BY census_original.dv_create_time LIMIT 100;"
2025-07-01T00:00:37.600000,SELECT census_original.dv_version FROM census_original  WHERE census_original.dv_create_time = 'NULL' AND census_original.dv_cmdline_args = 'sample' ORDER BY census_original.dv_version LIMIT 100;
2025-07-01T00:00:37.800000,SELECT census_original.dv_version FROM census_original  WHERE census_original.dv_create_time = 'NULL' AND census_original.dv_cmdline_args = 'sample' ORDER BY census_original.dv_version LIMIT 100;
2025-07-01T00:00:38.000000,SELECT census_original.dv_create_time FROM census_original  WHERE census_original.dv_version = 'sample' ORDER BY census_original.dv_create_time LIMIT 100;
2025-07-01T00:00:38.200000,SELECT census_original.dv_create_time FROM census_original  WHERE census_original.dv_version = 'sample' ORDER BY census_original.dv_create_time LIMIT 100;
2025-07-01T00:00:38.400000,SELECT census_original.dv_version FROM census_original  WHERE census_original.dv_create_time = 'NULL' AND census_original.dv_cmdline_args = 'sample' ORDER BY census_original.dv_version LIMIT 100;
2025-07-01T00:00:38.600000,"SELECT census_original.dv_cmdline_args, census_original.dv_create_time FROM census_original  WHERE census_original.dv_version = 'sample' AND census_original.dv_create_time = 'NULL' AND census_original.dv_cmdline_args LIKE 'sample' ORDER BY census_original.dv_create_time LIMIT 100;"
2025-07-01T00:00:38.800000,SELECT census_original.dv_create_time FROM census_original  WHERE census_original.dv_version = 'sample' ORDER BY census_original.dv_create_time LIMIT 100;
2025-07-01T00:00:39.000000,SELECT census_original.dv_cmdline_args FROM census_original  WHERE census_original.dv_create_date <= TIMESTAMP '2022-01-01' ORDER BY census_original.dv_cmdline_args LIMIT 100;
2025-07-01T00:00:39.200000,SELECT census_original.dv_version FROM census_original  WHERE census_original.dv_create_time = 'NULL' AND census_original.dv_cmdline_args = 'sample' ORDER BY census_original.dv_version LIMIT 100;
2025-07-01T00:00:39.400000,SELECT census_original.dv_create_time FROM census_original  WHERE census_original.dv_version = 'sample' ORDER BY census_original.dv_create_time LIMIT 100;
2025-07-01T00:00:39.600000,"SELECT census_original.dv_cmdline_args, census_original.dv_create_time FROM census_original  WHERE census_original.dv_version = 'sample' AND census_original.dv_create_time = 'NULL' AND census_original.dv_cmdline_args LIKE 'sample' ORDER BY census_original.dv_create_time LIMIT 100;"
2025-07-01T00:00:39.800000,SELECT census_original.dv_create_time FROM census_original  WHERE census_original.dv_version = 'sample' ORDER BY census_original.dv_create_time LIMIT 100;
2025-07-01T00:00:40.000000,"SELECT census_original.dv_cmdline_args, census_original.dv_create_time FROM census_original  WHERE census_original.dv_version = 'sample' AND census_original.dv_create_time = 'NULL' AND census_original.dv_cmdline_args LIKE 'sample' ORDER BY census_original.dv_create_time LIMIT 100;"
2025-07-01T00:00:40.200000,SELECT census_original.dv_cmdline_args FROM census_original  WHERE census_original.dv_create_date <= TIMESTAMP '2022-01-01' ORDER BY census_original.dv_cmdline_args LIMIT 100;
2025-07-01T00:00:40.400000,SELECT census_original.dv_version FROM census_original  WHERE census_original.dv_create_time = 'NULL' AND census_original.dv_cmdline_args = 'sample' ORDER BY census_original.dv_version LIMIT 100;
2025-07-01T00:00:40.600000,SELECT census_original.dv_version FROM census_original  WHERE census_original.dv_create_time = 'NULL' AND census_original.dv_cmdline_args = 'sample' ORDER BY census_original.dv_version LIMIT 100;
2025-07-01T00:00:40.800000,"SELECT census_original.dv_cmdline_args, census_original.dv_create_time FROM census_original  WHERE census_original.dv_version = 'sample' AND census_original.dv_create_time = 'NULL' AND census_original.dv_cmdline_args LIKE 'sample' ORDER BY census_original.dv_create_time LIMIT 100;"
2025-07-01T00:00:41.000000,SELECT census_original.dv_create_date FROM census_original  WHERE census_original.dv_cmdline_args LIKE 'sample' AND census_original.dv_version LIKE 'sample' AND census_original.dv_create_date >= TIMESTAMP '2022-01-01' ORDER BY census_original.dv_create_date LIMIT 100;
2025-07-01T00:00:41.200000,"SELECT census_original.dv_cmdline_args, census_original.dv_create_time FROM census_original  WHERE census_original.dv_version = 'sample' AND census_original.dv_create_time = 'NULL' AND census_original.dv_cmdline_args LIKE 'sample' ORDER BY census_original.dv_create_time LIMIT 100;"
2025-07-01T00:00:41.400000,SELECT census_original.dv_version FROM census_original  WHERE census_original.dv_create_time = 'NULL' AND census_original.dv_cmdline_args = 'sample' ORDER BY census_original.dv_version LIMIT 100;
2025-07-01T00:00:41.600000,SELECT census_original.dv_create_date FROM census_original  WHERE census_original.dv_cmdline_args LIKE 'sample' AND census_original.dv_version LIKE 'sample' AND census_original.dv_create_date >= TIMESTAMP '2022-01-01' ORDER BY census_original.dv_create_date LIMIT 100;
2025-07-01T00:00:41.800000,SELECT census_original.dv_cmdline_args FROM census_original  WHERE census_original.dv_create_date <= TIMESTAMP '2022-01-01' ORDER BY census_original.dv_cmdline_args LIMIT 100;
2025-07-01T00:00:42.000000,SELECT census_original.dv_create_time FROM census_original  WHERE census_original.dv_version = 'sample' ORDER BY census_original.dv_create_time LIMIT 100;
2025-07-01T00:00:42.200000,SELECT census_original.dv_create_time FROM census_original  WHERE census_original.dv_version = 'sample' ORDER BY census_original.dv_create_time LIMIT 100;
2025-07-01T00:00:42.400000,"SELECT census_original.dv_cmdline_args, census_original.dv_create_time FROM census_original  WHERE census_original.dv_version = 'sample' AND census_original.dv_create_time = 'NULL' AND census_original.dv_cmdline_args LIKE 'sample' ORDER BY census_original.dv_create_time LIMIT 100;"
2025-07-01T00:00:42.600000,SELECT census_original.dv_cmdline_args FROM census_original  WHERE census_original.dv_create_date <= TIMESTAMP '2022-01-01' ORDER BY census_original.dv_cmdline_args LIMIT 100;
2025-07-01T00:00:42.800000,SELECT census_original.dv_create_time FROM census_original  WHERE census_original.dv_version = 'sample' ORDER BY census_original.dv_create_time LIMIT 100;
2025-07-01T00:00:43.000000,SELECT census_original.dv_create_time FROM census_original  WHERE census_original.dv_version = 'sample' ORDER BY census_original.dv_create_time LIMIT 100;
2025-07-01T00:00:43.200000,SELECT census_original.dv_create_time FROM census_original  WHERE census_original.dv_version = 'sample' ORDER BY census_original.dv_create_time LIMIT 100;
2025-07-01T00:00:43.400000,"SELECT census_original.dv_cmdline_args, census_original.dv_create_time FROM census_original  WHERE census_original.dv_version = 'sample' AND census_original.dv_create_time = 'NULL' AND census_original.dv_cmdline_args LIKE 'sample' ORDER BY census_original.dv_create_time LIMIT 100;"
2025-07-01T00:00:43.600000,SELECT census_original.dv_create_date FROM census_original  WHERE census_original.dv_cmdline_args LIKE 'sample' AND census_original.dv_version LIKE 'sample' AND census_original.dv_create_date >= TIMESTAMP '2022-01-01' ORDER BY census_original.dv_create_date LIMIT 100;
2025-07-01T00:00:43.800000,SELECT census_original.dv_cmdline_args FROM census_original  WHERE census_original.dv_create_date <= TIMESTAMP '2022-01-01' ORDER BY census_original.dv_cmdline_args LIMIT 100;
2025-07-01T00:00:44.000000,SELECT census_original.dv_cmdline_args FROM census_original  WHERE census_original.dv_create_date <= TIMESTAMP '2022-01-01' ORDER BY census_original.dv_cmdline_args LIMIT 100;
2025-07-01T00:00:44.200000,SELECT census_original.dv_create_date FROM census_original  WHERE census_original.dv_cmdline_args LIKE 'sample' AND census_original.dv_version LIKE 'sample' AND census_original.dv_create_date >= TIMESTAMP '2022-01-01' ORDER BY census_original.dv_create_date LIMIT 100;
2025-07-01T00:00:44.400000,"SELECT census_original.dv_cmdline_args, census_original.dv_create_time FROM census_original  WHERE census_original.dv_version = 'sample' AND census_original.dv_create_time = 'NULL' AND census_original.dv_cmdline_args LIKE 'sample' ORDER BY census_original.dv_create_time LIMIT 100;"
2025-07-01T00:00:44.600000,SELECT census_original.dv_create_date FROM census_original  WHERE census_original.dv_cmdline_args LIKE 'sample' AND census_original.dv_version LIKE 'sample' AND census_original.dv_create_date >= TIMESTAMP '2022-01-01' ORDER BY census_original.dv_create_date LIMIT 100;
2025-07-01T00:00:44.800000,SELECT census_original.dv_version FROM census_original  WHERE census_original.dv_create_time = 'NULL' AND census_original.dv_cmdline_args = 'sample' ORDER BY census_original.dv_version LIMIT 100;
2025-07-01T00:00:45.000000,SELECT census_original.dv_cmdline_args FROM census_original  WHERE census_original.dv_create_date <= TIMESTAMP '2022-01-01' ORDER BY census_original.dv_cmdline_args LIMIT 100;
2025-07-01T00:00:45.200000,SELECT census_original.dv_create_time FROM census_original  WHERE census_original.dv_version = 'sample' ORDER BY census_original.dv_create_time LIMIT 100;
2025-07-01T00:00:45.400000,SELECT census_original.dv_create_time FROM census_original  WHERE census_original.dv_version = 'sample' ORDER BY census_original.dv_create_time LIMIT 100;
2025-07-01T00:00:45.600000,SELECT census_original.dv_create_time FROM census_original  WHERE census_original.dv_version = 'sample' ORDER BY census_original.dv_create_time LIMIT 100;
2025-07-01T00:00:45.800000,SELECT census_original.dv_cmdline_args FROM census_original  WHERE census_original.dv_create_date <= TIMESTAMP '2022-01-01' ORDER BY census_original.dv_cmdline_args LIMIT 100;
2025-07-01T00:00:46.000000,SELECT census_original.dv_create_time FROM census_original  WHERE census_original.dv_version = 'sample' ORDER BY census_original.dv_create_time LIMIT 100;
2025-07-01T00:00:46.200000,SELECT census_original.dv_create_date FROM census_original  WHERE census_original.dv_cmdline_args LIKE 'sample' AND census_original.dv_version LIKE 'sample' AND census_original.dv_create_date >= TIMESTAMP '2022-01-01' ORDER BY census_original.dv_create_date LIMIT 100;
2025-07-01T00:00:46.400000,SELECT census_original.dv_version FROM census_original  WHERE census_original.dv_create_time = 'NULL' AND census_original.dv_cmdline_args = 'sample' ORDER BY census_original.dv_version LIMIT 100;
2025-07-01T00:00:46.600000,"SELECT census_original.dv_cmdline_args, census_original.dv_create_time FROM census_original  WHERE census_original.dv_version = 'sample' AND census_original.dv_create_time = 'NULL' AND census_original.dv_cmdline_args LIKE 'sample' ORDER BY census_original.dv_create_time LIMIT 100;"
2025-07-01T00:00:46.800000,SELECT census_original.dv_version FROM census_original  WHERE census_original.dv_create_time = 'NULL' AND census_original.dv_cmdline_args = 'sample' ORDER BY census_original.dv_version LIMIT 100;
2025-07-01T00:00:47.000000,SELECT census_original.dv_create_time FROM census_original  WHERE census_original.dv_version = 'sample' ORDER BY census_original.dv_create_time LIMIT 100;
2025-07-01T00:00:47.200000,SELECT census_original.dv_version FROM census_original  WHERE census_original.dv_create_time = 'NULL' AND census_original.dv_cmdline_args = 'sample' ORDER BY census_original.dv_version LIMIT 100;
2025-07-01T00:00:47.400000,SELECT census_original.dv_version FROM census_original  WHERE census_original.dv_create_time = 'NULL' AND census_original.dv_cmdline_args = 'sample' ORDER BY census_original.dv_version LIMIT 100;
2025-07-01T00:00:47.600000,"SELECT census_original.dv_cmdline_args, census_original.dv_create_time FROM census_original  WHERE census_original.dv_version = 'sample' AND census_original.dv_create_time = 'NULL' AND census_original.dv_cmdline_args LIKE 'sample' ORDER BY census_original.dv_create_time LIMIT 100;"
2025-07-01T00:00:47.800000,SELECT census_original.dv_cmdline_args FROM census_original  WHERE census_original.dv_create_date <= TIMESTAMP '2022-01-01' ORDER BY census_original.dv_cmdline_args LIMIT 100;
2025-07-01T00:00:48.000000,SELECT census_original.dv_create_time FROM census_original  WHERE census_original.dv_version = 'sample' ORDER BY census_original.dv_create_time LIMIT 100;
2025-07-01T00:00:48.200000,SELECT census_original.dv_cmdline_args FROM census_original  WHERE census_original.dv_create_date <= TIMESTAMP '2022-01-01' ORDER BY census_original.dv_cmdline_args LIMIT 100;
2025-07-01T00:00:48.400000,SELECT census_original.dv_version FROM census_original  WHERE census_original.dv_create_time = 'NULL' AND census_original.dv_cmdline_args = 'sample' ORDER BY census_original.dv_version LIMIT 100;
2025-07-01T00:00:48.600000,SELECT census_original.dv_create_time FROM census_original  WHERE census_original.dv_version = 'sample' ORDER BY census_original.dv_create_time LIMIT 100;
2025-07-01T00:00:48.800000,SELECT census_original.dv_version FROM census_original  WHERE census_original.dv_create_time = 'NULL' AND census_original.dv_cmdline_args = 'sample' ORDER BY census_original.dv_version LIMIT 100;
2025-07-01T00:00:49.000000,SELECT census_original.dv_version FROM census_original  WHERE census_original.dv_create_time = 'NULL' AND census_original.dv_cmdline_args = 'sample' ORDER BY census_original.dv_version LIMIT 100;
2025-07-01T00:00:49.200000,"SELECT census_original.dv_cmdline_args, census_original.dv_create_time FROM census_original  WHERE census_original.dv_version = 'sample' AND census_original.dv_create_time = 'NULL' AND census_original.dv_cmdline_args LIKE 'sample' ORDER BY census_original.dv_create_time LIMIT 100;"
2025-07-01T00:00:49.400000,SELECT census_original.dv_version FROM census_original  WHERE census_original.dv_create_time = 'NULL' AND census_original.dv_cmdline_args = 'sample' ORDER BY census_original.dv_version LIMIT 100;
2025-07-01T00:00:49.600000,SELECT census_original.dv_version FROM census_original  WHERE census_original.dv_create_time = 'NULL' AND census_original.dv_cmdline_args = 'sample' ORDER BY census_original.dv_version LIMIT 100;
2025-07-01T00:00:49.800000,SELECT census_original.dv_create_date FROM census_original  WHERE census_original.dv_cmdline_args LIKE 'sample' AND census_original.dv_version LIKE 'sample' AND census_original.dv_create_date >= TIMESTAMP '2022-01-01' ORDER BY census_original.dv_create_date LIMIT 100;
2025-07-01T00:00:50.000000,SELECT census_original.dv_create_date FROM census_original  WHERE census_original.dv_cmdline_args LIKE 'sample' AND census_original.dv_version LIKE 'sample' AND census_original.dv_create_date >= TIMESTAMP '2022-01-01' ORDER BY census_original.dv_create_date LIMIT 100;
2025-07-01T00:00:50.200000,SELECT census_original.dv_create_time FROM census_original  WHERE census_original.dv_version = 'sample' ORDER BY census_original.dv_create_time LIMIT 100;
2025-07-01T00:00:50.400000,SELECT census_original.dv_cmdline_args FROM census_original  WHERE census_original.dv_create_date <= TIMESTAMP '2022-01-01' ORDER BY census_original.dv_cmdline_args LIMIT 100;
2025-07-01T00:00:50.600000,"SELECT census_original.dv_cmdline_args, census_original.dv_create_time FROM census_original  WHERE census_original.dv_version = 'sample' AND census_original.dv_create_time = 'NULL' AND census_original.dv_cmdline_args LIKE 'sample' ORDER BY census_original.dv_create_time LIMIT 100;"
2025-07-01T00:00:50.800000,SELECT census_original.dv_cmdline_args FROM census_original  WHERE census_original.dv_create_date <= TIMESTAMP '2022-01-01' ORDER BY census_original.dv_cmdline_args LIMIT 100;
2025-07-01T00:00:51.000000,SELECT census_original.dv_create_time FROM census_original  WHERE census_original.dv_version = 'sample' ORDER BY census_original.dv_create_time LIMIT 100;
2025-07-01T00:00:51.200000,SELECT census_original.dv_cmdline_args FROM census_original  WHERE census_original.dv_create_date <= TIMESTAMP '2022-01-01' ORDER BY census_original.dv_cmdline_args LIMIT 100;
2025-07-01T00:00:51.400000,"SELECT census_original.dv_cmdline_args, census_original.dv_create_time FROM census_original  WHERE census_original.dv_version = 'sample' AND census_original.dv_create_time = 'NULL' AND census_original.dv_cmdline_args LIKE 'sample' ORDER BY census_original.dv_create_time LIMIT 100;"
2025-07-01T00:00:51.600000,SELECT census_original.dv_version FROM census_original  WHERE census_original.dv_create_time = 'NULL' AND census_original.dv_cmdline_args = 'sample' ORDER BY census_original.dv_version LIMIT 100;
2025-07-01T00:00:51.800000,"SELECT census_original.dv_cmdline_args, census_original.dv_create_time FROM census_original  WHERE census_original.dv_version = 'sample' AND census_original.dv_create_time = 'NULL' AND census_original.dv_cmdline_args LIKE 'sample' ORDER BY census_original.dv_create_time LIMIT 100;"
2025-07-01T00:00:52.000000,SELECT census_original.dv_create_date FROM census_original  WHERE census_original.dv_cmdline_args LIKE 'sample' AND census_original.dv_version LIKE 'sample' AND census_original.dv_create_date >= TIMESTAMP '2022-01-01' ORDER BY census_original.dv_create_date LIMIT 100;
2025-07-01T00:00:52.200000,"SELECT census_original.dv_cmdline_args, census_original.dv_create_time FROM census_original  WHERE census_original.dv_version = 'sample' AND census_original.dv_create_time = 'NULL' AND census_original.dv_cmdline_args LIKE 'sample' ORDER BY census_original.dv_create_time LIMIT 100;"
2025-07-01T00:00:52.400000,SELECT census_original.dv_create_date FROM census_original  WHERE census_original.dv_cmdline_args LIKE 'sample' AND census_original.dv_version LIKE 'sample' AND census_original.dv_create_date >= TIMESTAMP '2022-01-01' ORDER BY census_original.dv_create_date LIMIT 100;
2025-07-01T00:00:52.600000,SELECT census_original.dv_version FROM census_original  WHERE census_original.dv_create_time = 'NULL' AND census_original.dv_cmdline_args = 'sample' ORDER BY census_original.dv_version LIMIT 100;
2025-07-01T00:00:52.800000,SELECT census_original.dv_version FROM census_original  WHERE census_original.dv_create_time = 'NULL' AND census_original.dv_cmdline_args = 'sample' ORDER BY census_original.dv_version LIMIT 100;
2025-07-01T00:00:53.000000,SELECT census_original.dv_cmdline_args FROM census_original  WHERE census_original.dv_create_date <= TIMESTAMP '2022-01-01' ORDER BY census_original.dv_cmdline_args LIMIT 100;
2025-07-01T00:00:53.200000,SELECT census_original.dv_create_date FROM census_original  WHERE census_original.dv_cmdline_args LIKE 'sample' AND census_original.dv_version LIKE 'sample' AND census_original.dv_create_date >= TIMESTAMP '2022-01-01' ORDER BY census_original.dv_create_date LIMIT 100;
2025-07-01T00:00:53.400000,SELECT census_original.dv_version FROM census_original  WHERE census_original.dv_create_time = 'NULL' AND census_original.dv_cmdline_args = 'sample' ORDER BY census_original.dv_version LIMIT 100;
2025-07-01T00:00:53.600000,SELECT census_original.dv_version FROM census_original  WHERE census_original.dv_create_time = 'NULL' AND census_original.dv_cmdline_args = 'sample' ORDER BY census_original.dv_version LIMIT 100;
2025-07-01T00:00:53.800000,"SELECT census_original.dv_cmdline_args, census_original.dv_create_time FROM census_original  WHERE census_original.dv_version = 'sample' AND census_original.dv_create_time = 'NULL' AND census_original.dv_cmdline_args LIKE 'sample' ORDER BY census_original.dv_create_time LIMIT 100;"
2025-07-01T00:00:54.000000,SELECT census_original.dv_version FROM census_original  WHERE census_original.dv_create_time = 'NULL' AND census_original.dv_cmdline_args = 'sample' ORDER BY census_original.dv_version LIMIT 100;
2025-07-01T00:00:54.200000,SELECT census_original.dv_create_time FROM census_original  WHERE census_original.dv_version = 'sample' ORDER BY census_original.dv_create_time LIMIT 100;
2025-07-01T00:00:54.400000,SELECT census_original.dv_cmdline_args FROM census_original  WHERE census_original.dv_create_date <= TIMESTAMP '2022-01-01' ORDER BY census_original.dv_cmdline_args LIMIT 100;
2025-07-01T00:00:54.600000,SELECT census_original.dv_create_time FROM census_original  WHERE census_original.dv_version = 'sample' ORDER BY census_original.dv_create_time LIMIT 100;
2025-07-01T00:00:54.800000,SELECT census_original.dv_create_time FROM census_original  WHERE census_original.dv_version = 'sample' ORDER BY census_original.dv_create_time LIMIT 100;
2025-07-01T00:00:55.000000,SELECT census_original.dv_create_date FROM census_original  WHERE census_original.dv_cmdline_args LIKE 'sample' AND census_original.dv_version LIKE 'sample' AND census_original.dv_create_date >= TIMESTAMP '2022-01-01' ORDER BY census_original.dv_create_date LIMIT 100;
2025-07-01T00:00:55.200000,SELECT census_original.dv_version FROM census_original  WHERE census_original.dv_create_time = 'NULL' AND census_original.dv_cmdline_args = 'sample' ORDER BY census_original.dv_version LIMIT 100;
2025-07-01T00:00:55.400000,SELECT census_original.dv_create_time FROM census_original  WHERE census_original.dv_version = 'sample' ORDER BY census_original.dv_create_time LIMIT 100;
2025-07-01T00:00:55.600000,SELECT census_original.dv_cmdline_args FROM census_original  WHERE census_original.dv_create_date <= TIMESTAMP '2022-01-01' ORDER BY census_original.dv_cmdline_args LIMIT 100;
2025-07-01T00:00:55.800000,SELECT census_original.dv_cmdline_args FROM census_original  WHERE census_original.dv_create_date <= TIMESTAMP '2022-01-01' ORDER BY census_original.dv_cmdline_args LIMIT 100;
2025-07-01T00:00:56.000000,SELECT census_original.dv_cmdline_args FROM census_original  WHERE census_original.dv_create_date <= TIMESTAMP '2022-01-01' ORDER BY census_original.dv_cmdline_args LIMIT 100;
2025-07-01T00:00:56.200000,"SELECT census_original.dv_cmdline_args, census_original.dv_create_time FROM census_original  WHERE census_original.dv_version = 'sample' AND census_original.dv_create_time = 'NULL' AND census_original.dv_cmdline_args LIKE 'sample' ORDER BY census_original.dv_create_time LIMIT 100;"
2025-07-01T00:00:56.400000,SELECT census_original.dv_cmdline_args FROM census_original  WHERE census_original.dv_create_date <= TIMESTAMP '2022-01-01' ORDER BY census_original.dv_cmdline_args LIMIT 100;
2025-07-01T00:00:56.600000,SELECT census_original.dv_version FROM census_original  WHERE census_original.dv_create_time = 'NULL' AND census_original.dv_cmdline_args = 'sample' ORDER BY census_original.dv_version LIMIT 100;
2025-07-01T00:00:56.800000,SELECT census_original.dv_version FROM census_original  WHERE census_original.dv_create_time = 'NULL' AND census_original.dv_cmdline_args = 'sample' ORDER BY census_original.dv_version LIMIT 100;
2025-07-01T00:00:57.000000,SELECT census_original.dv_create_time FROM census_original  WHERE census_original.dv_version = 'sample' ORDER BY census_original.dv_create_time LIMIT 100;
2025-07-01T00:00:57.200000,SELECT census_original.dv_version FROM census_original  WHERE census_original.dv_create_time = 'NULL' AND census_original.dv_cmdline_args = 'sample' ORDER BY census_original.dv_version LIMIT 100;
2025-07-01T00:00:57.400000,SELECT census_original.dv_create_date FROM census_original  WHERE census_original.dv_cmdline_args LIKE 'sample' AND census_original.dv_version LIKE 'sample' AND census_original.dv_create_date >= TIMESTAMP '2022-01-01' ORDER BY census_original.dv_create_date LIMIT 100;
2025-07-01T00:00:57.600000,SELECT census_original.dv_version FROM census_original  WHERE census_original.dv_create_time = 'NULL' AND census_original.dv_cmdline_args = 'sample' ORDER BY census_original.dv_version LIMIT 100;
2025-07-01T00:00:57.800000,SELECT census_original.dv_create_time FROM census_original  WHERE census_original.dv_version = 'sample' ORDER BY census_original.dv_create_time LIMIT 100;
2025-07-01T00:00:58.000000,SELECT census_original.dv_cmdline_args FROM census_original  WHERE census_original.dv_create_date <= TIMESTAMP '2022-01-01' ORDER BY census_original.dv_cmdline_args LIMIT 100;
2025-07-01T00:00:58.200000,"SELECT census_original.dv_cmdline_args, census_original.dv_create_time FROM census_original  WHERE census_original.dv_version = 'sample' AND census_original.dv_create_time = 'NULL' AND census_original.dv_cmdline_args LIKE 'sample' ORDER BY census_original.dv_create_time LIMIT 100;"
2025-07-01T00:00:58.400000,SELECT census_original.dv_create_date FROM census_original  WHERE census_original.dv_cmdline_args LIKE 'sample' AND census_original.dv_version LIKE 'sample' AND census_original.dv_create_date >= TIMESTAMP '2022-01-01' ORDER BY census_original.dv_create_date LIMIT 100;
2025-07-01T00:00:58.600000,SELECT census_original.dv_create_date FROM census_original  WHERE census_original.dv_cmdline_args LIKE 'sample' AND census_original.dv_version LIKE 'sample' AND census_original.dv_create_date >= TIMESTAMP '2022-01-01' ORDER BY census_original.dv_create_date LIMIT 100;
2025-07-01T00:00:58.800000,SELECT census_original.dv_version FROM census_original  WHERE census_original.dv_create_time = 'NULL' AND census_original.dv_cmdline_args = 'sample' ORDER BY census_original.dv_version LIMIT 100;
2025-07-01T00:00:59.000000,SELECT census_original.dv_cmdline_args FROM census_original  WHERE census_original.dv_create_date <= TIMESTAMP '2022-01-01' ORDER BY census_original.dv_cmdline_args LIMIT 100;
2025-07-01T00:00:59.200000,SELECT census_original.dv_create_date FROM census_original  WHERE census_original.dv_cmdline_args LIKE 'sample' AND census_original.dv_version LIKE 'sample' AND census_original.dv_create_date >= TIMESTAMP '2022-01-01' ORDER BY census_original.dv_create_date LIMIT 100;
2025-07-01T00:00:59.400000,"SELECT census_original.dv_cmdline_args, census_original.dv_create_time FROM census_original  WHERE census_original.dv_version = 'sample' AND census_original.dv_create_time = 'NULL' AND census_original.dv_cmdline_args LIKE 'sample' ORDER BY census_original.dv_create_time LIMIT 100;"
2025-07-01T00:00:59.600000,SELECT census_original.dv_create_time FROM census_original  WHERE census_original.dv_version = 'sample' ORDER BY census_original.dv_create_time LIMIT 100;
2025-07-01T00:00:59.800000,SELECT census_original.dv_create_date FROM census_original  WHERE census_original.dv_cmdline_args LIKE 'sample' AND census_original.dv_version LIKE 'sample' AND census_original.dv_create_date >= TIMESTAMP '2022-01-01' ORDER BY census_original.dv_create_date LIMIT 100;
2025-07-01T00:01:00.000000,SELECT census_original.dv_create_time FROM census_original  WHERE census_original.dv_version = 'sample' ORDER BY census_original.dv_create_time LIMIT 100;
2025-07-01T00:01:00.200000,SELECT census_original.dv_create_time FROM census_original  WHERE census_original.dv_version = 'sample' ORDER BY census_original.dv_create_time LIMIT 100;
2025-07-01T00:01:00.400000,"SELECT census_original.dv_cmdline_args, census_original.dv_create_time FROM census_original  WHERE census_original.dv_version = 'sample' AND census_original.dv_create_time = 'NULL' AND census_original.dv_cmdline_args LIKE 'sample' ORDER BY census_original.dv_create_time LIMIT 100;"
2025-07-01T00:01:00.600000,SELECT census_original.dv_version FROM census_original  WHERE census_original.dv_create_time = 'NULL' AND census_original.dv_cmdline_args = 'sample' ORDER BY census_original.dv_version LIMIT 100;
2025-07-01T00:01:00.800000,SELECT census_original.dv_cmdline_args FROM census_original  WHERE census_original.dv_create_date <= TIMESTAMP '2022-01-01' ORDER BY census_original.dv_cmdline_args LIMIT 100;
2025-07-01T00:01:01.000000,SELECT census_original.dv_version FROM census_original  WHERE census_original.dv_create_time = 'NULL' AND census_original.dv_cmdline_args = 'sample' ORDER BY census_original.dv_version LIMIT 100;
2025-07-01T00:01:01.200000,SELECT census_original.dv_create_time FROM census_original  WHERE census_original.dv_version = 'sample' ORDER BY census_original.dv_create_time LIMIT 100;
2025-07-01T00:01:01.400000,"SELECT census_original.dv_cmdline_args, census_original.dv_create_time FROM census_original  WHERE census_original.dv_version = 'sample' AND census_original.dv_create_time = 'NULL' AND census_original.dv_cmdline_args LIKE 'sample' ORDER BY census_original.dv_create_time LIMIT 100;"
2025-07-01T00:01:01.600000,SELECT census_original.dv_create_time FROM census_original  WHERE census_original.dv_version = 'sample' ORDER BY census_original.dv_create_time LIMIT 100;
2025-07-01T00:01:01.800000,SELECT census_original.dv_create_date FROM census_original  WHERE census_original.dv_cmdline_args LIKE 'sample' AND census_original.dv_version LIKE 'sample' AND census_original.dv_create_date >= TIMESTAMP '2022-01-01' ORDER BY census_original.dv_create_date LIMIT 100;
2025-07-01T00:01:02.000000,"SELECT census_original.dv_cmdline_args, census_original.dv_create_time FROM census_original  WHERE census_original.dv_version = 'sample' AND census_original.dv_create_time = 'NULL' AND census_original.dv_cmdline_args LIKE 'sample' ORDER BY census_original.dv_create_time LIMIT 100;"
2025-07-01T00:01:02.200000,SELECT census_original.dv_create_date FROM census_original  WHERE census_original.dv_cmdline_args LIKE 'sample' AND census_original.dv_version LIKE 'sample' AND census_original.dv_create_date >= TIMESTAMP '2022-01-01' ORDER BY census_original.dv_create_date LIMIT 100;
2025-07-01T00:01:02.400000,SELECT census_original.dv_cmdline_args FROM census_original  WHERE census_original.dv_create_date <= TIMESTAMP '2022-01-01' ORDER BY census_original.dv_cmdline_args LIMIT 100;
2025-07-01T00:01:02.600000,SELECT census_original.dv_create_time FROM census_original  WHERE census_original.dv_version = 'sample' ORDER BY census_original.dv_create_time LIMIT 100;
2025-07-01T00:01:02.800000,SELECT census_original.dv_create_time FROM census_original  WHERE census_original.dv_version = 'sample' ORDER BY census_original.dv_create_time LIMIT 100;
2025-07-01T00:01:03.000000,SELECT census_original.dv_create_date FROM census_original  WHERE census_original.dv_cmdline_args LIKE 'sample' AND census_original.dv_version LIKE 'sample' AND census_original.dv_create_date >= TIMESTAMP '2022-01-01' ORDER BY census_original.dv_create_date LIMIT 100;
2025-07-01T00:01:03.200000,SELECT census_original.dv_version FROM census_original  WHERE census_original.dv_create_time = 'NULL' AND census_original.dv_cmdline_args = 'sample' ORDER BY census_original.dv_version LIMIT 100;
2025-07-01T00:01:03.400000,SELECT census_original.dv_create_date FROM census_original  WHERE census_original.dv_cmdline_args LIKE 'sample' AND census_original.dv_version LIKE 'sample' AND census_original.dv_create_date >= TIMESTAMP '2022-01-01' ORDER BY census_original.dv_create_date LIMIT 100;
2025-07-01T00:01:03.600000,"SELECT census_original.dv_cmdline_args, census_original.dv_create_time FROM census_original  WHERE census_original.dv_version = 'sample' AND census_original.dv_create_time = 'NULL' AND census_original.dv_cmdline_args LIKE 'sample' ORDER BY census_original.dv_create_time LIMIT 100;"
2025-07-01T00:01:03.800000,SELECT census_original.dv_version FROM census_original  WHERE census_original.dv_create_time = 'NULL' AND census_original.dv_cmdline_args = 'sample' ORDER BY census_original.dv_version LIMIT 100;
2025-07-01T00:01:04.000000,SELECT census_original.dv_create_time FROM census_original  WHERE census_original.dv_version = 'sample' ORDER BY census_original.dv_create_time LIMIT 100;
2025-07-01T00:01:04.200000,SELECT census_original.dv_create_date FROM census_original  WHERE census_original.dv_cmdline_args LIKE 'sample' AND census_original.dv_version LIKE 'sample' AND census_original.dv_create_date >= TIMESTAMP '2022-01-01' ORDER BY census_original.dv_create_date LIMIT 100;
2025-07-01T00:01:04.400000,SELECT census_original.dv_create_date FROM census_original  WHERE census_original.dv_cmdline_args LIKE 'sample' AND census_original.dv_version LIKE 'sample' AND census_original.dv_create_date >= TIMESTAMP '2022-01-01' ORDER BY census_original.dv_create_date LIMIT 100;
2025-07-01T00:01:04.600000,"SELECT census_original.dv_cmdline_args, census_original.dv_create_time FROM census_original  WHERE census_original.dv_version = 'sample' AND census_original.dv_create_time = 'NULL' AND census_original.dv_cmdline_args LIKE 'sample' ORDER BY census_original.dv_create_time LIMIT 100;"
2025-07-01T00:01:04.800000,SELECT census_original.dv_create_time FROM census_original  WHERE census_original.dv_version = 'sample' ORDER BY census_original.dv_create_time LIMIT 100;
2025-07-01T00:01:05.000000,SELECT census_original.dv_create_date FROM census_original  WHERE census_original.dv_cmdline_args LIKE 'sample' AND census_original.dv_version LIKE 'sample' AND census_original.dv_create_date >= TIMESTAMP '2022-01-01' ORDER BY census_original.dv_create_date LIMIT 100;
2025-07-01T00:01:05.200000,SELECT census_original.dv_version FROM census_original  WHERE census_original.dv_create_time = 'NULL' AND census_original.dv_cmdline_args = 'sample' ORDER BY census_original.dv_version LIMIT 100;
2025-07-01T00:01:05.400000,SELECT census_original.dv_create_date FROM census_original  WHERE census_original.dv_cmdline_args LIKE 'sample' AND census_original.dv_version LIKE 'sample' AND census_original.dv_create_date >= TIMESTAMP '2022-01-01' ORDER BY census_original.dv_create_date LIMIT 100;
2025-07-01T00:01:05.600000,"SELECT census_original.dv_cmdline_args, census_original.dv_create_time FROM census_original  WHERE census_original.dv_version = 'sample' AND census_original.dv_create_time = 'NULL' AND census_original.dv_cmdline_args LIKE 'sample' ORDER BY census_original.dv_create_time LIMIT 100;"
2025-07-01T00:01:05.800000,SELECT census_original.dv_create_time FROM census_original  WHERE census_original.dv_version = 'sample' ORDER BY census_original.dv_create_time LIMIT 100;
2025-07-01T00:01:06.000000,SELECT census_original.dv_create_time FROM census_original  WHERE census_original.dv_version = 'sample' ORDER BY census_original.dv_create_time LIMIT 100;
2025-07-01T00:01:06.200000,SELECT census_original.dv_create_time FROM census_original  WHERE census_original.dv_version = 'sample' ORDER BY census_original.dv_create_time LIMIT 100;
2025-07-01T00:01:06.400000,SELECT census_original.dv_version FROM census_original  WHERE census_original.dv_create_time = 'NULL' AND census_original.dv_cmdline_args = 'sample' ORDER BY census_original.dv_version LIMIT 100;
2025-07-01T00:01:06.600000,SELECT census_original.dv_version FROM census_original  WHERE census_original.dv_create_time = 'NULL' AND census_original.dv_cmdline_args = 'sample' ORDER BY census_original.dv_version LIMIT 100;
2025-07-01T00:01:06.800000,SELECT census_original.dv_cmdline_args FROM census_original  WHERE census_original.dv_create_date <= TIMESTAMP '2022-01-01' ORDER BY census_original.dv_cmdline_args LIMIT 100;
2025-07-01T00:01:07.000000,SELECT census_original.dv_version FROM census_original  WHERE census_original.dv_create_time = 'NULL' AND census_original.dv_cmdline_args = 'sample' ORDER BY census_original.dv_version LIMIT 100;
2025-07-01T00:01:07.200000,"SELECT census_original.dv_cmdline_args, census_original.dv_create_time FROM census_original  WHERE census_original.dv_version = 'sample' AND census_original.dv_create_time = 'NULL' AND census_original.dv_cmdline_args LIKE 'sample' ORDER BY census_original.dv_create_time LIMIT 100;"
2025-07-01T00:01:07.400000,SELECT census_original.dv_create_time FROM census_original  WHERE census_original.dv_version = 'sample' ORDER BY census_original.dv_create_time LIMIT 100;
2025-07-01T00:01:07.600000,"SELECT census_original.dv_cmdline_args, census_original.dv_create_time FROM census_original  WHERE census_original.dv_version = 'sample' AND census_original.dv_create_time = 'NULL' AND census_original.dv_cmdline_args LIKE 'sample' ORDER BY census_original.dv_create_time LIMIT 100;"
2025-07-01T00:01:07.800000,"SELECT census_original.dv_cmdline_args, census_original.dv_create_time FROM census_original  WHERE census_original.dv_version = 'sample' AND census_original.dv_create_time = 'NULL' AND census_original.dv_cmdline_args LIKE 'sample' ORDER BY census_original.dv_create_time LIMIT 100;"
2025-07-01T00:01:08.000000,SELECT census_original.dv_version FROM census_original  WHERE census_original.dv_create_time = 'NULL' AND census_original.dv_cmdline_args = 'sample' ORDER BY census_original.dv_version LIMIT 100;
2025-07-01T00:01:08.200000,"SELECT census_original.dv_cmdline_args, census_original.dv_create_time FROM census_original  WHERE census_original.dv_version = 'sample' AND census_original.dv_create_time = 'NULL' AND census_original.dv_cmdline_args LIKE 'sample' ORDER BY census_original.dv_create_time LIMIT 100;"
2025-07-01T00:01:08.400000,SELECT census_original.dv_version FROM census_original  WHERE census_original.dv_create_time = 'NULL' AND census_original.dv_cmdline_args = 'sample' ORDER BY census_original.dv_version LIMIT 100;
2025-07-01T00:01:08.600000,SELECT census_original.dv_cmdline_args FROM census_original  WHERE census_original.dv_create_date <= TIMESTAMP '2022-01-01' ORDER BY census_original.dv_cmdline_args LIMIT 100;
2025-07-01T00:01:08.800000,SELECT census_original.dv_create_date FROM census_original  WHERE census_original.dv_cmdline_args LIKE 'sample' AND census_original.dv_version LIKE 'sample' AND census_original.dv_create_date >= TIMESTAMP '2022-01-01' ORDER BY census_original.dv_create_date LIMIT 100;
2025-07-01T00:01:09.000000,SELECT census_original.dv_create_date FROM census_original  WHERE census_original.dv_cmdline_args LIKE 'sample' AND census_original.dv_version LIKE 'sample' AND census_original.dv_create_date >= TIMESTAMP '2022-01-01' ORDER BY census_original.dv_create_date LIMIT 100;
2025-07-01T00:01:09.200000,SELECT census_original.dv_create_time FROM census_original  WHERE census_original.dv_version = 'sample' ORDER BY census_original.dv_create_time LIMIT 100;
2025-07-01T00:01:09.400000,"SELECT census_original.dv_cmdline_args, census_original.dv_create_time FROM census_original  WHERE census_original.dv_version = 'sample' AND census_original.dv_create_time = 'NULL' AND census_original.dv_cmdline_args LIKE 'sample' ORDER BY census_original.dv_create_time LIMIT 100;"
2025-07-01T00:01:09.600000,SELECT census_original.dv_cmdline_args FROM census_original  WHERE census_original.dv_create_date <= TIMESTAMP '2022-01-01' ORDER BY census_original.dv_cmdline_args LIMIT 100;
2025-07-01T00:01:09.800000,SELECT census_original.dv_version FROM census_original  WHERE census_original.dv_create_time = 'NULL' AND census_original.dv_cmdline_args = 'sample' ORDER BY census_original.dv_version LIMIT 100;
2025-07-01T00:01:10.000000,SELECT census_original.dv_version FROM census_original  WHERE census_original.dv_create_time = 'NULL' AND census_original.dv_cmdline_args = 'sample' ORDER BY census_original.dv_version LIMIT 100;
2025-07-01T00:01:10.200000,SELECT census_original.dv_version FROM census_original  WHERE census_original.dv_create_time = 'NULL' AND census_original.dv_cmdline_args = 'sample' ORDER BY census_original.dv_version LIMIT 100;
2025-07-01T00:01:10.400000,"SELECT census_original.dv_cmdline_args, census_original.dv_create_time FROM census_original  WHERE census_original.dv_version = 'sample' AND census_original.dv_create_time = 'NULL' AND census_original.dv_cmdline_args LIKE 'sample' ORDER BY census_original.dv_create_time LIMIT 100;"
2025-07-01T00:01:10.600000,"SELECT census_original.dv_cmdline_args, census_original.dv_create_time FROM census_original  WHERE census_original.dv_version = 'sample' AND census_original.dv_create_time = 'NULL' AND census_original.dv_cmdline_args LIKE 'sample' ORDER BY census_original.dv_create_time LIMIT 100;"
2025-07-01T00:01:10.800000,SELECT census_original.dv_version FROM census_original  WHERE census_original.dv_create_time = 'NULL' AND census_original.dv_cmdline_args = 'sample' ORDER BY census_original.dv_version LIMIT 100;
2025-07-01T00:01:11.000000,SELECT census_original.dv_create_date FROM census_original  WHERE census_original.dv_cmdline_args LIKE 'sample' AND census_original.dv_version LIKE 'sample' AND census_original.dv_create_date >= TIMESTAMP '2022-01-01' ORDER BY census_original.dv_create_date LIMIT 100;
2025-07-01T00:01:11.200000,SELECT census_original.dv_version FROM census_original  WHERE census_original.dv_create_time = 'NULL' AND census_original.dv_cmdline_args = 'sample' ORDER BY census_original.dv_version LIMIT 100;
2025-07-01T00:01:11.400000,SELECT census_original.dv_version FROM census_original  WHERE census_original.dv_create_time = 'NULL' AND census_original.dv_cmdline_args = 'sample' ORDER BY census_original.dv_version LIMIT 100;
2025-07-01T00:01:11.600000,"SELECT census_original.dv_cmdline_args, census_original.dv_create_time FROM census_original  WHERE census_original.dv_version = 'sample' AND census_original.dv_create_time = 'NULL' AND census_original.dv_cmdline_args LIKE 'sample' ORDER BY census_original.dv_create_time LIMIT 100;"
2025-07-01T00:01:11.800000,SELECT census_original.dv_create_time FROM census_original  WHERE census_original.dv_version = 'sample' ORDER BY census_original.dv_create_time LIMIT 100;
2025-07-01T00:01:12.000000,"SELECT census_original.dv_cmdline_args, census_original.dv_create_time FROM census_original  WHERE census_original.dv_version = 'sample' AND census_original.dv_create_time = 'NULL' AND census_original.dv_cmdline_args LIKE 'sample' ORDER BY census_original.dv_create_time LIMIT 100;"
2025-07-01T00:01:12.200000,SELECT census_original.dv_version FROM census_original  WHERE census_original.dv_create_time = 'NULL' AND census_original.dv_cmdline_args = 'sample' ORDER BY census_original.dv_version LIMIT 100;
2025-07-01T00:01:12.400000,SELECT census_original.dv_create_date FROM census_original  WHERE census_original.dv_cmdline_args LIKE 'sample' AND census_original.dv_version LIKE 'sample' AND census_original.dv_create_date >= TIMESTAMP '2022-01-01' ORDER BY census_original.dv_create_date LIMIT 100;
2025-07-01T00:01:12.600000,SELECT census_original.dv_cmdline_args FROM census_original  WHERE census_original.dv_create_date <= TIMESTAMP '2022-01-01' ORDER BY census_original.dv_cmdline_args LIMIT 100;
2025-07-01T00:01:12.800000,SELECT census_original.dv_version FROM census_original  WHERE census_original.dv_create_time = 'NULL' AND census_original.dv_cmdline_args = 'sample' ORDER BY census_original.dv_version LIMIT 100;
2025-07-01T00:01:13.000000,SELECT census_original.dv_version FROM census_original  WHERE census_original.dv_create_time = 'NULL' AND census_original.dv_cmdline_args = 'sample' ORDER BY census_original.dv_version LIMIT 100;
2025-07-01T00:01:13.200000,SELECT census_original.dv_create_time FROM census_original  WHERE census_original.dv_version = 'sample' ORDER BY census_original.dv_create_time LIMIT 100;
2025-07-01T00:01:13.400000,SELECT census_original.dv_cmdline_args FROM census_original  WHERE census_original.dv_create_date <= TIMESTAMP '2022-01-01' ORDER BY census_original.dv_cmdline_args LIMIT 100;
2025-07-01T00:01:13.600000,SELECT census_original.dv_version FROM census_original  WHERE census_original.dv_create_time = 'NULL' AND census_original.dv_cmdline_args = 'sample' ORDER BY census_original.dv_version LIMIT 100;
2025-07-01T00:01:13.800000,"SELECT census_original.dv_cmdline_args, census_original.dv_create_time FROM census_original  WHERE census_original.dv_version = 'sample' AND census_original.dv_create_time = 'NULL' AND census_original.dv_cmdline_args LIKE 'sample' ORDER BY census_original.dv_create_time LIMIT 100;"
2025-07-01T00:01:14.000000,SELECT census_original.dv_version FROM census_original  WHERE census_original.dv_create_time = 'NULL' AND census_original.dv_cmdline_args = 'sample' ORDER BY census_original.dv_version LIMIT 100;
2025-07-01T00:01:14.200000,SELECT census_original.dv_cmdline_args FROM census_original  WHERE census_original.dv_create_date <= TIMESTAMP '2022-01-01' ORDER BY census_original.dv_cmdline_args LIMIT 100;
2025-07-01T00:01:14.400000,SELECT census_original.dv_version FROM census_original  WHERE census_original.dv_create_time = 'NULL' AND census_original.dv_cmdline_args = 'sample' ORDER BY census_original.dv_version LIMIT 100;
2025-07-01T00:01:14.600000,"SELECT census_original.dv_cmdline_args, census_original.dv_create_time FROM census_original  WHERE census_original.dv_version = 'sample' AND census_original.dv_create_time = 'NULL' AND census_original.dv_cmdline_args LIKE 'sample' ORDER BY census_original.dv_create_time LIMIT 100;"
2025-07-01T00:01:14.800000,SELECT census_original.dv_version FROM census_original  WHERE census_original.dv_create_time = 'NULL' AND census_original.dv_cmdline_args = 'sample' ORDER BY census_original.dv_version LIMIT 100;
2025-07-01T00:01:15.000000,"SELECT census_original.dv_cmdline_args, census_original.dv_create_time FROM census_original  WHERE census_original.dv_version = 'sample' AND census_original.dv_create_time = 'NULL' AND census_original.dv_cmdline_args LIKE 'sample' ORDER BY census_original.dv_create_time LIMIT 100;"
2025-07-01T00:01:15.200000,"SELECT census_original.dv_cmdline_args, census_original.dv_create_time FROM census_original  WHERE census_original.dv_version = 'sample' AND census_original.dv_create_time = 'NULL' AND census_original.dv_cmdline_args LIKE 'sample' ORDER BY census_original.dv_create_time LIMIT 100;"
2025-07-01T00:01:15.400000,"SELECT census_original.dv_cmdline_args, census_original.dv_create_time FROM census_original  WHERE census_original.dv_version = 'sample' AND census_original.dv_create_time = 'NULL' AND census_original.dv_cmdline_args LIKE 'sample' ORDER BY census_original.dv_create_time LIMIT 100;"
2025-07-01T00:01:15.600000,SELECT census_original.dv_create_date FROM census_original  WHERE census_original.dv_cmdline_args LIKE 'sample' AND census_original.dv_version LIKE 'sample' AND census_original.dv_create_date >= TIMESTAMP '2022-01-01' ORDER BY census_original.dv_create_date LIMIT 100;
2025-07-01T00:01:15.800000,SELECT census_original.dv_create_time FROM census_original  WHERE census_original.dv_version = 'sample' ORDER BY census_original.dv_create_time LIMIT 100;
2025-07-01T00:01:16.000000,SELECT census_original.dv_create_date FROM census_original  WHERE census_original.dv_cmdline_args LIKE 'sample' AND census_original.dv_version LIKE 'sample' AND census_original.dv_create_date >= TIMESTAMP '2022-01-01' ORDER BY census_original.dv_create_date LIMIT 100;
2025-07-01T00:01:16.200000,"SELECT census_original.dv_cmdline_args, census_original.dv_create_time FROM census_original  WHERE census_original.dv_version = 'sample' AND census_original.dv_create_time = 'NULL' AND census_original.dv_cmdline_args LIKE 'sample' ORDER BY census_original.dv_create_time LIMIT 100;"
2025-07-01T00:01:16.400000,"SELECT census_original.dv_cmdline_args, census_original.dv_create_time FROM census_original  WHERE census_original.dv_version = 'sample' AND census_original.dv_create_time = 'NULL' AND census_original.dv_cmdline_args LIKE 'sample' ORDER BY census_original.dv_create_time LIMIT 100;"
2025-07-01T00:01:16.600000,SELECT census_original.dv_cmdline_args FROM census_original  WHERE census_original.dv_create_date <= TIMESTAMP '2022-01-01' ORDER BY census_original.dv_cmdline_args LIMIT 100;
2025-07-01T00:01:16.800000,"SELECT census_original.dv_cmdline_args, census_original.dv_create_time FROM census_original  WHERE census_original.dv_version = 'sample' AND census_original.dv_create_time = 'NULL' AND census_original.dv_cmdline_args LIKE 'sample' ORDER BY census_original.dv_create_time LIMIT 100;"
2025-07-01T00:01:17.000000,SELECT census_original.dv_create_time FROM census_original  WHERE census_original.dv_version = 'sample' ORDER BY census_original.dv_create_time LIMIT 100;
2025-07-01T00:01:17.200000,SELECT census_original.dv_cmdline_args FROM census_original  WHERE census_original.dv_create_date <= TIMESTAMP '2022-01-01' ORDER BY census_original.dv_cmdline_args LIMIT 100;
2025-07-01T00:01:17.400000,SELECT census_original.dv_version FROM census_original  WHERE census_original.dv_create_time = 'NULL' AND census_original.dv_cmdline_args = 'sample' ORDER BY census_original.dv_version LIMIT 100;
2025-07-01T00:01:17.600000,SELECT census_original.dv_create_time FROM census_original  WHERE census_original.dv_version = 'sample' ORDER BY census_original.dv_create_time LIMIT 100;
2025-07-01T00:01:17.800000,SELECT census_original.dv_version FROM census_original  WHERE census_original.dv_create_time = 'NULL' AND census_original.dv_cmdline_args = 'sample' ORDER BY census_original.dv_version LIMIT 100;
2025-07-01T00:01:18.000000,"SELECT census_original.dv_cmdline_args, census_original.dv_create_time FROM census_original  WHERE census_original.dv_version = 'sample' AND census_original.dv_create_time = 'NULL' AND census_original.dv_cmdline_args LIKE 'sample' ORDER BY census_original.dv_create_time LIMIT 100;"
2025-07-01T00:01:18.200000,"SELECT census_original.dv_cmdline_args, census_original.dv_create_time FROM census_original  WHERE census_original.dv_version = 'sample' AND census_original.dv_create_time = 'NULL' AND census_original.dv_cmdline_args LIKE 'sample' ORDER BY census_original.dv_create_time LIMIT 100;"
2025-07-01T00:01:18.400000,SELECT census_original.dv_cmdline_args FROM census_original  WHERE census_original.dv_create_date <= TIMESTAMP '2022-01-01' ORDER BY census_original.dv_cmdline_args LIMIT 100;
2025-07-01T00:01:18.600000,SELECT census_original.dv_cmdline_args FROM census_original  WHERE census_original.dv_create_date <= TIMESTAMP '2022-01-01' ORDER BY census_original.dv_cmdline_args LIMIT 100;
2025-07-01T00:01:18.800000,SELECT census_original.dv_create_date FROM census_original  WHERE census_original.dv_cmdline_args LIKE 'sample' AND census_original.dv_version LIKE 'sample' AND census_original.dv_create_date >= TIMESTAMP '2022-01-01' ORDER BY census_original.dv_create_date LIMIT 100;
2025-07-01T00:01:19.000000,SELECT census_original.dv_create_date FROM census_original  WHERE census_original.dv_cmdline_args LIKE 'sample' AND census_original.dv_version LIKE 'sample' AND census_original.dv_create_date >= TIMESTAMP '2022-01-01' ORDER BY census_original.dv_create_date LIMIT 100;
2025-07-01T00:01:19.200000,SELECT census_original.dv_cmdline_args FROM census_original  WHERE census_original.dv_create_date <= TIMESTAMP '2022-01-01' ORDER BY census_original.dv_cmdline_args LIMIT 100;
2025-07-01T00:01:19.400000,SELECT census_original.dv_cmdline_args FROM census_original  WHERE census_original.dv_create_date <= TIMESTAMP '2022-01-01' ORDER BY census_original.dv_cmdline_args LIMIT 100;
2025-07-01T00:01:19.600000,"SELECT census_original.dv_cmdline_args, census_original.dv_create_time FROM census_original  WHERE census_original.dv_version = 'sample' AND census_original.dv_create_time = 'NULL' AND census_original.dv_cmdline_args LIKE 'sample' ORDER BY census_original.dv_create_time LIMIT 100;"
2025-07-01T00:01:19.800000,SELECT census_original.dv_create_time FROM census_original  WHERE census_original.dv_version = 'sample' ORDER BY census_original.dv_create_time LIMIT 100;
2025-07-01T00:01:20.000000,SELECT census_original.dv_create_time FROM census_original  WHERE census_original.dv_version = 'sample' ORDER BY census_original.dv_create_time LIMIT 100;
2025-07-01T00:01:20.200000,"SELECT census_original.dv_cmdline_args, census_original.dv_create_time FROM census_original  WHERE census_original.dv_version = 'sample' AND census_original.dv_create_time = 'NULL' AND census_original.dv_cmdline_args LIKE 'sample' ORDER BY census_original.dv_create_time LIMIT 100;"
2025-07-01T00:01:20.400000,SELECT census_original.dv_create_date FROM census_original  WHERE census_original.dv_cmdline_args LIKE 'sample' AND census_original.dv_version LIKE 'sample' AND census_original.dv_create_date >= TIMESTAMP '2022-01-01' ORDER BY census_original.dv_create_date LIMIT 100;
2025-07-01T00:01:20.600000,SELECT census_original.dv_cmdline_args FROM census_original  WHERE census_original.dv_create_date <= TIMESTAMP '2022-01-01' ORDER BY census_original.dv_cmdline_args LIMIT 100;
2025-07-01T00:01:20.800000,SELECT census_original.dv_version FROM census_original  WHERE census_original.dv_create_time = 'NULL' AND census_original.dv_cmdline_args = 'sample' ORDER BY census_original.dv_version LIMIT 100;
2025-07-01T00:01:21.000000,SELECT census_original.dv_cmdline_args FROM census_original  WHERE census_original.dv_create_date <= TIMESTAMP '2022-01-01' ORDER BY census_original.dv_cmdline_args LIMIT 100;
2025-07-01T00:01:21.200000,SELECT census_original.dv_create_date FROM census_original  WHERE census_original.dv_cmdline_args LIKE 'sample' AND census_original.dv_version LIKE 'sample' AND census_original.dv_create_date >= TIMESTAMP '2022-01-01' ORDER BY census_original.dv_create_date LIMIT 100;
2025-07-01T00:01:21.400000,"SELECT census_original.dv_cmdline_args, census_original.dv_create_time FROM census_original  WHERE census_original.dv_version = 'sample' AND census_original.dv_create_time = 'NULL' AND census_original.dv_cmdline_args LIKE 'sample' ORDER BY census_original.dv_create_time LIMIT 100;"
2025-07-01T00:01:21.600000,SELECT census_original.dv_version FROM census_original  WHERE census_original.dv_create_time = 'NULL' AND census_original.dv_cmdline_args = 'sample' ORDER BY census_original.dv_version LIMIT 100;
2025-07-01T00:01:21.800000,SELECT census_original.dv_create_date FROM census_original  WHERE census_original.dv_cmdline_args LIKE 'sample' AND census_original.dv_version LIKE 'sample' AND census_original.dv_create_date >= TIMESTAMP '2022-01-01' ORDER BY census_original.dv_create_date LIMIT 100;
2025-07-01T00:01:22.000000,SELECT census_original.dv_version FROM census_original  WHERE census_original.dv_create_time = 'NULL' AND census_original.dv_cmdline_args = 'sample' ORDER BY census_original.dv_version LIMIT 100;
2025-07-01T00:01:22.200000,SELECT census_original.dv_create_date FROM census_original  WHERE census_original.dv_cmdline_args LIKE 'sample' AND census_original.dv_version LIKE 'sample' AND census_original.dv_create_date >= TIMESTAMP '2022-01-01' ORDER BY census_original.dv_create_date LIMIT 100;
2025-07-01T00:01:22.400000,SELECT census_original.dv_version FROM census_original  WHERE census_original.dv_create_time = 'NULL' AND census_original.dv_cmdline_args = 'sample' ORDER BY census_original.dv_version LIMIT 100;
2025-07-01T00:01:22.600000,SELECT census_original.dv_cmdline_args FROM census_original  WHERE census_original.dv_create_date <= TIMESTAMP '2022-01-01' ORDER BY census_original.dv_cmdline_args LIMIT 100;
2025-07-01T00:01:22.800000,SELECT census_original.dv_version FROM census_original  WHERE census_original.dv_create_time = 'NULL' AND census_original.dv_cmdline_args = 'sample' ORDER BY census_original.dv_version LIMIT 100;
2025-07-01T00:01:23.000000,SELECT census_original.dv_create_time FROM census_original  WHERE census_original.dv_version = 'sample' ORDER BY census_original.dv_create_time LIMIT 100;
2025-07-01T00:01:23.200000,SELECT census_original.dv_create_date FROM census_original  WHERE census_original.dv_cmdline_args LIKE 'sample' AND census_original.dv_version LIKE 'sample' AND census_original.dv_create_date >= TIMESTAMP '2022-01-01' ORDER BY census_original.dv_create_date LIMIT 100;
2025-07-01T00:01:23.400000,SELECT census_original.dv_create_date FROM census_original  WHERE census_original.dv_cmdline_args LIKE 'sample' AND census_original.dv_version LIKE 'sample' AND census_original.dv_create_date >= TIMESTAMP '2022-01-01' ORDER BY census_original.dv_create_date LIMIT 100;
2025-07-01T00:01:23.600000,SELECT census_original.dv_cmdline_args FROM census_original  WHERE census_original.dv_create_date <= TIMESTAMP '2022-01-01' ORDER BY census_original.dv_cmdline_args LIMIT 100;
2025-07-01T00:01:23.800000,"SELECT census_original.dv_cmdline_args, census_original.dv_create_time FROM census_original  WHERE census_original.dv_version = 'sample' AND census_original.dv_create_time = 'NULL' AND census_original.dv_cmdline_args LIKE 'sample' ORDER BY census_original.dv_create_time LIMIT 100;"
2025-07-01T00:01:24.000000,SELECT census_original.dv_cmdline_args FROM census_original  WHERE census_original.dv_create_date <= TIMESTAMP '2022-01-01' ORDER BY census_original.dv_cmdline_args LIMIT 100;
2025-07-01T00:01:24.200000,SELECT census_original.dv_create_date FROM census_original  WHERE census_original.dv_cmdline_args LIKE 'sample' AND census_original.dv_version LIKE 'sample' AND census_original.dv_create_date >= TIMESTAMP '2022-01-01' ORDER BY census_original.dv_create_date LIMIT 100;
2025-07-01T00:01:24.400000,SELECT census_original.dv_version FROM census_original  WHERE census_original.dv_create_time = 'NULL' AND census_original.dv_cmdline_args = 'sample' ORDER BY census_original.dv_version LIMIT 100;
2025-07-01T00:01:24.600000,SELECT census_original.dv_create_time FROM census_original  WHERE census_original.dv_version = 'sample' ORDER BY census_original.dv_create_time LIMIT 100;
2025-07-01T00:01:24.800000,SELECT census_original.dv_version FROM census_original  WHERE census_original.dv_create_time = 'NULL' AND census_original.dv_cmdline_args = 'sample' ORDER BY census_original.dv_version LIMIT 100;
2025-07-01T00:01:25.000000,SELECT census_original.dv_create_date FROM census_original  WHERE census_original.dv_cmdline_args LIKE 'sample' AND census_original.dv_version LIKE 'sample' AND census_original.dv_create_date >= TIMESTAMP '2022-01-01' ORDER BY census_original.dv_create_date LIMIT 100;
2025-07-01T00:01:25.200000,SELECT census_original.dv_create_time FROM census_original  WHERE census_original.dv_version = 'sample' ORDER BY census_original.dv_create_time LIMIT 100;
2025-07-01T00:01:25.400000,SELECT census_original.dv_create_date FROM census_original  WHERE census_original.dv_cmdline_args LIKE 'sample' AND census_original.dv_version LIKE 'sample' AND census_original.dv_create_date >= TIMESTAMP '2022-01-01' ORDER BY census_original.dv_create_date LIMIT 100;
2025-07-01T00:01:25.600000,SELECT census_original.dv_create_time FROM census_original  WHERE census_original.dv_version = 'sample' ORDER BY census_original.dv_create_time LIMIT 100;
2025-07-01T00:01:25.800000,SELECT census_original.dv_cmdline_args FROM census_original  WHERE census_original.dv_create_date <= TIMESTAMP '2022-01-01' ORDER BY census_original.dv_cmdline_args LIMIT 100;
2025-07-01T00:01:26.000000,SELECT census_original.dv_cmdline_args FROM census_original  WHERE census_original.dv_create_date <= TIMESTAMP '2022-01-01' ORDER BY census_original.dv_cmdline_args LIMIT 100;
2025-07-01T00:01:26.200000,"SELECT census_original.dv_cmdline_args, census_original.dv_create_time FROM census_original  WHERE census_original.dv_version = 'sample' AND census_original.dv_create_time = 'NULL' AND census_original.dv_cmdline_args LIKE 'sample' ORDER BY census_original.dv_create_time LIMIT 100;"
2025-07-01T00:01:26.400000,SELECT census_original.dv_cmdline_args FROM census_original  WHERE census_original.dv_create_date <= TIMESTAMP '2022-01-01' ORDER BY census_original.dv_cmdline_args LIMIT 100;
2025-07-01T00:01:26.600000,SELECT census_original.dv_create_time FROM census_original  WHERE census_original.dv_version = 'sample' ORDER BY census_original.dv_create_time LIMIT 100;
2025-07-01T00:01:26.800000,SELECT census_original.dv_create_date FROM census_original  WHERE census_original.dv_cmdline_args LIKE 'sample' AND census_original.dv_version LIKE 'sample' AND census_original.dv_create_date >= TIMESTAMP '2022-01-01' ORDER BY census_original.dv_create_date LIMIT 100;
2025-07-01T00:01:27.000000,SELECT census_original.dv_cmdline_args FROM census_original  WHERE census_original.dv_create_date <= TIMESTAMP '2022-01-01' ORDER BY census_original.dv_cmdline_args LIMIT 100;
2025-07-01T00:01:27.200000,"SELECT census_original.dv_cmdline_args, census_original.dv_create_time FROM census_original  WHERE census_original.dv_version = 'sample' AND census_original.dv_create_time = 'NULL' AND census_original.dv_cmdline_args LIKE 'sample' ORDER BY census_original.dv_create_time LIMIT 100;"
2025-07-01T00:01:27.400000,SELECT census_original.dv_create_time FROM census_original  WHERE census_original.dv_version = 'sample' ORDER BY census_original.dv_create_time LIMIT 100;
2025-07-01T00:01:27.600000,"SELECT census_original.dv_cmdline_args, census_original.dv_create_time FROM census_original  WHERE census_original.dv_version = 'sample' AND census_original.dv_create_time = 'NULL' AND census_original.dv_cmdline_args LIKE 'sample' ORDER BY census_original.dv_create_time LIMIT 100;"
2025-07-01T00:01:27.800000,SELECT census_original.dv_cmdline_args FROM census_original  WHERE census_original.dv_create_date <= TIMESTAMP '2022-01-01' ORDER BY census_original.dv_cmdline_args LIMIT 100;
2025-07-01T00:01:28.000000,SELECT census_original.dv_create_date FROM census_original  WHERE census_original.dv_cmdline_args LIKE 'sample' AND census_original.dv_version LIKE 'sample' AND census_original.dv_create_date >= TIMESTAMP '2022-01-01' ORDER BY census_original.dv_create_date LIMIT 100;
2025-07-01T00:01:28.200000,"SELECT census_original.dv_cmdline_args, census_original.dv_create_time FROM census_original  WHERE census_original.dv_version = 'sample' AND census_original.dv_create_time = 'NULL' AND census_original.dv_cmdline_args LIKE 'sample' ORDER BY census_original.dv_create_time LIMIT 100;"
2025-07-01T00:01:28.400000,SELECT census_original.dv_create_date FROM census_original  WHERE census_original.dv_cmdline_args LIKE 'sample' AND census_original.dv_version LIKE 'sample' AND census_original.dv_create_date >= TIMESTAMP '2022-01-01' ORDER BY census_original.dv_create_date LIMIT 100;
2025-07-01T00:01:28.600000,"SELECT census_original.dv_cmdline_args, census_original.dv_create_time FROM census_original  WHERE census_original.dv_version = 'sample' AND census_original.dv_create_time = 'NULL' AND census_original.dv_cmdline_args LIKE 'sample' ORDER BY census_original.dv_create_time LIMIT 100;"
2025-07-01T00:01:28.800000,SELECT census_original.dv_create_date FROM census_original  WHERE census_original.dv_cmdline_args LIKE 'sample' AND census_original.dv_version LIKE 'sample' AND census_original.dv_create_date >= TIMESTAMP '2022-01-01' ORDER BY census_original.dv_create_date LIMIT 100;
2025-07-01T00:01:29.000000,"SELECT census_original.dv_cmdline_args, census_original.dv_create_time FROM census_original  WHERE census_original.dv_version = 'sample' AND census_original.dv_create_time = 'NULL' AND census_original.dv_cmdline_args LIKE 'sample' ORDER BY census_original.dv_create_time LIMIT 100;"
2025-07-01T00:01:29.200000,SELECT census_original.dv_create_date FROM census_original  WHERE census_original.dv_cmdline_args LIKE 'sample' AND census_original.dv_version LIKE 'sample' AND census_original.dv_create_date >= TIMESTAMP '2022-01-01' ORDER BY census_original.dv_create_date LIMIT 100;
2025-07-01T00:01:29.400000,SELECT census_original.dv_version FROM census_original  WHERE census_original.dv_create_time = 'NULL' AND census_original.dv_cmdline_args = 'sample' ORDER BY census_original.dv_version LIMIT 100;
2025-07-01T00:01:29.600000,SELECT census_original.dv_create_time FROM census_original  WHERE census_original.dv_version = 'sample' ORDER BY census_original.dv_create_time LIMIT 100;
2025-07-01T00:01:29.800000,SELECT census_original.dv_version FROM census_original  WHERE census_original.dv_create_time = 'NULL' AND census_original.dv_cmdline_args = 'sample' ORDER BY census_original.dv_version LIMIT 100;
2025-07-01T00:01:30.000000,SELECT census_original.dv_create_date FROM census_original  WHERE census_original.dv_cmdline_args LIKE 'sample' AND census_original.dv_version LIKE 'sample' AND census_original.dv_create_date >= TIMESTAMP '2022-01-01' ORDER BY census_original.dv_create_date LIMIT 100;
2025-07-01T00:01:30.200000,SELECT census_original.dv_create_time FROM census_original  WHERE census_original.dv_version = 'sample' ORDER BY census_original.dv_create_time LIMIT 100;
2025-07-01T00:01:30.400000,"SELECT census_original.dv_cmdline_args, census_original.dv_create_time FROM census_original  WHERE census_original.dv_version = 'sample' AND census_original.dv_create_time = 'NULL' AND census_original.dv_cmdline_args LIKE 'sample' ORDER BY census_original.dv_create_time LIMIT 100;"
2025-07-01T00:01:30.600000,SELECT census_original.dv_create_time FROM census_original  WHERE census_original.dv_version = 'sample' ORDER BY census_original.dv_create_time LIMIT 100;
2025-07-01T00:01:30.800000,"SELECT census_original.dv_cmdline_args, census_original.dv_create_time FROM census_original  WHERE census_original.dv_version = 'sample' AND census_original.dv_create_time = 'NULL' AND census_original.dv_cmdline_args LIKE 'sample' ORDER BY census_original.dv_create_time LIMIT 100;"
2025-07-01T00:01:31.000000,SELECT census_original.dv_create_time FROM census_original  WHERE census_original.dv_version = 'sample' ORDER BY census_original.dv_create_time LIMIT 100;
2025-07-01T00:01:31.200000,SELECT census_original.dv_create_time FROM census_original  WHERE census_original.dv_version = 'sample' ORDER BY census_original.dv_create_time LIMIT 100;
2025-07-01T00:01:31.400000,SELECT census_original.dv_version FROM census_original  WHERE census_original.dv_create_time = 'NULL' AND census_original.dv_cmdline_args = 'sample' ORDER BY census_original.dv_version LIMIT 100;
2025-07-01T00:01:31.600000,SELECT census_original.dv_create_date FROM census_original  WHERE census_original.dv_cmdline_args LIKE 'sample' AND census_original.dv_version LIKE 'sample' AND census_original.dv_create_date >= TIMESTAMP '2022-01-01' ORDER BY census_original.dv_create_date LIMIT 100;
2025-07-01T00:01:31.800000,SELECT census_original.dv_create_time FROM census_original  WHERE census_original.dv_version = 'sample' ORDER BY census_original.dv_create_time LIMIT 100;
2025-07-01T00:01:32.000000,SELECT census_original.dv_cmdline_args FROM census_original  WHERE census_original.dv_create_date <= TIMESTAMP '2022-01-01' ORDER BY census_original.dv_cmdline_args LIMIT 100;
2025-07-01T00:01:32.200000,SELECT census_original.dv_version FROM census_original  WHERE census_original.dv_create_time = 'NULL' AND census_original.dv_cmdline_args = 'sample' ORDER BY census_original.dv_version LIMIT 100;
2025-07-01T00:01:32.400000,SELECT census_original.dv_version FROM census_original  WHERE census_original.dv_create_time = 'NULL' AND census_original.dv_cmdline_args = 'sample' ORDER BY census_original.dv_version LIMIT 100;
2025-07-01T00:01:32.600000,SELECT census_original.dv_create_time FROM census_original  WHERE census_original.dv_version = 'sample' ORDER BY census_original.dv_create_time LIMIT 100;
2025-07-01T00:01:32.800000,SELECT census_original.dv_create_date FROM census_original  WHERE census_original.dv_cmdline_args LIKE 'sample' AND census_original.dv_version LIKE 'sample' AND census_original.dv_create_date >= TIMESTAMP '2022-01-01' ORDER BY census_original.dv_create_date LIMIT 100;
2025-07-01T00:01:33.000000,SELECT census_original.dv_version FROM census_original  WHERE census_original.dv_create_time = 'NULL' AND census_original.dv_cmdline_args = 'sample' ORDER BY census_original.dv_version LIMIT 100;
2025-07-01T00:01:33.200000,SELECT census_original.dv_create_time FROM census_original  WHERE census_original.dv_version = 'sample' ORDER BY census_original.dv_create_time LIMIT 100;
2025-07-01T00:01:33.400000,"SELECT census_original.dv_cmdline_args, census_original.dv_create_time FROM census_original  WHERE census_original.dv_version = 'sample' AND census_original.dv_create_time = 'NULL' AND census_original.dv_cmdline_args LIKE 'sample' ORDER BY census_original.dv_create_time LIMIT 100;"
2025-07-01T00:01:33.600000,SELECT census_original.dv_version FROM census_original  WHERE census_original.dv_create_time = 'NULL' AND census_original.dv_cmdline_args = 'sample' ORDER BY census_original.dv_version LIMIT 100;
2025-07-01T00:01:33.800000,SELECT census_original.dv_version FROM census_original  WHERE census_original.dv_create_time = 'NULL' AND census_original.dv_cmdline_args = 'sample' ORDER BY census_original.dv_version LIMIT 100;
2025-07-01T00:01:34.000000,SELECT census_original.dv_version FROM census_original  WHERE census_original.dv_create_time = 'NULL' AND census_original.dv_cmdline_args = 'sample' ORDER BY census_original.dv_version LIMIT 100;
2025-07-01T00:01:34.200000,SELECT census_original.dv_cmdline_args FROM census_original  WHERE census_original.dv_create_date <= TIMESTAMP '2022-01-01' ORDER BY census_original.dv_cmdline_args LIMIT 100;
2025-07-01T00:01:34.400000,SELECT census_original.dv_create_time FROM census_original  WHERE census_original.dv_version = 'sample' ORDER BY census_original.dv_create_time LIMIT 100;
2025-07-01T00:01:34.600000,SELECT census_original.dv_cmdline_args FROM census_original  WHERE census_original.dv_create_date <= TIMESTAMP '2022-01-01' ORDER BY census_original.dv_cmdline_args LIMIT 100;
2025-07-01T00:01:34.800000,SELECT census_original.dv_create_time FROM census_original  WHERE census_original.dv_version = 'sample' ORDER BY census_original.dv_create_time LIMIT 100;
2025-07-01T00:01:35.000000,SELECT census_original.dv_cmdline_args FROM census_original  WHERE census_original.dv_create_date <= TIMESTAMP '2022-01-01' ORDER BY census_original.dv_cmdline_args LIMIT 100;
2025-07-01T00:01:35.200000,SELECT census_original.dv_create_time FROM census_original  WHERE census_original.dv_version = 'sample' ORDER BY census_original.dv_create_time LIMIT 100;
2025-07-01T00:01:35.400000,"SELECT census_original.dv_cmdline_args, census_original.dv_create_time FROM census_original  WHERE census_original.dv_version = 'sample' AND census_original.dv_create_time = 'NULL' AND census_original.dv_cmdline_args LIKE 'sample' ORDER BY census_original.dv_create_time LIMIT 100;"
2025-07-01T00:01:35.600000,SELECT census_original.dv_create_time FROM census_original  WHERE census_original.dv_version = 'sample' ORDER BY census_original.dv_create_time LIMIT 100;
2025-07-01T00:01:35.800000,"SELECT census_original.dv_cmdline_args, census_original.dv_create_time FROM census_original  WHERE census_original.dv_version = 'sample' AND census_original.dv_create_time = 'NULL' AND census_original.dv_cmdline_args LIKE 'sample' ORDER BY census_original.dv_create_time LIMIT 100;"
2025-07-01T00:01:36.000000,SELECT census_original.dv_create_time FROM census_original  WHERE census_original.dv_version = 'sample' ORDER BY census_original.dv_create_time LIMIT 100;
2025-07-01T00:01:36.200000,SELECT census_original.dv_version FROM census_original  WHERE census_original.dv_create_time = 'NULL' AND census_original.dv_cmdline_args = 'sample' ORDER BY census_original.dv_version LIMIT 100;
2025-07-01T00:01:36.400000,SELECT census_original.dv_create_time FROM census_original  WHERE census_original.dv_version = 'sample' ORDER BY census_original.dv_create_time LIMIT 100;
2025-07-01T00:01:36.600000,SELECT census_original.dv_cmdline_args FROM census_original  WHERE census_original.dv_create_date <= TIMESTAMP '2022-01-01' ORDER BY census_original.dv_cmdline_args LIMIT 100;
2025-07-01T00:01:36.800000,SELECT census_original.dv_create_time FROM census_original  WHERE census_original.dv_version = 'sample' ORDER BY census_original.dv_create_time LIMIT 100;
2025-07-01T00:01:37.000000,SELECT census_original.dv_cmdline_args FROM census_original  WHERE census_original.dv_create_date <= TIMESTAMP '2022-01-01' ORDER BY census_original.dv_cmdline_args LIMIT 100;
2025-07-01T00:01:37.200000,SELECT census_original.dv_create_date FROM census_original  WHERE census_original.dv_cmdline_args LIKE 'sample' AND census_original.dv_version LIKE 'sample' AND census_original.dv_create_date >= TIMESTAMP '2022-01-01' ORDER BY census_original.dv_create_date LIMIT 100;
2025-07-01T00:01:37.400000,SELECT census_original.dv_cmdline_args FROM census_original  WHERE census_original.dv_create_date <= TIMESTAMP '2022-01-01' ORDER BY census_original.dv_cmdline_args LIMIT 100;
2025-07-01T00:01:37.600000,"SELECT census_original.dv_cmdline_args, census_original.dv_create_time FROM census_original  WHERE census_original.dv_version = 'sample' AND census_original.dv_create_time = 'NULL' AND census_original.dv_cmdline_args LIKE 'sample' ORDER BY census_original.dv_create_time LIMIT 100;"
2025-07-01T00:01:37.800000,SELECT census_original.dv_create_time FROM census_original  WHERE census_original.dv_version = 'sample' ORDER BY census_original.dv_create_time LIMIT 100;
2025-07-01T00:01:38.000000,SELECT census_original.dv_create_date FROM census_original  WHERE census_original.dv_cmdline_args LIKE 'sample' AND census_original.dv_version LIKE 'sample' AND census_original.dv_create_date >= TIMESTAMP '2022-01-01' ORDER BY census_original.dv_create_date LIMIT 100;
2025-07-01T00:01:38.200000,SELECT census_original.dv_create_date FROM census_original  WHERE census_original.dv_cmdline_args LIKE 'sample' AND census_original.dv_version LIKE 'sample' AND census_original.dv_create_date >= TIMESTAMP '2022-01-01' ORDER BY census_original.dv_create_date LIMIT 100;
2025-07-01T00:01:38.400000,SELECT census_original.dv_version FROM census_original  WHERE census_original.dv_create_time = 'NULL' AND census_original.dv_cmdline_args = 'sample' ORDER BY census_original.dv_version LIMIT 100;
2025-07-01T00:01:38.600000,"SELECT census_original.dv_cmdline_args, census_original.dv_create_time FROM census_original  WHERE census_original.dv_version = 'sample' AND census_original.dv_create_time = 'NULL' AND census_original.dv_cmdline_args LIKE 'sample' ORDER BY census_original.dv_create_time LIMIT 100;"
2025-07-01T00:01:38.800000,SELECT census_original.dv_create_date FROM census_original  WHERE census_original.dv_cmdline_args LIKE 'sample' AND census_original.dv_version LIKE 'sample' AND census_original.dv_create_date >= TIMESTAMP '2022-01-01' ORDER BY census_original.dv_create_date LIMIT 100;
2025-07-01T00:01:39.000000,"SELECT census_original.dv_cmdline_args, census_original.dv_create_time FROM census_original  WHERE census_original.dv_version = 'sample' AND census_original.dv_create_time = 'NULL' AND census_original.dv_cmdline_args LIKE 'sample' ORDER BY census_original.dv_create_time LIMIT 100;"
2025-07-01T00:01:39.200000,SELECT census_original.dv_create_date FROM census_original  WHERE census_original.dv_cmdline_args LIKE 'sample' AND census_original.dv_version LIKE 'sample' AND census_original.dv_create_date >= TIMESTAMP '2022-01-01' ORDER BY census_original.dv_create_date LIMIT 100;
2025-07-01T00:01:39.400000,SELECT census_original.dv_create_time FROM census_original  WHERE census_original.dv_version = 'sample' ORDER BY census_original.dv_create_time LIMIT 100;
2025-07-01T00:01:39.600000,SELECT census_original.dv_cmdline_args FROM census_original  WHERE census_original.dv_create_date <= TIMESTAMP '2022-01-01' ORDER BY census_original.dv_cmdline_args LIMIT 100;
2025-07-01T00:01:39.800000,SELECT census_original.dv_version FROM census_original  WHERE census_original.dv_create_time = 'NULL' AND census_original.dv_cmdline_args = 'sample' ORDER BY census_original.dv_version LIMIT 100;
2025-07-01T00:01:40.000000,SELECT census_original.dv_create_date FROM census_original  WHERE census_original.dv_cmdline_args LIKE 'sample' AND census_original.dv_version LIKE 'sample' AND census_original.dv_create_date >= TIMESTAMP '2022-01-01' ORDER BY census_original.dv_create_date LIMIT 100;
2025-07-01T00:01:40.200000,SELECT census_original.dv_cmdline_args FROM census_original  WHERE census_original.dv_create_date <= TIMESTAMP '2022-01-01' ORDER BY census_original.dv_cmdline_args LIMIT 100;
2025-07-01T00:01:40.400000,SELECT census_original.dv_cmdline_args FROM census_original  WHERE census_original.dv_create_date <= TIMESTAMP '2022-01-01' ORDER BY census_original.dv_cmdline_args LIMIT 100;
2025-07-01T00:01:40.600000,SELECT census_original.dv_create_date FROM census_original  WHERE census_original.dv_cmdline_args LIKE 'sample' AND census_original.dv_version LIKE 'sample' AND census_original.dv_create_date >= TIMESTAMP '2022-01-01' ORDER BY census_original.dv_create_date LIMIT 100;
2025-07-01T00:01:40.800000,SELECT census_original.dv_create_time FROM census_original  WHERE census_original.dv_version = 'sample' ORDER BY census_original.dv_create_time LIMIT 100;
2025-07-01T00:01:41.000000,SELECT census_original.dv_version FROM census_original  WHERE census_original.dv_create_time = 'NULL' AND census_original.dv_cmdline_args = 'sample' ORDER BY census_original.dv_version LIMIT 100;
2025-07-01T00:01:41.200000,SELECT census_original.dv_create_time FROM census_original  WHERE census_original.dv_version = 'sample' ORDER BY census_original.dv_create_time LIMIT 100;
2025-07-01T00:01:41.400000,SELECT census_original.dv_create_date FROM census_original  WHERE census_original.dv_cmdline_args LIKE 'sample' AND census_original.dv_version LIKE 'sample' AND census_original.dv_create_date >= TIMESTAMP '2022-01-01' ORDER BY census_original.dv_create_date LIMIT 100;
2025-07-01T00:01:41.600000,SELECT census_original.dv_version FROM census_original  WHERE census_original.dv_create_time = 'NULL' AND census_original.dv_cmdline_args = 'sample' ORDER BY census_original.dv_version LIMIT 100;
2025-07-01T00:01:41.800000,SELECT census_original.dv_create_time FROM census_original  WHERE census_original.dv_version = 'sample' ORDER BY census_original.dv_create_time LIMIT 100;
2025-07-01T00:01:42.000000,SELECT census_original.dv_version FROM census_original  WHERE census_original.dv_create_time = 'NULL' AND census_original.dv_cmdline_args = 'sample' ORDER BY census_original.dv_version LIMIT 100;
2025-07-01T00:01:42.200000,SELECT census_original.dv_version FROM census_original  WHERE census_original.dv_create_time = 'NULL' AND census_original.dv_cmdline_args = 'sample' ORDER BY census_original.dv_version LIMIT 100;
2025-07-01T00:01:42.400000,SELECT census_original.dv_cmdline_args FROM census_original  WHERE census_original.dv_create_date <= TIMESTAMP '2022-01-01' ORDER BY census_original.dv_cmdline_args LIMIT 100;
2025-07-01T00:01:42.600000,SELECT census_original.dv_cmdline_args FROM census_original  WHERE census_original.dv_create_date <= TIMESTAMP '2022-01-01' ORDER BY census_original.dv_cmdline_args LIMIT 100;
2025-07-01T00:01:42.800000,SELECT census_original.dv_cmdline_args FROM census_original  WHERE census_original.dv_create_date <= TIMESTAMP '2022-01-01' ORDER BY census_original.dv_cmdline_args LIMIT 100;
2025-07-01T00:01:43.000000,SELECT census_original.dv_create_time FROM census_original  WHERE census_original.dv_version = 'sample' ORDER BY census_original.dv_create_time LIMIT 100;
2025-07-01T00:01:43.200000,SELECT census_original.dv_cmdline_args FROM census_original  WHERE census_original.dv_create_date <= TIMESTAMP '2022-01-01' ORDER BY census_original.dv_cmdline_args LIMIT 100;
2025-07-01T00:01:43.400000,SELECT census_original.dv_cmdline_args FROM census_original  WHERE census_original.dv_create_date <= TIMESTAMP '2022-01-01' ORDER BY census_original.dv_cmdline_args LIMIT 100;
2025-07-01T00:01:43.600000,"SELECT census_original.dv_cmdline_args, census_original.dv_create_time FROM census_original  WHERE census_original.dv_version = 'sample' AND census_original.dv_create_time = 'NULL' AND census_original.dv_cmdline_args LIKE 'sample' ORDER BY census_original.dv_create_time LIMIT 100;"
2025-07-01T00:01:43.800000,SELECT census_original.dv_version FROM census_original  WHERE census_original.dv_create_time = 'NULL' AND census_original.dv_cmdline_args = 'sample' ORDER BY census_original.dv_version LIMIT 100;
2025-07-01T00:01:44.000000,SELECT census_original.dv_create_date FROM census_original  WHERE census_original.dv_cmdline_args LIKE 'sample' AND census_original.dv_version LIKE 'sample' AND census_original.dv_create_date >= TIMESTAMP '2022-01-01' ORDER BY census_original.dv_create_date LIMIT 100;
2025-07-01T00:01:44.200000,SELECT census_original.dv_version FROM census_original  WHERE census_original.dv_create_time = 'NULL' AND census_original.dv_cmdline_args = 'sample' ORDER BY census_original.dv_version LIMIT 100;
2025-07-01T00:01:44.400000,SELECT census_original.dv_create_time FROM census_original  WHERE census_original.dv_version = 'sample' ORDER BY census_original.dv_create_time LIMIT 100;
2025-07-01T00:01:44.600000,SELECT census_original.dv_cmdline_args FROM census_original  WHERE census_original.dv_create_date <= TIMESTAMP '2022-01-01' ORDER BY census_original.dv_cmdline_args LIMIT 100;
2025-07-01T00:01:44.800000,SELECT census_original.dv_create_date FROM census_original  WHERE census_original.dv_cmdline_args LIKE 'sample' AND census_original.dv_version LIKE 'sample' AND census_original.dv_create_date >= TIMESTAMP '2022-01-01' ORDER BY census_original.dv_create_date LIMIT 100;
2025-07-01T00:01:45.000000,"SELECT census_original.dv_cmdline_args, census_original.dv_create_time FROM census_original  WHERE census_original.dv_version = 'sample' AND census_original.dv_create_time = 'NULL' AND census_original.dv_cmdline_args LIKE 'sample' ORDER BY census_original.dv_create_time LIMIT 100;"
2025-07-01T00:01:45.200000,SELECT census_original.dv_create_time FROM census_original  WHERE census_original.dv_version = 'sample' ORDER BY census_original.dv_create_time LIMIT 100;
2025-07-01T00:01:45.400000,SELECT census_original.dv_create_date FROM census_original  WHERE census_original.dv_cmdline_args LIKE 'sample' AND census_original.dv_version LIKE 'sample' AND census_original.dv_create_date >= TIMESTAMP '2022-01-01' ORDER BY census_original.dv_create_date LIMIT 100;
2025-07-01T00:01:45.600000,"SELECT census_original.dv_cmdline_args, census_original.dv_create_time FROM census_original  WHERE census_original.dv_version = 'sample' AND census_original.dv_create_time = 'NULL' AND census_original.dv_cmdline_args LIKE 'sample' ORDER BY census_original.dv_create_time LIMIT 100;"
2025-07-01T00:01:45.800000,"SELECT census_original.dv_cmdline_args, census_original.dv_create_time FROM census_original  WHERE census_original.dv_version = 'sample' AND census_original.dv_create_time = 'NULL' AND census_original.dv_cmdline_args LIKE 'sample' ORDER BY census_original.dv_create_time LIMIT 100;"
2025-07-01T00:01:46.000000,"SELECT census_original.dv_cmdline_args, census_original.dv_create_time FROM census_original  WHERE census_original.dv_version = 'sample' AND census_original.dv_create_time = 'NULL' AND census_original.dv_cmdline_args LIKE 'sample' ORDER BY census_original.dv_create_time LIMIT 100;"
2025-07-01T00:01:46.200000,SELECT census_original.dv_create_date FROM census_original  WHERE census_original.dv_cmdline_args LIKE 'sample' AND census_original.dv_version LIKE 'sample' AND census_original.dv_create_date >= TIMESTAMP '2022-01-01' ORDER BY census_original.dv_create_date LIMIT 100;
2025-07-01T00:01:46.400000,SELECT census_original.dv_version FROM census_original  WHERE census_original.dv_create_time = 'NULL' AND census_original.dv_cmdline_args = 'sample' ORDER BY census_original.dv_version LIMIT 100;
2025-07-01T00:01:46.600000,SELECT census_original.dv_cmdline_args FROM census_original  WHERE census_original.dv_create_date <= TIMESTAMP '2022-01-01' ORDER BY census_original.dv_cmdline_args LIMIT 100;
2025-07-01T00:01:46.800000,SELECT census_original.dv_create_date FROM census_original  WHERE census_original.dv_cmdline_args LIKE 'sample' AND census_original.dv_version LIKE 'sample' AND census_original.dv_create_date >= TIMESTAMP '2022-01-01' ORDER BY census_original.dv_create_date LIMIT 100;
2025-07-01T00:01:47.000000,SELECT census_original.dv_create_time FROM census_original  WHERE census_original.dv_version = 'sample' ORDER BY census_original.dv_create_time LIMIT 100;
2025-07-01T00:01:47.200000,SELECT census_original.dv_cmdline_args FROM census_original  WHERE census_original.dv_create_date <= TIMESTAMP '2022-01-01' ORDER BY census_original.dv_cmdline_args LIMIT 100;
2025-07-01T00:01:47.400000,"SELECT census_original.dv_cmdline_args, census_original.dv_create_time FROM census_original  WHERE census_original.dv_version = 'sample' AND census_original.dv_create_time = 'NULL' AND census_original.dv_cmdline_args LIKE 'sample' ORDER BY census_original.dv_create_time LIMIT 100;"
2025-07-01T00:01:47.600000,SELECT census_original.dv_cmdline_args FROM census_original  WHERE census_original.dv_create_date <= TIMESTAMP '2022-01-01' ORDER BY census_original.dv_cmdline_args LIMIT 100;
2025-07-01T00:01:47.800000,SELECT census_original.dv_version FROM census_original  WHERE census_original.dv_create_time = 'NULL' AND census_original.dv_cmdline_args = 'sample' ORDER BY census_original.dv_version LIMIT 100;
2025-07-01T00:01:48.000000,SELECT census_original.dv_cmdline_args FROM census_original  WHERE census_original.dv_create_date <= TIMESTAMP '2022-01-01' ORDER BY census_original.dv_cmdline_args LIMIT 100;
2025-07-01T00:01:48.200000,SELECT census_original.dv_cmdline_args FROM census_original  WHERE census_original.dv_create_date <= TIMESTAMP '2022-01-01' ORDER BY census_original.dv_cmdline_args LIMIT 100;
2025-07-01T00:01:48.400000,SELECT census_original.dv_cmdline_args FROM census_original  WHERE census_original.dv_create_date <= TIMESTAMP '2022-01-01' ORDER BY census_original.dv_cmdline_args LIMIT 100;
2025-07-01T00:01:48.600000,SELECT census_original.dv_create_date FROM census_original  WHERE census_original.dv_cmdline_args LIKE 'sample' AND census_original.dv_version LIKE 'sample' AND census_original.dv_create_date >= TIMESTAMP '2022-01-01' ORDER BY census_original.dv_create_date LIMIT 100;
2025-07-01T00:01:48.800000,"SELECT census_original.dv_cmdline_args, census_original.dv_create_time FROM census_original  WHERE census_original.dv_version = 'sample' AND census_original.dv_create_time = 'NULL' AND census_original.dv_cmdline_args LIKE 'sample' ORDER BY census_original.dv_create_time LIMIT 100;"
2025-07-01T00:01:49.000000,SELECT census_original.dv_create_time FROM census_original  WHERE census_original.dv_version = 'sample' ORDER BY census_original.dv_create_time LIMIT 100;
2025-07-01T00:01:49.200000,SELECT census_original.dv_cmdline_args FROM census_original  WHERE census_original.dv_create_date <= TIMESTAMP '2022-01-01' ORDER BY census_original.dv_cmdline_args LIMIT 100;
2025-07-01T00:01:49.400000,SELECT census_original.dv_version FROM census_original  WHERE census_original.dv_create_time = 'NULL' AND census_original.dv_cmdline_args = 'sample' ORDER BY census_original.dv_version LIMIT 100;
2025-07-01T00:01:49.600000,SELECT census_original.dv_cmdline_args FROM census_original  WHERE census_original.dv_create_date <= TIMESTAMP '2022-01-01' ORDER BY census_original.dv_cmdline_args LIMIT 100;
2025-07-01T00:01:49.800000,SELECT census_original.dv_create_time FROM census_original  WHERE census_original.dv_version = 'sample' ORDER BY census_original.dv_create_time LIMIT 100;
2025-07-01T00:01:50.000000,"SELECT census_original.dv_cmdline_args, census_original.dv_create_time FROM census_original  WHERE census_original.dv_version = 'sample' AND census_original.dv_create_time = 'NULL' AND census_original.dv_cmdline_args LIKE 'sample' ORDER BY census_original.dv_create_time LIMIT 100;"
2025-07-01T00:01:50.200000,SELECT census_original.dv_create_date FROM census_original  WHERE census_original.dv_cmdline_args LIKE 'sample' AND census_original.dv_version LIKE 'sample' AND census_original.dv_create_date >= TIMESTAMP '2022-01-01' ORDER BY census_original.dv_create_date LIMIT 100;
2025-07-01T00:01:50.400000,SELECT census_original.dv_cmdline_args FROM census_original  WHERE census_original.dv_create_date <= TIMESTAMP '2022-01-01' ORDER BY census_original.dv_cmdline_args LIMIT 100;
2025-07-01T00:01:50.600000,SELECT census_original.dv_create_time FROM census_original  WHERE census_original.dv_version = 'sample' ORDER BY census_original.dv_create_time LIMIT 100;
2025-07-01T00:01:50.800000,SELECT census_original.dv_version FROM census_original  WHERE census_original.dv_create_time = 'NULL' AND census_original.dv_cmdline_args = 'sample' ORDER BY census_original.dv_version LIMIT 100;
2025-07-01T00:01:51.000000,SELECT census_original.dv_version FROM census_original  WHERE census_original.dv_create_time = 'NULL' AND census_original.dv_cmdline_args = 'sample' ORDER BY census_original.dv_version LIMIT 100;
2025-07-01T00:01:51.200000,SELECT census_original.dv_create_date FROM census_original  WHERE census_original.dv_cmdline_args LIKE 'sample' AND census_original.dv_version LIKE 'sample' AND census_original.dv_create_date >= TIMESTAMP '2022-01-01' ORDER BY census_original.dv_create_date LIMIT 100;
2025-07-01T00:01:51.400000,SELECT census_original.dv_version FROM census_original  WHERE census_original.dv_create_time = 'NULL' AND census_original.dv_cmdline_args = 'sample' ORDER BY census_original.dv_version LIMIT 100;
2025-07-01T00:01:51.600000,SELECT census_original.dv_create_date FROM census_original  WHERE census_original.dv_cmdline_args LIKE 'sample' AND census_original.dv_version LIKE 'sample' AND census_original.dv_create_date >= TIMESTAMP '2022-01-01' ORDER BY census_original.dv_create_date LIMIT 100;
2025-07-01T00:01:51.800000,SELECT census_original.dv_create_date FROM census_original  WHERE census_original.dv_cmdline_args LIKE 'sample' AND census_original.dv_version LIKE 'sample' AND census_original.dv_create_date >= TIMESTAMP '2022-01-01' ORDER BY census_original.dv_create_date LIMIT 100;
2025-07-01T00:01:52.000000,SELECT census_original.dv_create_time FROM census_original  WHERE census_original.dv_version = 'sample' ORDER BY census_original.dv_create_time LIMIT 100;
2025-07-01T00:01:52.200000,SELECT census_original.dv_create_time FROM census_original  WHERE census_original.dv_version = 'sample' ORDER BY census_original.dv_create_time LIMIT 100;
2025-07-01T00:01:52.400000,SELECT census_original.dv_create_date FROM census_original  WHERE census_original.dv_cmdline_args LIKE 'sample' AND census_original.dv_version LIKE 'sample' AND census_original.dv_create_date >= TIMESTAMP '2022-01-01' ORDER BY census_original.dv_create_date LIMIT 100;
2025-07-01T00:01:52.600000,SELECT census_original.dv_create_date FROM census_original  WHERE census_original.dv_cmdline_args LIKE 'sample' AND census_original.dv_version LIKE 'sample' AND census_original.dv_create_date >= TIMESTAMP '2022-01-01' ORDER BY census_original.dv_create_date LIMIT 100;
2025-07-01T00:01:52.800000,SELECT census_original.dv_create_date FROM census_original  WHERE census_original.dv_cmdline_args LIKE 'sample' AND census_original.dv_version LIKE 'sample' AND census_original.dv_create_date >= TIMESTAMP '2022-01-01' ORDER BY census_original.dv_create_date LIMIT 100;
2025-07-01T00:01:53.000000,SELECT census_original.dv_create_date FROM census_original  WHERE census_original.dv_cmdline_args LIKE 'sample' AND census_original.dv_version LIKE 'sample' AND census_original.dv_create_date >= TIMESTAMP '2022-01-01' ORDER BY census_original.dv_create_date LIMIT 100;
2025-07-01T00:01:53.200000,SELECT census_original.dv_version FROM census_original  WHERE census_original.dv_create_time = 'NULL' AND census_original.dv_cmdline_args = 'sample' ORDER BY census_original.dv_version LIMIT 100;
2025-07-01T00:01:53.400000,SELECT census_original.dv_cmdline_args FROM census_original  WHERE census_original.dv_create_date <= TIMESTAMP '2022-01-01' ORDER BY census_original.dv_cmdline_args LIMIT 100;
2025-07-01T00:01:53.600000,SELECT census_original.dv_create_time FROM census_original  WHERE census_original.dv_version = 'sample' ORDER BY census_original.dv_create_time LIMIT 100;
2025-07-01T00:01:53.800000,SELECT census_original.dv_create_date FROM census_original  WHERE census_original.dv_cmdline_args LIKE 'sample' AND census_original.dv_version LIKE 'sample' AND census_original.dv_create_date >= TIMESTAMP '2022-01-01' ORDER BY census_original.dv_create_date LIMIT 100;
2025-07-01T00:01:54.000000,SELECT census_original.dv_cmdline_args FROM census_original  WHERE census_original.dv_create_date <= TIMESTAMP '2022-01-01' ORDER BY census_original.dv_cmdline_args LIMIT 100;
2025-07-01T00:01:54.200000,SELECT census_original.dv_create_date FROM census_original  WHERE census_original.dv_cmdline_args LIKE 'sample' AND census_original.dv_version LIKE 'sample' AND census_original.dv_create_date >= TIMESTAMP '2022-01-01' ORDER BY census_original.dv_create_date LIMIT 100;
2025-07-01T00:01:54.400000,SELECT census_original.dv_cmdline_args FROM census_original  WHERE census_original.dv_create_date <= TIMESTAMP '2022-01-01' ORDER BY census_original.dv_cmdline_args LIMIT 100;
2025-07-01T00:01:54.600000,SELECT census_original.dv_create_date FROM census_original  WHERE census_original.dv_cmdline_args LIKE 'sample' AND census_original.dv_version LIKE 'sample' AND census_original.dv_create_date >= TIMESTAMP '2022-01-01' ORDER BY census_original.dv_create_date LIMIT 100;
2025-07-01T00:01:54.800000,SELECT census_original.dv_create_time FROM census_original  WHERE census_original.dv_version = 'sample' ORDER BY census_original.dv_create_time LIMIT 100;
2025-07-01T00:01:55.000000,SELECT census_original.dv_create_date FROM census_original  WHERE census_original.dv_cmdline_args LIKE 'sample' AND census_original.dv_version LIKE 'sample' AND census_original.dv_create_date >= TIMESTAMP '2022-01-01' ORDER BY census_original.dv_create_date LIMIT 100;
2025-07-01T00:01:55.200000,SELECT census_original.dv_create_time FROM census_original  WHERE census_original.dv_version = 'sample' ORDER BY census_original.dv_create_time LIMIT 100;
2025-07-01T00:01:55.400000,"SELECT census_original.dv_cmdline_args, census_original.dv_create_time FROM census_original  WHERE census_original.dv_version = 'sample' AND census_original.dv_create_time = 'NULL' AND census_original.dv_cmdline_args LIKE 'sample' ORDER BY census_original.dv_create_time LIMIT 100;"
2025-07-01T00:01:55.600000,SELECT census_original.dv_version FROM census_original  WHERE census_original.dv_create_time = 'NULL' AND census_original.dv_cmdline_args = 'sample' ORDER BY census_original.dv_version LIMIT 100;
2025-07-01T00:01:55.800000,"SELECT census_original.dv_cmdline_args, census_original.dv_create_time FROM census_original  WHERE census_original.dv_version = 'sample' AND census_original.dv_create_time = 'NULL' AND census_original.dv_cmdline_args LIKE 'sample' ORDER BY census_original.dv_create_time LIMIT 100;"
2025-07-01T00:01:56.000000,SELECT census_original.dv_create_date FROM census_original  WHERE census_original.dv_cmdline_args LIKE 'sample' AND census_original.dv_version LIKE 'sample' AND census_original.dv_create_date >= TIMESTAMP '2022-01-01' ORDER BY census_original.dv_create_date LIMIT 100;
2025-07-01T00:01:56.200000,"SELECT census_original.dv_cmdline_args, census_original.dv_create_time FROM census_original  WHERE census_original.dv_version = 'sample' AND census_original.dv_create_time = 'NULL' AND census_original.dv_cmdline_args LIKE 'sample' ORDER BY census_original.dv_create_time LIMIT 100;"
2025-07-01T00:01:56.400000,SELECT census_original.dv_cmdline_args FROM census_original  WHERE census_original.dv_create_date <= TIMESTAMP '2022-01-01' ORDER BY census_original.dv_cmdline_args LIMIT 100;
2025-07-01T00:01:56.600000,SELECT census_original.dv_cmdline_args FROM census_original  WHERE census_original.dv_create_date <= TIMESTAMP '2022-01-01' ORDER BY census_original.dv_cmdline_args LIMIT 100;
2025-07-01T00:01:56.800000,SELECT census_original.dv_cmdline_args FROM census_original  WHERE census_original.dv_create_date <= TIMESTAMP '2022-01-01' ORDER BY census_original.dv_cmdline_args LIMIT 100;
2025-07-01T00:01:57.000000,SELECT census_original.dv_create_time FROM census_original  WHERE census_original.dv_version = 'sample' ORDER BY census_original.dv_create_time LIMIT 100;
2025-07-01T00:01:57.200000,SELECT census_original.dv_version FROM census_original  WHERE census_original.dv_create_time = 'NULL' AND census_original.dv_cmdline_args = 'sample' ORDER BY census_original.dv_version LIMIT 100;
2025-07-01T00:01:57.400000,SELECT census_original.dv_version FROM census_original  WHERE census_original.dv_create_time = 'NULL' AND census_original.dv_cmdline_args = 'sample' ORDER BY census_original.dv_version LIMIT 100;
2025-07-01T00:01:57.600000,SELECT census_original.dv_cmdline_args FROM census_original  WHERE census_original.dv_create_date <= TIMESTAMP '2022-01-01' ORDER BY census_original.dv_cmdline_args LIMIT 100;
2025-07-01T00:01:57.800000,SELECT census_original.dv_create_date FROM census_original  WHERE census_original.dv_cmdline_args LIKE 'sample' AND census_original.dv_version LIKE 'sample' AND census_original.dv_create_date >= TIMESTAMP '2022-01-01' ORDER BY census_original.dv_create_date LIMIT 100;
2025-07-01T00:01:58.000000,SELECT census_original.dv_cmdline_args FROM census_original  WHERE census_original.dv_create_date <= TIMESTAMP '2022-01-01' ORDER BY census_original.dv_cmdline_args LIMIT 100;
2025-07-01T00:01:58.200000,SELECT census_original.dv_create_time FROM census_original  WHERE census_original.dv_version = 'sample' ORDER BY census_original.dv_create_time LIMIT 100;
2025-07-01T00:01:58.400000,SELECT census_original.dv_create_date FROM census_original  WHERE census_original.dv_cmdline_args LIKE 'sample' AND census_original.dv_version LIKE 'sample' AND census_original.dv_create_date >= TIMESTAMP '2022-01-01' ORDER BY census_original.dv_create_date LIMIT 100;
2025-07-01T00:01:58.600000,SELECT census_original.dv_create_date FROM census_original  WHERE census_original.dv_cmdline_args LIKE 'sample' AND census_original.dv_version LIKE 'sample' AND census_original.dv_create_date >= TIMESTAMP '2022-01-01' ORDER BY census_original.dv_create_date LIMIT 100;
2025-07-01T00:01:58.800000,SELECT census_original.dv_create_time FROM census_original  WHERE census_original.dv_version = 'sample' ORDER BY census_original.dv_create_time LIMIT 100;
2025-07-01T00:01:59.000000,SELECT census_original.dv_create_time FROM census_original  WHERE census_original.dv_version = 'sample' ORDER BY census_original.dv_create_time LIMIT 100;
2025-07-01T00:01:59.200000,SELECT census_original.dv_cmdline_args FROM census_original  WHERE census_original.dv_create_date <= TIMESTAMP '2022-01-01' ORDER BY census_original.dv_cmdline_args LIMIT 100;
2025-07-01T00:01:59.400000,SELECT census_original.dv_create_date FROM census_original  WHERE census_original.dv_cmdline_args LIKE 'sample' AND census_original.dv_version LIKE 'sample' AND census_original.dv_create_date >= TIMESTAMP '2022-01-01' ORDER BY census_original.dv_create_date LIMIT 100;
2025-07-01T00:01:59.600000,SELECT census_original.dv_create_date FROM census_original  WHERE census_original.dv_cmdline_args LIKE 'sample' AND census_original.dv_version LIKE 'sample' AND census_original.dv_create_date >= TIMESTAMP '2022-01-01' ORDER BY census_original.dv_create_date LIMIT 100;
2025-07-01T00:01:59.800000,"SELECT census_original.dv_cmdline_args, census_original.dv_create_time FROM census_original  WHERE census_original.dv_version = 'sample' AND census_original.dv_create_time = 'NULL' AND census_original.dv_cmdline_args LIKE 'sample' ORDER BY census_original.dv_create_time LIMIT 100;"
2025-07-01T00:02:00.000000,SELECT census_original.dv_cmdline_args FROM census_original  WHERE census_original.dv_create_date <= TIMESTAMP '2022-01-01' ORDER BY census_original.dv_cmdline_args LIMIT 100;
2025-07-01T00:02:00.200000,SELECT census_original.dv_create_date FROM census_original  WHERE census_original.dv_cmdline_args LIKE 'sample' AND census_original.dv_version LIKE 'sample' AND census_original.dv_create_date >= TIMESTAMP '2022-01-01' ORDER BY census_original.dv_create_date LIMIT 100;
2025-07-01T00:02:00.400000,SELECT census_original.dv_cmdline_args FROM census_original  WHERE census_original.dv_create_date <= TIMESTAMP '2022-01-01' ORDER BY census_original.dv_cmdline_args LIMIT 100;
2025-07-01T00:02:00.600000,SELECT census_original.dv_cmdline_args FROM census_original  WHERE census_original.dv_create_date <= TIMESTAMP '2022-01-01' ORDER BY census_original.dv_cmdline_args LIMIT 100;
2025-07-01T00:02:00.800000,SELECT census_original.dv_create_date FROM census_original  WHERE census_original.dv_cmdline_args LIKE 'sample' AND census_original.dv_version LIKE 'sample' AND census_original.dv_create_date >= TIMESTAMP '2022-01-01' ORDER BY census_original.dv_create_date LIMIT 100;
2025-07-01T00:02:01.000000,SELECT census_original.dv_create_time FROM census_original  WHERE census_original.dv_version = 'sample' ORDER BY census_original.dv_create_time LIMIT 100;
2025-07-01T00:02:01.200000,SELECT census_original.dv_cmdline_args FROM census_original  WHERE census_original.dv_create_date <= TIMESTAMP '2022-01-01' ORDER BY census_original.dv_cmdline_args LIMIT 100;
2025-07-01T00:02:01.400000,SELECT census_original.dv_version FROM census_original  WHERE census_original.dv_create_time = 'NULL' AND census_original.dv_cmdline_args = 'sample' ORDER BY census_original.dv_version LIMIT 100;
2025-07-01T00:02:01.600000,SELECT census_original.dv_create_date FROM census_original  WHERE census_original.dv_cmdline_args LIKE 'sample' AND census_original.dv_version LIKE 'sample' AND census_original.dv_create_date >= TIMESTAMP '2022-01-01' ORDER BY census_original.dv_create_date LIMIT 100;
2025-07-01T00:02:01.800000,SELECT census_original.dv_create_date FROM census_original  WHERE census_original.dv_cmdline_args LIKE 'sample' AND census_original.dv_version LIKE 'sample' AND census_original.dv_create_date >= TIMESTAMP '2022-01-01' ORDER BY census_original.dv_create_date LIMIT 100;
2025-07-01T00:02:02.000000,SELECT census_original.dv_version FROM census_original  WHERE census_original.dv_create_time = 'NULL' AND census_original.dv_cmdline_args = 'sample' ORDER BY census_original.dv_version LIMIT 100;
2025-07-01T00:02:02.200000,"SELECT census_original.dv_cmdline_args, census_original.dv_create_time FROM census_original  WHERE census_original.dv_version = 'sample' AND census_original.dv_create_time = 'NULL' AND census_original.dv_cmdline_args LIKE 'sample' ORDER BY census_original.dv_create_time LIMIT 100;"
2025-07-01T00:02:02.400000,"SELECT census_original.dv_cmdline_args, census_original.dv_create_time FROM census_original  WHERE census_original.dv_version = 'sample' AND census_original.dv_create_time = 'NULL' AND census_original.dv_cmdline_args LIKE 'sample' ORDER BY census_original.dv_create_time LIMIT 100;"
2025-07-01T00:02:02.600000,SELECT census_original.dv_cmdline_args FROM census_original  WHERE census_original.dv_create_date <= TIMESTAMP '2022-01-01' ORDER BY census_original.dv_cmdline_args LIMIT 100;
2025-07-01T00:02:02.800000,SELECT census_original.dv_create_date FROM census_original  WHERE census_original.dv_cmdline_args LIKE 'sample' AND census_original.dv_version LIKE 'sample' AND census_original.dv_create_date >= TIMESTAMP '2022-01-01' ORDER BY census_original.dv_create_date LIMIT 100;
2025-07-01T00:02:03.000000,SELECT census_original.dv_cmdline_args FROM census_original  WHERE census_original.dv_create_date <= TIMESTAMP '2022-01-01' ORDER BY census_original.dv_cmdline_args LIMIT 100;
2025-07-01T00:02:03.200000,SELECT census_original.dv_version FROM census_original  WHERE census_original.dv_create_time = 'NULL' AND census_original.dv_cmdline_args = 'sample' ORDER BY census_original.dv_version LIMIT 100;
2025-07-01T00:02:03.400000,SELECT census_original.dv_create_date FROM census_original  WHERE census_original.dv_cmdline_args LIKE 'sample' AND census_original.dv_version LIKE 'sample' AND census_original.dv_create_date >= TIMESTAMP '2022-01-01' ORDER BY census_original.dv_create_date LIMIT 100;
2025-07-01T00:02:03.600000,SELECT census_original.dv_create_time FROM census_original  WHERE census_original.dv_version = 'sample' ORDER BY census_original.dv_create_time LIMIT 100;
2025-07-01T00:02:03.800000,SELECT census_original.dv_version FROM census_original  WHERE census_original.dv_create_time = 'NULL' AND census_original.dv_cmdline_args = 'sample' ORDER BY census_original.dv_version LIMIT 100;
2025-07-01T00:02:04.000000,SELECT census_original.dv_create_date FROM census_original  WHERE census_original.dv_cmdline_args LIKE 'sample' AND census_original.dv_version LIKE 'sample' AND census_original.dv_create_date >= TIMESTAMP '2022-01-01' ORDER BY census_original.dv_create_date LIMIT 100;
2025-07-01T00:02:04.200000,SELECT census_original.dv_version FROM census_original  WHERE census_original.dv_create_time = 'NULL' AND census_original.dv_cmdline_args = 'sample' ORDER BY census_original.dv_version LIMIT 100;
2025-07-01T00:02:04.400000,SELECT census_original.dv_create_date FROM census_original  WHERE census_original.dv_cmdline_args LIKE 'sample' AND census_original.dv_version LIKE 'sample' AND census_original.dv_create_date >= TIMESTAMP '2022-01-01' ORDER BY census_original.dv_create_date LIMIT 100;
2025-07-01T00:02:04.600000,SELECT census_original.dv_create_date FROM census_original  WHERE census_original.dv_cmdline_args LIKE 'sample' AND census_original.dv_version LIKE 'sample' AND census_original.dv_create_date >= TIMESTAMP '2022-01-01' ORDER BY census_original.dv_create_date LIMIT 100;
2025-07-01T00:02:04.800000,SELECT census_original.dv_create_date FROM census_original  WHERE census_original.dv_cmdline_args LIKE 'sample' AND census_original.dv_version LIKE 'sample' AND census_original.dv_create_date >= TIMESTAMP '2022-01-01' ORDER BY census_original.dv_create_date LIMIT 100;
2025-07-01T00:02:05.000000,"SELECT census_original.dv_cmdline_args, census_original.dv_create_time FROM census_original  WHERE census_original.dv_version = 'sample' AND census_original.dv_create_time = 'NULL' AND census_original.dv_cmdline_args LIKE 'sample' ORDER BY census_original.dv_create_time LIMIT 100;"
2025-07-01T00:02:05.200000,SELECT census_original.dv_create_time FROM census_original  WHERE census_original.dv_version = 'sample' ORDER BY census_original.dv_create_time LIMIT 100;
2025-07-01T00:02:05.400000,"SELECT census_original.dv_cmdline_args, census_original.dv_create_time FROM census_original  WHERE census_original.dv_version = 'sample' AND census_original.dv_create_time = 'NULL' AND census_original.dv_cmdline_args LIKE 'sample' ORDER BY census_original.dv_create_time LIMIT 100;"
2025-07-01T00:02:05.600000,SELECT census_original.dv_cmdline_args FROM census_original  WHERE census_original.dv_create_date <= TIMESTAMP '2022-01-01' ORDER BY census_original.dv_cmdline_args LIMIT 100;
2025-07-01T00:02:05.800000,SELECT census_original.dv_create_date FROM census_original  WHERE census_original.dv_cmdline_args LIKE 'sample' AND census_original.dv_version LIKE 'sample' AND census_original.dv_create_date >= TIMESTAMP '2022-01-01' ORDER BY census_original.dv_create_date LIMIT 100;
2025-07-01T00:02:06.000000,SELECT census_original.dv_cmdline_args FROM census_original  WHERE census_original.dv_create_date <= TIMESTAMP '2022-01-01' ORDER BY census_original.dv_cmdline_args LIMIT 100;
2025-07-01T00:02:06.200000,SELECT census_original.dv_create_date FROM census_original  WHERE census_original.dv_cmdline_args LIKE 'sample' AND census_original.dv_version LIKE 'sample' AND census_original.dv_create_date >= TIMESTAMP '2022-01-01' ORDER BY census_original.dv_create_date LIMIT 100;
2025-07-01T00:02:06.400000,SELECT census_original.dv_create_time FROM census_original  WHERE census_original.dv_version = 'sample' ORDER BY census_original.dv_create_time LIMIT 100;
2025-07-01T00:02:06.600000,"SELECT census_original.dv_cmdline_args, census_original.dv_create_time FROM census_original  WHERE census_original.dv_version = 'sample' AND census_original.dv_create_time = 'NULL' AND census_original.dv_cmdline_args LIKE 'sample' ORDER BY census_original.dv_create_time LIMIT 100;"
2025-07-01T00:02:06.800000,"SELECT census_original.dv_cmdline_args, census_original.dv_create_time FROM census_original  WHERE census_original.dv_version = 'sample' AND census_original.dv_create_time = 'NULL' AND census_original.dv_cmdline_args LIKE 'sample' ORDER BY census_original.dv_create_time LIMIT 100;"
2025-07-01T00:02:07.000000,SELECT census_original.dv_create_date FROM census_original  WHERE census_original.dv_cmdline_args LIKE 'sample' AND census_original.dv_version LIKE 'sample' AND census_original.dv_create_date >= TIMESTAMP '2022-01-01' ORDER BY census_original.dv_create_date LIMIT 100;
2025-07-01T00:02:07.200000,"SELECT census_original.dv_cmdline_args, census_original.dv_create_time FROM census_original  WHERE census_original.dv_version = 'sample' AND census_original.dv_create_time = 'NULL' AND census_original.dv_cmdline_args LIKE 'sample' ORDER BY census_original.dv_create_time LIMIT 100;"
2025-07-01T00:02:07.400000,SELECT census_original.dv_cmdline_args FROM census_original  WHERE census_original.dv_create_date <= TIMESTAMP '2022-01-01' ORDER BY census_original.dv_cmdline_args LIMIT 100;
2025-07-01T00:02:07.600000,SELECT census_original.dv_version FROM census_original  WHERE census_original.dv_create_time = 'NULL' AND census_original.dv_cmdline_args = 'sample' ORDER BY census_original.dv_version LIMIT 100;
2025-07-01T00:02:07.800000,SELECT census_original.dv_create_time FROM census_original  WHERE census_original.dv_version = 'sample' ORDER BY census_original.dv_create_time LIMIT 100;
2025-07-01T00:02:08.000000,SELECT census_original.dv_create_time FROM census_original  WHERE census_original.dv_version = 'sample' ORDER BY census_original.dv_create_time LIMIT 100;
2025-07-01T00:02:08.200000,SELECT census_original.dv_create_time FROM census_original  WHERE census_original.dv_version = 'sample' ORDER BY census_original.dv_create_time LIMIT 100;
2025-07-01T00:02:08.400000,SELECT census_original.dv_create_date FROM census_original  WHERE census_original.dv_cmdline_args LIKE 'sample' AND census_original.dv_version LIKE 'sample' AND census_original.dv_create_date >= TIMESTAMP '2022-01-01' ORDER BY census_original.dv_create_date LIMIT 100;
2025-07-01T00:02:08.600000,SELECT census_original.dv_create_time FROM census_original  WHERE census_original.dv_version = 'sample' ORDER BY census_original.dv_create_time LIMIT 100;
2025-07-01T00:02:08.800000,"SELECT census_original.dv_cmdline_args, census_original.dv_create_time FROM census_original  WHERE census_original.dv_version = 'sample' AND census_original.dv_create_time = 'NULL' AND census_original.dv_cmdline_args LIKE 'sample' ORDER BY census_original.dv_create_time LIMIT 100;"
2025-07-01T00:02:09.000000,SELECT census_original.dv_create_date FROM census_original  WHERE census_original.dv_cmdline_args LIKE 'sample' AND census_original.dv_version LIKE 'sample' AND census_original.dv_create_date >= TIMESTAMP '2022-01-01' ORDER BY census_original.dv_create_date LIMIT 100;
2025-07-01T00:02:09.200000,SELECT census_original.dv_create_time FROM census_original  WHERE census_original.dv_version = 'sample' ORDER BY census_original.dv_create_time LIMIT 100;
2025-07-01T00:02:09.400000,SELECT census_original.dv_create_date FROM census_original  WHERE census_original.dv_cmdline_args LIKE 'sample' AND census_original.dv_version LIKE 'sample' AND census_original.dv_create_date >= TIMESTAMP '2022-01-01' ORDER BY census_original.dv_create_date LIMIT 100;
2025-07-01T00:02:09.600000,"SELECT census_original.dv_cmdline_args, census_original.dv_create_time FROM census_original  WHERE census_original.dv_version = 'sample' AND census_original.dv_create_time = 'NULL' AND census_original.dv_cmdline_args LIKE 'sample' ORDER BY census_original.dv_create_time LIMIT 100;"
2025-07-01T00:02:09.800000,SELECT census_original.dv_create_time FROM census_original  WHERE census_original.dv_version = 'sample' ORDER BY census_original.dv_create_time LIMIT 100;
2025-07-01T00:02:10.000000,"SELECT census_original.dv_cmdline_args, census_original.dv_create_time FROM census_original  WHERE census_original.dv_version = 'sample' AND census_original.dv_create_time = 'NULL' AND census_original.dv_cmdline_args LIKE 'sample' ORDER BY census_original.dv_create_time LIMIT 100;"
2025-07-01T00:02:10.200000,"SELECT census_original.dv_cmdline_args, census_original.dv_create_time FROM census_original  WHERE census_original.dv_version = 'sample' AND census_original.dv_create_time = 'NULL' AND census_original.dv_cmdline_args LIKE 'sample' ORDER BY census_original.dv_create_time LIMIT 100;"
2025-07-01T00:02:10.400000,SELECT census_original.dv_create_date FROM census_original  WHERE census_original.dv_cmdline_args LIKE 'sample' AND census_original.dv_version LIKE 'sample' AND census_original.dv_create_date >= TIMESTAMP '2022-01-01' ORDER BY census_original.dv_create_date LIMIT 100;
2025-07-01T00:02:10.600000,SELECT census_original.dv_cmdline_args FROM census_original  WHERE census_original.dv_create_date <= TIMESTAMP '2022-01-01' ORDER BY census_original.dv_cmdline_args LIMIT 100;
2025-07-01T00:02:10.800000,SELECT census_original.dv_create_time FROM census_original  WHERE census_original.dv_version = 'sample' ORDER BY census_original.dv_create_time LIMIT 100;
2025-07-01T00:02:11.000000,SELECT census_original.dv_version FROM census_original  WHERE census_original.dv_create_time = 'NULL' AND census_original.dv_cmdline_args = 'sample' ORDER BY census_original.dv_version LIMIT 100;
2025-07-01T00:02:11.200000,"SELECT census_original.dv_cmdline_args, census_original.dv_create_time FROM census_original  WHERE census_original.dv_version = 'sample' AND census_original.dv_create_time = 'NULL' AND census_original.dv_cmdline_args LIKE 'sample' ORDER BY census_original.dv_create_time LIMIT 100;"
2025-07-01T00:02:11.400000,SELECT census_original.dv_create_time FROM census_original  WHERE census_original.dv_version = 'sample' ORDER BY census_original.dv_create_time LIMIT 100;
2025-07-01T00:02:11.600000,SELECT census_original.dv_cmdline_args FROM census_original  WHERE census_original.dv_create_date <= TIMESTAMP '2022-01-01' ORDER BY census_original.dv_cmdline_args LIMIT 100;
2025-07-01T00:02:11.800000,SELECT census_original.dv_create_time FROM census_original  WHERE census_original.dv_version = 'sample' ORDER BY census_original.dv_create_time LIMIT 100;
2025-07-01T00:02:12.000000,SELECT census_original.dv_create_time FROM census_original  WHERE census_original.dv_version = 'sample' ORDER BY census_original.dv_create_time LIMIT 100;
2025-07-01T00:02:12.200000,SELECT census_original.dv_create_time FROM census_original  WHERE census_original.dv_version = 'sample' ORDER BY census_original.dv_create_time LIMIT 100;
2025-07-01T00:02:12.400000,SELECT census_original.dv_create_time FROM census_original  WHERE census_original.dv_version = 'sample' ORDER BY census_original.dv_create_time LIMIT 100;
2025-07-01T00:02:12.600000,SELECT census_original.dv_cmdline_args FROM census_original  WHERE census_original.dv_create_date <= TIMESTAMP '2022-01-01' ORDER BY census_original.dv_cmdline_args LIMIT 100;
2025-07-01T00:02:12.800000,"SELECT census_original.dv_cmdline_args, census_original.dv_create_time FROM census_original  WHERE census_original.dv_version = 'sample' AND census_original.dv_create_time = 'NULL' AND census_original.dv_cmdline_args LIKE 'sample' ORDER BY census_original.dv_create_time LIMIT 100;"
2025-07-01T00:02:13.000000,"SELECT census_original.dv_cmdline_args, census_original.dv_create_time FROM census_original  WHERE census_original.dv_version = 'sample' AND census_original.dv_create_time = 'NULL' AND census_original.dv_cmdline_args LIKE 'sample' ORDER BY census_original.dv_create_time LIMIT 100;"
2025-07-01T00:02:13.200000,SELECT census_original.dv_version FROM census_original  WHERE census_original.dv_create_time = 'NULL' AND census_original.dv_cmdline_args = 'sample' ORDER BY census_original.dv_version LIMIT 100;
2025-07-01T00:02:13.400000,SELECT census_original.dv_create_date FROM census_original  WHERE census_original.dv_cmdline_args LIKE 'sample' AND census_original.dv_version LIKE 'sample' AND census_original.dv_create_date >= TIMESTAMP '2022-01-01' ORDER BY census_original.dv_create_date LIMIT 100;
2025-07-01T00:02:13.600000,SELECT census_original.dv_cmdline_args FROM census_original  WHERE census_original.dv_create_date <= TIMESTAMP '2022-01-01' ORDER BY census_original.dv_cmdline_args LIMIT 100;
2025-07-01T00:02:13.800000,"SELECT census_original.dv_cmdline_args, census_original.dv_create_time FROM census_original  WHERE census_original.dv_version = 'sample' AND census_original.dv_create_time = 'NULL' AND census_original.dv_cmdline_args LIKE 'sample' ORDER BY census_original.dv_create_time LIMIT 100;"
2025-07-01T00:02:14.000000,SELECT census_original.dv_create_date FROM census_original  WHERE census_original.dv_cmdline_args LIKE 'sample' AND census_original.dv_version LIKE 'sample' AND census_original.dv_create_date >= TIMESTAMP '2022-01-01' ORDER BY census_original.dv_create_date LIMIT 100;
2025-07-01T00:02:14.200000,SELECT census_original.dv_cmdline_args FROM census_original  WHERE census_original.dv_create_date <= TIMESTAMP '2022-01-01' ORDER BY census_original.dv_cmdline_args LIMIT 100;
2025-07-01T00:02:14.400000,SELECT census_original.dv_cmdline_args FROM census_original  WHERE census_original.dv_create_date <= TIMESTAMP '2022-01-01' ORDER BY census_original.dv_cmdline_args LIMIT 100;
2025-07-01T00:02:14.600000,SELECT census_original.dv_version FROM census_original  WHERE census_original.dv_create_time = 'NULL' AND census_original.dv_cmdline_args = 'sample' ORDER BY census_original.dv_version LIMIT 100;
2025-07-01T00:02:14.800000,"SELECT census_original.dv_cmdline_args, census_original.dv_create_time FROM census_original  WHERE census_original.dv_version = 'sample' AND census_original.dv_create_time = 'NULL' AND census_original.dv_cmdline_args LIKE 'sample' ORDER BY census_original.dv_create_time LIMIT 100;"
2025-07-01T00:02:15.000000,SELECT census_original.dv_create_date FROM census_original  WHERE census_original.dv_cmdline_args LIKE 'sample' AND census_original.dv_version LIKE 'sample' AND census_original.dv_create_date >= TIMESTAMP '2022-01-01' ORDER BY census_original.dv_create_date LIMIT 100;
2025-07-01T00:02:15.200000,SELECT census_original.dv_cmdline_args FROM census_original  WHERE census_original.dv_create_date <= TIMESTAMP '2022-01-01' ORDER BY census_original.dv_cmdline_args LIMIT 100;
2025-07-01T00:02:15.400000,SELECT census_original.dv_create_time FROM census_original  WHERE census_original.dv_version = 'sample' ORDER BY census_original.dv_create_time LIMIT 100;
2025-07-01T00:02:15.600000,SELECT census_original.dv_create_time FROM census_original  WHERE census_original.dv_version = 'sample' ORDER BY census_original.dv_create_time LIMIT 100;
2025-07-01T00:02:15.800000,"SELECT census_original.dv_cmdline_args, census_original.dv_create_time FROM census_original  WHERE census_original.dv_version = 'sample' AND census_original.dv_create_time = 'NULL' AND census_original.dv_cmdline_args LIKE 'sample' ORDER BY census_original.dv_create_time LIMIT 100;"
2025-07-01T00:02:16.000000,SELECT census_original.dv_create_date FROM census_original  WHERE census_original.dv_cmdline_args LIKE 'sample' AND census_original.dv_version LIKE 'sample' AND census_original.dv_create_date >= TIMESTAMP '2022-01-01' ORDER BY census_original.dv_create_date LIMIT 100;
2025-07-01T00:02:16.200000,SELECT census_original.dv_create_date FROM census_original  WHERE census_original.dv_cmdline_args LIKE 'sample' AND census_original.dv_version LIKE 'sample' AND census_original.dv_create_date >= TIMESTAMP '2022-01-01' ORDER BY census_original.dv_create_date LIMIT 100;
2025-07-01T00:02:16.400000,SELECT census_original.dv_cmdline_args FROM census_original  WHERE census_original.dv_create_date <= TIMESTAMP '2022-01-01' ORDER BY census_original.dv_cmdline_args LIMIT 100;
2025-07-01T00:02:16.600000,SELECT census_original.dv_create_date FROM census_original  WHERE census_original.dv_cmdline_args LIKE 'sample' AND census_original.dv_version LIKE 'sample' AND census_original.dv_create_date >= TIMESTAMP '2022-01-01' ORDER BY census_original.dv_create_date LIMIT 100;
2025-07-01T00:02:16.800000,"SELECT census_original.dv_cmdline_args, census_original.dv_create_time FROM census_original  WHERE census_original.dv_version = 'sample' AND census_original.dv_create_time = 'NULL' AND census_original.dv_cmdline_args LIKE 'sample' ORDER BY census_original.dv_create_time LIMIT 100;"
2025-07-01T00:02:17.000000,SELECT census_original.dv_create_date FROM census_original  WHERE census_original.dv_cmdline_args LIKE 'sample' AND census_original.dv_version LIKE 'sample' AND census_original.dv_create_date >= TIMESTAMP '2022-01-01' ORDER BY census_original.dv_create_date LIMIT 100;
2025-07-01T00:02:17.200000,SELECT census_original.dv_version FROM census_original  WHERE census_original.dv_create_time = 'NULL' AND census_original.dv_cmdline_args = 'sample' ORDER BY census_original.dv_version LIMIT 100;
2025-07-01T00:02:17.400000,SELECT census_original.dv_create_date FROM census_original  WHERE census_original.dv_cmdline_args LIKE 'sample' AND census_original.dv_version LIKE 'sample' AND census_original.dv_create_date >= TIMESTAMP '2022-01-01' ORDER BY census_original.dv_create_date LIMIT 100;
2025-07-01T00:02:17.600000,SELECT census_original.dv_cmdline_args FROM census_original  WHERE census_original.dv_create_date <= TIMESTAMP '2022-01-01' ORDER BY census_original.dv_cmdline_args LIMIT 100;
2025-07-01T00:02:17.800000,SELECT census_original.dv_create_date FROM census_original  WHERE census_original.dv_cmdline_args LIKE 'sample' AND census_original.dv_version LIKE 'sample' AND census_original.dv_create_date >= TIMESTAMP '2022-01-01' ORDER BY census_original.dv_create_date LIMIT 100;
2025-07-01T00:02:18.000000,SELECT census_original.dv_cmdline_args FROM census_original  WHERE census_original.dv_create_date <= TIMESTAMP '2022-01-01' ORDER BY census_original.dv_cmdline_args LIMIT 100;
2025-07-01T00:02:18.200000,"SELECT census_original.dv_cmdline_args, census_original.dv_create_time FROM census_original  WHERE census_original.dv_version = 'sample' AND census_original.dv_create_time = 'NULL' AND census_original.dv_cmdline_args LIKE 'sample' ORDER BY census_original.dv_create_time LIMIT 100;"
2025-07-01T00:02:18.400000,"SELECT census_original.dv_cmdline_args, census_original.dv_create_time FROM census_original  WHERE census_original.dv_version = 'sample' AND census_original.dv_create_time = 'NULL' AND census_original.dv_cmdline_args LIKE 'sample' ORDER BY census_original.dv_create_time LIMIT 100;"
2025-07-01T00:02:18.600000,SELECT census_original.dv_create_time FROM census_original  WHERE census_original.dv_version = 'sample' ORDER BY census_original.dv_create_time LIMIT 100;
2025-07-01T00:02:18.800000,SELECT census_original.dv_create_time FROM census_original  WHERE census_original.dv_version = 'sample' ORDER BY census_original.dv_create_time LIMIT 100;
2025-07-01T00:02:19.000000,SELECT census_original.dv_create_time FROM census_original  WHERE census_original.dv_version = 'sample' ORDER BY census_original.dv_create_time LIMIT 100;
2025-07-01T00:02:19.200000,SELECT census_original.dv_create_time FROM census_original  WHERE census_original.dv_version = 'sample' ORDER BY census_original.dv_create_time LIMIT 100;
2025-07-01T00:02:19.400000,"SELECT census_original.dv_cmdline_args, census_original.dv_create_time FROM census_original  WHERE census_original.dv_version = 'sample' AND census_original.dv_create_time = 'NULL' AND census_original.dv_cmdline_args LIKE 'sample' ORDER BY census_original.dv_create_time LIMIT 100;"
2025-07-01T00:02:19.600000,SELECT census_original.dv_version FROM census_original  WHERE census_original.dv_create_time = 'NULL' AND census_original.dv_cmdline_args = 'sample' ORDER BY census_original.dv_version LIMIT 100;
2025-07-01T00:02:19.800000,"SELECT census_original.dv_cmdline_args, census_original.dv_create_time FROM census_original  WHERE census_original.dv_version = 'sample' AND census_original.dv_create_time = 'NULL' AND census_original.dv_cmdline_args LIKE 'sample' ORDER BY census_original.dv_create_time LIMIT 100;"
2025-07-01T00:02:20.000000,SELECT census_original.dv_version FROM census_original  WHERE census_original.dv_create_time = 'NULL' AND census_original.dv_cmdline_args = 'sample' ORDER BY census_original.dv_version LIMIT 100;
2025-07-01T00:02:20.200000,"SELECT census_original.dv_cmdline_args, census_original.dv_create_time FROM census_original  WHERE census_original.dv_version = 'sample' AND census_original.dv_create_time = 'NULL' AND census_original.dv_cmdline_args LIKE 'sample' ORDER BY census_original.dv_create_time LIMIT 100;"
2025-07-01T00:02:20.400000,"SELECT census_original.dv_cmdline_args, census_original.dv_create_time FROM census_original  WHERE census_original.dv_version = 'sample' AND census_original.dv_create_time = 'NULL' AND census_original.dv_cmdline_args LIKE 'sample' ORDER BY census_original.dv_create_time LIMIT 100;"
2025-07-01T00:02:20.600000,SELECT census_original.dv_create_time FROM census_original  WHERE census_original.dv_version = 'sample' ORDER BY census_original.dv_create_time LIMIT 100;
2025-07-01T00:02:20.800000,SELECT census_original.dv_cmdline_args FROM census_original  WHERE census_original.dv_create_date <= TIMESTAMP '2022-01-01' ORDER BY census_original.dv_cmdline_args LIMIT 100;
2025-07-01T00:02:21.000000,"SELECT census_original.dv_cmdline_args, census_original.dv_create_time FROM census_original  WHERE census_original.dv_version = 'sample' AND census_original.dv_create_time = 'NULL' AND census_original.dv_cmdline_args LIKE 'sample' ORDER BY census_original.dv_create_time LIMIT 100;"
2025-07-01T00:02:21.200000,"SELECT census_original.dv_cmdline_args, census_original.dv_create_time FROM census_original  WHERE census_original.dv_version = 'sample' AND census_original.dv_create_time = 'NULL' AND census_original.dv_cmdline_args LIKE 'sample' ORDER BY census_original.dv_create_time LIMIT 100;"
2025-07-01T00:02:21.400000,SELECT census_original.dv_create_date FROM census_original  WHERE census_original.dv_cmdline_args LIKE 'sample' AND census_original.dv_version LIKE 'sample' AND census_original.dv_create_date >= TIMESTAMP '2022-01-01' ORDER BY census_original.dv_create_date LIMIT 100;
2025-07-01T00:02:21.600000,SELECT census_original.dv_create_time FROM census_original  WHERE census_original.dv_version = 'sample' ORDER BY census_original.dv_create_time LIMIT 100;
2025-07-01T00:02:21.800000,SELECT census_original.dv_create_date FROM census_original  WHERE census_original.dv_cmdline_args LIKE 'sample' AND census_original.dv_version LIKE 'sample' AND census_original.dv_create_date >= TIMESTAMP '2022-01-01' ORDER BY census_original.dv_create_date LIMIT 100;
2025-07-01T00:02:22.000000,SELECT census_original.dv_version FROM census_original  WHERE census_original.dv_create_time = 'NULL' AND census_original.dv_cmdline_args = 'sample' ORDER BY census_original.dv_version LIMIT 100;
2025-07-01T00:02:22.200000,SELECT census_original.dv_create_time FROM census_original  WHERE census_original.dv_version = 'sample' ORDER BY census_original.dv_create_time LIMIT 100;
2025-07-01T00:02:22.400000,SELECT census_original.dv_version FROM census_original  WHERE census_original.dv_create_time = 'NULL' AND census_original.dv_cmdline_args = 'sample' ORDER BY census_original.dv_version LIMIT 100;
2025-07-01T00:02:22.600000,SELECT census_original.dv_cmdline_args FROM census_original  WHERE census_original.dv_create_date <= TIMESTAMP '2022-01-01' ORDER BY census_original.dv_cmdline_args LIMIT 100;
2025-07-01T00:02:22.800000,SELECT census_original.dv_version FROM census_original  WHERE census_original.dv_create_time = 'NULL' AND census_original.dv_cmdline_args = 'sample' ORDER BY census_original.dv_version LIMIT 100;
2025-07-01T00:02:23.000000,"SELECT census_original.dv_cmdline_args, census_original.dv_create_time FROM census_original  WHERE census_original.dv_version = 'sample' AND census_original.dv_create_time = 'NULL' AND census_original.dv_cmdline_args LIKE 'sample' ORDER BY census_original.dv_create_time LIMIT 100;"
2025-07-01T00:02:23.200000,SELECT census_original.dv_create_date FROM census_original  WHERE census_original.dv_cmdline_args LIKE 'sample' AND census_original.dv_version LIKE 'sample' AND census_original.dv_create_date >= TIMESTAMP '2022-01-01' ORDER BY census_original.dv_create_date LIMIT 100;
2025-07-01T00:02:23.400000,SELECT census_original.dv_version FROM census_original  WHERE census_original.dv_create_time = 'NULL' AND census_original.dv_cmdline_args = 'sample' ORDER BY census_original.dv_version LIMIT 100;
2025-07-01T00:02:23.600000,SELECT census_original.dv_create_time FROM census_original  WHERE census_original.dv_version = 'sample' ORDER BY census_original.dv_create_time LIMIT 100;
2025-07-01T00:02:23.800000,SELECT census_original.dv_create_time FROM census_original  WHERE census_original.dv_version = 'sample' ORDER BY census_original.dv_create_time LIMIT 100;
2025-07-01T00:02:24.000000,"SELECT census_original.dv_cmdline_args, census_original.dv_create_time FROM census_original  WHERE census_original.dv_version = 'sample' AND census_original.dv_create_time = 'NULL' AND census_original.dv_cmdline_args LIKE 'sample' ORDER BY census_original.dv_create_time LIMIT 100;"
2025-07-01T00:02:24.200000,SELECT census_original.dv_version FROM census_original  WHERE census_original.dv_create_time = 'NULL' AND census_original.dv_cmdline_args = 'sample' ORDER BY census_original.dv_version LIMIT 100;
2025-07-01T00:02:24.400000,SELECT census_original.dv_cmdline_args FROM census_original  WHERE census_original.dv_create_date <= TIMESTAMP '2022-01-01' ORDER BY census_original.dv_cmdline_args LIMIT 100;
2025-07-01T00:02:24.600000,SELECT census_original.dv_version FROM census_original  WHERE census_original.dv_create_time = 'NULL' AND census_original.dv_cmdline_args = 'sample' ORDER BY census_original.dv_version LIMIT 100;
2025-07-01T00:02:24.800000,SELECT census_original.dv_cmdline_args FROM census_original  WHERE census_original.dv_create_date <= TIMESTAMP '2022-01-01' ORDER BY census_original.dv_cmdline_args LIMIT 100;
2025-07-01T00:02:25.000000,SELECT census_original.dv_cmdline_args FROM census_original  WHERE census_original.dv_create_date <= TIMESTAMP '2022-01-01' ORDER BY census_original.dv_cmdline_args LIMIT 100;
2025-07-01T00:02:25.200000,SELECT census_original.dv_create_date FROM census_original  WHERE census_original.dv_cmdline_args LIKE 'sample' AND census_original.dv_version LIKE 'sample' AND census_original.dv_create_date >= TIMESTAMP '2022-01-01' ORDER BY census_original.dv_create_date LIMIT 100;
2025-07-01T00:02:25.400000,"SELECT census_original.dv_cmdline_args, census_original.dv_create_time FROM census_original  WHERE census_original.dv_version = 'sample' AND census_original.dv_create_time = 'NULL' AND census_original.dv_cmdline_args LIKE 'sample' ORDER BY census_original.dv_create_time LIMIT 100;"
2025-07-01T00:02:25.600000,"SELECT census_original.dv_cmdline_args, census_original.dv_create_time FROM census_original  WHERE census_original.dv_version = 'sample' AND census_original.dv_create_time = 'NULL' AND census_original.dv_cmdline_args LIKE 'sample' ORDER BY census_original.dv_create_time LIMIT 100;"
2025-07-01T00:02:25.800000,SELECT census_original.dv_create_date FROM census_original  WHERE census_original.dv_cmdline_args LIKE 'sample' AND census_original.dv_version LIKE 'sample' AND census_original.dv_create_date >= TIMESTAMP '2022-01-01' ORDER BY census_original.dv_create_date LIMIT 100;
2025-07-01T00:02:26.000000,SELECT census_original.dv_cmdline_args FROM census_original  WHERE census_original.dv_create_date <= TIMESTAMP '2022-01-01' ORDER BY census_original.dv_cmdline_args LIMIT 100;
2025-07-01T00:02:26.200000,"SELECT census_original.dv_cmdline_args, census_original.dv_create_time FROM census_original  WHERE census_original.dv_version = 'sample' AND census_original.dv_create_time = 'NULL' AND census_original.dv_cmdline_args LIKE 'sample' ORDER BY census_original.dv_create_time LIMIT 100;"
2025-07-01T00:02:26.400000,SELECT census_original.dv_cmdline_args FROM census_original  WHERE census_original.dv_create_date <= TIMESTAMP '2022-01-01' ORDER BY census_original.dv_cmdline_args LIMIT 100;
2025-07-01T00:02:26.600000,SELECT census_original.dv_version FROM census_original  WHERE census_original.dv_create_time = 'NULL' AND census_original.dv_cmdline_args = 'sample' ORDER BY census_original.dv_version LIMIT 100;
2025-07-01T00:02:26.800000,SELECT census_original.dv_cmdline_args FROM census_original  WHERE census_original.dv_create_date <= TIMESTAMP '2022-01-01' ORDER BY census_original.dv_cmdline_args LIMIT 100;
2025-07-01T00:02:27.000000,SELECT census_original.dv_version FROM census_original  WHERE census_original.dv_create_time = 'NULL' AND census_original.dv_cmdline_args = 'sample' ORDER BY census_original.dv_version LIMIT 100;
2025-07-01T00:02:27.200000,"SELECT census_original.dv_cmdline_args, census_original.dv_create_time FROM census_original  WHERE census_original.dv_version = 'sample' AND census_original.dv_create_time = 'NULL' AND census_original.dv_cmdline_args LIKE 'sample' ORDER BY census_original.dv_create_time LIMIT 100;"
2025-07-01T00:02:27.400000,SELECT census_original.dv_cmdline_args FROM census_original  WHERE census_original.dv_create_date <= TIMESTAMP '2022-01-01' ORDER BY census_original.dv_cmdline_args LIMIT 100;
2025-07-01T00:02:27.600000,SELECT census_original.dv_cmdline_args FROM census_original  WHERE census_original.dv_create_date <= TIMESTAMP '2022-01-01' ORDER BY census_original.dv_cmdline_args LIMIT 100;
2025-07-01T00:02:27.800000,SELECT census_original.dv_create_date FROM census_original  WHERE census_original.dv_cmdline_args LIKE 'sample' AND census_original.dv_version LIKE 'sample' AND census_original.dv_create_date >= TIMESTAMP '2022-01-01' ORDER BY census_original.dv_create_date LIMIT 100;
2025-07-01T00:02:28.000000,SELECT census_original.dv_cmdline_args FROM census_original  WHERE census_original.dv_create_date <= TIMESTAMP '2022-01-01' ORDER BY census_original.dv_cmdline_args LIMIT 100;
2025-07-01T00:02:28.200000,SELECT census_original.dv_create_date FROM census_original  WHERE census_original.dv_cmdline_args LIKE 'sample' AND census_original.dv_version LIKE 'sample' AND census_original.dv_create_date >= TIMESTAMP '2022-01-01' ORDER BY census_original.dv_create_date LIMIT 100;
2025-07-01T00:02:28.400000,SELECT census_original.dv_create_time FROM census_original  WHERE census_original.dv_version = 'sample' ORDER BY census_original.dv_create_time LIMIT 100;
2025-07-01T00:02:28.600000,SELECT census_original.dv_version FROM census_original  WHERE census_original.dv_create_time = 'NULL' AND census_original.dv_cmdline_args = 'sample' ORDER BY census_original.dv_version LIMIT 100;
2025-07-01T00:02:28.800000,SELECT census_original.dv_create_time FROM census_original  WHERE census_original.dv_version = 'sample' ORDER BY census_original.dv_create_time LIMIT 100;
2025-07-01T00:02:29.000000,SELECT census_original.dv_create_time FROM census_original  WHERE census_original.dv_version = 'sample' ORDER BY census_original.dv_create_time LIMIT 100;
2025-07-01T00:02:29.200000,SELECT census_original.dv_create_time FROM census_original  WHERE census_original.dv_version = 'sample' ORDER BY census_original.dv_create_time LIMIT 100;
2025-07-01T00:02:29.400000,SELECT census_original.dv_create_date FROM census_original  WHERE census_original.dv_cmdline_args LIKE 'sample' AND census_original.dv_version LIKE 'sample' AND census_original.dv_create_date >= TIMESTAMP '2022-01-01' ORDER BY census_original.dv_create_date LIMIT 100;
2025-07-01T00:02:29.600000,"SELECT census_original.dv_cmdline_args, census_original.dv_create_time FROM census_original  WHERE census_original.dv_version = 'sample' AND census_original.dv_create_time = 'NULL' AND census_original.dv_cmdline_args LIKE 'sample' ORDER BY census_original.dv_create_time LIMIT 100;"
2025-07-01T00:02:29.800000,SELECT census_original.dv_create_time FROM census_original  WHERE census_original.dv_version = 'sample' ORDER BY census_original.dv_create_time LIMIT 100;
2025-07-01T00:02:30.000000,"SELECT census_original.dv_cmdline_args, census_original.dv_create_time FROM census_original  WHERE census_original.dv_version = 'sample' AND census_original.dv_create_time = 'NULL' AND census_original.dv_cmdline_args LIKE 'sample' ORDER BY census_original.dv_create_time LIMIT 100;"
2025-07-01T00:02:30.200000,SELECT census_original.dv_create_date FROM census_original  WHERE census_original.dv_cmdline_args LIKE 'sample' AND census_original.dv_version LIKE 'sample' AND census_original.dv_create_date >= TIMESTAMP '2022-01-01' ORDER BY census_original.dv_create_date LIMIT 100;
2025-07-01T00:02:30.400000,"SELECT census_original.dv_cmdline_args, census_original.dv_create_time FROM census_original  WHERE census_original.dv_version = 'sample' AND census_original.dv_create_time = 'NULL' AND census_original.dv_cmdline_args LIKE 'sample' ORDER BY census_original.dv_create_time LIMIT 100;"
2025-07-01T00:02:30.600000,"SELECT census_original.dv_cmdline_args, census_original.dv_create_time FROM census_original  WHERE census_original.dv_version = 'sample' AND census_original.dv_create_time = 'NULL' AND census_original.dv_cmdline_args LIKE 'sample' ORDER BY census_original.dv_create_time LIMIT 100;"
2025-07-01T00:02:30.800000,SELECT census_original.dv_cmdline_args FROM census_original  WHERE census_original.dv_create_date <= TIMESTAMP '2022-01-01' ORDER BY census_original.dv_cmdline_args LIMIT 100;
2025-07-01T00:02:31.000000,SELECT census_original.dv_cmdline_args FROM census_original  WHERE census_original.dv_create_date <= TIMESTAMP '2022-01-01' ORDER BY census_original.dv_cmdline_args LIMIT 100;
2025-07-01T00:02:31.200000,SELECT census_original.dv_version FROM census_original  WHERE census_original.dv_create_time = 'NULL' AND census_original.dv_cmdline_args = 'sample' ORDER BY census_original.dv_version LIMIT 100;
2025-07-01T00:02:31.400000,SELECT census_original.dv_version FROM census_original  WHERE census_original.dv_create_time = 'NULL' AND census_original.dv_cmdline_args = 'sample' ORDER BY census_original.dv_version LIMIT 100;
2025-07-01T00:02:31.600000,SELECT census_original.dv_cmdline_args FROM census_original  WHERE census_original.dv_create_date <= TIMESTAMP '2022-01-01' ORDER BY census_original.dv_cmdline_args LIMIT 100;
2025-07-01T00:02:31.800000,SELECT census_original.dv_create_date FROM census_original  WHERE census_original.dv_cmdline_args LIKE 'sample' AND census_original.dv_version LIKE 'sample' AND census_original.dv_create_date >= TIMESTAMP '2022-01-01' ORDER BY census_original.dv_create_date LIMIT 100;
2025-07-01T00:02:32.000000,"SELECT census_original.dv_cmdline_args, census_original.dv_create_time FROM census_original  WHERE census_original.dv_version = 'sample' AND census_original.dv_create_time = 'NULL' AND census_original.dv_cmdline_args LIKE 'sample' ORDER BY census_original.dv_create_time LIMIT 100;"
2025-07-01T00:02:32.200000,"SELECT census_original.dv_cmdline_args, census_original.dv_create_time FROM census_original  WHERE census_original.dv_version = 'sample' AND census_original.dv_create_time = 'NULL' AND census_original.dv_cmdline_args LIKE 'sample' ORDER BY census_original.dv_create_time LIMIT 100;"
2025-07-01T00:02:32.400000,"SELECT census_original.dv_cmdline_args, census_original.dv_create_time FROM census_original  WHERE census_original.dv_version = 'sample' AND census_original.dv_create_time = 'NULL' AND census_original.dv_cmdline_args LIKE 'sample' ORDER BY census_original.dv_create_time LIMIT 100;"
2025-07-01T00:02:32.600000,SELECT census_original.dv_create_time FROM census_original  WHERE census_original.dv_version = 'sample' ORDER BY census_original.dv_create_time LIMIT 100;
2025-07-01T00:02:32.800000,SELECT census_original.dv_version FROM census_original  WHERE census_original.dv_create_time = 'NULL' AND census_original.dv_cmdline_args = 'sample' ORDER BY census_original.dv_version LIMIT 100;
2025-07-01T00:02:33.000000,SELECT census_original.dv_create_time FROM census_original  WHERE census_original.dv_version = 'sample' ORDER BY census_original.dv_create_time LIMIT 100;
2025-07-01T00:02:33.200000,SELECT census_original.dv_create_time FROM census_original  WHERE census_original.dv_version = 'sample' ORDER BY census_original.dv_create_time LIMIT 100;
2025-07-01T00:02:33.400000,SELECT census_original.dv_version FROM census_original  WHERE census_original.dv_create_time = 'NULL' AND census_original.dv_cmdline_args = 'sample' ORDER BY census_original.dv_version LIMIT 100;
2025-07-01T00:02:33.600000,SELECT census_original.dv_create_date FROM census_original  WHERE census_original.dv_cmdline_args LIKE 'sample' AND census_original.dv_version LIKE 'sample' AND census_original.dv_create_date >= TIMESTAMP '2022-01-01' ORDER BY census_original.dv_create_date LIMIT 100;
2025-07-01T00:02:33.800000,SELECT census_original.dv_cmdline_args FROM census_original  WHERE census_original.dv_create_date <= TIMESTAMP '2022-01-01' ORDER BY census_original.dv_cmdline_args LIMIT 100;
2025-07-01T00:02:34.000000,"SELECT census_original.dv_cmdline_args, census_original.dv_create_time FROM census_original  WHERE census_original.dv_version = 'sample' AND census_original.dv_create_time = 'NULL' AND census_original.dv_cmdline_args LIKE 'sample' ORDER BY census_original.dv_create_time LIMIT 100;"
2025-07-01T00:02:34.200000,SELECT census_original.dv_create_time FROM census_original  WHERE census_original.dv_version = 'sample' ORDER BY census_original.dv_create_time LIMIT 100;
2025-07-01T00:02:34.400000,SELECT census_original.dv_create_time FROM census_original  WHERE census_original.dv_version = 'sample' ORDER BY census_original.dv_create_time LIMIT 100;
2025-07-01T00:02:34.600000,"SELECT census_original.dv_cmdline_args, census_original.dv_create_time FROM census_original  WHERE census_original.dv_version = 'sample' AND census_original.dv_create_time = 'NULL' AND census_original.dv_cmdline_args LIKE 'sample' ORDER BY census_original.dv_create_time LIMIT 100;"
2025-07-01T00:02:34.800000,"SELECT census_original.dv_cmdline_args, census_original.dv_create_time FROM census_original  WHERE census_original.dv_version = 'sample' AND census_original.dv_create_time = 'NULL' AND census_original.dv_cmdline_args LIKE 'sample' ORDER BY census_original.dv_create_time LIMIT 100;"
2025-07-01T00:02:35.000000,SELECT census_original.dv_create_time FROM census_original  WHERE census_original.dv_version = 'sample' ORDER BY census_original.dv_create_time LIMIT 100;
2025-07-01T00:02:35.200000,SELECT census_original.dv_version FROM census_original  WHERE census_original.dv_create_time = 'NULL' AND census_original.dv_cmdline_args = 'sample' ORDER BY census_original.dv_version LIMIT 100;
2025-07-01T00:02:35.400000,SELECT census_original.dv_create_time FROM census_original  WHERE census_original.dv_version = 'sample' ORDER BY census_original.dv_create_time LIMIT 100;
2025-07-01T00:02:35.600000,SELECT census_original.dv_create_date FROM census_original  WHERE census_original.dv_cmdline_args LIKE 'sample' AND census_original.dv_version LIKE 'sample' AND census_original.dv_create_date >= TIMESTAMP '2022-01-01' ORDER BY census_original.dv_create_date LIMIT 100;
2025-07-01T00:02:35.800000,SELECT census_original.dv_version FROM census_original  WHERE census_original.dv_create_time = 'NULL' AND census_original.dv_cmdline_args = 'sample' ORDER BY census_original.dv_version LIMIT 100;
2025-07-01T00:02:36.000000,"SELECT census_original.dv_cmdline_args, census_original.dv_create_time FROM census_original  WHERE census_original.dv_version = 'sample' AND census_original.dv_create_time = 'NULL' AND census_original.dv_cmdline_args LIKE 'sample' ORDER BY census_original.dv_create_time LIMIT 100;"
2025-07-01T00:02:36.200000,SELECT census_original.dv_version FROM census_original  WHERE census_original.dv_create_time = 'NULL' AND census_original.dv_cmdline_args = 'sample' ORDER BY census_original.dv_version LIMIT 100;
2025-07-01T00:02:36.400000,"SELECT census_original.dv_cmdline_args, census_original.dv_create_time FROM census_original  WHERE census_original.dv_version = 'sample' AND census_original.dv_create_time = 'NULL' AND census_original.dv_cmdline_args LIKE 'sample' ORDER BY census_original.dv_create_time LIMIT 100;"
2025-07-01T00:02:36.600000,SELECT census_original.dv_create_time FROM census_original  WHERE census_original.dv_version = 'sample' ORDER BY census_original.dv_create_time LIMIT 100;
2025-07-01T00:02:36.800000,SELECT census_original.dv_create_time FROM census_original  WHERE census_original.dv_version = 'sample' ORDER BY census_original.dv_create_time LIMIT 100;
2025-07-01T00:02:37.000000,SELECT census_original.dv_create_date FROM census_original  WHERE census_original.dv_cmdline_args LIKE 'sample' AND census_original.dv_version LIKE 'sample' AND census_original.dv_create_date >= TIMESTAMP '2022-01-01' ORDER BY census_original.dv_create_date LIMIT 100;
2025-07-01T00:02:37.200000,SELECT census_original.dv_version FROM census_original  WHERE census_original.dv_create_time = 'NULL' AND census_original.dv_cmdline_args = 'sample' ORDER BY census_original.dv_version LIMIT 100;
2025-07-01T00:02:37.400000,SELECT census_original.dv_create_date FROM census_original  WHERE census_original.dv_cmdline_args LIKE 'sample' AND census_original.dv_version LIKE 'sample' AND census_original.dv_create_date >= TIMESTAMP '2022-01-01' ORDER BY census_original.dv_create_date LIMIT 100;
2025-07-01T00:02:37.600000,SELECT census_original.dv_version FROM census_original  WHERE census_original.dv_create_time = 'NULL' AND census_original.dv_cmdline_args = 'sample' ORDER BY census_original.dv_version LIMIT 100;
2025-07-01T00:02:37.800000,SELECT census_original.dv_create_date FROM census_original  WHERE census_original.dv_cmdline_args LIKE 'sample' AND census_original.dv_version LIKE 'sample' AND census_original.dv_create_date >= TIMESTAMP '2022-01-01' ORDER BY census_original.dv_create_date LIMIT 100;
2025-07-01T00:02:38.000000,SELECT census_original.dv_version FROM census_original  WHERE census_original.dv_create_time = 'NULL' AND census_original.dv_cmdline_args = 'sample' ORDER BY census_original.dv_version LIMIT 100;
2025-07-01T00:02:38.200000,SELECT census_original.dv_create_time FROM census_original  WHERE census_original.dv_version = 'sample' ORDER BY census_original.dv_create_time LIMIT 100;
2025-07-01T00:02:38.400000,SELECT census_original.dv_cmdline_args FROM census_original  WHERE census_original.dv_create_date <= TIMESTAMP '2022-01-01' ORDER BY census_original.dv_cmdline_args LIMIT 100;
2025-07-01T00:02:38.600000,SELECT census_original.dv_create_date FROM census_original  WHERE census_original.dv_cmdline_args LIKE 'sample' AND census_original.dv_version LIKE 'sample' AND census_original.dv_create_date >= TIMESTAMP '2022-01-01' ORDER BY census_original.dv_create_date LIMIT 100;
2025-07-01T00:02:38.800000,"SELECT census_original.dv_cmdline_args, census_original.dv_create_time FROM census_original  WHERE census_original.dv_version = 'sample' AND census_original.dv_create_time = 'NULL' AND census_original.dv_cmdline_args LIKE 'sample' ORDER BY census_original.dv_create_time LIMIT 100;"
2025-07-01T00:02:39.000000,SELECT census_original.dv_version FROM census_original  WHERE census_original.dv_create_time = 'NULL' AND census_original.dv_cmdline_args = 'sample' ORDER BY census_original.dv_version LIMIT 100;
2025-07-01T00:02:39.200000,SELECT census_original.dv_create_time FROM census_original  WHERE census_original.dv_version = 'sample' ORDER BY census_original.dv_create_time LIMIT 100;
2025-07-01T00:02:39.400000,SELECT census_original.dv_create_time FROM census_original  WHERE census_original.dv_version = 'sample' ORDER BY census_original.dv_create_time LIMIT 100;
2025-07-01T00:02:39.600000,SELECT census_original.dv_create_date FROM census_original  WHERE census_original.dv_cmdline_args LIKE 'sample' AND census_original.dv_version LIKE 'sample' AND census_original.dv_create_date >= TIMESTAMP '2022-01-01' ORDER BY census_original.dv_create_date LIMIT 100;
2025-07-01T00:02:39.800000,SELECT census_original.dv_create_date FROM census_original  WHERE census_original.dv_cmdline_args LIKE 'sample' AND census_original.dv_version LIKE 'sample' AND census_original.dv_create_date >= TIMESTAMP '2022-01-01' ORDER BY census_original.dv_create_date LIMIT 100;
2025-07-01T00:02:40.000000,SELECT census_original.dv_create_time FROM census_original  WHERE census_original.dv_version = 'sample' ORDER BY census_original.dv_create_time LIMIT 100;
2025-07-01T00:02:40.200000,SELECT census_original.dv_version FROM census_original  WHERE census_original.dv_create_time = 'NULL' AND census_original.dv_cmdline_args = 'sample' ORDER BY census_original.dv_version LIMIT 100;
2025-07-01T00:02:40.400000,SELECT census_original.dv_create_date FROM census_original  WHERE census_original.dv_cmdline_args LIKE 'sample' AND census_original.dv_version LIKE 'sample' AND census_original.dv_create_date >= TIMESTAMP '2022-01-01' ORDER BY census_original.dv_create_date LIMIT 100;
2025-07-01T00:02:40.600000,SELECT census_original.dv_version FROM census_original  WHERE census_original.dv_create_time = 'NULL' AND census_original.dv_cmdline_args = 'sample' ORDER BY census_original.dv_version LIMIT 100;
2025-07-01T00:02:40.800000,SELECT census_original.dv_version FROM census_original  WHERE census_original.dv_create_time = 'NULL' AND census_original.dv_cmdline_args = 'sample' ORDER BY census_original.dv_version LIMIT 100;
2025-07-01T00:02:41.000000,SELECT census_original.dv_cmdline_args FROM census_original  WHERE census_original.dv_create_date <= TIMESTAMP '2022-01-01' ORDER BY census_original.dv_cmdline_args LIMIT 100;
2025-07-01T00:02:41.200000,"SELECT census_original.dv_cmdline_args, census_original.dv_create_time FROM census_original  WHERE census_original.dv_version = 'sample' AND census_original.dv_create_time = 'NULL' AND census_original.dv_cmdline_args LIKE 'sample' ORDER BY census_original.dv_create_time LIMIT 100;"
2025-07-01T00:02:41.400000,SELECT census_original.dv_cmdline_args FROM census_original  WHERE census_original.dv_create_date <= TIMESTAMP '2022-01-01' ORDER BY census_original.dv_cmdline_args LIMIT 100;
2025-07-01T00:02:41.600000,SELECT census_original.dv_create_date FROM census_original  WHERE census_original.dv_cmdline_args LIKE 'sample' AND census_original.dv_version LIKE 'sample' AND census_original.dv_create_date >= TIMESTAMP '2022-01-01' ORDER BY census_original.dv_create_date LIMIT 100;
2025-07-01T00:02:41.800000,SELECT census_original.dv_cmdline_args FROM census_original  WHERE census_original.dv_create_date <= TIMESTAMP '2022-01-01' ORDER BY census_original.dv_cmdline_args LIMIT 100;
2025-07-01T00:02:42.000000,"SELECT census_original.dv_cmdline_args, census_original.dv_create_time FROM census_original  WHERE census_original.dv_version = 'sample' AND census_original.dv_create_time = 'NULL' AND census_original.dv_cmdline_args LIKE 'sample' ORDER BY census_original.dv_create_time LIMIT 100;"
2025-07-01T00:02:42.200000,SELECT census_original.dv_create_date FROM census_original  WHERE census_original.dv_cmdline_args LIKE 'sample' AND census_original.dv_version LIKE 'sample' AND census_original.dv_create_date >= TIMESTAMP '2022-01-01' ORDER BY census_original.dv_create_date LIMIT 100;
2025-07-01T00:02:42.400000,"SELECT census_original.dv_cmdline_args, census_original.dv_create_time FROM census_original  WHERE census_original.dv_version = 'sample' AND census_original.dv_create_time = 'NULL' AND census_original.dv_cmdline_args LIKE 'sample' ORDER BY census_original.dv_create_time LIMIT 100;"
2025-07-01T00:02:42.600000,"SELECT census_original.dv_cmdline_args, census_original.dv_create_time FROM census_original  WHERE census_original.dv_version = 'sample' AND census_original.dv_create_time = 'NULL' AND census_original.dv_cmdline_args LIKE 'sample' ORDER BY census_original.dv_create_time LIMIT 100;"
2025-07-01T00:02:42.800000,SELECT census_original.dv_cmdline_args FROM census_original  WHERE census_original.dv_create_date <= TIMESTAMP '2022-01-01' ORDER BY census_original.dv_cmdline_args LIMIT 100;
2025-07-01T00:02:43.000000,"SELECT census_original.dv_cmdline_args, census_original.dv_create_time FROM census_original  WHERE census_original.dv_version = 'sample' AND census_original.dv_create_time = 'NULL' AND census_original.dv_cmdline_args LIKE 'sample' ORDER BY census_original.dv_create_time LIMIT 100;"
2025-07-01T00:02:43.200000,"SELECT census_original.dv_cmdline_args, census_original.dv_create_time FROM census_original  WHERE census_original.dv_version = 'sample' AND census_original.dv_create_time = 'NULL' AND census_original.dv_cmdline_args LIKE 'sample' ORDER BY census_original.dv_create_time LIMIT 100;"
2025-07-01T00:02:43.400000,SELECT census_original.dv_version FROM census_original  WHERE census_original.dv_create_time = 'NULL' AND census_original.dv_cmdline_args = 'sample' ORDER BY census_original.dv_version LIMIT 100;
2025-07-01T00:02:43.600000,"SELECT census_original.dv_cmdline_args, census_original.dv_create_time FROM census_original  WHERE census_original.dv_version = 'sample' AND census_original.dv_create_time = 'NULL' AND census_original.dv_cmdline_args LIKE 'sample' ORDER BY census_original.dv_create_time LIMIT 100;"
2025-07-01T00:02:43.800000,"SELECT census_original.dv_cmdline_args, census_original.dv_create_time FROM census_original  WHERE census_original.dv_version = 'sample' AND census_original.dv_create_time = 'NULL' AND census_original.dv_cmdline_args LIKE 'sample' ORDER BY census_original.dv_create_time LIMIT 100;"
2025-07-01T00:02:44.000000,SELECT census_original.dv_create_time FROM census_original  WHERE census_original.dv_version = 'sample' ORDER BY census_original.dv_create_time LIMIT 100;
2025-07-01T00:02:44.200000,SELECT census_original.dv_create_time FROM census_original  WHERE census_original.dv_version = 'sample' ORDER BY census_original.dv_create_time LIMIT 100;
2025-07-01T00:02:44.400000,SELECT census_original.dv_version FROM census_original  WHERE census_original.dv_create_time = 'NULL' AND census_original.dv_cmdline_args = 'sample' ORDER BY census_original.dv_version LIMIT 100;
2025-07-01T00:02:44.600000,SELECT census_original.dv_create_time FROM census_original  WHERE census_original.dv_version = 'sample' ORDER BY census_original.dv_create_time LIMIT 100;
2025-07-01T00:02:44.800000,SELECT census_original.dv_create_date FROM census_original  WHERE census_original.dv_cmdline_args LIKE 'sample' AND census_original.dv_version LIKE 'sample' AND census_original.dv_create_date >= TIMESTAMP '2022-01-01' ORDER BY census_original.dv_create_date LIMIT 100;
2025-07-01T00:02:45.000000,SELECT census_original.dv_create_time FROM census_original  WHERE census_original.dv_version = 'sample' ORDER BY census_original.dv_create_time LIMIT 100;
2025-07-01T00:02:45.200000,SELECT census_original.dv_version FROM census_original  WHERE census_original.dv_create_time = 'NULL' AND census_original.dv_cmdline_args = 'sample' ORDER BY census_original.dv_version LIMIT 100;
2025-07-01T00:02:45.400000,"SELECT census_original.dv_cmdline_args, census_original.dv_create_time FROM census_original  WHERE census_original.dv_version = 'sample' AND census_original.dv_create_time = 'NULL' AND census_original.dv_cmdline_args LIKE 'sample' ORDER BY census_original.dv_create_time LIMIT 100;"
2025-07-01T00:02:45.600000,SELECT census_original.dv_cmdline_args FROM census_original  WHERE census_original.dv_create_date <= TIMESTAMP '2022-01-01' ORDER BY census_original.dv_cmdline_args LIMIT 100;
2025-07-01T00:02:45.800000,SELECT census_original.dv_create_date FROM census_original  WHERE census_original.dv_cmdline_args LIKE 'sample' AND census_original.dv_version LIKE 'sample' AND census_original.dv_create_date >= TIMESTAMP '2022-01-01' ORDER BY census_original.dv_create_date LIMIT 100;
2025-07-01T00:02:46.000000,"SELECT census_original.dv_cmdline_args, census_original.dv_create_time FROM census_original  WHERE census_original.dv_version = 'sample' AND census_original.dv_create_time = 'NULL' AND census_original.dv_cmdline_args LIKE 'sample' ORDER BY census_original.dv_create_time LIMIT 100;"
2025-07-01T00:02:46.200000,SELECT census_original.dv_cmdline_args FROM census_original  WHERE census_original.dv_create_date <= TIMESTAMP '2022-01-01' ORDER BY census_original.dv_cmdline_args LIMIT 100;
2025-07-01T00:02:46.400000,"SELECT census_original.dv_cmdline_args, census_original.dv_create_time FROM census_original  WHERE census_original.dv_version = 'sample' AND census_original.dv_create_time = 'NULL' AND census_original.dv_cmdline_args LIKE 'sample' ORDER BY census_original.dv_create_time LIMIT 100;"
2025-07-01T00:02:46.600000,SELECT census_original.dv_version FROM census_original  WHERE census_original.dv_create_time = 'NULL' AND census_original.dv_cmdline_args = 'sample' ORDER BY census_original.dv_version LIMIT 100;
2025-07-01T00:02:46.800000,SELECT census_original.dv_version FROM census_original  WHERE census_original.dv_create_time = 'NULL' AND census_original.dv_cmdline_args = 'sample' ORDER BY census_original.dv_version LIMIT 100;
2025-07-01T00:02:47.000000,SELECT census_original.dv_cmdline_args FROM census_original  WHERE census_original.dv_create_date <= TIMESTAMP '2022-01-01' ORDER BY census_original.dv_cmdline_args LIMIT 100;
2025-07-01T00:02:47.200000,SELECT census_original.dv_version FROM census_original  WHERE census_original.dv_create_time = 'NULL' AND census_original.dv_cmdline_args = 'sample' ORDER BY census_original.dv_version LIMIT 100;
2025-07-01T00:02:47.400000,SELECT census_original.dv_create_date FROM census_original  WHERE census_original.dv_cmdline_args LIKE 'sample' AND census_original.dv_version LIKE 'sample' AND census_original.dv_create_date >= TIMESTAMP '2022-01-01' ORDER BY census_original.dv_create_date LIMIT 100;
2025-07-01T00:02:47.600000,"SELECT census_original.dv_cmdline_args, census_original.dv_create_time FROM census_original  WHERE census_original.dv_version = 'sample' AND census_original.dv_create_time = 'NULL' AND census_original.dv_cmdline_args LIKE 'sample' ORDER BY census_original.dv_create_time LIMIT 100;"
2025-07-01T00:02:47.800000,SELECT census_original.dv_cmdline_args FROM census_original  WHERE census_original.dv_create_date <= TIMESTAMP '2022-01-01' ORDER BY census_original.dv_cmdline_args LIMIT 100;
2025-07-01T00:02:48.000000,SELECT census_original.dv_create_date FROM census_original  WHERE census_original.dv_cmdline_args LIKE 'sample' AND census_original.dv_version LIKE 'sample' AND census_original.dv_create_date >= TIMESTAMP '2022-01-01' ORDER BY census_original.dv_create_date LIMIT 100;
2025-07-01T00:02:48.200000,SELECT census_original.dv_create_time FROM census_original  WHERE census_original.dv_version = 'sample' ORDER BY census_original.dv_create_time LIMIT 100;
2025-07-01T00:02:48.400000,SELECT census_original.dv_cmdline_args FROM census_original  WHERE census_original.dv_create_date <= TIMESTAMP '2022-01-01' ORDER BY census_original.dv_cmdline_args LIMIT 100;
2025-07-01T00:02:48.600000,SELECT census_original.dv_create_date FROM census_original  WHERE census_original.dv_cmdline_args LIKE 'sample' AND census_original.dv_version LIKE 'sample' AND census_original.dv_create_date >= TIMESTAMP '2022-01-01' ORDER BY census_original.dv_create_date LIMIT 100;
2025-07-01T00:02:48.800000,SELECT census_original.dv_version FROM census_original  WHERE census_original.dv_create_time = 'NULL' AND census_original.dv_cmdline_args = 'sample' ORDER BY census_original.dv_version LIMIT 100;
2025-07-01T00:02:49.000000,SELECT census_original.dv_version FROM census_original  WHERE census_original.dv_create_time = 'NULL' AND census_original.dv_cmdline_args = 'sample' ORDER BY census_original.dv_version LIMIT 100;
2025-07-01T00:02:49.200000,SELECT census_original.dv_cmdline_args FROM census_original  WHERE census_original.dv_create_date <= TIMESTAMP '2022-01-01' ORDER BY census_original.dv_cmdline_args LIMIT 100;
2025-07-01T00:02:49.400000,SELECT census_original.dv_version FROM census_original  WHERE census_original.dv_create_time = 'NULL' AND census_original.dv_cmdline_args = 'sample' ORDER BY census_original.dv_version LIMIT 100;
2025-07-01T00:02:49.600000,"SELECT census_original.dv_cmdline_args, census_original.dv_create_time FROM census_original  WHERE census_original.dv_version = 'sample' AND census_original.dv_create_time = 'NULL' AND census_original.dv_cmdline_args LIKE 'sample' ORDER BY census_original.dv_create_time LIMIT 100;"
2025-07-01T00:02:49.800000,SELECT census_original.dv_cmdline_args FROM census_original  WHERE census_original.dv_create_date <= TIMESTAMP '2022-01-01' ORDER BY census_original.dv_cmdline_args LIMIT 100;
2025-07-01T00:02:50.000000,"SELECT census_original.dv_cmdline_args, census_original.dv_create_time FROM census_original  WHERE census_original.dv_version = 'sample' AND census_original.dv_create_time = 'NULL' AND census_original.dv_cmdline_args LIKE 'sample' ORDER BY census_original.dv_create_time LIMIT 100;"
2025-07-01T00:02:50.200000,SELECT census_original.dv_cmdline_args FROM census_original  WHERE census_original.dv_create_date <= TIMESTAMP '2022-01-01' ORDER BY census_original.dv_cmdline_args LIMIT 100;
2025-07-01T00:02:50.400000,SELECT census_original.dv_version FROM census_original  WHERE census_original.dv_create_time = 'NULL' AND census_original.dv_cmdline_args = 'sample' ORDER BY census_original.dv_version LIMIT 100;
2025-07-01T00:02:50.600000,SELECT census_original.dv_create_time FROM census_original  WHERE census_original.dv_version = 'sample' ORDER BY census_original.dv_create_time LIMIT 100;
2025-07-01T00:02:50.800000,SELECT census_original.dv_cmdline_args FROM census_original  WHERE census_original.dv_create_date <= TIMESTAMP '2022-01-01' ORDER BY census_original.dv_cmdline_args LIMIT 100;
2025-07-01T00:02:51.000000,"SELECT census_original.dv_cmdline_args, census_original.dv_create_time FROM census_original  WHERE census_original.dv_version = 'sample' AND census_original.dv_create_time = 'NULL' AND census_original.dv_cmdline_args LIKE 'sample' ORDER BY census_original.dv_create_time LIMIT 100;"
2025-07-01T00:02:51.200000,SELECT census_original.dv_create_time FROM census_original  WHERE census_original.dv_version = 'sample' ORDER BY census_original.dv_create_time LIMIT 100;
2025-07-01T00:02:51.400000,SELECT census_original.dv_create_time FROM census_original  WHERE census_original.dv_version = 'sample' ORDER BY census_original.dv_create_time LIMIT 100;
2025-07-01T00:02:51.600000,SELECT census_original.dv_create_time FROM census_original  WHERE census_original.dv_version = 'sample' ORDER BY census_original.dv_create_time LIMIT 100;
2025-07-01T00:02:51.800000,"SELECT census_original.dv_cmdline_args, census_original.dv_create_time FROM census_original  WHERE census_original.dv_version = 'sample' AND census_original.dv_create_time = 'NULL' AND census_original.dv_cmdline_args LIKE 'sample' ORDER BY census_original.dv_create_time LIMIT 100;"
2025-07-01T00:02:52.000000,SELECT census_original.dv_create_date FROM census_original  WHERE census_original.dv_cmdline_args LIKE 'sample' AND census_original.dv_version LIKE 'sample' AND census_original.dv_create_date >= TIMESTAMP '2022-01-01' ORDER BY census_original.dv_create_date LIMIT 100;
2025-07-01T00:02:52.200000,"SELECT census_original.dv_cmdline_args, census_original.dv_create_time FROM census_original  WHERE census_original.dv_version = 'sample' AND census_original.dv_create_time = 'NULL' AND census_original.dv_cmdline_args LIKE 'sample' ORDER BY census_original.dv_create_time LIMIT 100;"
2025-07-01T00:02:52.400000,SELECT census_original.dv_cmdline_args FROM census_original  WHERE census_original.dv_create_date <= TIMESTAMP '2022-01-01' ORDER BY census_original.dv_cmdline_args LIMIT 100;
2025-07-01T00:02:52.600000,"SELECT census_original.dv_cmdline_args, census_original.dv_create_time FROM census_original  WHERE census_original.dv_version = 'sample' AND census_original.dv_create_time = 'NULL' AND census_original.dv_cmdline_args LIKE 'sample' ORDER BY census_original.dv_create_time LIMIT 100;"
2025-07-01T00:02:52.800000,SELECT census_original.dv_cmdline_args FROM census_original  WHERE census_original.dv_create_date <= TIMESTAMP '2022-01-01' ORDER BY census_original.dv_cmdline_args LIMIT 100;
2025-07-01T00:02:53.000000,"SELECT census_original.dv_cmdline_args, census_original.dv_create_time FROM census_original  WHERE census_original.dv_version = 'sample' AND census_original.dv_create_time = 'NULL' AND census_original.dv_cmdline_args LIKE 'sample' ORDER BY census_original.dv_create_time LIMIT 100;"
2025-07-01T00:02:53.200000,SELECT census_original.dv_version FROM census_original  WHERE census_original.dv_create_time = 'NULL' AND census_original.dv_cmdline_args = 'sample' ORDER BY census_original.dv_version LIMIT 100;
2025-07-01T00:02:53.400000,SELECT census_original.dv_create_date FROM census_original  WHERE census_original.dv_cmdline_args LIKE 'sample' AND census_original.dv_version LIKE 'sample' AND census_original.dv_create_date >= TIMESTAMP '2022-01-01' ORDER BY census_original.dv_create_date LIMIT 100;
2025-07-01T00:02:53.600000,SELECT census_original.dv_create_date FROM census_original  WHERE census_original.dv_cmdline_args LIKE 'sample' AND census_original.dv_version LIKE 'sample' AND census_original.dv_create_date >= TIMESTAMP '2022-01-01' ORDER BY census_original.dv_create_date LIMIT 100;
2025-07-01T00:02:53.800000,SELECT census_original.dv_cmdline_args FROM census_original  WHERE census_original.dv_create_date <= TIMESTAMP '2022-01-01' ORDER BY census_original.dv_cmdline_args LIMIT 100;
2025-07-01T00:02:54.000000,SELECT census_original.dv_cmdline_args FROM census_original  WHERE census_original.dv_create_date <= TIMESTAMP '2022-01-01' ORDER BY census_original.dv_cmdline_args LIMIT 100;
2025-07-01T00:02:54.200000,SELECT census_original.dv_cmdline_args FROM census_original  WHERE census_original.dv_create_date <= TIMESTAMP '2022-01-01' ORDER BY census_original.dv_cmdline_args LIMIT 100;
2025-07-01T00:02:54.400000,"SELECT census_original.dv_cmdline_args, census_original.dv_create_time FROM census_original  WHERE census_original.dv_version = 'sample' AND census_original.dv_create_time = 'NULL' AND census_original.dv_cmdline_args LIKE 'sample' ORDER BY census_original.dv_create_time LIMIT 100;"
2025-07-01T00:02:54.600000,SELECT census_original.dv_cmdline_args FROM census_original  WHERE census_original.dv_create_date <= TIMESTAMP '2022-01-01' ORDER BY census_original.dv_cmdline_args LIMIT 100;
2025-07-01T00:02:54.800000,SELECT census_original.dv_create_time FROM census_original  WHERE census_original.dv_version = 'sample' ORDER BY census_original.dv_create_time LIMIT 100;
2025-07-01T00:02:55.000000,"SELECT census_original.dv_cmdline_args, census_original.dv_create_time FROM census_original  WHERE census_original.dv_version = 'sample' AND census_original.dv_create_time = 'NULL' AND census_original.dv_cmdline_args LIKE 'sample' ORDER BY census_original.dv_create_time LIMIT 100;"
2025-07-01T00:02:55.200000,SELECT census_original.dv_create_time FROM census_original  WHERE census_original.dv_version = 'sample' ORDER BY census_original.dv_create_time LIMIT 100;
2025-07-01T00:02:55.400000,SELECT census_original.dv_version FROM census_original  WHERE census_original.dv_create_time = 'NULL' AND census_original.dv_cmdline_args = 'sample' ORDER BY census_original.dv_version LIMIT 100;
2025-07-01T00:02:55.600000,SELECT census_original.dv_create_date FROM census_original  WHERE census_original.dv_cmdline_args LIKE 'sample' AND census_original.dv_version LIKE 'sample' AND census_original.dv_create_date >= TIMESTAMP '2022-01-01' ORDER BY census_original.dv_create_date LIMIT 100;
2025-07-01T00:02:55.800000,SELECT census_original.dv_version FROM census_original  WHERE census_original.dv_create_time = 'NULL' AND census_original.dv_cmdline_args = 'sample' ORDER BY census_original.dv_version LIMIT 100;
2025-07-01T00:02:56.000000,SELECT census_original.dv_create_time FROM census_original  WHERE census_original.dv_version = 'sample' ORDER BY census_original.dv_create_time LIMIT 100;
2025-07-01T00:02:56.200000,SELECT census_original.dv_create_time FROM census_original  WHERE census_original.dv_version = 'sample' ORDER BY census_original.dv_create_time LIMIT 100;
2025-07-01T00:02:56.400000,"SELECT census_original.dv_cmdline_args, census_original.dv_create_time FROM census_original  WHERE census_original.dv_version = 'sample' AND census_original.dv_create_time = 'NULL' AND census_original.dv_cmdline_args LIKE 'sample' ORDER BY census_original.dv_create_time LIMIT 100;"
2025-07-01T00:02:56.600000,"SELECT census_original.dv_cmdline_args, census_original.dv_create_time FROM census_original  WHERE census_original.dv_version = 'sample' AND census_original.dv_create_time = 'NULL' AND census_original.dv_cmdline_args LIKE 'sample' ORDER BY census_original.dv_create_time LIMIT 100;"
2025-07-01T00:02:56.800000,SELECT census_original.dv_create_date FROM census_original  WHERE census_original.dv_cmdline_args LIKE 'sample' AND census_original.dv_version LIKE 'sample' AND census_original.dv_create_date >= TIMESTAMP '2022-01-01' ORDER BY census_original.dv_create_date LIMIT 100;
2025-07-01T00:02:57.000000,SELECT census_original.dv_cmdline_args FROM census_original  WHERE census_original.dv_create_date <= TIMESTAMP '2022-01-01' ORDER BY census_original.dv_cmdline_args LIMIT 100;
2025-07-01T00:02:57.200000,"SELECT census_original.dv_cmdline_args, census_original.dv_create_time FROM census_original  WHERE census_original.dv_version = 'sample' AND census_original.dv_create_time = 'NULL' AND census_original.dv_cmdline_args LIKE 'sample' ORDER BY census_original.dv_create_time LIMIT 100;"
2025-07-01T00:02:57.400000,SELECT census_original.dv_create_time FROM census_original  WHERE census_original.dv_version = 'sample' ORDER BY census_original.dv_create_time LIMIT 100;
2025-07-01T00:02:57.600000,SELECT census_original.dv_create_date FROM census_original  WHERE census_original.dv_cmdline_args LIKE 'sample' AND census_original.dv_version LIKE 'sample' AND census_original.dv_create_date >= TIMESTAMP '2022-01-01' ORDER BY census_original.dv_create_date LIMIT 100;
2025-07-01T00:02:57.800000,SELECT census_original.dv_create_time FROM census_original  WHERE census_original.dv_version = 'sample' ORDER BY census_original.dv_create_time LIMIT 100;
2025-07-01T00:02:58.000000,"SELECT census_original.dv_cmdline_args, census_original.dv_create_time FROM census_original  WHERE census_original.dv_version = 'sample' AND census_original.dv_create_time = 'NULL' AND census_original.dv_cmdline_args LIKE 'sample' ORDER BY census_original.dv_create_time LIMIT 100;"
2025-07-01T00:02:58.200000,SELECT census_original.dv_version FROM census_original  WHERE census_original.dv_create_time = 'NULL' AND census_original.dv_cmdline_args = 'sample' ORDER BY census_original.dv_version LIMIT 100;
2025-07-01T00:02:58.400000,SELECT census_original.dv_create_time FROM census_original  WHERE census_original.dv_version = 'sample' ORDER BY census_original.dv_create_time LIMIT 100;
2025-07-01T00:02:58.600000,SELECT census_original.dv_cmdline_args FROM census_original  WHERE census_original.dv_create_date <= TIMESTAMP '2022-01-01' ORDER BY census_original.dv_cmdline_args LIMIT 100;
2025-07-01T00:02:58.800000,SELECT census_original.dv_create_date FROM census_original  WHERE census_original.dv_cmdline_args LIKE 'sample' AND census_original.dv_version LIKE 'sample' AND census_original.dv_create_date >= TIMESTAMP '2022-01-01' ORDER BY census_original.dv_create_date LIMIT 100;
2025-07-01T00:02:59.000000,SELECT census_original.dv_create_date FROM census_original  WHERE census_original.dv_cmdline_args LIKE 'sample' AND census_original.dv_version LIKE 'sample' AND census_original.dv_create_date >= TIMESTAMP '2022-01-01' ORDER BY census_original.dv_create_date LIMIT 100;
2025-07-01T00:02:59.200000,SELECT census_original.dv_version FROM census_original  WHERE census_original.dv_create_time = 'NULL' AND census_original.dv_cmdline_args = 'sample' ORDER BY census_original.dv_version LIMIT 100;
2025-07-01T00:02:59.400000,SELECT census_original.dv_cmdline_args FROM census_original  WHERE census_original.dv_create_date <= TIMESTAMP '2022-01-01' ORDER BY census_original.dv_cmdline_args LIMIT 100;
2025-07-01T00:02:59.600000,SELECT census_original.dv_cmdline_args FROM census_original  WHERE census_original.dv_create_date <= TIMESTAMP '2022-01-01' ORDER BY census_original.dv_cmdline_args LIMIT 100;
2025-07-01T00:02:59.800000,SELECT census_original.dv_version FROM census_original  WHERE census_original.dv_create_time = 'NULL' AND census_original.dv_cmdline_args = 'sample' ORDER BY census_original.dv_version LIMIT 100;
2025-07-01T00:03:00.000000,SELECT census_original.dv_version FROM census_original  WHERE census_original.dv_create_time = 'NULL' AND census_original.dv_cmdline_args = 'sample' ORDER BY census_original.dv_version LIMIT 100;
2025-07-01T00:03:00.200000,"SELECT census_original.dv_cmdline_args, census_original.dv_create_time FROM census_original  WHERE census_original.dv_version = 'sample' AND census_original.dv_create_time = 'NULL' AND census_original.dv_cmdline_args LIKE 'sample' ORDER BY census_original.dv_create_time LIMIT 100;"
2025-07-01T00:03:00.400000,SELECT census_original.dv_version FROM census_original  WHERE census_original.dv_create_time = 'NULL' AND census_original.dv_cmdline_args = 'sample' ORDER BY census_original.dv_version LIMIT 100;
2025-07-01T00:03:00.600000,SELECT census_original.dv_version FROM census_original  WHERE census_original.dv_create_time = 'NULL' AND census_original.dv_cmdline_args = 'sample' ORDER BY census_original.dv_version LIMIT 100;
2025-07-01T00:03:00.800000,SELECT census_original.dv_create_date FROM census_original  WHERE census_original.dv_cmdline_args LIKE 'sample' AND census_original.dv_version LIKE 'sample' AND census_original.dv_create_date >= TIMESTAMP '2022-01-01' ORDER BY census_original.dv_create_date LIMIT 100;
2025-07-01T00:03:01.000000,SELECT census_original.dv_create_time FROM census_original  WHERE census_original.dv_version = 'sample' ORDER BY census_original.dv_create_time LIMIT 100;
2025-07-01T00:03:01.200000,SELECT census_original.dv_create_date FROM census_original  WHERE census_original.dv_cmdline_args LIKE 'sample' AND census_original.dv_version LIKE 'sample' AND census_original.dv_create_date >= TIMESTAMP '2022-01-01' ORDER BY census_original.dv_create_date LIMIT 100;
2025-07-01T00:03:01.400000,"SELECT census_original.dv_cmdline_args, census_original.dv_create_time FROM census_original  WHERE census_original.dv_version = 'sample' AND census_original.dv_create_time = 'NULL' AND census_original.dv_cmdline_args LIKE 'sample' ORDER BY census_original.dv_create_time LIMIT 100;"
2025-07-01T00:03:01.600000,SELECT census_original.dv_create_time FROM census_original  WHERE census_original.dv_version = 'sample' ORDER BY census_original.dv_create_time LIMIT 100;
2025-07-01T00:03:01.800000,"SELECT census_original.dv_cmdline_args, census_original.dv_create_time FROM census_original  WHERE census_original.dv_version = 'sample' AND census_original.dv_create_time = 'NULL' AND census_original.dv_cmdline_args LIKE 'sample' ORDER BY census_original.dv_create_time LIMIT 100;"
2025-07-01T00:03:02.000000,SELECT census_original.dv_version FROM census_original  WHERE census_original.dv_create_time = 'NULL' AND census_original.dv_cmdline_args = 'sample' ORDER BY census_original.dv_version LIMIT 100;
2025-07-01T00:03:02.200000,SELECT census_original.dv_create_date FROM census_original  WHERE census_original.dv_cmdline_args LIKE 'sample' AND census_original.dv_version LIKE 'sample' AND census_original.dv_create_date >= TIMESTAMP '2022-01-01' ORDER BY census_original.dv_create_date LIMIT 100;
2025-07-01T00:03:02.400000,SELECT census_original.dv_create_time FROM census_original  WHERE census_original.dv_version = 'sample' ORDER BY census_original.dv_create_time LIMIT 100;
2025-07-01T00:03:02.600000,SELECT census_original.dv_create_time FROM census_original  WHERE census_original.dv_version = 'sample' ORDER BY census_original.dv_create_time LIMIT 100;
2025-07-01T00:03:02.800000,SELECT census_original.dv_version FROM census_original  WHERE census_original.dv_create_time = 'NULL' AND census_original.dv_cmdline_args = 'sample' ORDER BY census_original.dv_version LIMIT 100;
2025-07-01T00:03:03.000000,SELECT census_original.dv_create_time FROM census_original  WHERE census_original.dv_version = 'sample' ORDER BY census_original.dv_create_time LIMIT 100;
2025-07-01T00:03:03.200000,SELECT census_original.dv_cmdline_args FROM census_original  WHERE census_original.dv_create_date <= TIMESTAMP '2022-01-01' ORDER BY census_original.dv_cmdline_args LIMIT 100;
2025-07-01T00:03:03.400000,SELECT census_original.dv_create_time FROM census_original  WHERE census_original.dv_version = 'sample' ORDER BY census_original.dv_create_time LIMIT 100;
2025-07-01T00:03:03.600000,SELECT census_original.dv_version FROM census_original  WHERE census_original.dv_create_time = 'NULL' AND census_original.dv_cmdline_args = 'sample' ORDER BY census_original.dv_version LIMIT 100;
2025-07-01T00:03:03.800000,SELECT census_original.dv_version FROM census_original  WHERE census_original.dv_create_time = 'NULL' AND census_original.dv_cmdline_args = 'sample' ORDER BY census_original.dv_version LIMIT 100;
2025-07-01T00:03:04.000000,SELECT census_original.dv_version FROM census_original  WHERE census_original.dv_create_time = 'NULL' AND census_original.dv_cmdline_args = 'sample' ORDER BY census_original.dv_version LIMIT 100;
2025-07-01T00:03:04.200000,SELECT census_original.dv_cmdline_args FROM census_original  WHERE census_original.dv_create_date <= TIMESTAMP '2022-01-01' ORDER BY census_original.dv_cmdline_args LIMIT 100;
2025-07-01T00:03:04.400000,SELECT census_original.dv_create_time FROM census_original  WHERE census_original.dv_version = 'sample' ORDER BY census_original.dv_create_time LIMIT 100;
2025-07-01T00:03:04.600000,SELECT census_original.dv_version FROM census_original  WHERE census_original.dv_create_time = 'NULL' AND census_original.dv_cmdline_args = 'sample' ORDER BY census_original.dv_version LIMIT 100;
2025-07-01T00:03:04.800000,SELECT census_original.dv_cmdline_args FROM census_original  WHERE census_original.dv_create_date <= TIMESTAMP '2022-01-01' ORDER BY census_original.dv_cmdline_args LIMIT 100;
2025-07-01T00:03:05.000000,SELECT census_original.dv_version FROM census_original  WHERE census_original.dv_create_time = 'NULL' AND census_original.dv_cmdline_args = 'sample' ORDER BY census_original.dv_version LIMIT 100;
2025-07-01T00:03:05.200000,SELECT census_original.dv_cmdline_args FROM census_original  WHERE census_original.dv_create_date <= TIMESTAMP '2022-01-01' ORDER BY census_original.dv_cmdline_args LIMIT 100;
2025-07-01T00:03:05.400000,SELECT census_original.dv_create_time FROM census_original  WHERE census_original.dv_version = 'sample' ORDER BY census_original.dv_create_time LIMIT 100;
2025-07-01T00:03:05.600000,SELECT census_original.dv_create_time FROM census_original  WHERE census_original.dv_version = 'sample' ORDER BY census_original.dv_create_time LIMIT 100;
2025-07-01T00:03:05.800000,SELECT census_original.dv_create_time FROM census_original  WHERE census_original.dv_version = 'sample' ORDER BY census_original.dv_create_time LIMIT 100;
2025-07-01T00:03:06.000000,SELECT census_original.dv_version FROM census_original  WHERE census_original.dv_create_time = 'NULL' AND census_original.dv_cmdline_args = 'sample' ORDER BY census_original.dv_version LIMIT 100;
2025-07-01T00:03:06.200000,SELECT census_original.dv_create_date FROM census_original  WHERE census_original.dv_cmdline_args LIKE 'sample' AND census_original.dv_version LIKE 'sample' AND census_original.dv_create_date >= TIMESTAMP '2022-01-01' ORDER BY census_original.dv_create_date LIMIT 100;
2025-07-01T00:03:06.400000,SELECT census_original.dv_cmdline_args FROM census_original  WHERE census_original.dv_create_date <= TIMESTAMP '2022-01-01' ORDER BY census_original.dv_cmdline_args LIMIT 100;
2025-07-01T00:03:06.600000,"SELECT census_original.dv_cmdline_args, census_original.dv_create_time FROM census_original  WHERE census_original.dv_version = 'sample' AND census_original.dv_create_time = 'NULL' AND census_original.dv_cmdline_args LIKE 'sample' ORDER BY census_original.dv_create_time LIMIT 100;"
2025-07-01T00:03:06.800000,SELECT census_original.dv_version FROM census_original  WHERE census_original.dv_create_time = 'NULL' AND census_original.dv_cmdline_args = 'sample' ORDER BY census_original.dv_version LIMIT 100;
2025-07-01T00:03:07.000000,"SELECT census_original.dv_cmdline_args, census_original.dv_create_time FROM census_original  WHERE census_original.dv_version = 'sample' AND census_original.dv_create_time = 'NULL' AND census_original.dv_cmdline_args LIKE 'sample' ORDER BY census_original.dv_create_time LIMIT 100;"
2025-07-01T00:03:07.200000,SELECT census_original.dv_create_time FROM census_original  WHERE census_original.dv_version = 'sample' ORDER BY census_original.dv_create_time LIMIT 100;
2025-07-01T00:03:07.400000,"SELECT census_original.dv_cmdline_args, census_original.dv_create_time FROM census_original  WHERE census_original.dv_version = 'sample' AND census_original.dv_create_time = 'NULL' AND census_original.dv_cmdline_args LIKE 'sample' ORDER BY census_original.dv_create_time LIMIT 100;"
2025-07-01T00:03:07.600000,SELECT census_original.dv_cmdline_args FROM census_original  WHERE census_original.dv_create_date <= TIMESTAMP '2022-01-01' ORDER BY census_original.dv_cmdline_args LIMIT 100;
2025-07-01T00:03:07.800000,SELECT census_original.dv_cmdline_args FROM census_original  WHERE census_original.dv_create_date <= TIMESTAMP '2022-01-01' ORDER BY census_original.dv_cmdline_args LIMIT 100;
2025-07-01T00:03:08.000000,SELECT census_original.dv_version FROM census_original  WHERE census_original.dv_create_time = 'NULL' AND census_original.dv_cmdline_args = 'sample' ORDER BY census_original.dv_version LIMIT 100;
2025-07-01T00:03:08.200000,SELECT census_original.dv_version FROM census_original  WHERE census_original.dv_create_time = 'NULL' AND census_original.dv_cmdline_args = 'sample' ORDER BY census_original.dv_version LIMIT 100;
2025-07-01T00:03:08.400000,SELECT census_original.dv_create_date FROM census_original  WHERE census_original.dv_cmdline_args LIKE 'sample' AND census_original.dv_version LIKE 'sample' AND census_original.dv_create_date >= TIMESTAMP '2022-01-01' ORDER BY census_original.dv_create_date LIMIT 100;
2025-07-01T00:03:08.600000,"SELECT census_original.dv_cmdline_args, census_original.dv_create_time FROM census_original  WHERE census_original.dv_version = 'sample' AND census_original.dv_create_time = 'NULL' AND census_original.dv_cmdline_args LIKE 'sample' ORDER BY census_original.dv_create_time LIMIT 100;"
2025-07-01T00:03:08.800000,"SELECT census_original.dv_cmdline_args, census_original.dv_create_time FROM census_original  WHERE census_original.dv_version = 'sample' AND census_original.dv_create_time = 'NULL' AND census_original.dv_cmdline_args LIKE 'sample' ORDER BY census_original.dv_create_time LIMIT 100;"
2025-07-01T00:03:09.000000,SELECT census_original.dv_version FROM census_original  WHERE census_original.dv_create_time = 'NULL' AND census_original.dv_cmdline_args = 'sample' ORDER BY census_original.dv_version LIMIT 100;
2025-07-01T00:03:09.200000,SELECT census_original.dv_create_date FROM census_original  WHERE census_original.dv_cmdline_args LIKE 'sample' AND census_original.dv_version LIKE 'sample' AND census_original.dv_create_date >= TIMESTAMP '2022-01-01' ORDER BY census_original.dv_create_date LIMIT 100;
2025-07-01T00:03:09.400000,SELECT census_original.dv_create_time FROM census_original  WHERE census_original.dv_version = 'sample' ORDER BY census_original.dv_create_time LIMIT 100;
2025-07-01T00:03:09.600000,SELECT census_original.dv_create_time FROM census_original  WHERE census_original.dv_version = 'sample' ORDER BY census_original.dv_create_time LIMIT 100;
2025-07-01T00:03:09.800000,SELECT census_original.dv_version FROM census_original  WHERE census_original.dv_create_time = 'NULL' AND census_original.dv_cmdline_args = 'sample' ORDER BY census_original.dv_version LIMIT 100;
2025-07-01T00:03:10.000000,SELECT census_original.dv_version FROM census_original  WHERE census_original.dv_create_time = 'NULL' AND census_original.dv_cmdline_args = 'sample' ORDER BY census_original.dv_version LIMIT 100;
2025-07-01T00:03:10.200000,SELECT census_original.dv_create_time FROM census_original  WHERE census_original.dv_version = 'sample' ORDER BY census_original.dv_create_time LIMIT 100;
2025-07-01T00:03:10.400000,SELECT census_original.dv_create_date FROM census_original  WHERE census_original.dv_cmdline_args LIKE 'sample' AND census_original.dv_version LIKE 'sample' AND census_original.dv_create_date >= TIMESTAMP '2022-01-01' ORDER BY census_original.dv_create_date LIMIT 100;
2025-07-01T00:03:10.600000,"SELECT census_original.dv_cmdline_args, census_original.dv_create_time FROM census_original  WHERE census_original.dv_version = 'sample' AND census_original.dv_create_time = 'NULL' AND census_original.dv_cmdline_args LIKE 'sample' ORDER BY census_original.dv_create_time LIMIT 100;"
2025-07-01T00:03:10.800000,SELECT census_original.dv_version FROM census_original  WHERE census_original.dv_create_time = 'NULL' AND census_original.dv_cmdline_args = 'sample' ORDER BY census_original.dv_version LIMIT 100;
2025-07-01T00:03:11.000000,SELECT census_original.dv_create_date FROM census_original  WHERE census_original.dv_cmdline_args LIKE 'sample' AND census_original.dv_version LIKE 'sample' AND census_original.dv_create_date >= TIMESTAMP '2022-01-01' ORDER BY census_original.dv_create_date LIMIT 100;
2025-07-01T00:03:11.200000,SELECT census_original.dv_create_date FROM census_original  WHERE census_original.dv_cmdline_args LIKE 'sample' AND census_original.dv_version LIKE 'sample' AND census_original.dv_create_date >= TIMESTAMP '2022-01-01' ORDER BY census_original.dv_create_date LIMIT 100;
2025-07-01T00:03:11.400000,SELECT census_original.dv_cmdline_args FROM census_original  WHERE census_original.dv_create_date <= TIMESTAMP '2022-01-01' ORDER BY census_original.dv_cmdline_args LIMIT 100;
2025-07-01T00:03:11.600000,SELECT census_original.dv_cmdline_args FROM census_original  WHERE census_original.dv_create_date <= TIMESTAMP '2022-01-01' ORDER BY census_original.dv_cmdline_args LIMIT 100;
2025-07-01T00:03:11.800000,"SELECT census_original.dv_cmdline_args, census_original.dv_create_time FROM census_original  WHERE census_original.dv_version = 'sample' AND census_original.dv_create_time = 'NULL' AND census_original.dv_cmdline_args LIKE 'sample' ORDER BY census_original.dv_create_time LIMIT 100;"
2025-07-01T00:03:12.000000,SELECT census_original.dv_version FROM census_original  WHERE census_original.dv_create_time = 'NULL' AND census_original.dv_cmdline_args = 'sample' ORDER BY census_original.dv_version LIMIT 100;
2025-07-01T00:03:12.200000,"SELECT census_original.dv_cmdline_args, census_original.dv_create_time FROM census_original  WHERE census_original.dv_version = 'sample' AND census_original.dv_create_time = 'NULL' AND census_original.dv_cmdline_args LIKE 'sample' ORDER BY census_original.dv_create_time LIMIT 100;"
2025-07-01T00:03:12.400000,SELECT census_original.dv_create_date FROM census_original  WHERE census_original.dv_cmdline_args LIKE 'sample' AND census_original.dv_version LIKE 'sample' AND census_original.dv_create_date >= TIMESTAMP '2022-01-01' ORDER BY census_original.dv_create_date LIMIT 100;
2025-07-01T00:03:12.600000,SELECT census_original.dv_cmdline_args FROM census_original  WHERE census_original.dv_create_date <= TIMESTAMP '2022-01-01' ORDER BY census_original.dv_cmdline_args LIMIT 100;
2025-07-01T00:03:12.800000,"SELECT census_original.dv_cmdline_args, census_original.dv_create_time FROM census_original  WHERE census_original.dv_version = 'sample' AND census_original.dv_create_time = 'NULL' AND census_original.dv_cmdline_args LIKE 'sample' ORDER BY census_original.dv_create_time LIMIT 100;"
2025-07-01T00:03:13.000000,"SELECT census_original.dv_cmdline_args, census_original.dv_create_time FROM census_original  WHERE census_original.dv_version = 'sample' AND census_original.dv_create_time = 'NULL' AND census_original.dv_cmdline_args LIKE 'sample' ORDER BY census_original.dv_create_time LIMIT 100;"
2025-07-01T00:03:13.200000,SELECT census_original.dv_cmdline_args FROM census_original  WHERE census_original.dv_create_date <= TIMESTAMP '2022-01-01' ORDER BY census_original.dv_cmdline_args LIMIT 100;
2025-07-01T00:03:13.400000,SELECT census_original.dv_create_time FROM census_original  WHERE census_original.dv_version = 'sample' ORDER BY census_original.dv_create_time LIMIT 100;
2025-07-01T00:03:13.600000,SELECT census_original.dv_create_date FROM census_original  WHERE census_original.dv_cmdline_args LIKE 'sample' AND census_original.dv_version LIKE 'sample' AND census_original.dv_create_date >= TIMESTAMP '2022-01-01' ORDER BY census_original.dv_create_date LIMIT 100;
2025-07-01T00:03:13.800000,SELECT census_original.dv_version FROM census_original  WHERE census_original.dv_create_time = 'NULL' AND census_original.dv_cmdline_args = 'sample' ORDER BY census_original.dv_version LIMIT 100;
2025-07-01T00:03:14.000000,SELECT census_original.dv_version FROM census_original  WHERE census_original.dv_create_time = 'NULL' AND census_original.dv_cmdline_args = 'sample' ORDER BY census_original.dv_version LIMIT 100;
2025-07-01T00:03:14.200000,SELECT census_original.dv_create_time FROM census_original  WHERE census_original.dv_version = 'sample' ORDER BY census_original.dv_create_time LIMIT 100;
2025-07-01T00:03:14.400000,SELECT census_original.dv_cmdline_args FROM census_original  WHERE census_original.dv_create_date <= TIMESTAMP '2022-01-01' ORDER BY census_original.dv_cmdline_args LIMIT 100;
2025-07-01T00:03:14.600000,SELECT census_original.dv_create_date FROM census_original  WHERE census_original.dv_cmdline_args LIKE 'sample' AND census_original.dv_version LIKE 'sample' AND census_original.dv_create_date >= TIMESTAMP '2022-01-01' ORDER BY census_original.dv_create_date LIMIT 100;
2025-07-01T00:03:14.800000,SELECT census_original.dv_create_date FROM census_original  WHERE census_original.dv_cmdline_args LIKE 'sample' AND census_original.dv_version LIKE 'sample' AND census_original.dv_create_date >= TIMESTAMP '2022-01-01' ORDER BY census_original.dv_create_date LIMIT 100;
2025-07-01T00:03:15.000000,SELECT census_original.dv_create_date FROM census_original  WHERE census_original.dv_cmdline_args LIKE 'sample' AND census_original.dv_version LIKE 'sample' AND census_original.dv_create_date >= TIMESTAMP '2022-01-01' ORDER BY census_original.dv_create_date LIMIT 100;
2025-07-01T00:03:15.200000,SELECT census_original.dv_create_time FROM census_original  WHERE census_original.dv_version = 'sample' ORDER BY census_original.dv_create_time LIMIT 100;
2025-07-01T00:03:15.400000,SELECT census_original.dv_create_date FROM census_original  WHERE census_original.dv_cmdline_args LIKE 'sample' AND census_original.dv_version LIKE 'sample' AND census_original.dv_create_date >= TIMESTAMP '2022-01-01' ORDER BY census_original.dv_create_date LIMIT 100;
2025-07-01T00:03:15.600000,SELECT census_original.dv_version FROM census_original  WHERE census_original.dv_create_time = 'NULL' AND census_original.dv_cmdline_args = 'sample' ORDER BY census_original.dv_version LIMIT 100;
2025-07-01T00:03:15.800000,SELECT census_original.dv_create_date FROM census_original  WHERE census_original.dv_cmdline_args LIKE 'sample' AND census_original.dv_version LIKE 'sample' AND census_original.dv_create_date >= TIMESTAMP '2022-01-01' ORDER BY census_original.dv_create_date LIMIT 100;
2025-07-01T00:03:16.000000,"SELECT census_original.dv_cmdline_args, census_original.dv_create_time FROM census_original  WHERE census_original.dv_version = 'sample' AND census_original.dv_create_time = 'NULL' AND census_original.dv_cmdline_args LIKE 'sample' ORDER BY census_original.dv_create_time LIMIT 100;"
2025-07-01T00:03:16.200000,SELECT census_original.dv_version FROM census_original  WHERE census_original.dv_create_time = 'NULL' AND census_original.dv_cmdline_args = 'sample' ORDER BY census_original.dv_version LIMIT 100;
2025-07-01T00:03:16.400000,SELECT census_original.dv_create_date FROM census_original  WHERE census_original.dv_cmdline_args LIKE 'sample' AND census_original.dv_version LIKE 'sample' AND census_original.dv_create_date >= TIMESTAMP '2022-01-01' ORDER BY census_original.dv_create_date LIMIT 100;
2025-07-01T00:03:16.600000,SELECT census_original.dv_version FROM census_original  WHERE census_original.dv_create_time = 'NULL' AND census_original.dv_cmdline_args = 'sample' ORDER BY census_original.dv_version LIMIT 100;
2025-07-01T00:03:16.800000,SELECT census_original.dv_create_time FROM census_original  WHERE census_original.dv_version = 'sample' ORDER BY census_original.dv_create_time LIMIT 100;
2025-07-01T00:03:17.000000,SELECT census_original.dv_version FROM census_original  WHERE census_original.dv_create_time = 'NULL' AND census_original.dv_cmdline_args = 'sample' ORDER BY census_original.dv_version LIMIT 100;
2025-07-01T00:03:17.200000,SELECT census_original.dv_create_date FROM census_original  WHERE census_original.dv_cmdline_args LIKE 'sample' AND census_original.dv_version LIKE 'sample' AND census_original.dv_create_date >= TIMESTAMP '2022-01-01' ORDER BY census_original.dv_create_date LIMIT 100;
2025-07-01T00:03:17.400000,SELECT census_original.dv_cmdline_args FROM census_original  WHERE census_original.dv_create_date <= TIMESTAMP '2022-01-01' ORDER BY census_original.dv_cmdline_args LIMIT 100;
2025-07-01T00:03:17.600000,SELECT census_original.dv_version FROM census_original  WHERE census_original.dv_create_time = 'NULL' AND census_original.dv_cmdline_args = 'sample' ORDER BY census_original.dv_version LIMIT 100;
2025-07-01T00:03:17.800000,SELECT census_original.dv_version FROM census_original  WHERE census_original.dv_create_time = 'NULL' AND census_original.dv_cmdline_args = 'sample' ORDER BY census_original.dv_version LIMIT 100;
2025-07-01T00:03:18.000000,SELECT census_original.dv_version FROM census_original  WHERE census_original.dv_create_time = 'NULL' AND census_original.dv_cmdline_args = 'sample' ORDER BY census_original.dv_version LIMIT 100;
2025-07-01T00:03:18.200000,SELECT census_original.dv_cmdline_args FROM census_original  WHERE census_original.dv_create_date <= TIMESTAMP '2022-01-01' ORDER BY census_original.dv_cmdline_args LIMIT 100;
2025-07-01T00:03:18.400000,SELECT census_original.dv_create_date FROM census_original  WHERE census_original.dv_cmdline_args LIKE 'sample' AND census_original.dv_version LIKE 'sample' AND census_original.dv_create_date >= TIMESTAMP '2022-01-01' ORDER BY census_original.dv_create_date LIMIT 100;
2025-07-01T00:03:18.600000,SELECT census_original.dv_create_date FROM census_original  WHERE census_original.dv_cmdline_args LIKE 'sample' AND census_original.dv_version LIKE 'sample' AND census_original.dv_create_date >= TIMESTAMP '2022-01-01' ORDER BY census_original.dv_create_date LIMIT 100;
2025-07-01T00:03:18.800000,SELECT census_original.dv_version FROM census_original  WHERE census_original.dv_create_time = 'NULL' AND census_original.dv_cmdline_args = 'sample' ORDER BY census_original.dv_version LIMIT 100;
2025-07-01T00:03:19.000000,SELECT census_original.dv_create_date FROM census_original  WHERE census_original.dv_cmdline_args LIKE 'sample' AND census_original.dv_version LIKE 'sample' AND census_original.dv_create_date >= TIMESTAMP '2022-01-01' ORDER BY census_original.dv_create_date LIMIT 100;
2025-07-01T00:03:19.200000,SELECT census_original.dv_version FROM census_original  WHERE census_original.dv_create_time = 'NULL' AND census_original.dv_cmdline_args = 'sample' ORDER BY census_original.dv_version LIMIT 100;
2025-07-01T00:03:19.400000,SELECT census_original.dv_version FROM census_original  WHERE census_original.dv_create_time = 'NULL' AND census_original.dv_cmdline_args = 'sample' ORDER BY census_original.dv_version LIMIT 100;
2025-07-01T00:03:19.600000,SELECT census_original.dv_create_time FROM census_original  WHERE census_original.dv_version = 'sample' ORDER BY census_original.dv_create_time LIMIT 100;
2025-07-01T00:03:19.800000,SELECT census_original.dv_create_time FROM census_original  WHERE census_original.dv_version = 'sample' ORDER BY census_original.dv_create_time LIMIT 100;
2025-07-01T00:03:20.000000,SELECT census_original.dv_version FROM census_original  WHERE census_original.dv_create_time = 'NULL' AND census_original.dv_cmdline_args = 'sample' ORDER BY census_original.dv_version LIMIT 100;
2025-07-01T00:03:20.200000,SELECT census_original.dv_create_time FROM census_original  WHERE census_original.dv_version = 'sample' ORDER BY census_original.dv_create_time LIMIT 100;
2025-07-01T00:03:20.400000,SELECT census_original.dv_cmdline_args FROM census_original  WHERE census_original.dv_create_date <= TIMESTAMP '2022-01-01' ORDER BY census_original.dv_cmdline_args LIMIT 100;
2025-07-01T00:03:20.600000,SELECT census_original.dv_create_date FROM census_original  WHERE census_original.dv_cmdline_args LIKE 'sample' AND census_original.dv_version LIKE 'sample' AND census_original.dv_create_date >= TIMESTAMP '2022-01-01' ORDER BY census_original.dv_create_date LIMIT 100;
2025-07-01T00:03:20.800000,SELECT census_original.dv_version FROM census_original  WHERE census_original.dv_create_time = 'NULL' AND census_original.dv_cmdline_args = 'sample' ORDER BY census_original.dv_version LIMIT 100;
2025-07-01T00:03:21.000000,SELECT census_original.dv_create_time FROM census_original  WHERE census_original.dv_version = 'sample' ORDER BY census_original.dv_create_time LIMIT 100;
2025-07-01T00:03:21.200000,SELECT census_original.dv_cmdline_args FROM census_original  WHERE census_original.dv_create_date <= TIMESTAMP '2022-01-01' ORDER BY census_original.dv_cmdline_args LIMIT 100;
2025-07-01T00:03:21.400000,"SELECT census_original.dv_cmdline_args, census_original.dv_create_time FROM census_original  WHERE census_original.dv_version = 'sample' AND census_original.dv_create_time = 'NULL' AND census_original.dv_cmdline_args LIKE 'sample' ORDER BY census_original.dv_create_time LIMIT 100;"
2025-07-01T00:03:21.600000,SELECT census_original.dv_cmdline_args FROM census_original  WHERE census_original.dv_create_date <= TIMESTAMP '2022-01-01' ORDER BY census_original.dv_cmdline_args LIMIT 100;
2025-07-01T00:03:21.800000,SELECT census_original.dv_version FROM census_original  WHERE census_original.dv_create_time = 'NULL' AND census_original.dv_cmdline_args = 'sample' ORDER BY census_original.dv_version LIMIT 100;
2025-07-01T00:03:22.000000,SELECT census_original.dv_version FROM census_original  WHERE census_original.dv_create_time = 'NULL' AND census_original.dv_cmdline_args = 'sample' ORDER BY census_original.dv_version LIMIT 100;
2025-07-01T00:03:22.200000,SELECT census_original.dv_cmdline_args FROM census_original  WHERE census_original.dv_create_date <= TIMESTAMP '2022-01-01' ORDER BY census_original.dv_cmdline_args LIMIT 100;
2025-07-01T00:03:22.400000,SELECT census_original.dv_version FROM census_original  WHERE census_original.dv_create_time = 'NULL' AND census_original.dv_cmdline_args = 'sample' ORDER BY census_original.dv_version LIMIT 100;
2025-07-01T00:03:22.600000,"SELECT census_original.dv_cmdline_args, census_original.dv_create_time FROM census_original  WHERE census_original.dv_version = 'sample' AND census_original.dv_create_time = 'NULL' AND census_original.dv_cmdline_args LIKE 'sample' ORDER BY census_original.dv_create_time LIMIT 100;"
2025-07-01T00:03:22.800000,SELECT census_original.dv_create_date FROM census_original  WHERE census_original.dv_cmdline_args LIKE 'sample' AND census_original.dv_version LIKE 'sample' AND census_original.dv_create_date >= TIMESTAMP '2022-01-01' ORDER BY census_original.dv_create_date LIMIT 100;
2025-07-01T00:03:23.000000,SELECT census_original.dv_create_date FROM census_original  WHERE census_original.dv_cmdline_args LIKE 'sample' AND census_original.dv_version LIKE 'sample' AND census_original.dv_create_date >= TIMESTAMP '2022-01-01' ORDER BY census_original.dv_create_date LIMIT 100;
2025-07-01T00:03:23.200000,SELECT census_original.dv_cmdline_args FROM census_original  WHERE census_original.dv_create_date <= TIMESTAMP '2022-01-01' ORDER BY census_original.dv_cmdline_args LIMIT 100;
2025-07-01T00:03:23.400000,SELECT census_original.dv_create_date FROM census_original  WHERE census_original.dv_cmdline_args LIKE 'sample' AND census_original.dv_version LIKE 'sample' AND census_original.dv_create_date >= TIMESTAMP '2022-01-01' ORDER BY census_original.dv_create_date LIMIT 100;
2025-07-01T00:03:23.600000,SELECT census_original.dv_version FROM census_original  WHERE census_original.dv_create_time = 'NULL' AND census_original.dv_cmdline_args = 'sample' ORDER BY census_original.dv_version LIMIT 100;
2025-07-01T00:03:23.800000,SELECT census_original.dv_cmdline_args FROM census_original  WHERE census_original.dv_create_date <= TIMESTAMP '2022-01-01' ORDER BY census_original.dv_cmdline_args LIMIT 100;
2025-07-01T00:03:24.000000,SELECT census_original.dv_cmdline_args FROM census_original  WHERE census_original.dv_create_date <= TIMESTAMP '2022-01-01' ORDER BY census_original.dv_cmdline_args LIMIT 100;
2025-07-01T00:03:24.200000,SELECT census_original.dv_cmdline_args FROM census_original  WHERE census_original.dv_create_date <= TIMESTAMP '2022-01-01' ORDER BY census_original.dv_cmdline_args LIMIT 100;
2025-07-01T00:03:24.400000,SELECT census_original.dv_cmdline_args FROM census_original  WHERE census_original.dv_create_date <= TIMESTAMP '2022-01-01' ORDER BY census_original.dv_cmdline_args LIMIT 100;
2025-07-01T00:03:24.600000,SELECT census_original.dv_version FROM census_original  WHERE census_original.dv_create_time = 'NULL' AND census_original.dv_cmdline_args = 'sample' ORDER BY census_original.dv_version LIMIT 100;
2025-07-01T00:03:24.800000,SELECT census_original.dv_cmdline_args FROM census_original  WHERE census_original.dv_create_date <= TIMESTAMP '2022-01-01' ORDER BY census_original.dv_cmdline_args LIMIT 100;
2025-07-01T00:03:25.000000,"SELECT census_original.dv_cmdline_args, census_original.dv_create_time FROM census_original  WHERE census_original.dv_version = 'sample' AND census_original.dv_create_time = 'NULL' AND census_original.dv_cmdline_args LIKE 'sample' ORDER BY census_original.dv_create_time LIMIT 100;"
2025-07-01T00:03:25.200000,SELECT census_original.dv_version FROM census_original  WHERE census_original.dv_create_time = 'NULL' AND census_original.dv_cmdline_args = 'sample' ORDER BY census_original.dv_version LIMIT 100;
2025-07-01T00:03:25.400000,"SELECT census_original.dv_cmdline_args, census_original.dv_create_time FROM census_original  WHERE census_original.dv_version = 'sample' AND census_original.dv_create_time = 'NULL' AND census_original.dv_cmdline_args LIKE 'sample' ORDER BY census_original.dv_create_time LIMIT 100;"
2025-07-01T00:03:25.600000,SELECT census_original.dv_create_date FROM census_original  WHERE census_original.dv_cmdline_args LIKE 'sample' AND census_original.dv_version LIKE 'sample' AND census_original.dv_create_date >= TIMESTAMP '2022-01-01' ORDER BY census_original.dv_create_date LIMIT 100;
2025-07-01T00:03:25.800000,SELECT census_original.dv_version FROM census_original  WHERE census_original.dv_create_time = 'NULL' AND census_original.dv_cmdline_args = 'sample' ORDER BY census_original.dv_version LIMIT 100;
2025-07-01T00:03:26.000000,"SELECT census_original.dv_cmdline_args, census_original.dv_create_time FROM census_original  WHERE census_original.dv_version = 'sample' AND census_original.dv_create_time = 'NULL' AND census_original.dv_cmdline_args LIKE 'sample' ORDER BY census_original.dv_create_time LIMIT 100;"
2025-07-01T00:03:26.200000,SELECT census_original.dv_version FROM census_original  WHERE census_original.dv_create_time = 'NULL' AND census_original.dv_cmdline_args = 'sample' ORDER BY census_original.dv_version LIMIT 100;
2025-07-01T00:03:26.400000,SELECT census_original.dv_version FROM census_original  WHERE census_original.dv_create_time = 'NULL' AND census_original.dv_cmdline_args = 'sample' ORDER BY census_original.dv_version LIMIT 100;
2025-07-01T00:03:26.600000,SELECT census_original.dv_version FROM census_original  WHERE census_original.dv_create_time = 'NULL' AND census_original.dv_cmdline_args = 'sample' ORDER BY census_original.dv_version LIMIT 100;
2025-07-01T00:03:26.800000,SELECT census_original.dv_version FROM census_original  WHERE census_original.dv_create_time = 'NULL' AND census_original.dv_cmdline_args = 'sample' ORDER BY census_original.dv_version LIMIT 100;
2025-07-01T00:03:27.000000,"SELECT census_original.dv_cmdline_args, census_original.dv_create_time FROM census_original  WHERE census_original.dv_version = 'sample' AND census_original.dv_create_time = 'NULL' AND census_original.dv_cmdline_args LIKE 'sample' ORDER BY census_original.dv_create_time LIMIT 100;"
2025-07-01T00:03:27.200000,SELECT census_original.dv_create_time FROM census_original  WHERE census_original.dv_version = 'sample' ORDER BY census_original.dv_create_time LIMIT 100;
2025-07-01T00:03:27.400000,"SELECT census_original.dv_cmdline_args, census_original.dv_create_time FROM census_original  WHERE census_original.dv_version = 'sample' AND census_original.dv_create_time = 'NULL' AND census_original.dv_cmdline_args LIKE 'sample' ORDER BY census_original.dv_create_time LIMIT 100;"
2025-07-01T00:03:27.600000,SELECT census_original.dv_create_date FROM census_original  WHERE census_original.dv_cmdline_args LIKE 'sample' AND census_original.dv_version LIKE 'sample' AND census_original.dv_create_date >= TIMESTAMP '2022-01-01' ORDER BY census_original.dv_create_date LIMIT 100;
2025-07-01T00:03:27.800000,SELECT census_original.dv_version FROM census_original  WHERE census_original.dv_create_time = 'NULL' AND census_original.dv_cmdline_args = 'sample' ORDER BY census_original.dv_version LIMIT 100;
2025-07-01T00:03:28.000000,SELECT census_original.dv_version FROM census_original  WHERE census_original.dv_create_time = 'NULL' AND census_original.dv_cmdline_args = 'sample' ORDER BY census_original.dv_version LIMIT 100;
2025-07-01T00:03:28.200000,SELECT census_original.dv_cmdline_args FROM census_original  WHERE census_original.dv_create_date <= TIMESTAMP '2022-01-01' ORDER BY census_original.dv_cmdline_args LIMIT 100;
2025-07-01T00:03:28.400000,SELECT census_original.dv_create_date FROM census_original  WHERE census_original.dv_cmdline_args LIKE 'sample' AND census_original.dv_version LIKE 'sample' AND census_original.dv_create_date >= TIMESTAMP '2022-01-01' ORDER BY census_original.dv_create_date LIMIT 100;
2025-07-01T00:03:28.600000,SELECT census_original.dv_create_time FROM census_original  WHERE census_original.dv_version = 'sample' ORDER BY census_original.dv_create_time LIMIT 100;
2025-07-01T00:03:28.800000,SELECT census_original.dv_create_time FROM census_original  WHERE census_original.dv_version = 'sample' ORDER BY census_original.dv_create_time LIMIT 100;
2025-07-01T00:03:29.000000,SELECT census_original.dv_cmdline_args FROM census_original  WHERE census_original.dv_create_date <= TIMESTAMP '2022-01-01' ORDER BY census_original.dv_cmdline_args LIMIT 100;
2025-07-01T00:03:29.200000,"SELECT census_original.dv_cmdline_args, census_original.dv_create_time FROM census_original  WHERE census_original.dv_version = 'sample' AND census_original.dv_create_time = 'NULL' AND census_original.dv_cmdline_args LIKE 'sample' ORDER BY census_original.dv_create_time LIMIT 100;"
2025-07-01T00:03:29.400000,"SELECT census_original.dv_cmdline_args, census_original.dv_create_time FROM census_original  WHERE census_original.dv_version = 'sample' AND census_original.dv_create_time = 'NULL' AND census_original.dv_cmdline_args LIKE 'sample' ORDER BY census_original.dv_create_time LIMIT 100;"
2025-07-01T00:03:29.600000,SELECT census_original.dv_create_time FROM census_original  WHERE census_original.dv_version = 'sample' ORDER BY census_original.dv_create_time LIMIT 100;
2025-07-01T00:03:29.800000,SELECT census_original.dv_create_time FROM census_original  WHERE census_original.dv_version = 'sample' ORDER BY census_original.dv_create_time LIMIT 100;
2025-07-01T00:03:30.000000,SELECT census_original.dv_version FROM census_original  WHERE census_original.dv_create_time = 'NULL' AND census_original.dv_cmdline_args = 'sample' ORDER BY census_original.dv_version LIMIT 100;
2025-07-01T00:03:30.200000,SELECT census_original.dv_create_time FROM census_original  WHERE census_original.dv_version = 'sample' ORDER BY census_original.dv_create_time LIMIT 100;
2025-07-01T00:03:30.400000,SELECT census_original.dv_version FROM census_original  WHERE census_original.dv_create_time = 'NULL' AND census_original.dv_cmdline_args = 'sample' ORDER BY census_original.dv_version LIMIT 100;
2025-07-01T00:03:30.600000,SELECT census_original.dv_version FROM census_original  WHERE census_original.dv_create_time = 'NULL' AND census_original.dv_cmdline_args = 'sample' ORDER BY census_original.dv_version LIMIT 100;
2025-07-01T00:03:30.800000,SELECT census_original.dv_create_date FROM census_original  WHERE census_original.dv_cmdline_args LIKE 'sample' AND census_original.dv_version LIKE 'sample' AND census_original.dv_create_date >= TIMESTAMP '2022-01-01' ORDER BY census_original.dv_create_date LIMIT 100;
2025-07-01T00:03:31.000000,SELECT census_original.dv_create_date FROM census_original  WHERE census_original.dv_cmdline_args LIKE 'sample' AND census_original.dv_version LIKE 'sample' AND census_original.dv_create_date >= TIMESTAMP '2022-01-01' ORDER BY census_original.dv_create_date LIMIT 100;
2025-07-01T00:03:31.200000,SELECT census_original.dv_create_time FROM census_original  WHERE census_original.dv_version = 'sample' ORDER BY census_original.dv_create_time LIMIT 100;
2025-07-01T00:03:31.400000,"SELECT census_original.dv_cmdline_args, census_original.dv_create_time FROM census_original  WHERE census_original.dv_version = 'sample' AND census_original.dv_create_time = 'NULL' AND census_original.dv_cmdline_args LIKE 'sample' ORDER BY census_original.dv_create_time LIMIT 100;"
2025-07-01T00:03:31.600000,SELECT census_original.dv_create_time FROM census_original  WHERE census_original.dv_version = 'sample' ORDER BY census_original.dv_create_time LIMIT 100;
2025-07-01T00:03:31.800000,SELECT census_original.dv_create_time FROM census_original  WHERE census_original.dv_version = 'sample' ORDER BY census_original.dv_create_time LIMIT 100;
2025-07-01T00:03:32.000000,SELECT census_original.dv_create_date FROM census_original  WHERE census_original.dv_cmdline_args LIKE 'sample' AND census_original.dv_version LIKE 'sample' AND census_original.dv_create_date >= TIMESTAMP '2022-01-01' ORDER BY census_original.dv_create_date LIMIT 100;
2025-07-01T00:03:32.200000,SELECT census_original.dv_version FROM census_original  WHERE census_original.dv_create_time = 'NULL' AND census_original.dv_cmdline_args = 'sample' ORDER BY census_original.dv_version LIMIT 100;
2025-07-01T00:03:32.400000,SELECT census_original.dv_version FROM census_original  WHERE census_original.dv_create_time = 'NULL' AND census_original.dv_cmdline_args = 'sample' ORDER BY census_original.dv_version LIMIT 100;
2025-07-01T00:03:32.600000,"SELECT census_original.dv_cmdline_args, census_original.dv_create_time FROM census_original  WHERE census_original.dv_version = 'sample' AND census_original.dv_create_time = 'NULL' AND census_original.dv_cmdline_args LIKE 'sample' ORDER BY census_original.dv_create_time LIMIT 100;"
2025-07-01T00:03:32.800000,SELECT census_original.dv_version FROM census_original  WHERE census_original.dv_create_time = 'NULL' AND census_original.dv_cmdline_args = 'sample' ORDER BY census_original.dv_version LIMIT 100;
2025-07-01T00:03:33.000000,SELECT census_original.dv_cmdline_args FROM census_original  WHERE census_original.dv_create_date <= TIMESTAMP '2022-01-01' ORDER BY census_original.dv_cmdline_args LIMIT 100;
2025-07-01T00:03:33.200000,"SELECT census_original.dv_cmdline_args, census_original.dv_create_time FROM census_original  WHERE census_original.dv_version = 'sample' AND census_original.dv_create_time = 'NULL' AND census_original.dv_cmdline_args LIKE 'sample' ORDER BY census_original.dv_create_time LIMIT 100;"
2025-07-01T00:03:33.400000,"SELECT census_original.dv_cmdline_args, census_original.dv_create_time FROM census_original  WHERE census_original.dv_version = 'sample' AND census_original.dv_create_time = 'NULL' AND census_original.dv_cmdline_args LIKE 'sample' ORDER BY census_original.dv_create_time LIMIT 100;"
2025-07-01T00:03:33.600000,SELECT census_original.dv_version FROM census_original  WHERE census_original.dv_create_time = 'NULL' AND census_original.dv_cmdline_args = 'sample' ORDER BY census_original.dv_version LIMIT 100;
2025-07-01T00:03:33.800000,SELECT census_original.dv_version FROM census_original  WHERE census_original.dv_create_time = 'NULL' AND census_original.dv_cmdline_args = 'sample' ORDER BY census_original.dv_version LIMIT 100;
2025-07-01T00:03:34.000000,SELECT census_original.dv_cmdline_args FROM census_original  WHERE census_original.dv_create_date <= TIMESTAMP '2022-01-01' ORDER BY census_original.dv_cmdline_args LIMIT 100;
2025-07-01T00:03:34.200000,SELECT census_original.dv_create_date FROM census_original  WHERE census_original.dv_cmdline_args LIKE 'sample' AND census_original.dv_version LIKE 'sample' AND census_original.dv_create_date >= TIMESTAMP '2022-01-01' ORDER BY census_original.dv_create_date LIMIT 100;
2025-07-01T00:03:34.400000,SELECT census_original.dv_cmdline_args FROM census_original  WHERE census_original.dv_create_date <= TIMESTAMP '2022-01-01' ORDER BY census_original.dv_cmdline_args LIMIT 100;
2025-07-01T00:03:34.600000,"SELECT census_original.dv_cmdline_args, census_original.dv_create_time FROM census_original  WHERE census_original.dv_version = 'sample' AND census_original.dv_create_time = 'NULL' AND census_original.dv_cmdline_args LIKE 'sample' ORDER BY census_original.dv_create_time LIMIT 100;"
2025-07-01T00:03:34.800000,SELECT census_original.dv_version FROM census_original  WHERE census_original.dv_create_time = 'NULL' AND census_original.dv_cmdline_args = 'sample' ORDER BY census_original.dv_version LIMIT 100;
2025-07-01T00:03:35.000000,SELECT census_original.dv_version FROM census_original  WHERE census_original.dv_create_time = 'NULL' AND census_original.dv_cmdline_args = 'sample' ORDER BY census_original.dv_version LIMIT 100;
2025-07-01T00:03:35.200000,SELECT census_original.dv_create_time FROM census_original  WHERE census_original.dv_version = 'sample' ORDER BY census_original.dv_create_time LIMIT 100;
2025-07-01T00:03:35.400000,SELECT census_original.dv_cmdline_args FROM census_original  WHERE census_original.dv_create_date <= TIMESTAMP '2022-01-01' ORDER BY census_original.dv_cmdline_args LIMIT 100;
2025-07-01T00:03:35.600000,SELECT census_original.dv_cmdline_args FROM census_original  WHERE census_original.dv_create_date <= TIMESTAMP '2022-01-01' ORDER BY census_original.dv_cmdline_args LIMIT 100;
2025-07-01T00:03:35.800000,SELECT census_original.dv_create_time FROM census_original  WHERE census_original.dv_version = 'sample' ORDER BY census_original.dv_create_time LIMIT 100;
2025-07-01T00:03:36.000000,SELECT census_original.dv_create_date FROM census_original  WHERE census_original.dv_cmdline_args LIKE 'sample' AND census_original.dv_version LIKE 'sample' AND census_original.dv_create_date >= TIMESTAMP '2022-01-01' ORDER BY census_original.dv_create_date LIMIT 100;
2025-07-01T00:03:36.200000,SELECT census_original.dv_version FROM census_original  WHERE census_original.dv_create_time = 'NULL' AND census_original.dv_cmdline_args = 'sample' ORDER BY census_original.dv_version LIMIT 100;
2025-07-01T00:03:36.400000,SELECT census_original.dv_create_date FROM census_original  WHERE census_original.dv_cmdline_args LIKE 'sample' AND census_original.dv_version LIKE 'sample' AND census_original.dv_create_date >= TIMESTAMP '2022-01-01' ORDER BY census_original.dv_create_date LIMIT 100;
2025-07-01T00:03:36.600000,"SELECT census_original.dv_cmdline_args, census_original.dv_create_time FROM census_original  WHERE census_original.dv_version = 'sample' AND census_original.dv_create_time = 'NULL' AND census_original.dv_cmdline_args LIKE 'sample' ORDER BY census_original.dv_create_time LIMIT 100;"
2025-07-01T00:03:36.800000,"SELECT census_original.dv_cmdline_args, census_original.dv_create_time FROM census_original  WHERE census_original.dv_version = 'sample' AND census_original.dv_create_time = 'NULL' AND census_original.dv_cmdline_args LIKE 'sample' ORDER BY census_original.dv_create_time LIMIT 100;"
2025-07-01T00:03:37.000000,SELECT census_original.dv_cmdline_args FROM census_original  WHERE census_original.dv_create_date <= TIMESTAMP '2022-01-01' ORDER BY census_original.dv_cmdline_args LIMIT 100;
2025-07-01T00:03:37.200000,SELECT census_original.dv_version FROM census_original  WHERE census_original.dv_create_time = 'NULL' AND census_original.dv_cmdline_args = 'sample' ORDER BY census_original.dv_version LIMIT 100;
2025-07-01T00:03:37.400000,SELECT census_original.dv_version FROM census_original  WHERE census_original.dv_create_time = 'NULL' AND census_original.dv_cmdline_args = 'sample' ORDER BY census_original.dv_version LIMIT 100;
2025-07-01T00:03:37.600000,SELECT census_original.dv_cmdline_args FROM census_original  WHERE census_original.dv_create_date <= TIMESTAMP '2022-01-01' ORDER BY census_original.dv_cmdline_args LIMIT 100;
2025-07-01T00:03:37.800000,SELECT census_original.dv_create_date FROM census_original  WHERE census_original.dv_cmdline_args LIKE 'sample' AND census_original.dv_version LIKE 'sample' AND census_original.dv_create_date >= TIMESTAMP '2022-01-01' ORDER BY census_original.dv_create_date LIMIT 100;
2025-07-01T00:03:38.000000,SELECT census_original.dv_version FROM census_original  WHERE census_original.dv_create_time = 'NULL' AND census_original.dv_cmdline_args = 'sample' ORDER BY census_original.dv_version LIMIT 100;
2025-07-01T00:03:38.200000,SELECT census_original.dv_cmdline_args FROM census_original  WHERE census_original.dv_create_date <= TIMESTAMP '2022-01-01' ORDER BY census_original.dv_cmdline_args LIMIT 100;
2025-07-01T00:03:38.400000,SELECT census_original.dv_cmdline_args FROM census_original  WHERE census_original.dv_create_date <= TIMESTAMP '2022-01-01' ORDER BY census_original.dv_cmdline_args LIMIT 100;
2025-07-01T00:03:38.600000,"SELECT census_original.dv_cmdline_args, census_original.dv_create_time FROM census_original  WHERE census_original.dv_version = 'sample' AND census_original.dv_create_time = 'NULL' AND census_original.dv_cmdline_args LIKE 'sample' ORDER BY census_original.dv_create_time LIMIT 100;"
2025-07-01T00:03:38.800000,SELECT census_original.dv_cmdline_args FROM census_original  WHERE census_original.dv_create_date <= TIMESTAMP '2022-01-01' ORDER BY census_original.dv_cmdline_args LIMIT 100;
2025-07-01T00:03:39.000000,"SELECT census_original.dv_cmdline_args, census_original.dv_create_time FROM census_original  WHERE census_original.dv_version = 'sample' AND census_original.dv_create_time = 'NULL' AND census_original.dv_cmdline_args LIKE 'sample' ORDER BY census_original.dv_create_time LIMIT 100;"
2025-07-01T00:03:39.200000,SELECT census_original.dv_version FROM census_original  WHERE census_original.dv_create_time = 'NULL' AND census_original.dv_cmdline_args = 'sample' ORDER BY census_original.dv_version LIMIT 100;
2025-07-01T00:03:39.400000,SELECT census_original.dv_create_date FROM census_original  WHERE census_original.dv_cmdline_args LIKE 'sample' AND census_original.dv_version LIKE 'sample' AND census_original.dv_create_date >= TIMESTAMP '2022-01-01' ORDER BY census_original.dv_create_date LIMIT 100;
2025-07-01T00:03:39.600000,"SELECT census_original.dv_cmdline_args, census_original.dv_create_time FROM census_original  WHERE census_original.dv_version = 'sample' AND census_original.dv_create_time = 'NULL' AND census_original.dv_cmdline_args LIKE 'sample' ORDER BY census_original.dv_create_time LIMIT 100;"
2025-07-01T00:03:39.800000,SELECT census_original.dv_cmdline_args FROM census_original  WHERE census_original.dv_create_date <= TIMESTAMP '2022-01-01' ORDER BY census_original.dv_cmdline_args LIMIT 100;
2025-07-01T00:03:40.000000,SELECT census_original.dv_version FROM census_original  WHERE census_original.dv_create_time = 'NULL' AND census_original.dv_cmdline_args = 'sample' ORDER BY census_original.dv_version LIMIT 100;
2025-07-01T00:03:40.200000,"SELECT census_original.dv_cmdline_args, census_original.dv_create_time FROM census_original  WHERE census_original.dv_version = 'sample' AND census_original.dv_create_time = 'NULL' AND census_original.dv_cmdline_args LIKE 'sample' ORDER BY census_original.dv_create_time LIMIT 100;"
2025-07-01T00:03:40.400000,SELECT census_original.dv_version FROM census_original  WHERE census_original.dv_create_time = 'NULL' AND census_original.dv_cmdline_args = 'sample' ORDER BY census_original.dv_version LIMIT 100;
2025-07-01T00:03:40.600000,SELECT census_original.dv_version FROM census_original  WHERE census_original.dv_create_time = 'NULL' AND census_original.dv_cmdline_args = 'sample' ORDER BY census_original.dv_version LIMIT 100;
2025-07-01T00:03:40.800000,SELECT census_original.dv_create_date FROM census_original  WHERE census_original.dv_cmdline_args LIKE 'sample' AND census_original.dv_version LIKE 'sample' AND census_original.dv_create_date >= TIMESTAMP '2022-01-01' ORDER BY census_original.dv_create_date LIMIT 100;
2025-07-01T00:03:41.000000,SELECT census_original.dv_create_date FROM census_original  WHERE census_original.dv_cmdline_args LIKE 'sample' AND census_original.dv_version LIKE 'sample' AND census_original.dv_create_date >= TIMESTAMP '2022-01-01' ORDER BY census_original.dv_create_date LIMIT 100;
2025-07-01T00:03:41.200000,SELECT census_original.dv_version FROM census_original  WHERE census_original.dv_create_time = 'NULL' AND census_original.dv_cmdline_args = 'sample' ORDER BY census_original.dv_version LIMIT 100;
2025-07-01T00:03:41.400000,SELECT census_original.dv_cmdline_args FROM census_original  WHERE census_original.dv_create_date <= TIMESTAMP '2022-01-01' ORDER BY census_original.dv_cmdline_args LIMIT 100;
2025-07-01T00:03:41.600000,SELECT census_original.dv_create_time FROM census_original  WHERE census_original.dv_version = 'sample' ORDER BY census_original.dv_create_time LIMIT 100;
2025-07-01T00:03:41.800000,SELECT census_original.dv_create_date FROM census_original  WHERE census_original.dv_cmdline_args LIKE 'sample' AND census_original.dv_version LIKE 'sample' AND census_original.dv_create_date >= TIMESTAMP '2022-01-01' ORDER BY census_original.dv_create_date LIMIT 100;
2025-07-01T00:03:42.000000,SELECT census_original.dv_cmdline_args FROM census_original  WHERE census_original.dv_create_date <= TIMESTAMP '2022-01-01' ORDER BY census_original.dv_cmdline_args LIMIT 100;
2025-07-01T00:03:42.200000,"SELECT census_original.dv_cmdline_args, census_original.dv_create_time FROM census_original  WHERE census_original.dv_version = 'sample' AND census_original.dv_create_time = 'NULL' AND census_original.dv_cmdline_args LIKE 'sample' ORDER BY census_original.dv_create_time LIMIT 100;"
2025-07-01T00:03:42.400000,"SELECT census_original.dv_cmdline_args, census_original.dv_create_time FROM census_original  WHERE census_original.dv_version = 'sample' AND census_original.dv_create_time = 'NULL' AND census_original.dv_cmdline_args LIKE 'sample' ORDER BY census_original.dv_create_time LIMIT 100;"
2025-07-01T00:03:42.600000,SELECT census_original.dv_create_time FROM census_original  WHERE census_original.dv_version = 'sample' ORDER BY census_original.dv_create_time LIMIT 100;
2025-07-01T00:03:42.800000,SELECT census_original.dv_version FROM census_original  WHERE census_original.dv_create_time = 'NULL' AND census_original.dv_cmdline_args = 'sample' ORDER BY census_original.dv_version LIMIT 100;
2025-07-01T00:03:43.000000,SELECT census_original.dv_create_time FROM census_original  WHERE census_original.dv_version = 'sample' ORDER BY census_original.dv_create_time LIMIT 100;
2025-07-01T00:03:43.200000,"SELECT census_original.dv_cmdline_args, census_original.dv_create_time FROM census_original  WHERE census_original.dv_version = 'sample' AND census_original.dv_create_time = 'NULL' AND census_original.dv_cmdline_args LIKE 'sample' ORDER BY census_original.dv_create_time LIMIT 100;"
2025-07-01T00:03:43.400000,SELECT census_original.dv_cmdline_args FROM census_original  WHERE census_original.dv_create_date <= TIMESTAMP '2022-01-01' ORDER BY census_original.dv_cmdline_args LIMIT 100;
2025-07-01T00:03:43.600000,SELECT census_original.dv_create_date FROM census_original  WHERE census_original.dv_cmdline_args LIKE 'sample' AND census_original.dv_version LIKE 'sample' AND census_original.dv_create_date >= TIMESTAMP '2022-01-01' ORDER BY census_original.dv_create_date LIMIT 100;
2025-07-01T00:03:43.800000,SELECT census_original.dv_version FROM census_original  WHERE census_original.dv_create_time = 'NULL' AND census_original.dv_cmdline_args = 'sample' ORDER BY census_original.dv_version LIMIT 100;
2025-07-01T00:03:44.000000,SELECT census_original.dv_create_date FROM census_original  WHERE census_original.dv_cmdline_args LIKE 'sample' AND census_original.dv_version LIKE 'sample' AND census_original.dv_create_date >= TIMESTAMP '2022-01-01' ORDER BY census_original.dv_create_date LIMIT 100;
2025-07-01T00:03:44.200000,SELECT census_original.dv_create_date FROM census_original  WHERE census_original.dv_cmdline_args LIKE 'sample' AND census_original.dv_version LIKE 'sample' AND census_original.dv_create_date >= TIMESTAMP '2022-01-01' ORDER BY census_original.dv_create_date LIMIT 100;
2025-07-01T00:03:44.400000,SELECT census_original.dv_cmdline_args FROM census_original  WHERE census_original.dv_create_date <= TIMESTAMP '2022-01-01' ORDER BY census_original.dv_cmdline_args LIMIT 100;
2025-07-01T00:03:44.600000,"SELECT census_original.dv_cmdline_args, census_original.dv_create_time FROM census_original  WHERE census_original.dv_version = 'sample' AND census_original.dv_create_time = 'NULL' AND census_original.dv_cmdline_args LIKE 'sample' ORDER BY census_original.dv_create_time LIMIT 100;"
2025-07-01T00:03:44.800000,"SELECT census_original.dv_cmdline_args, census_original.dv_create_time FROM census_original  WHERE census_original.dv_version = 'sample' AND census_original.dv_create_time = 'NULL' AND census_original.dv_cmdline_args LIKE 'sample' ORDER BY census_original.dv_create_time LIMIT 100;"
2025-07-01T00:03:45.000000,SELECT census_original.dv_create_date FROM census_original  WHERE census_original.dv_cmdline_args LIKE 'sample' AND census_original.dv_version LIKE 'sample' AND census_original.dv_create_date >= TIMESTAMP '2022-01-01' ORDER BY census_original.dv_create_date LIMIT 100;
2025-07-01T00:03:45.200000,"SELECT census_original.dv_cmdline_args, census_original.dv_create_time FROM census_original  WHERE census_original.dv_version = 'sample' AND census_original.dv_create_time = 'NULL' AND census_original.dv_cmdline_args LIKE 'sample' ORDER BY census_original.dv_create_time LIMIT 100;"
2025-07-01T00:03:45.400000,"SELECT census_original.dv_cmdline_args, census_original.dv_create_time FROM census_original  WHERE census_original.dv_version = 'sample' AND census_original.dv_create_time = 'NULL' AND census_original.dv_cmdline_args LIKE 'sample' ORDER BY census_original.dv_create_time LIMIT 100;"
2025-07-01T00:03:45.600000,SELECT census_original.dv_create_time FROM census_original  WHERE census_original.dv_version = 'sample' ORDER BY census_original.dv_create_time LIMIT 100;
2025-07-01T00:03:45.800000,SELECT census_original.dv_cmdline_args FROM census_original  WHERE census_original.dv_create_date <= TIMESTAMP '2022-01-01' ORDER BY census_original.dv_cmdline_args LIMIT 100;
2025-07-01T00:03:46.000000,SELECT census_original.dv_cmdline_args FROM census_original  WHERE census_original.dv_create_date <= TIMESTAMP '2022-01-01' ORDER BY census_original.dv_cmdline_args LIMIT 100;
2025-07-01T00:03:46.200000,SELECT census_original.dv_version FROM census_original  WHERE census_original.dv_create_time = 'NULL' AND census_original.dv_cmdline_args = 'sample' ORDER BY census_original.dv_version LIMIT 100;
2025-07-01T00:03:46.400000,SELECT census_original.dv_cmdline_args FROM census_original  WHERE census_original.dv_create_date <= TIMESTAMP '2022-01-01' ORDER BY census_original.dv_cmdline_args LIMIT 100;
2025-07-01T00:03:46.600000,SELECT census_original.dv_cmdline_args FROM census_original  WHERE census_original.dv_create_date <= TIMESTAMP '2022-01-01' ORDER BY census_original.dv_cmdline_args LIMIT 100;
2025-07-01T00:03:46.800000,SELECT census_original.dv_cmdline_args FROM census_original  WHERE census_original.dv_create_date <= TIMESTAMP '2022-01-01' ORDER BY census_original.dv_cmdline_args LIMIT 100;
2025-07-01T00:03:47.000000,"SELECT census_original.dv_cmdline_args, census_original.dv_create_time FROM census_original  WHERE census_original.dv_version = 'sample' AND census_original.dv_create_time = 'NULL' AND census_original.dv_cmdline_args LIKE 'sample' ORDER BY census_original.dv_create_time LIMIT 100;"
2025-07-01T00:03:47.200000,"SELECT census_original.dv_cmdline_args, census_original.dv_create_time FROM census_original  WHERE census_original.dv_version = 'sample' AND census_original.dv_create_time = 'NULL' AND census_original.dv_cmdline_args LIKE 'sample' ORDER BY census_original.dv_create_time LIMIT 100;"
2025-07-01T00:03:47.400000,SELECT census_original.dv_create_date FROM census_original  WHERE census_original.dv_cmdline_args LIKE 'sample' AND census_original.dv_version LIKE 'sample' AND census_original.dv_create_date >= TIMESTAMP '2022-01-01' ORDER BY census_original.dv_create_date LIMIT 100;
2025-07-01T00:03:47.600000,SELECT census_original.dv_create_date FROM census_original  WHERE census_original.dv_cmdline_args LIKE 'sample' AND census_original.dv_version LIKE 'sample' AND census_original.dv_create_date >= TIMESTAMP '2022-01-01' ORDER BY census_original.dv_create_date LIMIT 100;
2025-07-01T00:03:47.800000,"SELECT census_original.dv_cmdline_args, census_original.dv_create_time FROM census_original  WHERE census_original.dv_version = 'sample' AND census_original.dv_create_time = 'NULL' AND census_original.dv_cmdline_args LIKE 'sample' ORDER BY census_original.dv_create_time LIMIT 100;"
2025-07-01T00:03:48.000000,SELECT census_original.dv_create_date FROM census_original  WHERE census_original.dv_cmdline_args LIKE 'sample' AND census_original.dv_version LIKE 'sample' AND census_original.dv_create_date >= TIMESTAMP '2022-01-01' ORDER BY census_original.dv_create_date LIMIT 100;
2025-07-01T00:03:48.200000,SELECT census_original.dv_create_date FROM census_original  WHERE census_original.dv_cmdline_args LIKE 'sample' AND census_original.dv_version LIKE 'sample' AND census_original.dv_create_date >= TIMESTAMP '2022-01-01' ORDER BY census_original.dv_create_date LIMIT 100;
2025-07-01T00:03:48.400000,SELECT census_original.dv_version FROM census_original  WHERE census_original.dv_create_time = 'NULL' AND census_original.dv_cmdline_args = 'sample' ORDER BY census_original.dv_version LIMIT 100;
2025-07-01T00:03:48.600000,SELECT census_original.dv_create_time FROM census_original  WHERE census_original.dv_version = 'sample' ORDER BY census_original.dv_create_time LIMIT 100;
2025-07-01T00:03:48.800000,SELECT census_original.dv_create_date FROM census_original  WHERE census_original.dv_cmdline_args LIKE 'sample' AND census_original.dv_version LIKE 'sample' AND census_original.dv_create_date >= TIMESTAMP '2022-01-01' ORDER BY census_original.dv_create_date LIMIT 100;
2025-07-01T00:03:49.000000,"SELECT census_original.dv_cmdline_args, census_original.dv_create_time FROM census_original  WHERE census_original.dv_version = 'sample' AND census_original.dv_create_time = 'NULL' AND census_original.dv_cmdline_args LIKE 'sample' ORDER BY census_original.dv_create_time LIMIT 100;"
2025-07-01T00:03:49.200000,SELECT census_original.dv_version FROM census_original  WHERE census_original.dv_create_time = 'NULL' AND census_original.dv_cmdline_args = 'sample' ORDER BY census_original.dv_version LIMIT 100;
2025-07-01T00:03:49.400000,SELECT census_original.dv_create_time FROM census_original  WHERE census_original.dv_version = 'sample' ORDER BY census_original.dv_create_time LIMIT 100;
2025-07-01T00:03:49.600000,"SELECT census_original.dv_cmdline_args, census_original.dv_create_time FROM census_original  WHERE census_original.dv_version = 'sample' AND census_original.dv_create_time = 'NULL' AND census_original.dv_cmdline_args LIKE 'sample' ORDER BY census_original.dv_create_time LIMIT 100;"
2025-07-01T00:03:49.800000,"SELECT census_original.dv_cmdline_args, census_original.dv_create_time FROM census_original  WHERE census_original.dv_version = 'sample' AND census_original.dv_create_time = 'NULL' AND census_original.dv_cmdline_args LIKE 'sample' ORDER BY census_original.dv_create_time LIMIT 100;"
2025-07-01T00:03:50.000000,SELECT census_original.dv_cmdline_args FROM census_original  WHERE census_original.dv_create_date <= TIMESTAMP '2022-01-01' ORDER BY census_original.dv_cmdline_args LIMIT 100;
2025-07-01T00:03:50.200000,SELECT census_original.dv_version FROM census_original  WHERE census_original.dv_create_time = 'NULL' AND census_original.dv_cmdline_args = 'sample' ORDER BY census_original.dv_version LIMIT 100;
2025-07-01T00:03:50.400000,SELECT census_original.dv_cmdline_args FROM census_original  WHERE census_original.dv_create_date <= TIMESTAMP '2022-01-01' ORDER BY census_original.dv_cmdline_args LIMIT 100;
2025-07-01T00:03:50.600000,SELECT census_original.dv_create_time FROM census_original  WHERE census_original.dv_version = 'sample' ORDER BY census_original.dv_create_time LIMIT 100;
2025-07-01T00:03:50.800000,SELECT census_original.dv_version FROM census_original  WHERE census_original.dv_create_time = 'NULL' AND census_original.dv_cmdline_args = 'sample' ORDER BY census_original.dv_version LIMIT 100;
2025-07-01T00:03:51.000000,SELECT census_original.dv_create_date FROM census_original  WHERE census_original.dv_cmdline_args LIKE 'sample' AND census_original.dv_version LIKE 'sample' AND census_original.dv_create_date >= TIMESTAMP '2022-01-01' ORDER BY census_original.dv_create_date LIMIT 100;
2025-07-01T00:03:51.200000,SELECT census_original.dv_create_time FROM census_original  WHERE census_original.dv_version = 'sample' ORDER BY census_original.dv_create_time LIMIT 100;
2025-07-01T00:03:51.400000,SELECT census_original.dv_create_time FROM census_original  WHERE census_original.dv_version = 'sample' ORDER BY census_original.dv_create_time LIMIT 100;
2025-07-01T00:03:51.600000,SELECT census_original.dv_cmdline_args FROM census_original  WHERE census_original.dv_create_date <= TIMESTAMP '2022-01-01' ORDER BY census_original.dv_cmdline_args LIMIT 100;
2025-07-01T00:03:51.800000,SELECT census_original.dv_create_time FROM census_original  WHERE census_original.dv_version = 'sample' ORDER BY census_original.dv_create_time LIMIT 100;
2025-07-01T00:03:52.000000,SELECT census_original.dv_create_date FROM census_original  WHERE census_original.dv_cmdline_args LIKE 'sample' AND census_original.dv_version LIKE 'sample' AND census_original.dv_create_date >= TIMESTAMP '2022-01-01' ORDER BY census_original.dv_create_date LIMIT 100;
2025-07-01T00:03:52.200000,SELECT census_original.dv_create_date FROM census_original  WHERE census_original.dv_cmdline_args LIKE 'sample' AND census_original.dv_version LIKE 'sample' AND census_original.dv_create_date >= TIMESTAMP '2022-01-01' ORDER BY census_original.dv_create_date LIMIT 100;
2025-07-01T00:03:52.400000,SELECT census_original.dv_create_time FROM census_original  WHERE census_original.dv_version = 'sample' ORDER BY census_original.dv_create_time LIMIT 100;
2025-07-01T00:03:52.600000,SELECT census_original.dv_create_time FROM census_original  WHERE census_original.dv_version = 'sample' ORDER BY census_original.dv_create_time LIMIT 100;
2025-07-01T00:03:52.800000,SELECT census_original.dv_create_date FROM census_original  WHERE census_original.dv_cmdline_args LIKE 'sample' AND census_original.dv_version LIKE 'sample' AND census_original.dv_create_date >= TIMESTAMP '2022-01-01' ORDER BY census_original.dv_create_date LIMIT 100;
2025-07-01T00:03:53.000000,SELECT census_original.dv_create_date FROM census_original  WHERE census_original.dv_cmdline_args LIKE 'sample' AND census_original.dv_version LIKE 'sample' AND census_original.dv_create_date >= TIMESTAMP '2022-01-01' ORDER BY census_original.dv_create_date LIMIT 100;
2025-07-01T00:03:53.200000,SELECT census_original.dv_create_time FROM census_original  WHERE census_original.dv_version = 'sample' ORDER BY census_original.dv_create_time LIMIT 100;
2025-07-01T00:03:53.400000,SELECT census_original.dv_create_time FROM census_original  WHERE census_original.dv_version = 'sample' ORDER BY census_original.dv_create_time LIMIT 100;
2025-07-01T00:03:53.600000,SELECT census_original.dv_version FROM census_original  WHERE census_original.dv_create_time = 'NULL' AND census_original.dv_cmdline_args = 'sample' ORDER BY census_original.dv_version LIMIT 100;
2025-07-01T00:03:53.800000,SELECT census_original.dv_create_date FROM census_original  WHERE census_original.dv_cmdline_args LIKE 'sample' AND census_original.dv_version LIKE 'sample' AND census_original.dv_create_date >= TIMESTAMP '2022-01-01' ORDER BY census_original.dv_create_date LIMIT 100;
2025-07-01T00:03:54.000000,"SELECT census_original.dv_cmdline_args, census_original.dv_create_time FROM census_original  WHERE census_original.dv_version = 'sample' AND census_original.dv_create_time = 'NULL' AND census_original.dv_cmdline_args LIKE 'sample' ORDER BY census_original.dv_create_time LIMIT 100;"
2025-07-01T00:03:54.200000,"SELECT census_original.dv_cmdline_args, census_original.dv_create_time FROM census_original  WHERE census_original.dv_version = 'sample' AND census_original.dv_create_time = 'NULL' AND census_original.dv_cmdline_args LIKE 'sample' ORDER BY census_original.dv_create_time LIMIT 100;"
2025-07-01T00:03:54.400000,SELECT census_original.dv_cmdline_args FROM census_original  WHERE census_original.dv_create_date <= TIMESTAMP '2022-01-01' ORDER BY census_original.dv_cmdline_args LIMIT 100;
2025-07-01T00:03:54.600000,SELECT census_original.dv_version FROM census_original  WHERE census_original.dv_create_time = 'NULL' AND census_original.dv_cmdline_args = 'sample' ORDER BY census_original.dv_version LIMIT 100;
2025-07-01T00:03:54.800000,SELECT census_original.dv_cmdline_args FROM census_original  WHERE census_original.dv_create_date <= TIMESTAMP '2022-01-01' ORDER BY census_original.dv_cmdline_args LIMIT 100;
2025-07-01T00:03:55.000000,SELECT census_original.dv_cmdline_args FROM census_original  WHERE census_original.dv_create_date <= TIMESTAMP '2022-01-01' ORDER BY census_original.dv_cmdline_args LIMIT 100;
2025-07-01T00:03:55.200000,SELECT census_original.dv_version FROM census_original  WHERE census_original.dv_create_time = 'NULL' AND census_original.dv_cmdline_args = 'sample' ORDER BY census_original.dv_version LIMIT 100;
2025-07-01T00:03:55.400000,SELECT census_original.dv_create_time FROM census_original  WHERE census_original.dv_version = 'sample' ORDER BY census_original.dv_create_time LIMIT 100;
2025-07-01T00:03:55.600000,SELECT census_original.dv_create_time FROM census_original  WHERE census_original.dv_version = 'sample' ORDER BY census_original.dv_create_time LIMIT 100;
2025-07-01T00:03:55.800000,SELECT census_original.dv_version FROM census_original  WHERE census_original.dv_create_time = 'NULL' AND census_original.dv_cmdline_args = 'sample' ORDER BY census_original.dv_version LIMIT 100;
2025-07-01T00:03:56.000000,SELECT census_original.dv_create_date FROM census_original  WHERE census_original.dv_cmdline_args LIKE 'sample' AND census_original.dv_version LIKE 'sample' AND census_original.dv_create_date >= TIMESTAMP '2022-01-01' ORDER BY census_original.dv_create_date LIMIT 100;
2025-07-01T00:03:56.200000,SELECT census_original.dv_create_date FROM census_original  WHERE census_original.dv_cmdline_args LIKE 'sample' AND census_original.dv_version LIKE 'sample' AND census_original.dv_create_date >= TIMESTAMP '2022-01-01' ORDER BY census_original.dv_create_date LIMIT 100;
2025-07-01T00:03:56.400000,SELECT census_original.dv_cmdline_args FROM census_original  WHERE census_original.dv_create_date <= TIMESTAMP '2022-01-01' ORDER BY census_original.dv_cmdline_args LIMIT 100;
2025-07-01T00:03:56.600000,SELECT census_original.dv_create_time FROM census_original  WHERE census_original.dv_version = 'sample' ORDER BY census_original.dv_create_time LIMIT 100;
2025-07-01T00:03:56.800000,SELECT census_original.dv_create_date FROM census_original  WHERE census_original.dv_cmdline_args LIKE 'sample' AND census_original.dv_version LIKE 'sample' AND census_original.dv_create_date >= TIMESTAMP '2022-01-01' ORDER BY census_original.dv_create_date LIMIT 100;
2025-07-01T00:03:57.000000,SELECT census_original.dv_version FROM census_original  WHERE census_original.dv_create_time = 'NULL' AND census_original.dv_cmdline_args = 'sample' ORDER BY census_original.dv_version LIMIT 100;
2025-07-01T00:03:57.200000,SELECT census_original.dv_cmdline_args FROM census_original  WHERE census_original.dv_create_date <= TIMESTAMP '2022-01-01' ORDER BY census_original.dv_cmdline_args LIMIT 100;
2025-07-01T00:03:57.400000,SELECT census_original.dv_create_date FROM census_original  WHERE census_original.dv_cmdline_args LIKE 'sample' AND census_original.dv_version LIKE 'sample' AND census_original.dv_create_date >= TIMESTAMP '2022-01-01' ORDER BY census_original.dv_create_date LIMIT 100;
2025-07-01T00:03:57.600000,SELECT census_original.dv_create_date FROM census_original  WHERE census_original.dv_cmdline_args LIKE 'sample' AND census_original.dv_version LIKE 'sample' AND census_original.dv_create_date >= TIMESTAMP '2022-01-01' ORDER BY census_original.dv_create_date LIMIT 100;
2025-07-01T00:03:57.800000,SELECT census_original.dv_cmdline_args FROM census_original  WHERE census_original.dv_create_date <= TIMESTAMP '2022-01-01' ORDER BY census_original.dv_cmdline_args LIMIT 100;
2025-07-01T00:03:58.000000,SELECT census_original.dv_create_date FROM census_original  WHERE census_original.dv_cmdline_args LIKE 'sample' AND census_original.dv_version LIKE 'sample' AND census_original.dv_create_date >= TIMESTAMP '2022-01-01' ORDER BY census_original.dv_create_date LIMIT 100;
2025-07-01T00:03:58.200000,SELECT census_original.dv_create_time FROM census_original  WHERE census_original.dv_version = 'sample' ORDER BY census_original.dv_create_time LIMIT 100;
2025-07-01T00:03:58.400000,SELECT census_original.dv_create_date FROM census_original  WHERE census_original.dv_cmdline_args LIKE 'sample' AND census_original.dv_version LIKE 'sample' AND census_original.dv_create_date >= TIMESTAMP '2022-01-01' ORDER BY census_original.dv_create_date LIMIT 100;
2025-07-01T00:03:58.600000,SELECT census_original.dv_cmdline_args FROM census_original  WHERE census_original.dv_create_date <= TIMESTAMP '2022-01-01' ORDER BY census_original.dv_cmdline_args LIMIT 100;
2025-07-01T00:03:58.800000,SELECT census_original.dv_create_time FROM census_original  WHERE census_original.dv_version = 'sample' ORDER BY census_original.dv_create_time LIMIT 100;
2025-07-01T00:03:59.000000,SELECT census_original.dv_create_time FROM census_original  WHERE census_original.dv_version = 'sample' ORDER BY census_original.dv_create_time LIMIT 100;
2025-07-01T00:03:59.200000,SELECT census_original.dv_create_time FROM census_original  WHERE census_original.dv_version = 'sample' ORDER BY census_original.dv_create_time LIMIT 100;
2025-07-01T00:03:59.400000,SELECT census_original.dv_create_time FROM census_original  WHERE census_original.dv_version = 'sample' ORDER BY census_original.dv_create_time LIMIT 100;
2025-07-01T00:03:59.600000,SELECT census_original.dv_create_date FROM census_original  WHERE census_original.dv_cmdline_args LIKE 'sample' AND census_original.dv_version LIKE 'sample' AND census_original.dv_create_date >= TIMESTAMP '2022-01-01' ORDER BY census_original.dv_create_date LIMIT 100;
2025-07-01T00:03:59.800000,SELECT census_original.dv_create_date FROM census_original  WHERE census_original.dv_cmdline_args LIKE 'sample' AND census_original.dv_version LIKE 'sample' AND census_original.dv_create_date >= TIMESTAMP '2022-01-01' ORDER BY census_original.dv_create_date LIMIT 100;
2025-07-01T00:04:00.000000,SELECT census_original.dv_version FROM census_original  WHERE census_original.dv_create_time = 'NULL' AND census_original.dv_cmdline_args = 'sample' ORDER BY census_original.dv_version LIMIT 100;
2025-07-01T00:04:00.200000,"SELECT census_original.dv_cmdline_args, census_original.dv_create_time FROM census_original  WHERE census_original.dv_version = 'sample' AND census_original.dv_create_time = 'NULL' AND census_original.dv_cmdline_args LIKE 'sample' ORDER BY census_original.dv_create_time LIMIT 100;"
2025-07-01T00:04:00.400000,SELECT census_original.dv_create_time FROM census_original  WHERE census_original.dv_version = 'sample' ORDER BY census_original.dv_create_time LIMIT 100;
2025-07-01T00:04:00.600000,SELECT census_original.dv_create_time FROM census_original  WHERE census_original.dv_version = 'sample' ORDER BY census_original.dv_create_time LIMIT 100;
2025-07-01T00:04:00.800000,SELECT census_original.dv_create_date FROM census_original  WHERE census_original.dv_cmdline_args LIKE 'sample' AND census_original.dv_version LIKE 'sample' AND census_original.dv_create_date >= TIMESTAMP '2022-01-01' ORDER BY census_original.dv_create_date LIMIT 100;
2025-07-01T00:04:01.000000,SELECT census_original.dv_cmdline_args FROM census_original  WHERE census_original.dv_create_date <= TIMESTAMP '2022-01-01' ORDER BY census_original.dv_cmdline_args LIMIT 100;
2025-07-01T00:04:01.200000,SELECT census_original.dv_version FROM census_original  WHERE census_original.dv_create_time = 'NULL' AND census_original.dv_cmdline_args = 'sample' ORDER BY census_original.dv_version LIMIT 100;
2025-07-01T00:04:01.400000,SELECT census_original.dv_cmdline_args FROM census_original  WHERE census_original.dv_create_date <= TIMESTAMP '2022-01-01' ORDER BY census_original.dv_cmdline_args LIMIT 100;
2025-07-01T00:04:01.600000,SELECT census_original.dv_cmdline_args FROM census_original  WHERE census_original.dv_create_date <= TIMESTAMP '2022-01-01' ORDER BY census_original.dv_cmdline_args LIMIT 100;
2025-07-01T00:04:01.800000,SELECT census_original.dv_create_time FROM census_original  WHERE census_original.dv_version = 'sample' ORDER BY census_original.dv_create_time LIMIT 100;
2025-07-01T00:04:02.000000,SELECT census_original.dv_create_time FROM census_original  WHERE census_original.dv_version = 'sample' ORDER BY census_original.dv_create_time LIMIT 100;
2025-07-01T00:04:02.200000,"SELECT census_original.dv_cmdline_args, census_original.dv_create_time FROM census_original  WHERE census_original.dv_version = 'sample' AND census_original.dv_create_time = 'NULL' AND census_original.dv_cmdline_args LIKE 'sample' ORDER BY census_original.dv_create_time LIMIT 100;"
2025-07-01T00:04:02.400000,SELECT census_original.dv_cmdline_args FROM census_original  WHERE census_original.dv_create_date <= TIMESTAMP '2022-01-01' ORDER BY census_original.dv_cmdline_args LIMIT 100;
2025-07-01T00:04:02.600000,SELECT census_original.dv_create_time FROM census_original  WHERE census_original.dv_version = 'sample' ORDER BY census_original.dv_create_time LIMIT 100;
2025-07-01T00:04:02.800000,SELECT census_original.dv_cmdline_args FROM census_original  WHERE census_original.dv_create_date <= TIMESTAMP '2022-01-01' ORDER BY census_original.dv_cmdline_args LIMIT 100;
2025-07-01T00:04:03.000000,SELECT census_original.dv_version FROM census_original  WHERE census_original.dv_create_time = 'NULL' AND census_original.dv_cmdline_args = 'sample' ORDER BY census_original.dv_version LIMIT 100;
2025-07-01T00:04:03.200000,SELECT census_original.dv_create_date FROM census_original  WHERE census_original.dv_cmdline_args LIKE 'sample' AND census_original.dv_version LIKE 'sample' AND census_original.dv_create_date >= TIMESTAMP '2022-01-01' ORDER BY census_original.dv_create_date LIMIT 100;
2025-07-01T00:04:03.400000,SELECT census_original.dv_version FROM census_original  WHERE census_original.dv_create_time = 'NULL' AND census_original.dv_cmdline_args = 'sample' ORDER BY census_original.dv_version LIMIT 100;
2025-07-01T00:04:03.600000,SELECT census_original.dv_cmdline_args FROM census_original  WHERE census_original.dv_create_date <= TIMESTAMP '2022-01-01' ORDER BY census_original.dv_cmdline_args LIMIT 100;
2025-07-01T00:04:03.800000,"SELECT census_original.dv_cmdline_args, census_original.dv_create_time FROM census_original  WHERE census_original.dv_version = 'sample' AND census_original.dv_create_time = 'NULL' AND census_original.dv_cmdline_args LIKE 'sample' ORDER BY census_original.dv_create_time LIMIT 100;"
2025-07-01T00:04:04.000000,"SELECT census_original.dv_cmdline_args, census_original.dv_create_time FROM census_original  WHERE census_original.dv_version = 'sample' AND census_original.dv_create_time = 'NULL' AND census_original.dv_cmdline_args LIKE 'sample' ORDER BY census_original.dv_create_time LIMIT 100;"
2025-07-01T00:04:04.200000,SELECT census_original.dv_cmdline_args FROM census_original  WHERE census_original.dv_create_date <= TIMESTAMP '2022-01-01' ORDER BY census_original.dv_cmdline_args LIMIT 100;
2025-07-01T00:04:04.400000,SELECT census_original.dv_create_time FROM census_original  WHERE census_original.dv_version = 'sample' ORDER BY census_original.dv_create_time LIMIT 100;
2025-07-01T00:04:04.600000,"SELECT census_original.dv_cmdline_args, census_original.dv_create_time FROM census_original  WHERE census_original.dv_version = 'sample' AND census_original.dv_create_time = 'NULL' AND census_original.dv_cmdline_args LIKE 'sample' ORDER BY census_original.dv_create_time LIMIT 100;"
2025-07-01T00:04:04.800000,SELECT census_original.dv_version FROM census_original  WHERE census_original.dv_create_time = 'NULL' AND census_original.dv_cmdline_args = 'sample' ORDER BY census_original.dv_version LIMIT 100;
2025-07-01T00:04:05.000000,SELECT census_original.dv_cmdline_args FROM census_original  WHERE census_original.dv_create_date <= TIMESTAMP '2022-01-01' ORDER BY census_original.dv_cmdline_args LIMIT 100;
2025-07-01T00:04:05.200000,SELECT census_original.dv_cmdline_args FROM census_original  WHERE census_original.dv_create_date <= TIMESTAMP '2022-01-01' ORDER BY census_original.dv_cmdline_args LIMIT 100;
2025-07-01T00:04:05.400000,"SELECT census_original.dv_cmdline_args, census_original.dv_create_time FROM census_original  WHERE census_original.dv_version = 'sample' AND census_original.dv_create_time = 'NULL' AND census_original.dv_cmdline_args LIKE 'sample' ORDER BY census_original.dv_create_time LIMIT 100;"
2025-07-01T00:04:05.600000,SELECT census_original.dv_create_date FROM census_original  WHERE census_original.dv_cmdline_args LIKE 'sample' AND census_original.dv_version LIKE 'sample' AND census_original.dv_create_date >= TIMESTAMP '2022-01-01' ORDER BY census_original.dv_create_date LIMIT 100;
2025-07-01T00:04:05.800000,SELECT census_original.dv_create_time FROM census_original  WHERE census_original.dv_version = 'sample' ORDER BY census_original.dv_create_time LIMIT 100;
2025-07-01T00:04:06.000000,SELECT census_original.dv_create_date FROM census_original  WHERE census_original.dv_cmdline_args LIKE 'sample' AND census_original.dv_version LIKE 'sample' AND census_original.dv_create_date >= TIMESTAMP '2022-01-01' ORDER BY census_original.dv_create_date LIMIT 100;
2025-07-01T00:04:06.200000,SELECT census_original.dv_create_date FROM census_original  WHERE census_original.dv_cmdline_args LIKE 'sample' AND census_original.dv_version LIKE 'sample' AND census_original.dv_create_date >= TIMESTAMP '2022-01-01' ORDER BY census_original.dv_create_date LIMIT 100;
2025-07-01T00:04:06.400000,SELECT census_original.dv_create_time FROM census_original  WHERE census_original.dv_version = 'sample' ORDER BY census_original.dv_create_time LIMIT 100;
2025-07-01T00:04:06.600000,SELECT census_original.dv_create_time FROM census_original  WHERE census_original.dv_version = 'sample' ORDER BY census_original.dv_create_time LIMIT 100;
2025-07-01T00:04:06.800000,SELECT census_original.dv_create_date FROM census_original  WHERE census_original.dv_cmdline_args LIKE 'sample' AND census_original.dv_version LIKE 'sample' AND census_original.dv_create_date >= TIMESTAMP '2022-01-01' ORDER BY census_original.dv_create_date LIMIT 100;
2025-07-01T00:04:07.000000,SELECT census_original.dv_cmdline_args FROM census_original  WHERE census_original.dv_create_date <= TIMESTAMP '2022-01-01' ORDER BY census_original.dv_cmdline_args LIMIT 100;
2025-07-01T00:04:07.200000,SELECT census_original.dv_create_time FROM census_original  WHERE census_original.dv_version = 'sample' ORDER BY census_original.dv_create_time LIMIT 100;
2025-07-01T00:04:07.400000,"SELECT census_original.dv_cmdline_args, census_original.dv_create_time FROM census_original  WHERE census_original.dv_version = 'sample' AND census_original.dv_create_time = 'NULL' AND census_original.dv_cmdline_args LIKE 'sample' ORDER BY census_original.dv_create_time LIMIT 100;"
2025-07-01T00:04:07.600000,SELECT census_original.dv_cmdline_args FROM census_original  WHERE census_original.dv_create_date <= TIMESTAMP '2022-01-01' ORDER BY census_original.dv_cmdline_args LIMIT 100;
2025-07-01T00:04:07.800000,"SELECT census_original.dv_cmdline_args, census_original.dv_create_time FROM census_original  WHERE census_original.dv_version = 'sample' AND census_original.dv_create_time = 'NULL' AND census_original.dv_cmdline_args LIKE 'sample' ORDER BY census_original.dv_create_time LIMIT 100;"
2025-07-01T00:04:08.000000,SELECT census_original.dv_create_date FROM census_original  WHERE census_original.dv_cmdline_args LIKE 'sample' AND census_original.dv_version LIKE 'sample' AND census_original.dv_create_date >= TIMESTAMP '2022-01-01' ORDER BY census_original.dv_create_date LIMIT 100;
2025-07-01T00:04:08.200000,SELECT census_original.dv_create_time FROM census_original  WHERE census_original.dv_version = 'sample' ORDER BY census_original.dv_create_time LIMIT 100;
2025-07-01T00:04:08.400000,"SELECT census_original.dv_cmdline_args, census_original.dv_create_time FROM census_original  WHERE census_original.dv_version = 'sample' AND census_original.dv_create_time = 'NULL' AND census_original.dv_cmdline_args LIKE 'sample' ORDER BY census_original.dv_create_time LIMIT 100;"
2025-07-01T00:04:08.600000,"SELECT census_original.dv_cmdline_args, census_original.dv_create_time FROM census_original  WHERE census_original.dv_version = 'sample' AND census_original.dv_create_time = 'NULL' AND census_original.dv_cmdline_args LIKE 'sample' ORDER BY census_original.dv_create_time LIMIT 100;"
2025-07-01T00:04:08.800000,SELECT census_original.dv_cmdline_args FROM census_original  WHERE census_original.dv_create_date <= TIMESTAMP '2022-01-01' ORDER BY census_original.dv_cmdline_args LIMIT 100;
2025-07-01T00:04:09.000000,SELECT census_original.dv_cmdline_args FROM census_original  WHERE census_original.dv_create_date <= TIMESTAMP '2022-01-01' ORDER BY census_original.dv_cmdline_args LIMIT 100;
2025-07-01T00:04:09.200000,SELECT census_original.dv_create_date FROM census_original  WHERE census_original.dv_cmdline_args LIKE 'sample' AND census_original.dv_version LIKE 'sample' AND census_original.dv_create_date >= TIMESTAMP '2022-01-01' ORDER BY census_original.dv_create_date LIMIT 100;
2025-07-01T00:04:09.400000,SELECT census_original.dv_version FROM census_original  WHERE census_original.dv_create_time = 'NULL' AND census_original.dv_cmdline_args = 'sample' ORDER BY census_original.dv_version LIMIT 100;
2025-07-01T00:04:09.600000,SELECT census_original.dv_version FROM census_original  WHERE census_original.dv_create_time = 'NULL' AND census_original.dv_cmdline_args = 'sample' ORDER BY census_original.dv_version LIMIT 100;
2025-07-01T00:04:09.800000,SELECT census_original.dv_create_date FROM census_original  WHERE census_original.dv_cmdline_args LIKE 'sample' AND census_original.dv_version LIKE 'sample' AND census_original.dv_create_date >= TIMESTAMP '2022-01-01' ORDER BY census_original.dv_create_date LIMIT 100;
2025-07-01T00:04:10.000000,SELECT census_original.dv_create_date FROM census_original  WHERE census_original.dv_cmdline_args LIKE 'sample' AND census_original.dv_version LIKE 'sample' AND census_original.dv_create_date >= TIMESTAMP '2022-01-01' ORDER BY census_original.dv_create_date LIMIT 100;
2025-07-01T00:04:10.200000,SELECT census_original.dv_create_date FROM census_original  WHERE census_original.dv_cmdline_args LIKE 'sample' AND census_original.dv_version LIKE 'sample' AND census_original.dv_create_date >= TIMESTAMP '2022-01-01' ORDER BY census_original.dv_create_date LIMIT 100;
2025-07-01T00:04:10.400000,SELECT census_original.dv_create_time FROM census_original  WHERE census_original.dv_version = 'sample' ORDER BY census_original.dv_create_time LIMIT 100;
2025-07-01T00:04:10.600000,SELECT census_original.dv_version FROM census_original  WHERE census_original.dv_create_time = 'NULL' AND census_original.dv_cmdline_args = 'sample' ORDER BY census_original.dv_version LIMIT 100;
2025-07-01T00:04:10.800000,SELECT census_original.dv_version FROM census_original  WHERE census_original.dv_create_time = 'NULL' AND census_original.dv_cmdline_args = 'sample' ORDER BY census_original.dv_version LIMIT 100;
2025-07-01T00:04:11.000000,SELECT census_original.dv_version FROM census_original  WHERE census_original.dv_create_time = 'NULL' AND census_original.dv_cmdline_args = 'sample' ORDER BY census_original.dv_version LIMIT 100;
2025-07-01T00:04:11.200000,SELECT census_original.dv_version FROM census_original  WHERE census_original.dv_create_time = 'NULL' AND census_original.dv_cmdline_args = 'sample' ORDER BY census_original.dv_version LIMIT 100;
2025-07-01T00:04:11.400000,"SELECT census_original.dv_cmdline_args, census_original.dv_create_time FROM census_original  WHERE census_original.dv_version = 'sample' AND census_original.dv_create_time = 'NULL' AND census_original.dv_cmdline_args LIKE 'sample' ORDER BY census_original.dv_create_time LIMIT 100;"
2025-07-01T00:04:11.600000,SELECT census_original.dv_create_date FROM census_original  WHERE census_original.dv_cmdline_args LIKE 'sample' AND census_original.dv_version LIKE 'sample' AND census_original.dv_create_date >= TIMESTAMP '2022-01-01' ORDER BY census_original.dv_create_date LIMIT 100;
2025-07-01T00:04:11.800000,SELECT census_original.dv_cmdline_args FROM census_original  WHERE census_original.dv_create_date <= TIMESTAMP '2022-01-01' ORDER BY census_original.dv_cmdline_args LIMIT 100;
2025-07-01T00:04:12.000000,SELECT census_original.dv_version FROM census_original  WHERE census_original.dv_create_time = 'NULL' AND census_original.dv_cmdline_args = 'sample' ORDER BY census_original.dv_version LIMIT 100;
2025-07-01T00:04:12.200000,"SELECT census_original.dv_cmdline_args, census_original.dv_create_time FROM census_original  WHERE census_original.dv_version = 'sample' AND census_original.dv_create_time = 'NULL' AND census_original.dv_cmdline_args LIKE 'sample' ORDER BY census_original.dv_create_time LIMIT 100;"
2025-07-01T00:04:12.400000,SELECT census_original.dv_cmdline_args FROM census_original  WHERE census_original.dv_create_date <= TIMESTAMP '2022-01-01' ORDER BY census_original.dv_cmdline_args LIMIT 100;
2025-07-01T00:04:12.600000,SELECT census_original.dv_create_time FROM census_original  WHERE census_original.dv_version = 'sample' ORDER BY census_original.dv_create_time LIMIT 100;
2025-07-01T00:04:12.800000,SELECT census_original.dv_create_time FROM census_original  WHERE census_original.dv_version = 'sample' ORDER BY census_original.dv_create_time LIMIT 100;
2025-07-01T00:04:13.000000,SELECT census_original.dv_create_time FROM census_original  WHERE census_original.dv_version = 'sample' ORDER BY census_original.dv_create_time LIMIT 100;
2025-07-01T00:04:13.200000,SELECT census_original.dv_create_date FROM census_original  WHERE census_original.dv_cmdline_args LIKE 'sample' AND census_original.dv_version LIKE 'sample' AND census_original.dv_create_date >= TIMESTAMP '2022-01-01' ORDER BY census_original.dv_create_date LIMIT 100;
2025-07-01T00:04:13.400000,"SELECT census_original.dv_cmdline_args, census_original.dv_create_time FROM census_original  WHERE census_original.dv_version = 'sample' AND census_original.dv_create_time = 'NULL' AND census_original.dv_cmdline_args LIKE 'sample' ORDER BY census_original.dv_create_time LIMIT 100;"
2025-07-01T00:04:13.600000,SELECT census_original.dv_cmdline_args FROM census_original  WHERE census_original.dv_create_date <= TIMESTAMP '2022-01-01' ORDER BY census_original.dv_cmdline_args LIMIT 100;
2025-07-01T00:04:13.800000,SELECT census_original.dv_create_time FROM census_original  WHERE census_original.dv_version = 'sample' ORDER BY census_original.dv_create_time LIMIT 100;
2025-07-01T00:04:14.000000,SELECT census_original.dv_cmdline_args FROM census_original  WHERE census_original.dv_create_date <= TIMESTAMP '2022-01-01' ORDER BY census_original.dv_cmdline_args LIMIT 100;
2025-07-01T00:04:14.200000,SELECT census_original.dv_cmdline_args FROM census_original  WHERE census_original.dv_create_date <= TIMESTAMP '2022-01-01' ORDER BY census_original.dv_cmdline_args LIMIT 100;
2025-07-01T00:04:14.400000,SELECT census_original.dv_create_time FROM census_original  WHERE census_original.dv_version = 'sample' ORDER BY census_original.dv_create_time LIMIT 100;
2025-07-01T00:04:14.600000,"SELECT census_original.dv_cmdline_args, census_original.dv_create_time FROM census_original  WHERE census_original.dv_version = 'sample' AND census_original.dv_create_time = 'NULL' AND census_original.dv_cmdline_args LIKE 'sample' ORDER BY census_original.dv_create_time LIMIT 100;"
2025-07-01T00:04:14.800000,SELECT census_original.dv_version FROM census_original  WHERE census_original.dv_create_time = 'NULL' AND census_original.dv_cmdline_args = 'sample' ORDER BY census_original.dv_version LIMIT 100;
2025-07-01T00:04:15.000000,SELECT census_original.dv_create_date FROM census_original  WHERE census_original.dv_cmdline_args LIKE 'sample' AND census_original.dv_version LIKE 'sample' AND census_original.dv_create_date >= TIMESTAMP '2022-01-01' ORDER BY census_original.dv_create_date LIMIT 100;
2025-07-01T00:04:15.200000,SELECT census_original.dv_create_date FROM census_original  WHERE census_original.dv_cmdline_args LIKE 'sample' AND census_original.dv_version LIKE 'sample' AND census_original.dv_create_date >= TIMESTAMP '2022-01-01' ORDER BY census_original.dv_create_date LIMIT 100;
2025-07-01T00:04:15.400000,SELECT census_original.dv_cmdline_args FROM census_original  WHERE census_original.dv_create_date <= TIMESTAMP '2022-01-01' ORDER BY census_original.dv_cmdline_args LIMIT 100;
2025-07-01T00:04:15.600000,SELECT census_original.dv_create_date FROM census_original  WHERE census_original.dv_cmdline_args LIKE 'sample' AND census_original.dv_version LIKE 'sample' AND census_original.dv_create_date >= TIMESTAMP '2022-01-01' ORDER BY census_original.dv_create_date LIMIT 100;
2025-07-01T00:04:15.800000,SELECT census_original.dv_create_date FROM census_original  WHERE census_original.dv_cmdline_args LIKE 'sample' AND census_original.dv_version LIKE 'sample' AND census_original.dv_create_date >= TIMESTAMP '2022-01-01' ORDER BY census_original.dv_create_date LIMIT 100;
2025-07-01T00:04:16.000000,SELECT census_original.dv_create_date FROM census_original  WHERE census_original.dv_cmdline_args LIKE 'sample' AND census_original.dv_version LIKE 'sample' AND census_original.dv_create_date >= TIMESTAMP '2022-01-01' ORDER BY census_original.dv_create_date LIMIT 100;
2025-07-01T00:04:16.200000,"SELECT census_original.dv_cmdline_args, census_original.dv_create_time FROM census_original  WHERE census_original.dv_version = 'sample' AND census_original.dv_create_time = 'NULL' AND census_original.dv_cmdline_args LIKE 'sample' ORDER BY census_original.dv_create_time LIMIT 100;"
2025-07-01T00:04:16.400000,"SELECT census_original.dv_cmdline_args, census_original.dv_create_time FROM census_original  WHERE census_original.dv_version = 'sample' AND census_original.dv_create_time = 'NULL' AND census_original.dv_cmdline_args LIKE 'sample' ORDER BY census_original.dv_create_time LIMIT 100;"
2025-07-01T00:04:16.600000,SELECT census_original.dv_cmdline_args FROM census_original  WHERE census_original.dv_create_date <= TIMESTAMP '2022-01-01' ORDER BY census_original.dv_cmdline_args LIMIT 100;
2025-07-01T00:04:16.800000,SELECT census_original.dv_create_time FROM census_original  WHERE census_original.dv_version = 'sample' ORDER BY census_original.dv_create_time LIMIT 100;
2025-07-01T00:04:17.000000,"SELECT census_original.dv_cmdline_args, census_original.dv_create_time FROM census_original  WHERE census_original.dv_version = 'sample' AND census_original.dv_create_time = 'NULL' AND census_original.dv_cmdline_args LIKE 'sample' ORDER BY census_original.dv_create_time LIMIT 100;"
2025-07-01T00:04:17.200000,SELECT census_original.dv_create_date FROM census_original  WHERE census_original.dv_cmdline_args LIKE 'sample' AND census_original.dv_version LIKE 'sample' AND census_original.dv_create_date >= TIMESTAMP '2022-01-01' ORDER BY census_original.dv_create_date LIMIT 100;
2025-07-01T00:04:17.400000,SELECT census_original.dv_version FROM census_original  WHERE census_original.dv_create_time = 'NULL' AND census_original.dv_cmdline_args = 'sample' ORDER BY census_original.dv_version LIMIT 100;
2025-07-01T00:04:17.600000,SELECT census_original.dv_create_date FROM census_original  WHERE census_original.dv_cmdline_args LIKE 'sample' AND census_original.dv_version LIKE 'sample' AND census_original.dv_create_date >= TIMESTAMP '2022-01-01' ORDER BY census_original.dv_create_date LIMIT 100;
2025-07-01T00:04:17.800000,SELECT census_original.dv_cmdline_args FROM census_original  WHERE census_original.dv_create_date <= TIMESTAMP '2022-01-01' ORDER BY census_original.dv_cmdline_args LIMIT 100;
2025-07-01T00:04:18.000000,SELECT census_original.dv_cmdline_args FROM census_original  WHERE census_original.dv_create_date <= TIMESTAMP '2022-01-01' ORDER BY census_original.dv_cmdline_args LIMIT 100;
2025-07-01T00:04:18.200000,SELECT census_original.dv_create_date FROM census_original  WHERE census_original.dv_cmdline_args LIKE 'sample' AND census_original.dv_version LIKE 'sample' AND census_original.dv_create_date >= TIMESTAMP '2022-01-01' ORDER BY census_original.dv_create_date LIMIT 100;
2025-07-01T00:04:18.400000,SELECT census_original.dv_create_time FROM census_original  WHERE census_original.dv_version = 'sample' ORDER BY census_original.dv_create_time LIMIT 100;
2025-07-01T00:04:18.600000,SELECT census_original.dv_create_time FROM census_original  WHERE census_original.dv_version = 'sample' ORDER BY census_original.dv_create_time LIMIT 100;
2025-07-01T00:04:18.800000,SELECT census_original.dv_version FROM census_original  WHERE census_original.dv_create_time = 'NULL' AND census_original.dv_cmdline_args = 'sample' ORDER BY census_original.dv_version LIMIT 100;
2025-07-01T00:04:19.000000,SELECT census_original.dv_version FROM census_original  WHERE census_original.dv_create_time = 'NULL' AND census_original.dv_cmdline_args = 'sample' ORDER BY census_original.dv_version LIMIT 100;
2025-07-01T00:04:19.200000,"SELECT census_original.dv_cmdline_args, census_original.dv_create_time FROM census_original  WHERE census_original.dv_version = 'sample' AND census_original.dv_create_time = 'NULL' AND census_original.dv_cmdline_args LIKE 'sample' ORDER BY census_original.dv_create_time LIMIT 100;"
2025-07-01T00:04:19.400000,SELECT census_original.dv_version FROM census_original  WHERE census_original.dv_create_time = 'NULL' AND census_original.dv_cmdline_args = 'sample' ORDER BY census_original.dv_version LIMIT 100;
2025-07-01T00:04:19.600000,SELECT census_original.dv_cmdline_args FROM census_original  WHERE census_original.dv_create_date <= TIMESTAMP '2022-01-01' ORDER BY census_original.dv_cmdline_args LIMIT 100;
2025-07-01T00:04:19.800000,"SELECT census_original.dv_cmdline_args, census_original.dv_create_time FROM census_original  WHERE census_original.dv_version = 'sample' AND census_original.dv_create_time = 'NULL' AND census_original.dv_cmdline_args LIKE 'sample' ORDER BY census_original.dv_create_time LIMIT 100;"
2025-07-01T00:04:20.000000,SELECT census_original.dv_cmdline_args FROM census_original  WHERE census_original.dv_create_date <= TIMESTAMP '2022-01-01' ORDER BY census_original.dv_cmdline_args LIMIT 100;
2025-07-01T00:04:20.200000,SELECT census_original.dv_version FROM census_original  WHERE census_original.dv_create_time = 'NULL' AND census_original.dv_cmdline_args = 'sample' ORDER BY census_original.dv_version LIMIT 100;
2025-07-01T00:04:20.400000,"SELECT census_original.dv_cmdline_args, census_original.dv_create_time FROM census_original  WHERE census_original.dv_version = 'sample' AND census_original.dv_create_time = 'NULL' AND census_original.dv_cmdline_args LIKE 'sample' ORDER BY census_original.dv_create_time LIMIT 100;"
2025-07-01T00:04:20.600000,SELECT census_original.dv_create_time FROM census_original  WHERE census_original.dv_version = 'sample' ORDER BY census_original.dv_create_time LIMIT 100;
2025-07-01T00:04:20.800000,"SELECT census_original.dv_cmdline_args, census_original.dv_create_time FROM census_original  WHERE census_original.dv_version = 'sample' AND census_original.dv_create_time = 'NULL' AND census_original.dv_cmdline_args LIKE 'sample' ORDER BY census_original.dv_create_time LIMIT 100;"
2025-07-01T00:04:21.000000,SELECT census_original.dv_cmdline_args FROM census_original  WHERE census_original.dv_create_date <= TIMESTAMP '2022-01-01' ORDER BY census_original.dv_cmdline_args LIMIT 100;
2025-07-01T00:04:21.200000,SELECT census_original.dv_create_time FROM census_original  WHERE census_original.dv_version = 'sample' ORDER BY census_original.dv_create_time LIMIT 100;
2025-07-01T00:04:21.400000,SELECT census_original.dv_create_time FROM census_original  WHERE census_original.dv_version = 'sample' ORDER BY census_original.dv_create_time LIMIT 100;
2025-07-01T00:04:21.600000,SELECT census_original.dv_create_date FROM census_original  WHERE census_original.dv_cmdline_args LIKE 'sample' AND census_original.dv_version LIKE 'sample' AND census_original.dv_create_date >= TIMESTAMP '2022-01-01' ORDER BY census_original.dv_create_date LIMIT 100;
2025-07-01T00:04:21.800000,SELECT census_original.dv_create_date FROM census_original  WHERE census_original.dv_cmdline_args LIKE 'sample' AND census_original.dv_version LIKE 'sample' AND census_original.dv_create_date >= TIMESTAMP '2022-01-01' ORDER BY census_original.dv_create_date LIMIT 100;
2025-07-01T00:04:22.000000,SELECT census_original.dv_create_time FROM census_original  WHERE census_original.dv_version = 'sample' ORDER BY census_original.dv_create_time LIMIT 100;
2025-07-01T00:04:22.200000,SELECT census_original.dv_create_date FROM census_original  WHERE census_original.dv_cmdline_args LIKE 'sample' AND census_original.dv_version LIKE 'sample' AND census_original.dv_create_date >= TIMESTAMP '2022-01-01' ORDER BY census_original.dv_create_date LIMIT 100;
2025-07-01T00:04:22.400000,SELECT census_original.dv_create_time FROM census_original  WHERE census_original.dv_version = 'sample' ORDER BY census_original.dv_create_time LIMIT 100;
2025-07-01T00:04:22.600000,SELECT census_original.dv_create_date FROM census_original  WHERE census_original.dv_cmdline_args LIKE 'sample' AND census_original.dv_version LIKE 'sample' AND census_original.dv_create_date >= TIMESTAMP '2022-01-01' ORDER BY census_original.dv_create_date LIMIT 100;
2025-07-01T00:04:22.800000,"SELECT census_original.dv_cmdline_args, census_original.dv_create_time FROM census_original  WHERE census_original.dv_version = 'sample' AND census_original.dv_create_time = 'NULL' AND census_original.dv_cmdline_args LIKE 'sample' ORDER BY census_original.dv_create_time LIMIT 100;"
2025-07-01T00:04:23.000000,"SELECT census_original.dv_cmdline_args, census_original.dv_create_time FROM census_original  WHERE census_original.dv_version = 'sample' AND census_original.dv_create_time = 'NULL' AND census_original.dv_cmdline_args LIKE 'sample' ORDER BY census_original.dv_create_time LIMIT 100;"
2025-07-01T00:04:23.200000,SELECT census_original.dv_cmdline_args FROM census_original  WHERE census_original.dv_create_date <= TIMESTAMP '2022-01-01' ORDER BY census_original.dv_cmdline_args LIMIT 100;
2025-07-01T00:04:23.400000,SELECT census_original.dv_create_date FROM census_original  WHERE census_original.dv_cmdline_args LIKE 'sample' AND census_original.dv_version LIKE 'sample' AND census_original.dv_create_date >= TIMESTAMP '2022-01-01' ORDER BY census_original.dv_create_date LIMIT 100;
2025-07-01T00:04:23.600000,SELECT census_original.dv_cmdline_args FROM census_original  WHERE census_original.dv_create_date <= TIMESTAMP '2022-01-01' ORDER BY census_original.dv_cmdline_args LIMIT 100;
2025-07-01T00:04:23.800000,SELECT census_original.dv_version FROM census_original  WHERE census_original.dv_create_time = 'NULL' AND census_original.dv_cmdline_args = 'sample' ORDER BY census_original.dv_version LIMIT 100;
2025-07-01T00:04:24.000000,SELECT census_original.dv_version FROM census_original  WHERE census_original.dv_create_time = 'NULL' AND census_original.dv_cmdline_args = 'sample' ORDER BY census_original.dv_version LIMIT 100;
2025-07-01T00:04:24.200000,SELECT census_original.dv_create_date FROM census_original  WHERE census_original.dv_cmdline_args LIKE 'sample' AND census_original.dv_version LIKE 'sample' AND census_original.dv_create_date >= TIMESTAMP '2022-01-01' ORDER BY census_original.dv_create_date LIMIT 100;
2025-07-01T00:04:24.400000,SELECT census_original.dv_create_date FROM census_original  WHERE census_original.dv_cmdline_args LIKE 'sample' AND census_original.dv_version LIKE 'sample' AND census_original.dv_create_date >= TIMESTAMP '2022-01-01' ORDER BY census_original.dv_create_date LIMIT 100;
2025-07-01T00:04:24.600000,SELECT census_original.dv_create_time FROM census_original  WHERE census_original.dv_version = 'sample' ORDER BY census_original.dv_create_time LIMIT 100;
2025-07-01T00:04:24.800000,SELECT census_original.dv_version FROM census_original  WHERE census_original.dv_create_time = 'NULL' AND census_original.dv_cmdline_args = 'sample' ORDER BY census_original.dv_version LIMIT 100;
2025-07-01T00:04:25.000000,"SELECT census_original.dv_cmdline_args, census_original.dv_create_time FROM census_original  WHERE census_original.dv_version = 'sample' AND census_original.dv_create_time = 'NULL' AND census_original.dv_cmdline_args LIKE 'sample' ORDER BY census_original.dv_create_time LIMIT 100;"
2025-07-01T00:04:25.200000,SELECT census_original.dv_create_date FROM census_original  WHERE census_original.dv_cmdline_args LIKE 'sample' AND census_original.dv_version LIKE 'sample' AND census_original.dv_create_date >= TIMESTAMP '2022-01-01' ORDER BY census_original.dv_create_date LIMIT 100;
2025-07-01T00:04:25.400000,SELECT census_original.dv_create_time FROM census_original  WHERE census_original.dv_version = 'sample' ORDER BY census_original.dv_create_time LIMIT 100;
2025-07-01T00:04:25.600000,SELECT census_original.dv_create_time FROM census_original  WHERE census_original.dv_version = 'sample' ORDER BY census_original.dv_create_time LIMIT 100;
2025-07-01T00:04:25.800000,SELECT census_original.dv_cmdline_args FROM census_original  WHERE census_original.dv_create_date <= TIMESTAMP '2022-01-01' ORDER BY census_original.dv_cmdline_args LIMIT 100;
2025-07-01T00:04:26.000000,SELECT census_original.dv_version FROM census_original  WHERE census_original.dv_create_time = 'NULL' AND census_original.dv_cmdline_args = 'sample' ORDER BY census_original.dv_version LIMIT 100;
2025-07-01T00:04:26.200000,"SELECT census_original.dv_cmdline_args, census_original.dv_create_time FROM census_original  WHERE census_original.dv_version = 'sample' AND census_original.dv_create_time = 'NULL' AND census_original.dv_cmdline_args LIKE 'sample' ORDER BY census_original.dv_create_time LIMIT 100;"
2025-07-01T00:04:26.400000,"SELECT census_original.dv_cmdline_args, census_original.dv_create_time FROM census_original  WHERE census_original.dv_version = 'sample' AND census_original.dv_create_time = 'NULL' AND census_original.dv_cmdline_args LIKE 'sample' ORDER BY census_original.dv_create_time LIMIT 100;"
2025-07-01T00:04:26.600000,"SELECT census_original.dv_cmdline_args, census_original.dv_create_time FROM census_original  WHERE census_original.dv_version = 'sample' AND census_original.dv_create_time = 'NULL' AND census_original.dv_cmdline_args LIKE 'sample' ORDER BY census_original.dv_create_time LIMIT 100;"
2025-07-01T00:04:26.800000,"SELECT census_original.dv_cmdline_args, census_original.dv_create_time FROM census_original  WHERE census_original.dv_version = 'sample' AND census_original.dv_create_time = 'NULL' AND census_original.dv_cmdline_args LIKE 'sample' ORDER BY census_original.dv_create_time LIMIT 100;"
2025-07-01T00:04:27.000000,"SELECT census_original.dv_cmdline_args, census_original.dv_create_time FROM census_original  WHERE census_original.dv_version = 'sample' AND census_original.dv_create_time = 'NULL' AND census_original.dv_cmdline_args LIKE 'sample' ORDER BY census_original.dv_create_time LIMIT 100;"
2025-07-01T00:04:27.200000,SELECT census_original.dv_version FROM census_original  WHERE census_original.dv_create_time = 'NULL' AND census_original.dv_cmdline_args = 'sample' ORDER BY census_original.dv_version LIMIT 100;
2025-07-01T00:04:27.400000,"SELECT census_original.dv_cmdline_args, census_original.dv_create_time FROM census_original  WHERE census_original.dv_version = 'sample' AND census_original.dv_create_time = 'NULL' AND census_original.dv_cmdline_args LIKE 'sample' ORDER BY census_original.dv_create_time LIMIT 100;"
2025-07-01T00:04:27.600000,SELECT census_original.dv_create_date FROM census_original  WHERE census_original.dv_cmdline_args LIKE 'sample' AND census_original.dv_version LIKE 'sample' AND census_original.dv_create_date >= TIMESTAMP '2022-01-01' ORDER BY census_original.dv_create_date LIMIT 100;
2025-07-01T00:04:27.800000,SELECT census_original.dv_create_time FROM census_original  WHERE census_original.dv_version = 'sample' ORDER BY census_original.dv_create_time LIMIT 100;
2025-07-01T00:04:28.000000,SELECT census_original.dv_cmdline_args FROM census_original  WHERE census_original.dv_create_date <= TIMESTAMP '2022-01-01' ORDER BY census_original.dv_cmdline_args LIMIT 100;
2025-07-01T00:04:28.200000,SELECT census_original.dv_create_time FROM census_original  WHERE census_original.dv_version = 'sample' ORDER BY census_original.dv_create_time LIMIT 100;
2025-07-01T00:04:28.400000,SELECT census_original.dv_cmdline_args FROM census_original  WHERE census_original.dv_create_date <= TIMESTAMP '2022-01-01' ORDER BY census_original.dv_cmdline_args LIMIT 100;
2025-07-01T00:04:28.600000,SELECT census_original.dv_create_date FROM census_original  WHERE census_original.dv_cmdline_args LIKE 'sample' AND census_original.dv_version LIKE 'sample' AND census_original.dv_create_date >= TIMESTAMP '2022-01-01' ORDER BY census_original.dv_create_date LIMIT 100;
2025-07-01T00:04:28.800000,SELECT census_original.dv_create_time FROM census_original  WHERE census_original.dv_version = 'sample' ORDER BY census_original.dv_create_time LIMIT 100;
2025-07-01T00:04:29.000000,SELECT census_original.dv_cmdline_args FROM census_original  WHERE census_original.dv_create_date <= TIMESTAMP '2022-01-01' ORDER BY census_original.dv_cmdline_args LIMIT 100;
2025-07-01T00:04:29.200000,SELECT census_original.dv_version FROM census_original  WHERE census_original.dv_create_time = 'NULL' AND census_original.dv_cmdline_args = 'sample' ORDER BY census_original.dv_version LIMIT 100;
2025-07-01T00:04:29.400000,SELECT census_original.dv_version FROM census_original  WHERE census_original.dv_create_time = 'NULL' AND census_original.dv_cmdline_args = 'sample' ORDER BY census_original.dv_version LIMIT 100;
2025-07-01T00:04:29.600000,"SELECT census_original.dv_cmdline_args, census_original.dv_create_time FROM census_original  WHERE census_original.dv_version = 'sample' AND census_original.dv_create_time = 'NULL' AND census_original.dv_cmdline_args LIKE 'sample' ORDER BY census_original.dv_create_time LIMIT 100;"
2025-07-01T00:04:29.800000,"SELECT census_original.dv_cmdline_args, census_original.dv_create_time FROM census_original  WHERE census_original.dv_version = 'sample' AND census_original.dv_create_time = 'NULL' AND census_original.dv_cmdline_args LIKE 'sample' ORDER BY census_original.dv_create_time LIMIT 100;"
2025-07-01T00:04:30.000000,"SELECT census_original.dv_cmdline_args, census_original.dv_create_time FROM census_original  WHERE census_original.dv_version = 'sample' AND census_original.dv_create_time = 'NULL' AND census_original.dv_cmdline_args LIKE 'sample' ORDER BY census_original.dv_create_time LIMIT 100;"
2025-07-01T00:04:30.200000,"SELECT census_original.dv_cmdline_args, census_original.dv_create_time FROM census_original  WHERE census_original.dv_version = 'sample' AND census_original.dv_create_time = 'NULL' AND census_original.dv_cmdline_args LIKE 'sample' ORDER BY census_original.dv_create_time LIMIT 100;"
2025-07-01T00:04:30.400000,SELECT census_original.dv_create_time FROM census_original  WHERE census_original.dv_version = 'sample' ORDER BY census_original.dv_create_time LIMIT 100;
2025-07-01T00:04:30.600000,SELECT census_original.dv_create_date FROM census_original  WHERE census_original.dv_cmdline_args LIKE 'sample' AND census_original.dv_version LIKE 'sample' AND census_original.dv_create_date >= TIMESTAMP '2022-01-01' ORDER BY census_original.dv_create_date LIMIT 100;
2025-07-01T00:04:30.800000,SELECT census_original.dv_create_date FROM census_original  WHERE census_original.dv_cmdline_args LIKE 'sample' AND census_original.dv_version LIKE 'sample' AND census_original.dv_create_date >= TIMESTAMP '2022-01-01' ORDER BY census_original.dv_create_date LIMIT 100;
2025-07-01T00:04:31.000000,SELECT census_original.dv_create_time FROM census_original  WHERE census_original.dv_version = 'sample' ORDER BY census_original.dv_create_time LIMIT 100;
2025-07-01T00:04:31.200000,SELECT census_original.dv_cmdline_args FROM census_original  WHERE census_original.dv_create_date <= TIMESTAMP '2022-01-01' ORDER BY census_original.dv_cmdline_args LIMIT 100;
2025-07-01T00:04:31.400000,SELECT census_original.dv_create_time FROM census_original  WHERE census_original.dv_version = 'sample' ORDER BY census_original.dv_create_time LIMIT 100;
2025-07-01T00:04:31.600000,SELECT census_original.dv_create_time FROM census_original  WHERE census_original.dv_version = 'sample' ORDER BY census_original.dv_create_time LIMIT 100;
2025-07-01T00:04:31.800000,"SELECT census_original.dv_cmdline_args, census_original.dv_create_time FROM census_original  WHERE census_original.dv_version = 'sample' AND census_original.dv_create_time = 'NULL' AND census_original.dv_cmdline_args LIKE 'sample' ORDER BY census_original.dv_create_time LIMIT 100;"
2025-07-01T00:04:32.000000,SELECT census_original.dv_version FROM census_original  WHERE census_original.dv_create_time = 'NULL' AND census_original.dv_cmdline_args = 'sample' ORDER BY census_original.dv_version LIMIT 100;
2025-07-01T00:04:32.200000,SELECT census_original.dv_version FROM census_original  WHERE census_original.dv_create_time = 'NULL' AND census_original.dv_cmdline_args = 'sample' ORDER BY census_original.dv_version LIMIT 100;
2025-07-01T00:04:32.400000,SELECT census_original.dv_create_date FROM census_original  WHERE census_original.dv_cmdline_args LIKE 'sample' AND census_original.dv_version LIKE 'sample' AND census_original.dv_create_date >= TIMESTAMP '2022-01-01' ORDER BY census_original.dv_create_date LIMIT 100;
2025-07-01T00:04:32.600000,"SELECT census_original.dv_cmdline_args, census_original.dv_create_time FROM census_original  WHERE census_original.dv_version = 'sample' AND census_original.dv_create_time = 'NULL' AND census_original.dv_cmdline_args LIKE 'sample' ORDER BY census_original.dv_create_time LIMIT 100;"
2025-07-01T00:04:32.800000,"SELECT census_original.dv_cmdline_args, census_original.dv_create_time FROM census_original  WHERE census_original.dv_version = 'sample' AND census_original.dv_create_time = 'NULL' AND census_original.dv_cmdline_args LIKE 'sample' ORDER BY census_original.dv_create_time LIMIT 100;"
2025-07-01T00:04:33.000000,SELECT census_original.dv_cmdline_args FROM census_original  WHERE census_original.dv_create_date <= TIMESTAMP '2022-01-01' ORDER BY census_original.dv_cmdline_args LIMIT 100;
2025-07-01T00:04:33.200000,"SELECT census_original.dv_cmdline_args, census_original.dv_create_time FROM census_original  WHERE census_original.dv_version = 'sample' AND census_original.dv_create_time = 'NULL' AND census_original.dv_cmdline_args LIKE 'sample' ORDER BY census_original.dv_create_time LIMIT 100;"
2025-07-01T00:04:33.400000,SELECT census_original.dv_cmdline_args FROM census_original  WHERE census_original.dv_create_date <= TIMESTAMP '2022-01-01' ORDER BY census_original.dv_cmdline_args LIMIT 100;
2025-07-01T00:04:33.600000,SELECT census_original.dv_create_date FROM census_original  WHERE census_original.dv_cmdline_args LIKE 'sample' AND census_original.dv_version LIKE 'sample' AND census_original.dv_create_date >= TIMESTAMP '2022-01-01' ORDER BY census_original.dv_create_date LIMIT 100;
2025-07-01T00:04:33.800000,SELECT census_original.dv_create_date FROM census_original  WHERE census_original.dv_cmdline_args LIKE 'sample' AND census_original.dv_version LIKE 'sample' AND census_original.dv_create_date >= TIMESTAMP '2022-01-01' ORDER BY census_original.dv_create_date LIMIT 100;
2025-07-01T00:04:34.000000,SELECT census_original.dv_create_date FROM census_original  WHERE census_original.dv_cmdline_args LIKE 'sample' AND census_original.dv_version LIKE 'sample' AND census_original.dv_create_date >= TIMESTAMP '2022-01-01' ORDER BY census_original.dv_create_date LIMIT 100;
2025-07-01T00:04:34.200000,SELECT census_original.dv_create_time FROM census_original  WHERE census_original.dv_version = 'sample' ORDER BY census_original.dv_create_time LIMIT 100;
2025-07-01T00:04:34.400000,SELECT census_original.dv_create_time FROM census_original  WHERE census_original.dv_version = 'sample' ORDER BY census_original.dv_create_time LIMIT 100;
2025-07-01T00:04:34.600000,SELECT census_original.dv_create_date FROM census_original  WHERE census_original.dv_cmdline_args LIKE 'sample' AND census_original.dv_version LIKE 'sample' AND census_original.dv_create_date >= TIMESTAMP '2022-01-01' ORDER BY census_original.dv_create_date LIMIT 100;
2025-07-01T00:04:34.800000,"SELECT census_original.dv_cmdline_args, census_original.dv_create_time FROM census_original  WHERE census_original.dv_version = 'sample' AND census_original.dv_create_time = 'NULL' AND census_original.dv_cmdline_args LIKE 'sample' ORDER BY census_original.dv_create_time LIMIT 100;"
2025-07-01T00:04:35.000000,SELECT census_original.dv_version FROM census_original  WHERE census_original.dv_create_time = 'NULL' AND census_original.dv_cmdline_args = 'sample' ORDER BY census_original.dv_version LIMIT 100;
2025-07-01T00:04:35.200000,SELECT census_original.dv_version FROM census_original  WHERE census_original.dv_create_time = 'NULL' AND census_original.dv_cmdline_args = 'sample' ORDER BY census_original.dv_version LIMIT 100;
2025-07-01T00:04:35.400000,SELECT census_original.dv_create_time FROM census_original  WHERE census_original.dv_version = 'sample' ORDER BY census_original.dv_create_time LIMIT 100;
2025-07-01T00:04:35.600000,SELECT census_original.dv_version FROM census_original  WHERE census_original.dv_create_time = 'NULL' AND census_original.dv_cmdline_args = 'sample' ORDER BY census_original.dv_version LIMIT 100;
2025-07-01T00:04:35.800000,SELECT census_original.dv_create_time FROM census_original  WHERE census_original.dv_version = 'sample' ORDER BY census_original.dv_create_time LIMIT 100;
2025-07-01T00:04:36.000000,SELECT census_original.dv_cmdline_args FROM census_original  WHERE census_original.dv_create_date <= TIMESTAMP '2022-01-01' ORDER BY census_original.dv_cmdline_args LIMIT 100;
2025-07-01T00:04:36.200000,SELECT census_original.dv_create_time FROM census_original  WHERE census_original.dv_version = 'sample' ORDER BY census_original.dv_create_time LIMIT 100;
2025-07-01T00:04:36.400000,"SELECT census_original.dv_cmdline_args, census_original.dv_create_time FROM census_original  WHERE census_original.dv_version = 'sample' AND census_original.dv_create_time = 'NULL' AND census_original.dv_cmdline_args LIKE 'sample' ORDER BY census_original.dv_create_time LIMIT 100;"
2025-07-01T00:04:36.600000,SELECT census_original.dv_cmdline_args FROM census_original  WHERE census_original.dv_create_date <= TIMESTAMP '2022-01-01' ORDER BY census_original.dv_cmdline_args LIMIT 100;
2025-07-01T00:04:36.800000,"SELECT census_original.dv_cmdline_args, census_original.dv_create_time FROM census_original  WHERE census_original.dv_version = 'sample' AND census_original.dv_create_time = 'NULL' AND census_original.dv_cmdline_args LIKE 'sample' ORDER BY census_original.dv_create_time LIMIT 100;"
2025-07-01T00:04:37.000000,SELECT census_original.dv_cmdline_args FROM census_original  WHERE census_original.dv_create_date <= TIMESTAMP '2022-01-01' ORDER BY census_original.dv_cmdline_args LIMIT 100;
2025-07-01T00:04:37.200000,SELECT census_original.dv_create_date FROM census_original  WHERE census_original.dv_cmdline_args LIKE 'sample' AND census_original.dv_version LIKE 'sample' AND census_original.dv_create_date >= TIMESTAMP '2022-01-01' ORDER BY census_original.dv_create_date LIMIT 100;
2025-07-01T00:04:37.400000,SELECT census_original.dv_create_time FROM census_original  WHERE census_original.dv_version = 'sample' ORDER BY census_original.dv_create_time LIMIT 100;
2025-07-01T00:04:37.600000,"SELECT census_original.dv_cmdline_args, census_original.dv_create_time FROM census_original  WHERE census_original.dv_version = 'sample' AND census_original.dv_create_time = 'NULL' AND census_original.dv_cmdline_args LIKE 'sample' ORDER BY census_original.dv_create_time LIMIT 100;"
2025-07-01T00:04:37.800000,SELECT census_original.dv_version FROM census_original  WHERE census_original.dv_create_time = 'NULL' AND census_original.dv_cmdline_args = 'sample' ORDER BY census_original.dv_version LIMIT 100;
2025-07-01T00:04:38.000000,SELECT census_original.dv_create_time FROM census_original  WHERE census_original.dv_version = 'sample' ORDER BY census_original.dv_create_time LIMIT 100;
2025-07-01T00:04:38.200000,"SELECT census_original.dv_cmdline_args, census_original.dv_create_time FROM census_original  WHERE census_original.dv_version = 'sample' AND census_original.dv_create_time = 'NULL' AND census_original.dv_cmdline_args LIKE 'sample' ORDER BY census_original.dv_create_time LIMIT 100;"
2025-07-01T00:04:38.400000,SELECT census_original.dv_cmdline_args FROM census_original  WHERE census_original.dv_create_date <= TIMESTAMP '2022-01-01' ORDER BY census_original.dv_cmdline_args LIMIT 100;
2025-07-01T00:04:38.600000,SELECT census_original.dv_version FROM census_original  WHERE census_original.dv_create_time = 'NULL' AND census_original.dv_cmdline_args = 'sample' ORDER BY census_original.dv_version LIMIT 100;
2025-07-01T00:04:38.800000,SELECT census_original.dv_create_time FROM census_original  WHERE census_original.dv_version = 'sample' ORDER BY census_original.dv_create_time LIMIT 100;
2025-07-01T00:04:39.000000,SELECT census_original.dv_cmdline_args FROM census_original  WHERE census_original.dv_create_date <= TIMESTAMP '2022-01-01' ORDER BY census_original.dv_cmdline_args LIMIT 100;
2025-07-01T00:04:39.200000,SELECT census_original.dv_create_date FROM census_original  WHERE census_original.dv_cmdline_args LIKE 'sample' AND census_original.dv_version LIKE 'sample' AND census_original.dv_create_date >= TIMESTAMP '2022-01-01' ORDER BY census_original.dv_create_date LIMIT 100;
2025-07-01T00:04:39.400000,SELECT census_original.dv_cmdline_args FROM census_original  WHERE census_original.dv_create_date <= TIMESTAMP '2022-01-01' ORDER BY census_original.dv_cmdline_args LIMIT 100;
2025-07-01T00:04:39.600000,SELECT census_original.dv_version FROM census_original  WHERE census_original.dv_create_time = 'NULL' AND census_original.dv_cmdline_args = 'sample' ORDER BY census_original.dv_version LIMIT 100;
2025-07-01T00:04:39.800000,SELECT census_original.dv_version FROM census_original  WHERE census_original.dv_create_time = 'NULL' AND census_original.dv_cmdline_args = 'sample' ORDER BY census_original.dv_version LIMIT 100;
2025-07-01T00:04:40.000000,"SELECT census_original.dv_cmdline_args, census_original.dv_create_time FROM census_original  WHERE census_original.dv_version = 'sample' AND census_original.dv_create_time = 'NULL' AND census_original.dv_cmdline_args LIKE 'sample' ORDER BY census_original.dv_create_time LIMIT 100;"
2025-07-01T00:04:40.200000,SELECT census_original.dv_cmdline_args FROM census_original  WHERE census_original.dv_create_date <= TIMESTAMP '2022-01-01' ORDER BY census_original.dv_cmdline_args LIMIT 100;
2025-07-01T00:04:40.400000,SELECT census_original.dv_create_date FROM census_original  WHERE census_original.dv_cmdline_args LIKE 'sample' AND census_original.dv_version LIKE 'sample' AND census_original.dv_create_date >= TIMESTAMP '2022-01-01' ORDER BY census_original.dv_create_date LIMIT 100;
2025-07-01T00:04:40.600000,SELECT census_original.dv_version FROM census_original  WHERE census_original.dv_create_time = 'NULL' AND census_original.dv_cmdline_args = 'sample' ORDER BY census_original.dv_version LIMIT 100;
2025-07-01T00:04:40.800000,"SELECT census_original.dv_cmdline_args, census_original.dv_create_time FROM census_original  WHERE census_original.dv_version = 'sample' AND census_original.dv_create_time = 'NULL' AND census_original.dv_cmdline_args LIKE 'sample' ORDER BY census_original.dv_create_time LIMIT 100;"
2025-07-01T00:04:41.000000,SELECT census_original.dv_cmdline_args FROM census_original  WHERE census_original.dv_create_date <= TIMESTAMP '2022-01-01' ORDER BY census_original.dv_cmdline_args LIMIT 100;
2025-07-01T00:04:41.200000,SELECT census_original.dv_create_time FROM census_original  WHERE census_original.dv_version = 'sample' ORDER BY census_original.dv_create_time LIMIT 100;
2025-07-01T00:04:41.400000,"SELECT census_original.dv_cmdline_args, census_original.dv_create_time FROM census_original  WHERE census_original.dv_version = 'sample' AND census_original.dv_create_time = 'NULL' AND census_original.dv_cmdline_args LIKE 'sample' ORDER BY census_original.dv_create_time LIMIT 100;"
2025-07-01T00:04:41.600000,SELECT census_original.dv_cmdline_args FROM census_original  WHERE census_original.dv_create_date <= TIMESTAMP '2022-01-01' ORDER BY census_original.dv_cmdline_args LIMIT 100;
2025-07-01T00:04:41.800000,SELECT census_original.dv_version FROM census_original  WHERE census_original.dv_create_time = 'NULL' AND census_original.dv_cmdline_args = 'sample' ORDER BY census_original.dv_version LIMIT 100;
2025-07-01T00:04:42.000000,SELECT census_original.dv_create_time FROM census_original  WHERE census_original.dv_version = 'sample' ORDER BY census_original.dv_create_time LIMIT 100;
2025-07-01T00:04:42.200000,SELECT census_original.dv_cmdline_args FROM census_original  WHERE census_original.dv_create_date <= TIMESTAMP '2022-01-01' ORDER BY census_original.dv_cmdline_args LIMIT 100;
2025-07-01T00:04:42.400000,"SELECT census_original.dv_cmdline_args, census_original.dv_create_time FROM census_original  WHERE census_original.dv_version = 'sample' AND census_original.dv_create_time = 'NULL' AND census_original.dv_cmdline_args LIKE 'sample' ORDER BY census_original.dv_create_time LIMIT 100;"
2025-07-01T00:04:42.600000,SELECT census_original.dv_create_time FROM census_original  WHERE census_original.dv_version = 'sample' ORDER BY census_original.dv_create_time LIMIT 100;
2025-07-01T00:04:42.800000,SELECT census_original.dv_cmdline_args FROM census_original  WHERE census_original.dv_create_date <= TIMESTAMP '2022-01-01' ORDER BY census_original.dv_cmdline_args LIMIT 100;
2025-07-01T00:04:43.000000,"SELECT census_original.dv_cmdline_args, census_original.dv_create_time FROM census_original  WHERE census_original.dv_version = 'sample' AND census_original.dv_create_time = 'NULL' AND census_original.dv_cmdline_args LIKE 'sample' ORDER BY census_original.dv_create_time LIMIT 100;"
2025-07-01T00:04:43.200000,"SELECT census_original.dv_cmdline_args, census_original.dv_create_time FROM census_original  WHERE census_original.dv_version = 'sample' AND census_original.dv_create_time = 'NULL' AND census_original.dv_cmdline_args LIKE 'sample' ORDER BY census_original.dv_create_time LIMIT 100;"
2025-07-01T00:04:43.400000,SELECT census_original.dv_create_date FROM census_original  WHERE census_original.dv_cmdline_args LIKE 'sample' AND census_original.dv_version LIKE 'sample' AND census_original.dv_create_date >= TIMESTAMP '2022-01-01' ORDER BY census_original.dv_create_date LIMIT 100;
2025-07-01T00:04:43.600000,"SELECT census_original.dv_cmdline_args, census_original.dv_create_time FROM census_original  WHERE census_original.dv_version = 'sample' AND census_original.dv_create_time = 'NULL' AND census_original.dv_cmdline_args LIKE 'sample' ORDER BY census_original.dv_create_time LIMIT 100;"
2025-07-01T00:04:43.800000,"SELECT census_original.dv_cmdline_args, census_original.dv_create_time FROM census_original  WHERE census_original.dv_version = 'sample' AND census_original.dv_create_time = 'NULL' AND census_original.dv_cmdline_args LIKE 'sample' ORDER BY census_original.dv_create_time LIMIT 100;"
2025-07-01T00:04:44.000000,SELECT census_original.dv_cmdline_args FROM census_original  WHERE census_original.dv_create_date <= TIMESTAMP '2022-01-01' ORDER BY census_original.dv_cmdline_args LIMIT 100;
2025-07-01T00:04:44.200000,"SELECT census_original.dv_cmdline_args, census_original.dv_create_time FROM census_original  WHERE census_original.dv_version = 'sample' AND census_original.dv_create_time = 'NULL' AND census_original.dv_cmdline_args LIKE 'sample' ORDER BY census_original.dv_create_time LIMIT 100;"
2025-07-01T00:04:44.400000,SELECT census_original.dv_cmdline_args FROM census_original  WHERE census_original.dv_create_date <= TIMESTAMP '2022-01-01' ORDER BY census_original.dv_cmdline_args LIMIT 100;
2025-07-01T00:04:44.600000,SELECT census_original.dv_version FROM census_original  WHERE census_original.dv_create_time = 'NULL' AND census_original.dv_cmdline_args = 'sample' ORDER BY census_original.dv_version LIMIT 100;
2025-07-01T00:04:44.800000,SELECT census_original.dv_version FROM census_original  WHERE census_original.dv_create_time = 'NULL' AND census_original.dv_cmdline_args = 'sample' ORDER BY census_original.dv_version LIMIT 100;
2025-07-01T00:04:45.000000,SELECT census_original.dv_cmdline_args FROM census_original  WHERE census_original.dv_create_date <= TIMESTAMP '2022-01-01' ORDER BY census_original.dv_cmdline_args LIMIT 100;
2025-07-01T00:04:45.200000,SELECT census_original.dv_version FROM census_original  WHERE census_original.dv_create_time = 'NULL' AND census_original.dv_cmdline_args = 'sample' ORDER BY census_original.dv_version LIMIT 100;
2025-07-01T00:04:45.400000,"SELECT census_original.dv_cmdline_args, census_original.dv_create_time FROM census_original  WHERE census_original.dv_version = 'sample' AND census_original.dv_create_time = 'NULL' AND census_original.dv_cmdline_args LIKE 'sample' ORDER BY census_original.dv_create_time LIMIT 100;"
2025-07-01T00:04:45.600000,SELECT census_original.dv_create_time FROM census_original  WHERE census_original.dv_version = 'sample' ORDER BY census_original.dv_create_time LIMIT 100;
2025-07-01T00:04:45.800000,"SELECT census_original.dv_cmdline_args, census_original.dv_create_time FROM census_original  WHERE census_original.dv_version = 'sample' AND census_original.dv_create_time = 'NULL' AND census_original.dv_cmdline_args LIKE 'sample' ORDER BY census_original.dv_create_time LIMIT 100;"
2025-07-01T00:04:46.000000,"SELECT census_original.dv_cmdline_args, census_original.dv_create_time FROM census_original  WHERE census_original.dv_version = 'sample' AND census_original.dv_create_time = 'NULL' AND census_original.dv_cmdline_args LIKE 'sample' ORDER BY census_original.dv_create_time LIMIT 100;"
2025-07-01T00:04:46.200000,SELECT census_original.dv_create_date FROM census_original  WHERE census_original.dv_cmdline_args LIKE 'sample' AND census_original.dv_version LIKE 'sample' AND census_original.dv_create_date >= TIMESTAMP '2022-01-01' ORDER BY census_original.dv_create_date LIMIT 100;
2025-07-01T00:04:46.400000,"SELECT census_original.dv_cmdline_args, census_original.dv_create_time FROM census_original  WHERE census_original.dv_version = 'sample' AND census_original.dv_create_time = 'NULL' AND census_original.dv_cmdline_args LIKE 'sample' ORDER BY census_original.dv_create_time LIMIT 100;"
2025-07-01T00:04:46.600000,SELECT census_original.dv_create_date FROM census_original  WHERE census_original.dv_cmdline_args LIKE 'sample' AND census_original.dv_version LIKE 'sample' AND census_original.dv_create_date >= TIMESTAMP '2022-01-01' ORDER BY census_original.dv_create_date LIMIT 100;
2025-07-01T00:04:46.800000,SELECT census_original.dv_cmdline_args FROM census_original  WHERE census_original.dv_create_date <= TIMESTAMP '2022-01-01' ORDER BY census_original.dv_cmdline_args LIMIT 100;
2025-07-01T00:04:47.000000,SELECT census_original.dv_cmdline_args FROM census_original  WHERE census_original.dv_create_date <= TIMESTAMP '2022-01-01' ORDER BY census_original.dv_cmdline_args LIMIT 100;
2025-07-01T00:04:47.200000,"SELECT census_original.dv_cmdline_args, census_original.dv_create_time FROM census_original  WHERE census_original.dv_version = 'sample' AND census_original.dv_create_time = 'NULL' AND census_original.dv_cmdline_args LIKE 'sample' ORDER BY census_original.dv_create_time LIMIT 100;"
2025-07-01T00:04:47.400000,SELECT census_original.dv_create_date FROM census_original  WHERE census_original.dv_cmdline_args LIKE 'sample' AND census_original.dv_version LIKE 'sample' AND census_original.dv_create_date >= TIMESTAMP '2022-01-01' ORDER BY census_original.dv_create_date LIMIT 100;
2025-07-01T00:04:47.600000,SELECT census_original.dv_create_date FROM census_original  WHERE census_original.dv_cmdline_args LIKE 'sample' AND census_original.dv_version LIKE 'sample' AND census_original.dv_create_date >= TIMESTAMP '2022-01-01' ORDER BY census_original.dv_create_date LIMIT 100;
2025-07-01T00:04:47.800000,SELECT census_original.dv_cmdline_args FROM census_original  WHERE census_original.dv_create_date <= TIMESTAMP '2022-01-01' ORDER BY census_original.dv_cmdline_args LIMIT 100;
2025-07-01T00:04:48.000000,SELECT census_original.dv_create_time FROM census_original  WHERE census_original.dv_version = 'sample' ORDER BY census_original.dv_create_time LIMIT 100;
2025-07-01T00:04:48.200000,SELECT census_original.dv_version FROM census_original  WHERE census_original.dv_create_time = 'NULL' AND census_original.dv_cmdline_args = 'sample' ORDER BY census_original.dv_version LIMIT 100;
2025-07-01T00:04:48.400000,"SELECT census_original.dv_cmdline_args, census_original.dv_create_time FROM census_original  WHERE census_original.dv_version = 'sample' AND census_original.dv_create_time = 'NULL' AND census_original.dv_cmdline_args LIKE 'sample' ORDER BY census_original.dv_create_time LIMIT 100;"
2025-07-01T00:04:48.600000,"SELECT census_original.dv_cmdline_args, census_original.dv_create_time FROM census_original  WHERE census_original.dv_version = 'sample' AND census_original.dv_create_time = 'NULL' AND census_original.dv_cmdline_args LIKE 'sample' ORDER BY census_original.dv_create_time LIMIT 100;"
2025-07-01T00:04:48.800000,SELECT census_original.dv_version FROM census_original  WHERE census_original.dv_create_time = 'NULL' AND census_original.dv_cmdline_args = 'sample' ORDER BY census_original.dv_version LIMIT 100;
2025-07-01T00:04:49.000000,SELECT census_original.dv_create_time FROM census_original  WHERE census_original.dv_version = 'sample' ORDER BY census_original.dv_create_time LIMIT 100;
2025-07-01T00:04:49.200000,SELECT census_original.dv_create_date FROM census_original  WHERE census_original.dv_cmdline_args LIKE 'sample' AND census_original.dv_version LIKE 'sample' AND census_original.dv_create_date >= TIMESTAMP '2022-01-01' ORDER BY census_original.dv_create_date LIMIT 100;
2025-07-01T00:04:49.400000,SELECT census_original.dv_version FROM census_original  WHERE census_original.dv_create_time = 'NULL' AND census_original.dv_cmdline_args = 'sample' ORDER BY census_original.dv_version LIMIT 100;
2025-07-01T00:04:49.600000,SELECT census_original.dv_create_date FROM census_original  WHERE census_original.dv_cmdline_args LIKE 'sample' AND census_original.dv_version LIKE 'sample' AND census_original.dv_create_date >= TIMESTAMP '2022-01-01' ORDER BY census_original.dv_create_date LIMIT 100;
2025-07-01T00:04:49.800000,SELECT census_original.dv_create_time FROM census_original  WHERE census_original.dv_version = 'sample' ORDER BY census_original.dv_create_time LIMIT 100;
2025-07-01T00:04:50.000000,SELECT census_original.dv_create_time FROM census_original  WHERE census_original.dv_version = 'sample' ORDER BY census_original.dv_create_time LIMIT 100;
2025-07-01T00:04:50.200000,SELECT census_original.dv_create_date FROM census_original  WHERE census_original.dv_cmdline_args LIKE 'sample' AND census_original.dv_version LIKE 'sample' AND census_original.dv_create_date >= TIMESTAMP '2022-01-01' ORDER BY census_original.dv_create_date LIMIT 100;
2025-07-01T00:04:50.400000,SELECT census_original.dv_cmdline_args FROM census_original  WHERE census_original.dv_create_date <= TIMESTAMP '2022-01-01' ORDER BY census_original.dv_cmdline_args LIMIT 100;
2025-07-01T00:04:50.600000,"SELECT census_original.dv_cmdline_args, census_original.dv_create_time FROM census_original  WHERE census_original.dv_version = 'sample' AND census_original.dv_create_time = 'NULL' AND census_original.dv_cmdline_args LIKE 'sample' ORDER BY census_original.dv_create_time LIMIT 100;"
2025-07-01T00:04:50.800000,SELECT census_original.dv_version FROM census_original  WHERE census_original.dv_create_time = 'NULL' AND census_original.dv_cmdline_args = 'sample' ORDER BY census_original.dv_version LIMIT 100;
2025-07-01T00:04:51.000000,SELECT census_original.dv_version FROM census_original  WHERE census_original.dv_create_time = 'NULL' AND census_original.dv_cmdline_args = 'sample' ORDER BY census_original.dv_version LIMIT 100;
2025-07-01T00:04:51.200000,SELECT census_original.dv_create_date FROM census_original  WHERE census_original.dv_cmdline_args LIKE 'sample' AND census_original.dv_version LIKE 'sample' AND census_original.dv_create_date >= TIMESTAMP '2022-01-01' ORDER BY census_original.dv_create_date LIMIT 100;
2025-07-01T00:04:51.400000,SELECT census_original.dv_version FROM census_original  WHERE census_original.dv_create_time = 'NULL' AND census_original.dv_cmdline_args = 'sample' ORDER BY census_original.dv_version LIMIT 100;
2025-07-01T00:04:51.600000,SELECT census_original.dv_create_date FROM census_original  WHERE census_original.dv_cmdline_args LIKE 'sample' AND census_original.dv_version LIKE 'sample' AND census_original.dv_create_date >= TIMESTAMP '2022-01-01' ORDER BY census_original.dv_create_date LIMIT 100;
2025-07-01T00:04:51.800000,"SELECT census_original.dv_cmdline_args, census_original.dv_create_time FROM census_original  WHERE census_original.dv_version = 'sample' AND census_original.dv_create_time = 'NULL' AND census_original.dv_cmdline_args LIKE 'sample' ORDER BY census_original.dv_create_time LIMIT 100;"
2025-07-01T00:04:52.000000,SELECT census_original.dv_version FROM census_original  WHERE census_original.dv_create_time = 'NULL' AND census_original.dv_cmdline_args = 'sample' ORDER BY census_original.dv_version LIMIT 100;
2025-07-01T00:04:52.200000,SELECT census_original.dv_cmdline_args FROM census_original  WHERE census_original.dv_create_date <= TIMESTAMP '2022-01-01' ORDER BY census_original.dv_cmdline_args LIMIT 100;
2025-07-01T00:04:52.400000,SELECT census_original.dv_cmdline_args FROM census_original  WHERE census_original.dv_create_date <= TIMESTAMP '2022-01-01' ORDER BY census_original.dv_cmdline_args LIMIT 100;
2025-07-01T00:04:52.600000,"SELECT census_original.dv_cmdline_args, census_original.dv_create_time FROM census_original  WHERE census_original.dv_version = 'sample' AND census_original.dv_create_time = 'NULL' AND census_original.dv_cmdline_args LIKE 'sample' ORDER BY census_original.dv_create_time LIMIT 100;"
2025-07-01T00:04:52.800000,SELECT census_original.dv_version FROM census_original  WHERE census_original.dv_create_time = 'NULL' AND census_original.dv_cmdline_args = 'sample' ORDER BY census_original.dv_version LIMIT 100;
2025-07-01T00:04:53.000000,SELECT census_original.dv_version FROM census_original  WHERE census_original.dv_create_time = 'NULL' AND census_original.dv_cmdline_args = 'sample' ORDER BY census_original.dv_version LIMIT 100;
2025-07-01T00:04:53.200000,"SELECT census_original.dv_cmdline_args, census_original.dv_create_time FROM census_original  WHERE census_original.dv_version = 'sample' AND census_original.dv_create_time = 'NULL' AND census_original.dv_cmdline_args LIKE 'sample' ORDER BY census_original.dv_create_time LIMIT 100;"
2025-07-01T00:04:53.400000,SELECT census_original.dv_cmdline_args FROM census_original  WHERE census_original.dv_create_date <= TIMESTAMP '2022-01-01' ORDER BY census_original.dv_cmdline_args LIMIT 100;
2025-07-01T00:04:53.600000,SELECT census_original.dv_create_date FROM census_original  WHERE census_original.dv_cmdline_args LIKE 'sample' AND census_original.dv_version LIKE 'sample' AND census_original.dv_create_date >= TIMESTAMP '2022-01-01' ORDER BY census_original.dv_create_date LIMIT 100;
2025-07-01T00:04:53.800000,SELECT census_original.dv_cmdline_args FROM census_original  WHERE census_original.dv_create_date <= TIMESTAMP '2022-01-01' ORDER BY census_original.dv_cmdline_args LIMIT 100;
2025-07-01T00:04:54.000000,"SELECT census_original.dv_cmdline_args, census_original.dv_create_time FROM census_original  WHERE census_original.dv_version = 'sample' AND census_original.dv_create_time = 'NULL' AND census_original.dv_cmdline_args LIKE 'sample' ORDER BY census_original.dv_create_time LIMIT 100;"
2025-07-01T00:04:54.200000,SELECT census_original.dv_create_time FROM census_original  WHERE census_original.dv_version = 'sample' ORDER BY census_original.dv_create_time LIMIT 100;
2025-07-01T00:04:54.400000,SELECT census_original.dv_cmdline_args FROM census_original  WHERE census_original.dv_create_date <= TIMESTAMP '2022-01-01' ORDER BY census_original.dv_cmdline_args LIMIT 100;
2025-07-01T00:04:54.600000,SELECT census_original.dv_version FROM census_original  WHERE census_original.dv_create_time = 'NULL' AND census_original.dv_cmdline_args = 'sample' ORDER BY census_original.dv_version LIMIT 100;
2025-07-01T00:04:54.800000,"SELECT census_original.dv_cmdline_args, census_original.dv_create_time FROM census_original  WHERE census_original.dv_version = 'sample' AND census_original.dv_create_time = 'NULL' AND census_original.dv_cmdline_args LIKE 'sample' ORDER BY census_original.dv_create_time LIMIT 100;"
2025-07-01T00:04:55.000000,"SELECT census_original.dv_cmdline_args, census_original.dv_create_time FROM census_original  WHERE census_original.dv_version = 'sample' AND census_original.dv_create_time = 'NULL' AND census_original.dv_cmdline_args LIKE 'sample' ORDER BY census_original.dv_create_time LIMIT 100;"
2025-07-01T00:04:55.200000,"SELECT census_original.dv_cmdline_args, census_original.dv_create_time FROM census_original  WHERE census_original.dv_version = 'sample' AND census_original.dv_create_time = 'NULL' AND census_original.dv_cmdline_args LIKE 'sample' ORDER BY census_original.dv_create_time LIMIT 100;"
2025-07-01T00:04:55.400000,"SELECT census_original.dv_cmdline_args, census_original.dv_create_time FROM census_original  WHERE census_original.dv_version = 'sample' AND census_original.dv_create_time = 'NULL' AND census_original.dv_cmdline_args LIKE 'sample' ORDER BY census_original.dv_create_time LIMIT 100;"
2025-07-01T00:04:55.600000,SELECT census_original.dv_cmdline_args FROM census_original  WHERE census_original.dv_create_date <= TIMESTAMP '2022-01-01' ORDER BY census_original.dv_cmdline_args LIMIT 100;
2025-07-01T00:04:55.800000,SELECT census_original.dv_create_time FROM census_original  WHERE census_original.dv_version = 'sample' ORDER BY census_original.dv_create_time LIMIT 100;
2025-07-01T00:04:56.000000,SELECT census_original.dv_create_date FROM census_original  WHERE census_original.dv_cmdline_args LIKE 'sample' AND census_original.dv_version LIKE 'sample' AND census_original.dv_create_date >= TIMESTAMP '2022-01-01' ORDER BY census_original.dv_create_date LIMIT 100;
2025-07-01T00:04:56.200000,"SELECT census_original.dv_cmdline_args, census_original.dv_create_time FROM census_original  WHERE census_original.dv_version = 'sample' AND census_original.dv_create_time = 'NULL' AND census_original.dv_cmdline_args LIKE 'sample' ORDER BY census_original.dv_create_time LIMIT 100;"
2025-07-01T00:04:56.400000,SELECT census_original.dv_create_time FROM census_original  WHERE census_original.dv_version = 'sample' ORDER BY census_original.dv_create_time LIMIT 100;
2025-07-01T00:04:56.600000,SELECT census_original.dv_cmdline_args FROM census_original  WHERE census_original.dv_create_date <= TIMESTAMP '2022-01-01' ORDER BY census_original.dv_cmdline_args LIMIT 100;
2025-07-01T00:04:56.800000,SELECT census_original.dv_cmdline_args FROM census_original  WHERE census_original.dv_create_date <= TIMESTAMP '2022-01-01' ORDER BY census_original.dv_cmdline_args LIMIT 100;
2025-07-01T00:04:57.000000,SELECT census_original.dv_create_date FROM census_original  WHERE census_original.dv_cmdline_args LIKE 'sample' AND census_original.dv_version LIKE 'sample' AND census_original.dv_create_date >= TIMESTAMP '2022-01-01' ORDER BY census_original.dv_create_date LIMIT 100;
2025-07-01T00:04:57.200000,SELECT census_original.dv_create_date FROM census_original  WHERE census_original.dv_cmdline_args LIKE 'sample' AND census_original.dv_version LIKE 'sample' AND census_original.dv_create_date >= TIMESTAMP '2022-01-01' ORDER BY census_original.dv_create_date LIMIT 100;
2025-07-01T00:04:57.400000,SELECT census_original.dv_create_date FROM census_original  WHERE census_original.dv_cmdline_args LIKE 'sample' AND census_original.dv_version LIKE 'sample' AND census_original.dv_create_date >= TIMESTAMP '2022-01-01' ORDER BY census_original.dv_create_date LIMIT 100;
2025-07-01T00:04:57.600000,SELECT census_original.dv_version FROM census_original  WHERE census_original.dv_create_time = 'NULL' AND census_original.dv_cmdline_args = 'sample' ORDER BY census_original.dv_version LIMIT 100;
2025-07-01T00:04:57.800000,"SELECT census_original.dv_cmdline_args, census_original.dv_create_time FROM census_original  WHERE census_original.dv_version = 'sample' AND census_original.dv_create_time = 'NULL' AND census_original.dv_cmdline_args LIKE 'sample' ORDER BY census_original.dv_create_time LIMIT 100;"
2025-07-01T00:04:58.000000,SELECT census_original.dv_create_date FROM census_original  WHERE census_original.dv_cmdline_args LIKE 'sample' AND census_original.dv_version LIKE 'sample' AND census_original.dv_create_date >= TIMESTAMP '2022-01-01' ORDER BY census_original.dv_create_date LIMIT 100;
2025-07-01T00:04:58.200000,SELECT census_original.dv_create_time FROM census_original  WHERE census_original.dv_version = 'sample' ORDER BY census_original.dv_create_time LIMIT 100;
2025-07-01T00:04:58.400000,"SELECT census_original.dv_cmdline_args, census_original.dv_create_time FROM census_original  WHERE census_original.dv_version = 'sample' AND census_original.dv_create_time = 'NULL' AND census_original.dv_cmdline_args LIKE 'sample' ORDER BY census_original.dv_create_time LIMIT 100;"
2025-07-01T00:04:58.600000,SELECT census_original.dv_create_date FROM census_original  WHERE census_original.dv_cmdline_args LIKE 'sample' AND census_original.dv_version LIKE 'sample' AND census_original.dv_create_date >= TIMESTAMP '2022-01-01' ORDER BY census_original.dv_create_date LIMIT 100;
2025-07-01T00:04:58.800000,SELECT census_original.dv_create_date FROM census_original  WHERE census_original.dv_cmdline_args LIKE 'sample' AND census_original.dv_version LIKE 'sample' AND census_original.dv_create_date >= TIMESTAMP '2022-01-01' ORDER BY census_original.dv_create_date LIMIT 100;
2025-07-01T00:04:59.000000,SELECT census_original.dv_cmdline_args FROM census_original  WHERE census_original.dv_create_date <= TIMESTAMP '2022-01-01' ORDER BY census_original.dv_cmdline_args LIMIT 100;
2025-07-01T00:04:59.200000,SELECT census_original.dv_cmdline_args FROM census_original  WHERE census_original.dv_create_date <= TIMESTAMP '2022-01-01' ORDER BY census_original.dv_cmdline_args LIMIT 100;
2025-07-01T00:04:59.400000,SELECT census_original.dv_cmdline_args FROM census_original  WHERE census_original.dv_create_date <= TIMESTAMP '2022-01-01' ORDER BY census_original.dv_cmdline_args LIMIT 100;
2025-07-01T00:04:59.600000,SELECT census_original.dv_create_date FROM census_original  WHERE census_original.dv_cmdline_args LIKE 'sample' AND census_original.dv_version LIKE 'sample' AND census_original.dv_create_date >= TIMESTAMP '2022-01-01' ORDER BY census_original.dv_create_date LIMIT 100;
2025-07-01T00:04:59.800000,SELECT census_original.dv_create_date FROM census_original  WHERE census_original.dv_cmdline_args LIKE 'sample' AND census_original.dv_version LIKE 'sample' AND census_original.dv_create_date >= TIMESTAMP '2022-01-01' ORDER BY census_original.dv_create_date LIMIT 100;
2025-07-01T00:05:00.000000,"SELECT census_original.dv_cmdline_args, census_original.dv_create_time FROM census_original  WHERE census_original.dv_version = 'sample' AND census_original.dv_create_time = 'NULL' AND census_original.dv_cmdline_args LIKE 'sample' ORDER BY census_original.dv_create_time LIMIT 100;"
