c_custkey,c_name,c_address,c_nationkey,c_phone,c_acctbal,c_mktsegment,c_comment
1,Customer#000000001,"IVhzIApeRb ot,c,E",15,25-989-741-2988,711.56,BUILDING,"to the even, regular platelets. regular, ironic epitaphs nag e"
2,Customer#000000002,"XSTf4,NCwDVaWNe6tEgvwfmRchLXak",13,23-768-687-3665,121.65,AUTOMOBILE,l accounts. blithely ironic theodolites integrate boldly: caref
3,Customer#000000003,MG9kdTD2WBHm,1,11-719-748-3364,7498.12,AUTOMOBILE," deposits eat slyly ironic, even instructions. express foxes detect slyly. blithely even accounts abov"
4,Customer#000000004,XxVSJsLAGtn,4,14-128-190-5944,2866.83,MACHINERY," requests. final, regular ideas sleep final accou"
5,Customer#000000005,KvpyuHCplrB84WgAiGV6sYpZq7Tj,3,13-750-942-6364,794.47,HOUSEHOLD,n accounts will have to unwind. foxes cajole accor
6,Customer#000000006,"sKZz0CsnMD7mp4Xd0YrBvx,LREYKUWAh yVn",20,30-114-968-4951,7638.57,AUTOMOBILE,tions. even deposits boost according to the slyly bold packages. final accounts cajole requests. furious
7,Customer#000000007,TcGe5gaZNgVePxU5kRrvXBfkasDTea,18,28-190-982-9759,9561.95,AUTOMOBILE,"ainst the ironic, express theodolites. express, even pinto beans among the exp"
8,Customer#000000008,"I0B10bB0AymmC, 0PrRYBCP1yGJ8xcBPmWhl5",17,27-147-574-9335,6819.74,BUILDING,among the slyly regular theodolites kindle blithely courts. carefully even theodolites haggle slyly along the ide
9,Customer#000000009,xKiAFTjUsCuxfeleNqefumTrjS,8,18-338-906-3675,8324.07,FURNITURE,r theodolites according to the requests wake thinly excuses: pending requests haggle furiousl
10,Customer#000000010,6LrEaV6KR6PLVcgl2ArL Q3rqzLzcT1 v2,5,15-741-346-9870,2753.54,HOUSEHOLD,es regular deposits haggle. fur
11,Customer#000000011,PkWS 3HlXqwTuzrKg633BEi,23,33-464-151-3439,-272.6,BUILDING,ckages. requests sleep slyly. quickly even pinto beans promise above the slyly regular pinto beans. 
12,Customer#000000012,9PWKuhzT4Zr1Q,13,23-791-276-1263,3396.49,HOUSEHOLD, to the carefully final braids. blithely regular requests nag. ironic theodolites boost quickly along
13,Customer#000000013,nsXQu0oVjD7PM659uC3SRSp,3,13-761-547-5974,3857.34,BUILDING,ounts sleep carefully after the close frays. carefully bold notornis use ironic requests. blithely
14,Customer#000000014,KXkletMlL2JQEA ,1,11-845-129-3851,5266.3,FURNITURE,", ironic packages across the unus"
15,Customer#000000015,"YtWggXoOLdwdo7b0y,BZaGUQMLJMX1Y,EC,6Dn",23,33-687-542-7601,2788.52,HOUSEHOLD, platelets. regular deposits detect asymptotes. blithely unusual packages nag slyly at the fluf
16,Customer#000000016,"cYiaeMLZSMAOQ2 d0W,",10,20-781-609-3107,4681.03,FURNITURE,kly silent courts. thinly regular theodolites sleep fluffily after 
17,Customer#000000017,izrh 6jdqtp2eqdtbkswDD8SG4SzXruMfIXyR7,2,12-970-682-3487,6.34,AUTOMOBILE,packages wake! blithely even pint
18,Customer#000000018,3txGO AiuFux3zT0Z9NYaFRnZt,6,16-155-215-1315,5494.43,BUILDING,s sleep. carefully even instructions nag furiously alongside of t
19,Customer#000000019,"uc,3bHIx84H,wdrmLOjVsiqXCq2tr",18,28-396-526-5053,8914.71,HOUSEHOLD, nag. furiously careful packages are slyly at the accounts. furiously regular in
20,Customer#000000020,JrPk8Pqplj4Ne,22,32-957-234-8742,7603.4,FURNITURE,g alongside of the special excuses-- fluffily enticing packages wake 
21,Customer#000000021,XYmVpr9yAHDEn,8,18-902-614-8344,1428.25,MACHINERY, quickly final accounts integrate blithely furiously u
22,Customer#000000022,"QI6p41,FNs5k7RZoCCVPUTkUdYpB",3,13-806-545-9701,591.98,MACHINERY,s nod furiously above the furiously ironic ideas. 
23,Customer#000000023,OdY W13N7Be3OC5MpgfmcYss0Wn6TKT,3,13-312-472-8245,3332.02,HOUSEHOLD,deposits. special deposits cajole slyly. fluffily special deposits about the furiously 
24,Customer#000000024,HXAFgIAyjxtdqwimt13Y3OZO 4xeLe7U8PqG,13,23-127-851-8031,9255.67,MACHINERY,into beans. fluffily final ideas haggle fluffily
25,Customer#000000025,Hp8GyFQgGHFYSilH5tBfe,12,22-603-468-3533,7133.7,FURNITURE,"y. accounts sleep ruthlessly according to the regular theodolites. unusual instructions sleep. ironic, final"
26,Customer#000000026,8ljrc5ZeMl7UciP,22,32-363-455-4837,5182.05,AUTOMOBILE,c requests use furiously ironic requests. slyly ironic dependencies us
27,Customer#000000027,IS8GIyxpBrLpMT0u7,3,13-137-193-2709,5679.84,BUILDING, about the carefully ironic pinto beans. accoun
28,Customer#000000028,"iVyg0daQ,Tha8x2WPWA9m2529m",8,18-774-241-1462,1007.18,FURNITURE, along the regular deposits. furiously final pac
29,Customer#000000029,"sJ5adtfyAkCK63df2,vF25zyQMVYE34uh",0,10-773-203-7342,7618.27,FURNITURE,its after the carefully final platelets x-ray against 
30,Customer#000000030,nJDsELGAavU63Jl0c5NKsKfL8rIJQQkQnYL2QJY,1,11-764-165-5076,9321.01,BUILDING,lithely final requests. furiously unusual account
31,Customer#000000031,LUACbO0viaAv6eXOAebryDB xjVst,23,33-197-837-7094,5236.89,HOUSEHOLD,s use among the blithely pending depo
32,Customer#000000032,"jD2xZzi UmId,DCtNBLXKj9q0Tlp2iQ6ZcO3J",15,25-430-914-2194,3471.53,BUILDING,"cial ideas. final, furious requests across the e"
33,Customer#000000033,qFSlMuLucBmx9xnn5ib2csWUweg D,17,27-375-391-1280,-78.56,AUTOMOBILE,s. slyly regular accounts are furiously. carefully pending requests
34,Customer#000000034,"Q6G9wZ6dnczmtOx509xgE,M2KV",15,25-344-968-5422,8589.7,HOUSEHOLD,"nder against the even, pending accounts. even"
35,Customer#000000035,TEjWGE4nBzJL2,17,27-566-888-7431,1228.24,HOUSEHOLD,"requests. special, express requests nag slyly furiousl"
36,Customer#000000036,"3TvCzjuPzpJ0,DdJ8kW5U",21,31-704-669-5769,4987.27,BUILDING,"haggle. enticing, quiet platelets grow quickly bold sheaves. carefully regular acc"
37,Customer#000000037,"7EV4Pwh,3SboctTWt",8,18-385-235-7162,-917.75,FURNITURE,ilent packages are carefully among the deposits. furiousl
38,Customer#000000038,a5Ee5e9568R8RLP 2ap7,12,22-306-880-7212,6345.11,HOUSEHOLD,lar excuses. closely even asymptotes cajole blithely excuses. carefully silent pinto beans sleep carefully fin
39,Customer#000000039,"nnbRg,Pvy33dfkorYE FdeZ60",2,12-387-467-6509,6264.31,AUTOMOBILE,tions. slyly silent excuses slee
40,Customer#000000040,gOnGWAyhSV1ofv,3,13-652-915-8939,1335.3,BUILDING,rges impress after the slyly ironic courts. foxes are. blithely 
41,Customer#000000041,IM9mzmyoxeBmvNw8lA7G3Ydska2nkZF,10,20-917-711-4011,270.95,HOUSEHOLD,"ly regular accounts hang bold, silent packages. unusual foxes haggle slyly above the special, final depo"
42,Customer#000000042,ziSrvyyBke,5,15-416-330-4175,8727.01,BUILDING,"ssly according to the pinto beans: carefully special requests across the even, pending accounts wake special"
43,Customer#000000043,ouSbjHk8lh5fKX3zGso3ZSIj9Aa3PoaFd,19,29-316-665-2897,9904.28,MACHINERY,ial requests: carefully pending foxes detect quickly. carefully final courts cajole quickly. carefully
44,Customer#000000044,"Oi,dOSPwDu4jo4x,,P85E0dmhZGvNtBwi",16,26-190-260-5375,7315.94,AUTOMOBILE,"r requests around the unusual, bold a"
45,Customer#000000045,"4v3OcpFgoOmMG,CbnF,4mdC",9,19-715-298-9917,9983.38,AUTOMOBILE,nto beans haggle slyly alongside of t
46,Customer#000000046,eaTXWWm10L9,6,16-357-681-2007,5744.59,AUTOMOBILE,"ctions. accounts sleep furiously even requests. regular, regular accounts cajole blithely around the final pa"
47,Customer#000000047,b0UgocSqEW5 gdVbhNT,2,12-427-271-9466,274.58,BUILDING,"ions. express, ironic instructions sleep furiously ironic ideas. furi"
48,Customer#000000048,0UU iPhBupFvemNB,0,10-508-348-5882,3792.5,BUILDING,"re fluffily pending foxes. pending, bold platelets sleep slyly. even platelets cajo"
49,Customer#000000049,"cNgAeX7Fqrdf7HQN9EwjUa4nxT,68L FKAxzl",10,20-908-631-4424,4573.94,FURNITURE,nusual foxes! fluffily pending packages maintain to the regular 
50,Customer#000000050,9SzDYlkzxByyJ1QeTI o,6,16-658-112-3221,4266.13,MACHINERY,ts. furiously ironic accounts cajole furiously slyly ironic dinos.
51,Customer#000000051,"uR,wEaiTvo4",12,22-344-885-4251,855.87,FURNITURE,eposits. furiously regular requests integrate carefully packages. furious
52,Customer#000000052,7 QOqGqqSy9jfV51BC71jcHJSD0,11,21-186-284-5998,5630.28,HOUSEHOLD,ic platelets use evenly even accounts. stealthy theodolites cajole furiou
53,Customer#000000053,HnaxHzTfFTZs8MuCpJyTbZ47Cm4wFOOgib,15,25-168-852-5363,4113.64,HOUSEHOLD,ar accounts are. even foxes are blithely. fluffily pending deposits boost
54,Customer#000000054,",k4vf 5vECGWFy,hosTE,",4,14-776-370-4745,868.9,AUTOMOBILE,"sual, silent accounts. furiously express accounts cajole special deposits. final, final accounts use furi"
55,Customer#000000055,zIRBR4KNEl HzaiV3a i9n6elrxzDEh8r8pDom,10,20-180-440-8525,4572.11,MACHINERY,ully unusual packages wake bravely bold packages. unusual requests boost deposits! blithely ironic packages ab
56,Customer#000000056,BJYZYJQk4yD5B,10,20-895-685-6920,6530.86,FURNITURE,. notornis wake carefully. carefully fluffy requests are furiously even accounts. slyly expre
57,Customer#000000057,97XYbsuOPRXPWU,21,31-835-306-1650,4151.93,AUTOMOBILE,"ove the carefully special packages. even, unusual deposits sleep slyly pend"
58,Customer#000000058,g9ap7Dk1Sv9fcXEWjpMYpBZIRUohi T,13,23-244-493-2508,6478.46,HOUSEHOLD,"ideas. ironic ideas affix furiously express, final instructions. regular excuses use quickly e"
59,Customer#000000059,zLOCP0wh92OtBihgspOGl4,1,11-355-584-3112,3458.6,MACHINERY,ously final packages haggle blithely after the express deposits. furiou
60,Customer#000000060,FyodhjwMChsZmUz7Jz0H,12,22-480-575-5866,2741.87,MACHINERY,latelets. blithely unusual courts boost furiously about the packages. blithely final instruct
61,Customer#000000061,9kndve4EAJxhg3veF BfXr7AqOsT39o gtqjaYE,17,27-626-559-8599,1536.24,FURNITURE,egular packages shall have to impress along the 
62,Customer#000000062,"upJK2Dnw13,",7,17-361-978-7059,595.61,MACHINERY,kly special dolphins. pinto beans are slyly. quickly regular accounts are furiously a
63,Customer#000000063,IXRSpVWWZraKII,21,31-952-552-9584,9331.13,AUTOMOBILE,ithely even accounts detect slyly above the fluffily ir
64,Customer#000000064,"MbCeGY20kaKK3oalJD,OT",3,13-558-731-7204,-646.64,BUILDING,structions after the quietly ironic theodolites cajole be
65,Customer#000000065,"RGT yzQ0y4l0H90P783LG4U95bXQFDRXbWa1sl,X",23,33-733-623-5267,8795.16,AUTOMOBILE,y final foxes serve carefully. theodolites are carefully. pending i
66,Customer#000000066,XbsEqXH1ETbJYYtA1A,22,32-213-373-5094,242.77,HOUSEHOLD,le slyly accounts. carefully silent packages benea
67,Customer#000000067,rfG0cOgtr5W8 xILkwp9fpCS8,9,19-403-114-4356,8166.59,MACHINERY,"indle furiously final, even theodo"
68,Customer#000000068,"o8AibcCRkXvQFh8hF,7o",12,22-918-832-2411,6853.37,HOUSEHOLD, pending pinto beans impress realms. final dependencies 
69,Customer#000000069,Ltx17nO9Wwhtdbe9QZVxNgP98V7xW97uvSH1prEw,9,19-225-978-5670,1709.28,HOUSEHOLD,thely final ideas around the quickly final dependencies affix carefully quickly final theodolites. final accounts c
70,Customer#000000070,mFowIuhnHjp2GjCiYYavkW kUwOjIaTCQ,22,32-828-107-2832,4867.52,FURNITURE,fter the special asymptotes. ideas after the unusual frets cajole quickly regular pinto be
71,Customer#000000071,"TlGalgdXWBmMV,6agLyWYDyIz9MKzcY8gl,w6t1B",7,17-710-812-5403,-611.19,HOUSEHOLD,"g courts across the regular, final pinto beans are blithely pending ac"
72,Customer#000000072,"putjlmskxE,zs,HqeIA9Wqu7dhgH5BVCwDwHHcf",2,12-759-144-9689,-362.86,FURNITURE,ithely final foxes sleep always quickly bold accounts. final wat
73,Customer#000000073,8IhIxreu4Ug6tt5mog4,0,10-473-439-3214,4288.5,BUILDING,"usual, unusual packages sleep busily along the furiou"
74,Customer#000000074,"IkJHCA3ZThF7qL7VKcrU nRLl,kylf ",4,14-199-862-7209,2764.43,MACHINERY,onic accounts. blithely slow packages would haggle carefully. qui
75,Customer#000000075,"Dh 6jZ,cwxWLKQfRKkiGrzv6pm",18,28-247-803-9025,6684.1,AUTOMOBILE," instructions cajole even, even deposits. finally bold deposits use above the even pains. slyl"
76,Customer#000000076,"m3sbCvjMOHyaOofH,e UkGPtqc4",0,10-349-718-3044,5745.33,FURNITURE,pecial deposits. ironic ideas boost blithely according to the closely ironic theodolites! furiously final deposits n
77,Customer#000000077,4tAE5KdMFGD4byHtXF92vx,17,27-269-357-4674,1738.87,BUILDING,uffily silent requests. carefully ironic asymptotes among the ironic hockey players are carefully bli
78,Customer#000000078,"HBOta,ZNqpg3U2cSL0kbrftkPwzX",9,19-960-700-9191,7136.97,FURNITURE,ests. blithely bold pinto beans h
79,Customer#000000079,"n5hH2ftkVRwW8idtD,BmM2",15,25-147-850-4166,5121.28,MACHINERY,"es. packages haggle furiously. regular, special requests poach after the quickly express ideas. blithely pending re"
80,Customer#000000080,"K,vtXp8qYB ",0,10-267-172-7101,7383.53,FURNITURE,tect among the dependencies. bold accounts engage closely even pinto beans. ca
81,Customer#000000081,SH6lPA7JiiNC6dNTrR,20,30-165-277-3269,2023.71,BUILDING,r packages. fluffily ironic requests cajole fluffily. ironically regular theodolit
82,Customer#000000082,"zhG3EZbap4c992Gj3bK,3Ne,Xn",18,28-159-442-5305,9468.34,AUTOMOBILE,s wake. bravely regular accounts are furiously. regula
83,Customer#000000083,HnhTNB5xpnSF20JBH4Ycs6psVnkC3RDf,22,32-817-154-4122,6463.51,BUILDING,"ccording to the quickly bold warhorses. final, regular foxes integrate carefully. bold packages nag blithely ev"
84,Customer#000000084,lpXz6Fwr9945rnbtMc8PlueilS1WmASr CB,11,21-546-818-3802,5174.71,FURNITURE,ly blithe foxes. special asymptotes haggle blithely against the furiously regular depo
85,Customer#000000085,siRerlDwiolhYR 8FgksoezycLj,5,15-745-585-8219,3386.64,FURNITURE,ronic ideas use above the slowly pendin
86,Customer#000000086,US6EGGHXbTTXPL9SBsxQJsuvy,0,10-677-951-2353,3306.32,HOUSEHOLD,quests. pending dugouts are carefully aroun
87,Customer#000000087,hgGhHVSWQl 6jZ6Ev,23,33-869-884-7053,6327.54,FURNITURE,hely ironic requests integrate according to the ironic accounts. slyly regular pla
88,Customer#000000088,wtkjBN9eyrFuENSMmMFlJ3e7jE5KXcg,16,26-516-273-2566,8031.44,AUTOMOBILE,s are quickly above the quickly ironic instructions; even requests about the carefully final deposi
89,Customer#000000089,"dtR, y9JQWUO6FoJExyp8whOU",14,24-394-451-5404,1530.76,FURNITURE,counts are slyly beyond the slyly final accounts. quickly final ideas wake. r
90,Customer#000000090,QxCzH7VxxYUWwfL7,16,26-603-491-1238,7354.23,BUILDING,sly across the furiously even 
91,Customer#000000091,S8OMYFrpHwoNHaGBeuS6E 6zhHGZiprw1b7 q,8,18-239-400-3677,4643.14,AUTOMOBILE,onic accounts. fluffily silent pinto beans boost blithely according to the fluffily exp
92,Customer#000000092,"obP PULk2LH LqNF,K9hcbNqnLAkJVsl5xqSrY,",2,12-446-416-8471,1182.91,MACHINERY,. pinto beans hang slyly final deposits. ac
93,Customer#000000093,EHXBr2QGdh,7,17-359-388-5266,2182.52,MACHINERY,press deposits. carefully regular platelets r
94,Customer#000000094,IfVNIN9KtkScJ9dUjK3Pg5gY1aFeaXewwf,9,19-953-499-8833,5500.11,HOUSEHOLD,"latelets across the bold, final requests sleep according to the fluffily bold accounts. unusual deposits amon"
95,Customer#000000095,"EU0xvmWvOmUUn5J,2z85DQyG7QCJ9Xq7",15,25-923-255-2929,5327.38,MACHINERY,ithely. ruthlessly final requests wake slyly alongside of the furiously silent pinto beans. even the
96,Customer#000000096,vWLOrmXhRR,8,18-422-845-1202,6323.92,AUTOMOBILE,press requests believe furiously. carefully final instructions snooze carefully. 
97,Customer#000000097,"OApyejbhJG,0Iw3j rd1M",17,27-588-919-5638,2164.48,AUTOMOBILE,"haggle slyly. bold, special ideas are blithely above the thinly bold theo"
98,Customer#000000098,7yiheXNSpuEAwbswDW,12,22-885-845-6889,-551.37,BUILDING,ages. furiously pending accounts are quickly carefully final foxes: busily pe
99,Customer#000000099,szsrOiPtCHVS97Lt,15,25-515-237-9232,4088.65,HOUSEHOLD,"cajole slyly about the regular theodolites! furiously bold requests nag along the pending, regular packages. somas"
100,Customer#000000100,fptUABXcmkC5Wx,20,30-749-445-4907,9889.89,FURNITURE,"was furiously fluffily quiet deposits. silent, pending requests boost against "
101,Customer#000000101,sMmL2rNeHDltovSm Y,2,12-514-298-3699,7470.96,MACHINERY, sleep. pending packages detect slyly ironic pack
102,Customer#000000102,UAtflJ06 fn9zBfKjInkQZlWtqaA,19,29-324-978-8538,8462.17,BUILDING,ously regular dependencies nag among the furiously express dinos. blithely final
103,Customer#000000103,"8KIsQX4LJ7QMsj6DrtFtXu0nUEdV,8a",9,19-216-107-2107,2757.45,BUILDING,"furiously pending notornis boost slyly around the blithely ironic ideas? final, even instructions cajole fl"
104,Customer#000000104,9mcCK L7rt0SwiYtrbO88DiZS7U d7M,10,20-966-284-8065,-588.38,FURNITURE,rate carefully slyly special pla
105,Customer#000000105,4iSJe4L SPjg7kJj98Yz3z0B,10,20-793-553-6417,9091.82,MACHINERY,l pains cajole even accounts. quietly final instructi
106,Customer#000000106,xGCOEAUjUNG,1,11-751-989-4627,3288.42,MACHINERY,"lose slyly. ironic accounts along the evenly regular theodolites wake about the special, final gifts. "
107,Customer#000000107,"Zwg64UZ,q7GRqo3zm7P1tZIRshBDz",15,25-336-529-9919,2514.15,AUTOMOBILE,counts cajole slyly. regular requests wake. furiously regular deposits about the blithely final fo
108,Customer#000000108,GPoeEvpKo1,5,15-908-619-7526,2259.38,BUILDING,"refully ironic deposits sleep. regular, unusual requests wake slyly"
109,Customer#000000109,OOOkYBgCMzgMQXUmkocoLb56rfrdWp2NE2c,16,26-992-422-8153,-716.1,BUILDING,es. fluffily final dependencies sleep along the blithely even pinto beans. final deposits haggle furiously furiou
110,Customer#000000110,mymPfgphaYXNYtk,10,20-893-536-2069,7462.99,AUTOMOBILE,"nto beans cajole around the even, final deposits. quickly bold packages according to the furiously regular dept"
111,Customer#000000111,CBSbPyOWRorloj2TBvrK9qp9tHBs,22,32-582-283-7528,6505.26,MACHINERY,ly unusual instructions detect fluffily special deposits-- theodolites nag carefully during the ironic dependencies
112,Customer#000000112,RcfgG3bO7QeCnfjqJT1,19,29-233-262-8382,2953.35,FURNITURE,rmanently unusual multipliers. blithely ruthless deposits are furiously along the
113,Customer#000000113,"eaOl5UBXIvdY57rglaIzqvfPD,MYfK",12,22-302-930-4756,2912.0,BUILDING,usly regular theodolites boost furiously doggedly pending instructio
114,Customer#000000114,xAt 5f5AlFIU,14,24-805-212-7646,1027.46,FURNITURE,der the carefully express theodolites are after the packages. packages are. bli
115,Customer#000000115,0WFt1IXENmUT2BgbsB0ShVKJZt0HCBCbFl0aHc,8,18-971-699-1843,7508.92,HOUSEHOLD,sits haggle above the carefully ironic theodolite
116,Customer#000000116,"yCuVxIgsZ3,qyK2rloThy3u",16,26-632-309-5792,8403.99,BUILDING,"as. quickly final sauternes haggle slyly carefully even packages. brave, ironic pinto beans are above the furious"
117,Customer#000000117,"uNhM,PzsRA3S,5Y Ge5Npuhi",24,34-403-631-3505,3950.83,FURNITURE,affix. instructions are furiously sl
118,Customer#000000118,OVnFuHygK9wx3xpg8,18,28-639-943-7051,3582.37,AUTOMOBILE,uick packages alongside of the furiously final deposits haggle above the fluffily even foxes. blithely dogged dep
119,Customer#000000119,M1ETOIecuvH8DtM0Y0nryXfW,7,17-697-919-8406,3930.35,FURNITURE,express ideas. blithely ironic foxes thrash. special acco
120,Customer#000000120,zBNna00AEInqyO1,12,22-291-534-1571,363.75,MACHINERY, quickly. slyly ironic requests cajole blithely furiously final dependen
121,Customer#000000121,tv nCR2YKupGN73mQudO,17,27-411-990-2959,6428.32,BUILDING,uriously stealthy ideas. carefully final courts use carefully
122,Customer#000000122,yp5slqoNd26lAENZW3a67wSfXA6hTF,3,13-702-694-4520,7865.46,HOUSEHOLD, the special packages hinder blithely around the permanent requests. bold depos
123,Customer#000000123,YsOnaaER8MkvK5cpf4VSlq,5,15-817-151-1168,5897.83,BUILDING,"ependencies. regular, ironic requests are fluffily regu"
124,Customer#000000124,"aTbyVAW5tCd,v09O",18,28-183-750-7809,1842.49,AUTOMOBILE,le fluffily even dependencies. quietly s
125,Customer#000000125,",wSZXdVR xxIIfm9s8ITyLl3kgjT6UC07GY0Y",19,29-261-996-3120,-234.12,FURNITURE,x-ray finally after the packages? regular requests c
126,Customer#000000126,ha4EHmbx3kg DYCsP6DFeUOmavtQlHhcfaqr,22,32-755-914-7592,1001.39,HOUSEHOLD,"s about the even instructions boost carefully furiously ironic pearls. ruthless, "
127,Customer#000000127,Xyge4DX2rXKxXyye1Z47LeLVEYMLf4Bfcj,21,31-101-672-2951,9280.71,MACHINERY,"ic, unusual theodolites nod silently after the final, ironic instructions: pending r"
128,Customer#000000128,AmKUMlJf2NRHcKGmKjLS,4,14-280-874-8044,-986.96,HOUSEHOLD,ing packages integrate across the slyly unusual dugouts. blithely silent ideas sublate carefully. blithely expr
129,Customer#000000129,q7m7rbMM0BpaCdmxloCgBDRCleXsXkdD8kf,7,17-415-148-7416,9127.27,HOUSEHOLD, unusual deposits boost carefully furiously silent ideas. pending accounts cajole slyly across
130,Customer#000000130,RKPx2OfZy0Vn 8wGWZ7F2EAvmMORl1k8iH,9,19-190-993-9281,5073.58,HOUSEHOLD,ix slowly. express packages along the furiously ironic requests integrate daringly deposits. fur
131,Customer#000000131,"jyN6lAjb1FtH10rMC,XzlWyCBrg75",11,21-840-210-3572,8595.53,HOUSEHOLD,jole special packages. furiously final dependencies about the furiously speci
132,Customer#000000132,QM5YabAsTLp9,4,14-692-150-9717,162.57,HOUSEHOLD,uickly carefully special theodolites. carefully regular requests against the blithely unusual instructions 
133,Customer#000000133,IMCuXdpIvdkYO92kgDGuyHgojcUs88p,17,27-408-997-8430,2314.67,AUTOMOBILE,"t packages. express pinto beans are blithely along the unusual, even theodolites. silent packages use fu"
134,Customer#000000134,sUiZ78QCkTQPICKpA9OBzkUp2FM,11,21-200-159-5932,4608.9,BUILDING,yly fluffy foxes boost final ideas. b
135,Customer#000000135,"oZK,oC0 fdEpqUML",19,29-399-293-6241,8732.91,FURNITURE, the slyly final accounts. deposits cajole carefully. carefully sly packag
136,Customer#000000136,"QoLsJ0v5C1IQbh,DS1",7,17-501-210-4726,-842.39,FURNITURE,"ackages sleep ironic, final courts. even requests above the blithely bold requests g"
137,Customer#000000137,cdW91p92rlAEHgJafqYyxf1Q,16,26-777-409-5654,7838.3,HOUSEHOLD,carefully regular theodolites use. silent dolphins cajo
138,Customer#000000138,5uyLAeY7HIGZqtu66Yn08f,5,15-394-860-4589,430.59,MACHINERY,ts doze on the busy ideas. regular
139,Customer#000000139,3ElvBwudHKL02732YexGVFVt ,9,19-140-352-1403,7897.78,MACHINERY,"nstructions. quickly ironic ideas are carefully. bold, "
140,Customer#000000140,"XRqEPiKgcETII,iOLDZp5jA",4,14-273-885-6505,9963.15,MACHINERY,ies detect slyly ironic accounts. slyly ironic theodolites hag
141,Customer#000000141,"5IW,WROVnikc3l7DwiUDGQNGsLBGOL6Dc0",1,11-936-295-6204,6706.14,FURNITURE,packages nag furiously. carefully unusual accounts snooze according to the fluffily regular pinto beans. slyly spec
142,Customer#000000142,"AnJ5lxtLjioClr2khl9pb8NLxG2,",9,19-407-425-2584,2209.81,AUTOMOBILE,". even, express theodolites upo"
143,Customer#000000143,681r22uL452zqk 8By7I9o9enQfx0,16,26-314-406-7725,2186.5,MACHINERY,across the blithely unusual requests haggle theodo
144,Customer#000000144,VxYZ3ebhgbltnetaGjNC8qCccjYU05 fePLOno8y,1,11-717-379-4478,6417.31,MACHINERY,"ges. slyly regular accounts are slyly. bold, idle reque"
145,Customer#000000145,kQjHmt2kcec cy3hfMh969u,13,23-562-444-8454,9748.93,HOUSEHOLD,"ests? express, express instructions use. blithely fina"
146,Customer#000000146,"GdxkdXG9u7iyI1,,y5tq4ZyrcEy",3,13-835-723-3223,3328.68,FURNITURE,ffily regular dinos are slyly unusual requests. slyly specia
147,Customer#000000147,"6VvIwbVdmcsMzuu,C84GtBWPaipGfi7DV",18,28-803-187-4335,8071.4,AUTOMOBILE,ress packages above the blithely regular packages sleep fluffily blithely ironic accounts. 
148,Customer#000000148,BhSPlEWGvIJyT9swk vCWE,11,21-562-498-6636,2135.6,HOUSEHOLD,ing to the carefully ironic requests. carefully regular dependencies about the theodolites wake furious
149,Customer#000000149,3byTHCp2mNLPigUrrq,19,29-797-439-6760,8959.65,AUTOMOBILE,al instructions haggle against the slyly bold w
150,Customer#000000150,zeoGShTjCwGPplOWFkLURrh41O0AZ8dwNEEN4 ,18,28-328-564-7630,3849.48,MACHINERY,ole blithely among the furiously pending packages. furiously bold ideas wake fluffily ironic idea
151,Customer#000000151,"LlyEtNEXT6kkZ,kGP46H",19,29-433-197-6339,5187.02,HOUSEHOLD,regular dugouts: blithely even dolphins cajole furiously carefull
152,Customer#000000152,PDrllSkScKLh4lr19gmUZnK,8,18-585-850-3926,1215.18,BUILDING,ously ironic accounts. furiously even accounts accord
153,Customer#000000153,kDzx11sIjjWJm1,6,16-342-316-2815,5454.26,HOUSEHOLD,promise carefully. unusual deposits x-ray. carefully regular tithes u
154,Customer#000000154,2LAlU fDHkOqbXjHHDqw1mJQNC,19,29-522-835-6914,4695.12,FURNITURE,nic packages haggle blithely across the
155,Customer#000000155,"l,sSphiStMgdrxpxi",0,10-566-282-8705,5902.85,AUTOMOBILE," sleep ironic, bold requests. regular packages on the quiet dependencies"
156,Customer#000000156,5OS0edX2Y6B1cf9wJNuOQWgrrZccXk9,9,19-723-913-3943,9302.95,AUTOMOBILE, regular foxes above the theodolites haggle 
157,Customer#000000157,HGEouzCcFrNd nBAdsCRjsMxKOvYZdbwA7he5w9v,15,25-207-442-1556,9768.73,BUILDING, pinto beans against the carefully bold requests wake quickly alongside of the final accounts. accounts
158,Customer#000000158,"2HaYxi0J1620aoI1CdFyrW,rWOy",10,20-383-680-1329,6160.95,AUTOMOBILE,ecoys. fluffily quick requests use flu
159,Customer#000000159,"KotsdDO6EHnysVu922s6pjZpG,vlT",10,20-888-668-2668,2060.06,HOUSEHOLD,cingly express somas haggle above the theodolites. pinto beans use special theodolites. theodolites sleep 
160,Customer#000000160,5soVQ3dOCRBWBS,13,23-428-666-4806,4363.17,MACHINERY,olites. silently ironic accounts cajole furious
161,Customer#000000161,"2oRkx,NtjFUh",7,17-805-718-2449,3714.06,MACHINERY,ptotes nag carefully instructions. silent accounts are. furiously even accounts alongside
162,Customer#000000162,JE398sXZt2QuKXfJd7poNpyQFLFtth,8,18-131-101-2267,6268.99,MACHINERY,accounts along the doggedly special asymptotes boost blithely during the quickly regular theodolites. slyly 
163,Customer#000000163,OgrGcOnm4whd0f,21,31-863-349-4121,2948.61,FURNITURE, nag furiously furiously final requests. slyly s
164,Customer#000000164,YDW51PBWLXLnbQlKC,4,14-565-638-9768,208.45,HOUSEHOLD,"ironic, special pinto beans. ironic"
165,Customer#000000165,8pc6kwBmwBdEnfVP53aqL9DM4LymC4,0,10-927-209-5601,3349.92,HOUSEHOLD," requests. final ideas cajole quickly at the special, ironic acco"
166,Customer#000000166,15HWGtwoP77EJfd95HxtMSTZUelV8NOKne2,10,20-320-530-5920,2042.21,FURNITURE,the packages. blithely final packages are furiously unusual asymptotes. regular frets promise carefully u
167,Customer#000000167,QNc2eOlRIzL6jpthwgDuB866uCIUPiOX,5,15-288-395-5501,1468.09,AUTOMOBILE,espite the ironic excuses. furiously final deposits wake slyly. slyly ex
168,Customer#000000168,"GDcL5qU86P8,oaTwVBCLE6asM8rlxpE,211uziU",12,22-354-984-5361,-808.56,FURNITURE,blithely final accounts sleep quickly along the regular ideas. furiously sly foxes nag across the
169,Customer#000000169,NjhmHa7xrcjE,18,28-362-499-3728,4483.83,FURNITURE,fully unusual pinto beans. blithely express asymptotes lose carefully regular instructions? accounts b
170,Customer#000000170,5QmxmYubNhn6HAgLwTvphevM3OmpZTGsM,15,25-879-984-9818,7687.89,BUILDING, regular requests. carefully regu
171,Customer#000000171,RIhjJCrth89EU7xRSvN,7,17-513-603-7451,2379.91,MACHINERY,"ly furiously final requests. slyly final requests wake silently pending, silent accounts. exp"
172,Customer#000000172,KwgdKUL1G2WacsMNF50yX,22,32-178-964-1847,1134.4,MACHINERY,"losely regular, unusual instructions. "
173,Customer#000000173,"Aue7KVz,FinSHpov Vk5ed,wSQ2BRSioJ0",9,19-443-196-8008,845.84,BUILDING,s pinto beans use thinly slyly regular packages. instructions print along the s
174,Customer#000000174,R5 fCPMSeDXtUpp5Ax,23,33-845-455-8799,1944.73,FURNITURE,oldly even requests haggle quickly blithely ironic accounts. idly final foxes doze slyly pending dep
175,Customer#000000175,8YK1ZyTqoY3wMWnExl4itPMLL793GpEZb6T,10,20-427-617-9922,1975.35,FURNITURE,ly final platelets are final pinto b
176,Customer#000000176,9hBepY2uz88HlCqToOLgeU770u81FeL,13,23-432-942-8830,-375.76,FURNITURE,uriously. final requests sleep ironic packages. quickly
177,Customer#000000177,"6wzEKPyZE9dmBCJZ8e7x7fiiK,k",1,11-917-786-9955,7457.5,BUILDING,nal dolphins: blithely bold gifts wake slyly afte
178,Customer#000000178,p HUSDg8Cgan4Fj8Drvcdz4gi4dSqV0a7n 0ag,21,31-436-268-6327,2272.5,FURNITURE,unts. blithely regular dependencies kindle pending deposits. quietly express deposits wake above the Tiresias-- ex
179,Customer#000000179,djez3CWg0nnCiu60jsF,4,14-703-953-2987,-43.08,MACHINERY,st furiously. idly regular instructions wake fluffily slyl
180,Customer#000000180,"DSGW3RFoYJE opVw,Y3wGCGcNULZi",13,23-678-802-2105,-92.58,FURNITURE,lar accounts sublate above the slyly final
181,Customer#000000181,YNviWd WrRkZvSw1OxIewBq,9,19-653-305-8440,3929.96,FURNITURE,final requests cajole furiously acro
182,Customer#000000182,tdwvgepG316CCTHtMaF8Q,3,13-199-211-9023,4810.22,AUTOMOBILE,quickly against the blithely even deposits; epitaphs unwind quickly along the carefully regular excuses. furio
183,Customer#000000183,aMAB2QSb8 86MAx,22,32-771-279-8154,4419.89,HOUSEHOLD,sual accounts across the slyl
184,Customer#000000184,uoOpBuRr42f1WIqnVYAhxbAA9bkK6HUGpOt,21,31-739-340-5476,170.46,AUTOMOBILE,hely according to the furiously unusual accounts. furiously bold platele
185,Customer#000000185,iHXzQgienOQ,5,15-760-572-8760,2788.76,BUILDING,t the ironic accounts. fluffily regular requests wake slyly ironic pinto beans. slyly unusu
186,Customer#000000186,BeVr6MzaobBENXRBC8pmOmkByMJI,3,13-518-743-2576,8737.5,HOUSEHOLD,e slyly final dependencies. unusual instructions against the carefully pending instructions boost quickly
187,Customer#000000187,OIlgR6oIRXV5g63q5YGudCjRD8kpod2p,4,14-716-294-6674,-774.22,FURNITURE,r deposits. carefully silent packages after the fluffily even instructio
188,Customer#000000188,58Srs6gEEoD3ZfwgXDM1OayRiaSY6K9YsveWwV,5,15-613-528-7811,9533.37,BUILDING,"st slyly special platelets. bold,"
189,Customer#000000189,r51HSq Rg8wQgF1CBfG1Vbye3GK,22,32-980-348-1114,-594.05,MACHINERY,sly express patterns. ideas on the regular d
190,Customer#000000190,"F2X,GhSqLz8k u0gWsirsraFaEDEo6vIGtOTaO1T",11,21-730-373-8193,1657.46,AUTOMOBILE,uickly-- fluffily pending instructions boo
191,Customer#000000191,P1eCXsPWkv2y6ENQv,16,26-811-707-6869,2945.16,BUILDING,o beans hinder slyly bold accounts.
192,Customer#000000192,rDmB2c9d1BJQ y6R9jTx86YI77D,10,20-750-712-2481,8239.96,MACHINERY,ely unusual packages are fluffily 
193,Customer#000000193,"dUT4dtsPTZ6ZpkWLc,KGJCHY6JDJgPFH4",23,33-182-978-6287,8024.55,MACHINERY,y even theodolites. final foxes print along the final pinto beans. theodoli
194,Customer#000000194,mksKhdWuQ1pjbc4yffHp8rRmLOMcJ,16,26-597-636-3003,6696.49,HOUSEHOLD,"quickly across the fluffily dogged requests. regular platelets around the ironic, even requests cajole quickl"
195,Customer#000000195,WiqQD8hscyKekjMcSBA7AX 0AbxvBV,22,32-757-684-6845,4873.91,AUTOMOBILE, should detect blithely. quickly even packages above the deposits wak
196,Customer#000000196,68RstNo6a2B,18,28-135-177-2472,7760.33,FURNITURE,accounts wake. express instructions according to the s
197,Customer#000000197,UeVqssepNuXmtZ38D,1,11-107-312-6585,9860.22,AUTOMOBILE,ickly final accounts cajole. furiously re
198,Customer#000000198,",7fcZHIUn,fUaQtK8U,Q8",1,11-237-758-6141,3824.76,AUTOMOBILE,tions. slyly ironic waters wa
199,Customer#000000199,"lBU3xll,a7e9TYm3 UyjDPCVMvnHKpq,9HW1X",4,14-136-924-5232,7654.31,FURNITURE,"fully busy pinto beans. packages cajole around the express, bold packages! quickly ironic tithes"
200,Customer#000000200,x1 H5c66DUgH2pgNTJhw6eZKgrAz,16,26-472-302-4189,9967.6,BUILDING,"e after the ironic, even realms. fluffily regular packages doze-- courts haggle carefully! blithely"
201,Customer#000000201,yWLtmd5usyjsCvyL1QJsBorC,2,12-759-183-9859,4614.4,MACHINERY," blithely even packages sleep carefully bold, unus"
202,Customer#000000202,Q0uJ1frCbi9yvu,7,17-905-805-4635,2237.64,AUTOMOBILE,fully along the carefully pending Tiresias; special packages along the carefully special deposits try to
203,Customer#000000203,2fRlubh lWRinCs1nimADdn,1,11-886-563-6149,7960.63,MACHINERY, packages are. requests integrate regularly across th
204,Customer#000000204,7U7u2KryFP,6,16-761-837-4820,-627.76,BUILDING,"ages. accounts wake slyly. dolphins nag blithely. final, regular requests haggle blithely furiously even "
205,Customer#000000205,"jOTQBGb nhfBMu3,LIN62WogLDBO0w",12,22-356-437-1311,7161.52,BUILDING, furiously pending accounts. ideas along the slyly final deposits cajole blithel
206,Customer#000000206,"xsg,ehRHS5OKqyBR5YtoPm8myz",9,19-976-832-3312,-274.79,AUTOMOBILE, the carefully regular foxes. regular accounts wake furiously braids. bold ideas are carefu
207,Customer#000000207,ewz5JNnxJPmPGY,21,31-562-675-6475,-439.98,AUTOMOBILE,n theodolites against the evenly even requests boost carefully pinto beans! fi
208,Customer#000000208,"Abye1MwcNfY0KO6yqv,Wwe",19,29-859-139-6234,6239.89,MACHINERY,le carefully according to the quickly silent packages. quickly ironic packages affix according to the ruthles
209,Customer#000000209,iBvmxOZV3qXMYQW3W4Oo7YFhdV,16,26-207-121-7721,8873.46,FURNITURE,deposits. furiously regular ideas across the quietly regular accounts cajole about the express packages. quickly reg
210,Customer#000000210,13cFL9sG1nrGERURN9WZI0,20,30-876-248-9750,7250.14,HOUSEHOLD,nusual instructions sleep regular acc
211,Customer#000000211,URhlVPzz4FqXem,13,23-965-335-9471,4198.72,BUILDING,furiously regular foxes boost fluffily special ideas. carefully regular dependencies are. slyly ironic 
212,Customer#000000212,19U0iZ3GtDdrsn,7,17-382-405-4333,957.58,BUILDING,symptotes are blithely special pinto beans. blithely ironic 
213,Customer#000000213,NpqMYBhBcWk8mnEta,24,34-768-700-9764,9987.71,HOUSEHOLD,al deposits. final instructions boost carefully. even deposits sleep quickly. furiously regul
214,Customer#000000214,MpCwhcLrbcIM7AeKS9tRM09by,8,18-180-678-6165,1526.59,MACHINERY,grow. fluffily regular pinto beans according to the regular accounts affix quickly pe
215,Customer#000000215,8H76xbBhde HY70BrYqGEFmVPXqlm8pgjjxh,9,19-564-446-4758,3379.2,FURNITURE,al pinto beans. ironic foxes serve. i
216,Customer#000000216,LXH7wSv4I6GG6TAkLOyLcMh559a8Y,21,31-296-111-5448,-776.08,FURNITURE,hely at the pending warhorses; blithe
217,Customer#000000217,YIy05RMdthrXqdfnNKud,23,33-159-298-3849,378.33,AUTOMOBILE,ven frays wake according to the carefully 
218,Customer#000000218," V1FCIeSseuyNGYfHS Rx0,sc4IsBfReV",4,14-480-931-8567,9541.19,MACHINERY,lar courts. furiously pending dependencies cajole blithely? fluffily regular deposits cajol
219,Customer#000000219,eTjiL01eyoKiAe2WQoz3EpPg2lvSLeOu2X2wyxK,11,21-159-138-6090,9858.57,AUTOMOBILE,ckly multipliers. carefully eve
220,Customer#000000220,TbUHVhkttz,16,26-201-301-7371,9131.64,BUILDING," even, even accounts are. ironic "
221,Customer#000000221,ripNyyPOewg8AahnZlsM,16,26-351-738-1001,1609.39,BUILDING," instructions above the regular requests cajole packages. pending, even "
222,Customer#000000222,gAPkFjwxX1Zq 2Yq6 FIfLdJ4yUOt4Al7DL18Ou,1,11-722-672-5418,8893.76,BUILDING,regular accounts haggle furiously around the c
223,Customer#000000223,"ftau6Pk,brboMyEl,,kFm",20,30-193-643-1517,7476.2,BUILDING,"al, regular requests run furiously blithely silent packages. blithely ironic accounts across the furious"
224,Customer#000000224,4tCJvf30WagGfacqcAqmfCptu2cbMVcj2M7Y0W,15,25-224-867-3668,8465.15,BUILDING,"counts. bold packages doubt according to the furiously pending packages. bold, regular pinto beans "
225,Customer#000000225,2HFk1E0fmqs,13,23-979-183-7021,8893.2,AUTOMOBILE,"ages boost among the special foxes. quiet, final foxes lose carefully about the furiously unusual th"
226,Customer#000000226,ToEmqB90fM TkLqyEgX8MJ8T8NkK,3,13-452-318-7709,9008.61,AUTOMOBILE,ic packages. ideas cajole furiously slyly special theodolites: carefully express pinto beans acco
227,Customer#000000227,7wlpEBswtXBPNODASgCUt8OZQ,13,23-951-816-2439,1808.23,MACHINERY,"lar, ironic pinto beans use! quickly regular theodolites maintain slyly pending pac"
228,Customer#000000228,A1Zvuxjdpt8TZP6i41H3fn9csGqOJUm5x0NIS1LA,20,30-435-915-1603,6868.12,FURNITURE, blithely ironic theodolites 
229,Customer#000000229,Sbvjxgmwy4u6Ks1FH7lxo7toMmeU5dG,1,11-243-298-4029,7568.07,BUILDING,bold accounts haggle furiously even deposits. regular instruct
230,Customer#000000230,CnR8xt3MYqID0tiHwYh,21,31-744-950-8047,1682.83,MACHINERY,c decoys impress even deposits. thinly final asymptotes 
231,Customer#000000231,WFOhG9Z9ohRdsyuYnPvBSv,10,20-825-880-1065,283.55,BUILDING,ly final deposits. fluffily ironic requests wake carefully carefully regular accounts. quickly sp
232,Customer#000000232,"oA9o,3YOXu2rzKONdd,cxpqCFXUv5kuxBYKp",22,32-283-563-2674,554.71,HOUSEHOLD,"ges sleep. final, bold theodolites are quickly final packages. furiously ironic packages are slyly fi"
233,Customer#000000233,mFm45wZ7rV4VIbEE1F4,3,13-574-104-3221,3998.24,FURNITURE,st the special instructions. theodolites detect blithely according 
234,Customer#000000234,ILyuJbixVmrNEVxsfQOMFxByySs,18,28-243-424-1393,8383.51,AUTOMOBILE, fluffily regular ideas play s
235,Customer#000000235,bp0rIBMh4fMdQnHBmMnB,3,13-350-790-6416,754.41,AUTOMOBILE,hely ruthless instructions again
236,Customer#000000236,"kcW,mM0rhIstAcVaol1,6DVkS FPKlhY",14,24-808-967-4503,5384.59,AUTOMOBILE,te slyly along the requests. carefully final requests sleep slyly blithe frets. furiously ruthless dep
237,Customer#000000237,R dtznB5ocPPo,19,29-414-970-5238,-160.02,HOUSEHOLD,regular pinto beans sleep furiously ironically silent theodolites. quickly ironic courts after the deposits sleep f
238,Customer#000000238,tE0lVKK3tz5AG2 Hal2XHwE485g5MX7,16,26-307-925-1236,3482.32,HOUSEHOLD,"uffily ironic theodolites are. regular, regular ideas cajole according to the blithely pending epitaphs. slyly "
239,Customer#000000239,w8eRmMOmUTjVOkucbfcGDh2AqCixTOC,9,19-699-117-6988,5398.77,FURNITURE,uctions. furiously even dolphins haggle fluffily according to the furiously regular dep
240,Customer#000000240,SXfeEOwRZsXArtY3C5UWqXgLcJBAMmaynaTJs8,9,19-756-548-7835,7139.68,MACHINERY,al accounts about the slyly pending p
241,Customer#000000241,"FBuwHkPR450PvnZnAezcaeMaS,hX3Ifdk",9,19-344-614-2207,6569.34,AUTOMOBILE, across the enticingly even requests. blithely iro
242,Customer#000000242,apgzK3HWAjKHFteJ16Tg3OERViesqBbx,3,13-324-350-3564,1975.41,MACHINERY,riously ironic pinto beans cajole silently. regular foxes wake slyly. bravely 
243,Customer#000000243,te2FOn8xJzJinZc,7,17-297-684-7972,620.73,AUTOMOBILE,nic deposits. evenly pending deposits boost fluffily careful
244,Customer#000000244,FBVbCpEVaFaP8KogqQO2VuXeVx,15,25-621-225-8173,2506.38,HOUSEHOLD,encies. requests nag carefully. regularly final accounts h
245,Customer#000000245,IseFIO7jTGPTzAdZPoO2X4VX48Hy,12,22-952-232-2729,3720.15,MACHINERY,s. regular foxes against the s
246,Customer#000000246,WrRUR0ds6iypmopww9y9t0NJBRbke78qJm,15,25-608-618-2590,9584.96,AUTOMOBILE, requests shall have to integrate furiously pending courts. sil
247,Customer#000000247,N8q4W4QQG2mHY47Dg6,20,30-151-905-3513,8495.92,HOUSEHOLD,es affix furiously regular deposits. blithely ironic asymptotes after the blithely e
248,Customer#000000248,mgT15r8asLyaED,10,20-447-727-8914,8908.35,FURNITURE,s detect blithely. blithely pending dolphins along the fluffily final accounts haggle fu
249,Customer#000000249,0XE2fhX7j2uivaHBrFuRl1NoJnaTSIQT,3,13-226-455-7727,-234.01,MACHINERY,"its are after the special deposits. ironic, final deposits against the slyl"
250,Customer#000000250,9hif3yif6z8w8pW88F755PU7uz,16,26-464-852-1461,2869.97,FURNITURE,s. slyly unusual instructions cajole quickly carefully bold dep
251,Customer#000000251,Z9fdQmv07C3k hxwt9nchhuQiqC4wox85se8EW7L,13,23-975-623-5949,9585.32,HOUSEHOLD,fully blithely regular requests. fluffily even dugouts detect furiously final ideas. sometimes ironic depos
252,Customer#000000252,db1bPFF xUkJYzvE3cBtqYeDn2 u,16,26-330-347-9201,3561.74,FURNITURE,ngside of the pending foxes. furiously ironic requests wake. blithely ironic acco
253,Customer#000000253,naGyIRPFPH E,15,25-461-140-9884,9139.52,AUTOMOBILE, regular deposits sleep against the accounts. foxes cajole carefully special 
254,Customer#000000254,"vQ,pEzMQaFgJzK4TJ2eA",1,11-451-622-6325,1915.35,MACHINERY,equests. carefully ironic deposits detect carefully abo
255,Customer#000000255,I8Wz9sJBZTnEFG08lhcbfTZq3S,3,13-924-679-8287,3196.07,BUILDING,"ges mold. bold, regular courts boost furiously at the "
256,Customer#000000256,eJ6AggYh80JMEzZNwYK4CIC2flT,10,20-229-271-4429,1299.92,HOUSEHOLD,ld boost about the carefully ironic foxes. slyly special packages cajole alongside of the slyly final accounts. q
257,Customer#000000257,LyIa26EXYaSU,7,17-816-687-2155,-339.85,AUTOMOBILE,"s cajole quickly along the ironic pinto beans: even, regular foxes are "
258,Customer#000000258,7VbADek8qYezQYotxNUmnNI,12,22-278-425-9944,6022.27,MACHINERY,"about the regular, bold accounts; pending packages use furiously stealthy warhorses. bold accounts sleep fur"
259,Customer#000000259,kwh9i86Wj1Zq14nwTdhxapIkLEI,5,15-907-674-2046,3335.29,HOUSEHOLD,furiously unusual instructions. s
260,Customer#000000260,CrHY2zx4vner4,1,11-708-529-9446,9196.11,MACHINERY,carefully. furiously bold accounts nag furiously carefully regular accounts-- final decoys prin
261,Customer#000000261,dXkVi8qahjP,12,22-494-898-7855,7094.22,AUTOMOBILE,he special instructions integrate carefully final request
262,Customer#000000262,DcUOAFBxMu8oGKvIqbDx7xgeZ,4,14-698-169-5201,1561.8,AUTOMOBILE,ress packages above the ironic accounts are against the ironic pinto beans. carefully final accoun
263,Customer#000000263,"Y2pxeGWkTyaq,0RCzIbZ3",1,11-276-906-3193,1162.03,FURNITURE,usly ironic theodolites cajole furiously. final ep
264,Customer#000000264,24Akixb4hqpRD,11,21-881-683-3829,3195.83,MACHINERY,ular packages cajole blithely a
265,Customer#000000265,"sthiqpj6CPAKbD7BBSz9ulRuF9d,ebfaiTc",17,27-716-734-2046,8275.8,MACHINERY,"lar, ironic platelets. furiously unu"
266,Customer#000000266,VSIEruiMdDvjDaTQxkuK60Yw3AGxO,0,10-474-243-3974,5481.0,HOUSEHOLD,"ccounts. quickly ironic excuses after the regular foxes wake along the ironic, fina"
267,Customer#000000267,"el7 bYzj1USp6T5i3KpfZ43jKegbdO,Jd69",15,25-402-954-8909,3166.94,AUTOMOBILE, detect slyly alongside of the foxes. closely regular pinto beans nag quickly of the blithely bold r
268,Customer#000000268,tkSLQoOpfOa601itad05EcN0UmhjZXdyKRc0r,3,13-720-469-5207,6821.01,MACHINERY,press ideas print quickly. fluffily unusual deposits use blithely eve
269,Customer#000000269,J7kLF9iPOQA 7CVwAmQRpwfZPDJ2q5Seu2Vj1gh,14,24-570-874-6232,7667.35,MACHINERY, close packages-- quickly regular instructions sleep. carefully 
270,Customer#000000270,",rdHVwNKXKAgREU",7,17-241-806-3530,9192.5,AUTOMOBILE,ldly final instructions mold carefully along the ironic accounts.
271,Customer#000000271,"O,HceV3 XE77Yx",6,16-621-282-5689,1490.35,MACHINERY,ly pending deposits cajole slyly sl
272,Customer#000000272, YDjKpjXEe0A6rDE,2,12-324-877-9650,-746.03,MACHINERY,he regular requests. slyly special 
273,Customer#000000273,"sOA,alhAw1juArjRLOd",2,12-197-772-5736,-675.05,FURNITURE,ng frets sleep. slyly express dolphins doubt ironically ironic accounts. final de
274,Customer#000000274,adesXwNumnPqsKgsE1groEAwdKNgZ,19,29-330-389-1442,4425.42,FURNITURE,gular dependencies. ironic foxes haggle du
275,Customer#000000275,M1UCTKrZLOgSyr,22,32-194-864-6861,5067.31,AUTOMOBILE,y regular deposits. fluffily ironic packages cajole along the 
276,Customer#000000276,iSWxETEMKe5cF,16,26-716-357-3851,2292.67,AUTOMOBILE,"eans. even, ironic accounts affix sl"
277,Customer#000000277,BWGsQevHk0BfRJV3RRB ElFc,23,33-696-831-5394,8876.1,BUILDING,"phins; bold, final accounts print. carefully silent "
278,Customer#000000278,4jqLjG 2aeYMFEJi,20,30-445-570-5841,7621.56,BUILDING," pending, express requests cajole carefully special packages. blithely pending accounts affix furiously. fluffily "
279,Customer#000000279,9t2Wo1jK1TYnDGg6ODSMGf1W9hRT3F3VK5zxJOC,9,19-220-605-9025,9663.23,AUTOMOBILE,l platelets sleep fluffily against the fluffily enticing excuses. blithely special requests wake somet
280,Customer#000000280,3fDiGmN64En0ei,11,21-537-461-3965,3952.84,BUILDING,accounts. quiet deposits sleep. slyly even instructions detect about the blithely bold instru
281,Customer#000000281,x5gJ8IGm2Fo9Jigt,6,16-809-382-6446,4361.7,BUILDING,fully quiet ideas detect quickly even packages. regular instructions accor
282,Customer#000000282,"wcCc, y1996DnOwnXu1i",18,28-251-599-2415,1125.45,HOUSEHOLD,ole daringly against the carefully ir
283,Customer#000000283,jysHDuTKUKYEjdBhtI LqTttTp 7i2kvx1 O3A,7,17-111-303-1282,4450.03,AUTOMOBILE,y alongside of the accounts. slyly express dependencies wake quickly above the carefully ironic package
284,Customer#000000284,2ZgAkaBgb6aigORfIfUd3kHbPi42,6,16-161-235-2690,593.52,AUTOMOBILE,lar gifts. carefully even deposits boost! furiously even braids use afte
285,Customer#000000285,ApUL7bgFMUXGXewpoQyQOSnLeL9Vc1rrkW ,20,30-235-130-1313,7276.72,FURNITURE,dolphins after the slyly ironic packages boost furiously among the furiously pending theodolites. bl
286,Customer#000000286,7 7uVDrpkWuozyEd,22,32-274-308-4633,-109.73,HOUSEHOLD,ly special accounts haggle slyly slyly fluffy req
287,Customer#000000287,KTsaTAJRC0eMYkyFm7EK3eeamHs7s,4,14-330-840-6321,1734.18,MACHINERY,"requests. bold, silent depths lose f"
288,Customer#000000288,eEs5rwc9AOJaKhvV,2,12-674-136-5397,5339.43,HOUSEHOLD, furiously about the carefully ironic packages. express reques
289,Customer#000000289,"NUilehg0nVOkK3K1SW0,BAHCeST2JqKzuTMoGS",10,20-456-773-7693,-215.75,AUTOMOBILE,ending foxes across the carefully
290,Customer#000000290,8OlPT9G 8UqVXmVZNbmxVTPO8,4,14-458-625-5633,1811.35,MACHINERY,sts. blithely pending requests sleep fluffily on the regular excuses. carefully expre
291,Customer#000000291,ZlLNbGxnQYMubQ9K,8,18-657-656-2318,4261.68,HOUSEHOLD,e slyly silent deposits. bold deposits haggle slyly special packages. furiously bold requests cajole carefully abo
292,Customer#000000292,hCXh3vxC4uje9,11,21-457-910-2923,2975.43,HOUSEHOLD,"usly regular, ironic accounts. blithely regular platelets are carefully. blithely unusual ideas affi"
293,Customer#000000293,7ynwX7lZ3o2cmAWSkKAc3edKa 8yT,2,12-887-984-5485,-43.79,MACHINERY,ironic foxes are final packages. requests about the furiousl
294,Customer#000000294,hSaNqI1P2IyEFHY0r0PsPkMqt,18,28-187-946-4260,-994.79,BUILDING,"bold packages. regular, final asymptotes use quickly fluffily even waters. blithely express requests wake into th"
295,Customer#000000295,mk649IH6njR14woTVZ1cxtlNs URxBHD5o5z2,0,10-340-773-4322,9497.89,HOUSEHOLD,"play according to the quickly ironic instructions-- unusual, bol"
296,Customer#000000296,4eyqk2zpg4m V JGEtgwNmCq3c,15,25-875-178-1959,8081.52,BUILDING,"es need to affix furiously. ironic, final foxes are against the regular instructions: pinto beans haggle q"
297,Customer#000000297,"hzg,409pj0",15,25-915-518-8800,7096.32,HOUSEHOLD,de of the regular asymptotes detect slyly ironic theod
298,Customer#000000298,"jFKF3w 8aegECg7mP,qtuR9IsTSYQlEXq",21,31-542-157-4074,3812.84,BUILDING,"sleep slyly. stealthy, bold pinto beans sleep blit"
299,Customer#000000299,3F3Q0fTkjIv1UfJbcN7,4,14-948-474-7353,5380.5,HOUSEHOLD,tes sleep fluffily. furiously regular requests boost fluffily evenly even asympt
300,Customer#000000300,I0fJfo60DRqQ,7,17-165-193-5964,8084.92,AUTOMOBILE,p fluffily among the slyly express grouches. furiously express instruct
301,Customer#000000301,FtFq9Cgg5UAzUL,7,17-265-345-9265,9305.05,HOUSEHOLD,"ular, regular notornis sleep along the furiously pending foxes"
302,Customer#000000302,cJ3cHoAjAiaxTU2t87EJM,4,14-152-594-2967,1107.42,MACHINERY,dolphins haggle fluffily across the final requests. regularly unusual sentiments detect fluffily requests. regular
303,Customer#000000303,5pSw0OIoNRcpyTEEI1gZ6zRMyJ0UGhJdD,3,13-184-254-6407,9339.57,AUTOMOBILE,mise ironically against the unusual foxes. deposits cajole asymptotes. ironic ideas shall have to sleep
304,Customer#000000304,Cilvb3k8ghDX4,0,10-321-698-7663,9217.55,MACHINERY,s integrate at the carefully ironic instructions. fin
305,Customer#000000305,"x8kcl,R4Wk",11,21-250-654-3339,4356.59,FURNITURE,"nts. even, regular courts nag. dugouts use blithely a"
306,Customer#000000306,ADoOEIr5aQcLIoGJM6nCvPEP 91,10,20-109-305-9629,3268.01,AUTOMOBILE,"ill have to are. final, express deposits hag"
307,Customer#000000307,xvkJ13gs7GH,13,23-836-934-5394,346.59,FURNITURE, ironic platelets nag against the bold pinto 
308,Customer#000000308,c9WuNBiEYmGxeBmZaELg WWb,9,19-992-128-2013,4150.76,HOUSEHOLD,ilent accounts haggle carefully unusual dolphins. carefully regular requests wake along the 
309,Customer#000000309,"6Jg4ECVS2u7i,E",21,31-231-377-9535,8824.78,FURNITURE,lyly. furiously enticing instructions haggle. carefull
310,Customer#000000310,QZnc5mkLIPh6JGrzcHmRzCiL0AmdE92vyM,1,11-838-647-9285,3186.57,FURNITURE,mise fluffily blithely ironic courts
311,Customer#000000311,dvpNARle3mR19GD4s2gpEbkL2mZV3uvV6P,23,33-919-292-8822,6589.5,AUTOMOBILE,essly even escapades. blithely regular Tiresias cajole blithely furiously close packages. furiously ironic pi
312,Customer#000000312,cH6XucXV0V,6,16-316-482-2555,-178.84,AUTOMOBILE,e slyly. furiously regular pinto beans wake slyly according to the fluffily even excuses. ca
313,Customer#000000313,Ay52vCrTXsSmp7TmQ1kujvuItfLGx,0,10-401-786-6040,6115.81,HOUSEHOLD,g to the even dependencies. accoun
314,Customer#000000314,"8,tdTVYGYoYRaAKwG 6aDJna4Cfjt,F9DDCC2",13,23-366-243-4713,2394.92,MACHINERY,ets alongside of the slyly pending pinto bean
315,Customer#000000315,pXaKKTCTyc UI3tglBaWRimosymG6ZyOCyb6Vb3M,7,17-442-286-3594,348.58,FURNITURE,s. slyly regular sentiments are carefully. slyly ironic asymptot
316,Customer#000000316,zE dN3aqjaG,8,18-171-394-5011,4571.78,MACHINERY,"egular ideas cajole around the ironic, pending deposits. furiously pending dolphins serve blithely regular "
317,Customer#000000317,uOeuL8DG1j,19,29-615-537-8871,956.88,HOUSEHOLD,ages. hockey players are. dependencie
318,Customer#000000318,PtJQn0IjYtShb1f2uYTYBnnmUeGNiwcALU,0,10-229-548-7118,9149.98,HOUSEHOLD,"nding requests. special, bold instruction"
319,Customer#000000319, UQ5mF3sdoZT2,6,16-734-928-1642,1834.36,FURNITURE," packages use slyly always ironic deposits. unusual, even notornis above"
320,Customer#000000320,pO8rWSwK j,12,22-358-857-3698,6082.74,MACHINERY,"ing requests. furiously regular accounts hinder slyly. final, regular theodolites against the slyly quiet requests"
321,Customer#000000321,"g3,8g XHACSvjZtJuiNk5BYiyPFnIxg",20,30-114-675-9153,7718.77,FURNITURE,special requests! express dugouts can affix furiously blithely regular platelets. fu
322,Customer#000000322,bWRyCyjH5OfGX,20,30-660-202-7517,4489.98,HOUSEHOLD,usual sauternes are among the slyly even instructions! thinly regular 
323,Customer#000000323,"ZLnVZ CXRi2,QDrlo",18,28-347-223-6024,1137.67,AUTOMOBILE,"ely special foxes. express, final excuses across the packages are quickly amon"
324,Customer#000000324,fiW1n6dLSVRkXj7kU1768UI2w1vMxEde5a ,2,12-722-560-7023,806.59,FURNITURE,", regular requests kindle slyly furio"
325,Customer#000000325,Z I43vl3ta3iYmjXNaSM d6Pe24ibjhdvPSi,15,25-823-702-9630,2377.34,HOUSEHOLD,nal foxes alongside of the always bold
326,Customer#000000326,nWDOTh6X019pfBtV3ikACYZiMjGykLrFnuyAo2,2,12-447-614-7494,1906.52,HOUSEHOLD,ckey players. carefully ironic a
327,Customer#000000327,UyKulwfNnX4l4ba1vQtwCWw8WNP50U8DCU,8,18-606-718-3062,8762.16,MACHINERY, unusual braids. daringly final ideas are quickly c
328,Customer#000000328,9pu j2HoEf1uhiY3jxE9l9fCRfjoVU,5,15-817-180-1487,6709.9,BUILDING,y about the daring accounts. furiously thin escapades integrate furiously against the furiously ironi
329,Customer#000000329,67r6XnIxUVgAc3pRX8tmGOw,11,21-106-357-8302,-651.91,BUILDING,ans. fluffily unusual instructions haggle about the slyly ironic platelets. never regular pinto beans sleep fl
330,Customer#000000330,UfNb7T9CTCnsfN3b,20,30-476-852-2371,8244.73,MACHINERY,en pinto beans. quickly final excuses haggle furiously. slyly pendin
331,Customer#000000331,"Ug e2IBbl,LJuqjNz5XeQV",5,15-411-430-7917,170.27,AUTOMOBILE,r the silent ideas. carefully ironic deposits was carefully above the furiously even excuses. evenly regu
332,Customer#000000332,"Jfosq,G6ziag7M04IvCx7SMRafyYvSI,Do",22,32-767-972-2596,-267.09,HOUSEHOLD, around the pinto beans. final theodolites haggle
333,Customer#000000333,"heiloGYs Yey7NKhEFoiNhUBb,QFbjtn5wt",11,21-908-534-7709,8018.89,AUTOMOBILE,uriously close theodolites! slyly express foxes cajole-- final pinto beans boost blithely along the ironic
334,Customer#000000334,OPN1N7t4aQ23TnCpc,4,14-947-291-5002,-405.91,BUILDING,"fully busily special ideas. carefully final excuses lose slyly carefully express accounts. even, ironic platelets ar"
335,Customer#000000335,d2JCYLr2F9tC1AZMIvbIYPDQA,21,31-772-165-3138,6837.46,HOUSEHOLD, requests haggle carefully about the quickly special escapades. regular a
336,Customer#000000336,yC zy1i6AGrnykrV McJyjg,2,12-345-190-9898,9241.49,AUTOMOBILE,es. dependencies lose carefully blithely regular deposits. t
337,Customer#000000337,EluRTlO4pE7u0XSKKyvKvVyt4sADWFRLZuiyn,0,10-337-165-1106,-270.59,MACHINERY,ld requests sleep quickly. carefully express tithes wake carefully ac
338,Customer#000000338, aiYAeWgI0okGSJv7OgvKqMvPLhxF3blT8josX,23,33-302-620-7535,4092.49,FURNITURE,ckages nag blithely regular requests: carefully final packages between the slyly regular instructions sleep 
339,Customer#000000339,jUs1Im28boIduGhp5vbKK50gM5ov7xH9G,24,34-992-529-2023,8438.07,HOUSEHOLD,"ix. ironic, special tithes detect dog"
340,Customer#000000340,WRnPrKQmAmoMQgHQERoVOhyTklcHMajJlc,2,12-730-681-4571,4667.12,BUILDING,"es sleep according to the even, unusual Tiresias. carefully bold packages haggle. furiously pending s"
341,Customer#000000341,"4,zQfld2YV9TSeNgCSOvqlxhJvVW8WD",9,19-870-813-8585,8247.11,FURNITURE,"low, special platelets alongside of the even, bold theodolites are carefully "
342,Customer#000000342,SpDDdUfraEAfCULAuGLE,18,28-690-119-9571,7186.74,AUTOMOBILE,luffily final ideas. finally unusual requests boost slyly above the furio
343,Customer#000000343,ejvvSNHIkJVm8I1zpQINNn5yyJbA,3,13-877-910-5134,5521.36,HOUSEHOLD, unusual requests cajole blithely about the carefully express ideas. blithely even excuses above the pint
344,Customer#000000344,"Zasc8,E0VVY",2,12-810-788-6699,-544.95,FURNITURE,le according to the regular instruction
345,Customer#000000345,"dGFK ICPKxnsAzlX4UYOUf,n200yyEWhIeG",9,19-209-576-4513,1936.77,AUTOMOBILE,en pinto beans nag along the slyly regular deposits. slyly ir
346,Customer#000000346,"K61SvIue3Emcwfel,7f9tO5WyJ58MbT7k3iS",2,12-100-890-4659,238.14,FURNITURE,ickly even pinto beans affix across the bravel
347,Customer#000000347,qRT7WRrnykLDfTc5Ei,1,11-519-832-9913,7348.92,BUILDING,ts use blithely blithely regular theodolites. even requests after the
348,Customer#000000348,ciP7BWkhOe1IbbVGlqJePBI6ZwqENkS,13,23-986-141-5327,3310.49,HOUSEHOLD,al foxes are on the carefully final excuses. careful dependen
349,Customer#000000349,"vjJBjxjW9uoRZP02nS p6XY5wU6Ic,6xHpxUKA",23,33-818-229-3473,-565.35,BUILDING,"y. bold, ironic instructions after the theodolites sleep blithely ironic packages. ideas c"
350,Customer#000000350,G vBMGVmIOHl7tc4HeNMiMkKY,15,25-960-809-3690,19.31,BUILDING,tions. quietly unusual accounts sleep blithely afte
351,Customer#000000351,De35Hx1QiyS0uy,7,17-873-420-4342,3419.54,AUTOMOBILE,telets haggle blithely against the ironic
352,Customer#000000352,HqhIE5GRTK0dFtWpJUQENU4aa1bwdsUBEWtzUw,9,19-906-158-8420,6257.88,HOUSEHOLD,ts are. blithely special requests wake. furiously bold packages among the blithely eve
353,Customer#000000353,eftGCmL4b5rAKdvUe9biJXzAH,10,20-733-644-2244,3199.03,BUILDING,nal theodolites nag carefully. requests wake. slyly ironic ideas according to the blithely pe
354,Customer#000000354,sV3WgvJA06WngO4,2,12-545-101-2447,7095.95,BUILDING,". regular, final requests cajole fluffily. express attainments wake slyly until the even acco"
355,Customer#000000355,205r3Xg9ZWjPZNX1z,14,24-656-787-6091,8727.9,FURNITURE,ly bold requests detect furiously. unusual instructions sleep aft
356,Customer#000000356,9RfNXUJivKTonL2bp1eG5IT,10,20-415-457-4421,2934.06,FURNITURE,al packages haggle always. daringly bold inst
357,Customer#000000357,l2C0Xkdib4t4 qKFUcRDOhRQMK7U0,18,28-452-965-8560,8747.36,AUTOMOBILE,ress platelets cajole fluffily final accounts: slyly ironic foxes s
358,Customer#000000358,F  z jplpUKWz1Hn7p3ez2qTsiIh,5,15-457-255-3822,-44.66,MACHINERY,e furiously pending requests. slyly bold requests wake deposits. furiously express
359,Customer#000000359,z4lUH9ssc3K2w0UjRIuNRrdqw,14,24-608-547-4751,6375.23,FURNITURE,ifts wake fluffily ironic ideas. slyly ironic deposits above the 
360,Customer#000000360,"S,6ajyDFO3WUQ0Qr",17,27-604-646-1645,6542.83,FURNITURE,engage. quickly final platelets about the fluffily unusual accounts wake 
361,Customer#000000361,l0F8jMJVe63cb,20,30-164-267-4590,7451.84,BUILDING,fully busy ideas. regular foxes cajole 
362,Customer#000000362,UscV00TNrNTDddxF7BTk,17,27-651-653-4122,6149.01,AUTOMOBILE,ut the fluffily ironic platelets. ironi
363,Customer#000000363,2Koh mYARhsVcFn0U2Abt35qIyedAr1TxP,17,27-460-529-3937,-573.86,HOUSEHOLD,s. carefully unusual deposits are foxes. furiously even foxes nag carefully according to the furiously express 
364,Customer#000000364,"SQ3b5Q5OtrmmZjJ87tq,o1TiXKVJQ0M7ZOuud",23,33-492-647-4972,32.24,HOUSEHOLD, dependencies? pending requests use carefull
365,Customer#000000365,QiZRz y1xU,24,34-708-696-5226,737.03,HOUSEHOLD,counts. unusual packages are blithely foxes. unusual dinos
366,Customer#000000366,pPQektSfn55AC7s9SRFkj07I2yXqakvCa,3,13-915-531-6826,-729.74,MACHINERY,"nos wake quickly. regular, regula"
367,Customer#000000367,yZaDoEZCqt2VMTVKoZUkf6gJ4yj,13,23-939-319-4691,9108.65,HOUSEHOLD,"eodolites under the ironic, stealthy requests affix furiously among the unusual tit"
368,Customer#000000368,9p ReFA4fseKWYUaUHi,22,32-552-596-4994,84.72,MACHINERY,ic asymptotes. quickly special packages along the bravely bold depos
369,Customer#000000369,"ge1XhgI3ADIkvLr5GPMqpup,hzlTVv",8,18-333-644-9832,2881.06,FURNITURE, theodolites? quickly quick foxes are fluffily slyly regular instructions. fluffily
370,Customer#000000370,oyAPndV IN,12,22-524-280-8721,8982.79,FURNITURE,ges. final packages haggle quickly. slyly bold 
371,Customer#000000371,dnxjCYwhuSHx 9KX38nV0R16fG,22,32-119-346-2028,7789.14,AUTOMOBILE,"equests shall boost furiously special pinto beans. express, ironic ideas sleep across the ironi"
372,Customer#000000372,aKPMNZfbgV0neVIBo,19,29-226-339-6392,-921.91,MACHINERY,. furiously even foxes sleep at the forges. bold accounts sleep after the ironic theodolites. ironi
373,Customer#000000373,"2hrQ wHkbaNlJCzY,mVkugMIE 8ryNlaA3JHDTjJ",20,30-883-170-4010,2354.06,MACHINERY,requests wake blithely even packages. slyly ironic deposits haggle blithely 
374,Customer#000000374,"fg4eklU1,UaFOan",22,32-282-723-3627,6718.78,AUTOMOBILE,ges are carefully. slyly ironic deposits about the fin
375,Customer#000000375,e53JADEeGvM1ikhN7aa,15,25-575-273-9756,5562.22,HOUSEHOLD,st the pending accounts. final courts above the pending pinto beans use furiously ironic requests. dolphins 
376,Customer#000000376,4NwsvFQU T4mSgzvU1Rx2ZtHOGyaNyhe,16,26-437-952-8986,4231.45,AUTOMOBILE,gs cajole quickly. bold asymptotes wake regularly along the quickly 
377,Customer#000000377,"PA4levhyD,Rvr0JHQ4QNOqJ9gW YXE",23,33-260-610-4079,1043.72,MACHINERY,. slyly regular ideas cajole blithely. slyly ironic foxes are carefully after the thinly special accou
378,Customer#000000378,"133stqM9 LT,a2BSlbm49 nXreFggaZgW6P6J",22,32-147-793-4825,5718.05,BUILDING,ackages haggle fluffily ironic packages.
379,Customer#000000379,"t3QzCf,q1NbshmjOIUY",7,17-228-550-9246,5348.11,AUTOMOBILE,"l deposits cajole blithely blithely final deposits. express, even foxes grow carefully about the sile"
380,Customer#000000380,n2w3Jd1bipwICbOVgrELzcNRexmWSklo,21,31-538-493-4229,2755.46,BUILDING,riously special accounts. slyly final accounts sleep; blithely special requests integrate carefully slyly en
381,Customer#000000381,w3zVseYDbjBbzLld,5,15-860-208-7093,9931.71,BUILDING,"t regular, bold accounts. carefully quick packages haggle. care"
382,Customer#000000382,"UdgAMamK5JnSykA,ZPfR5W5zRFatDUye",8,18-942-650-6657,6269.42,AUTOMOBILE,. blithely express notornis according to the blithely even requests are never fina
383,Customer#000000383,iBIHYgXvVDpu6qq7FlqXVcAIDAzv4qs,2,12-868-920-9034,-849.44,MACHINERY,slyly express ideas haggle blithely unusual dugouts. ironic pinto beans are ironic ideas.
384,Customer#000000384,kDDMb3ML nUSu2Sn7CUHyZVedAFUx9,9,19-271-453-8361,-614.3,HOUSEHOLD,"olites. express, unusual dolphins cajole carefully about the "
385,Customer#000000385,zJvPI24TSPpiFzYfu3RvTKQ9,3,13-741-675-6890,2457.09,AUTOMOBILE,rs. blithely ironic deposits nag furiously across the furiously ironic accounts. bold deposits sleep express
386,Customer#000000386,DeQxsCxixT8RQ7JV6mddRYGDGQ2WM94,24,34-193-143-1425,232.01,BUILDING,"counts. blithely permanent deposits wake slyly! unusual, even theodolites u"
387,Customer#000000387,Yj 9g1mNu00rKRkc1ovOmptsPI,18,28-694-363-3673,3404.23,HOUSEHOLD,oach. blithely regular instructions sublate across the quickly regular ideas. qui
388,Customer#000000388,dV4lqEufXkF8R,7,17-856-814-6352,1938.05,HOUSEHOLD, carefully bold deposits: final pinto beans sleep slyly idl
389,Customer#000000389,"ij8KNM0,HRvIvnvY w8jQK4zvr1EOO9YM",9,19-264-943-1253,-307.61,AUTOMOBILE,o beans affix fluffily. slyly ironic notornis wake 
390,Customer#000000390,"Nsc3VZZnVsw0mLAnqqzVz,",4,14-812-253-6693,8862.18,HOUSEHOLD, final packages promise quickly. pending theodolites haggle quickly above the doggedly ironic
391,Customer#000000391,q10SV05KB1038lzUR8P,11,21-604-451-4462,4801.3,HOUSEHOLD,le blithely final forges. furiously even deposits cajole fluffily even patterns. furious
392,Customer#000000392,H7M6JObndO,17,27-601-793-2507,8492.33,BUILDING,efully bold ideas. bold requests sleep carefully blithe instructions. carefully final accounts are blithely quickly 
393,Customer#000000393,RSELskV44I3LFA9VLGY2Qe,20,30-749-949-5915,3593.57,FURNITURE,ake furiously express notornis. pending accounts hang slyly slyly blithe theod
394,Customer#000000394,"nxW1jt,MQvImdr z72gAt1bslnfEipCh,bKZN",23,33-422-600-6936,5200.96,MACHINERY, instructions. carefully special ideas after the fluffily unusual r
395,Customer#000000395,b06rg6Cl5W,15,25-804-388-6600,4582.28,HOUSEHOLD,s mold blithely regular platelets. slyly silent instructions use slowly slyly specia
396,Customer#000000396,miE7JrCdGpQkF4zYJ27tBdSu IYhQ HXx0 ,22,32-902-936-4845,1433.5,BUILDING,xcuses. regular pains wake slyly across the ruthlessly ironic dependencies. e
397,Customer#000000397,EzR2BKJ85SmBDS,7,17-103-357-8777,709.46,FURNITURE,"al theodolites. regular accounts are regular, silent foxes. unusual asymptotes above t"
398,Customer#000000398,cq9NmtIT4b6JB8L79iLzljlHs4 3,15,25-110-215-3747,8865.61,HOUSEHOLD,l deposits breach slyly ironic asymptotes. carefully pend
399,Customer#000000399,ZBvzMa6N1wdCGaPmG13xVusIxdjSiA94jTXN,8,18-882-664-5454,7358.53,BUILDING,yly even excuses. ironic theodolites wake furiously. blithely regular pinto beans cajole. fin
400,Customer#000000400,U23zy17EPxqmJn7neVc,14,24-522-746-1247,-98.46,BUILDING,fully bold accounts cajole bravel
401,Customer#000000401,"aKALIG526OK4veQfUh2KmKcE,oRyg",19,29-667-766-5291,4146.43,BUILDING,l instructions wake. slyly express deposits us
402,Customer#000000402,"8Cw4p1m1gKYVUgomkAq,es1ZtrnmHaO",6,16-950-729-1638,2106.67,AUTOMOBILE,dolites. furiously regular theodolites integrate furiously. bravely bold requests are. furiously
403,Customer#000000403,"9,BVYegfkFLsEMDkeVW",14,24-753-433-1769,6693.36,HOUSEHOLD,al hockey players; ironic dependencies after t
404,Customer#000000404,2orgvLJ05jOvM292mhkS7iJmHG0jk,22,32-840-785-1776,7408.73,BUILDING,uickly brave requests haggle furiously carefully special idea
405,Customer#000000405,mCQNH1rJtqjjQ9Piauc2bZr4pRFydscZtbD9d,10,20-509-301-7901,7519.14,MACHINERY,"nts. pending, express foxes sleep? ironic, pending instructions haggle. ironic, pending theodolites detect slyly. bl"
406,Customer#000000406,j1fOG9WsIr2JI6Yi9jgJ M,9,19-426-693-4043,4286.94,FURNITURE,nal foxes. unusual pinto beans wake. special excuses cajole ironic 
407,Customer#000000407,cfCP9bE3HnI,1,11-975-454-8499,9537.08,MACHINERY,ect among the carefully regular theodolites. regular dep
408,Customer#000000408,"TBjb3m,3aea4JtP833HD4VDk7STz2Y9FB",10,20-177-807-5661,6825.37,BUILDING,unts. furiously ironic depths among the instructions wake carefully along the blithely ironi
409,Customer#000000409,mtrMiDvQxNsy1Cj0cU4ITEW5wGKLPQ2IPHNE9r4,11,21-466-412-4731,3969.86,FURNITURE,"fily pending courts. express, regular packages are furiously along the quickly regular packages."
410,Customer#000000410,"nYak2u Q9,gYUiLfh1N",7,17-576-345-5940,4349.27,BUILDING," sublate across the pending, express asymptotes. quickly "
411,Customer#000000411,"V3e,FX5x50scsQDzt5,ESxfOQBt4OzjHRoTZxF",18,28-483-924-1955,1209.32,HOUSEHOLD,refully. slyly even packages above the evenly regular asymptotes are blithely ironic dependencies. deposi
412,Customer#000000412,"5IN2Y,QrhDJ2YBVGKiDbMpzi2hk1fmozIy2zQ",22,32-940-318-3191,6044.02,BUILDING,ithely silent notornis haggle. regular requests haggle according to the ironic deposits. blithely final dep
413,Customer#000000413,",4Jm5N0ruhJCB7cBR6Kw",6,16-158-285-7336,5817.9,FURNITURE,ular packages integrate furiously fluffily final accounts. carefully regular 
414,Customer#000000414,i49DWI61AFb 45vb1RMH,19,29-552-380-2475,527.78,AUTOMOBILE,"sily silent, even accounts. careful, final ideas boost fluffily. slyly final pinto be"
415,Customer#000000415,"334jCRiUb,gx3",23,33-346-876-2972,2317.93,FURNITURE,egular deposits. blithely ironic inst
416,Customer#000000416,fm7H7k6sYhKfXttOT,12,22-651-146-4780,4365.28,MACHINERY,p the pending pinto beans. furiously express reques
417,Customer#000000417,X3LMSpIn4FgjgJxldHVUlUvKzyX,11,21-794-364-5100,6187.73,BUILDING,lent multipliers. quickly express theodolites kindle blithely. ironic re
418,Customer#000000418,",e0q82drO rgVHXHrJRQ0GDrRoUOl",5,15-826-508-1218,1211.39,FURNITURE,d foxes against the furiously special packages snooze blithely quickly 
419,Customer#000000419,gvbZNJ4UVBAo5yOZ2UOWcvV9TeTj,16,26-338-447-2399,7786.69,BUILDING,ideas affix alongside of the final accounts. quickly ironic deposits abo
420,Customer#000000420,HV0YB82MWw93 9K,20,30-776-366-5869,1999.35,BUILDING,"ideas wake. fluffily ironic packages hang furiously above the regular, even platelets; packages haggle slyly "
421,Customer#000000421,it3mUlkZAe9J8gmy,13,23-918-228-2560,7073.17,FURNITURE,lithely final deposits haggle furiously above the
422,Customer#000000422,AyNzZBvmIDo42JtjP9xzaK3pnvkh Qc0o08ssnvq,9,19-299-247-2444,-272.14,HOUSEHOLD,eposits; furiously ironic packages accordi
423,Customer#000000423,Y2B EbOg39GpFLS0n,13,23-201-501-7824,95.79,BUILDING,"ts cajole after the silent, pending instructions. ironic, even asymptotes use carefully. furi"
424,Customer#000000424,"i4cf3kmRE9IJr,cu,1",19,29-891-311-6778,1866.42,HOUSEHOLD,"bove the express, final deposits wake furiously furiou"
425,Customer#000000425,lp3aCRBK11qFY,16,26-756-407-4828,5824.88,HOUSEHOLD,"ajole even, pending accounts. carefully brave accounts"
426,Customer#000000426,GjFjM4zjbyhNrV6XlE,19,29-768-330-6311,7818.25,HOUSEHOLD,ar instructions are against the ironic platelets. slyly final acc
427,Customer#000000427,LHzXa71U2AGqfbqj1yYYqw2MEXq99dWmY,2,12-124-309-3821,4376.8,MACHINERY,y even multipliers according to the regu
428,Customer#000000428,"TCVjlzbX7x,kWcHN33LRdEjO38mAGmPR",21,31-587-557-8211,1952.36,BUILDING,furiously quick accounts. slyly bold dependencies cajole carefully. quickly even requests int
429,Customer#000000429,"kZBtY,LQAFu4iaSagjfIk8Q8dzgmT",15,25-989-936-1954,9247.21,FURNITURE,ly regular requests haggle enticing excuses. carefully ironic requests on th
430,Customer#000000430,"s2yfPEGGOqHfgkVSs5Rs6 qh,SuVmR",3,13-406-611-4228,7905.17,BUILDING,ly slyly ironic attainments. slyly special instructions until the deposits nag quickly whithout the bo
431,Customer#000000431,RNfSXbUJkgUlBBPn,6,16-326-904-6643,2273.5,HOUSEHOLD,"e quickly. final, even excuses against the even accounts sleep agai"
432,Customer#000000432,FDConiq g20GI9dH QTM ZNX4OB9KU,23,33-307-912-9016,5715.64,BUILDING,"wake carefully close, special deposits. regu"
433,Customer#000000433,7XFuE4 euQR0w,20,30-659-445-3595,8746.23,FURNITURE,sual ideas affix carefully always regular accou
434,Customer#000000434,6LGAf2hv4MB5MJhfvNsg,3,13-325-443-1474,2940.46,MACHINERY,lly final Tiresias. blithely regular ideas nag stealthily about the furiously 
435,Customer#000000435,diwjNQSb3wLYLy WfCDATo5rc1I3 s,2,12-741-309-6377,6217.46,MACHINERY,quickly excuses. blithely express theodolites poach slyly along the theodolites. slyly reg
436,Customer#000000436,4DCNzAT842cVYTcaUS94kR0QXHSRM5oco0D6Z,19,29-927-687-6390,5896.87,FURNITURE,olites engage carefully. slyly ironic asymptotes about the ironi
437,Customer#000000437,0PM1xuHd0q2ElcJp 77F2MykOVBSQnZR8u3jkn,4,14-364-492-8498,7760.52,AUTOMOBILE, foxes sleep across the slyly unusual pack
438,Customer#000000438,"eqo9A9oaE2CA7 7,L",23,33-394-388-4375,2131.13,MACHINERY,al deposits mold alongside of the fluffily brave requests. 
439,Customer#000000439,3deBblz2syRv8yMf0yAVKkE4mDH20uDRj4tJVHUm,14,24-873-368-6801,-61.29,BUILDING,ions may impress thinly for the deposits? even packages towa
440,Customer#000000440,"w4fKMgiBuGmV,nLn7NgJl1DoUWwNQMV8z  5,R",3,13-244-480-5751,1809.04,MACHINERY, even theodolites: fluffily final requests cajole about the quickly regular
441,Customer#000000441,gjYpcBx6MP8GvDa6,23,33-438-355-3491,9451.84,HOUSEHOLD,r requests wake theodolites. quickly final ideas haggle fluffily. blithely f
442,Customer#000000442,rvgayfJFLO2cjzMA,1,11-240-523-8711,4157.0,FURNITURE,"lets would affix fluffily. regular, regular ideas ought to haggle carefully blit"
443,Customer#000000443,UdyNGZ6GSz5aNpMO5N2,3,13-241-131-1632,3726.22,FURNITURE,"t the special, final platelets. bold req"
444,Customer#000000444,D8l4G8i9aZ7KRbqp6ajvR8h1wjr,1,11-402-300-1949,1505.27,HOUSEHOLD, express accounts along the pending deposits lose carefully above the furiously regular requests. pen
445,Customer#000000445,MX1UA0KUJzIGyWM p2hbLg5dCpVLws8KNcwEsP,20,30-849-846-6070,8018.81,FURNITURE,"e ironic, special accounts. quickly regular packages integrate fluffily slyly"
446,Customer#000000446,"mJOJwYfch izLCuw70,qhlJSmH",24,34-321-168-5681,9225.6,FURNITURE,ending instructions. boldly ironic foxes across the regularly ironic pains sleep along the carefully final deposits.
447,Customer#000000447,hVZBzP8Pii,3,13-438-344-7007,7665.98,HOUSEHOLD,telets around the furiously unusual foxes detect carefully against the 
448,Customer#000000448,BH4vtnDpabk0NgoGNJWu4OUXnidfJ,24,34-985-422-6009,8117.27,BUILDING,"unts. final pinto beans boost carefully. furiously even foxes according to the express, regular pa"
449,Customer#000000449,DiUXazp8EYcJFsX2a7nciEpo9W5BRB4iqdb9HWL,4,14-893-381-6454,3001.94,MACHINERY,"posits boost slyly carefully regular requests. final, bold fo"
450,Customer#000000450,KVpuYa4dDW8lZZVBttyK614C2qdS,9,19-782-397-9006,5544.42,HOUSEHOLD,gular decoys nod slyly express requests. slyly bold theodolites are along the regular
451,Customer#000000451,"ZJKTC1Ck,B01fYZ xdN2",20,30-939-275-3248,2110.59,HOUSEHOLD,"quests grow furiously final deposits. ironic, even pi"
452,Customer#000000452,",TI7FdTc gCXUMi09qD",6,16-335-974-9174,6633.7,BUILDING,aggle quickly. unusual instructions i
453,Customer#000000453,"PZ4mmWL7R,El0MtLWMfLXp120lo0,itmO",8,18-209-381-8571,5678.18,HOUSEHOLD,"sts. slyly even dolphins across the bold, regular foxes haggle blithely"
454,Customer#000000454,d9oQCm3onNsFlIoteVjFcQDv,7,17-818-915-9400,6134.4,AUTOMOBILE,"ions print slyly platelets. carefully regular packages according to the fluffy, even foxes wake carefu"
455,Customer#000000455,"sssuscPJ,ZYQ8viO",6,16-863-225-9454,6860.34,BUILDING,"l wake. blithely final instructions integrate furiously above the final, regular req"
456,Customer#000000456,IgUSuulguDJ5,0,10-784-971-7777,8815.78,FURNITURE,ly even warhorses. quickly even requests wake slyly. 
457,Customer#000000457,eaAWe Vqr0x17Uwj1uzQRb wQpXxZVDWS3Wg,20,30-543-684-2857,5867.61,FURNITURE,the foxes. carefully pending instructions integrate fluffily blithely pending packages. careful
458,Customer#000000458,iIKwI3HrgNlD9,4,14-651-706-4016,-38.42,BUILDING,"ng. final, express requests are furious"
459,Customer#000000459,CkGH34iK 9vAHXeY7 wAQIzJa1cmA8DAEA7m,6,16-927-662-8584,1207.97,MACHINERY,"ronic, regular dependencies use above the ironic deposits. carefully express packages use car"
460,Customer#000000460,"Gbx5Hnw,ctlI7",11,21-643-955-6555,5222.83,FURNITURE,"old dependencies mold slyly above the foxes. dogged, express ins"
461,Customer#000000461,5vxNLzSASzkbrUr8CRf5,21,31-533-226-4307,9177.63,AUTOMOBILE,sits breach blithely. slyly regular ideas haggle fluffily; special ideas cajole q
462,Customer#000000462,MSqsCvNEkowp7FnscRXP6OUWm,21,31-157-561-4106,4522.6,HOUSEHOLD,ly special accounts? ideas engage regular dependencies. fluffily even pinto beans x-ray blith
463,Customer#000000463,"LV7MN7Tkm2NSo4Q3lwvjxGQyRJjRZRf,M",8,18-167-214-5805,-654.5,HOUSEHOLD, quickly along the final ideas. slyly regular accounts are iro
464,Customer#000000464,"kAALP9gEt3,G9XtxCXjv38HjKBEP",9,19-269-971-9738,8730.85,AUTOMOBILE,efully express accounts play. special requests use carefully. regular courts sle
465,Customer#000000465,gngnTNn7azjgQlQJnakTZto,2,12-137-838-1346,8432.74,FURNITURE,es. quick asymptotes integrate carefully alongside of the ideas. even requests believe slyly even ac
466,Customer#000000466,"ZI1c8,ZanegEu5CEQxNf5,bkuYPwn7H7JIK7",12,22-280-738-3240,3168.41,MACHINERY,"foxes. express, ironic accounts boost? carefully silent deposits engage. accou"
467,Customer#000000467,amwRkh0nDQ6r6MU,11,21-449-581-5158,9398.51,MACHINERY,manently special warthogs. final ideas a
468,Customer#000000468,IcbihAtOVWcnswfyE,10,20-489-960-5023,9834.19,FURNITURE," accounts cajole quickly above the blithely final packages. even, express package"
469,Customer#000000469,JWOULMa5Qtt,12,22-406-988-6460,6343.64,BUILDING,cajole carefully slyly regular packages.
470,Customer#000000470,v9 gWSuP4WrOjNJRgyJtjbNCChQME,20,30-507-458-4433,3597.53,HOUSEHOLD,ilent excuses. never ironic requests sleep furiously. daringly f
471,Customer#000000471,tGr0DtrK 91IgzfeZrSPpPIia3,4,14-574-118-1005,5716.9,FURNITURE,es. unusual accounts try to solve ca
472,Customer#000000472,hWgfnsmTAEOx9Mqp87YwztGrgLLqNkjMPh4,12,22-940-478-1933,7929.9,MACHINERY,deas sleep slyly blithely final foxes. slyly final e
473,Customer#000000473,zO3W9pYj PvlsQGe,9,19-209-647-5704,-202.22,HOUSEHOLD,ter the quickly pending requests sleep above the carefully iron
474,Customer#000000474,"mvEKw,6zT0V8Yb2yTG hu990UX",21,31-247-536-6143,9165.47,MACHINERY,ns integrate against the quickly special courts. slyly
475,Customer#000000475,JJMbj6myLUzMlbUmg63hNtFv4pWL8nq,14,24-485-422-9361,9043.55,BUILDING,egular requests. ironic requests detect furiously; deposits ha
476,Customer#000000476,68r87HCBbQkVYaVfes8mgKs,2,12-996-628-9902,5973.1,BUILDING,"sly. carefully quick instructions sleep carefully deposits. final, pending pinto beans use closely fluffily final in"
477,Customer#000000477,5aW5WHphNgFdIS1Qdp2cIJXG8ER8,23,33-845-877-6997,1836.61,AUTOMOBILE,totes are blithely among the furiously final foxes. slyly 
478,Customer#000000478,"clyq458DIkXXt4qLyHlbe,n JueoniF",1,11-655-291-2694,-210.4,BUILDING,o the foxes. ironic requests sleep. c
479,Customer#000000479,RdIiG8NbwYtamReRwhR,18,28-336-406-1631,3653.64,AUTOMOBILE,ages. bravely even foxes detect careful
480,Customer#000000480,XyQSPswCeO WPD37K3 mYZ4hnCMJO5p,7,17-231-147-5851,2750.71,FURNITURE,posits. slyly ironic theodolites nag carefully about the quickly final accounts. s
481,Customer#000000481,"o4xa7J20NqHM8E0ykH,NKe1gPz04OqIn",21,31-363-392-6461,7157.21,FURNITURE,"s can nag slyly instructions. regular, regular asymptotes haggle sly"
482,Customer#000000482,389RgNCsmVUKiRskmrQQm90xx JiIxOM0,13,23-732-448-1610,4333.37,HOUSEHOLD,carefully bold instructions. carefully final instructions wake carefully accounts. accounts cajole slyly ironic acc
483,Customer#000000483,Yv1QV 1JsV 9sVbNufRvdnprt0grx52,11,21-799-189-1135,8877.2,MACHINERY,pecial ideas. furiously final i
484,Customer#000000484,ismzlUzrqRMRGWmCEUUjkBsi,20,30-777-953-8902,4245.0,BUILDING,"y against the express, even packages. blithely pending pearls haggle furiously above the fur"
485,Customer#000000485,"XeFbvXCQ,J",19,29-434-961-1623,8695.45,MACHINERY,ecial pinto beans. instructions ought to cajole even
486,Customer#000000486,2cXXa6MSx9CGU,21,31-787-534-8723,7487.4,AUTOMOBILE,"nstructions. unusual, special pinto beans sleep about the slyly pending requests. fu"
487,Customer#000000487,"oTc,l9dAf8O0qOOMP4P0WFTuGS",2,12-111-401-4259,9749.37,AUTOMOBILE,as. excuses use carefully carefully pending i
488,Customer#000000488,bBcMjFPTysSTaTdHcoO,3,13-513-778-1881,-275.58,AUTOMOBILE,thely above the carefully ironic accounts. excuse
489,Customer#000000489,GIdW4IVgeqWMBXnNFZGHS8kmhw,4,14-916-241-6195,8255.83,AUTOMOBILE,lar accounts. finally pending dependencies solve fluffily 
490,Customer#000000490," 66fG3Fyb946cVQsH9Z3VMNzR,yfHMKIEB",22,32-268-147-7824,-213.85,FURNITURE,"ash carefully never bold instructions. regular, bold asymptotes cajole regularly. quickly bold foxes wak"
491,Customer#000000491,r3zPOuenxHl0oqInxWlEyLP1ZH,0,10-856-259-7548,785.37,AUTOMOBILE," slyly special requests hang dogged, express epitaphs."
492,Customer#000000492,"JexAgMLuUHoElYFaKx,hJcAP1b1GknYoYHQLyx",8,18-686-244-1077,8635.18,AUTOMOBILE,gle furiously furiously final packages. carefully bold pinto beans promise quickly alongside of the close
493,Customer#000000493,G dRBjxmBBug1 xRSa6VwRchFDtU5b,16,26-514-558-7246,6582.04,MACHINERY,er the furiously express excuses use above the regular accounts. regular instructions after the 
494,Customer#000000494,GKgTjHFlQrDZWcketSqhZCopBhmChknI,10,20-330-453-6579,6295.47,FURNITURE,"al courts. regular, ironic requests serve furiously. pending"
495,Customer#000000495,QhFbEv6KbQIwfZs 1krt1eACKI31v3iyM,7,17-400-405-6060,7997.81,BUILDING, dependencies. silent accounts cajole quickly furiously pendin
496,Customer#000000496,Y8oYLlHme6Z4fEzkTu,12,22-173-644-7922,8174.82,MACHINERY, quickly bold packages. decoys among the blithely pending accounts lose according to the deposits.
497,Customer#000000497,0 qRRXAxUbo1J KDwDMjFde5fXDwn ,23,33-937-724-3506,2191.59,BUILDING,fluffy ideas detect carefully 
498,Customer#000000498,"1Wnja9i7KAC3HxS5yATK,In8Q6AHcEUr0f5Tp",19,29-210-810-1479,3945.64,BUILDING,yly pending requests according to the slyly special asymptotes sleep carefully against the slyly even pack
499,Customer#000000499,m1hO3VXQVbwTbJ99Hw,14,24-387-817-9149,4293.76,HOUSEHOLD,old sentiments cajole carefully among the blithely unusual requests. final packages nag careful
500,Customer#000000500,fy7qx5fHLhcbFL93duj9,4,14-194-736-4233,3300.82,AUTOMOBILE,s boost furiously. slyly special deposits sleep quickly above the furiously i
501,Customer#000000501,"lzkYA5C6wa,wX",13,23-867-672-1331,1909.35,FURNITURE,ual deposits wake. quickly ironic platelets along the careful deposits haggle
502,Customer#000000502,nouAF6kednGsWEhQYyVpSnnPt,11,21-405-590-9919,1378.67,HOUSEHOLD,"even asymptotes haggle. final, unusual theodolites haggle. carefully bo"
503,Customer#000000503,"7xCLYGLCpFU,toJBIPIrJbLIuLok81h IxK ae5Z",20,30-441-755-3094,3213.66,MACHINERY, even deposits haggle. packages i
504,Customer#000000504,"2GuRx4pOLEQWU7fJOa, DYiK8IuMsXRLO5D 0",10,20-916-264-7594,0.51,FURNITURE,slyly final theodolites are across the carefully 
505,Customer#000000505,"MAUkwAyEvg61RlCMomspMs0WzYa,Ns",2,12-530-647-8313,6557.51,HOUSEHOLD,mptotes haggle around the theodolites. furiously bold accounts detect quickly packages. special pinto beans 
506,Customer#000000506,dT kFaJww1B,13,23-895-781-8227,1179.85,HOUSEHOLD, idle instructions impress blithely along the carefully unusual notornis. furiously even packages
507,Customer#000000507,"QlA0Fc 6e,r67ugESzq",14,24-158-185-4455,5727.0,MACHINERY,nst the furiously even deposits cajole slyly among the furiously ironic requests. blithely unusual depo
508,Customer#000000508,q9Vq9 nTrUvx,18,28-344-250-3166,1685.9,BUILDING,uses dazzle since the carefully regular accounts. patterns around the furiously even accounts wake blithely abov
509,Customer#000000509,LHLR0IKQJHVF1 0UvBNPLq0,4,14-115-338-1002,7885.5,FURNITURE,ily! requests cajole fluffily. slyly regular waters na
510,Customer#000000510,r6f34uxtNID YBuAXpO94BKyqjkM0qmT5n0Rmd9L,5,15-846-260-5139,1572.48,HOUSEHOLD,symptotes. furiously careful re
511,Customer#000000511,lQC9KfW W77IYtJjAgSZguNzxjY rYk3t6lcxfSh,13,23-247-728-9743,4571.31,FURNITURE,"he slyly close deposits. special, ironic ideas detect furiously carefull"
512,Customer#000000512,e5 kymvjf6Vja7tNsL 3dfiK,2,12-144-416-6035,3937.58,BUILDING,packages are slyly after the slyly express packages. bold d
513,Customer#000000513,sbWV6FIPas6C0puqgnKUI,1,11-861-303-6887,955.37,HOUSEHOLD,press along the quickly regular instructions. regular requests against the carefully ironic s
514,Customer#000000514,0qD6Nwp3tG3QqCq9qvRAzT6N8L,23,33-194-775-6756,5840.97,BUILDING,carefully final ideas. quickly final packages are. requests haggle slyly. blithely pending sauternes lose bl
515,Customer#000000515,oXxHtgXP5pXYTh,15,25-204-592-4731,3225.07,BUILDING,"ackages cajole furiously special, ironic deposits. carefully even Tiresias according to "
516,Customer#000000516,EJwOQMTQnFwvd8r Y7f9i5POy6ZlNkIYxCL hg8t,6,16-947-309-2690,4768.96,MACHINERY,final requests after the furiously 
517,Customer#000000517,mSo5eI8F4E6Kgl63nWtU84vfyQjOBg4y,10,20-475-741-4234,3959.71,FURNITURE,"al, ironic foxes. packages wake according to the pending"
518,Customer#000000518,"EsCrt4chk,3IRIzwMHTu 6VQWrfh",17,27-651-256-7682,9871.66,BUILDING,as. quickly regular requests are carefully above th
519,Customer#000000519,Z6ke6Y9J2pYuPBp7jE,5,15-452-860-5592,9074.45,BUILDING,es. fluffily regular accounts should have to sleep quickly against the carefully ironic foxes. furiously daring
520,Customer#000000520,yaOGc9Ve92Bi4F6e0GcheU2MmEOXJE0zqyDT sEA,3,13-612-111-7765,8315.09,HOUSEHOLD," haggle across the even, bold instructions. final, even ideas might wake blithely against the "
521,Customer#000000521,MUEAEA1ZuvRofNY453Ckr4Apqk1GlOe,2,12-539-480-8897,5830.69,MACHINERY,ackages. stealthily even attainments sleep carefull
522,Customer#000000522,"gPz4FuAGpjvaU4YB9J,fGSnLBr9scEovGO1KkTx",12,22-771-454-9561,6358.46,BUILDING,instructions. doggedly express requests doze blithely. regular theodolites hagg
523,Customer#000000523,sHeOSgsSnJi6pwYSr0v5ugiGhgnx7ZB,10,20-638-320-5977,-275.73,BUILDING, fluffily deposits. slyly regular instructions sleep e
524,Customer#000000524,bpsO77xiAmjwOxqIgAszRu4Y,9,19-844-888-9800,5706.19,HOUSEHOLD,ending pinto beans unwind slyly. slyly final theodolites above the quickly ironic pinto beans haggle ev
525,Customer#000000525,w0pOG5FhH45aYg7mKtHQhAWQKe,19,29-365-641-8287,3931.68,AUTOMOBILE, blithely bold accounts about the quietl
526,Customer#000000526,0oAVPhh1I4JdrDafVG2Z8,1,11-170-679-3115,705.93,HOUSEHOLD,ctions cajole after the furiously unusual ideas. ironic packages among the instructions are carefully carefully iro
527,Customer#000000527,"giJAUjnTtxX,HXIy0adwwvg,uu5Y3RVP",13,23-139-567-9286,4429.81,HOUSEHOLD,"ending, ironic instructions. blithely regular deposits about the deposits wake pinto beans. closely silent "
528,Customer#000000528,SRYjG5Wgp8ZG8GyDFhRIR5ep8yNs3nrCmYa,15,25-985-381-5453,1802.5,AUTOMOBILE, the slyly even instructions. carefully idle packages sleep about the platelets. bol
529,Customer#000000529,oGKgweC odpyORKPJ9oxTqzzdlYyFOwXm2F97C,15,25-383-240-7326,9647.58,FURNITURE, deposits after the fluffily special foxes integrate carefully blithely dogged dolphins. enticingly bold d
530,Customer#000000530,wG6AC7G6Y0DRuzJiroWCByzbrkqeySQDvRXzH,13,23-614-884-1055,4990.92,BUILDING,uctions cajole blithely across the ironic packages. slyly regular deposits wa
531,Customer#000000531,ceI1iHfAaZ4DVVcm6GU370dAuIEmUW1wxG,19,29-151-567-1296,5342.82,HOUSEHOLD,"e the brave, pending accounts. pending pinto beans above the "
532,Customer#000000532,xwWO3lWjgVJTZwhnltyH6zj5ddkzgH8RbF,15,25-875-978-2232,1725.68,MACHINERY,usly regular deposits kindle. quickly even depos
533,Customer#000000533,"mSt8Gj4JqXXeDScn2CB PIrlnhvqxY,w6Ohku",15,25-525-957-4486,5432.77,HOUSEHOLD,even dolphins boost furiously among the theodo
534,Customer#000000534,"3PI4ZATXq8yaHFt,sZOQccGl  Fc1TA3Y 2",1,11-137-389-2888,6520.97,AUTOMOBILE,deas. blithely regular foxes use carefully bold accounts-- ruth
535,Customer#000000535,",2Y kklprPasEp6DcthUibs",2,12-787-866-1808,2912.8,BUILDING,even dinos breach. fluffily ironic
536,Customer#000000536,jf8PSOQDvqQj4uF8,12,22-521-348-9030,3342.75,MACHINERY,tes? blithely enticing theodolites wake. braids sleep. sly
537,Customer#000000537,"wyXvxD,4jc",10,20-337-488-6765,2614.79,FURNITURE,e carefully blithely pending platelets. furiously final packages dazzle. ironic foxes wake f
538,Customer#000000538,u9jYEMPoKwrH5wXivkSebbxAx1PU,19,29-632-471-2852,-303.95,MACHINERY,uffily special requests nag around the quickly stealthy
539,Customer#000000539,FoGcDu9llpFiB LELF3rdjaiw RQe1S,6,16-166-785-8571,4390.33,HOUSEHOLD,ent instructions. pending patter
540,Customer#000000540,YkaXu3o1X8,16,26-933-117-7482,9195.77,MACHINERY, enticingly express excuses. quickly regular notornis cajole near th
541,Customer#000000541,",Cris88wkHw4Q0XlCLLYVOAJfkxw",0,10-362-308-9442,1295.54,FURNITURE,"according to the final platelets. final, busy requests wake blithely across th"
542,Customer#000000542,XU2ffxnW3TQasrfF0u2KwKWmMarPyY4q7Q,16,26-674-545-2517,3109.96,BUILDING,"r forges! requests alongside of the bold, final deposits"
543,Customer#000000543,JvbSKX7RG3xuqiKQ93C,17,27-972-408-3265,6089.13,AUTOMOBILE,"l, even theodolites. carefully bold accounts sleep about the sly"
544,Customer#000000544,"Jv7vcm,oE,HEyxekXKia1V5H1up23",5,15-572-651-1323,4974.68,AUTOMOBILE,bout the packages integrate above the regular instructions. regular ideas hinder s
545,Customer#000000545,"AsYw6k,nDUQcMOpEws",10,20-849-123-8918,7505.33,AUTOMOBILE, carefully final deposits. slyly unusual pinto beans may wake bold requests. unusual courts alongside 
546,Customer#000000546,GZtBXX3OaqFLbC9JNi1hmF1JFLbmRs9,19,29-936-444-8248,3116.5,MACHINERY,ly fluffy braids. blithely special theodolites use express deposits-- slyly regular attainments
547,Customer#000000547,4h SK3dVkE1tQ0NCh,22,32-696-724-2981,6058.08,BUILDING,y express deposits. slyly ironic deposits nod slyly slyly ironic instructions. carefully quick idea
548,Customer#000000548,98nP31ToAGK tCCkYm7HqBZt0dLjy0JzlMMRCmkj,4,14-787-370-8722,90.45,BUILDING,c pinto beans. quickly even requests haggle against the blithel
549,Customer#000000549,v5uqfeHLiL1IELejUDnagWqP5pKWa9LtoemziGV,24,34-825-998-8579,91.53,BUILDING,n asymptotes grow blithely. blithely fluffy deposits boost furiously. busily fu
550,Customer#000000550,"q5 gKwc7PBQOyd,H",17,27-938-997-6262,7270.82,FURNITURE,ully regular deposits. slyly ironic requests wake along the depos
551,Customer#000000551,holp1DkjYzznatSwjG,15,25-209-544-4006,-334.89,MACHINERY,y special ideas. slyly ironic foxes wake. regular packages alongside of the deposit
552,Customer#000000552,EbjtaRaiok7eqbQ5VJi7q,2,12-669-784-2191,1353.24,FURNITURE,"ickly final accounts cajole fluffily according to the bold, regular accounts. "
553,Customer#000000553,8tTlavJ sT,4,14-454-146-3094,4804.57,BUILDING,"ully regular requests are blithely about the express, bold platelets. slyly permanent deposits across the"
554,Customer#000000554,"RluaguNRAJhYXmn,CWxcOC,Ly7",2,12-938-503-7317,8395.57,HOUSEHOLD,jole along the blithely bold 
555,Customer#000000555,chm8jY6TfQ8CEnsvpuL6azNZzkqGcZcO8,15,25-548-367-9974,5486.52,BUILDING,lites are blithely ironic ideas. blithely special pinto beans dazzl
556,Customer#000000556,UMHllVkuyQUQ3aLXCVRxrXatsyd0AL6Xw,1,11-934-412-5846,7944.22,MACHINERY,nt excuses! carefully final requests solve quick
557,Customer#000000557,Nt6FUuDR7v,15,25-390-153-6699,9559.04,BUILDING,furiously pending dolphins use. carefully unusual ideas must have to are carefully. express instructions a
558,Customer#000000558,PB1ZV4kQnRHiC,17,27-866-273-7672,1912.23,HOUSEHOLD,ly final requests. regular requests hag
559,Customer#000000559,"A3ACFoVbP,gPe xknVJMWC,wmRxb Nmg fWFS,UP",7,17-395-429-6655,5872.94,AUTOMOBILE,al accounts cajole carefully across the accounts. furiously pending pinto beans across the 
560,Customer#000000560,gU5FQf0WM0sxTYQ,19,29-618-467-8489,1469.59,BUILDING,sly pending packages boost slyly-- fluffily ironic ideas bel
561,Customer#000000561,"Z1kPCTbeTqGfdly2Ab9KEdE,jIKW",18,28-286-185-3047,2323.45,FURNITURE,across the furiously ironic theodolites. final requests cajole. slowly unusual foxes haggle carefully
562,Customer#000000562,"04xjB,zuffnhVyEY0 PeiJPtdjh 0ji",15,25-271-465-6971,9234.5,BUILDING,accounts. ideas cajole. quick
563,Customer#000000563,"2RSC1g7cVd,j23HusdkhdCGmiiE",12,22-544-152-1215,3231.71,FURNITURE, pinto beans believe fluffily. excuses wake blithely silent requests. b
564,Customer#000000564,qPQOo94iVl,4,14-865-332-8571,6307.59,MACHINERY,onic patterns about the furiously pending
565,Customer#000000565,"HCBXAou,1eP6Z3IynHFI7XmEBgu27Sx",4,14-798-211-2891,2688.88,FURNITURE,e. carefully bold deposits sleep regu
566,Customer#000000566,"5NmdMIwTpF8tj7O92363ycA6EL5Yh,vW",24,34-443-780-3708,1928.1,FURNITURE,"ke express, ironic requests. regularly even sauternes detect de"
567,Customer#000000567,KNE6mpW69IgTjVN,21,31-389-883-3371,8475.17,BUILDING,"blithe, even ideas. fluffily special requests wake. c"
568,Customer#000000568,"ZddVCnzeABTTBgV3GvkvNtw9,KOHHpME2GELhz",13,23-603-795-8611,1317.56,BUILDING,gular decoys haggle slyly. blithely special packages slee
569,Customer#000000569,Kk20Q5HiysjcPpMlL6pNUZXXuE,2,12-648-567-6776,-795.23,MACHINERY,sh. blithely special excuses sleep. blithely ironic accounts slee
570,Customer#000000570,"0Zo0P6m,sie 1,VXacPX2ccDIyWFolj6R",15,25-264-442-3057,8480.87,AUTOMOBILE,gular instructions unwind bold escapades. special asymptotes snooze according to the
571,Customer#000000571,"hCrDDrMzGhsa6,5K4rGXQ",2,12-115-414-4819,8993.23,HOUSEHOLD,"le fluffily. ironic, pending accounts poach quickly iron"
572,Customer#000000572,Nf4Yqb49BqGkzmmtf6,11,21-425-209-5033,7252.65,AUTOMOBILE,leep. pending requests affix blithely. ironic theodol
573,Customer#000000573,BEluH7it7jUcWqb tNLbMIKjU9hrnL7K,4,14-354-826-9743,2333.96,HOUSEHOLD,as. furiously even packages sleep quickly final excu
574,Customer#000000574,ratVLdmp070,8,18-676-218-1058,9787.56,FURNITURE,al pinto beans. carefully ironic foxes cajole idly finally express theodolites. fluff
575,Customer#000000575,"4K6h0pYH,bg2FS5cYL,qqejhvp7EfTlBjRjeVPkq",1,11-980-134-7627,3652.29,BUILDING," final requests cajole after the ironic, bold instructio"
576,Customer#000000576,JI7ZI3BRrkt40uuUmg oyZC3pQ2lS65SnSGL,1,11-777-499-8213,2091.63,HOUSEHOLD,sual platelets. furiously final theodolit
577,Customer#000000577,a73SSq2cip7C8nSzdmmscpZyLCZ7KL,14,24-662-826-1317,7059.15,FURNITURE,int furiously. slyly express pin
578,Customer#000000578,nxUZ BCBO1 HAymUcopl2NtyWMuWVnE3bqPVDB,14,24-278-860-9263,6181.23,FURNITURE,ly. carefully pending packages cajole among the carefu
579,Customer#000000579,"9ST2x,snyY3s",0,10-374-175-6181,1924.96,MACHINERY,ndencies detect slyly fluffil
580,Customer#000000580,wpvPbaPtx5QN,11,21-444-589-3830,-181.63,BUILDING,dependencies. final asymptotes haggle among the bold packages. slyly silent 
581,Customer#000000581,s9SoN9XeVuCri,24,34-415-978-2518,3242.1,MACHINERY,ns. quickly regular pinto beans must sleep fluffily 
582,Customer#000000582,KqH6uOztVK55zDxLA9kvdtny i5OYXt,3,13-484-591-9280,4879.55,MACHINERY,carefully against the quickly s
583,Customer#000000583,"V3i6Gu9,LZtvdnNppXnI2eKQFx0b36WvL,F ",13,23-234-625-4041,3686.07,HOUSEHOLD," haggle. regular, regular accounts hinder carefully i"
584,Customer#000000584,"jebKvptmHtS9,YE1qOjl2AOw38P,8skngJZh",15,25-352-778-1041,8825.71,MACHINERY,ages boost regular deposits. blithely stealthy depo
585,Customer#000000585,"OAnZOqr6A,,77WC001ck8BAqvJTW6,dRGoRdX",16,26-397-693-4170,7820.26,MACHINERY,ickly ironic requests sleep regularly pending requ
586,Customer#000000586,"vGaA9XBtn,hlswFhSjLIXGlLEDD2flE8UXwj",11,21-239-369-7791,5134.35,AUTOMOBILE,above the blithely express ideas. slyly r
587,Customer#000000587,J2UwoJEQzAOTtuBrxGVag9iWSUPTp,6,16-585-233-5906,7077.79,AUTOMOBILE,ve the final asymptotes. carefully final deposits wake fu
588,Customer#000000588,"ex9SkK7K uM,ki1dsO7PgZLlIuQFKJUQZpD2oS",17,27-988-546-2598,483.89,FURNITURE,"ic requests haggle quickly across the deposits. regular, express ideas along the"
589,Customer#000000589,TvdYNogIzDfr 1UyJE4b9RTENPmffmIoH,19,29-479-316-3576,1647.05,FURNITURE,"s; blithely ironic theodolites sleep-- accounts haggle around the furiously silent ideas. silent, final packages in"
590,Customer#000000590,"4sHhhAZWHYRxJVz0KRgjW9IlKu,55IuT",8,18-734-215-6394,3993.54,MACHINERY,es. regular dependencies cajole furiously blithely regular ideas. regular dependencies cajole carefully a
591,Customer#000000591,wGE7AnEtiX7cmCkYA,20,30-584-309-7885,6344.66,MACHINERY," regular requests after the deposits cajole blithely ironic pinto beans. platelets about the regular, sp"
592,Customer#000000592,"srNO5Hu10z1Ru4rRPU,QpXzFwY8759wqZ",24,34-832-574-7217,9712.75,BUILDING,lithely final requests use slyly. special theodolites nag carefully-- carefully pending deposits cajol
593,Customer#000000593,SYyEL2nytJXBbFemMseCiivA32USVEDbvGzZS,9,19-621-217-1535,233.51,AUTOMOBILE,"ve the regular, ironic deposits. requests along the special, regular theodolites lose furi"
594,Customer#000000594,"sbcKWltfCAnXrc Z27ZYDzsH1ztd,ZhgaD9xIMsh",9,19-286-925-8440,6518.42,HOUSEHOLD,. fluffily final instructions are slyly toward the slyly 
595,Customer#000000595,"7Q17BacxM,liY2AwhnHGR0Pjf1180sMz1U",19,29-554-215-7805,4177.17,HOUSEHOLD,gular accounts x-ray carefully against the slyl
596,Customer#000000596,hoByQV2JchlIWfzPFW8I0nCI,5,15-484-811-5482,1722.88,MACHINERY,ecial deposits after the slyly regular packages dazzle furiously across the courts. accounts wake. reg
597,Customer#000000597,"Dbv,XVGzl4X",15,25-687-952-9485,2443.52,AUTOMOBILE,es across the slyly brave packages maintain quickly quickly dogged excuses
598,Customer#000000598,9ICLFWFZa6,9,19-113-384-3847,3244.78,FURNITURE,es. furiously pending packages haggle fluffily carefully silent foxes. carefully unusual dependencies boost fu
599,Customer#000000599,"fIvpza0tlXAVjOAPkWN5,DiU0DO4e5NkfgOlXpDI",4,14-916-825-6916,6004.52,HOUSEHOLD,thely even requests wake carefully regular theodolites. instructions haggle alongside of the f
600,Customer#000000600,"LOtVjPC,Eu,0I2BRCqWf,K",12,22-675-907-7888,2003.44,HOUSEHOLD,"nstructions sleep among the final, even pinto beans. fluffily pending theodolites according to the "
601,Customer#000000601,"P3 Dv,6yllTNmL9yt6NUZZPZjvM2coWJd",1,11-104-635-9839,9768.21,BUILDING,ly according to the unusual foxes. carefully ironic accounts haggle accounts-- regular dolphins will integ
602,Customer#000000602,"NCryKIpG3W,FDV2",13,23-434-900-7213,8404.9,BUILDING,nstructions. asymptotes above the forges are against the carefully 
603,Customer#000000603,DFAIWiyqZ0GzuF6AWCZX3DcDxyICb3EWxEw,19,29-629-573-6194,8161.13,AUTOMOBILE,n packages wake carefully. special requests haggle slyly carefully bold deposits. furiously regular pinto b
604,Customer#000000604,"qCQsFELZ3W hlmi,zOHBcZGo0PZl3jbFu1jsijqE",21,31-757-951-9827,3195.96,HOUSEHOLD,le furiously express instructions. ideas hag
605,Customer#000000605,QAxZ0IXgCzUfNjseQCLfh95HEi,23,33-269-948-8039,-549.73,HOUSEHOLD,ly regular foxes are quickly 
606,Customer#000000606,"vBIUd7LjRJ5rZXSzITHIvpZwBCClyt4Hjr Tlnf,",1,11-284-540-8460,9676.98,AUTOMOBILE,", bold packages. regular, final theodolites haggle slyly carefully final accounts. silently specia"
607,Customer#000000607,m61hvYPASIGmNJx7Tu,24,34-601-151-4029,4038.45,FURNITURE,ymptotes. blithely bold requests shall are about the furiously final platelets.
608,Customer#000000608,luMI1JpfrrILCEeTgz8k98z,16,26-767-193-8671,2256.36,BUILDING,ld packages. special requests along the accounts are after the carefully unusual deposits. blithely quiet excuses c
609,Customer#000000609,dSpUFl8IR8Gh,21,31-869-580-1707,3651.06,FURNITURE,"pending, express platelets poach furiously after th"
610,Customer#000000610,Fo8RfPq1kgzD 0,11,21-782-663-7023,3374.92,BUILDING,uriously final deposits against the deposits detect alongsi
611,Customer#000000611,E1dtWGHE7NrLfnSKLPFU,19,29-924-242-5243,4272.43,HOUSEHOLD,inst the slyly final accounts. final packages wake after the even pinto beans. carefully
612,Customer#000000612,oNFqorGhq3a3woEp5q8xVDX,14,24-818-339-9984,7669.16,HOUSEHOLD,ns wake quickly quickly ironic accounts. regular accounts toward the 
613,Customer#000000613,"AJT,26RbanTdEHOBgTWg",4,14-275-416-1669,6679.75,AUTOMOBILE,"ironic, pending deposits: quickl"
614,Customer#000000614,YKweqHJfVok,18,28-698-510-6194,9630.24,FURNITURE,y even multipliers. pinto beans nag busily after the busily ironic reques
615,Customer#000000615,"6aITapYMqM1fJQKuJD05Yb,6FhjrW",2,12-639-391-3956,-482.48,BUILDING,yly. blithely even accounts sleep blithely unusual in
616,Customer#000000616,yvUE7Qy3Ub6uGhPkuEJeOI,1,11-275-121-4443,6898.65,FURNITURE,ts. blithely bold packages sleep 
617,Customer#000000617,Ifjxbt3Y4mGu,14,24-527-532-7752,3625.93,HOUSEHOLD,"deas sleep slyly? final, even gifts about the furiously regular"
618,Customer#000000618,9O4fhgteQdyFvCkrFm,0,10-675-573-1877,-932.38,HOUSEHOLD,"uickly even ideas sleep slyly pending foxes. final, pending foxes nag slyly. permanent instructio"
619,Customer#000000619,6bxrNxQA oes7cMa23R 5lDmIOIRThvd,24,34-245-618-6317,2336.99,FURNITURE,ts breach slyly after the slyly regu
620,Customer#000000620,"3ztw9KQqKGNsiMM,I1 6g2f,u2Pm5LhlSEe8ZK1k",8,18-466-916-8135,5795.15,AUTOMOBILE,"ructions boost furiously among the slyly final dolphins. regular, regular ideas w"
621,Customer#000000621,IpFo6e22CRink74PUEPthY9DJJnSeORmQJ4,17,27-667-987-3718,3164.28,HOUSEHOLD,nstructions! final dependencies s
622,Customer#000000622,qdRHTTnVf9O2iFMG1sDm2GSnlM24tKWK,13,23-925-151-9771,5974.11,FURNITURE, asymptotes. slyly ironic excus
623,Customer#000000623,HXiFb9oWlgqZXrJPUCEJ6zZIPxAM4m6,9,19-113-202-7085,7887.6,BUILDING, requests. dolphins above the busily regular dependencies cajole after
624,Customer#000000624,L1hGsNrx4BiN5DIZGk7WMsB90T4ag,4,14-558-935-8773,3907.11,MACHINERY,le carefully. sly asymptotes sleep fluffily unusual packages. final deposi
625,Customer#000000625,uvgDE6eQ2bJp4BkHyVdpYYC8,13,23-789-801-2873,5744.89,FURNITURE,", pending deposits. sly theodolites along the carefully unusual"
626,Customer#000000626,PDeE61VY2Q96efuewIZ,5,15-540-121-5663,5447.12,FURNITURE,t brave foxes. slyly pending packages wake furiously along the deposits. carefully pendin
627,Customer#000000627,"uOFz ,iMYi02Ksr13Q2nBCETCpSp",15,25-811-790-3533,5826.68,FURNITURE,ages. regular ideas sleep. bold foxes affix. regular instructions haggle. bravely unusual requests haggl
628,Customer#000000628,Vzraru5KbgcC3V,17,27-367-742-4090,4954.25,FURNITURE,l dependencies. pending warhorses haggle. fluffily final accounts slee
629,Customer#000000629,"LeXGhXX1mFQ0Cq,7taW ruvRHTpG3q,KkW",12,22-260-205-9116,5100.77,AUTOMOBILE,ic attainments. stealthily pending pinto beans affix carefully ironic theodolites. fluffily final deposits sleep da
630,Customer#000000630,XAw3WrAa mt0DnOuycb16LG9zbUv04DXsS,24,34-396-743-8684,3649.05,HOUSEHOLD,ely across the blithely stealthy ac
631,Customer#000000631,By LIK3TbJ67sJLlpaoOCXZheuX,19,29-864-813-2575,2603.0,MACHINERY,bold platelets haggle. slyly even pearls can solve slyly among the final foxes. slyly unusual r
632,Customer#000000632,sUlni97rSK6DIL,3,13-310-645-6928,-487.92,MACHINERY,ld dependencies sleep slyly along the special requests. furiously regular asymptotes use furiously accounts.
633,Customer#000000633,"0pgCxndi1coDLkAV,UJJDMV0wtVVahCQaQap 0M",2,12-450-116-1239,3385.52,HOUSEHOLD,"ully. even, final requests use slyly. blithely special packages wake carefully furiously busy"
634,Customer#000000634,O09TejHJ6UszNfmqTR cmal8zcs,20,30-997-704-1110,6397.58,FURNITURE,e above the regular deposits. slyly even requests integrate slyly blithely express forges. regular platele
635,Customer#000000635,"Ftqi0UYvzz56Ov,J6,ySp5WE4vJ2rtY",2,12-399-186-7550,8216.79,AUTOMOBILE,efully bold deposits doubt above the clos
636,Customer#000000636,7urmO1zY77WBPOWn7pXA OqCm3upL9gOtL4V,7,17-420-712-5063,3660.47,FURNITURE,ions boost furiously at the final dolphins. blithe
637,Customer#000000637,Ey7g4q2oH Q1vs,7,17-983-923-8985,7511.17,HOUSEHOLD,"ly furiously even accounts: final, unusual Tiresias do snooze theodolites. slyly regular dependenci"
638,Customer#000000638,yyRRorZ HHzU1yJwNJwF72dvUVJ nMlzpKAXEb,24,34-102-347-8343,2258.4,HOUSEHOLD,nts x-ray fluffily across the theodolites. carefully final pearls cajole ruthl
639,Customer#000000639,8OiPHefIPoalRjUoCIwbXz,15,25-221-133-2233,4899.15,MACHINERY,"ly bold asymptotes. ironic, even d"
640,Customer#000000640,"j3vjr0 n,pJFG4gIOtC",2,12-702-315-6637,3025.84,HOUSEHOLD,lly. furiously quick deposits haggle quickly regular packages. pinto 
641,Customer#000000641,gbIvFlCygHjj5NG7U,24,34-761-987-7777,339.49,AUTOMOBILE,"uriously final requests boost regular, final ideas. fluffily busy packages promise? requests along the bold, s"
642,Customer#000000642,6Y1gEH0gMLh0yzlipNR,22,32-925-597-9911,5684.01,AUTOMOBILE, requests cajole blithely quick
643,Customer#000000643,9T 2avhfyF PQ,0,10-978-597-2747,5184.7,FURNITURE,"fily along the quickly ironic ideas. final, final"
644,Customer#000000644,"bfZrdZE0QHtMc,ksudO",18,28-489-845-4801,6183.15,HOUSEHOLD,"ke slyly alongside of the silent, even req"
645,Customer#000000645,"I,Kso,IZ,AL2rK4HhIB1wRWWrx3 yoaZlFs",11,21-242-974-5799,1146.49,BUILDING,. special packages haggle ruthles
646,Customer#000000646,"gogI8kweD 2H6U,01lbIp0UWUwljSue,KRcC",2,12-177-329-4316,6074.42,HOUSEHOLD,ptotes. silent requests cajole fluffily along the slyly permanent ideas. pending instr
647,Customer#000000647,"2Bx7,7i87h5cagC,ZBz49lyiziLqQoD",1,11-873-931-2886,-132.97,BUILDING,. excuses use alongside of the furiously final deposits. blithely express foxes wake furiously. blithely 
648,Customer#000000648,"pYCT1OLD5Y7rBjjAKnf0Lqd 41RC,0n,nT3oNWz9",7,17-473-731-8352,7029.24,FURNITURE," wake carefully outside the ironic, bold packages. blithely special dependencies boost slyly even ideas. careful"
649,Customer#000000649,EntXL7MF4lU,11,21-656-678-1337,9442.55,BUILDING,unusual deposits engage along the carefully pen
650,Customer#000000650,1hqwYdlDhaqnkRrovbulo0rrDhJZgUz,5,15-842-586-1263,2086.91,AUTOMOBILE,g to the final deposits. quickly regular requests dazzle along the slyly express courts.
651,Customer#000000651,K7rCTwTb3UX9wAO6ihvYxwBOuJNx51,9,19-610-541-4787,4716.31,HOUSEHOLD, fluffily quick dependencies cajole slyly along the blithely final dependencies. carefully pen
652,Customer#000000652,"0WlNKsoRqdjU9,5 Qz,bgm5swI,i0Kg",20,30-254-389-5987,-919.65,AUTOMOBILE,p carefully blithely bold platelets. furiously unusual deposits wake. sl
653,Customer#000000653,"la,ROBPJ4I2YNzQw,RpbB0sTOjyv3F ZBeWRiQ",11,21-715-573-6928,7307.55,BUILDING,aggle bravely deposits. even du
654,Customer#000000654,"Ip,OhnmOeHu9PezZBvw7AHJcBDOWVoVUJKsJyA",16,26-416-434-3449,1067.04,AUTOMOBILE," nag slyly. final deposits sleep along the ironic, bold i"
655,Customer#000000655,SceikyyffYL5OUI8rFnAgrT5E,14,24-916-820-5158,1724.68,FURNITURE,"e accounts. unusual, pending platelets are quickly. req"
656,Customer#000000656,DeZPec2K1U1fCBR2Ul9mnBNjKuXPcRcm,5,15-379-993-4446,-390.09,AUTOMOBILE,"uests cajole quickly. final, pending pinto beans wake furiously among the requests. ironic foxes with the forg"
657,Customer#000000657,BpXQ3sbx8bCU0,19,29-952-164-8914,8729.97,FURNITURE,ies boost slyly bravely express instructions. fluffily even theodolites integrate s
658,Customer#000000658,9SboxGtXimmJg49IyT3Zt,1,11-675-750-9832,4716.68,HOUSEHOLD,r ideas about the slyly ironic theodolites integrate according to 
659,Customer#000000659,ThR9miOedPuwVEZyz 3MMjHPwB,0,10-834-287-1466,5297.68,HOUSEHOLD,"s cajole final, regular dependencies. final accounts sleep! furiously regular requests wake slyly silent"
660,Customer#000000660,ZD4fphyxb5pyE,0,10-987-901-3986,2110.3,MACHINERY,ding excuses haggle furiously regular foxes. finally
661,Customer#000000661,1MqWuuRVM5y5NlT1kakwke,4,14-983-203-6472,1735.44,HOUSEHOLD, regular theodolites. brave platelets
662,Customer#000000662,ss AgOrB5VFubLk bsmTgbw2ddJD,0,10-728-355-4532,4517.33,BUILDING,ckages haggle: quickly regular ideas are after the furi
663,Customer#000000663, fqLQWxHWWC40GUOgVvb4idYDbE1Gxc6,9,19-613-882-5677,9698.21,AUTOMOBILE,r the slyly final packages. slyly bold attainments detect blithely acco
664,Customer#000000664,viRe1P6HiyL4LXpU7HPwu,15,25-329-655-5068,8878.22,BUILDING,yly ironic requests cajole pending pla
665,Customer#000000665,Fo9QgQsDOP28D3zR,22,32-759-858-2984,-616.79,BUILDING,y along the special requests. blithely regular waters thrash abou
666,Customer#000000666,dD32Q8kL6KW,2,12-594-508-9621,4538.54,AUTOMOBILE, special packages boost across the even accounts. ironic accounts serv
667,Customer#000000667,"oQqeEC,OD9XC1JXyOsHqcpv0fPUdP9ek5KKb70tQ",6,16-917-453-2490,3288.76,AUTOMOBILE,lithely about the furiously sil
668,Customer#000000668,PCmw0r6KkLjXZsljablJ,15,25-582-501-2346,8184.21,FURNITURE,"uffy excuses are carefully regular, ironic pinto"
669,Customer#000000669,axdO3iaVyYXSxnqnwC0p2Dx6Mn3lDDMp,10,20-471-280-4789,6019.2,MACHINERY,ronic decoys. blithely ironic accoun
670,Customer#000000670,RJtcLv6Tjpx,2,12-839-426-4266,6738.93,BUILDING,y unusual deposits are carefully regular foxes. packages dazzle carefully. furiously unusual d
671,Customer#000000671,"ic6qGrt0giB,HDEiBK,,FYGHXQpc",21,31-593-213-9388,3227.87,FURNITURE,bold ideas above the ironic packages affix blithely about the furiou
672,Customer#000000672,"Rsq8zHIbqRRB8VlgldFlU56j,0SN ",18,28-774-971-2700,7778.95,BUILDING,"ake. regular requests about the idle asymptotes haggle slyly final, silent packages. carefully special"
673,Customer#000000673,Q2S9DoW6mQN5iQ0A8DxD6UxNmPZky,4,14-769-230-8609,3942.58,MACHINERY,"ons will cajole blithely. always even packages dazzle blithely across the regular, unusual "
674,Customer#000000674,GLZCUQrtiNTrPKdK 0O86ZF,5,15-543-819-4391,7889.64,BUILDING,"ites cajole ironic accounts. regular, ironic gifts nag furiously against the blithely express deposits; unusual, "
675,Customer#000000675,canew8kOzr8RDTmenqJOn,20,30-299-640-9565,5295.26,HOUSEHOLD,riously even requests boost slowly. ex
676,Customer#000000676,JzJnD kA3KTjTYl,24,34-710-820-8362,5527.61,HOUSEHOLD,es. slyly even theodolites across the slyly ironic accounts nag from the slyly even accounts. accounts are. 
677,Customer#000000677,",wTtWOOr  wqX2sL,h79myT6nxG1EgY",3,13-398-309-9122,5582.63,AUTOMOBILE,ly brave ideas haggle slyly blithe acc
678,Customer#000000678,"BiQyhSp oiDp,,MFVxyrOwMT810qiQlISEPye",9,19-508-735-4910,6302.93,AUTOMOBILE,gainst the carefully pending requests-- furiously special requests haggle? not
679,Customer#000000679,"IJf1FlZL9I9m,rvofcoKy5pRUOjUQV",10,20-146-696-9508,1394.44,AUTOMOBILE,ely pending frays boost carefully
680,Customer#000000680,TuONtFVII8TR2QtJyl1lS5f0iagaWWsBm1IQo,12,22-593-663-2200,4366.23,AUTOMOBILE,kages: final deposits believe unusual deposits: b
681,Customer#000000681,"x85ncT W41KEcUQCtxE,LD iMNO6j4Hh4x",20,30-809-878-5822,235.53,MACHINERY,ate carefully. accounts hang carefully along the blithely final theodolites. bravely sile
682,Customer#000000682,y5J0HJVI6Mb k4rXTAPbxE9aw,15,25-233-924-7389,7420.6,AUTOMOBILE,"he bold, even accounts breach"
683,Customer#000000683,"G0, q8c6vBykpiLvcuSJLYvqE",6,16-566-251-5446,9120.93,MACHINERY, somas use-- slyly express foxes wake quickly blithely iro
684,Customer#000000684,"5kSJ3qMS,7YKdfmwBFzQN4y8EgPiH,8ln19",15,25-456-286-6398,8545.9,HOUSEHOLD, of the bold requests. blithely regular accounts nag alongside of the carefully silent dolphins. carefully 
685,Customer#000000685,eRvmYOdl5v,17,27-269-224-9902,2039.84,MACHINERY,nusual ideas. pending packages use carefully. slyly special sentiments cajole after the blithely even accounts. blit
686,Customer#000000686,1j C80VWHe ITCVCV,6,16-682-293-3599,5503.36,HOUSEHOLD, even deposits print quickly. foxes wake. furiously ironic asymptotes across the bold foxes
687,Customer#000000687,UJTC3 WtzvoD39r1GuoCP,21,31-149-119-1456,4999.31,FURNITURE,special packages haggle carefully slyly ironic pinto beans. sl
688,Customer#000000688,"2QBxK8WIryWMZTsDM JS7GxWCB6Y71Swa,f1EUxk",8,18-210-546-2836,3354.47,HOUSEHOLD," use alongside of the ironic, pending foxes. final packages use. ironic, unusual dependencies haggle"
689,Customer#000000689,"Gcie9Q,Wc6J0QvKcefqflajjOtOVchnxqBn9",24,34-325-146-3591,1481.24,MACHINERY,ions. furiously unusual platelets cajole blithely. caref
690,Customer#000000690,"xH61m,Si5X4REvi",3,13-489-760-5455,103.45,HOUSEHOLD,"nt deposits. final, unusual requests use blithely. slyly unusual packages against the carefully bol"
691,Customer#000000691,0RkDX6OLU1hISYCLmdLD C,16,26-741-688-4189,9566.15,MACHINERY,"p. ironic, regular foxes against the ironic, special theodolites nod carefully quietly unusu"
692,Customer#000000692,"d6XE9sg,  wINvIz8aZS b8n XuhAQU5",19,29-804-421-1703,276.71,AUTOMOBILE,cuses. slyly even asymptotes doubt quickly. fluffily thin theodolites boost. ca
693,Customer#000000693,r5gn5SUW0tsfkOw42x84,1,11-391-870-8153,6577.21,AUTOMOBILE,"onic packages. carefully final sauternes across the even, express deposits h"
694,Customer#000000694,"3ToF2HqyF9mEcP1QgW NMN,6,KsFq6x4u14MS",10,20-646-375-1939,2222.65,BUILDING,efully final requests detect blithely. furiously ironic p
695,Customer#000000695,"fbT9dQCc,su7JboB5FWI6",8,18-131-151-7466,9126.54,FURNITURE,ly express deposits according to the fina
696,Customer#000000696,dYyj4azN0EE GqeZxv,22,32-923-916-5643,3778.97,HOUSEHOLD, ironic ideas among the carefully bold foxes na
697,Customer#000000697,LFwdGCTUYDenZGoA9,4,14-613-651-2263,8121.84,AUTOMOBILE,he regular pinto beans. courts cajole carefully according to the blithely even theodolites. quickly
698,Customer#000000698,FLZ2NG5pKHpPtAh,23,33-282-178-6799,2894.22,BUILDING, sauternes. gifts cajole. slyly pending platelets cajole at the iron
699,Customer#000000699,"4R6pspbuk5Sp,036VraUEKPBzs",4,14-865-140-8680,-809.22,HOUSEHOLD,. finally even ideas wake slyly pending dolphins. slyly even instructions wake whithout the p
700,Customer#000000700,"zyWvi,SGc,tXTls",0,10-351-119-7514,4367.53,MACHINERY, bold excuses. furiously even asymptotes across the carefully regular dugouts cajole fur
701,Customer#000000701,yQU8LcjocNHkk1hse30M0U1f46MrU6dB,2,12-323-784-5793,148.98,FURNITURE,c packages. blithely final instructions according to the regular pinto beans
702,Customer#000000702,BDKtDAva8rBuCWXT6jXb2JJY7YoRS,3,13-549-296-5659,4782.05,FURNITURE," silent accounts. regular, regul"
703,Customer#000000703,ge1GEYt4ewGUiSeqBA4rNB5JhyQ92uKF,6,16-741-513-6919,3998.42,AUTOMOBILE,arefully final accounts cajole quickly blith
704,Customer#000000704,41s9yU0ossOKgBvjPPSTZqhfciy,9,19-998-886-1551,441.44,AUTOMOBILE,"ously ironic instructions believe about the pending, regular deposits; final accounts cajole alongside of t"
705,Customer#000000705,YKdZRFEGcclF6rmdoiNCY8,18,28-991-405-7914,3199.0,BUILDING,"s pinto beans sleep busily. ironic, bold theo"
706,Customer#000000706,ycxysGDuWHN98FS4lZ2obT9ZPNRWjJTsHbQXvi,19,29-468-275-6045,6496.08,AUTOMOBILE,ses cajole furiously after the ironic requests. pinto beans sleep busi
707,Customer#000000707,DT0nzkijELHyI,21,31-796-903-4461,2619.52,FURNITURE, the deposits. fluffily ironic pinto beans wake quickly. slyly even foxes sleep slyly quickly final deposits. ev
708,Customer#000000708,9iJJ868sXAdFgZyo0V8cfPRTRaUc3d,17,27-796-490-6026,2297.33,BUILDING,p along the carefully ironic pinto beans. even pinto beans are fluffily against the furiously quick dolphins. s
709,Customer#000000709,drDnC6YXTJgcdfJkpbhrQ7z7XmCsoym2t22jwg,18,28-117-812-5493,-867.94,BUILDING,g the blithely ironic multipliers sleep a
710,Customer#000000710,"OCLSZuXw1AEK NLvlofMkuK,YNe,bJD40a",22,32-459-427-9559,7412.12,FURNITURE,"ges integrate express, even ideas"
711,Customer#000000711,"EmACeG3r2Y9bxf7KLLgX,ZdQlATjGaafINO",15,25-306-725-3622,9591.51,MACHINERY,"ackages promise. theodolites haggle along the express dolphins. special, special deposits affix slyly final pac"
712,Customer#000000712, 8w2pIiA4wWAhtjAdXR,6,16-843-486-5087,8667.09,BUILDING, express dependencies use fluffily final platelets. furiously regular accounts wake furiously. carefully careful cou
713,Customer#000000713,ov fZJgESFHP P,10,20-595-832-3185,3829.03,MACHINERY,"lites sleep slyly furiously express requests. even, even notornis affix furious, ironic p"
714,Customer#000000714,"2,ARep1aMyhgNZqrkc,toQ3XY6FOiCZqNW",9,19-209-782-4244,2438.1,BUILDING,cross the bold pains. bold instructions haggle. even accounts wake slowly. carefully busy ideas need to x-ray sly
715,Customer#000000715,9qLvF42uxUarKl4I 2pEKOMNJmo8Ro5EK,19,29-500-408-6392,85.05,AUTOMOBILE,hins boost quickly. quickly regular epitaphs haggle fluffily quickly bold pinto beans. regular
716,Customer#000000716,"jbXpMEcV9j,6ciftBXEMXDjE",12,22-501-849-6084,8364.99,AUTOMOBILE,as. even accounts about the slyly pending excuses lose bl
717,Customer#000000717,TqWi1c aNhdExPcDD7KQ18W,12,22-660-518-8009,8510.94,MACHINERY,ns poach slyly. carefully express pinto beans ab
718,Customer#000000718,"w,GXCSSI4NEHAFPKG",20,30-605-635-8197,8438.4,HOUSEHOLD," regular packages-- pinto beans detect ironically. furiously even accounts detect unusual, pendin"
719,Customer#000000719,wry Gj3xd8QX ylUCulG,15,25-498-699-7824,-774.47,HOUSEHOLD,gly express pinto beans sleep furiously around the quick foxes.
720,Customer#000000720,"8shFEL7J9sq1NJXR8dixBqaTO,kbSx",22,32-575-838-4260,5357.32,HOUSEHOLD,furiously above the furiously ironic c
721,Customer#000000721,N6hr4gV9EkPBuE3Ayu ,21,31-174-552-2949,3420.64,AUTOMOBILE,ar instructions. packages haggle stealthily ironic deposits. even platelets detect quickly. even sheaves along
722,Customer#000000722,aymiuXFyrALTRIzfbLDvtaj37ydq,20,30-633-109-9587,2724.8,BUILDING,leep sometimes express accounts. regular theodolites wake quickly ab
723,Customer#000000723,5tKvCvmVB0yxyAF,21,31-542-178-2520,738.57,BUILDING,e quickly against the blithely final requests. regular pinto beans nag fluffily fur
724,Customer#000000724,dF80enl1y5MfccEMqYz0JSY,5,15-316-638-4703,3035.29,AUTOMOBILE,s. bold accounts about the carefully final packages detect slyly pending platele
725,Customer#000000725,"fm8t3X05Wm,PQxPSPHZy,rHI,wUBLTFO5S ",16,26-923-317-3870,5030.24,FURNITURE,"ts. accounts after the even pinto beans boost across the ironic, silent accounts. reques"
726,Customer#000000726,"4w7DOLtN9Hy,xzZMR",3,13-168-233-7513,6253.81,BUILDING,"wake after the regular, final instructions. final epitaphs mold fluffily blithely ironic id"
727,Customer#000000727,wLIX8hKnk0qjUAAGqm,18,28-815-316-3525,807.37,FURNITURE, requests-- quickly regular pinto beans need to detect 
728,Customer#000000728,"uACufK5vIMlsq,v9d4U5ZWi,",24,34-195-384-1105,4349.73,BUILDING,re stealthily furiously bold requests. carefully final pinto beans lose slyly
729,Customer#000000729,"YZxBLBAqBmW53g2ia6s4u,MlJ4WhW",20,30-900-572-2883,8947.26,MACHINERY, packages about the furiously even foxes sleep furiously furiously pending ideas. slyly ironic epitaphs
730,Customer#000000730,ORP6ofUwyD1,2,12-513-973-2702,4718.23,AUTOMOBILE,foxes would cajole furiously slyly special forges; slyly regular pinto beans inste
731,Customer#000000731,D0ceqTVRO3EctrC,7,17-731-915-9753,9311.17,MACHINERY,"lar dolphins are carefully slyly final theodolites. unusual accounts integrate across the regular, final deposit"
732,Customer#000000732,"tQ,r4voHok7oeKw9msDh4ORGje",16,26-154-285-2634,4830.51,BUILDING,structions are after the even deposits
733,Customer#000000733,Ks7Ed2g7zDP905tLGdGcFtomDNchNdaPK2cd,13,23-110-948-6754,4351.09,HOUSEHOLD," furiously. pending, quiet packages nag slyly. stealthy pinto beans haggle "
734,Customer#000000734,xULRxhbfzPT5nBh,18,28-880-175-5173,9750.71,AUTOMOBILE,"tions against the ideas haggle furiously quickly regular forges. carefully final requests solve even,"
735,Customer#000000735,"8Gn WOTY4cgGaoHwezrZ,JN,Px8e sr",5,15-959-576-4327,293.88,BUILDING,ites. furiously unusual frets boost among the slyly ironic theodolites. packages cajole
736,Customer#000000736,zQNs5e2aFcVY8MigFQEBtoCaQ9e,1,11-617-726-2039,9114.68,MACHINERY, the deposits. blithely regular asymptotes boost q
737,Customer#000000737,NdjG1k243iCLSoy1lYqMIrpvuH1Uf75,18,28-658-938-1102,2501.74,AUTOMOBILE,ding to the final platelets. regular packages against the carefully final ideas hag
738,Customer#000000738,iecb89zRRNeN3KywZSaPXEWMjz,10,20-722-370-5220,2734.95,MACHINERY, carefully slow instructions. furiously express dependencies alongside of the ca
739,Customer#000000739,pAROUfTi3wCEHi1PXu,14,24-309-302-6776,6344.18,HOUSEHOLD,ly regular accounts. blithely final theodolites sleep blithely. furiously regular decoys cajole blithely. bold de
740,Customer#000000740,FCerGpsfsWAsBrQTyqdzMxUQnbQembHKGg,10,20-215-156-3727,1733.76,BUILDING,"ets. final, blithe theodolites abou"
741,Customer#000000741,jiPAOQuJ5gIauMfvcbE8lKUVPMp,12,22-560-854-2068,9195.41,HOUSEHOLD,ve the fluffily regular accounts wake carefully ironic grouches. slyly bold theodo
742,Customer#000000742,2qRObRkFktME6SsNV0Pa3L8txbA0AFtXuWsKrkW,12,22-610-582-8610,6381.24,HOUSEHOLD,eodolites alongside of the daringly ironic deposi
743,Customer#000000743,WJ  lVLsFSgZJCHHLqwRmvCjWvYlCs0c2TvO,20,30-743-559-7934,8450.37,HOUSEHOLD,ptotes. furiously even accounts haggle slyly. ironic foxes sl
744,Customer#000000744, nYSoGuQkf,7,17-121-555-4268,2458.81,HOUSEHOLD,"n packages. furiously silent foxes sleep regular, regular accounts. slyly ironic patterns cajole fluffily"
745,Customer#000000745,vjuHvDKdaomsivy l,18,28-913-438-9403,7115.14,FURNITURE,"o beans. bold, regular theodolites haggle carefully about the quickl"
746,Customer#000000746,"JOKj8N2QKUm8Gi,F4qX0fLVy",20,30-154-354-9928,1164.46,MACHINERY, final theodolites. final pinto beans haggle-- furiously 
747,Customer#000000747,uuichgTY7NjlZaaRZ6S7KzvapZWvAiCUWAQr,8,18-793-504-2931,67.95,FURNITURE,eodolites. blithely regular pinto bea
748,Customer#000000748,1 nkl3GMSnweulTNAMPeB8Sa5aSIk,23,33-403-226-2580,6959.09,AUTOMOBILE,nts. special excuses thrash blithe
749,Customer#000000749,U1Dvu0r793a,24,34-158-697-9591,7491.42,MACHINERY,"accounts was. final, final requests wake. theodolites was slyly. blithely even foxes wake carefully ac"
750,Customer#000000750,5OyNRajjgjjbaXtI rkxvB2lX4c6u,8,18-235-587-1274,269.9,BUILDING,"s. regular, regular deposits sleep carefully blithely bol"
751,Customer#000000751,e OSrreG6sx7l1t3wAg8u11DWk D 9,0,10-658-550-2257,2130.98,FURNITURE,ges sleep furiously bold deposits. furiously regular requests cajole slyly. unusual accounts nag unusual ide
752,Customer#000000752,KtdEacPUecPdPLt99kwZrnH9oIxUxpw,8,18-924-993-6038,8363.66,MACHINERY,"mong the ironic, final waters. regular deposits above the fluffily ironic instructions"
753,Customer#000000753,9k2PLlDRbMq4oSvW5Hh7Ak5iRDH,17,27-817-126-3646,8114.44,HOUSEHOLD,"cies. deposits snooze. final, regular excuses wake furiously about the furiously final foxes. dependencies "
754,Customer#000000754,8r5wwhhlL9MkAxOhRK,0,10-646-595-5871,-566.86,BUILDING,er regular accounts against the furiously unusual somas sleep carefull
755,Customer#000000755,F2YYbRT2EV,16,26-395-247-2207,7631.94,HOUSEHOLD,xpress instructions breach; pending request
756,Customer#000000756,Lv7cG by4Wyd8Hzmumwp8hSIZg9,14,24-267-298-7503,8116.99,AUTOMOBILE,"ly unusual deposits. fluffily express deposits nag blithely above the silent, even instructions. expr"
757,Customer#000000757,VFnouow3LhLvEDy,3,13-704-408-2991,9334.82,AUTOMOBILE,riously furiously unusual asymptotes. slyly
758,Customer#000000758,8fJLXfS5Zup0GQ3xBKL3eAC Q,17,27-175-799-9168,6352.14,HOUSEHOLD,eposits. blithely unusual deposits affix care
759,Customer#000000759,"IX1uj4NFhOmu0V xDtiYzHVzWfi8bl,5EHtJ",1,11-731-806-1019,3477.59,FURNITURE,"above the quickly pending requests nag final, ex"
760,Customer#000000760,jp8DYJ7GPQSDQC,2,12-176-116-3113,2883.24,BUILDING,uriously alongside of the ironic deposits. slyly thin pinto beans a
761,Customer#000000761,oObRVLlulGS5xikRk8La,19,29-835-631-4258,1525.96,BUILDING,ress Tiresias haggle across the never ironic ideas. blithely pending theodolites cajole ironically
762,Customer#000000762,"n5QsjD,gTSrdNRoRpvWqS",11,21-757-455-7898,3764.9,FURNITURE, sublate carefully carefully regular deposits. bold foxes along the gifts nag 
763,Customer#000000763,ACMrkbcf3a2J3aobVEmU5hGnHuc,1,11-232-719-3610,2650.27,BUILDING, ironic asymptotes are. slyly bold realms alongside of the fluffily specia
764,Customer#000000764,F8WBznjtO2bX2knXl4ghnsp ixWylkf,16,26-714-322-4800,2061.45,MACHINERY,tructions. quick theodolites kindle
765,Customer#000000765,b7w2edOUZNe0QX 3Ab3y5RFlMZX,20,30-544-657-7473,5683.33,AUTOMOBILE,ter the blithely regular foxes. slyly bold packages use bl
766,Customer#000000766,zGTH6uWKoQxIE,16,26-283-847-8946,4677.55,BUILDING,ly special deposits boost blithely above the slyly ruthless ideas. carefully bold asymptotes unwind about the e
767,Customer#000000767,"9f3 XsYXdvP0E39ZBi7r7oRCns3PTx,H",17,27-526-143-3959,7647.09,BUILDING,ngly express dolphins boost carefu
768,Customer#000000768," ,cIZ,06Kg",18,28-851-493-8588,9618.84,BUILDING,to cajole blithely express asymptotes. foxes use quickly. carefully special ideas could have to are bravely bl
769,Customer#000000769,0eGzsjpDFsN0,5,15-102-635-4835,5950.86,HOUSEHOLD,ggle slyly pinto beans. furiously even excuses above the 
770,Customer#000000770,IjwJR6TjBJZbKIeouH2d,8,18-856-112-5677,2066.79,AUTOMOBILE,"dolites haggle express, express requests. furiou"
771,Customer#000000771,"J9UMiYJznHVHZDuCG,ErV0iiMStETS",23,33-761-371-4753,7461.74,AUTOMOBILE,"arefully unusual accounts shall boost unusual pinto beans. ironic, final ideas boost. slyly i"
772,Customer#000000772,TBxlR0AAHeSYl0vyK 8joF,20,30-405-614-4887,7555.16,MACHINERY,"ular requests. final ideas sleep. regular, even platelets could haggle blithely bol"
773,Customer#000000773,NyRSeog kIkD7YOb0EuSfSGxfptN5nkX26Mk6,8,18-456-377-3723,4578.24,FURNITURE,hely silent ideas could doubt carefully al
774,Customer#000000774,95 O8gd08tdtmJwM0ebHUnDc,11,21-463-652-6686,-506.37,HOUSEHOLD,nd the bold platelets affix furiously doggedly express accounts. carefully unusual deposits serve furiousl
775,Customer#000000775,Cg3M4gTXeIY7llMN2puop7D2,17,27-903-936-7924,1376.67,BUILDING,"ts. blithely regular requests upon the ironic, final courts haggle sly, regular deposits. final requests "
776,Customer#000000776,"rzhIStRHsiWoc6K,7yv3YMqVdrz",15,25-941-650-8313,2669.01,AUTOMOBILE, express accounts. furiously ironic theodolites serve blithely. blithely thin packages are among the eve
777,Customer#000000777,27adTXaVp7araW,20,30-765-163-9750,9097.52,AUTOMOBILE,pinto beans; furiously special platelets haggle quickly against the slyly unusual foxes. 
778,Customer#000000778,tCuRA2W9y5iiGrcT7a4TzK,23,33-702-179-3134,52.43,MACHINERY,"hely ironic instructions. regular, ironic requests affix along the carefully "
779,Customer#000000779,"2cTZiS4ulZ74edT,RmDnh4ZaCrphMMh Ff2",5,15-940-483-5702,-902.48,HOUSEHOLD,old dependencies. pains haggle fluffily carefull
780,Customer#000000780,CMxcdzgEUkCWP1,8,18-844-576-7345,9874.12,FURNITURE,", final packages use slyly regular deposits. slyly ironic instructions nag careful"
781,Customer#000000781,"FQCAkyfV0 kL3,FNA1OlBjABak",18,28-478-388-5881,6403.62,MACHINERY,ake blithely blithely final foxes. blithely silent pinto beans haggle furiously. fluffily bold acco
782,Customer#000000782,HFuyemzqz0g QhkL,19,29-850-576-7450,-326.32,AUTOMOBILE,usly bold deposits-- furiously ironic accoun
783,Customer#000000783,01bR7OOM6zPqo29DpAq,1,11-920-256-8525,2436.32,FURNITURE, slyly carefully pending packages; doggedly bold theodolites boost slyly slyly dogged excuses: slyly expr
784,Customer#000000784,"evcGXqbosO6,qhx",14,24-975-574-2063,3170.47,BUILDING,cajole quickly. ironic dependencies wake quickly. silent ideas use furiously 
785,Customer#000000785,gEkI8kSq8RYgO6tiTA0AB7urZX8s2w03JGwtMi9,18,28-808-670-2983,108.14,BUILDING,"nal theodolites. dogged, ironic deposits wake carefully. slyly regular requests after the furiously ironic "
786,Customer#000000786,"viZtkiJ gbMcPrINM3Ez,33vOJW",13,23-413-365-2022,400.03,MACHINERY,ccording to the regular deposits. carefully final packages run. slyly final deposits h
787,Customer#000000787,wwPe2vMZZ1n1Mm2z0qzDfS43FPj2Ndn,10,20-210-617-3870,212.16,AUTOMOBILE,e. ironic theodolites serve regular foxes. pending requests haggle slyly busy instruct
788,Customer#000000788,LbFHoDpNUSu3AyDS7KLgjoQBJV,16,26-388-689-9272,-330.69,FURNITURE,. unusual packages against the 
789,Customer#000000789,DW0NMV Ci5V2bnsX0Al98plG1J0QZqNwcjEVW,9,19-176-517-4263,6038.6,BUILDING,as. quickly special courts integrate slowly final accounts. ironic packages are slyly about th
790,Customer#000000790,CR bzmYYVP,0,10-368-832-9671,2724.98,BUILDING,riously final requests haggle to the blithely special requests. blithely pending gifts after the carefully silent id
791,Customer#000000791,3ZWQ5xexnnLDEmxpmbg,13,23-575-775-4059,3694.81,HOUSEHOLD,posits cajole carefully along the slyly final packages
792,Customer#000000792,"icVt7HjGs,p3YL3nr1MHgaQIY5Gmzej57nB,b",7,17-392-500-4370,1672.46,AUTOMOBILE,latelets along the carefully even packages cajole blithely packages-- even pinto beans haggle 
793,Customer#000000793," SltK1IMp2Xvwb,A0x3Co1uhcwr",0,10-404-953-9048,2072.99,BUILDING,uickly silent foxes use after the
794,Customer#000000794,RMY8 LyGnJ67NGc5cxPYiIDSF,23,33-633-470-5945,1709.5,FURNITURE,gular patterns cajole slyly blithely final ideas? furiously unusual courts wake among 
795,Customer#000000795,droXvSIcNEElsEYS,14,24-973-990-6608,8443.18,HOUSEHOLD,packages cajole furiously since the slyly
796,Customer#000000796,79bj5Rk3jJj9ked7M,3,13-554-411-6773,2584.23,HOUSEHOLD,re slyly even deposits. pending pac
797,Customer#000000797,bdGkzA5duas6LZ1ywB96K6Av3x 99q95h,0,10-994-609-7082,3063.11,HOUSEHOLD,"iously regular packages mold fluffily. express, idle accounts nag furiously across the carefully ironic req"
798,Customer#000000798,wW2OgnHj6dBz tO9OXFqCLm,4,14-670-423-7529,-391.13,HOUSEHOLD,"sleep slyly ironic, express ideas. slyly special packag"
799,Customer#000000799,LVk8ljWeIYTQQFMKCmxEeRpWQT,12,22-909-693-7833,2263.25,MACHINERY,ets haggle. busily final packages nag carefully after the bo
800,Customer#000000800,"mpI6pkdnWLZsBbQi4,uUC5Y3TcM9vmRIgZelrQ",14,24-555-630-2261,9443.39,AUTOMOBILE,ly alongside of the carefully ironic deposits. blithely ironic packages are blithely agains
801,Customer#000000801,UQ67hfDJlxgX68hiFPmDuHav12Vx,16,26-439-495-8236,5207.32,FURNITURE,sits wake blithely according to the slyly un
802,Customer#000000802,ZDk4Suvi8gMp2LLAOW6nFA 3u,0,10-606-236-5778,1377.52,BUILDING,the carefully even pinto beans. carefully unusual pinto beans against the asymptotes cajol
803,Customer#000000803,zm7Xs6RJJJfZ,18,28-855-429-9109,6003.09,BUILDING,. blithely special instructions
804,Customer#000000804,"u6xYwCLD,Vd4ODt8",24,34-861-760-4796,3.43,AUTOMOBILE,usly. final accounts integrate slyly above the furiously sly pinto beans. furiously unusual ideas 
805,Customer#000000805,"wCKx5zcHvwpSffyc9qfi9dvqcm9LT,cLAG",10,20-732-989-5653,511.69,BUILDING,busy sentiments. pending packages haggle among the express requests-- slyly regular excuses above the slyl
806,Customer#000000806,FTM62Dujm2BoblKFY w,12,22-888-883-2475,6859.28,FURNITURE,the carefully regular accounts breach above 
807,Customer#000000807,zKjtrn5FGIs,17,27-333-779-5333,1929.89,MACHINERY,y final patterns? carefully pendi
808,Customer#000000808,S2WkSKCGtnbhcFOp6MWcuB3rzFlFemVNrg ,19,29-531-319-7726,5561.93,BUILDING, unusual deposits. furiously even packages against the furiously even ac
809,Customer#000000809,eApaa5hW3Mqp11ZuOP,16,26-776-223-5427,-594.23,HOUSEHOLD,ackages. quickly unusual dugouts c
810,Customer#000000810,3J1wwVhwzVT7XM1v3Rzx90a8c4,9,19-997-929-2765,9632.77,FURNITURE,ep pending deposits. quickly bold accounts are carefully instructions. ruth
811,Customer#000000811,Rau3ADOLCNXM42D6fjQTFuueQce2BHw9r,15,25-575-731-2159,9010.02,BUILDING,kly pending foxes dazzle fluffily after the furiously bold packages. fluffy
812,Customer#000000812,"u9uI3BE68quHja6k0,UXRYFgvLHl3jKhn",17,27-714-618-2239,3428.67,BUILDING,ar packages. packages thrash amo
813,Customer#000000813,VBNrCYm67O,9,19-585-173-1514,5673.47,HOUSEHOLD,ts cajole silently bold pinto be
814,Customer#000000814,KmMC1nd5iOXTRlhzMu13Wtx,15,25-342-269-3824,4011.18,BUILDING,yly at the blithely regular excuses. carefully thin pinto beans boost slyly furiously regu
815,Customer#000000815,TmpTFwt3b0 WQUmljE1LKbg50dtQszn67qEog,12,22-941-606-7227,5841.33,HOUSEHOLD,"unusual accounts. slyly ironic pinto beans nag against the regular, regular requests. slyly p"
816,Customer#000000816,k2dnnQZowe,24,34-457-910-7430,9239.32,BUILDING,accounts cajole slyly quickly express platelets. carefully silent theodolites wake carefully. pe
817,Customer#000000817,"jDJt0Wfk0,Wcx5HOI5itS XqUJmMpjzJ",0,10-566-341-4382,7297.64,MACHINERY,y against the carefully special patterns. unusual accounts sleep quickly final instructions. 
818,Customer#000000818,CvQvKClYoh9lPjMngrjbCoxqqnp2QFiTe8eF,20,30-943-141-5174,-574.39,BUILDING,"yly. blithely final platelets haggle regular, regular ideas: furiously r"
819,Customer#000000819,"cug3zDy qHUaZMQNEtYlWK3R,mGrid4Of",12,22-424-990-1743,2152.05,MACHINERY,y final accounts sleep slyly express ideas. carefully express foxes sleep. carefully stealthy pin
820,Customer#000000820,xsYy3Nu7RhNYyBqL8dD0fONh,4,14-993-368-5047,-614.28,AUTOMOBILE,"g, final ideas. slyly ironic packages dazz"
821,Customer#000000821,PVdTfF7cfPueJS0MBncE5v4bKfPV64Zg,5,15-901-460-2033,2691.42,FURNITURE,wake carefully. slyly express deposits wake furiously among the fluffily final deposits. pa
822,Customer#000000822,"ZoRr18ZiDTtkRduo6PO60gNRg,b46zOe QdS8B",13,23-410-801-1644,736.47,BUILDING,ding dependencies hang alongs
823,Customer#000000823,HuoOuJLxx7S8YDQhexfmIX,0,10-109-430-5638,738.79,AUTOMOBILE,l requests are against the slyly ironic pinto beans. blithely unusual packages wake alongsid
824,Customer#000000824,"qHxq5m g6Ug,SDq7R17",18,28-454-124-5859,6840.29,AUTOMOBILE,ffily unusual packages. furiously final ideas 
825,Customer#000000825,"L8P98o,xq9E78kmuadw,Z7Rwy",10,20-492-863-1129,1809.01,HOUSEHOLD," busy deposits. careful, bold foxes eat furiously according to the final as"
826,Customer#000000826,f5Y UZoE nR,13,23-762-328-7631,8938.14,BUILDING,"usly final dinos. final depths wake slyly across the final, bold requests. bl"
827,Customer#000000827,fmmKD8aBlF9bFndkYf402cHVrUj8FhGZtHeL,14,24-196-343-6537,5411.2,HOUSEHOLD,om the carefully even requests are slowly along the regular 
828,Customer#000000828,"0PkG ELwBIgU4AsNcjDc5Q,9Gj",23,33-108-680-4317,7059.68,BUILDING,cial instructions. accounts nod special accounts. slowly even deposits belie
829,Customer#000000829,"4oht3f64ZWA1,ACbBP9DNxjjG1CbIqOCK",8,18-404-707-6095,4086.56,MACHINERY,"deposits cajole slyly ironic, express packages. asymptotes cajole ruthlessly "
830,Customer#000000830,4fNmWCmfys1jUI,23,33-408-548-6806,7775.65,AUTOMOBILE,ironic packages integrate alo
831,Customer#000000831,1DyQwHuUncB7BSnQUiW8ksexb,20,30-495-591-5384,3401.49,AUTOMOBILE,c instructions. fluffily bold requests are furiously quickly ironic deposits. carefully 
832,Customer#000000832,eNIy9PatAWlh0,19,29-264-864-8387,-201.49,HOUSEHOLD,the special ideas. finally ironic accounts doubt. slyly regular ideas
833,Customer#000000833,"t3qDCo,Yh MZcJFV6PibeY,MUunz",6,16-624-307-4875,-526.14,FURNITURE,uickly final orbits across the blithely express accounts integrate furiously among the final sheaves. blithe
834,Customer#000000834,"y4mA, TY6DW4gAY",14,24-637-803-7812,-976.25,MACHINERY,regular dolphins. furiously careful ideas eat beyond the bravely regular packages. slyly unusual deposi
835,Customer#000000835,Sjqs42jh111,21,31-700-242-6347,2106.81,BUILDING,"gside of the furiously final packages wake quiet, permanent accounts. unusual packages into the unusual, ironic req"
836,Customer#000000836,rayz3tXswDbL4hyIr5SMrEIOTqvmok48e,12,22-181-313-6281,9184.72,FURNITURE,press deposits-- fluffily express accounts cajole carefully according to the daringly even deposits-- furi
837,Customer#000000837,mMNC8wjT5aC655e3,9,19-572-730-8324,2701.29,BUILDING,"he bold, pending theodolites. special, bold accounts haggle. blithely regular ideas nag fluffily regular packages"
838,Customer#000000838,BxDlz44b56kXjsTpl,5,15-919-192-7197,1605.76,AUTOMOBILE,elets. never express accounts haggle slyly. depths along the requests haggle bl
839,Customer#000000839,Ch8 wZk5UKK45BSq1uZLJL0Z A8UUoms,22,32-435-825-7973,2924.78,HOUSEHOLD, close accounts. unusual pinto beans sleep quickly slyly bold instructions. blithely unusu
840,Customer#000000840,9wA4l70okCEW3GnYQvlIAXetDgD50l,22,32-802-156-1748,6799.0,AUTOMOBILE,usly according to the slyly regular pinto beans. blithely regula
841,Customer#000000841,pSISKRxFIgVasW71fLyaEuODHZQLBfd6E c7jo,9,19-556-695-9964,884.2,FURNITURE,ly. slyly special instructions wake. carefully even accounts sleep quickly slyly silent deposits. s
842,Customer#000000842,stRBRwdFCkdN,0,10-272-126-1413,8635.49,FURNITURE," silent pinto beans. bold, pending platelets sleep furiously express theodolites. fluffily express reque"
843,Customer#000000843,OEJ7AElvHgEtDpjcrXgLK,14,24-979-584-7928,675.73,HOUSEHOLD,ronic somas. accounts was among the carefully unusual requests. unusual pinto beans are blithely regular depths. s
844,Customer#000000844,1nUzjsH9HS1sPAGLwDIom9IESivLeEh1BvyynjU,11,21-285-410-4046,2954.9,BUILDING,"ymptotes. ironic, unusual notornis wake after the ironic, special deposits. blithely fina"
845,Customer#000000845,fIq5p0GpDtw6FIsPMdbqNYgfSw3gL9ep,13,23-125-871-9246,6898.89,AUTOMOBILE,deposits above the deposits wake bold instructions. special accounts cajole. ideas along the regu
846,Customer#000000846,EWQcGkx0CU5ZGUNcTV9bBCQ4qnuKsHC,18,28-766-714-9136,7650.73,MACHINERY,"s. quickly thin requests against the ironic, bold requests haggle above the final foxe"
847,Customer#000000847,oR9VbMI LkR2GUv4MRmylhb,23,33-645-447-3944,4822.08,HOUSEHOLD,"haggle carefully. pending, bold foxes play carefully ironic frets: slyly unusual ins"
848,Customer#000000848,a nIm5Bk7 RMqMZ6,15,25-655-714-7125,5685.59,BUILDING,st furiously blithely pending packages. deposits across the 
849,Customer#000000849,"kqRGW2JQtTM,a6 DzJMgcU9U",24,34-718-798-7751,9670.64,MACHINERY,ly silent ideas. fluffily even packages boost carefully fur
850,Customer#000000850,GdhPVh9rkPqSt v17ZuxIlx8c1N8G,22,32-546-203-4000,7576.55,FURNITURE,ly ironic accounts whithout the regular waters are blithely abo
851,Customer#000000851,H9HRTaOz4yI9elrUUiS,9,19-678-843-9850,1144.23,FURNITURE,cross the final packages. blithely ironic excuses serve slyly about the final accounts. fluffily
852,Customer#000000852,"fR1Cq8d6m,zJwS3FFrOBV7u",5,15-252-941-6247,1098.98,AUTOMOBILE,"unts thrash quickly through the express, regular theodolites."
853,Customer#000000853,U0 9PrwAgWK8AE0GHmnCGtH9BTexWWv87k,2,12-869-161-3468,-444.73,MACHINERY,yly special deposits wake alongside of
854,Customer#000000854,"flSR,SlEXwxrDcm3uedfK1Oiq,c9mZI",0,10-544-967-2382,3393.86,AUTOMOBILE,t slyly after the furiously even escapades. carefully regular pa
855,Customer#000000855,i8mS 0Plk2tI8HG1Mnzj8v5RIl5JqmwTSW2Wq,1,11-379-392-2701,3550.49,BUILDING,"s. carefully final deposits detect furiously slyly even packages. final, special accounts eat along "
856,Customer#000000856,X4U7LH4YtDzephie,15,25-336-316-9641,6988.55,FURNITURE,y bold pinto beans according to the pending foxes 
857,Customer#000000857,TFCCMlSEyrItYvEZy068NhrUxJz,5,15-856-649-3113,7537.16,AUTOMOBILE,g to the deposits cajole furiously final deposits. furiously silent dependencies agains
858,Customer#000000858,"8qSqHq,Fc378KIPPbTNmaL 0bpAwO",8,18-509-453-8977,-829.37,BUILDING,", special accounts. ironic, pending requests might cajole flu"
859,Customer#000000859,yp6dlWnpbzQboP5Xj8W,17,27-379-135-4463,6737.18,BUILDING,uffy foxes boost about the eve
860,Customer#000000860,t0GtEsh39KvInVMH7CDn0xi,12,22-895-319-1388,6836.89,BUILDING, deposits above the blithe requests maintain furiously slyly even packages. slyly regular requests boost. blith
861,Customer#000000861,GvlCZ4fJYbHTOTYczE1iH2k6K9edUyNxWZsl6x,14,24-939-734-5650,-336.8,BUILDING,arefully regular requests unwind slyly 
862,Customer#000000862,"zkaZ,iOp8t9MBK9T,JIPGL5hmBmK,xjkjHEP",2,12-479-479-6941,2338.92,MACHINERY,yly regular foxes sleep. quickly ironic foxes use furiously express deposits! carefully regular
863,Customer#000000863, oaBBxuQLKPawG1yqOc7cyVhOezCy,3,13-801-392-5922,5274.52,AUTOMOBILE,d accounts detect. bold pinto beans against the slyly ironic
864,Customer#000000864,"lKcUKtfu0myNF5msATCFVHHXfMg3,cdb",12,22-897-966-6672,8932.76,AUTOMOBILE, instructions detect slyly. never pending dependencies use slyly enticing accounts. slowl
865,Customer#000000865,UIv4t5cbA7j1ftOSatj2EKah3p,9,19-245-153-1471,3016.38,BUILDING,"nic deposits print blithely slyly final accounts. special, express accounts are fluffily a"
866,Customer#000000866,"u,b0GdP7dZg",20,30-436-285-7224,6265.88,FURNITURE,ts. bravely express pinto beans after the blithely bold requests x-ray busy orbits. furiously pending 
867,Customer#000000867,KmET9DxfPVs15pIUUWQ,14,24-522-194-4543,5680.23,FURNITURE,t according to the careful packages. regular 
868,Customer#000000868,cFG8Fa5h1e uvHJ9pgZAO,22,32-850-421-3334,7616.48,FURNITURE,the requests. regular dinos at the even requests use furiously around the sheaves. slyly final theodolites bo
869,Customer#000000869,"PDGU7BXDNXAo0vmo7QtDm,yCMVcD",2,12-379-344-7132,1228.06,HOUSEHOLD,. final packages wake slyly? blithely even deposits haggle carefully regular packages. unusual requests
870,Customer#000000870,6wGPZX1SbXLGtweqx8jK,2,12-953-532-5903,1970.76,BUILDING,"es cajole slyly. furiously even asymptotes are furiously regular packages. special, final ideas s"
871,Customer#000000871,KcLmBKitbx7NvU7bpu9clIyccxWG,20,30-933-714-8982,-395.89,HOUSEHOLD,ts. blithely silent courts doze. regular atta
872,Customer#000000872,"vLP7iNZBK4B,HANFTKabVI3AO Y9O8H",17,27-357-139-7164,-858.61,BUILDING, detect. packages wake slyly express foxes. even deposits ru
873,Customer#000000873,XFnr9C2bANXL,6,16-375-385-5712,-797.38,AUTOMOBILE,"lithely ironic, silent forges. furious"
874,Customer#000000874,rdo knkGhtvpH6dbLkQon8QsrK1z4LFUpaVDTOn2,0,10-886-494-4217,5391.74,AUTOMOBILE,st the deposits. furiously even requests cajole slyly. bol
875,Customer#000000875,8pQ4YUYox0d,3,13-146-810-5423,-949.28,FURNITURE,ar theodolites snooze slyly. furiously express packages cajole blithely around the carefully r
876,Customer#000000876,"NMzgtdV zCuRIMK0vV,DP9ynDd6Z9X3T",20,30-320-481-3076,4367.63,MACHINERY,ronic requests haggle blithely. slowly ironic ideas against the fluffily 
877,Customer#000000877,uYO2BKogrHcOcHEgzjlmZAa1QYyR45i8,16,26-400-912-7812,1755.33,MACHINERY,packages cajole carefully. slyly regular pinto beans bo
878,Customer#000000878,"hUCH2juGwk4OtThyY8p35Hi0,IfOGA",15,25-465-180-9022,8781.53,FURNITURE,the quickly pending deposits cajole care
879,Customer#000000879,EJcG18hFrS0SPT0yvl1b,2,12-878-466-6505,2235.2,HOUSEHOLD,ntegrate by the carefully special requests. dolphins sleep e
880,Customer#000000880,"ogwHmUUFa1QB69pAoYAAoB0rjbdsVpAQ552e5Q,",8,18-763-990-8618,-77.63,FURNITURE,regular requests. regular deposits ar
881,Customer#000000881,XJ94RTR2oXI omeh,4,14-127-261-7876,2141.71,FURNITURE,pinto beans. asymptotes about the slowly even theodolites are pending requests
882,Customer#000000882,hsKaXwHCLD,2,12-437-842-6799,1650.12,HOUSEHOLD,ts. quickly regular packages alongside of the furiously silent theodolites nag slyly after
883,Customer#000000883,qVQ8rWNU5KZYDcS,3,13-526-239-6950,479.96,FURNITURE,"uctions are carefully across the regular, regular asymptote"
884,Customer#000000884,5KyisO0Tv9ZtlJhzyI7vAe88,21,31-483-489-6172,1601.6,FURNITURE," among the quickly express theodolites. accounts sleep furiously along the special, pending depende"
885,Customer#000000885,nNUbC73nPBCKLg0,5,15-874-471-4903,-959.94,HOUSEHOLD,sits impress regular deposits. slyly silent excuses grow 
886,Customer#000000886,QOTGbGPJjNPD7IrfAILA1da,12,22-771-691-7229,1194.33,AUTOMOBILE,"slyly even foxes according to the pending, special accounts use carefully against the courts. regular,"
887,Customer#000000887,CoInl1fmf5MjYn15AdA,1,11-136-651-8293,7009.42,MACHINERY,ording to the fluffily regular foxes nag fluffily instructions. thinly careful accounts around the furio
888,Customer#000000888,3vlJp0W8cniEXV,12,22-855-455-1154,6358.04,HOUSEHOLD,"sleep carefully quick pinto beans. packages hinder beneath the instructions? ironic, unusual theodoli"
889,Customer#000000889,pLvfd7drswfAcH8oh2seEct,13,23-625-369-6714,3635.35,FURNITURE,inal ideas. slowly pending frays are. fluff
890,Customer#000000890,"rvsLCrRX9z,IPaaF9kqwvLLxueobbPiH4pz",4,14-938-708-4678,3329.21,BUILDING,ironic accounts cajole ruthlessly above the carefully pending accounts. quickly regular theodolites cajole. iro
891,Customer#000000891,"AW0m6YSpe,BNPHvBj",11,21-439-958-7518,6032.18,FURNITURE,sits. final foxes run. quickly pendin
892,Customer#000000892,N KwiRAwIk6KL9WJ6vt0G,9,19-589-784-1249,4799.98,FURNITURE,ses are carefully. quickly regular theodolites cajole. carefully express accounts wake sly
893,Customer#000000893,W6m7LofOZoik72ku,13,23-827-724-6816,8250.87,BUILDING,"ets. ironic instructions nag even, regular courts. slyly iro"
894,Customer#000000894,5y7m8Ts4kDf,16,26-844-679-1540,4483.42,AUTOMOBILE,carefully regular accounts sleep carefully slyly ironic dependencies. blithely ironic accounts wa
895,Customer#000000895,MDaJr8ekGTS79bS7CH8f1WgWPU,0,10-933-819-2037,904.43,AUTOMOBILE,ggle final packages. slyly regular instructions affix fur
896,Customer#000000896,Tu1ZBNgiSEL9Ns,0,10-425-565-3199,7659.72,AUTOMOBILE,affix carefully unusual requests. furiously fin
897,Customer#000000897,nW1X1Hl9uWycuBEu3F3,6,16-988-776-4568,1999.42,MACHINERY,"riously regular ideas sleep into the final, unusual"
898,Customer#000000898,"JrvrIEzAre,VJzJCi3SEmib1T2,YVXVvOGxaVZwR",3,13-265-738-4361,8137.24,AUTOMOBILE,s haggle around the special dependencies. slyly regular requests are according to the idly sly ideas! fluffily final
899,Customer#000000899,Th5XO5ImeCe9nHFQfQMCkNcmf5WHSeYQaR5TJ,2,12-594-534-9654,8605.53,FURNITURE,"rding to the furiously unusual accounts. express, express accounts nag furiously. ide"
900,Customer#000000900,"kEhE1Y,OoZTDv,Auh d5G ALINN0rND",1,11-422-328-1612,3195.39,BUILDING, packages sleep slyly around the quickly special packages. final accounts are furiously. bol
901,Customer#000000901,QUyXt94YM6Ou6rDqK,12,22-202-667-4372,938.35,HOUSEHOLD, foxes maintain. theodolites sleep above the regular deposits. slyly bold excuses boost careful
902,Customer#000000902,A1hnMyYPSkXf7QgOPD2H,4,14-209-883-5797,5858.48,AUTOMOBILE, sometimes regular epitaphs. furiously regular gifts against
903,Customer#000000903,"URTiQupkhObWG39,kZ3CfU",7,17-706-779-2078,509.23,FURNITURE,"kly doggedly even instructions. regular, regular accounts along the even, bold packa"
904,Customer#000000904,YdJEbNygDU6DrgWXQY6orasq,5,15-940-929-4572,9562.82,BUILDING,nic dolphins alongside of the slyly final ideas run
905,Customer#000000905,f iyVEgCU2lZZPCebx5bGp5,3,13-803-156-2231,-600.73,BUILDING,slyly closely ironic dolphins. blithely ironic asymptotes haggle carefully ironic theodolites. furiously
906,Customer#000000906,1Uavkms1A5z,6,16-594-569-6627,-613.45,HOUSEHOLD, accounts. furiously silent ins
907,Customer#000000907,UeVLwnnpccsG1pbQmN7pzD,10,20-501-816-7673,5751.31,HOUSEHOLD,sits haggle quickly above the excuses. slyly ironic packages print furiously. carefully pending reques
908,Customer#000000908,Fa5bchMKUMsaNKOXAiu9pX  ME,12,22-814-669-9320,3215.96,AUTOMOBILE,quickly express packages. blithely fina
909,Customer#000000909,b 2X284A5AGpt8skuYwMvTyK68srMKikPst6X,24,34-717-350-9722,5565.58,MACHINERY,"se carefully around the special, regular requests. ironic theodolites cajole quickly theodolites. regular, ev"
910,Customer#000000910,Qg8TJTCT1mJ9H,9,19-899-463-4292,5794.69,BUILDING,uctions. silent requests after the regular theodolites haggle furiously across the ca
911,Customer#000000911,"VS0fia,lJ RvUf68 l4Unv,Vx",13,23-121-746-7339,6364.6,BUILDING,gular foxes! permanently regular packages wake. quickly regular deposits detect blithely. carefully express
912,Customer#000000912,dQA12NEPQK1A5mvD,14,24-348-437-3105,3861.36,FURNITURE,sits use slyly carefully final dependen
913,Customer#000000913,aohNRUjsMbBNE1Ax,14,24-500-946-3315,6935.16,FURNITURE,y blithely final dugouts. accounts wake accounts. asymptotes above the even 
914,Customer#000000914, LErnJFeOuDeMgvVzPKHS,5,15-915-758-7313,1230.79,MACHINERY,"accounts. slyly final attainments boost slyly express, pen"
915,Customer#000000915,"mtGezp1BRzcfPVl,1,G8Wl",0,10-452-398-2445,3776.53,AUTOMOBILE,r ideas. final dependencies haggle fluffily. express ideas behin
916,Customer#000000916,9Zo7nkmzJla4Q4PE5mbw,23,33-511-587-8754,130.59,MACHINERY,sual ideas cajole carefully ironic excuses. final platelets use slyly. quickly special instructions nag. bold escapa
917,Customer#000000917,"KZ TS0omSFmUQkIOmzlXhwQS,OcF3wzz5",1,11-100-917-5264,3679.65,HOUSEHOLD,arefully fluffy pinto beans. enticingly silent requests affix furiously busily regular ide
918,Customer#000000918,WSptkDdGQQyJ6,19,29-992-318-6425,-155.06,MACHINERY,s boost furiously slyly final dependencies! fluffily regular sheaves nag fluffily. slyly even courts sleep sl
919,Customer#000000919,cHGtsqVvXRiK,9,19-537-180-2200,9774.97,MACHINERY,lar instructions. blithely final deposits haggle furiously bold pinto bean
920,Customer#000000920,oDBFWKIP6M6OlYRPmqCBkVpVSj6uFa,2,12-905-464-3299,990.58,HOUSEHOLD,". ironic, pending frets haggle carefully. ironic,"
921,Customer#000000921,XYBVDdDifSYrW gUeDPhITqMjpjtbnc,8,18-765-936-2316,3651.09,HOUSEHOLD,g the furiously unusual theodolites are carefully accounts. slyl
922,Customer#000000922,Az9RFaut7NkPnc5zSD2PwHgVwr4jRzq,7,17-945-916-9648,3869.25,BUILDING,luffily fluffy deposits. packages c
923,Customer#000000923,ckBLWkfYtn2VZXWWqUGbDgbP,11,21-476-142-5086,7462.2,HOUSEHOLD,"s. furiously express depths boost. regular requests boost furiously. even, unusual deposits cajole blithely. expre"
924,Customer#000000924,yKEtokQYXiuSSh8ZP5,15,25-518-232-9865,4212.53,BUILDING,ake slyly furiously even deposits. express pinto beans are carefully quic
925,Customer#000000925,jn Razhw70hWtHN4iRBWsf1UmrFUPn36Ni562ex,10,20-753-609-6699,1939.39,AUTOMOBILE,"ironic accounts cajole carefully. even, expre"
926,Customer#000000926, 3b8K2YhfbGDJOpSAUrvq82MnkhHBdwL,16,26-783-803-1329,274.5,AUTOMOBILE,ly quickly unusual foxes. fluffily regular ideas among the regular plat
927,Customer#000000927,"Uy7xvOwo4Ndha1tSxDKrQ gXUTdS ,YDqwE2YSO",17,27-332-891-1391,2417.65,MACHINERY,"es affix quickly carefully regular platelets. slyly special theodolites would sleep furiously after the special, "
928,Customer#000000928,A9 UduEb48ffOe27FxMXF,21,31-508-509-6393,8330.7,HOUSEHOLD, instructions cajole fluffily alongside of the blithely regular re
929,Customer#000000929,c dPfaAmmoLjR3m,23,33-487-459-1026,4079.18,MACHINERY,ously silent foxes cajole slyly pe
930,Customer#000000930,84jHYR8u2XvhyT,19,29-562-904-5451,4787.2,FURNITURE,sual ideas according to the furiously regul
931,Customer#000000931,"M,lWVafqdRIO, WnAyLLt",0,10-349-498-1720,2409.69,BUILDING,s the carefully regular packages: pending
932,Customer#000000932,HN9Ap0NsJG7Mb8O,13,23-300-708-7927,6553.37,BUILDING,packages boost slyly along the furiously express foxes. ev
933,Customer#000000933,V0SPv2VbrNo7Pj,14,24-623-803-8018,8541.16,MACHINERY, accounts haggle quickly against the blithely even accounts. deposits sleep blithely quickly p
934,Customer#000000934,UMAFCPYfCxn LhawyoEYoU9GZC7TORCX,12,22-119-576-7222,-592.69,AUTOMOBILE,fluffily requests. carefully even ideas snooze above the accounts. blithely bold platelets cajole
935,Customer#000000935,XkVT4jvetY4JV76IAkd91sSp9CqsICE,0,10-724-445-8323,2531.25,MACHINERY, furiously pending ideas. daringly 
936,Customer#000000936,hwJIFpxofea6CLEbWZFsWUxNrGFLANp,11,21-100-538-9635,3650.9,MACHINERY, furiously enticingly final foxes. pending requests wake quickly according to the slyly regu
937,Customer#000000937,usrG6ohdPROyd98c9,23,33-869-990-3946,668.51,AUTOMOBILE,"ickly alongside of the express, express ideas. sly"
938,Customer#000000938,wrq9S3rEW8zXUVCXpa7uKi,12,22-157-321-7590,2584.52,BUILDING, the quickly special accounts are regular patt
939,Customer#000000939,jYaDdfxAlL1aVKPfN,19,29-627-844-1293,8059.51,FURNITURE,ages integrate carefully. sometimes even sheaves wake sometimes unusual ac
940,Customer#000000940,"T7ROXBXdajS,vkwy3VuC8wNvA",19,29-958-573-1004,253.59,AUTOMOBILE,ent accounts. slyly even accounts breach across the dolphins. quickly regular pains dazzle carefully. sl
941,Customer#000000941,297w97UgOfpV3pv2QniJUWBKq0BRpcawOfpj,19,29-745-875-1061,2990.18,FURNITURE,"e furiously along the slyly bold pains. ironic, ironic foxes affix quickly even deposits. packages caj"
942,Customer#000000942,y0OKxFyfXeYuklJDY9RwujlNIC2ETXo9HxZCVhg1,18,28-560-449-7675,5898.17,HOUSEHOLD,"lar depths! carefully regular pinto beans after the deposits wake about the packages. final, final instruc"
943,Customer#000000943,74dBRGOKLFEQEqCgH2x8WGL9tubtgJAbHu,5,15-483-251-8603,7541.05,FURNITURE," quickly along the silent, express braids. quickly pending packages boost fluffily furiously regular foxes? a"
944,Customer#000000944,"8lO9F4WK6PKWXiocyE,ojIfPNfVY8",4,14-485-139-5142,9454.78,BUILDING,"ilent pinto beans are according to the regular, final somas. idle, bold foxes was. som"
945,Customer#000000945,300zKNJ9lg,15,25-542-662-1673,9615.39,BUILDING,. ironic deposits haggle among the carefully regular excuse
946,Customer#000000946,ufHQOmRhQoLSiyfQ,21,31-152-357-9762,2990.73,FURNITURE,ly after the furiously regular asymptotes. foxes play quickly ironic packages. dinos along the silently expre
947,Customer#000000947,JnzDRxqCwjRPyeq70wrxzKWLXI,22,32-838-393-6825,4092.24,BUILDING, blithely final instructions grow furiously ironic requests. furiously special theodolites sleep after 
948,Customer#000000948,yxBr7nLGxxwECEk,17,27-125-968-3750,4346.9,AUTOMOBILE,"he final, even deposits. furiously special pl"
949,Customer#000000949,tOBbBIfhWM lNI3YxTYH8Or8Ki,2,12-391-316-1861,5340.67,AUTOMOBILE,"pecial, pending dolphins. slyly final ideas boost quickly. carefull"
950,Customer#000000950,mi3o6cp47mo8Miqh9d R1XWStjxatcQqHQZW,15,25-849-760-2017,9609.77,FURNITURE,s wake quickly after the carefully brave multipliers. regular excuses wake care
951,Customer#000000951,"PnC4Xlds,v",0,10-813-916-8297,7499.47,FURNITURE,ts. permanently special accounts mold quickly. requests boost slyly bo
952,Customer#000000952,jg0YsHARdoULvVtP2vGHLVoAfWKFNz6QdTeAi,24,34-527-524-9172,3710.14,AUTOMOBILE,slyly regular ideas. even theodolite
953,Customer#000000953,5HJQ8UzSSl1PJv28MpZqWvNwUm,22,32-829-961-2870,6292.06,BUILDING, according to the carefully bold dependencies use boldly slyly express deposits. car
954,Customer#000000954,"rr0Gz2iuYNuLgrIcLCdi5Zr2SnY8,wpzD9A",19,29-639-437-3775,5740.0,FURNITURE, haggle furiously. furiously ironic 
955,Customer#000000955,FIis0dJhR5DwVCLy,0,10-918-863-8880,138.31,AUTOMOBILE,"ts cajole quickly according to the pending, unusual dolphins. special, ironic c"
956,Customer#000000956,aI12bsLSd1Y4dIx2Me5BLbGDCZPn ,20,30-627-947-8311,1587.14,HOUSEHOLD,"eans. regular, regular foxes wake furiously carefully even pinto beans. furiously r"
957,Customer#000000957,"9F8p,XsLLxyiZ3b8NN",19,29-941-553-8245,9076.68,FURNITURE,al excuses boost to the ideas. unusual requests are across the slyly
958,Customer#000000958,OrOUBBV7NlzVFXtuSOECmQFOkw8r,5,15-455-954-2914,1791.65,FURNITURE,s deposits. blithely even packages sleep carefully ironic deposits. quickly ironic accou
959,Customer#000000959,O FdrkZxCx PK,4,14-546-329-6898,3266.14,FURNITURE,press accounts wake busily after the furiously final theodolites: fluffily final deposits above the carefully iro
960,Customer#000000960,"meekxaMlz5c1uE3wV7a,u h WcU,1OJz",4,14-664-604-8633,1932.59,HOUSEHOLD,s are carefully after the permanent foxes. fluffily 
961,Customer#000000961,"5,81YDLFuRR47KKzv8GXdmi3zyP37PlPn",12,22-989-463-6089,6963.68,MACHINERY,e final requests: busily final accounts believe a
962,Customer#000000962,lDp572JGdrL34kB YOQuC,4,14-792-232-1645,7557.0,BUILDING,. carefully brave foxes wake furiously final orbits. furiously pending theodolites along the bold the
963,Customer#000000963,"40EdWkddaWhQyiQ6FfUo8VOZwgb MetJ2jV,QPL",13,23-921-332-7635,2557.49,HOUSEHOLD,"ns snooze slyly daringly pending instructions. regular requests above the regular, even requests sleep blithely fin"
964,Customer#000000964,ZnBNwMqvW7y3FSn6025pwkzgTDfsG2A,12,22-974-772-2802,4756.58,FURNITURE,al accounts haggle blithely! regular platelets haggle blit
965,Customer#000000965,"UigBc,9d1iLtQAVatnWACSDc9mNx0mYl",2,12-893-735-6415,4768.8,MACHINERY,lly enticing pinto beans haggle requests. evenly express grouch
966,Customer#000000966,V9c8SR8WK7wEd,8,18-539-933-5176,1283.26,MACHINERY,ts. regular accounts cajole about the ideas. slyly unusual idea
967,Customer#000000967,xKdAl6HSWvAmptzHgQHX3cMmxZDhfyrMqx,23,33-687-917-3598,5710.41,BUILDING,iously quickly silent ideas. blithely pending pinto beans except t
968,Customer#000000968,eu 5FA1WHs9jq0pcdlVVA,0,10-470-740-2657,8921.97,BUILDING,"ic foxes haggle slyly according to the dependencies. even, regular acc"
969,Customer#000000969,N9NSGc0Bj6FlSw3d9k GI7VAd1jW,8,18-148-790-2039,8601.63,BUILDING,lithely according to the fluffily silent patterns. furiously fin
970,Customer#000000970,DXEgz7JHSFW401,14,24-266-486-1615,3623.6,MACHINERY,ronic requests sleep slyly at the slyl
971,Customer#000000971,z29DUY Utsi6mWKI,1,11-256-718-6928,3914.88,AUTOMOBILE,ular theodolites haggle carefully: f
972,Customer#000000972,ImKvHrrNc3rfWejksbCPyIQ,4,14-405-229-6174,4453.46,MACHINERY,deposits: slyly regular deposits among the furiously bold asymptotes are furiously along the slyly even 
973,Customer#000000973,FT4jTOdVCpmYW,0,10-749-928-5415,3229.18,FURNITURE,"sly special requests integrate carefully along the special foxes. regular, silent"
974,Customer#000000974,"7RcY6fOjTMbbOnVaFV,,6Dk5FIiHGrCpwXJNI",20,30-473-948-7149,7826.1,HOUSEHOLD,"uickly. regular, ironic waters sleep blithely. blithely regular foxes are blithel"
975,Customer#000000975,qPFceGMB0xDjY6BhTGdIxe2Z F4MVuKIXHqQ1,16,26-428-220-2070,4364.06,FURNITURE,"furiously express packages. even, bold sheaves haggle fluffily. slyly ironic accounts wake slyly across the quickl"
976,Customer#000000976,I78UJ2ks3sbcd0c2NQ7aH,19,29-436-660-4732,7772.85,BUILDING,"special requests wake carefully regular somas. special theodolites wake regular, unusual pinto beans. furi"
977,Customer#000000977,"JcKxPwHPM7akg5IiCs,ZVAfO73KE3",2,12-602-807-5055,311.0,FURNITURE,lly against the busily unusual requests! busily even requests haggle blit
978,Customer#000000978,"zpvQ6LYE89Inl40Yz,7NJ",24,34-261-243-2624,-50.51,BUILDING,ely unusual packages nag fluffily above the quickly regular requests. regular accounts run. blithely
979,Customer#000000979,DvzUxD35ohKtUnalLGO9kDsCzZxtfcjO,18,28-113-574-4962,7055.13,MACHINERY,. accounts wake carefully special accounts. de
980,Customer#000000980,UsrigSqZBnmbXhXNR6ibloq60qHBUj42kwX,1,11-572-281-8212,4586.33,AUTOMOBILE,"st have to integrate above the regularly regular accounts. regular, final waters breach blithely "
981,Customer#000000981,"pM4DXkl6Y,7S6a6jlJf8dZogp9QOdv",18,28-202-962-8429,3383.26,MACHINERY,ts doze quickly. platelets are quickly agains
982,Customer#000000982,EN9aD5Xgh2q,23,33-460-986-9418,1437.55,FURNITURE,lithely express requests along the carefully pendi
983,Customer#000000983,9jgCxRufEbwbGwW0PmG1RDIOwCUYlHs8z,7,17-283-610-6143,2902.95,BUILDING,"mas cajole furiously across the fluffily special deposits. pending foxes sleep regular, silent packages. ironic pla"
984,Customer#000000984,fgAELFO9RS 6q9,11,21-247-588-5181,2811.97,AUTOMOBILE,t daringly against the even foxes. furiously silent forges sleep furiously busily ruthless requests. exp
985,Customer#000000985,"0uAMe1ICB,wts4STD4eLL",23,33-408-194-5161,2701.21,HOUSEHOLD,gular deposits among the thin instructions haggle since the furiously final packages. ideas use. regular i
986,Customer#000000986,Cei2QidV0GC3OQWfJTNHLYPd,1,11-537-225-3800,178.73,BUILDING,cies impress blithely furiously final package
987,Customer#000000987,SO 0UTuH26eduKI,8,18-887-394-2506,9850.64,AUTOMOBILE,"eposits. even packages cajole boldly bold ideas. even, regular accounts haggle. packages among "
988,Customer#000000988,3BNYKEUyMbzfb40SEr 8OTb,3,13-862-722-3298,7746.97,FURNITURE,"he courts. carefully silent courts impress. carefully close ideas run slyly pinto beans. even, ironic accounts are a"
989,Customer#000000989,pKuixWbH6XZFJY0uZjGi0oRaH1Xl,10,20-646-819-6827,5453.74,AUTOMOBILE, accounts. fluffily regular requests use carefully after the furiously special instructions! slyly
990,Customer#000000990,uF idg4bq8Ij7ghxJ5KuTnU8w,0,10-403-137-1064,6988.49,BUILDING,dolites for the fluffily bold
991,Customer#000000991,dK1Gzw1glT,21,31-977-971-6175,6533.53,AUTOMOBILE,n somas. slyly ironic instructions solve quickly at the final dolphins. requests cajole carefully
992,Customer#000000992,"Vbi1NGfPeKw,XU",5,15-262-535-3924,5027.75,MACHINERY," across the regular, pending requests. slyly ironic accounts wake furiously about the pending, regular "
993,Customer#000000993,"56K JjC bMcgbXlJA4KI Icu uggsRoviMQm,F",7,17-494-757-5759,8421.87,FURNITURE, according to the slyly bold accounts. 
994,Customer#000000994,sZjdeW4LT9EKopmlv3M Xbnbe3gXQ9JkoxPv ,16,26-638-159-5836,7461.27,HOUSEHOLD,ake furiously across the quickly idl
995,Customer#000000995,5tCSAsm4qL5OvHdRZsiwSlVTdqPZws3f,13,23-272-700-1002,-341.79,BUILDING,wake slyly fluffily unusual requests. stealthily regular pinto beans are along the slyly final dugouts. slyly 
996,Customer#000000996,yjrSjcG z0Rm5PYrVMFTrU pFRMw,22,32-902-625-1946,6450.78,AUTOMOBILE,"hely against the final, brave asymptotes. final ideas haggle slyly bold pinto beans. slyly unusu"
997,Customer#000000997,85KMCT2D2RIGayG99ozpk85ppHE6i9gJE,17,27-218-645-5219,367.03,FURNITURE,ven asymptotes. carefully regular packages are blithely. special requests according to the care
998,Customer#000000998,"fHRMFCGphazw9KvR1,EmNOUBG",17,27-951-935-6514,6679.2,MACHINERY,"ular courts nag quickly unusual, sly pinto beans. special foxes thrash blithely up the foxes. "
999,Customer#000000999,r2SFEmfqrRu3M7ouE4zvI2ApOAtD,16,26-876-956-1302,403.89,BUILDING,riously special instructions ac
1000,Customer#000001000,hzM1shTwWlLuk,22,32-730-275-2976,-881.7,BUILDING," closely against the slyly special deposits. regular, ironic p"
1001,Customer#000001001,KbWTzGB3ZUymu nNCIuG5eCueaqu,21,31-389-986-4741,7140.81,MACHINERY,ever. fluffily special requests are. slyly final asymptotes are carefully quickly reg
1002,Customer#000001002,98bKmyr3jZWRLEY9WBtyUWOodVd,10,20-973-622-6579,3699.76,MACHINERY,"ns. deposits along the ironic, regular packages wake furiously according to the carefully even excuses. slyly qui"
1003,Customer#000001003,lE07lPMzVzMhG9CUC54uPwGw3BWO,21,31-716-397-1854,7894.0,AUTOMOBILE,quests sublate blithely blithely special dependencies. excuses use busily express pinto bea
1004,Customer#000001004,"mBaNGEJoY2tgXD60V2DEO ajjoM3Zd,Jp",8,18-676-152-4849,1512.46,MACHINERY,ainst the ideas nag fluffily according to 
1005,Customer#000001005,cTWPLcTvotjgrrcN3j,13,23-149-373-9093,7790.94,AUTOMOBILE,. furiously ironic accounts affix careful
1006,Customer#000001006,Q46palcsa4KwAMhPS,12,22-364-780-5932,7447.99,BUILDING,"equests. regular pinto beans sleep furiously express, ironic accounts. special,"
1007,Customer#000001007,PfH0lw8GzD7o,9,19-790-843-5283,7347.9,MACHINERY, theodolites. ironic requests wake. thinly silent 
1008,Customer#000001008,"AfP6tFNz1Eu4buoUd,HrZAld340 xz2wbQ2",2,12-115-571-7897,8191.74,HOUSEHOLD,press orbits affix furiously pending packages. courts alongsi
1009,Customer#000001009,"cWONXs2Vx30bkgYoCkx7LrJH,E",12,22-132-906-1117,594.5,BUILDING,"ng to the stealthy, final courts cajole carefully alongside of the gifts? regular ideas above the furiously express "
1010,Customer#000001010,uasIK CZZ5,5,15-221-463-3776,1652.78,AUTOMOBILE,ing ideas doze carefully accounts. slyly regular theodolites poach. carefully pending de
1011,Customer#000001011,6m8KP FxT4nnHgoc4CN70TVLW1X5Q,5,15-736-809-3168,1188.94,BUILDING,uriously express asymptotes. u
1012,Customer#000001012,5Zsp rqM6oCmgqqFe,4,14-535-551-6255,4422.45,AUTOMOBILE,s above the carefully express r
1013,Customer#000001013,k5rfeOtchP1  w,15,25-725-599-1183,-951.53,BUILDING,idle packages cajole regular asymptotes. carefully express forg
1014,Customer#000001014,"ZsiaboMOOV,aGwWUpfE",11,21-553-425-9152,-392.84,AUTOMOBILE,"telets. ironic platelets cajole carefully; bold, special instructions unwind blithely regular somas. carefully "
1015,Customer#000001015,RDJWEmcAk4GC8OT8WCsXB,10,20-134-926-5391,6392.0,HOUSEHOLD,g courts nag daringly brave pains. blithely special deposits use blithely carefully c
1016,Customer#000001016,8tzkhPXMFHKgmz,11,21-683-368-2994,2357.54,AUTOMOBILE,ular deposits. special foxes solve quickly idly special ideas. never final asymptotes nag. furiously even deposi
1017,Customer#000001017,OoVPZGR5hUp8oo,16,26-593-941-5690,-913.7,MACHINERY,integrate furiously furiously even pinto beans. ironically pending packages cajole quickly furiously special 
1018,Customer#000001018,"yldxLZOgQwzrXh3t4yktykZZV8v,vK2c6pVr",18,28-450-764-4871,8341.71,FURNITURE,"e quickly around the quick, regular pinto beans. regular, regul"
1019,Customer#000001019,VMFs38VlBt01g30PzPyliiAoGHazC4HG74JJ,21,31-502-683-3413,2114.53,FURNITURE,quickly special ideas about the courts use of the pending instructions. furiously final accounts c
1020,Customer#000001020,"DHom,LSHKfYSwLSZv39AooYQHlvbaeztefjwR",3,13-692-286-8158,6914.87,MACHINERY,es. blithely unusual asymptotes sleep ironic accounts. fluffily express sheaves haggle fl
1021,Customer#000001021,m h2wQbujQnQOrcf109reW0 o,6,16-469-554-5196,1286.76,MACHINERY,courts could hang quickly express epitaphs. foxes haggle above the carefully unusual requ
1022,Customer#000001022,"lP,9H6e6mQwLsWYYr2Y",8,18-733-553-2195,9605.83,AUTOMOBILE,ending packages. dependencies along the slyly pending dependencies wake carefu
1023,Customer#000001023,"w8 oxHcOTUiF8dOr,ktZ05pO7qcHZ8ZeH7",17,27-960-306-5136,7188.35,AUTOMOBILE," express requests. slyly ironic asymptotes throughout the ironic, final packages nag careful"
1024,Customer#000001024,9wLrRS78uOPy7CHW,11,21-508-779-7822,-425.09,FURNITURE, carefully regular instructions. furiously final deposits across the carefully special ideas cajole furi
1025,Customer#000001025,3T2A1uo8mCqTeO LTW8atjLBLO12nh6lyl,8,18-588-456-4616,3363.46,AUTOMOBILE,to beans sleep according to the fluffily regular instructions. 
1026,Customer#000001026,ktKcS9tV2OC8T42KVqMem NjkNO 4pkXmu,17,27-169-221-8173,9699.28,MACHINERY,"totes against the stealthy deposits haggle fluffily after the regular, regular deposi"
1027,Customer#000001027,GNaw4RXXMr,2,12-278-154-5262,4946.21,BUILDING," final requests haggle. final, even sheaves maintain carefully above the even ac"
1028,Customer#000001028,"NxmOhIN,w45aogQ1hZSvqoz0 8nrbdkaiZOe",10,20-582-119-3249,1915.53,AUTOMOBILE,"ly unusual, even packages. fluffily special foxes across the furiously final asymptotes main"
1029,Customer#000001029,"D3TLK5s,gc",15,25-602-810-8723,6252.18,BUILDING,arefully furiously final pinto beans. daringly express deposits 
1030,Customer#000001030,Xpt1BiB5h9o,8,18-759-877-1870,6359.27,HOUSEHOLD,ding to the slyly unusual accounts. even requests among the evenly
1031,Customer#000001031,"dwCYOftUgV5,EwGJc",21,31-946-641-1853,2226.8,AUTOMOBILE," theodolites. even theodolites sleep slyly. special, express excuses cajole among th"
1032,Customer#000001032,6yoIzDrw5zLBO,18,28-449-227-3528,1853.64,FURNITURE, sleep quickly even somas. permanently regular grouches cajole blithely furiously ironic ide
1033,Customer#000001033,WOozPuOF8UdYMwjF5,8,18-470-380-2978,81.06,BUILDING, to the quickly final packages. carefully slow accounts use blithely slowly permanent requests. un
1034,Customer#000001034,"Fn5qqb64TSKuJWz4f8GpPkF,c3WY3yqjsV,GgHu",5,15-370-179-6631,7349.82,HOUSEHOLD,"bout the ironic requests-- packages wake. requests haggle silent, "
1035,Customer#000001035,"7yTbQ665G3Bi,6BK0EmQPw,Gc7bZOPk4ncXpo",10,20-376-345-3729,7499.36,AUTOMOBILE,ound the fluffily enticing foxes detect slyly at the furiously final deposits. quickly final instru
1036,Customer#000001036,fxujgj8DOFO6oKrH,8,18-791-577-7691,1766.23,BUILDING,ins sleep. slyly express platelets cajol
1037,Customer#000001037,dwgDZPKR5ZuU3HO2sDOS7Ym0oeC8c6Xm,23,33-855-960-2989,4936.25,BUILDING,lly final pinto beans. pending instructions boost careful
1038,Customer#000001038,yQCza56pNgcF9sxDR HCed22GeEq,17,27-511-101-1611,-509.92,AUTOMOBILE,uriously express accounts. even pinto beans wake. slyly regular requests according t
1039,Customer#000001039,F602TgKjElSWrZ,10,20-871-886-9220,7618.54,FURNITURE,nding packages use. blithely regular sheaves doze blithely. fluffi
1040,Customer#000001040,vbJmdHe6U9Pl,11,21-756-109-1482,2860.71,BUILDING,old requests wake slyly! slyly special deposits cajole above the unusua
1041,Customer#000001041,189f n2lA4,11,21-314-290-3052,7993.98,MACHINERY,uctions are busily along the furiously ironic instructions. blithely thin waters cajole slyly. 
1042,Customer#000001042,S1sh9gyFn21m4zkb4J95GD5,5,15-215-652-3459,9849.87,FURNITURE,ly bold dugouts! pending asymptotes are blithel
1043,Customer#000001043,HJMn12xn4bl vWC7iVuTRsErYEzlyCO,7,17-266-334-8613,5847.76,HOUSEHOLD,iously ironic deposits cajole slyly busily final account
1044,Customer#000001044,Eh2e8gLyStrLE7A,0,10-451-459-9620,7291.3,BUILDING,ly across the slyly ironic accounts. even requests 
1045,Customer#000001045,clvGUnQPLbzX 23hemPp24WS1MEtS4z,20,30-120-992-2121,2942.19,HOUSEHOLD,r deposits cajole blithely along the quickly silent pattern
1046,Customer#000001046,umgqzlyUW3AYz2C39YMhIgf,10,20-890-161-8958,2311.0,BUILDING, accounts. carefully regular theodolites run fluffily carefully e
1047,Customer#000001047,"h5iBRMsym,y6LLSQU2DzNftiET qZ",9,19-146-399-4251,8918.99,BUILDING,lar packages haggle theodolites. thinly express deposits 
1048,Customer#000001048,Mk0ebiw9SaFBTwoib,19,29-757-642-3735,2583.91,BUILDING,"s are slyly regular foxes. slyly final pinto beans wake quickly among the regular, spe"
1049,Customer#000001049,bZ1OcFhHaIZ5gMiH,9,19-499-258-2851,8747.99,MACHINERY,uriously according to the furiously silent packages
1050,Customer#000001050,KgVnjN7Y4HCN5f97HEUp7kYNNTrE3 O,11,21-448-313-4374,-517.65,FURNITURE,ely ironic packages. blithely regular foxes sublate furiously. special requests boost furiously agains
1051,Customer#000001051,"iHS,UFudVOOe",2,12-869-221-1428,9776.39,HOUSEHOLD,cuses boost furiously silent deposits. quickly silent requests integrate quickly bold asymptotes; slyly regular ide
1052,Customer#000001052,"OcXtKS,1Hvf2D0 rPvhw4qXViYOudQ3",13,23-496-475-9040,2837.96,BUILDING,s accounts haggle against the furiously final asymptotes. ironically regular accounts boost. furiously fina
1053,Customer#000001053,wDJTteyausmZswQAFQot,16,26-400-312-6496,-473.85,MACHINERY,efully enticing pinto beans. final pack
1054,Customer#000001054,Xgj6QVy2I9FVoSiIbgLf9LIE8XpWI2RtmbGUx,21,31-915-292-9727,8844.27,HOUSEHOLD,y pending ideas. dogged dependenci
1055,Customer#000001055,Z3AggyEMPME2hqqTfbMC76O0z,7,17-802-131-7180,639.93,HOUSEHOLD,dolphins: furiously ironic pinto beans above the carefully regular foxes nag slyly across th
1056,Customer#000001056,8u1rnDOcvU109,5,15-325-285-5215,6287.12,HOUSEHOLD,leep except the foxes. packages eat enticingly along the requests. even 
1057,Customer#000001057,"xyV8 FbW4xS,JhkxC0dY527tzcMKxM",24,34-750-735-1314,-377.11,AUTOMOBILE,s. furiously ironic deposits against the carefully bold accounts wake carefully even deposits. fluffily even
1058,Customer#000001058,R0NIEcSVDQ4rNUcCevDrap,19,29-818-620-9637,6807.55,MACHINERY,uctions. slyly express pinto beans are furiously. bold theodolites according to the fur
1059,Customer#000001059,"OHwYMiDjmgeIQXhLlNW,8LIwIEr",23,33-683-418-9460,1547.5,HOUSEHOLD," wake carefully. carefully quick excuses cajole ruthlessly among the ideas. bold, ironic braids are "
1060,Customer#000001060,aWJkU6JJJOvgaKPOAJJc,8,18-290-794-6133,2840.59,HOUSEHOLD,"ter the bold, regular ideas! deposits eat. daringly unusual theodolites sleep alongside of the regular, fina"
1061,Customer#000001061,CqLhg io1CpQKhrVHHDhWg1Omrx1hLcpKB6h,4,14-909-417-8324,-258.77,BUILDING,ticing packages maintain doggedly carefully regular instructio
1062,Customer#000001062,3OYrGEJC1YUa9DP,22,32-207-600-8684,4709.92,HOUSEHOLD,ag. carefully regular asymptotes a
1063,Customer#000001063,yHVWD7y1Oe1P,21,31-277-349-9036,1663.28,MACHINERY,ress attainments. furiously regular excu
1064,Customer#000001064,VmFhpV9 aIqPysMHRIWZl,15,25-391-998-4106,1666.07,MACHINERY,gular accounts. thin platelets promise fluffily. carefully express accounts haggle quickly qu
1065,Customer#000001065,qGBa7X0dOMsKLuYBpShpJVwGyU9rh,22,32-605-226-2449,4663.41,HOUSEHOLD,nts. quickly quick dolphins run
1066,Customer#000001066,2Ge 0Nk29FlBs1GuBiY84sLvn38mEkAKnM,0,10-333-463-4472,949.68,MACHINERY,"requests. slyly final instructions sleep. fluffily even packages cajole pending, final "
1067,Customer#000001067,"g25CH,fhra",23,33-764-123-9568,9153.84,FURNITURE,ackages are furiously carefully even dependencies. idly final
1068,Customer#000001068,"ElWdGnnKpmo0sA1Au teWwomSVgG,me",18,28-485-984-7299,737.4,AUTOMOBILE,"nto beans. dinos sleep fluffily carefully regular sentiments. final, special packages wake blithely. ironic "
1069,Customer#000001069,PdWrPGSArhnqWQ km65e,21,31-927-711-6278,5465.29,BUILDING,. ironic excuses after the special hockey pl
1070,Customer#000001070,m0sYmeYs5wLydSS qw542Et32,15,25-894-843-9171,3160.23,FURNITURE, carefully across the express foxes. carefully special accounts ca
1071,Customer#000001071,PgCAYL2LEwE7v7Pk4dYpRe Nn7MN8wVzYbA2qtj,16,26-350-231-6183,4033.56,MACHINERY,ar accounts. quickly regular packages sleep bold ideas. slyly pending asymptotes a
1072,Customer#000001072,HpCr1tM88WoELSld708ByJ,4,14-432-882-6163,7979.48,HOUSEHOLD,ic pinto beans are blithely across the grouches. furiously pending platelets sleep pe
1073,Customer#000001073,KEyFI2gYMZrSVbMMMIf,10,20-774-197-6595,8217.23,BUILDING,fter the blithely regular pinto beans. express asymptotes sleep special pa
1074,Customer#000001074,"nG,eR,gjPr",10,20-176-839-1649,122.67,BUILDING,ly final courts haggle quickly boldly express excuses. dependencies eat. slyly even requests boost blithely 
1075,Customer#000001075,"hTIc2AUg pqhYh2W0yMUTQtrZV1KUutysIb6,nxb",21,31-724-234-4181,2714.5,BUILDING,regular patterns. unusual platelets try to are unusual theod
1076,Customer#000001076,C1gf0FyiU H88P0cpv4UOcdgaPRpVA,10,20-405-710-1902,3509.35,AUTOMOBILE,"ainst the silent, silent ideas. sly theodolites use carefully express accounts. regular foxes boost carefully agai"
1077,Customer#000001077,sjk1DTHWVMX53kG8AbTtTh1EcMvWeDO8gFDdpQOK,21,31-367-294-4048,8581.78,AUTOMOBILE,lithely regular deposits. carefully pending deposits sleep. quickl
1078,Customer#000001078,"ZjRzAz8QbEeIkJxrUI,b",19,29-729-692-6790,70.93,MACHINERY,"onic requests wake slyly furiously final attainments. ironic, even accounts cajo"
1079,Customer#000001079,cOyd7wsHIQq2LNN,19,29-699-930-2250,2135.91,AUTOMOBILE,ter the express foxes nod slyly excuses. slyly speci
1080,Customer#000001080,"Yux,gs14NpneiZEy9Rz",12,22-806-885-5347,3267.19,MACHINERY,ng dolphins cajole across the carefu
1081,Customer#000001081,eGGRjZex7YANvD1jfnPMcBK2JbM,12,22-866-942-1021,8647.42,MACHINERY,pendencies haggle after the quickly special instructions. furio
1082,Customer#000001082,vMX52A1zqDbGNzjfSzgsxSVU0GU6iFmrgiUE,5,15-646-384-2302,3247.92,BUILDING,"ly. blithely final packages wake silent ideas. express, special theodo"
1083,Customer#000001083,tnrpYmWGxwyaFmJy2Oq0Z,7,17-159-499-3318,3847.29,FURNITURE,luffily. slyly unusual accounts cajole furiously against the ironic asymptotes. slyly reg
1084,Customer#000001084,E091r836A8TPqn5,2,12-378-899-7136,1416.75,FURNITURE,nstructions. fluffily pending pinto beans affix slyly; carefully pending requ
1085,Customer#000001085,pZgtHRGIkUVwiEJLWZXs3KUNi6wLnQzJU1,21,31-831-702-3157,5275.88,BUILDING,he carefully regular courts use special excuses. ironic deposits along the blithely even sauternes nag slyly
1086,Customer#000001086,"ECMZrONto2nI2TBv,k",8,18-399-482-6815,9726.83,FURNITURE,ymptotes cajole enticingly furiously silent ideas. furiously pending packages are al
1087,Customer#000001087,ETOH68urIxK839xmKEmfkjc,21,31-334-391-6403,5878.21,MACHINERY,s haggle above the slyly express requests. quickly regular packages after the quickly silent accoun
1088,Customer#000001088,"YjXQtOJoM0nhClEy0,WFdNxvJ1g6xpn kL2ommEv",22,32-324-225-2635,2098.62,BUILDING,ly special ideas. slyly unusual requests haggle
1089,Customer#000001089,OO77  pLjaOe7bam1WnH9gtcZNCUlUPI,18,28-164-765-7462,3429.95,BUILDING,o beans affix carefully regular accounts. quickly even ideas sleep. pinto beans haggle fluffy courts. slyly regu
1090,Customer#000001090,P2JDHFVxjU,15,25-711-934-6343,5212.43,AUTOMOBILE,ffily even packages wake quickly 
1091,Customer#000001091,"4ye7wJ3gU92RZCpwTtDi8Ws,",17,27-336-955-4882,-710.53,BUILDING,y. carefully ironic excuses sleep quickly fluffily even requests. fi
1092,Customer#000001092,",oAq2L60hjb8",15,25-766-175-4580,2004.15,HOUSEHOLD,carefully silent somas can wake carefully aft
1093,Customer#000001093,"LO,9qCPIjSXriBqQsAOXLrQKedQ8UO6gb",24,34-931-911-6156,-273.96,HOUSEHOLD,p furiously carefully bold packages. regular escapades breach. blithely unusual ideas integrate across t
1094,Customer#000001094,OFz0eedTmPmXk2 3XM9v9Mcp13NVC0PK,2,12-234-721-9871,2544.49,MACHINERY,"tes serve blithely quickly pending foxes. express, quick accounts"
1095,Customer#000001095,"JtyQvLlCI ZPYQ6ygv,5q",9,19-881-259-2391,6221.26,MACHINERY,"foxes. ironic, daring requests sleep regularly across the blithely"
1096,Customer#000001096,ldbo6AfnCRjFW8rZnvG6UxbX6o7ISAJRDD7,4,14-368-827-9896,3687.37,FURNITURE,"lyly even asymptotes cajole furiously. regular, ironic theodolite"
1097,Customer#000001097,a wMc0lQutcHs6cRomoMCGjvM0MwEk4uyrxKI3,6,16-604-758-5574,8651.87,MACHINERY,p carefully. carefully special excuses haggle carefully about th
1098,Customer#000001098,XVJb1HxQeLu9x,22,32-206-732-5183,1009.22,FURNITURE,evenly unusual deposits. slyly even ideas according
1099,Customer#000001099,2ZiU64au LN0 GUxY8,1,11-128-186-5241,8990.07,AUTOMOBILE,ckages: blithely ironic theodolites cajole furiously. f
1100,Customer#000001100,"PGXj,,vjAfMNLzd",12,22-880-206-7392,9189.75,BUILDING,ideas. furiously final sheaves integrate. pinto beans haggle slyly according to the furiously ironi
1101,Customer#000001101,"h,UOEyoi1ZG4",3,13-528-469-6051,-842.72,MACHINERY,o beans; quickly express accounts slee
1102,Customer#000001102,F9fxZhJJhaR0P4Rgd7SE2PA58x,24,34-103-353-4822,2369.01,HOUSEHOLD,"elets. regular requests sleep quickly. express ideas haggle. bold, regular ideas haggle. quickly regular accoun"
1103,Customer#000001103,kbYrf d uR,16,26-307-423-8860,4878.1,AUTOMOBILE,n accounts cajole across the even pinto beans. quickly express pat
1104,Customer#000001104,",t,d8FlnmiECPa",8,18-644-507-8095,1230.47,AUTOMOBILE,ages haggle. slyly ironic foxes are idly among the furiously final pearls. slyly unusual reques
1105,Customer#000001105,"cZhhOUzv6,Vbaa2bFT",22,32-885-298-6750,9491.46,FURNITURE,y final packages. furiously ironic packages was. fluffily ironic instructions integrate
1106,Customer#000001106,WZEExIU9g2smcowcinj,21,31-214-739-2409,9977.62,HOUSEHOLD,requests nag. fluffily regular packages haggle q
1107,Customer#000001107,yQBP1SLK2uzN4dzgaQ,1,11-720-869-9052,7961.62,AUTOMOBILE, along the final deposits. carefully express ideas wake? quickly regular instructions are furious
1108,Customer#000001108,9sPt6a66R0eCRVYh9QrF8zjxNWFFk8KU,7,17-408-450-8891,4997.35,BUILDING,rding to the final instructions. carefully final accounts wake along the carefully careful pinto beans. re
1109,Customer#000001109,BJCfTYEV9eCDraeyO3v,22,32-194-697-1794,3387.22,FURNITURE,"r accounts. bold, final pinto beans wake carefully even Tiresias. quickly busy frays above the blithely ironic de"
1110,Customer#000001110,"BRnTy8RZ,1oHOg9ly8SsJLIyiuvhv",10,20-777-225-9349,2041.65,HOUSEHOLD,usual platelets along the quickly regul
1111,Customer#000001111,gavpg6eW5lEML,6,16-824-312-3537,2892.21,MACHINERY,s are slyly quiet requests. darin
1112,Customer#000001112,wFf 0nSvdJyk2GqRsqJrcr9 UPr0C3OT5zT,20,30-401-424-6458,9314.59,MACHINERY,fily quickly unusual theodolite
1113,Customer#000001113,jLtKZ0bRJyYL1k,12,22-412-216-1933,7392.3,HOUSEHOLD,ages among the furiously pending packages detect across the blithely unusual accounts. furiously ironic requests sh
1114,Customer#000001114,f7 he8eByBFy6z7vcOajC1gaUKqmRN,14,24-630-988-3843,6446.83,BUILDING,ularly ironic platelets. pinto beans along the slyly express packages wake unusual packa
1115,Customer#000001115,Elvb2a3FinAzxw ,5,15-356-145-6356,-178.52,BUILDING,ending instructions thrash blithel
1116,Customer#000001116,"aWuLgbu,8HZMbkI",14,24-116-214-4051,592.6,AUTOMOBILE,"tes-- final, regular excuses sleep. sly"
1117,Customer#000001117,80NfzBRWj5tUUaRdnsFE7Eg,23,33-461-439-5684,2829.07,FURNITURE, ironic deposits need to haggle furiously. furiously bold deposits use among the carefully ironic
1118,Customer#000001118,"QHg,DNvEVXaYoCdrywazjAJ",11,21-583-715-8627,4130.18,HOUSEHOLD,y regular requests above the blithely ironic accounts use slyly bold packages: regular pinto beans eat carefully spe
1119,Customer#000001119,ER5vABifV766q5f0FN7l2eN7MIg2lO,20,30-789-716-6850,3971.65,AUTOMOBILE, pinto beans maintain slyly even instructions. regular acc
1120,Customer#000001120,UAG90slCmJS7JOP AhlV12tYD3yUiyB1p2hxZ,2,12-938-579-7156,1543.64,AUTOMOBILE,r theodolites boost. slyly final pinto beans sleep blithely unusual accounts. fluffily even multipliers 
1121,Customer#000001121,"o2uc3AHYz,m 3vYg8YxBwI0XuG",20,30-197-936-4724,3942.11,MACHINERY,usly? final theodolites are carefully 
1122,Customer#000001122,"9lxNEW0Rei4DFaT4vX,T551AwBzrZoOXsRNOm",0,10-257-957-3327,45.21,BUILDING,"egular, regular instructions are slyly regular requests. deposits despite the regular, pendi"
1123,Customer#000001123,pO80QGjK7S0Kmoh46dViD K4OSEVDyiJ53CN,16,26-983-192-5480,9786.36,MACHINERY,s carefully ironic packages. accounts boost boldly fluffily even gifts. slyly final fo
1124,Customer#000001124,"EQNw9dNy63,",1,11-709-582-2006,5512.73,BUILDING,ctions wake. packages haggle furiously. express
1125,Customer#000001125,DrHkeaX6wshtuZOI2nLrME,3,13-807-542-3923,8427.55,MACHINERY,counts according to the carefully silent grouches haggl
1126,Customer#000001126,8J bzLWboPqySAWPgHrl4IK4roBvb,8,18-898-994-6389,3905.97,AUTOMOBILE,se carefully asymptotes. unusual accounts use slyly deposits; slyly regular pi
1127,Customer#000001127,nq1w3VhKie4I3ZquEIZuz1 5CWn,10,20-830-875-6204,8631.35,AUTOMOBILE,endencies. express instructions wake about th
1128,Customer#000001128,"72XUL0qb4,NLmfyrtzyJlR0eP",0,10-392-200-8982,8123.99,BUILDING,odolites according to the regular courts detect quickly furiously pending foxes? unusual theodolites use p
1129,Customer#000001129,"OMEqYv,hhyBAObDjIkoPL03BvuSRw02AuDPVoe",8,18-313-585-9420,6020.02,HOUSEHOLD,pades affix realms. pending courts haggle slowly fluffily final requests. quickly silent deposits are. iro
1130,Customer#000001130,60zzrBpFXjvHzyv0WObH3h8LhYbOaRID58e,22,32-503-721-8203,9519.36,HOUSEHOLD,s requests nag silently carefully special warhorses. special accounts hinder slyly. fluffily enticing
1131,Customer#000001131,KVAvB1lwuN qHWDDPNckenmRGULDFduxYRSBXv,20,30-644-540-9044,6019.1,MACHINERY,er the carefully dogged courts m
1132,Customer#000001132,6dcMOh60XVGcGYyEP,22,32-953-419-6880,4962.12,AUTOMOBILE,"ges. final, special requests nag carefully carefully bold deposits. ironic requests boost slyly through th"
1133,Customer#000001133,FfA0o cMP02Ylzxtmbq8DCOq,14,24-858-762-2348,5335.36,MACHINERY,"g to the pending, ironic pinto beans. furiously blithe packages are fina"
1134,Customer#000001134,79TYt94ty a,9,19-832-924-7391,8458.26,HOUSEHOLD,riously across the bold instructions. quickly 
1135,Customer#000001135,"cONv9cxslXOefPzhUQbGnMeRNKL1x,m2zlVOj",11,21-517-852-3282,3061.78,FURNITURE,"regular frays about the bold, regular requests use quickly even pin"
1136,Customer#000001136,"GHCEiSK0TKsOncuJT3,2zSvlZW4Pz",24,34-440-798-1100,-723.49,FURNITURE,ular pinto beans. slyly special deposits according to the slyly ironic requests maintain quickly 
1137,Customer#000001137,LJ3J3i0BlPLrhKi6VabXxNrtpLAGH,16,26-598-565-1269,4210.15,AUTOMOBILE,usly quickly unusual attainments. stealthily unusual requests cajole ironic reques
1138,Customer#000001138,"8 9P,dIGWnrrDiVs0S",22,32-236-817-2959,6035.44,BUILDING," instructions cajole thinly ironic requests. regular packages affix. ironic, final pinto beans ac"
1139,Customer#000001139,UDGG69rYgUGayNk 9vFytd5q3nZdeRZQNSfL6,22,32-182-662-9475,4604.83,BUILDING,y pending pinto beans haggle blit
1140,Customer#000001140,leG5nToZpjmWNeaOsVv,20,30-331-754-7359,6319.21,AUTOMOBILE, pinto beans. blithely regular packages sleep carefully blithely ironic requests. requests eat blithely aga
1141,Customer#000001141,A6uzuXpgRPp19ek8K8zd5O,22,32-330-618-9020,0.97,MACHINERY, accounts. furiously pending deposits cajole. c
1142,Customer#000001142,b7ytiiX7E9,16,26-191-682-8920,3273.08,AUTOMOBILE,doze slyly. furiously pending deposits cajole fluffily carefully pending packages. boldly regular
1143,Customer#000001143,9tfTGdYHyZXtXbbeboPIXwCT,4,14-568-471-9747,8655.98,AUTOMOBILE,e carefully final packages integrate against the furiously express platelets. ironic ideas wake above the e
1144,Customer#000001144,DGLUWG9evYLNbYhOXVzqZ LdfIMVfBjDf,1,11-336-453-4489,4189.04,BUILDING," ideas. even, regular excuses after the ironic requests cajole blithe"
1145,Customer#000001145,"6R rPD6SDQPpFuYxxwh,Dv1PeusmP,C6cNcI",2,12-270-756-2968,3249.25,HOUSEHOLD,e. asymptotes sleep fluffily quiet requests. even theodolites among the fluffily regular pinto 
1146,Customer#000001146,"DRBYvF0iBGsDC3iPNFsPHq3FkU,jCK8LJPX4W",12,22-720-237-1751,4204.36,FURNITURE,"final, pending asymptotes. regular requests was"
1147,Customer#000001147,AVjlczwVwL CT jO3sgWn,15,25-754-809-7107,7734.64,HOUSEHOLD,eposits. quickly express accounts are idly. slyly final platelets wak
1148,Customer#000001148,7PslyqtS1K2Pabjht 4qgaZ1BbSNFfz6QiK4K,19,29-393-445-2761,7129.84,AUTOMOBILE,"c, even deposits. accounts do use. regular accounts haggle blithely special, express courts. blithely"
1149,Customer#000001149,5JOAwCy8MD70TUZJDyxgEBMe,3,13-254-242-3889,6287.79,MACHINERY,ress requests haggle carefully across the fluffily regula
1150,Customer#000001150,fUJqzdkQg1,21,31-236-665-8430,-117.31,MACHINERY,usly final dolphins. fluffily bold platelets sleep. slyly unusual attainments lo
1151,Customer#000001151,ratQBQ4rYv TfhWfHe,7,17-948-135-2667,6354.89,BUILDING,l requests. furiously bold orbits after the furiously ironic excuses sleep
1152,Customer#000001152,QRmFl9ZkoBDQ7,12,22-471-341-5516,5680.15,HOUSEHOLD,"oost along the quiet, bold foxes. ironic dinos nag fluffily final pinto beans. blithely regular deposit"
1153,Customer#000001153,"SYG3KMj1fMh7GwvIZ,pY7mGLR1NT6EmNjE",3,13-319-420-5160,6244.03,HOUSEHOLD,"s. even packages use fluffily always express packages. regular, even asymptotes about the furiou"
1154,Customer#000001154,7RqtNwcSPbaUKaC,19,29-797-132-6916,1498.46,BUILDING,thely. furiously regular accounts above the ironic platelets wake slyly blithely bold pint
1155,Customer#000001155,kEDBn1IQWyHyYjgGGs6FiXfm3,8,18-864-953-3058,3510.25,MACHINERY,ages? fluffily even accounts shall have to boost furiously alongside of the furiously pendin
1156,Customer#000001156,3ShFbt9dTbLOG4lUBvc1AZp0Tam0BNjYS qwTZ,14,24-637-724-1410,1799.67,HOUSEHOLD,ns. carefully regular foxes are quickly. furiously careful accounts accord
1157,Customer#000001157,3rchTZwilGpffMz1MfpnkFfWBtOIdgmvvS1E7sJj,20,30-741-794-9826,6013.09,HOUSEHOLD,equests. deposits cajole quickly slyly spe
1158,Customer#000001158,"btAl2dQdvNV9cEzTwVRloTb08sLYKDopV2cK,p",10,20-487-747-8857,3081.79,MACHINERY, theodolites use stealthy asymptotes. frets integrate even instructions. car
1159,Customer#000001159,IAnWq4YFKs7,2,12-269-807-3861,5553.75,HOUSEHOLD,ages sleep fluffily. packages after the carefully express packages nag slyl
1160,Customer#000001160,"v65g1aRCGA76ZHySoOBffL31n4vJ0nm,tK,UEA",24,34-103-942-4634,4976.24,AUTOMOBILE," pending, special packages against the blithely unusual packages eat quic"
1161,Customer#000001161, QD7s2P6QpCC6g9t2aVzKg7y,19,29-213-663-3342,591.31,MACHINERY,ly alongside of the quickly blithe ideas. quickly ironic accounts haggle regul
1162,Customer#000001162,b5N12h9D6yJemoVx6OQf0uL,2,12-887-115-9986,3139.71,AUTOMOBILE,refully furious packages. furiously ironic ideas against the carefull
1163,Customer#000001163,54fBdElRYOjEH8S,2,12-204-803-1483,90.22,BUILDING,inments. carefully regular instructions haggle carefully slow packages. slyly even packages kindle blithely special
1164,Customer#000001164,XWfNRnO2S5KAW0VodNwaBDixCEtv nKzt2LVFiwm,0,10-828-178-5049,7341.35,HOUSEHOLD, ideas use. unusual packages sleep
1165,Customer#000001165,h7KTXGSqsn0,9,19-766-409-6769,8177.33,MACHINERY,"jole slyly beside the quickly final accounts. silent, even requests are stealthily ironic, re"
1166,Customer#000001166,W4FAGNPKcJFebzldtNp8SehhH3,17,27-869-223-7506,507.26,MACHINERY, before the platelets! carefully bold ideas lose carefully
1167,Customer#000001167,gNYGOcGkJu3ooSmsCh,19,29-721-479-1548,9510.87,FURNITURE,"lly regular ideas grow furiously regular accounts. regular, special requests sleep blithely. slyly bold pla"
1168,Customer#000001168,gmAnpwPPg0LX4,17,27-608-883-2632,6194.65,FURNITURE,ses run according to the regular instructions. slyly regular foxes around the furiously ironic theodolites use fl
1169,Customer#000001169,04YQNIYyRRFxUnJsTP36da,4,14-975-169-9356,7503.3,MACHINERY,into beans doubt about the slyly ironic multipliers. carefully regular requests breach theodolites. special packages
1170,Customer#000001170,BNhssVcV36vshEHUAc aPFJ,8,18-670-628-8499,2070.73,HOUSEHOLD,ronic instructions. express pinto beans poach blithely. quickly ironic accounts n
1171,Customer#000001171,GatOC LsLU9MkgyaNMYH,8,18-457-394-2863,7658.97,HOUSEHOLD,c dolphins. accounts are slyl
1172,Customer#000001172,"r dreL8m8cRaiIz IqZ83oMo,AVxe2PbsHQzK",14,24-249-588-1969,420.97,FURNITURE,"express asymptotes haggle furiously. fluffily special deposits haggle quietly even, special tithes. ironic foxes alo"
1173,Customer#000001173,6Abj72jR5Z0GYQMZKBmiQxW,18,28-409-365-6392,182.59,FURNITURE, ironic accounts above the ironic excuses haggle fluffily furiously regular packages-- slyly regular gi
1174,Customer#000001174," b9zecNS,J97qi7Qk5",4,14-131-930-7154,8798.96,AUTOMOBILE, ironic packages. furiously regular excuses sleep about the fluffily unusual pinto beans? regular foxes kind
1175,Customer#000001175,"olj7nLYgBZ526MNBg9CV7w LYo6F1uD,Hm54",4,14-756-259-6379,9207.16,FURNITURE, haggle pending requests. carefully regular ideas nag. ruthlessly final packages a
1176,Customer#000001176,V0xc0tXNMmObuUJ0rGARp6YIw4fo84CD,10,20-141-903-5936,5827.59,BUILDING,ven accounts boost after the accounts. slyly silent accounts use fluffily amon
1177,Customer#000001177,"hZPNQ8a9QRM ,SYdTdoW9hw",14,24-200-701-8606,9281.72,FURNITURE,ng the quickly bold theodolites cajole carefully around the deposits. furi
1178,Customer#000001178,"W,03Nl2iWQ94xYyCo3R8CTMNFhu",9,19-717-739-3103,4966.58,HOUSEHOLD, even requests cajole furiously after the quickly ironic accounts. even re
1179,Customer#000001179,JLtS3n1xDqnNFS5MZc5uZHOjDctAJEl,19,29-311-833-9211,3336.25,AUTOMOBILE,"ress, special accounts sleep slyly about the carefully express packages. f"
1180,Customer#000001180,"jI4QtviiCs0,LOgUPH4aONMnoNt",13,23-188-767-6645,3367.36,BUILDING,"uests poach carefully carefully final deposits: ironic, regular deposits are slyly busy excuses. regular"
1181,Customer#000001181,ZFFYipzTg0vSjOhPbcBUgPK9se,10,20-330-305-8843,9180.5,AUTOMOBILE,gle about the busily special theodolites. furiously ironic deposits haggle beside the furiously special accounts. 
1182,Customer#000001182,"pLrF7F1,uoyGaU",6,16-229-473-7194,8814.39,AUTOMOBILE,jole carefully. furiously final pinto beans detect. f
1183,Customer#000001183,"qdIqRUfpmvtWo0NGsyi4qyjkwzlImP9,NrSC",1,11-968-244-9275,4455.76,BUILDING,arefully regular dependencies. quick
1184,Customer#000001184,M0dd3R30k0YjIr4GVeo,11,21-661-875-1923,9032.89,BUILDING, excuses nag carefully even accounts. unusual platelets detect carefully bold acco
1185,Customer#000001185,"z,dN83fETWpkJkoR",14,24-860-751-6688,2913.52,BUILDING,ndencies against the carefully even accounts cajole carefully quickly regular packages. even fox
1186,Customer#000001186,"cj5EeLbJJ6MPdynzposq,Apbj9 2Jm",23,33-500-965-3385,4466.3,BUILDING,ding realms cajole after the even foxes
1187,Customer#000001187,W1GdUKr3vQMVAZIU,10,20-543-260-5157,-932.96,AUTOMOBILE, blithely unusual theodolites detect doggedly. bold dolphins was blithely. pinto beans use carefully at the furiou
1188,Customer#000001188,PtwoF3jNQ9r6 GbPIelt GvbNBuDH,15,25-108-989-8154,3698.86,MACHINERY,ts. quickly unusual ideas affix aft
1189,Customer#000001189,rbnZCbJSTE3qWLl,10,20-746-804-1553,3798.28,HOUSEHOLD,"enticingly express platelets wake. regular requests boost even, regular instructions. express dependencies a"
1190,Customer#000001190,JwzW9OtxFRXDnVo5hXl8 2A5VxH12,15,25-538-604-9042,2743.63,MACHINERY, regular deposits according to the pending packages wake blithely among the silent inst
1191,Customer#000001191,"K9J7dhIXDB2kgubtIVdRC6RP0aF,GQXin",19,29-587-244-2901,9088.54,AUTOMOBILE,ts wake. waters detect fluffily carefully regu
1192,Customer#000001192,8DbtM3KloBZ4OO1dRrF99,20,30-904-936-4914,3231.33,BUILDING,efully final packages use. slyly pend
1193,Customer#000001193,"gdKqrIp,yaMaQSFerrGGzc6Kpy",8,18-524-487-2547,-17.1,AUTOMOBILE,accounts sleep carefully. regular accounts wake slyly. carefully regular requests along the quickly pend
1194,Customer#000001194,NzWKbiPK1oFd7PNz,21,31-155-275-3981,7582.29,FURNITURE,lve quickly according to the carefully regu
1195,Customer#000001195,71mmXvaWKf,4,14-355-801-7486,9621.49,FURNITURE,"l, regular gifts should have to x-ray blithely fluffily ironic"
1196,Customer#000001196,S3sw3q SDWVuUoEFvwv9M,20,30-615-967-7758,6378.67,BUILDING, carefully alongside of the blithely even theodolites. carefully ironic instructions wake after the spec
1197,Customer#000001197,9A1LTDf0KbR,0,10-254-891-7835,9261.05,FURNITURE,"ording to the slyly ironic accounts. carefully final instructions haggle. special, unusual foxes haggle enticing"
1198,Customer#000001198,r0liwpMwaIBQ9 zQjojGylXkJuKUL,18,28-278-515-1034,9593.35,AUTOMOBILE,intain fluffily ironic instructions. regular requests nag fluffily carefully unu
1199,Customer#000001199,sQJZJRAgYrZY0gPo9fJp6KAbY,16,26-367-212-1737,6503.35,AUTOMOBILE,es. quickly slow foxes boost 
1200,Customer#000001200,2PFysvL4pk80l,22,32-890-210-4199,3765.05,HOUSEHOLD,nent frets. blithely bold pearls thrash across the r
1201,Customer#000001201,"LfCSVKWozyWOGDW02g9UX,XgH5YU2o5ql1zBrN",10,20-825-400-1187,5165.39,BUILDING,lyly pending packages. special requests sleep-- platelets use blithely after the instructions. sometimes even id
1202,Customer#000001202,"xThQDiKdG,0sU IduCCPAgHJfx1PDJwtUQvfU",0,10-788-256-6117,702.73,BUILDING,accounts. fluffily regular requests are. packages among the final deposits haggle carefully arou
1203,Customer#000001203,9pTq4gggfKoSqQetn0yJR,16,26-370-660-6154,5787.69,MACHINERY,osits nag furiously final accounts. silent pack
1204,Customer#000001204,"QxpCVhq2x0PwW,zgZ AEuFkgb50ryGM",20,30-117-472-8751,9777.19,HOUSEHOLD,ily final instructions. pending foxes detect doggedly accor
1205,Customer#000001205,1ALD7GN4Iw0Vl5toeM,8,18-185-307-2678,5390.34,HOUSEHOLD,ptotes. silent deposits above the bold warhorses boost
1206,Customer#000001206,dxzjW0gykcG2kJ gN8hZV02q6U5T6uVNfP,20,30-716-117-6066,8437.76,HOUSEHOLD,ng the ironic accounts. regular requests across the quickly bold deposits wake carefully across the
1207,Customer#000001207,"tDZe2FlIxGjrf9x,n6N1tu0DbWyUkSSu",3,13-572-474-7362,-556.05,AUTOMOBILE,uriously by the slyly regular packages. fluffily final deposits across the quickly express epitaphs us
1208,Customer#000001208,M uLSFG6IrQkKQxrH5vCbPjglIpB3JC,5,15-789-973-6601,2426.52,BUILDING, blithely bold dependencies detect slyly. carefully silent platelets haggle along the pinto beans
1209,Customer#000001209,"PW00geNpQOiug6dftXfBkpwdAfsmRYsve,b44uR8",4,14-664-771-9006,3551.21,HOUSEHOLD,"unts. regular dolphins integrate slyly. regular, pending accounts sleep b"
1210,Customer#000001210,bUTLW1KIHzzQkuOEwUMwEGCQfTQM7aBmUM0,16,26-202-315-9048,8137.66,AUTOMOBILE,luffily ironic accounts haggle about the regular theod
1211,Customer#000001211,HCACb3Al89h6NqHUJ8qIjhfGFyA4S0c2,18,28-280-785-7324,4723.37,HOUSEHOLD,posits. packages affix carefully after the carefully
1212,Customer#000001212,kjiVLfadsq6sU3A6MYwySu XZnWzgkiWSa9v3K 6,22,32-462-274-7707,7736.03,HOUSEHOLD,e quickly unusual pinto beans. packages need to sleep furiously. regular asymptotes are furiously. final packages 
1213,Customer#000001213,4ATLYSTcqLfgAJLxL7U,7,17-548-151-7684,8555.12,HOUSEHOLD,ong the deposits. quickly express deposit
1214,Customer#000001214,EATpN6m rGunAAkWFNSpsqy,4,14-281-851-2904,2935.31,BUILDING,carefully across the carefully ironic asympto
1215,Customer#000001215,oAvLu8VcRg9FNS9sNmoqU9,16,26-405-743-5405,7795.87,MACHINERY,special packages against the slyly final pinto beans wake slyly furiously final 
1216,Customer#000001216,CSf1BbFhJhucmvftOwYLQACMEqgXj,3,13-673-633-4561,2155.06,AUTOMOBILE,eposits. slyly ironic dependencies haggle quickly. slyly close orbits above
1217,Customer#000001217,"ddk4YC7lmTM,Z3LbX",12,22-191-580-2887,6019.32,FURNITURE,ar instructions. furiously pending 
1218,Customer#000001218,JYNvUpFG0dDy7aJNhl2zLyIxUGqZZ35ncUe,22,32-299-871-1751,8801.73,AUTOMOBILE,"packages hang against the unusual, unusual accounts"
1219,Customer#000001219,kP1xK5be a8tW5JRSq0nwJWgKbO,4,14-364-661-8744,774.23,FURNITURE, the quickly even packages wake fur
1220,Customer#000001220,tbyect2HMX47TzsKy5 ho5,18,28-379-869-1009,8429.33,FURNITURE,sual multipliers. furiously unusual theodolites are. 
1221,Customer#000001221,4mmeiymVdRmz,22,32-185-876-3586,816.5,FURNITURE,"express, bold pinto beans. packages would detect alongside of the quickly bold "
1222,Customer#000001222,hn6SzlP4Dq8F89iOXH0tjIgsz0uBCiBM,11,21-709-519-4959,3883.18,AUTOMOBILE,riously special theodolites nag slyly. slyly special ideas sublate quickly across the slyly un
1223,Customer#000001223,",I0bRfCGE5ssaX4V3",11,21-659-745-8411,-413.03,BUILDING,oxes. bold foxes detect always furiously special platelets. fluffily bold depende
1224,Customer#000001224,"PWOwgZKsBoFJQ7py4HJpdJoSO2,",8,18-794-312-9970,8124.15,HOUSEHOLD, furiously regular accounts. slyly regular 
1225,Customer#000001225,CgaNokxe s,11,21-839-103-4411,8634.92,MACHINERY,elets. bold packages use blithely special foxes. quick
1226,Customer#000001226,HKR1zog fXW,0,10-251-221-9440,2135.92,FURNITURE,ns. furiously pending packages hinder special accounts. sl
1227,Customer#000001227,GiT5IrOJ1zJTZErbFt1Jy6Gj,23,33-468-642-3107,3335.72,FURNITURE,"fily atop the bold, unusual theo"
1228,Customer#000001228,"fV,ZM6pj1nivvbnfseVaWRkB0UYwKgvv",12,22-778-955-6105,5392.3,AUTOMOBILE,s according to the carefully final ideas ha
1229,Customer#000001229,csvrfGKxtX,9,19-313-452-6076,8328.12,FURNITURE," instructions sleep. carefully regular accounts use furiously. ironic, even foxes wake: busily even deposits caj"
1230,Customer#000001230,"Pr7yxcRne6NiloD1oR,d28rwVFRnOoTWeYq9",23,33-786-129-3407,4787.85,MACHINERY,ackages cajole furiously quickly pending packages. ironic foxes
1231,Customer#000001231,qJWtxdKmKWcR5XgMDn,9,19-316-348-3289,2326.68,AUTOMOBILE,uickly regular foxes are after t
1232,Customer#000001232,yYXdTto04oLlk04SM,18,28-518-320-7417,8482.51,MACHINERY,". even deposits lose above the even, regular"
1233,Customer#000001233,KdmXav1IIIo,15,25-522-912-6255,3649.49,MACHINERY,ymptotes according to the ironic deposits use around the reg
1234,Customer#000001234,"B3OhbH0MRJE,F0Lc7Jq0Ttv3",1,11-742-434-6436,-982.32,FURNITURE,y ironic instructions are quickly about the slyly silent pinto beans. quickly final dependenci
1235,Customer#000001235,q 1E JKZqhvUzj48,24,34-549-333-8551,-982.05,BUILDING,ckly. furiously quick dependencie
1236,Customer#000001236,pTEEPYlnQBzi558CN7LJ5UTdvO,11,21-699-526-9355,3600.95,MACHINERY,", pending excuses wake slyly pending accounts. asymptotes wake fluffily against the ironic, bold pack"
1237,Customer#000001237," CQEeqR ,cVU7Bby",20,30-415-666-7691,8156.62,BUILDING,the bold accounts wake blithely across the deposits
1238,Customer#000001238,"HGCJI27,RIIQcS20,DcJbMQuUmN3Vhzdm",6,16-302-171-7578,4299.22,BUILDING,"ly special requests. unusual, special asymptotes according to the blithely express pinto beans wake en"
1239,Customer#000001239,",K7wNII9jhC ,",20,30-786-518-4678,6936.72,FURNITURE, are alongside of the requests. s
1240,Customer#000001240,XbvhyAXRkuujtESRmxeD9eQpYSkiCa,4,14-650-555-5310,5439.44,FURNITURE,"ans above the slyly regular ideas cajole furiously across the regular, regular decoys. furiously final asymptotes s"
1241,Customer#000001241,74mW8ipfvoVPR3PS,3,13-902-876-1609,8654.56,HOUSEHOLD,ructions affix against the evenly ironic packages. slyly regular accounts run carefully. accounts accor
1242,Customer#000001242,mA8bUqB6WqNEe2nsQXlaHqMqaACj,2,12-521-364-1211,2276.15,BUILDING, regular ideas cajole! blithely express excuses b
1243,Customer#000001243,"g,qSvyYkgjDcCL cxx5qy8hAwhomRq9cYJRvXZ6",14,24-445-165-9851,6271.38,MACHINERY,"s, regular packages through the carefully ruthless theodolites promise quickly blithely final pinto be"
1244,Customer#000001244,I3DrbiKwP3dxs1jF0iDwXh,5,15-881-433-2257,-942.8,BUILDING,old deposits alongside of the packages are 
1245,Customer#000001245, xLnSgzY70qTKPF753,4,14-500-764-3702,3196.66,FURNITURE,haggle slyly at the carefully pending excuses. slyly pending theodolites use re
1246,Customer#000001246,acguUq5BISzqjHB7Bt,4,14-882-141-9354,260.71,BUILDING,haggle furiously. blithely regular patterns sleep quickly slyly even
1247,Customer#000001247,"q5,Og3ezW3jSUtbwK 6qLJPqPwCwdL",0,10-386-173-3167,1696.95,MACHINERY,s against the quickly unusual ideas are blithely packages. accounts sleep quickly. regular
1248,Customer#000001248,f0X68bItSl,8,18-692-669-1536,6539.15,AUTOMOBILE,theodolites for the unusual deposits cajole fluffily final patterns. caref
1249,Customer#000001249,x9ukZnNiUM5pBPXyE3epagewVQBPZzxGYD6sMH,7,17-866-269-1165,448.49,BUILDING," the ironic packages sleep carefully express theodolites. even, final deposits across the even deposits nag after t"
1250,Customer#000001250,"LBPszo9EVA88sbbdYl7E,MVm7UvoBjmjr",9,19-509-608-4350,780.05,AUTOMOBILE,"und the fluffily bold requests. silent, final theodolites solve furiou"
1251,Customer#000001251,"4AjU4c4D4AMLwQx,lAJGwBIgmT7oSZwYUv0es3J",24,34-741-256-6399,7267.76,MACHINERY,ckly regular accounts affix slyly carefully unusual 
1252,Customer#000001252,"u2OUDBxaayX4WhrftcM,",12,22-604-782-7617,3279.84,MACHINERY,eans might impress about the bold requests. bl
1253,Customer#000001253,2rEfA2LR6LkUXjoMxIsv58YSHPMjlqr1YXhHSX,1,11-900-587-2067,1222.21,BUILDING,efully regular deposits. bravely ironi
1254,Customer#000001254,wdGz5Cm DrSdF,18,28-832-851-4673,2676.06,HOUSEHOLD,wind fluffily blithely regular pac
1255,Customer#000001255,UC6I32JjBU62t4WgDe e2pDYbuM3VAt4MPM,14,24-359-633-2713,6487.71,FURNITURE,s deposits sleep. blithely ironic dependencies wake. blithely even theodolites sleep. blithely 
1256,Customer#000001256,"sNx4HcJ35paZik,IN02G7p",15,25-306-342-4782,5012.07,MACHINERY,integrate carefully. blithely e
1257,Customer#000001257,kX6yufw5dfKrgwQPVwWE7,2,12-824-451-8526,8810.83,HOUSEHOLD,hins. furiously unusual foxes about the regular foxes wake blithel
1258,Customer#000001258,zK3TKgKVuFCBdjt,3,13-727-588-7092,-301.75,AUTOMOBILE,ove the carefully ironic asymptotes. quickly final Tiresias wake regular packages. s
1259,Customer#000001259, YQc2RRQJV7kl1zxWg4OiUVU 5GlpB,20,30-930-620-7210,8353.0,HOUSEHOLD,"ages sleep blithely regular, final"
1260,Customer#000001260,"npdrgr5Yqp0znvQt,Cw07j4BS22RNIANcb3t",2,12-742-408-2980,4991.59,MACHINERY,"kly express theodolites sleep blithely across the doggedly regular packages. final, unusual instruc"
1261,Customer#000001261,mWs6m9QwmTOZ,20,30-372-895-4261,5579.81,BUILDING,uffily final pinto beans. ironic deposits according to th
1262,Customer#000001262,u39WRGDI6AKU,3,13-444-583-3984,2840.36,MACHINERY, final accounts sleep slyly Tiresias. packages are furiously idle platelets. slyly silent requests are acr
1263,Customer#000001263,MXA4v0xQ9Kt ,9,19-690-614-5736,6975.9,MACHINERY,ress dependencies are carefully theodolites. blithely ironic foxes among the slyly bold packages sleep blith
1264,Customer#000001264,vC1Yg5q O9  Tt5SM7OF,16,26-617-707-6647,3959.28,MACHINERY,"y, regular requests above the fluffily special deposits engage around the furiously"
1265,Customer#000001265,CTbTIB ZTYyKUSY42Ksz F33fxKsSG,24,34-945-256-3226,2653.53,MACHINERY,yly pending deposits about the regular accounts pri
1266,Customer#000001266,LW7shrnoCLUjJKQI8EF7SIFofvvIUmiJzpdS,3,13-832-768-3873,1877.05,MACHINERY,egular ideas. blithely regular requests above the deposits unwind on the slyly dogged pinto 
1267,Customer#000001267,o3dtauyIeWwFRok2whWam0MLjmOdlG1H,24,34-329-328-2500,8616.12,BUILDING, accounts nag fluffily blithely ironic pinto beans. carefully pending deposits dazzle along
1268,Customer#000001268,SHn6HpO2VXBw3RJFPxjQFGanrsndRwRR2LWdm,24,34-973-735-5374,5152.42,BUILDING,"y pending accounts! blithely unusual ideas wake alongside of the regular, f"
1269,Customer#000001269,j2hwJHCMprK8HQdK7DpeUx5SG8j4dfuNR,10,20-818-485-8060,2659.68,BUILDING,promise slyly against the carefully ironic deposits. fluffily unusual foxes cajole carefully 
1270,Customer#000001270,HPcuKCEtUzP3np7 oDR,13,23-473-283-1422,6170.06,MACHINERY,"oost along the unusual, permanent pinto beans. even packages integrate slyly according to the pendin"
1271,Customer#000001271,S7fmHdkot3JAv,14,24-698-342-2768,1209.37,HOUSEHOLD,efully after the slyly regular accounts. carefully ironic theo
1272,Customer#000001272,hzMO9cmypW,21,31-659-617-1632,6865.14,FURNITURE,symptotes. carefully regular requests after the pending ideas affix fu
1273,Customer#000001273,6RglRQdIV9mF8Tn6ABFmSQl,12,22-594-567-9307,1499.56,AUTOMOBILE,t final packages. furiously unus
1274,Customer#000001274,eHJnE7ytBm,24,34-152-721-6307,126.97,AUTOMOBILE,nts are enticingly above the furiously
1275,Customer#000001275,"KUtV3oFy2Kyuzs4zT DB,S",20,30-410-174-2034,8972.46,MACHINERY,"uternes. blithely express accounts detect around the fluffily even theodolites. even, spe"
1276,Customer#000001276,c5UAVe71MPvmerPafNlpvTBWCewT,16,26-809-582-2064,-761.7,AUTOMOBILE, the blithely regular packages boost blithely regular excuses. final dep
1277,Customer#000001277,2ETOoQWtvxqp,14,24-502-746-4128,-52.35,BUILDING,oss the packages. packages doze car
1278,Customer#000001278,OB JBXz5fghXsYEaClW8PZpDmxMVZct,5,15-253-270-5149,9038.43,HOUSEHOLD,"foxes. even, special theodolites boost. furiously silent packages haggle? furiously "
1279,Customer#000001279,fkrzLacsqCnwUwgjjttKmY,14,24-742-587-6985,7915.06,BUILDING,tes are. ideas above the carefully ironic d
1280,Customer#000001280,3AmBFWaqOYt7F,16,26-725-573-7255,3419.66,HOUSEHOLD,"eodolites sleep according to the theodolites. slyly pending dolphins among the pending, express platel"
1281,Customer#000001281,pekyJqzeIQKGO8TeLvXgH8HR,11,21-124-963-7614,8182.42,AUTOMOBILE,the furiously quick deposits. slyly regul
1282,Customer#000001282,"qeYHABkf21,5C5OC5it6q",14,24-750-627-7414,8998.82,FURNITURE, even deposits sleep quickly regular
1283,Customer#000001283,"6JeLWEtDERPB,0KzWB,I6Xs8rJXAC8ryFulW5NPC",0,10-203-771-2219,2222.71,AUTOMOBILE, blithely daringly final theodolites. foxes ha
1284,Customer#000001284,sdj PCsILD6mOJfEuIIbrN52hOHTYWwUUPT,18,28-750-346-1442,-911.4,BUILDING,pending packages cajole carefully! furiously final packages wake. special requests sleep along the caref
1285,Customer#000001285,"5Hy,ajDzJPtZFeJedRSeLN7XGOJtyUy2FI93",19,29-424-835-1463,3061.58,HOUSEHOLD,ly bold ideas affix blithely about the slyly even pinto beans. slyly regular multip
1286,Customer#000001286,FP3aFvhRMSKfCz3l0h,12,22-374-932-9860,6906.08,MACHINERY,quests. quickly even packages wak
1287,Customer#000001287,8CaksGsCJOK3oUm1kUsQ,15,25-493-734-3918,7461.69,MACHINERY,e quickly silent courts. furiously even packages among the ironic ideas integrate slyl
1288,Customer#000001288,wQDTTCkSGxic2d66,3,13-533-256-9320,6603.43,HOUSEHOLD,equests detect atop the ironic deposits. final requests according to the blithely sp
1289,Customer#000001289,OGb4YMkool8QMr,24,34-409-591-4324,2925.52,MACHINERY,deas haggle carefully alongside of the always even ideas. never unusual as
1290,Customer#000001290,0Q9URl0Y3rJWt9GYZF,24,34-837-161-2672,8108.42,MACHINERY,s use across the express requests-- carefully bold foxes cajole slyly slyly express pinto beans. ironic request
1291,Customer#000001291,"dg3hkdHiI9zqk7l3242Q28OLLFy,1vZ,",7,17-693-294-2656,8227.37,BUILDING,", final requests-- furiously careful ideas wake busily ironic, even a"
1292,Customer#000001292,QVr2XTDOMzWcLKHtNgrLK,21,31-966-407-1575,5509.11,BUILDING,haggle. special foxes sleep blithely
1293,Customer#000001293,E79dBMCNl5xXBwtnSsjuBLa16VgrLsKz,12,22-517-223-6566,2565.67,HOUSEHOLD,"heodolites boost blithely ironic packages. special, even ideas above the asymptotes wake quickly accordin"
1294,Customer#000001294,EZVIKislr4L0PrBP8LShL,23,33-506-204-7796,-808.13,AUTOMOBILE,deas boost bravely final ideas. slyly even pearls are furiously 
1295,Customer#000001295,"kded3b,5e5",24,34-259-484-2624,753.62,BUILDING,"slyly final accounts detect blithely regular, bold requests-- blithely final foxes wake blithel"
1296,Customer#000001296,cLAyTJcfD3T4hKW52lIU9yk,5,15-130-485-4234,3034.69,MACHINERY,e slyly ironic requests. final requests
1297,Customer#000001297,4QnYEe0KXOP3yridKldXROs7jQdMu9tE,21,31-579-682-9907,6074.01,HOUSEHOLD, pinto beans! furiously regular courts ea
1298,Customer#000001298,"ujAPYPBrLW,oIxGpuWmxoTDscSXFOP Tjk",15,25-765-244-1549,3903.54,AUTOMOBILE,"er furiously despite the ironic, even ideas. slyly silent ideas boost"
1299,Customer#000001299,vm2THnXrMKrn5xvPL88EMT9QntU,11,21-150-179-4763,808.39,HOUSEHOLD,sheaves promise furiously alongside of the slyly pending platelets. pending dolphins at the furi
1300,Customer#000001300,VmW1dNLVaQY0ud6Csa5WHWuV8,23,33-581-399-6027,-370.44,BUILDING," x-ray furiously regular deposits. final, silent theodolites are slyly pending ideas. final dependencies"
1301,Customer#000001301,"oR0kHfL6GWhF VPD,mM1Jxsd9l3nZEkfDn",10,20-339-347-9046,8966.63,MACHINERY,"egular asymptotes along the even, express packages sleep express realms; carefully final packages haggle quickly"
1302,Customer#000001302,"vyImQ4AVgv,Rn",9,19-316-212-9313,197.9,MACHINERY, platelets engage carefully! furiously express ideas shall have to use. regular 
1303,Customer#000001303,MarfB1lCCs2MZ8CWdWqCfb,5,15-658-234-7985,2020.15,MACHINERY,express deposits haggle slyly after the carefully unusual packages-- silently si
1304,Customer#000001304,1sXtodRtFvBd449a2aJ,11,21-638-815-3982,4548.46,AUTOMOBILE,orses boost blithely platelets. fur
1305,Customer#000001305,xHgwqc1p0eLf5F8JkE7zvYXPHhIOP5IgLRJgR,23,33-396-634-9150,4900.66,MACHINERY,efully. furiously ironic packages cajole slyly bold requests. quickly ruthless requests alongside of the iro
1306,Customer#000001306,0YRFIqAc5imIKGi9cEYtn6L,12,22-923-551-9639,6464.77,MACHINERY,le. quickly pending accounts detect furiously. packages 
1307,Customer#000001307,L OAVSFQauP87kLdHouM8,3,13-970-299-8199,4344.52,MACHINERY,"ts. brave, express packages boost. even, pending instructions nag blithely regular theodolite"
1308,Customer#000001308,Ndovi7D9gJ u1gjQwYOkIARup6VzhQFCHHmSMw,18,28-560-833-2066,9290.53,MACHINERY,uickly even dependencies. unus
1309,Customer#000001309,"xaOhk73bjekYrVc5zZ36c,GuZUxsMHjo7WH9WVe",10,20-821-905-5952,-922.69,AUTOMOBILE,nusual excuses. ironic deposits are furiously ironic frays. blithely ironic platelets are evenly regular package
1310,Customer#000001310,"bN, XpseFnbjZRh3fryWogaudZB",17,27-538-338-3378,204.84,HOUSEHOLD,unts. silently bold ideas against the blithely regular deposits use furiously ironic fo
1311,Customer#000001311,rcff2L75vK5EOUaPK DiDz6atB,13,23-647-279-5735,8713.24,FURNITURE,nd the regularly unusual foxes. regular asympto
1312,Customer#000001312,f5zgMB4MHLMSHaX0tDduHAmVd4,3,13-153-492-9898,9459.5,BUILDING,odolites wake always packages. slyly slow orbits lose. regular depo
1313,Customer#000001313,Ax4TI4jbHvaYUaaFuEUQTiMWQvrjez G,23,33-623-834-3089,889.11,MACHINERY,"ely. carefully pending foxes was furiously special, special "
1314,Customer#000001314,auN4t99aykk1AlmJl,1,11-290-301-2722,3218.33,HOUSEHOLD,e special theodolites haggle furiously along the even deposits. final accounts haggle. furious
1315,Customer#000001315,5J941XxxkE,10,20-941-614-6433,1447.84,AUTOMOBILE,"refully bold packages. final, regular pa"
1316,Customer#000001316,nmbpR1rqOdlUDvT6C HXUhm2,5,15-642-801-1329,-158.39,BUILDING, might wake. sometimes unusual requests cajole carefully about the excuses. stealthily final requests wake quick
1317,Customer#000001317,a6M1wdC44LW,14,24-518-294-8197,8925.08,AUTOMOBILE,s haggle furiously slyly final accounts. slyly bold pac
1318,Customer#000001318,yrASJAqw67PQxFYVAVsGU,14,24-524-279-4270,5812.93,BUILDING,lyly blithely final depths. regularly even accounts haggle across the carefu
1319,Customer#000001319,c5M1KcH60UZPYsa,9,19-573-345-3305,4910.48,MACHINERY,"se across the dependencies. express, "
1320,Customer#000001320,8gman6hzpuKUsX7mKU9katXpP1ia,15,25-116-108-3791,6407.13,MACHINERY,"lent, final accounts cajole fluffily special requests. deposits around the fluffily even packages "
1321,Customer#000001321,dWd3MhPQY3,10,20-571-787-3958,3589.49,FURNITURE,express foxes are quickly blithely bold 
1322,Customer#000001322,35jI39rgIHCI4Pwvpy1beKgL0,13,23-207-256-7245,2621.71,FURNITURE,tes cajole. blithely express request
1323,Customer#000001323,"r9R6okXwQID,",23,33-476-768-7390,6006.81,HOUSEHOLD,uffily even packages. dependencies are. excuses cajole furiously regular foxes. special dep
1324,Customer#000001324,6qS1ZDpAYr9aED9Yh ggf8ACJcPi7sp,7,17-415-957-9976,7548.88,AUTOMOBILE,"t the busy courts sleep quietly above the ideas. final accounts after the regular, ironic pl"
1325,Customer#000001325,Agu uZvi6Xv77 nE7W8,7,17-687-303-1074,9108.61,HOUSEHOLD,n foxes integrate furiously ironic requests. furiously even theodolites use daringly pending deposits; even pl
1326,Customer#000001326,naLuK8XKUP72msE0e,21,31-373-307-4091,-468.49,HOUSEHOLD," pending accounts impress. regular, express accounts cajole ironically express deposits. slyly regular accoun"
1327,Customer#000001327,LBVMBxjllZpTQd,12,22-920-576-6295,0.97,MACHINERY, are furiously according to the multipliers. pinto beans are thinly. special deposits haggle quickly express Ti
1328,Customer#000001328,fjKlKFyxTQRJjLeT1Md,10,20-305-428-9878,3264.99,AUTOMOBILE," deposits haggle ironic, bold packages. quickly unusual packages print furiously care"
1329,Customer#000001329,Q3 pefFAcrEYPQ6J AC,17,27-945-826-8003,4645.91,BUILDING,quickly silent requests affix blithely slyly bold instructions. furiously even packages dazzle whith
1330,Customer#000001330,MGY4P7QIy3,1,11-353-524-1234,3893.14,BUILDING,to beans doze along the furiously final pinto beans. req
1331,Customer#000001331,mjaArHGsPWg,8,18-140-389-1328,2005.02,BUILDING,ic excuses. requests would promise according to the furiously ironic accounts. slyly final deposi
1332,Customer#000001332,1JMz4nbClfcxmzPyWyJK,18,28-560-351-6594,3323.04,FURNITURE,"ing forges. foxes haggle fluffily. express, final excuses sleep slyly blithely express dependencies. "
1333,Customer#000001333,o9o6lky2KYgFZ2cSx5lyFQYufM1i1d,2,12-154-975-6824,1330.85,AUTOMOBILE,beans integrate fluffily. carefully final pinto beans wake furiously even pint
1334,Customer#000001334,gZkxQY2Aa3o D6f1O 7nsPdg6BJ3,5,15-493-800-1041,2485.71,BUILDING," unusual dependencies cajole regular, r"
1335,Customer#000001335,VeQAJlVqZgl0adTxSpZ6P2ZVIC0kWokJ,10,20-744-779-7057,8341.67,BUILDING,t slyly accounts. slyly express pinto beans nag. 
1336,Customer#000001336,E4MeTLnSTIOlWkLDwmG7QPf 9Dq,16,26-350-110-5043,1490.21,AUTOMOBILE,ts after the deposits are quickly deposits! blithely regular theodolites integrate above the slyly pending 
1337,Customer#000001337,ACAMJe2Xdw2BCgHrGMd0BX,22,32-528-594-1931,7882.44,MACHINERY,"n, express gifts. express, fluffy pinto beans sleep. regula"
1338,Customer#000001338,"8Nx5v3cKF MK3ejHdMUgcY,FNZZs1",20,30-763-866-5779,5139.0,BUILDING,te quickly above the regular packages. thinly re
1339,Customer#000001339,QGiiQ1iMDmLKLAHsZa L68gZFyPXX18a38IS,4,14-904-963-2452,8167.5,MACHINERY,neath the carefully unusual plat
1340,Customer#000001340,dYRQ2tz0OdH,21,31-872-435-1900,280.29,HOUSEHOLD,against the final theodolites. slyly regular dependencies after the bo
1341,Customer#000001341,n5dnBrBUHnNEnaglCr9jNvONhG tMPb,18,28-701-221-9569,762.69,MACHINERY,"nt requests. ironic, even excuse"
1342,Customer#000001342,FD6UNqfsYMKkf3ZFZdI4EaYMZ,16,26-340-733-2096,1520.34,MACHINERY,"y around the final, special foxes. "
1343,Customer#000001343,WtCLJBdycxFOsHyv,18,28-393-594-5247,8303.09,AUTOMOBILE,accounts. blithely pending foxes wake among the carefully express forges. quickly ironic realms wake bl
1344,Customer#000001344,95XSwEZD22AZln3RB,5,15-307-682-9911,2113.32,AUTOMOBILE,"after the furiously ironic foxes cajole slyly unusual, pending reques"
1345,Customer#000001345,"31zcobEB,6Li4YDZbnNX",9,19-913-651-7783,8593.83,BUILDING,"of the express, express packages. final requests detect to the regular accou"
1346,Customer#000001346,cuwz2Yvj VKYEXjZzfL,10,20-502-685-6183,4524.45,FURNITURE,heodolites after the quickly bold deposits wake according to the regular platelets. ca
1347,Customer#000001347,7oXery7shMx,24,34-956-232-6103,8476.43,HOUSEHOLD,ular accounts. furiously final t
1348,Customer#000001348,CgtcDDYMnvsgI1uozRj,23,33-360-732-3579,459.22,MACHINERY,s cajole furiously among the ironic deposits. carefully bold pinto beans wake carefully against the carefully
1349,Customer#000001349,"HvlnFsKOdm39Ge4VPgzE,UN",18,28-950-527-8728,4967.24,AUTOMOBILE,ges. final ideas nag furiously against the fluffily express accounts. 
1350,Customer#000001350,"fc,TCo2zqB9T3C5IbaGkfV3,hLqLr",3,13-486-903-2349,3339.51,AUTOMOBILE," regular, ironic ideas are carefully against the silent packages. careful, "
1351,Customer#000001351,NYMFfkNlCGoTeaDrNO9nn,1,11-916-210-6616,3106.0,FURNITURE, accounts after the final deposits sleep fluffily ironic accoun
1352,Customer#000001352,XW4X8ComPo5mlyrgLn,20,30-631-606-4317,5570.69,FURNITURE,en escapades after the furiously special accounts use slyly regular grouches. fluffily final pinto bean
1353,Customer#000001353,CzscM6Q8vW6,1,11-109-274-1421,3666.51,MACHINERY," quickly ironic packages. regular, bold asymptotes about the foxes haggle carefully regular pa"
1354,Customer#000001354,rvGErAt5suIqpuxwtL QPAgN7n7Tyv,13,23-969-619-1363,-897.04,MACHINERY, blithely blithely pending packages. furiously pending accounts use slyly. bl
1355,Customer#000001355,c1r6G98ixzLQkvUV2KphsFwhYvpDo18oToGB,20,30-918-883-1662,2351.1,AUTOMOBILE,anent dependencies are blithely above the quickly silent escapades. requests sleep. final foxes sleep slyl
1356,Customer#000001356,3SLzAiW4PihnFUE243 AHKkwtL1PCj,5,15-656-712-5740,927.39,HOUSEHOLD,fully pending deposits. carefully unusual accounts
1357,Customer#000001357,"S1bDHNFkDEi,Gbsc3",15,25-242-146-4223,8627.9,BUILDING,osits boost pending packages. slyly pending deposits along the requ
1358,Customer#000001358,t23gsl4TdVXqTZha DioEHIq5w7y,3,13-264-253-1258,5149.23,BUILDING,sy excuses. slyly express requests detect slyly quic
1359,Customer#000001359,"F5XtTR5KeZ,wAL",11,21-124-833-5784,4069.82,FURNITURE,"eposits sleep quickly. enticing packages sleep ironic, ironic accounts. daring, regular t"
1360,Customer#000001360,xeaT6W6D569UKCKU86iK9b6aUanlra,19,29-574-552-4018,1422.57,MACHINERY,nt packages affix quickly furiously regular foxes; quickly 
1361,Customer#000001361,"OAHRbO5RS8,yFt16e7glYM4oVEZpf8BefK5DA,7",13,23-104-975-7608,4128.86,HOUSEHOLD, need to promise furiously quickly bold packages. finally express pinto beans alongside of the
1362,Customer#000001362,FKywgbtf4ib,7,17-801-385-5904,3718.92,MACHINERY,"gouts. quickly silent foxes affix after the ironic, special accounts. carefully bold d"
1363,Customer#000001363,"mYa,yAtLmW2mCglfc7cZ8LrPuP0",13,23-964-365-7781,-112.46,HOUSEHOLD,"silent packages. blithely regular instructions haggle carefully slyly ironic forges? thin, br"
1364,Customer#000001364,INrMv02tUJWFSRMEbBl0oUTtCjry8qUcI8T,19,29-992-959-9626,-181.69,BUILDING,e furiously according to the slyly final ideas. blithely silent excuses cajole s
1365,Customer#000001365,DOifjgJKjlSgnpPJ3cHLl2yi EseDZbg3,17,27-358-301-5393,2207.81,MACHINERY,ironic requests use blithely according to the slyly ironic patterns. carefully regular excuses about the c
1366,Customer#000001366,"v3YAa1hq4Qc7FdpLg4Jh0b7xo0soyvq1w,Yrb",20,30-193-707-6924,1634.7,HOUSEHOLD,the furiously final foxes. furiously bold depos
1367,Customer#000001367,gN803k703pZ1YizV5fp6S8,22,32-462-328-6604,5420.32,HOUSEHOLD,riously theodolites. slyly bold excuses thrash slyly final pinto beans. instructions use
1368,Customer#000001368,4PxJqZUIML EhegD7RXkLY8,15,25-801-622-7438,6376.18,BUILDING,iously regular packages wake according to the slyly final deposits. carefully even packages cajole. carefully
1369,Customer#000001369,rXTwOzU0a2ak4Nj5L5b1aLij,10,20-232-617-7418,498.77,AUTOMOBILE,ong the ironic ideas haggle slyly above the courts. packages engage blithely. pend
1370,Customer#000001370,"WN7onCgcC,,Lt4dC4C f7SCgnHWSjeTUp",18,28-575-379-5893,9802.04,BUILDING,y across the regular dependencies. fur
1371,Customer#000001371,"H,U3MSp1OTLGIQuW2",7,17-492-673-8157,4943.58,BUILDING,es are after the carefully ironic deposits. silent requests alongside of the furiously even dependencies
1372,Customer#000001372,"WiWQk7DyBtI,hfP0CIZ",23,33-563-510-6488,1796.09,HOUSEHOLD,l theodolites. regular ideas are around the furiously iron
1373,Customer#000001373,fAfmAacTlPc,13,23-959-476-7310,909.84,FURNITURE,ckages cajole slyly even requests. express 
1374,Customer#000001374,vRPteZtcyV,19,29-869-316-1166,-411.43,AUTOMOBILE,ckly permanent accounts wake fluffily regular packages. quickly express foxes cajole. carefully ironic packa
1375,Customer#000001375,lpKhW7g QK7Y13sxKlRvRYI7SItbTbcBxae,14,24-620-497-1489,2011.11,BUILDING,requests! even excuses are furiously express deposits: fluffily ironic 
1376,Customer#000001376,VushDntQeYmYLT22vW09rlg5j06B,12,22-972-150-2900,6761.52,HOUSEHOLD,iously unusual ideas. ironic ideas use carefully about the foxes. slyly unusual pinto be
1377,Customer#000001377,P7aUKm47hbe14nVZSrwZ,17,27-398-963-9520,8839.15,MACHINERY,s sublate carefully alongside of the slyly express theodolites. furiously special instructions haggle
1378,Customer#000001378,zDULZOX6KrHF6aL1AMsIg0Ivv4Crz,17,27-806-173-2824,2675.73,HOUSEHOLD,"ges haggle slyly alongside of the furiously final excuses. carefully regular foxes boost across the regular, ex"
1379,Customer#000001379,rqYSBCMywMKnfcp2DwotVqI,6,16-695-982-9623,1008.26,MACHINERY,sly ironic requests cajole fluffi
1380,Customer#000001380,"a,q fKSYFADxRtRQWSppP8YKp",17,27-641-565-1036,3723.53,HOUSEHOLD,lar instructions boost quickly. blithely regular
1381,Customer#000001381,HqKfFUD6Ib9yoFM5cIgMxjXaqdJAyKSN5w Od,22,32-418-900-6494,367.82,BUILDING,foxes thrash slyly express foxes. even th
1382,Customer#000001382,uiTMgqzTPqAPoKQwbnv,10,20-962-576-3853,8898.67,AUTOMOBILE, wake furiously through the pending platelets. furiously pending deposit
1383,Customer#000001383,bSLtrtrAaAky9GZuKhlQqp8BB,15,25-267-778-1591,2092.61,AUTOMOBILE,s. fluffily unusual accounts against the special theodolites print around the special the
1384,Customer#000001384,bQI5haTy6PHM8MyRtKSlvU4ixAUg,8,18-788-299-9227,1534.38,HOUSEHOLD,"tes. regularly pending theodolites cajole even sheaves. stealthy, ironic ideas are furiously above the even p"
1385,Customer#000001385,4jAtwsWIITPzhTIx7jblhjp9aAzejEGnu,3,13-693-138-5884,2326.75,BUILDING,ithely daring ideas? regular requests wake slyly ag
1386,Customer#000001386,uByG5EoybI5dNNLzU5uD4Ba,11,21-450-191-9064,9643.87,BUILDING,ages above the busily final packages grow blithely alongside of the blithely even f
1387,Customer#000001387,GQhAzCMyKiDoel3,19,29-444-890-8990,8541.87,BUILDING,foxes haggle furiously according to the stealthy ideas: slyly special accounts about the requests use caref
1388,Customer#000001388,WaKdgWEru70hsL8nyLeEkneHyM59Lboo5zfWv,13,23-185-747-9502,291.44,FURNITURE,longside of the ruthlessly regular dugouts. slyly ironic pinto beans wake. dogged de
1389,Customer#000001389,"ORf,IQyXsXJ1svlQ,5U",19,29-865-304-6982,1111.02,FURNITURE,posits. accounts are carefully. carefully express deposits cajole-- slyly bold dugouts wake according to 
1390,Customer#000001390,"fQm,RnwO4Tt PMQIB",11,21-978-977-8988,3931.31,HOUSEHOLD,ress platelets poach carefully above the slyl
1391,Customer#000001391,7MqN5yFijW6Yua7LVU6i7QMjjiyJ2KTZEaQ,23,33-558-545-3053,5510.28,FURNITURE,ges haggle slyly across the carefully pending accounts. slyly regular accounts should sleep. slyly express packages
1392,Customer#000001392,iXmNoe7IBgjc,22,32-561-640-4912,249.82,HOUSEHOLD," sleep fluffily across the final, pendi"
1393,Customer#000001393,"zVp5Hbhro,9rTwCYys1HUk",24,34-953-819-7858,5672.05,FURNITURE,escapades. fluffily ironic packages nag among the slyly regular dolphins. special asymptot
1394,Customer#000001394,eE8wv lYYKLXB,3,13-580-581-6470,2233.1,MACHINERY,"regular accounts cajole never above the even, final instructions. furiously regular foxes wake unusual requests. ca"
1395,Customer#000001395,XJoxiYIaBYgEE,23,33-291-909-3901,8733.39,MACHINERY,tions sleep carefully. furiously final requests about the regular excuses a
1396,Customer#000001396,M4dHuyrttFfeBr,3,13-523-516-9742,7149.43,BUILDING, the even theodolites integrate fluffily regular dolphins. blithely 
1397,Customer#000001397,1bk KBemIEsKhD3VyXa6IRLx 4GH u,8,18-294-992-6523,5466.83,AUTOMOBILE,"onic packages across the bold, regular dolphins boost furiously furious multipliers; furiously specia"
1398,Customer#000001398,"K1rQq6exc3WcVCcgIjA4SaeqxtK2,HG1",8,18-377-181-4654,7004.9,HOUSEHOLD,"the blithely silent dinos. even, special hockey pla"
1399,Customer#000001399,"FOuY,endAFj",0,10-775-919-7154,7352.14,AUTOMOBILE,foxes across the silent platelets haggle fluffily special requests. unusu
1400,Customer#000001400,BuouRkR7J f,0,10-217-180-5310,2432.73,BUILDING,etect fluffily final courts. carefully special instructions
1401,Customer#000001401,C4vlB8ENikVmaMizX3nH3zgds6,9,19-339-404-7859,8908.63,BUILDING,accounts use furiously unusual pinto bean
1402,Customer#000001402,F7 m0JwiCABmbJLPQpCJ2,6,16-713-144-2780,4396.25,AUTOMOBILE,"g the carefully express dolphins: special, pending packages affix after the packa"
1403,Customer#000001403,",ql804gtMc3uxTfP,lt4yRBWQ",12,22-458-624-2509,9782.34,HOUSEHOLD,tes are blithely carefully bold pac
1404,Customer#000001404,"pIO5i3yjeODChGMHoVvrX,Ctpdj",12,22-320-701-5582,3828.46,MACHINERY,ven platelets use quickly pending requests. busily busy asymptotes sleep slyly across the
1405,Customer#000001405,i9khsGcg17kWI4q5LKTcc8U3aFojf403,16,26-285-488-6682,3987.39,BUILDING,"haggle slyly; regular, final excuses are blithe"
1406,Customer#000001406,"g1xS4snd0fzl4R,JmPHfEzRD",5,15-767-155-6419,2023.59,HOUSEHOLD,uests are furiously carefully express packages. slyly permanen
1407,Customer#000001407,zZsTZ3nI1rG5X,14,24-529-300-1554,7424.99,BUILDING,"nding, ironic instructions promise across the quickly regular r"
1408,Customer#000001408,"NMIb3p1DyU,Z4XOFUS0B,",11,21-901-381-6344,5920.09,HOUSEHOLD,"express requests believe. pending, brave deposits sleep furiously. carefully regular deposit"
1409,Customer#000001409,jzfaCksWUNlI,11,21-667-401-3780,1959.17,MACHINERY,ously ironic ideas are. unusual packages kindle along the dugouts. unus
1410,Customer#000001410,yEUlreh6mkGmg8SIwKZooUOJ42kuZwAptaR4HAJ,22,32-358-270-1819,2716.95,HOUSEHOLD,"lar, express packages cajole bravely permanently final packages. blithely even dolphins nag finally special theo"
1411,Customer#000001411,4iLVKtSmtJpU,21,31-898-640-7625,772.14,AUTOMOBILE,sly final ideas. carefully bold pinto beans wake: slyly regular packages must sleep. final platelets inte
1412,Customer#000001412,gfsI6WU i7kYypv09gGIqUFrUod9uhb,10,20-715-510-2804,6368.38,BUILDING,"fully regular accounts print ironic, regular platelets. deposits promise slyly. express, ironic ideas "
1413,Customer#000001413,"9Yh cGpbCbrXZytNfH,dAEwX",15,25-624-816-9010,1387.83,AUTOMOBILE,onic foxes. quickly final dolphins are fluffily. quickly unusual ideas wake carefully. furiously
1414,Customer#000001414,2 HBoqTD0qCyMKtcBPVHbNna,20,30-323-797-7514,3136.15,BUILDING,ackages. blithely unusual accounts a
1415,Customer#000001415,"x,hzUUAZ9w7ndksLyH0,fEpMfU",21,31-295-601-1598,6252.12,BUILDING,heodolites. furiously pending requests are above th
1416,Customer#000001416,"ovOZcFGL31uxmA2ifIYudX6OuwNDz,B",7,17-306-898-9363,5348.4,MACHINERY,unts wake slyly excuses. bravely even pinto beans across the furiously final de
1417,Customer#000001417,1BDU8AvljnLmkM,1,11-242-612-1339,7543.01,FURNITURE,ag slyly-- furiously final accounts are ironic instruct
1418,Customer#000001418,S5uBtE hDxHcHunowPDXKSxP3csMFnhYt,17,27-773-818-3164,9359.01,AUTOMOBILE,"ggle quickly blithely thin excuses. final, even accounts integrate slyly. carefully pending account"
1419,Customer#000001419,JM4NV2pq4Ps0xJNRtUtlmQ8uuDvKx,4,14-533-796-5446,5912.72,FURNITURE,. idly express pinto beans sleep above the deposits. excuses use: furiously bold accounts cajole slyly across the ca
1420,Customer#000001420,mjkRUOEzdCWpNdpp5PKOObMmhpufeNGnO1VFdbpK,9,19-433-305-7356,-932.09,AUTOMOBILE,the instructions cajole carefully. slyly final requests nag carefully ac
1421,Customer#000001421,Qx9tZ9yiMo,12,22-139-990-1907,7292.93,MACHINERY,kly even ideas cajole carefully quickly ironic 
1422,Customer#000001422,mzXw44ExYC8DAdeKBakiWy0II,17,27-270-833-4320,8389.5,MACHINERY,mong the evenly express asymptotes integrate slyly brave
1423,Customer#000001423,"9BcCj8CLsqylKxRj0,lm",21,31-624-875-9135,2411.69,FURNITURE,"he carefully express courts. regular instructions haggle. special, express accounts believe? packages cajole slyly."
1424,Customer#000001424, 3QsPgbVLZ,22,32-542-134-6212,7207.7,FURNITURE, instructions against the furiously express accounts doze fluffily unusual d
1425,Customer#000001425,I2UBZAPPdnA9oFKKJTGxaSQZb5QzNzTR4vN6d P,1,11-697-824-4418,5814.72,FURNITURE,"uests boost carefully even foxes. accounts along the slyly ironic requests cajole express, final deposits. sl"
1426,Customer#000001426,"d1Tyzg,0ArKPuBln8CDH, 1Xsukm2nXVl",15,25-629-292-9022,1965.38,HOUSEHOLD,"s are slyly according to the express, spe"
1427,Customer#000001427,dDsmiig0T4oFKaf9ttFeh1etLvSIc9aV1xF2H,11,21-941-208-2485,8136.53,AUTOMOBILE,"es detect accounts. slyly bold theodolites wake ironic, special accounts. instructions cajo"
1428,Customer#000001428,"3SdWi3lKPXk00UYT,hL",15,25-859-663-3690,7703.84,FURNITURE,iously final platelets sleep slyly ironic instructions. furious
1429,Customer#000001429,K5sID 6zGPrYdfoADUq4kidlPgF3,3,13-119-903-3814,6444.82,AUTOMOBILE,even requests among the blithely regular pinto beans use across the ironic accounts. slyly ironic
1430,Customer#000001430,mv 9MEDwd8yPeQj7N,0,10-209-317-6929,-920.4,BUILDING,"nic deposits. bold, even accounts cajole blithely"
1431,Customer#000001431,l3LM2d2T1n c7yI4sOfpEbbd540qO66A4MARk,13,23-640-395-7009,5805.81,AUTOMOBILE,eposits up the carefully bold requests mo
1432,Customer#000001432,",pbQM2fi642oAuel",21,31-831-635-9758,6314.25,MACHINERY,ts sleep. regular frets sleep carefully ironically special dolphins. carefully bold pinto beans
1433,Customer#000001433,"gK7D76v78U iRA2YI2kxeKLlm4LZMH13,",17,27-558-375-8169,4605.87,BUILDING,ly bold deposits. furiously silent braids alongside 
1434,Customer#000001434,V15TQAhSLp7YC3KdjuMwSV3cwg0lp,18,28-749-743-6583,1851.63,MACHINERY,lieve carefully ironic hockey players. special ide
1435,Customer#000001435,s0fqxkVVqLWR  IaqibwwOf,20,30-309-437-9265,-729.09,AUTOMOBILE,"usly final orbits are? unusual, ironic accounts are slyly. unusual requests sleep after the ironic,"
1436,Customer#000001436,"kV5m0jkgFEto,",10,20-918-593-1860,9158.91,MACHINERY,theodolites. final Tiresias after the quickly final packages dazzle carefully blithely bold 
1437,Customer#000001437,DjHgTwtlzCmcQo,17,27-805-486-5768,8839.32,BUILDING,y. bold pinto beans affix carefully unusual pinto beans. carefully bold Tiresias mold 
1438,Customer#000001438,Gz Aey8gzHxIIxtpJaG0lAqd82T,17,27-688-787-7928,5436.81,FURNITURE,odolites cajole slyly. furiously unusual requests boost furiously along the fluffily pending in
1439,Customer#000001439,IGGK4SXvT5ioAeT2fbVYDemsTTqqhsQu6,21,31-433-694-1822,8487.6,AUTOMOBILE,ely after the carefully bold accounts. carefully ironic packages are silent packages. blithely ironic pinto beans ar
1440,Customer#000001440,k3LXBO5QJrG94TBG77adB1HjqQkleDyUf2c,7,17-619-730-9883,1236.36,BUILDING,"xpress, even accounts integrate. ironic, special requests doze. carefully express instructions doze furio"
1441,Customer#000001441,"u0YYZb46w,pwKo5H9vz d6B9zK4BOHhG jx",23,33-681-334-4499,9465.15,BUILDING,nts haggle quietly quickly final accounts. slyly regular accounts among the sl
1442,Customer#000001442,2fTQpX7N2kp31U,16,26-677-746-7145,7917.9,MACHINERY,ess theodolites. furiously express pinto beans alongside of the
1443,Customer#000001443,qtBPSM2NvmJXNePBT Ap3M6UqIZTvaF,10,20-959-383-4792,7141.87,HOUSEHOLD,ickly about the sly foxes. furiously bold patterns sleep regularly across
1444,Customer#000001444,8WcsyfQU5svH9miWvYbSTH9,7,17-107-228-8125,-501.37,HOUSEHOLD,inal platelets. quickly ironic requests do are carefully carefu
1445,Customer#000001445,5y7gtM75FOfTSBKx9gs9c9MkqJt,21,31-151-251-1931,8367.94,HOUSEHOLD,carefully regular accounts after the b
1446,Customer#000001446,"p94EVXQW,Q3bhXDyhG1Gp96b5zbaW",23,33-873-120-5388,2981.48,BUILDING,gle ruthlessly. furiously express dolp
1447,Customer#000001447,"pHkyNkViDja,dZVNg4bEEbicpoHIVDZvtQi8RPl",17,27-452-251-2941,2718.02,BUILDING,"ously around the accounts. packages haggle blithely ironic, idle ac"
1448,Customer#000001448,a45QD J55bo35zA4qR3v,24,34-969-612-1458,7756.35,AUTOMOBILE,y ironic instructions? slyly pending platelets hang quickly slyly ironic ideas. blithely ironic instructions a
1449,Customer#000001449,"lNFczqF3TjlSO9BuO3jqXY,b",22,32-827-813-3340,9051.75,BUILDING,ructions wake slyly ironic notornis? slyly express courts wake along the slowly 
1450,Customer#000001450,z7Pl iXBEstivMNf,3,13-443-688-6724,857.7,MACHINERY,ains; daringly dogged deposits across the furiously regular instructions breach furiously foxes. carefully unusual a
1451,Customer#000001451,"Yt69m0Aw1LWZhisHJxL4iGEEzx6y,ehspkes",2,12-590-121-9328,3274.3,FURNITURE,ously regular packages. furiously final deposits boost. slyl
1452,Customer#000001452,"51mhHAvPHZACedHYXVU5HXoDIQtBK9,pxuOIlJ",7,17-581-575-4538,7086.97,FURNITURE,silent theodolites. fluffily special
1453,Customer#000001453,FTfWkW1 8jVgOIIR9sMm2HpohiuR1v2278,0,10-852-397-3642,662.67,BUILDING, to wake above the blithely regular foxes. d
1454,Customer#000001454," wwPhUG35PiIVasu88,RvDA",24,34-478-555-5955,3366.61,FURNITURE,ss the blithely ironic deposits. regular deposits after t
1455,Customer#000001455,MrDN0cvhoLZ ioRLZCR hPcY4WvILz2,3,13-839-360-1866,7591.9,MACHINERY,ironic instructions: ironic pinto beans acros
1456,Customer#000001456,zKDB5elqlAQoUQp,13,23-171-834-8997,6123.69,AUTOMOBILE,"unusual accounts wake. even, ironic packages wake carefully. regular p"
1457,Customer#000001457,qmpteVs7H9WjRow7FDut9a77oFKRDOXxq0JmG,23,33-660-953-7656,2873.49,BUILDING,"onic accounts nag blithely among the regular, regular pinto beans. carefully regular"
1458,Customer#000001458,vsGifZH3fNgJjlgF6jJbmkSqGc,3,13-392-503-9207,2716.8,AUTOMOBILE,ests sleep bravely ironic accounts. quickly regular accounts cajole 
1459,Customer#000001459,2sPwjFNEFf9dN4az,11,21-424-586-6295,9270.88,AUTOMOBILE,ounts use blithely. blithely pending packages use ironic deposits. final accounts boost slyly. care
1460,Customer#000001460,AEgBZGLmuMqe7Gqh1,20,30-151-388-7118,9680.51,BUILDING,accounts. ironic packages cajole furiously; quickly pending requests lose quickly carefully bold deposits. 
1461,Customer#000001461,MMmT5l0zAilFCb2ZMqsUm3TXlRH,3,13-393-444-1533,8460.48,AUTOMOBILE,"ress, unusual packages affix carefully carefully final ideas. blithely special instructions nag even deposits? f"
1462,Customer#000001462,"b9Ed,6BCKn5v37q1",17,27-153-195-4457,7305.88,FURNITURE,ously slyly express requests. spec
1463,Customer#000001463,WD3OuRpJ0NVj2qslrTkUPmeJqVx5,7,17-980-394-5868,6039.64,MACHINERY,s. blithely even courts wake quickly: quickly silent pains doubt slyly. slyl
1464,Customer#000001464,"5kOAfK9s6goOZabgSzNLgD,CILowRxqC2OLnV",14,24-133-117-1577,9306.2,AUTOMOBILE,iously furiously regular tithes. boldly final requests use carefully at the f
1465,Customer#000001465,tDRaTC7UgFbBX7VF6cVXYQA0,8,18-807-487-1074,9365.93,FURNITURE,"s lose blithely ironic, regular packages. regular, final foxes haggle c"
1466,Customer#000001466,Fdm3uYarZ0Tnnh9R,17,27-360-496-5041,1268.69,FURNITURE,nts along the blithely bold instructions boost carefully after the unusual depos
1467,Customer#000001467,"GE,jQi5oLlkzh4jIUct7r 3C5G",24,34-941-824-8063,2857.19,FURNITURE,". final, bold deposits sleep furiously. unusual instructions are final requests. quickly final sentiments "
1468,Customer#000001468,APEd1ssFxDC9fhwosxxeQUul5EhwBczX,12,22-901-280-1023,3826.52,BUILDING,s. slyly regular theodolites aft
1469,Customer#000001469,"yLW8qLv25wuMsibRd,1qJe9",7,17-961-583-4658,4329.98,FURNITURE,"y even dependencies wake against the regular, final excuses. packages haggle slyly a"
1470,Customer#000001470,8ufZxZ5IgwGrUM2CWfxYoRHuBi Vj8rY,17,27-350-836-5521,7033.49,HOUSEHOLD, excuses are slyly after the carefully bold accounts. unusual pinto beans boost. final accounts wak
1471,Customer#000001471,"lbRP,tSo,eQT6rDDNNIBx",5,15-230-827-4758,3872.86,AUTOMOBILE,thely according to the carefully ironic foxes; packages according to the quickly special deposits wake fur
1472,Customer#000001472, Eayx9GAqjJEwrGy1Er5 ffNtLL,5,15-464-411-8342,2168.61,MACHINERY, haggle against the carefully bold theodolites. quietly regular ideas haggle. pending pinto beans engage sl
1473,Customer#000001473,UPkONG9dy4VYyGNJGHG,0,10-891-555-7734,2796.93,MACHINERY,uriously. quickly pending multipliers maintain slyly silent excuses. regular requests cajole qui
1474,Customer#000001474,KB83CaaM8DRjvAmEMg1fw,16,26-609-226-4269,2961.79,HOUSEHOLD,kages above the requests sleep furiously packages-- deposits detect fluffily. pending th
1475,Customer#000001475,4tUf4SaYTFV2H7ji,0,10-932-794-2009,1820.28,BUILDING,"uctions sleep blithely bold packages. pending, silent deposits after the fluffily final pinto beans ar"
1476,Customer#000001476,"nsPnedR1dhWK,",16,26-621-638-1459,409.72,BUILDING,across the fluffily final requests. regular forges haggle furiously r
1477,Customer#000001477,nUT6kGEr7tmgpJaPgfFtXY,6,16-407-756-8079,9103.33,MACHINERY,ites nag blithely alongside of the ironic accounts. accounts use. carefully silent deposits
1478,Customer#000001478,x7HDvJDDpR3MqZ5vg2CanfQ1hF0j4,7,17-420-484-5959,9701.54,AUTOMOBILE,ng the furiously bold foxes. even notornis above the unusual 
1479,Customer#000001479,"KDZMMuMVSWQPkGpoTUE0G 1vXHd3mS4c,A,kFR",16,26-203-849-3685,9793.29,BUILDING,arefully final ideas. unusual accounts sleep. final packages wake. fluffily bold dependencies hang slyly. bl
1480,Customer#000001480,"Hzjh65ZXBFSzflrjQgECkrp35gDha,2",7,17-573-775-8796,876.02,HOUSEHOLD,uriously pending courts are. deposits serve quickly blithely final excuses. slyly reg
1481,Customer#000001481,Vp7Um1Vy7MNVJvP 5cqUrz8scGtcaLJB3f5bZDW,12,22-674-694-9039,3204.67,AUTOMOBILE,"lithely. idly ruthless packages wake above the bold, quick pinto beans. regular ex"
1482,Customer#000001482,kTcr5JgkjFeLKIRcmtnCvOFr1feN59chP7,19,29-452-962-5934,2930.53,FURNITURE,are. slyly regular deposits mold carefully above the blithely regular ideas. carefully r
1483,Customer#000001483,ZjY1C b6cOnY3,7,17-202-113-4814,4409.7,BUILDING,nts sleep around the carefully express theodolites. requests nag 
1484,Customer#000001484,WcOint654aJStnQWSgAAtI,18,28-987-505-1842,4883.17,FURNITURE,s against the furiously special packag
1485,Customer#000001485,oR6sZslMa7bPLxtHFhqdJt,24,34-329-123-7678,9412.02,BUILDING,pliers. ironic requests boost slyly carefully express ideas. blithely ironic foxes af
1486,Customer#000001486,7A2MhrNtsA,24,34-559-605-2237,5859.97,BUILDING,lithely ironic dependencies haggle quickly b
1487,Customer#000001487,AJXUi2qFVKfypmmpTEbkmjmz0gPKQ2,17,27-197-562-5547,3589.16,FURNITURE,"y final instructions. regular, regular packages boost alongside of the b"
1488,Customer#000001488,DtF2uJI8td2wqrumD,4,14-892-461-5341,7929.51,HOUSEHOLD,sits boost quickly fluffily even pinto beans. slyly e
1489,Customer#000001489,yM8biIU5IFKHODCGTCwdkUf,9,19-906-669-4354,4389.66,MACHINERY,ckages play carefully? permanently regular pinto beans
1490,Customer#000001490,vBUkY7eCyWP,20,30-326-598-2437,8997.6,MACHINERY, bold orbits boost slyly according to the carefully ironic accounts. slyly special packages whithout the 
1491,Customer#000001491,GjZIP4Fv5lqDt,4,14-931-281-5631,3739.82,HOUSEHOLD,"efully silent tithes. even deposits according to the unusual, even platelets haggle furiously a"
1492,Customer#000001492,2QNz4Zy0UjjI,1,11-527-949-4092,-875.17,HOUSEHOLD, blithely even accounts. furiously final instructions across the decoys cajo
1493,Customer#000001493,FbV 8Ug9GkSfMde5b,24,34-947-154-7032,7014.12,MACHINERY,carefully quiet requests lose slyly. quickly final pinto beans haggle bli
1494,Customer#000001494,4V71P ku3jrqBfQp,11,21-248-166-9549,8292.21,MACHINERY,arefully furiously special ideas. pending deposits above the blithely regular excuses wake slyly car
1495,Customer#000001495,"78w5H7VJSo0Ps,jqeoCWS4Kay17ygM4RtIH",10,20-416-910-7075,6227.55,FURNITURE,"osely blithe, ironic foxes. regular dependencies use blithely about "
1496,Customer#000001496,ZOyMxutVHpJy,3,13-802-978-9538,-496.49,AUTOMOBILE,counts wake slyly above the instructi
1497,Customer#000001497," D8e2U3gYd57H4grcOr,02",14,24-506-574-8552,2449.57,AUTOMOBILE,gular packages boost foxes. blithely bold escapades wake slyly special pack
1498,Customer#000001498,"x XToT5oFi7oIsRG2mgIL3ncvYJoWBsufsQ7N,z",19,29-676-227-6356,5810.56,AUTOMOBILE,ackages are slyly unusual req
1499,Customer#000001499,"4,6jWOEqfnuXkwhB7gs0M9TcWJlaJNv4bt",3,13-273-527-9609,9128.69,AUTOMOBILE,ole blithely permanent instructions. carefully even packages
1500,Customer#000001500,4zaoUzuWUTNFiNPbmu43,5,15-200-872-4790,6910.79,MACHINERY,s boost blithely above the fluffily ironic dolphins! ironic accounts
1501,Customer#000001501,nq1w3VhKie4I3ZquEIZuz1 5CWn,28,20-830-875-6204,8428.830142506296,AUTOMOBILE,endencies. express instructions wake about th
1502,Customer#000001502,AEgBZGLmuMqe7Gqh1,37,30-151-388-7118,10085.25105610299,BUILDING,accounts. ironic packages cajole furiously; quickly pending requests lose quickly carefully bold deposits. 
1503,Customer#000001503,GvlCZ4fJYbHTOTYczE1iH2k6K9edUyNxWZsl6x,14,24-939-734-5650,-780.1914653571798,BUILDING,arefully regular requests unwind slyly 
1504,Customer#000001504,"kded3b,5e5",24,34-259-484-2624,1108.2871143788216,BUILDING,"slyly final accounts detect blithely regular, bold requests-- blithely final foxes wake blithel"
1505,Customer#000001505,KVAvB1lwuN qHWDDPNckenmRGULDFduxYRSBXv,20,30-644-540-9044,6155.605403696243,MACHINERY,er the carefully dogged courts m
1506,Customer#000001506,ldbo6AfnCRjFW8rZnvG6UxbX6o7ISAJRDD7,4,14-368-827-9896,4801.519142052515,FURNITURE,"lyly even asymptotes cajole furiously. regular, ironic theodolite"
1507,Customer#000001507,clvGUnQPLbzX 23hemPp24WS1MEtS4z,49,30-120-992-2121,2881.0220043394265,HOUSEHOLD,r deposits cajole blithely along the quickly silent pattern
1508,Customer#000001508,yp5slqoNd26lAENZW3a67wSfXA6hTF,38,13-702-694-4520,7610.739711548168,HOUSEHOLD, the special packages hinder blithely around the permanent requests. bold depos
1509,Customer#000001509,amwRkh0nDQ6r6MU,46,21-449-581-5158,9516.435108171894,MACHINERY,manently special warthogs. final ideas a
1510,Customer#000001510,",K7wNII9jhC ,",37,30-786-518-4678,6991.91389869256,FURNITURE, are alongside of the requests. s
1511,Customer#000001511,"Ug e2IBbl,LJuqjNz5XeQV",47,15-411-430-7917,948.9941052247467,AUTOMOBILE,r the silent ideas. carefully ironic deposits was carefully above the furiously even excuses. evenly regu
1512,Customer#000001512,ZjY1C b6cOnY3,29,17-202-113-4814,5163.378510733738,BUILDING,nts sleep around the carefully express theodolites. requests nag 
1513,Customer#000001513,wtkjBN9eyrFuENSMmMFlJ3e7jE5KXcg,16,26-516-273-2566,7683.308748637163,AUTOMOBILE,s are quickly above the quickly ironic instructions; even requests about the carefully final deposi
1514,Customer#000001514,1bk KBemIEsKhD3VyXa6IRLx 4GH u,8,18-294-992-6523,5375.107957466167,AUTOMOBILE,"onic packages across the bold, regular dolphins boost furiously furious multipliers; furiously specia"
1515,Customer#000001515,"EQNw9dNy63,",44,11-709-582-2006,5181.2779582302355,BUILDING,ctions wake. packages haggle furiously. express
1516,Customer#000001516,"vLP7iNZBK4B,HANFTKabVI3AO Y9O8H",17,27-357-139-7164,-1274.5830307351832,BUILDING, detect. packages wake slyly express foxes. even deposits ru
1517,Customer#000001517,"jyN6lAjb1FtH10rMC,XzlWyCBrg75",11,21-840-210-3572,7039.587306675705,HOUSEHOLD,jole special packages. furiously final dependencies about the furiously speci
1518,Customer#000001518,o9o6lky2KYgFZ2cSx5lyFQYufM1i1d,2,12-154-975-6824,2136.7181946462015,AUTOMOBILE,beans integrate fluffily. carefully final pinto beans wake furiously even pint
1519,Customer#000001519,IjwJR6TjBJZbKIeouH2d,8,18-856-112-5677,1746.9255036378527,AUTOMOBILE,"dolites haggle express, express requests. furiou"
1520,Customer#000001520,"Zasc8,E0VVY",2,12-810-788-6699,-757.8214409248751,FURNITURE,le according to the regular instruction
1521,Customer#000001521,Gz Aey8gzHxIIxtpJaG0lAqd82T,17,27-688-787-7928,6758.65686484889,FURNITURE,odolites cajole slyly. furiously unusual requests boost furiously along the fluffily pending in
1522,Customer#000001522,FTM62Dujm2BoblKFY w,12,22-888-883-2475,6553.795612280455,FURNITURE,the carefully regular accounts breach above 
1523,Customer#000001523,DeQxsCxixT8RQ7JV6mddRYGDGQ2WM94,24,34-193-143-1425,144.6514494988361,BUILDING,"counts. blithely permanent deposits wake slyly! unusual, even theodolites u"
1524,Customer#000001524,CSf1BbFhJhucmvftOwYLQACMEqgXj,38,13-673-633-4561,2282.5369976299703,AUTOMOBILE,eposits. slyly ironic dependencies haggle quickly. slyly close orbits above
1525,Customer#000001525,aI12bsLSd1Y4dIx2Me5BLbGDCZPn ,49,30-627-947-8311,1748.4670147597838,HOUSEHOLD,"eans. regular, regular foxes wake furiously carefully even pinto beans. furiously r"
1526,Customer#000001526,BWGsQevHk0BfRJV3RRB ElFc,23,33-696-831-5394,8580.8850605993,BUILDING,"phins; bold, final accounts print. carefully silent "
1527,Customer#000001527,"z,dN83fETWpkJkoR",27,24-860-751-6688,3449.5223465686804,BUILDING,ndencies against the carefully even accounts cajole carefully quickly regular packages. even fox
1528,Customer#000001528,"Gbx5Hnw,ctlI7",46,21-643-955-6555,5299.459326555405,FURNITURE,"old dependencies mold slyly above the foxes. dogged, express ins"
1529,Customer#000001529,"8Nx5v3cKF MK3ejHdMUgcY,FNZZs1",30,30-763-866-5779,5192.60182318536,BUILDING,te quickly above the regular packages. thinly re
1530,Customer#000001530,"QI6p41,FNs5k7RZoCCVPUTkUdYpB",38,13-806-545-9701,270.4876132807172,MACHINERY,s nod furiously above the furiously ironic ideas. 
1531,Customer#000001531,naGyIRPFPH E,15,25-461-140-9884,9077.207899022253,AUTOMOBILE, regular deposits sleep against the accounts. foxes cajole carefully special 
1532,Customer#000001532,1 nkl3GMSnweulTNAMPeB8Sa5aSIk,23,33-403-226-2580,7424.196978238396,AUTOMOBILE,nts. special excuses thrash blithe
1533,Customer#000001533,TFCCMlSEyrItYvEZy068NhrUxJz,47,15-856-649-3113,8003.8388514157095,AUTOMOBILE,g to the deposits cajole furiously final deposits. furiously silent dependencies agains
1534,Customer#000001534,JJMbj6myLUzMlbUmg63hNtFv4pWL8nq,27,24-485-422-9361,8838.792210396714,BUILDING,egular requests. ironic requests detect furiously; deposits ha
1535,Customer#000001535,tnrpYmWGxwyaFmJy2Oq0Z,29,17-159-499-3318,3477.953521525059,FURNITURE,luffily. slyly unusual accounts cajole furiously against the ironic asymptotes. slyly reg
1536,Customer#000001536,lQC9KfW W77IYtJjAgSZguNzxjY rYk3t6lcxfSh,13,23-247-728-9743,4990.519783938648,FURNITURE,"he slyly close deposits. special, ironic ideas detect furiously carefull"
1537,Customer#000001537,4zaoUzuWUTNFiNPbmu43,5,15-200-872-4790,7054.570653188936,MACHINERY,s boost blithely above the fluffily ironic dolphins! ironic accounts
1538,Customer#000001538,"zyWvi,SGc,tXTls",0,10-351-119-7514,4785.936169286812,MACHINERY, bold excuses. furiously even asymptotes across the carefully regular dugouts cajole fur
1539,Customer#000001539,I78UJ2ks3sbcd0c2NQ7aH,26,29-436-660-4732,7310.509770066782,BUILDING,"special requests wake carefully regular somas. special theodolites wake regular, unusual pinto beans. furi"
1540,Customer#000001540,"F2X,GhSqLz8k u0gWsirsraFaEDEo6vIGtOTaO1T",11,21-730-373-8193,1647.2188474545683,AUTOMOBILE,uickly-- fluffily pending instructions boo
1541,Customer#000001541,OrOUBBV7NlzVFXtuSOECmQFOkw8r,47,15-455-954-2914,2211.2426700419187,FURNITURE,s deposits. blithely even packages sleep carefully ironic deposits. quickly ironic accou
1542,Customer#000001542,UJTC3 WtzvoD39r1GuoCP,42,31-149-119-1456,4659.505950902551,FURNITURE,special packages haggle carefully slyly ironic pinto beans. sl
1543,Customer#000001543,OrOUBBV7NlzVFXtuSOECmQFOkw8r,47,15-455-954-2914,2692.205244075613,FURNITURE,s deposits. blithely even packages sleep carefully ironic deposits. quickly ironic accou
1544,Customer#000001544,"2RSC1g7cVd,j23HusdkhdCGmiiE",12,22-544-152-1215,4009.6131784725276,FURNITURE, pinto beans believe fluffily. excuses wake blithely silent requests. b
1545,Customer#000001545,SHn6HpO2VXBw3RJFPxjQFGanrsndRwRR2LWdm,24,34-973-735-5374,5055.148206141259,BUILDING,"y pending accounts! blithely unusual ideas wake alongside of the regular, f"
1546,Customer#000001546,eNIy9PatAWlh0,26,29-264-864-8387,-295.3596683540763,HOUSEHOLD,the special ideas. finally ironic accounts doubt. slyly regular ideas
1547,Customer#000001547,kEDBn1IQWyHyYjgGGs6FiXfm3,8,18-864-953-3058,3663.505493877662,MACHINERY,ages? fluffily even accounts shall have to boost furiously alongside of the furiously pendin
1548,Customer#000001548,"2Bx7,7i87h5cagC,ZBz49lyiziLqQoD",1,11-873-931-2886,-51.861237666466295,BUILDING,. excuses use alongside of the furiously final deposits. blithely express foxes wake furiously. blithely 
1549,Customer#000001549,XYmVpr9yAHDEn,8,18-902-614-8344,2007.8282219175921,MACHINERY, quickly final accounts integrate blithely furiously u
1550,Customer#000001550,pSISKRxFIgVasW71fLyaEuODHZQLBfd6E c7jo,9,19-556-695-9964,463.89009171607836,FURNITURE,ly. slyly special instructions wake. carefully even accounts sleep quickly slyly silent deposits. s
1551,Customer#000001551,QNc2eOlRIzL6jpthwgDuB866uCIUPiOX,5,15-288-395-5501,1052.8441812624778,AUTOMOBILE,espite the ironic excuses. furiously final deposits wake slyly. slyly ex
1552,Customer#000001552,"ujAPYPBrLW,oIxGpuWmxoTDscSXFOP Tjk",15,25-765-244-1549,4032.84791899275,AUTOMOBILE,"er furiously despite the ironic, even ideas. slyly silent ideas boost"
1553,Customer#000001553,dV4lqEufXkF8R,29,17-856-814-6352,2174.2232857417243,HOUSEHOLD, carefully bold deposits: final pinto beans sleep slyly idl
1554,Customer#000001554,"P3 Dv,6yllTNmL9yt6NUZZPZjvM2coWJd",44,11-104-635-9839,9751.085811401043,BUILDING,ly according to the unusual foxes. carefully ironic accounts haggle accounts-- regular dolphins will integ
1555,Customer#000001555,zE dN3aqjaG,8,18-171-394-5011,4999.093533054511,MACHINERY,"egular ideas cajole around the ironic, pending deposits. furiously pending dolphins serve blithely regular "
1556,Customer#000001556,KXkletMlL2JQEA ,1,11-845-129-3851,5918.767519267664,FURNITURE,", ironic packages across the unus"
1557,Customer#000001557,apgzK3HWAjKHFteJ16Tg3OERViesqBbx,38,13-324-350-3564,2331.9273796933703,MACHINERY,riously ironic pinto beans cajole silently. regular foxes wake slyly. bravely 
1558,Customer#000001558,27adTXaVp7araW,20,30-765-163-9750,9274.658001720663,AUTOMOBILE,pinto beans; furiously special platelets haggle quickly against the slyly unusual foxes. 
1559,Customer#000001559,"WN7onCgcC,,Lt4dC4C f7SCgnHWSjeTUp",32,28-575-379-5893,9698.705878728819,BUILDING,y across the regular dependencies. fur
1560,Customer#000001560,"HCBXAou,1eP6Z3IynHFI7XmEBgu27Sx",4,14-798-211-2891,2724.6773578343646,FURNITURE,e. carefully bold deposits sleep regu
1561,Customer#000001561,"JrvrIEzAre,VJzJCi3SEmib1T2,YVXVvOGxaVZwR",38,13-265-738-4361,7485.294733895614,AUTOMOBILE,s haggle around the special dependencies. slyly regular requests are according to the idly sly ideas! fluffily final
1562,Customer#000001562,INrMv02tUJWFSRMEbBl0oUTtCjry8qUcI8T,26,29-992-959-9626,-749.3183815603393,BUILDING,e furiously according to the slyly final ideas. blithely silent excuses cajole s
1563,Customer#000001563,"obP PULk2LH LqNF,K9hcbNqnLAkJVsl5xqSrY,",41,12-446-416-8471,1783.5377752680151,MACHINERY,. pinto beans hang slyly final deposits. ac
1564,Customer#000001564,7MqN5yFijW6Yua7LVU6i7QMjjiyJ2KTZEaQ,36,33-558-545-3053,6347.059625366509,FURNITURE,ges haggle slyly across the carefully pending accounts. slyly regular accounts should sleep. slyly express packages
1565,Customer#000001565,aI12bsLSd1Y4dIx2Me5BLbGDCZPn ,49,30-627-947-8311,935.2169175134203,HOUSEHOLD,"eans. regular, regular foxes wake furiously carefully even pinto beans. furiously r"
1566,Customer#000001566,"KDZMMuMVSWQPkGpoTUE0G 1vXHd3mS4c,A,kFR",16,26-203-849-3685,10054.070460709056,BUILDING,arefully final ideas. unusual accounts sleep. final packages wake. fluffily bold dependencies hang slyly. bl
1567,Customer#000001567,"51mhHAvPHZACedHYXVU5HXoDIQtBK9,pxuOIlJ",29,17-581-575-4538,6359.482187531091,FURNITURE,silent theodolites. fluffily special
1568,Customer#000001568,LHLR0IKQJHVF1 0UvBNPLq0,4,14-115-338-1002,8671.86888024641,FURNITURE,ily! requests cajole fluffily. slyly regular waters na
1569,Customer#000001569,"rzhIStRHsiWoc6K,7yv3YMqVdrz",15,25-941-650-8313,2661.0506613133502,AUTOMOBILE, express accounts. furiously ironic theodolites serve blithely. blithely thin packages are among the eve
1570,Customer#000001570,TEjWGE4nBzJL2,17,27-566-888-7431,2430.3740193496333,HOUSEHOLD,"requests. special, express requests nag slyly furiousl"
1571,Customer#000001571,"xsg,ehRHS5OKqyBR5YtoPm8myz",9,19-976-832-3312,-578.5710136361242,AUTOMOBILE, the carefully regular foxes. regular accounts wake furiously braids. bold ideas are carefu
1572,Customer#000001572,"cZhhOUzv6,Vbaa2bFT",22,32-885-298-6750,9248.225055875499,FURNITURE,y final packages. furiously ironic packages was. fluffily ironic instructions integrate
1573,Customer#000001573,gfsI6WU i7kYypv09gGIqUFrUod9uhb,35,20-715-510-2804,6559.052781075434,BUILDING,"fully regular accounts print ironic, regular platelets. deposits promise slyly. express, ironic ideas "
1574,Customer#000001574,ktKcS9tV2OC8T42KVqMem NjkNO 4pkXmu,17,27-169-221-8173,10130.505194552683,MACHINERY,"totes against the stealthy deposits haggle fluffily after the regular, regular deposi"
1575,Customer#000001575,"lP,9H6e6mQwLsWYYr2Y",8,18-733-553-2195,9992.931434836122,AUTOMOBILE,ending packages. dependencies along the slyly pending dependencies wake carefu
1576,Customer#000001576,2 HBoqTD0qCyMKtcBPVHbNna,30,30-323-797-7514,3600.917159484647,BUILDING,ackages. blithely unusual accounts a
1577,Customer#000001577,"5NmdMIwTpF8tj7O92363ycA6EL5Yh,vW",24,34-443-780-3708,1820.252678473746,FURNITURE,"ke express, ironic requests. regularly even sauternes detect de"
1578,Customer#000001578,60zzrBpFXjvHzyv0WObH3h8LhYbOaRID58e,22,32-503-721-8203,9989.62414137214,HOUSEHOLD,s requests nag silently carefully special warhorses. special accounts hinder slyly. fluffily enticing
1579,Customer#000001579,ge1GEYt4ewGUiSeqBA4rNB5JhyQ92uKF,25,16-741-513-6919,5059.4401412803145,AUTOMOBILE,arefully final accounts cajole quickly blith
1580,Customer#000001580,"8Cw4p1m1gKYVUgomkAq,es1ZtrnmHaO",31,16-950-729-1638,2488.988924476904,AUTOMOBILE,dolites. furiously regular theodolites integrate furiously. bravely bold requests are. furiously
1581,Customer#000001581,ORP6ofUwyD1,2,12-513-973-2702,4327.905518494878,AUTOMOBILE,foxes would cajole furiously slyly special forges; slyly regular pinto beans inste
1582,Customer#000001582,JE398sXZt2QuKXfJd7poNpyQFLFtth,8,18-131-101-2267,6472.7227541343445,MACHINERY,accounts along the doggedly special asymptotes boost blithely during the quickly regular theodolites. slyly 
1583,Customer#000001583,Q0uJ1frCbi9yvu,29,17-905-805-4635,1303.4693086593243,AUTOMOBILE,fully along the carefully pending Tiresias; special packages along the carefully special deposits try to
1584,Customer#000001584,yjrSjcG z0Rm5PYrVMFTrU pFRMw,22,32-902-625-1946,6785.928475192674,AUTOMOBILE,"hely against the final, brave asymptotes. final ideas haggle slyly bold pinto beans. slyly unusu"
1585,Customer#000001585,",rdHVwNKXKAgREU",39,17-241-806-3530,8396.84526965216,AUTOMOBILE,ldly final instructions mold carefully along the ironic accounts.
1586,Customer#000001586,k2dnnQZowe,24,34-457-910-7430,9582.067747904634,BUILDING,accounts cajole slyly quickly express platelets. carefully silent theodolites wake carefully. pe
1587,Customer#000001587,"kded3b,5e5",24,34-259-484-2624,734.374405603721,BUILDING,"slyly final accounts detect blithely regular, bold requests-- blithely final foxes wake blithel"
1588,Customer#000001588,IgUSuulguDJ5,0,10-784-971-7777,9295.244401620328,FURNITURE,ly even warhorses. quickly even requests wake slyly. 
1589,Customer#000001589,7A2MhrNtsA,24,34-559-605-2237,5883.121977491157,BUILDING,lithely ironic dependencies haggle quickly b
1590,Customer#000001590,c5UAVe71MPvmerPafNlpvTBWCewT,16,26-809-582-2064,-87.30954496401921,AUTOMOBILE, the blithely regular packages boost blithely regular excuses. final dep
1591,Customer#000001591,OoVPZGR5hUp8oo,16,26-593-941-5690,-640.5191427793003,MACHINERY,integrate furiously furiously even pinto beans. ironically pending packages cajole quickly furiously special 
1592,Customer#000001592,4eyqk2zpg4m V JGEtgwNmCq3c,15,25-875-178-1959,8607.188771033476,BUILDING,"es need to affix furiously. ironic, final foxes are against the regular instructions: pinto beans haggle q"
1593,Customer#000001593,"8shFEL7J9sq1NJXR8dixBqaTO,kbSx",22,32-575-838-4260,5174.041106661008,HOUSEHOLD,furiously above the furiously ironic c
1594,Customer#000001594, aiYAeWgI0okGSJv7OgvKqMvPLhxF3blT8josX,36,33-302-620-7535,3884.0897452754707,FURNITURE,ckages nag blithely regular requests: carefully final packages between the slyly regular instructions sleep 
1595,Customer#000001595,EJcG18hFrS0SPT0yvl1b,2,12-878-466-6505,1570.1023520655904,HOUSEHOLD,ntegrate by the carefully special requests. dolphins sleep e
1596,Customer#000001596,sjk1DTHWVMX53kG8AbTtTh1EcMvWeDO8gFDdpQOK,42,31-367-294-4048,8038.96270453285,AUTOMOBILE,lithely regular deposits. carefully pending deposits sleep. quickl
1597,Customer#000001597,"icVt7HjGs,p3YL3nr1MHgaQIY5Gmzej57nB,b",39,17-392-500-4370,1718.7156618964814,AUTOMOBILE,latelets along the carefully even packages cajole blithely packages-- even pinto beans haggle 
1598,Customer#000001598,YIy05RMdthrXqdfnNKud,45,33-159-298-3849,409.5944550176235,AUTOMOBILE,ven frays wake according to the carefully 
1599,Customer#000001599,F8WBznjtO2bX2knXl4ghnsp ixWylkf,16,26-714-322-4800,2253.2936451550077,MACHINERY,tructions. quick theodolites kindle
1600,Customer#000001600,58Srs6gEEoD3ZfwgXDM1OayRiaSY6K9YsveWwV,5,15-613-528-7811,9204.580488560898,BUILDING,"st slyly special platelets. bold,"
1601,Customer#000001601,n2w3Jd1bipwICbOVgrELzcNRexmWSklo,21,31-538-493-4229,2836.677451420029,BUILDING,riously special accounts. slyly final accounts sleep; blithely special requests integrate carefully slyly en
1602,Customer#000001602,G dRBjxmBBug1 xRSa6VwRchFDtU5b,16,26-514-558-7246,7224.60095684344,MACHINERY,er the furiously express excuses use above the regular accounts. regular instructions after the 
1603,Customer#000001603,qGBa7X0dOMsKLuYBpShpJVwGyU9rh,33,32-605-226-2449,4870.41551970834,HOUSEHOLD,nts. quickly quick dolphins run
1604,Customer#000001604,ZFFYipzTg0vSjOhPbcBUgPK9se,34,20-330-305-8843,9199.627603403726,AUTOMOBILE,gle about the busily special theodolites. furiously ironic deposits haggle beside the furiously special accounts. 
1605,Customer#000001605,"YtWggXoOLdwdo7b0y,BZaGUQMLJMX1Y,EC,6Dn",40,33-687-542-7601,2925.038679530203,HOUSEHOLD, platelets. regular deposits detect asymptotes. blithely unusual packages nag slyly at the fluf
1606,Customer#000001606,"RGT yzQ0y4l0H90P783LG4U95bXQFDRXbWa1sl,X",23,33-733-623-5267,9388.758280962105,AUTOMOBILE,y final foxes serve carefully. theodolites are carefully. pending i
1607,Customer#000001607,MUEAEA1ZuvRofNY453Ckr4Apqk1GlOe,2,12-539-480-8897,5913.7544813088625,MACHINERY,ackages. stealthily even attainments sleep carefull
1608,Customer#000001608,4PxJqZUIML EhegD7RXkLY8,15,25-801-622-7438,6128.372484544946,BUILDING,iously regular packages wake according to the slyly final deposits. carefully even packages cajole. carefully
1609,Customer#000001609,"SYG3KMj1fMh7GwvIZ,pY7mGLR1NT6EmNjE",38,13-319-420-5160,6000.969289490533,HOUSEHOLD,"s. even packages use fluffily always express packages. regular, even asymptotes about the furiou"
1610,Customer#000001610,"pYCT1OLD5Y7rBjjAKnf0Lqd 41RC,0n,nT3oNWz9",39,17-473-731-8352,6769.59675965011,FURNITURE," wake carefully outside the ironic, bold packages. blithely special dependencies boost slyly even ideas. careful"
1611,Customer#000001611,ZOyMxutVHpJy,3,13-802-978-9538,-768.0941731894,AUTOMOBILE,counts wake slyly above the instructi
1612,Customer#000001612,ETOH68urIxK839xmKEmfkjc,42,31-334-391-6403,6255.031522045312,MACHINERY,s haggle above the slyly express requests. quickly regular packages after the quickly silent accoun
1613,Customer#000001613,54fBdElRYOjEH8S,41,12-204-803-1483,901.6894045677477,BUILDING,inments. carefully regular instructions haggle carefully slow packages. slyly even packages kindle blithely special
1614,Customer#000001614,SYyEL2nytJXBbFemMseCiivA32USVEDbvGzZS,9,19-621-217-1535,38.54238050028468,AUTOMOBILE,"ve the regular, ironic deposits. requests along the special, regular theodolites lose furi"
1615,Customer#000001615,H7M6JObndO,17,27-601-793-2507,8061.838682608131,BUILDING,efully bold ideas. bold requests sleep carefully blithe instructions. carefully final accounts are blithely quickly 
1616,Customer#000001616,gvbZNJ4UVBAo5yOZ2UOWcvV9TeTj,16,26-338-447-2399,7180.529211677926,BUILDING,ideas affix alongside of the final accounts. quickly ironic deposits abo
1617,Customer#000001617,"NUilehg0nVOkK3K1SW0,BAHCeST2JqKzuTMoGS",28,20-456-773-7693,608.0586588710016,AUTOMOBILE,ending foxes across the carefully
1618,Customer#000001618,"t3QzCf,q1NbshmjOIUY",39,17-228-550-9246,5809.2839911207875,AUTOMOBILE,"l deposits cajole blithely blithely final deposits. express, even foxes grow carefully about the sile"
1619,Customer#000001619,WFOhG9Z9ohRdsyuYnPvBSv,28,20-825-880-1065,-41.411867088556676,BUILDING,ly final deposits. fluffily ironic requests wake carefully carefully regular accounts. quickly sp
1620,Customer#000001620,"yldxLZOgQwzrXh3t4yktykZZV8v,vK2c6pVr",18,28-450-764-4871,8408.65317142171,FURNITURE,"e quickly around the quick, regular pinto beans. regular, regul"
1621,Customer#000001621,IM9mzmyoxeBmvNw8lA7G3Ydska2nkZF,34,20-917-711-4011,940.4168715973069,HOUSEHOLD,"ly regular accounts hang bold, silent packages. unusual foxes haggle slyly above the special, final depo"
1622,Customer#000001622,"OcXtKS,1Hvf2D0 rPvhw4qXViYOudQ3",13,23-496-475-9040,2807.569389917535,BUILDING,s accounts haggle against the furiously final asymptotes. ironically regular accounts boost. furiously fina
1623,Customer#000001623,"oZK,oC0 fdEpqUML",26,29-399-293-6241,9144.537417446862,FURNITURE, the slyly final accounts. deposits cajole carefully. carefully sly packag
1624,Customer#000001624,yWLtmd5usyjsCvyL1QJsBorC,2,12-759-183-9859,4539.904936988885,MACHINERY," blithely even packages sleep carefully bold, unus"
1625,Customer#000001625,CMxcdzgEUkCWP1,8,18-844-576-7345,9733.1411621842,FURNITURE,", final packages use slyly regular deposits. slyly ironic instructions nag careful"
1626,Customer#000001626,84jHYR8u2XvhyT,26,29-562-904-5451,3523.2519843119194,FURNITURE,sual ideas according to the furiously regul
1627,Customer#000001627,"xyV8 FbW4xS,JhkxC0dY527tzcMKxM",24,34-750-735-1314,-570.165107852384,AUTOMOBILE,s. furiously ironic deposits against the carefully bold accounts wake carefully even deposits. fluffily even
1628,Customer#000001628,HpCr1tM88WoELSld708ByJ,4,14-432-882-6163,7723.654330611145,HOUSEHOLD,ic pinto beans are blithely across the grouches. furiously pending platelets sleep pe
1629,Customer#000001629,"7xCLYGLCpFU,toJBIPIrJbLIuLok81h IxK ae5Z",20,30-441-755-3094,3461.9878371311024,MACHINERY, even deposits haggle. packages i
1630,Customer#000001630,cfCP9bE3HnI,48,11-975-454-8499,9656.250969712051,MACHINERY,ect among the carefully regular theodolites. regular dep
1631,Customer#000001631,"wCKx5zcHvwpSffyc9qfi9dvqcm9LT,cLAG",10,20-732-989-5653,606.0623613167307,BUILDING,busy sentiments. pending packages haggle among the express requests-- slyly regular excuses above the slyl
1632,Customer#000001632,szsrOiPtCHVS97Lt,15,25-515-237-9232,4543.165306880867,HOUSEHOLD,"cajole slyly about the regular theodolites! furiously bold requests nag along the pending, regular packages. somas"
1633,Customer#000001633,"5kSJ3qMS,7YKdfmwBFzQN4y8EgPiH,8ln19",15,25-456-286-6398,7430.536983754521,HOUSEHOLD, of the bold requests. blithely regular accounts nag alongside of the carefully silent dolphins. carefully 
1634,Customer#000001634,"4w7DOLtN9Hy,xzZMR",38,13-168-233-7513,6230.187752474099,BUILDING,"wake after the regular, final instructions. final epitaphs mold fluffily blithely ironic id"
1635,Customer#000001635,"5,81YDLFuRR47KKzv8GXdmi3zyP37PlPn",12,22-989-463-6089,6405.489357258657,MACHINERY,e final requests: busily final accounts believe a
1636,Customer#000001636,"AJT,26RbanTdEHOBgTWg",4,14-275-416-1669,6082.535485749016,AUTOMOBILE,"ironic, pending deposits: quickl"
1637,Customer#000001637,7A2MhrNtsA,24,34-559-605-2237,5721.313057763399,BUILDING,lithely ironic dependencies haggle quickly b
1638,Customer#000001638,9T 2avhfyF PQ,0,10-978-597-2747,5195.027940804336,FURNITURE,"fily along the quickly ironic ideas. final, final"
1639,Customer#000001639,"D3TLK5s,gc",15,25-602-810-8723,6491.889478063078,BUILDING,arefully furiously final pinto beans. daringly express deposits 
1640,Customer#000001640,mA8bUqB6WqNEe2nsQXlaHqMqaACj,41,12-521-364-1211,2484.1972834547637,BUILDING, regular ideas cajole! blithely express excuses b
1641,Customer#000001641,"7xCLYGLCpFU,toJBIPIrJbLIuLok81h IxK ae5Z",43,30-441-755-3094,2819.277018087563,MACHINERY, even deposits haggle. packages i
1642,Customer#000001642,"9f3 XsYXdvP0E39ZBi7r7oRCns3PTx,H",17,27-526-143-3959,7553.074844769747,BUILDING,ngly express dolphins boost carefu
1643,Customer#000001643,cq9NmtIT4b6JB8L79iLzljlHs4 3,15,25-110-215-3747,9551.341277833337,HOUSEHOLD,l deposits breach slyly ironic asymptotes. carefully pend
1644,Customer#000001644,KcLmBKitbx7NvU7bpu9clIyccxWG,43,30-933-714-8982,374.22596446744683,HOUSEHOLD,ts. blithely silent courts doze. regular atta
1645,Customer#000001645,droXvSIcNEElsEYS,14,24-973-990-6608,8296.736281032023,HOUSEHOLD,packages cajole furiously since the slyly
1646,Customer#000001646,RSELskV44I3LFA9VLGY2Qe,43,30-749-949-5915,3637.876003711051,FURNITURE,ake furiously express notornis. pending accounts hang slyly slyly blithe theod
1647,Customer#000001647,ewz5JNnxJPmPGY,21,31-562-675-6475,-867.6639622330309,AUTOMOBILE,n theodolites against the evenly even requests boost carefully pinto beans! fi
1648,Customer#000001648,F602TgKjElSWrZ,35,20-871-886-9220,8108.734269456441,FURNITURE,nding packages use. blithely regular sheaves doze blithely. fluffi
1649,Customer#000001649,N KwiRAwIk6KL9WJ6vt0G,9,19-589-784-1249,5905.123743464776,FURNITURE,ses are carefully. quickly regular theodolites cajole. carefully express accounts wake sly
1650,Customer#000001650,oR6sZslMa7bPLxtHFhqdJt,24,34-329-123-7678,9156.652864959384,BUILDING,pliers. ironic requests boost slyly carefully express ideas. blithely ironic foxes af
1651,Customer#000001651,"lKcUKtfu0myNF5msATCFVHHXfMg3,cdb",12,22-897-966-6672,9494.022158762089,AUTOMOBILE, instructions detect slyly. never pending dependencies use slyly enticing accounts. slowl
1652,Customer#000001652,WJ  lVLsFSgZJCHHLqwRmvCjWvYlCs0c2TvO,37,30-743-559-7934,8801.864199218258,HOUSEHOLD,ptotes. furiously even accounts haggle slyly. ironic foxes sl
1653,Customer#000001653,CTbTIB ZTYyKUSY42Ksz F33fxKsSG,24,34-945-256-3226,2573.460079229293,MACHINERY,yly pending deposits about the regular accounts pri
1654,Customer#000001654,qPQOo94iVl,4,14-865-332-8571,5975.437751891782,MACHINERY,onic patterns about the furiously pending
1655,Customer#000001655,m h2wQbujQnQOrcf109reW0 o,25,16-469-554-5196,2469.384965762237,MACHINERY,courts could hang quickly express epitaphs. foxes haggle above the carefully unusual requ
1656,Customer#000001656,vWLOrmXhRR,8,18-422-845-1202,6689.505529812463,AUTOMOBILE,press requests believe furiously. carefully final instructions snooze carefully. 
1657,Customer#000001657,"XeFbvXCQ,J",26,29-434-961-1623,9152.873804158304,MACHINERY,ecial pinto beans. instructions ought to cajole even
1658,Customer#000001658,l3LM2d2T1n c7yI4sOfpEbbd540qO66A4MARk,13,23-640-395-7009,5704.854532442114,AUTOMOBILE,eposits up the carefully bold requests mo
1659,Customer#000001659,WFOhG9Z9ohRdsyuYnPvBSv,34,20-825-880-1065,312.6586333342416,BUILDING,ly final deposits. fluffily ironic requests wake carefully carefully regular accounts. quickly sp
1660,Customer#000001660,U1Dvu0r793a,24,34-158-697-9591,6910.798579648586,MACHINERY,"accounts was. final, final requests wake. theodolites was slyly. blithely even foxes wake carefully ac"
1661,Customer#000001661,71mmXvaWKf,4,14-355-801-7486,9984.562208322604,FURNITURE,"l, regular gifts should have to x-ray blithely fluffily ironic"
1662,Customer#000001662,",Cris88wkHw4Q0XlCLLYVOAJfkxw",0,10-362-308-9442,1116.8224183258667,FURNITURE,"according to the final platelets. final, busy requests wake blithely across th"
1663,Customer#000001663,aWJkU6JJJOvgaKPOAJJc,8,18-290-794-6133,2350.7618914266245,HOUSEHOLD,"ter the bold, regular ideas! deposits eat. daringly unusual theodolites sleep alongside of the regular, fina"
1664,Customer#000001664,w0pOG5FhH45aYg7mKtHQhAWQKe,19,29-365-641-8287,3523.728367978797,AUTOMOBILE, blithely bold accounts about the quietl
1665,Customer#000001665,M0dd3R30k0YjIr4GVeo,11,21-661-875-1923,10183.170653597306,BUILDING, excuses nag carefully even accounts. unusual platelets detect carefully bold acco
1666,Customer#000001666,o3dtauyIeWwFRok2whWam0MLjmOdlG1H,24,34-329-328-2500,8474.170740872029,BUILDING, accounts nag fluffily blithely ironic pinto beans. carefully pending deposits dazzle along
1667,Customer#000001667,"BRnTy8RZ,1oHOg9ly8SsJLIyiuvhv",10,20-777-225-9349,2217.3474840033564,HOUSEHOLD,usual platelets along the quickly regul
1668,Customer#000001668,nxUZ BCBO1 HAymUcopl2NtyWMuWVnE3bqPVDB,14,24-278-860-9263,5611.021795718078,FURNITURE,ly. carefully pending packages cajole among the carefu
1669,Customer#000001669,y5J0HJVI6Mb k4rXTAPbxE9aw,15,25-233-924-7389,7330.375076595786,AUTOMOBILE,"he bold, even accounts breach"
1670,Customer#000001670,Nt6FUuDR7v,15,25-390-153-6699,8905.062724715272,BUILDING,furiously pending dolphins use. carefully unusual ideas must have to are carefully. express instructions a
1671,Customer#000001671,k5rfeOtchP1  w,15,25-725-599-1183,-774.0991551674813,BUILDING,idle packages cajole regular asymptotes. carefully express forg
1672,Customer#000001672,"gogI8kweD 2H6U,01lbIp0UWUwljSue,KRcC",2,12-177-329-4316,5639.942714331683,HOUSEHOLD,ptotes. silent requests cajole fluffily along the slyly permanent ideas. pending instr
1673,Customer#000001673,79bj5Rk3jJj9ked7M,38,13-554-411-6773,2965.0826973124517,HOUSEHOLD,re slyly even deposits. pending pac
1674,Customer#000001674,"OcXtKS,1Hvf2D0 rPvhw4qXViYOudQ3",13,23-496-475-9040,1983.956802455471,BUILDING,s accounts haggle against the furiously final asymptotes. ironically regular accounts boost. furiously fina
1675,Customer#000001675,INrMv02tUJWFSRMEbBl0oUTtCjry8qUcI8T,26,29-992-959-9626,-483.3005673686789,BUILDING,e furiously according to the slyly final ideas. blithely silent excuses cajole s
1676,Customer#000001676,c1r6G98ixzLQkvUV2KphsFwhYvpDo18oToGB,37,30-918-883-1662,2912.606336056503,AUTOMOBILE,anent dependencies are blithely above the quickly silent escapades. requests sleep. final foxes sleep slyl
1677,Customer#000001677,"WiWQk7DyBtI,hfP0CIZ",45,33-563-510-6488,2527.637082568686,HOUSEHOLD,l theodolites. regular ideas are around the furiously iron
1678,Customer#000001678," D8e2U3gYd57H4grcOr,02",27,24-506-574-8552,2452.422702133877,AUTOMOBILE,gular packages boost foxes. blithely bold escapades wake slyly special pack
1679,Customer#000001679,UC6I32JjBU62t4WgDe e2pDYbuM3VAt4MPM,14,24-359-633-2713,6302.407615719721,FURNITURE,s deposits sleep. blithely ironic dependencies wake. blithely even theodolites sleep. blithely 
1680,Customer#000001680,"F2X,GhSqLz8k u0gWsirsraFaEDEo6vIGtOTaO1T",46,21-730-373-8193,1713.0467175596402,AUTOMOBILE,uickly-- fluffily pending instructions boo
1681,Customer#000001681,x9ukZnNiUM5pBPXyE3epagewVQBPZzxGYD6sMH,29,17-866-269-1165,1427.6498208730427,BUILDING," the ironic packages sleep carefully express theodolites. even, final deposits across the even deposits nag after t"
1682,Customer#000001682,jzfaCksWUNlI,46,21-667-401-3780,1831.0752907693804,MACHINERY,ously ironic ideas are. unusual packages kindle along the dugouts. unus
1683,Customer#000001683,C4vlB8ENikVmaMizX3nH3zgds6,9,19-339-404-7859,8910.279207095393,BUILDING,accounts use furiously unusual pinto bean
1684,Customer#000001684,L OAVSFQauP87kLdHouM8,38,13-970-299-8199,3842.105673648517,MACHINERY,"ts. brave, express packages boost. even, pending instructions nag blithely regular theodolite"
1685,Customer#000001685,"0pgCxndi1coDLkAV,UJJDMV0wtVVahCQaQap 0M",41,12-450-116-1239,3062.1498072099234,HOUSEHOLD,"ully. even, final requests use slyly. blithely special packages wake carefully furiously busy"
1686,Customer#000001686,Vzraru5KbgcC3V,17,27-367-742-4090,5164.496160978932,FURNITURE,l dependencies. pending warhorses haggle. fluffily final accounts slee
1687,Customer#000001687,FT4jTOdVCpmYW,0,10-749-928-5415,3655.350060536595,FURNITURE,"sly special requests integrate carefully along the special foxes. regular, silent"
1688,Customer#000001688,"6JeLWEtDERPB,0KzWB,I6Xs8rJXAC8ryFulW5NPC",0,10-203-771-2219,2367.0042156588197,AUTOMOBILE, blithely daringly final theodolites. foxes ha
1689,Customer#000001689,bSLtrtrAaAky9GZuKhlQqp8BB,15,25-267-778-1591,2488.9893063190584,AUTOMOBILE,s. fluffily unusual accounts against the special theodolites print around the special the
1690,Customer#000001690,"OCLSZuXw1AEK NLvlofMkuK,YNe,bJD40a",22,32-459-427-9559,6934.7037399698265,FURNITURE,"ges integrate express, even ideas"
1691,Customer#000001691,"Hzjh65ZXBFSzflrjQgECkrp35gDha,2",29,17-573-775-8796,351.31117850911596,HOUSEHOLD,uriously pending courts are. deposits serve quickly blithely final excuses. slyly reg
1692,Customer#000001692,s0fqxkVVqLWR  IaqibwwOf,43,30-309-437-9265,-350.01752745094353,AUTOMOBILE,"usly final orbits are? unusual, ironic accounts are slyly. unusual requests sleep after the ironic,"
1693,Customer#000001693,EntXL7MF4lU,11,21-656-678-1337,9215.338954566047,BUILDING,unusual deposits engage along the carefully pen
1694,Customer#000001694,PtJQn0IjYtShb1f2uYTYBnnmUeGNiwcALU,0,10-229-548-7118,8589.528725833843,HOUSEHOLD,"nding requests. special, bold instruction"
1695,Customer#000001695,x9ukZnNiUM5pBPXyE3epagewVQBPZzxGYD6sMH,29,17-866-269-1165,545.2787866317506,BUILDING," the ironic packages sleep carefully express theodolites. even, final deposits across the even deposits nag after t"
1696,Customer#000001696,zK3TKgKVuFCBdjt,3,13-727-588-7092,-260.78406170241584,AUTOMOBILE,ove the carefully ironic asymptotes. quickly final Tiresias wake regular packages. s
1697,Customer#000001697,"5kSJ3qMS,7YKdfmwBFzQN4y8EgPiH,8ln19",15,25-456-286-6398,8455.30863675623,HOUSEHOLD, of the bold requests. blithely regular accounts nag alongside of the carefully silent dolphins. carefully 
1698,Customer#000001698,viRe1P6HiyL4LXpU7HPwu,15,25-329-655-5068,9635.499491021843,BUILDING,yly ironic requests cajole pending pla
1699,Customer#000001699,"K1rQq6exc3WcVCcgIjA4SaeqxtK2,HG1",8,18-377-181-4654,7899.4381233938975,HOUSEHOLD,"the blithely silent dinos. even, special hockey pla"
1700,Customer#000001700,ZOyMxutVHpJy,3,13-802-978-9538,-38.50714597891175,AUTOMOBILE,counts wake slyly above the instructi
1701,Customer#000001701,kX6yufw5dfKrgwQPVwWE7,2,12-824-451-8526,9015.77400835006,HOUSEHOLD,hins. furiously unusual foxes about the regular foxes wake blithel
1702,Customer#000001702,LJ3J3i0BlPLrhKi6VabXxNrtpLAGH,16,26-598-565-1269,4868.696144995072,AUTOMOBILE,usly quickly unusual attainments. stealthily unusual requests cajole ironic reques
1703,Customer#000001703,rvgayfJFLO2cjzMA,48,11-240-523-8711,4232.29103751883,FURNITURE,"lets would affix fluffily. regular, regular ideas ought to haggle carefully blit"
1704,Customer#000001704,qPQOo94iVl,4,14-865-332-8571,6215.134040630797,MACHINERY,onic patterns about the furiously pending
1705,Customer#000001705,QVr2XTDOMzWcLKHtNgrLK,21,31-966-407-1575,5230.623773090369,BUILDING,haggle. special foxes sleep blithely
1706,Customer#000001706,yEUlreh6mkGmg8SIwKZooUOJ42kuZwAptaR4HAJ,22,32-358-270-1819,2343.6868669782166,HOUSEHOLD,"lar, express packages cajole bravely permanently final packages. blithely even dolphins nag finally special theo"
1707,Customer#000001707,4iLVKtSmtJpU,21,31-898-640-7625,1214.9682757939447,AUTOMOBILE,sly final ideas. carefully bold pinto beans wake: slyly regular packages must sleep. final platelets inte
1708,Customer#000001708,LJ3J3i0BlPLrhKi6VabXxNrtpLAGH,16,26-598-565-1269,3493.5006564985943,AUTOMOBILE,usly quickly unusual attainments. stealthily unusual requests cajole ironic reques
1709,Customer#000001709,jg0YsHARdoULvVtP2vGHLVoAfWKFNz6QdTeAi,24,34-527-524-9172,3426.560253217161,AUTOMOBILE,slyly regular ideas. even theodolite
1710,Customer#000001710,"cZhhOUzv6,Vbaa2bFT",33,32-885-298-6750,9322.681747761477,FURNITURE,y final packages. furiously ironic packages was. fluffily ironic instructions integrate
1711,Customer#000001711,"4R6pspbuk5Sp,036VraUEKPBzs",4,14-865-140-8680,-1480.790544134391,HOUSEHOLD,. finally even ideas wake slyly pending dolphins. slyly even instructions wake whithout the p
1712,Customer#000001712,"eaOl5UBXIvdY57rglaIzqvfPD,MYfK",12,22-302-930-4756,2725.232110435121,BUILDING,usly regular theodolites boost furiously doggedly pending instructio
1713,Customer#000001713,"XSTf4,NCwDVaWNe6tEgvwfmRchLXak",13,23-768-687-3665,166.38391748154976,AUTOMOBILE,l accounts. blithely ironic theodolites integrate boldly: caref
1714,Customer#000001714,6Y1gEH0gMLh0yzlipNR,33,32-925-597-9911,6174.194452027102,AUTOMOBILE, requests cajole blithely quick
1715,Customer#000001715,TbUHVhkttz,16,26-201-301-7371,8890.178149560425,BUILDING," even, even accounts are. ironic "
1716,Customer#000001716,i8mS 0Plk2tI8HG1Mnzj8v5RIl5JqmwTSW2Wq,1,11-379-392-2701,3598.5367474418163,BUILDING,"s. carefully final deposits detect furiously slyly even packages. final, special accounts eat along "
1717,Customer#000001717,x9ukZnNiUM5pBPXyE3epagewVQBPZzxGYD6sMH,7,17-866-269-1165,-264.52089787736634,BUILDING," the ironic packages sleep carefully express theodolites. even, final deposits across the even deposits nag after t"
1718,Customer#000001718,zJvPI24TSPpiFzYfu3RvTKQ9,38,13-741-675-6890,1876.6129250906138,AUTOMOBILE,rs. blithely ironic deposits nag furiously across the furiously ironic accounts. bold deposits sleep express
1719,Customer#000001719,dDsmiig0T4oFKaf9ttFeh1etLvSIc9aV1xF2H,11,21-941-208-2485,7228.178956656952,AUTOMOBILE,"es detect accounts. slyly bold theodolites wake ironic, special accounts. instructions cajo"
1720,Customer#000001720,7RqtNwcSPbaUKaC,26,29-797-132-6916,1965.5578203844982,BUILDING,thely. furiously regular accounts above the ironic platelets wake slyly blithely bold pint
1721,Customer#000001721,sjk1DTHWVMX53kG8AbTtTh1EcMvWeDO8gFDdpQOK,21,31-367-294-4048,8425.332941777137,AUTOMOBILE,lithely regular deposits. carefully pending deposits sleep. quickl
1722,Customer#000001722,ORP6ofUwyD1,41,12-513-973-2702,4823.665836697209,AUTOMOBILE,foxes would cajole furiously slyly special forges; slyly regular pinto beans inste
1723,Customer#000001723,k3LXBO5QJrG94TBG77adB1HjqQkleDyUf2c,7,17-619-730-9883,1486.1595967340759,BUILDING,"xpress, even accounts integrate. ironic, special requests doze. carefully express instructions doze furio"
1724,Customer#000001724,N8q4W4QQG2mHY47Dg6,37,30-151-905-3513,8881.7027953539,HOUSEHOLD,es affix furiously regular deposits. blithely ironic asymptotes after the blithely e
1725,Customer#000001725,rayz3tXswDbL4hyIr5SMrEIOTqvmok48e,12,22-181-313-6281,10141.622745095852,FURNITURE,press deposits-- fluffily express accounts cajole carefully according to the daringly even deposits-- furi
1726,Customer#000001726,WD3OuRpJ0NVj2qslrTkUPmeJqVx5,29,17-980-394-5868,6019.918627061325,MACHINERY,s. blithely even courts wake quickly: quickly silent pains doubt slyly. slyl
1727,Customer#000001727,2fRlubh lWRinCs1nimADdn,1,11-886-563-6149,7621.1013286502,MACHINERY, packages are. requests integrate regularly across th
1728,Customer#000001728,M uLSFG6IrQkKQxrH5vCbPjglIpB3JC,47,15-789-973-6601,2759.7528736287004,BUILDING, blithely bold dependencies detect slyly. carefully silent platelets haggle along the pinto beans
1729,Customer#000001729,YsOnaaER8MkvK5cpf4VSlq,47,15-817-151-1168,7025.3429987885775,BUILDING,"ependencies. regular, ironic requests are fluffily regu"
1730,Customer#000001730,"aKALIG526OK4veQfUh2KmKcE,oRyg",26,29-667-766-5291,3889.149054856157,BUILDING,l instructions wake. slyly express deposits us
1731,Customer#000001731,"9f3 XsYXdvP0E39ZBi7r7oRCns3PTx,H",17,27-526-143-3959,7267.746273257605,BUILDING,ngly express dolphins boost carefu
1732,Customer#000001732,hSaNqI1P2IyEFHY0r0PsPkMqt,32,28-187-946-4260,-2213.953416840413,BUILDING,"bold packages. regular, final asymptotes use quickly fluffily even waters. blithely express requests wake into th"
1733,Customer#000001733,3fDiGmN64En0ei,46,21-537-461-3965,2966.46948362732,BUILDING,accounts. quiet deposits sleep. slyly even instructions detect about the blithely bold instru
1734,Customer#000001734,5KyisO0Tv9ZtlJhzyI7vAe88,21,31-483-489-6172,2278.8908358698045,FURNITURE," among the quickly express theodolites. accounts sleep furiously along the special, pending depende"
1735,Customer#000001735,",7fcZHIUn,fUaQtK8U,Q8",44,11-237-758-6141,3741.9593157923036,AUTOMOBILE,tions. slyly ironic waters wa
1736,Customer#000001736,EN9aD5Xgh2q,36,33-460-986-9418,894.6362713695755,FURNITURE,lithely express requests along the carefully pendi
1737,Customer#000001737,KtdEacPUecPdPLt99kwZrnH9oIxUxpw,8,18-924-993-6038,8365.110495954563,MACHINERY,"mong the ironic, final waters. regular deposits above the fluffily ironic instructions"
1738,Customer#000001738,VxYZ3ebhgbltnetaGjNC8qCccjYU05 fePLOno8y,48,11-717-379-4478,7658.58237336618,MACHINERY,"ges. slyly regular accounts are slyly. bold, idle reque"
1739,Customer#000001739,dSpUFl8IR8Gh,21,31-869-580-1707,3653.0596330003436,FURNITURE,"pending, express platelets poach furiously after th"
1740,Customer#000001740,CgaNokxe s,11,21-839-103-4411,9548.564007067635,MACHINERY,elets. bold packages use blithely special foxes. quick
1741,Customer#000001741,7PslyqtS1K2Pabjht 4qgaZ1BbSNFfz6QiK4K,19,29-393-445-2761,6682.761151251169,AUTOMOBILE,"c, even deposits. accounts do use. regular accounts haggle blithely special, express courts. blithely"
1742,Customer#000001742,OIlgR6oIRXV5g63q5YGudCjRD8kpod2p,4,14-716-294-6674,-77.40516879671895,FURNITURE,r deposits. carefully silent packages after the fluffily even instructio
1743,Customer#000001743,"fc,TCo2zqB9T3C5IbaGkfV3,hLqLr",3,13-486-903-2349,3071.7796233450017,AUTOMOBILE," regular, ironic ideas are carefully against the silent packages. careful, "
1744,Customer#000001744,"kAALP9gEt3,G9XtxCXjv38HjKBEP",9,19-269-971-9738,8363.603405355376,AUTOMOBILE,efully express accounts play. special requests use carefully. regular courts sle
1745,Customer#000001745,fAfmAacTlPc,13,23-959-476-7310,461.50250513348453,FURNITURE,ckages cajole slyly even requests. express 
1746,Customer#000001746,ZD4fphyxb5pyE,0,10-987-901-3986,1955.7245777265503,MACHINERY,ding excuses haggle furiously regular foxes. finally
1747,Customer#000001747,F8WBznjtO2bX2knXl4ghnsp ixWylkf,16,26-714-322-4800,2527.1238081031065,MACHINERY,tructions. quick theodolites kindle
1748,Customer#000001748,FIis0dJhR5DwVCLy,0,10-918-863-8880,-91.54455881701648,AUTOMOBILE,"ts cajole quickly according to the pending, unusual dolphins. special, ironic c"
1749,Customer#000001749,"9,BVYegfkFLsEMDkeVW",14,24-753-433-1769,7203.772675310687,HOUSEHOLD,al hockey players; ironic dependencies after t
1750,Customer#000001750,"WN7onCgcC,,Lt4dC4C f7SCgnHWSjeTUp",18,28-575-379-5893,9459.733243248795,BUILDING,y across the regular dependencies. fur
1751,Customer#000001751,"6VvIwbVdmcsMzuu,C84GtBWPaipGfi7DV",32,28-803-187-4335,8032.241217910739,AUTOMOBILE,ress packages above the blithely regular packages sleep fluffily blithely ironic accounts. 
1752,Customer#000001752,"r dreL8m8cRaiIz IqZ83oMo,AVxe2PbsHQzK",27,24-249-588-1969,167.70712691189365,FURNITURE,"express asymptotes haggle furiously. fluffily special deposits haggle quietly even, special tithes. ironic foxes alo"
1753,Customer#000001753,"lKcUKtfu0myNF5msATCFVHHXfMg3,cdb",12,22-897-966-6672,9797.364914099162,AUTOMOBILE, instructions detect slyly. never pending dependencies use slyly enticing accounts. slowl
1754,Customer#000001754,GIdW4IVgeqWMBXnNFZGHS8kmhw,4,14-916-241-6195,8502.780390761865,AUTOMOBILE,lar accounts. finally pending dependencies solve fluffily 
1755,Customer#000001755,c dPfaAmmoLjR3m,40,33-487-459-1026,4214.799938067715,MACHINERY,ously silent foxes cajole slyly pe
1756,Customer#000001756,holp1DkjYzznatSwjG,15,25-209-544-4006,-467.95922134731427,MACHINERY,y special ideas. slyly ironic foxes wake. regular packages alongside of the deposit
1757,Customer#000001757, aiYAeWgI0okGSJv7OgvKqMvPLhxF3blT8josX,36,33-302-620-7535,3814.350960713779,FURNITURE,ckages nag blithely regular requests: carefully final packages between the slyly regular instructions sleep 
1758,Customer#000001758,"vLP7iNZBK4B,HANFTKabVI3AO Y9O8H",17,27-357-139-7164,-1338.9292352297985,BUILDING, detect. packages wake slyly express foxes. even deposits ru
1759,Customer#000001759,gbIvFlCygHjj5NG7U,24,34-761-987-7777,970.3086039719564,AUTOMOBILE,"uriously final requests boost regular, final ideas. fluffily busy packages promise? requests along the bold, s"
1760,Customer#000001760,zO3W9pYj PvlsQGe,9,19-209-647-5704,-972.6238497034661,HOUSEHOLD,ter the quickly pending requests sleep above the carefully iron
1761,Customer#000001761,"LlyEtNEXT6kkZ,kGP46H",26,29-433-197-6339,5014.128174674622,HOUSEHOLD,regular dugouts: blithely even dolphins cajole furiously carefull
1762,Customer#000001762,IGGK4SXvT5ioAeT2fbVYDemsTTqqhsQu6,21,31-433-694-1822,8908.731867088036,AUTOMOBILE,ely after the carefully bold accounts. carefully ironic packages are silent packages. blithely ironic pinto beans ar
1763,Customer#000001763,35jI39rgIHCI4Pwvpy1beKgL0,13,23-207-256-7245,1822.2821487602423,FURNITURE,tes cajole. blithely express request
1764,Customer#000001764,"Y2pxeGWkTyaq,0RCzIbZ3",48,11-276-906-3193,1247.0968831288296,FURNITURE,usly ironic theodolites cajole furiously. final ep
1765,Customer#000001765,VxYZ3ebhgbltnetaGjNC8qCccjYU05 fePLOno8y,44,11-717-379-4478,6001.87986282021,MACHINERY,"ges. slyly regular accounts are slyly. bold, idle reque"
1766,Customer#000001766,"K61SvIue3Emcwfel,7f9tO5WyJ58MbT7k3iS",41,12-100-890-4659,250.8527850700688,FURNITURE,ickly even pinto beans affix across the bravel
1767,Customer#000001767,L1hGsNrx4BiN5DIZGk7WMsB90T4ag,4,14-558-935-8773,3826.681260703171,MACHINERY,le carefully. sly asymptotes sleep fluffily unusual packages. final deposi
1768,Customer#000001768,OoVPZGR5hUp8oo,16,26-593-941-5690,-1989.674646744016,MACHINERY,integrate furiously furiously even pinto beans. ironically pending packages cajole quickly furiously special 
1769,Customer#000001769,XJ94RTR2oXI omeh,4,14-127-261-7876,2446.1394301118175,FURNITURE,pinto beans. asymptotes about the slowly even theodolites are pending requests
1770,Customer#000001770,"XSTf4,NCwDVaWNe6tEgvwfmRchLXak",13,23-768-687-3665,-349.70812115166905,AUTOMOBILE,l accounts. blithely ironic theodolites integrate boldly: caref
1771,Customer#000001771,nW1X1Hl9uWycuBEu3F3,6,16-988-776-4568,1737.5941685869864,MACHINERY,"riously regular ideas sleep into the final, unusual"
1772,Customer#000001772,fjKlKFyxTQRJjLeT1Md,28,20-305-428-9878,3289.177718431703,AUTOMOBILE," deposits haggle ironic, bold packages. quickly unusual packages print furiously care"
1773,Customer#000001773,"vQ,pEzMQaFgJzK4TJ2eA",48,11-451-622-6325,2094.626917546366,MACHINERY,equests. carefully ironic deposits detect carefully abo
1774,Customer#000001774,"PZ4mmWL7R,El0MtLWMfLXp120lo0,itmO",8,18-209-381-8571,5891.659571507852,HOUSEHOLD,"sts. slyly even dolphins across the bold, regular foxes haggle blithely"
1775,Customer#000001775,CqLhg io1CpQKhrVHHDhWg1Omrx1hLcpKB6h,4,14-909-417-8324,118.61086977372554,BUILDING,ticing packages maintain doggedly carefully regular instructio
1776,Customer#000001776,M0dd3R30k0YjIr4GVeo,11,21-661-875-1923,7855.399195456121,BUILDING, excuses nag carefully even accounts. unusual platelets detect carefully bold acco
1777,Customer#000001777,RDJWEmcAk4GC8OT8WCsXB,28,20-134-926-5391,6622.366175103363,HOUSEHOLD,g courts nag daringly brave pains. blithely special deposits use blithely carefully c
1778,Customer#000001778,xKiAFTjUsCuxfeleNqefumTrjS,8,18-338-906-3675,8329.304736303782,FURNITURE,r theodolites according to the requests wake thinly excuses: pending requests haggle furiousl
1779,Customer#000001779,kX6yufw5dfKrgwQPVwWE7,2,12-824-451-8526,8546.766990008393,HOUSEHOLD,hins. furiously unusual foxes about the regular foxes wake blithel
1780,Customer#000001780,pO80QGjK7S0Kmoh46dViD K4OSEVDyiJ53CN,16,26-983-192-5480,9911.661591184662,MACHINERY,s carefully ironic packages. accounts boost boldly fluffily even gifts. slyly final fo
1781,Customer#000001781,k2dnnQZowe,24,34-457-910-7430,9678.582681335656,BUILDING,accounts cajole slyly quickly express platelets. carefully silent theodolites wake carefully. pe
1782,Customer#000001782,"Abye1MwcNfY0KO6yqv,Wwe",19,29-859-139-6234,5821.626002927256,MACHINERY,le carefully according to the quickly silent packages. quickly ironic packages affix according to the ruthles
1783,Customer#000001783,kEDBn1IQWyHyYjgGGs6FiXfm3,8,18-864-953-3058,4179.2426045646935,MACHINERY,ages? fluffily even accounts shall have to boost furiously alongside of the furiously pendin
1784,Customer#000001784,2orgvLJ05jOvM292mhkS7iJmHG0jk,22,32-840-785-1776,7955.726893562445,BUILDING,uickly brave requests haggle furiously carefully special idea
1785,Customer#000001785,PDrllSkScKLh4lr19gmUZnK,8,18-585-850-3926,1391.79990978377,BUILDING,ously ironic accounts. furiously even accounts accord
1786,Customer#000001786,",k4vf 5vECGWFy,hosTE,",4,14-776-370-4745,285.2674239459102,AUTOMOBILE,"sual, silent accounts. furiously express accounts cajole special deposits. final, final accounts use furi"
1787,Customer#000001787,DGLUWG9evYLNbYhOXVzqZ LdfIMVfBjDf,1,11-336-453-4489,5217.342013892214,BUILDING," ideas. even, regular excuses after the ironic requests cajole blithe"
1788,Customer#000001788,Vzraru5KbgcC3V,17,27-367-742-4090,5089.969429458165,FURNITURE,l dependencies. pending warhorses haggle. fluffily final accounts slee
1789,Customer#000001789,J2UwoJEQzAOTtuBrxGVag9iWSUPTp,31,16-585-233-5906,7148.565032205425,AUTOMOBILE,ve the final asymptotes. carefully final deposits wake fu
1790,Customer#000001790,8WcsyfQU5svH9miWvYbSTH9,29,17-107-228-8125,-447.1560359834388,HOUSEHOLD,inal platelets. quickly ironic requests do are carefully carefu
1791,Customer#000001791,"p94EVXQW,Q3bhXDyhG1Gp96b5zbaW",40,33-873-120-5388,3245.148715738341,BUILDING,gle ruthlessly. furiously express dolp
1792,Customer#000001792,9mcCK L7rt0SwiYtrbO88DiZS7U d7M,28,20-966-284-8065,-146.069081975419,FURNITURE,rate carefully slyly special pla
1793,Customer#000001793,"vQ,pEzMQaFgJzK4TJ2eA",48,11-451-622-6325,1903.3554492389828,MACHINERY,equests. carefully ironic deposits detect carefully abo
1794,Customer#000001794,"4AjU4c4D4AMLwQx,lAJGwBIgmT7oSZwYUv0es3J",24,34-741-256-6399,6674.74033731501,MACHINERY,ckly regular accounts affix slyly carefully unusual 
1795,Customer#000001795,"GHCEiSK0TKsOncuJT3,2zSvlZW4Pz",24,34-440-798-1100,-229.6476252697504,FURNITURE,ular pinto beans. slyly special deposits according to the slyly ironic requests maintain quickly 
1796,Customer#000001796,r6f34uxtNID YBuAXpO94BKyqjkM0qmT5n0Rmd9L,5,15-846-260-5139,1183.4343278395772,HOUSEHOLD,symptotes. furiously careful re
1797,Customer#000001797," D8e2U3gYd57H4grcOr,02",14,24-506-574-8552,1970.1201267596782,AUTOMOBILE,gular packages boost foxes. blithely bold escapades wake slyly special pack
1798,Customer#000001798,szsrOiPtCHVS97Lt,15,25-515-237-9232,4058.257781793248,HOUSEHOLD,"cajole slyly about the regular theodolites! furiously bold requests nag along the pending, regular packages. somas"
1799,Customer#000001799,kDzx11sIjjWJm1,6,16-342-316-2815,5236.763076787192,HOUSEHOLD,promise carefully. unusual deposits x-ray. carefully regular tithes u
1800,Customer#000001800, LErnJFeOuDeMgvVzPKHS,5,15-915-758-7313,1412.1247015142053,MACHINERY,"accounts. slyly final attainments boost slyly express, pen"
1801,Customer#000001801,"hUCH2juGwk4OtThyY8p35Hi0,IfOGA",15,25-465-180-9022,9053.573292405283,FURNITURE,the quickly pending deposits cajole care
1802,Customer#000001802, aiYAeWgI0okGSJv7OgvKqMvPLhxF3blT8josX,45,33-302-620-7535,3868.185281145952,FURNITURE,ckages nag blithely regular requests: carefully final packages between the slyly regular instructions sleep 
1803,Customer#000001803,"ZoRr18ZiDTtkRduo6PO60gNRg,b46zOe QdS8B",13,23-410-801-1644,794.3397757238266,BUILDING,ding dependencies hang alongs
1804,Customer#000001804,W1GdUKr3vQMVAZIU,28,20-543-260-5157,-1164.5454193806377,AUTOMOBILE, blithely unusual theodolites detect doggedly. bold dolphins was blithely. pinto beans use carefully at the furiou
1805,Customer#000001805,"9F8p,XsLLxyiZ3b8NN",26,29-941-553-8245,9442.586876146212,FURNITURE,al excuses boost to the ideas. unusual requests are across the slyly
1806,Customer#000001806,"2oRkx,NtjFUh",29,17-805-718-2449,3947.996340458048,MACHINERY,ptotes nag carefully instructions. silent accounts are. furiously even accounts alongside
1807,Customer#000001807,UQ67hfDJlxgX68hiFPmDuHav12Vx,16,26-439-495-8236,5549.685104098868,FURNITURE,sits wake blithely according to the slyly un
1808,Customer#000001808,cq9NmtIT4b6JB8L79iLzljlHs4 3,15,25-110-215-3747,8730.004564090028,HOUSEHOLD,l deposits breach slyly ironic asymptotes. carefully pend
1809,Customer#000001809,"oR0kHfL6GWhF VPD,mM1Jxsd9l3nZEkfDn",34,20-339-347-9046,9089.89722503371,MACHINERY,"egular asymptotes along the even, express packages sleep express realms; carefully final packages haggle quickly"
1810,Customer#000001810,k2dnnQZowe,24,34-457-910-7430,9482.704140602793,BUILDING,accounts cajole slyly quickly express platelets. carefully silent theodolites wake carefully. pe
1811,Customer#000001811,"ovOZcFGL31uxmA2ifIYudX6OuwNDz,B",29,17-306-898-9363,5705.736087302381,MACHINERY,unts wake slyly excuses. bravely even pinto beans across the furiously final de
1812,Customer#000001812,IAnWq4YFKs7,2,12-269-807-3861,5870.043689234205,HOUSEHOLD,ages sleep fluffily. packages after the carefully express packages nag slyl
1813,Customer#000001813,kP1xK5be a8tW5JRSq0nwJWgKbO,4,14-364-661-8744,715.6235439814486,FURNITURE, the quickly even packages wake fur
1814,Customer#000001814,"aKALIG526OK4veQfUh2KmKcE,oRyg",26,29-667-766-5291,3597.820381069769,BUILDING,l instructions wake. slyly express deposits us
1815,Customer#000001815,"j3vjr0 n,pJFG4gIOtC",41,12-702-315-6637,3265.2091080781042,HOUSEHOLD,lly. furiously quick deposits haggle quickly regular packages. pinto 
1816,Customer#000001816,"xyV8 FbW4xS,JhkxC0dY527tzcMKxM",24,34-750-735-1314,-161.4139409827908,AUTOMOBILE,s. furiously ironic deposits against the carefully bold accounts wake carefully even deposits. fluffily even
1817,Customer#000001817,"2QBxK8WIryWMZTsDM JS7GxWCB6Y71Swa,f1EUxk",8,18-210-546-2836,2829.6445751728634,HOUSEHOLD," use alongside of the ironic, pending foxes. final packages use. ironic, unusual dependencies haggle"
1818,Customer#000001818,"Gbx5Hnw,ctlI7",11,21-643-955-6555,5626.85040864387,FURNITURE,"old dependencies mold slyly above the foxes. dogged, express ins"
1819,Customer#000001819,FIis0dJhR5DwVCLy,0,10-918-863-8880,212.84561040067223,AUTOMOBILE,"ts cajole quickly according to the pending, unusual dolphins. special, ironic c"
1820,Customer#000001820,v9 gWSuP4WrOjNJRgyJtjbNCChQME,43,30-507-458-4433,3536.02454160385,HOUSEHOLD,ilent excuses. never ironic requests sleep furiously. daringly f
1821,Customer#000001821,"FOuY,endAFj",0,10-775-919-7154,7454.0002559515415,AUTOMOBILE,foxes across the silent platelets haggle fluffily special requests. unusu
1822,Customer#000001822,umgqzlyUW3AYz2C39YMhIgf,28,20-890-161-8958,2755.2840461021615,BUILDING, accounts. carefully regular theodolites run fluffily carefully e
1823,Customer#000001823,5OyNRajjgjjbaXtI rkxvB2lX4c6u,8,18-235-587-1274,1013.584578757613,BUILDING,"s. regular, regular deposits sleep carefully blithely bol"
1824,Customer#000001824,a5Ee5e9568R8RLP 2ap7,12,22-306-880-7212,6319.521880996783,HOUSEHOLD,lar excuses. closely even asymptotes cajole blithely excuses. carefully silent pinto beans sleep carefully fin
1825,Customer#000001825,CnR8xt3MYqID0tiHwYh,42,31-744-950-8047,1572.8978115206119,MACHINERY,c decoys impress even deposits. thinly final asymptotes 
1826,Customer#000001826,"ORf,IQyXsXJ1svlQ,5U",26,29-865-304-6982,1401.0389457204192,FURNITURE,posits. accounts are carefully. carefully express deposits cajole-- slyly bold dugouts wake according to 
1827,Customer#000001827,"2RSC1g7cVd,j23HusdkhdCGmiiE",12,22-544-152-1215,2592.275714127445,FURNITURE, pinto beans believe fluffily. excuses wake blithely silent requests. b
1828,Customer#000001828,"eqo9A9oaE2CA7 7,L",36,33-394-388-4375,2542.6084574709184,MACHINERY,al deposits mold alongside of the fluffily brave requests. 
1829,Customer#000001829,L OAVSFQauP87kLdHouM8,38,13-970-299-8199,3698.0605407167714,MACHINERY,"ts. brave, express packages boost. even, pending instructions nag blithely regular theodolite"
1830,Customer#000001830,IS8GIyxpBrLpMT0u7,3,13-137-193-2709,5024.030987319376,BUILDING, about the carefully ironic pinto beans. accoun
1831,Customer#000001831,ToEmqB90fM TkLqyEgX8MJ8T8NkK,3,13-452-318-7709,9749.802675300303,AUTOMOBILE,ic packages. ideas cajole furiously slyly special theodolites: carefully express pinto beans acco
1832,Customer#000001832,"oR0kHfL6GWhF VPD,mM1Jxsd9l3nZEkfDn",10,20-339-347-9046,7972.816872677187,MACHINERY,"egular asymptotes along the even, express packages sleep express realms; carefully final packages haggle quickly"
1833,Customer#000001833,wW2OgnHj6dBz tO9OXFqCLm,4,14-670-423-7529,232.6490291695768,HOUSEHOLD,"sleep slyly ironic, express ideas. slyly special packag"
1834,Customer#000001834,2ZgAkaBgb6aigORfIfUd3kHbPi42,25,16-161-235-2690,1337.7805639558505,AUTOMOBILE,lar gifts. carefully even deposits boost! furiously even braids use afte
1835,Customer#000001835,EJcG18hFrS0SPT0yvl1b,41,12-878-466-6505,2397.23095601993,HOUSEHOLD,ntegrate by the carefully special requests. dolphins sleep e
1836,Customer#000001836,"meekxaMlz5c1uE3wV7a,u h WcU,1OJz",4,14-664-604-8633,2221.631783488189,HOUSEHOLD,s are carefully after the permanent foxes. fluffily 
1837,Customer#000001837,"PZ4mmWL7R,El0MtLWMfLXp120lo0,itmO",8,18-209-381-8571,4927.06075019208,HOUSEHOLD,"sts. slyly even dolphins across the bold, regular foxes haggle blithely"
1838,Customer#000001838,"DHom,LSHKfYSwLSZv39AooYQHlvbaeztefjwR",3,13-692-286-8158,6679.900793490543,MACHINERY,es. blithely unusual asymptotes sleep ironic accounts. fluffily express sheaves haggle fl
1839,Customer#000001839,k2dnnQZowe,24,34-457-910-7430,9410.364311416331,BUILDING,accounts cajole slyly quickly express platelets. carefully silent theodolites wake carefully. pe
1840,Customer#000001840,ThR9miOedPuwVEZyz 3MMjHPwB,0,10-834-287-1466,5454.8243243474535,HOUSEHOLD,"s cajole final, regular dependencies. final accounts sleep! furiously regular requests wake slyly silent"
1841,Customer#000001841,4h SK3dVkE1tQ0NCh,22,32-696-724-2981,6270.112953800921,BUILDING,y express deposits. slyly ironic deposits nod slyly slyly ironic instructions. carefully quick idea
1842,Customer#000001842,CSf1BbFhJhucmvftOwYLQACMEqgXj,38,13-673-633-4561,2311.9467333243997,AUTOMOBILE,eposits. slyly ironic dependencies haggle quickly. slyly close orbits above
1843,Customer#000001843,KEyFI2gYMZrSVbMMMIf,10,20-774-197-6595,8227.257846661889,BUILDING,fter the blithely regular pinto beans. express asymptotes sleep special pa
1844,Customer#000001844,izrh 6jdqtp2eqdtbkswDD8SG4SzXruMfIXyR7,41,12-970-682-3487,-576.6698193884807,AUTOMOBILE,packages wake! blithely even pint
1845,Customer#000001845,S3sw3q SDWVuUoEFvwv9M,30,30-615-967-7758,6546.646622377645,BUILDING, carefully alongside of the blithely even theodolites. carefully ironic instructions wake after the spec
1846,Customer#000001846,I3DrbiKwP3dxs1jF0iDwXh,47,15-881-433-2257,-1485.2778130173679,BUILDING,old deposits alongside of the packages are 
1847,Customer#000001847,"2HaYxi0J1620aoI1CdFyrW,rWOy",34,20-383-680-1329,5986.879901959248,AUTOMOBILE,ecoys. fluffily quick requests use flu
1848,Customer#000001848,5aW5WHphNgFdIS1Qdp2cIJXG8ER8,40,33-845-877-6997,2500.9076531751834,AUTOMOBILE,totes are blithely among the furiously final foxes. slyly 
1849,Customer#000001849,m0sYmeYs5wLydSS qw542Et32,15,25-894-843-9171,2413.758692392035,FURNITURE, carefully across the express foxes. carefully special accounts ca
1850,Customer#000001850,1bk KBemIEsKhD3VyXa6IRLx 4GH u,8,18-294-992-6523,5407.518890853791,AUTOMOBILE,"onic packages across the bold, regular dolphins boost furiously furious multipliers; furiously specia"
1851,Customer#000001851,"EsCrt4chk,3IRIzwMHTu 6VQWrfh",17,27-651-256-7682,10285.958096136548,BUILDING,as. quickly regular requests are carefully above th
1852,Customer#000001852,szsrOiPtCHVS97Lt,15,25-515-237-9232,4393.431273065827,HOUSEHOLD,"cajole slyly about the regular theodolites! furiously bold requests nag along the pending, regular packages. somas"
1853,Customer#000001853,CqLhg io1CpQKhrVHHDhWg1Omrx1hLcpKB6h,4,14-909-417-8324,-112.93237163384316,BUILDING,ticing packages maintain doggedly carefully regular instructio
1854,Customer#000001854,3fDiGmN64En0ei,11,21-537-461-3965,3629.65938428257,BUILDING,accounts. quiet deposits sleep. slyly even instructions detect about the blithely bold instru
1855,Customer#000001855,fAfmAacTlPc,13,23-959-476-7310,1535.3360811005405,FURNITURE,ckages cajole slyly even requests. express 
1856,Customer#000001856,0 qRRXAxUbo1J KDwDMjFde5fXDwn ,36,33-937-724-3506,1607.5371481497064,BUILDING,fluffy ideas detect carefully 
1857,Customer#000001857,cJ3cHoAjAiaxTU2t87EJM,4,14-152-594-2967,1438.0702657857846,MACHINERY,dolphins haggle fluffily across the final requests. regularly unusual sentiments detect fluffily requests. regular
1858,Customer#000001858,YNviWd WrRkZvSw1OxIewBq,9,19-653-305-8440,4002.9837549506096,FURNITURE,final requests cajole furiously acro
1859,Customer#000001859,m61hvYPASIGmNJx7Tu,24,34-601-151-4029,3663.0601825154667,FURNITURE,ymptotes. blithely bold requests shall are about the furiously final platelets.
1860,Customer#000001860,pO80QGjK7S0Kmoh46dViD K4OSEVDyiJ53CN,16,26-983-192-5480,9600.682513738639,MACHINERY,s carefully ironic packages. accounts boost boldly fluffily even gifts. slyly final fo
1861,Customer#000001861,"zyWvi,SGc,tXTls",0,10-351-119-7514,5231.75485005842,MACHINERY, bold excuses. furiously even asymptotes across the carefully regular dugouts cajole fur
1862,Customer#000001862,"56K JjC bMcgbXlJA4KI Icu uggsRoviMQm,F",39,17-494-757-5759,7867.332547046277,FURNITURE, according to the slyly bold accounts. 
1863,Customer#000001863,leG5nToZpjmWNeaOsVv,20,30-331-754-7359,5479.43037471696,AUTOMOBILE, pinto beans. blithely regular packages sleep carefully blithely ironic requests. requests eat blithely aga
1864,Customer#000001864,P1eCXsPWkv2y6ENQv,16,26-811-707-6869,2640.745341753148,BUILDING,o beans hinder slyly bold accounts.
1865,Customer#000001865,naGyIRPFPH E,15,25-461-140-9884,9336.571609303668,AUTOMOBILE, regular deposits sleep against the accounts. foxes cajole carefully special 
1866,Customer#000001866,"pM4DXkl6Y,7S6a6jlJf8dZogp9QOdv",32,28-202-962-8429,4062.669673706651,MACHINERY,ts doze quickly. platelets are quickly agains
1867,Customer#000001867,A9 UduEb48ffOe27FxMXF,21,31-508-509-6393,8342.768364139396,HOUSEHOLD, instructions cajole fluffily alongside of the blithely regular re
1868,Customer#000001868,"z,dN83fETWpkJkoR",27,24-860-751-6688,2136.4225591624054,BUILDING,ndencies against the carefully even accounts cajole carefully quickly regular packages. even fox
1869,Customer#000001869,3AmBFWaqOYt7F,16,26-725-573-7255,3465.2706906496323,HOUSEHOLD,"eodolites sleep according to the theodolites. slyly pending dolphins among the pending, express platel"
1870,Customer#000001870,7oXery7shMx,24,34-956-232-6103,8884.863944102677,HOUSEHOLD,ular accounts. furiously final t
1871,Customer#000001871,AmKUMlJf2NRHcKGmKjLS,4,14-280-874-8044,-834.0131525380451,HOUSEHOLD,ing packages integrate across the slyly unusual dugouts. blithely silent ideas sublate carefully. blithely expr
1872,Customer#000001872,3txGO AiuFux3zT0Z9NYaFRnZt,25,16-155-215-1315,5730.046085444256,BUILDING,s sleep. carefully even instructions nag furiously alongside of t
1873,Customer#000001873,"5NmdMIwTpF8tj7O92363ycA6EL5Yh,vW",24,34-443-780-3708,1034.8339507920923,FURNITURE,"ke express, ironic requests. regularly even sauternes detect de"
1874,Customer#000001874,"0Zo0P6m,sie 1,VXacPX2ccDIyWFolj6R",15,25-264-442-3057,7840.441649952382,AUTOMOBILE,gular instructions unwind bold escapades. special asymptotes snooze according to the
1875,Customer#000001875,7oXery7shMx,24,34-956-232-6103,8412.522187702663,HOUSEHOLD,ular accounts. furiously final t
1876,Customer#000001876,1j C80VWHe ITCVCV,25,16-682-293-3599,6044.23350184486,HOUSEHOLD, even deposits print quickly. foxes wake. furiously ironic asymptotes across the bold foxes
1877,Customer#000001877,PDeE61VY2Q96efuewIZ,5,15-540-121-5663,5070.423842941544,FURNITURE,t brave foxes. slyly pending packages wake furiously along the deposits. carefully pendin
1878,Customer#000001878,f5zgMB4MHLMSHaX0tDduHAmVd4,38,13-153-492-9898,9557.187394555816,BUILDING,odolites wake always packages. slyly slow orbits lose. regular depo
1879,Customer#000001879,"flSR,SlEXwxrDcm3uedfK1Oiq,c9mZI",0,10-544-967-2382,3473.1842614140055,AUTOMOBILE,t slyly after the furiously even escapades. carefully regular pa
1880,Customer#000001880,lDp572JGdrL34kB YOQuC,4,14-792-232-1645,7059.44671852186,BUILDING,. carefully brave foxes wake furiously final orbits. furiously pending theodolites along the bold the
1881,Customer#000001881,"l,sSphiStMgdrxpxi",0,10-566-282-8705,5551.533445721854,AUTOMOBILE," sleep ironic, bold requests. regular packages on the quiet dependencies"
1882,Customer#000001882," 66fG3Fyb946cVQsH9Z3VMNzR,yfHMKIEB",22,32-268-147-7824,-225.87439266937952,FURNITURE,"ash carefully never bold instructions. regular, bold asymptotes cajole regularly. quickly bold foxes wak"
1883,Customer#000001883,yEUlreh6mkGmg8SIwKZooUOJ42kuZwAptaR4HAJ,33,32-358-270-1819,2542.486830903073,HOUSEHOLD,"lar, express packages cajole bravely permanently final packages. blithely even dolphins nag finally special theo"
1884,Customer#000001884,gEkI8kSq8RYgO6tiTA0AB7urZX8s2w03JGwtMi9,18,28-808-670-2983,499.7037083171501,BUILDING,"nal theodolites. dogged, ironic deposits wake carefully. slyly regular requests after the furiously ironic "
1885,Customer#000001885,"72XUL0qb4,NLmfyrtzyJlR0eP",0,10-392-200-8982,7923.202398520645,BUILDING,odolites according to the regular courts detect quickly furiously pending foxes? unusual theodolites use p
1886,Customer#000001886,1BDU8AvljnLmkM,44,11-242-612-1339,7966.302247001451,FURNITURE,ag slyly-- furiously final accounts are ironic instruct
1887,Customer#000001887,WrRUR0ds6iypmopww9y9t0NJBRbke78qJm,15,25-608-618-2590,9412.329049835002,AUTOMOBILE, requests shall have to integrate furiously pending courts. sil
1888,Customer#000001888,2PFysvL4pk80l,33,32-890-210-4199,3776.4691483966385,HOUSEHOLD,nent frets. blithely bold pearls thrash across the r
1889,Customer#000001889,yHVWD7y1Oe1P,21,31-277-349-9036,2044.9762095454657,MACHINERY,ress attainments. furiously regular excu
1890,Customer#000001890,"IX1uj4NFhOmu0V xDtiYzHVzWfi8bl,5EHtJ",48,11-731-806-1019,3426.4386138997243,FURNITURE,"above the quickly pending requests nag final, ex"
1891,Customer#000001891,u9jYEMPoKwrH5wXivkSebbxAx1PU,19,29-632-471-2852,-507.2794754841127,MACHINERY,uffily special requests nag around the quickly stealthy
1892,Customer#000001892,XYBVDdDifSYrW gUeDPhITqMjpjtbnc,8,18-765-936-2316,3618.0732205730824,HOUSEHOLD,g the furiously unusual theodolites are carefully accounts. slyl
1893,Customer#000001893,"TBjb3m,3aea4JtP833HD4VDk7STz2Y9FB",35,20-177-807-5661,7251.613925348907,BUILDING,unts. furiously ironic depths among the instructions wake carefully along the blithely ironi
1894,Customer#000001894,w0pOG5FhH45aYg7mKtHQhAWQKe,19,29-365-641-8287,4089.9382227776414,AUTOMOBILE, blithely bold accounts about the quietl
1895,Customer#000001895,"0PkG ELwBIgU4AsNcjDc5Q,9Gj",23,33-108-680-4317,6036.318549205572,BUILDING,cial instructions. accounts nod special accounts. slowly even deposits belie
1896,Customer#000001896,"URTiQupkhObWG39,kZ3CfU",29,17-706-779-2078,164.6590134781777,FURNITURE,"kly doggedly even instructions. regular, regular accounts along the even, bold packa"
1897,Customer#000001897,"3TvCzjuPzpJ0,DdJ8kW5U",21,31-704-669-5769,4646.815009198352,BUILDING,"haggle. enticing, quiet platelets grow quickly bold sheaves. carefully regular acc"
1898,Customer#000001898,eRvmYOdl5v,17,27-269-224-9902,2318.2766906384663,MACHINERY,nusual ideas. pending packages use carefully. slyly special sentiments cajole after the blithely even accounts. blit
1899,Customer#000001899,JrPk8Pqplj4Ne,22,32-957-234-8742,6689.009881076508,FURNITURE,g alongside of the special excuses-- fluffily enticing packages wake 
1900,Customer#000001900,"g3,8g XHACSvjZtJuiNk5BYiyPFnIxg",43,30-114-675-9153,7852.2549678598425,FURNITURE,special requests! express dugouts can affix furiously blithely regular platelets. fu
1901,Customer#000001901,e5 kymvjf6Vja7tNsL 3dfiK,2,12-144-416-6035,4241.072514447363,BUILDING,packages are slyly after the slyly express packages. bold d
1902,Customer#000001902,U23zy17EPxqmJn7neVc,27,24-522-746-1247,205.10075000070202,BUILDING,fully bold accounts cajole bravel
1903,Customer#000001903,"Ip,OhnmOeHu9PezZBvw7AHJcBDOWVoVUJKsJyA",16,26-416-434-3449,1026.6314366436006,AUTOMOBILE," nag slyly. final deposits sleep along the ironic, bold i"
1904,Customer#000001904,ImKvHrrNc3rfWejksbCPyIQ,4,14-405-229-6174,3682.391546211263,MACHINERY,deposits: slyly regular deposits among the furiously bold asymptotes are furiously along the slyly even 
1905,Customer#000001905,tGr0DtrK 91IgzfeZrSPpPIia3,4,14-574-118-1005,5594.166380344339,FURNITURE,es. unusual accounts try to solve ca
1906,Customer#000001906,gNYGOcGkJu3ooSmsCh,19,29-721-479-1548,10214.138355583978,FURNITURE,"lly regular ideas grow furiously regular accounts. regular, special requests sleep blithely. slyly bold pla"
1907,Customer#000001907,"aWuLgbu,8HZMbkI",14,24-116-214-4051,308.2658313003798,AUTOMOBILE,"tes-- final, regular excuses sleep. sly"
1908,Customer#000001908,zDULZOX6KrHF6aL1AMsIg0Ivv4Crz,17,27-806-173-2824,3716.367630857547,HOUSEHOLD,"ges haggle slyly alongside of the furiously final excuses. carefully regular foxes boost across the regular, ex"
1909,Customer#000001909,"y4mA, TY6DW4gAY",27,24-637-803-7812,-589.1889071095031,MACHINERY,regular dolphins. furiously careful ideas eat beyond the bravely regular packages. slyly unusual deposi
1910,Customer#000001910,wLIX8hKnk0qjUAAGqm,32,28-815-316-3525,739.1254376849844,FURNITURE, requests-- quickly regular pinto beans need to detect 
1911,Customer#000001911,"flSR,SlEXwxrDcm3uedfK1Oiq,c9mZI",0,10-544-967-2382,3501.5742807056085,AUTOMOBILE,t slyly after the furiously even escapades. carefully regular pa
1912,Customer#000001912,"uR,wEaiTvo4",12,22-344-885-4251,1034.5157009819943,FURNITURE,eposits. furiously regular requests integrate carefully packages. furious
1913,Customer#000001913,"4K6h0pYH,bg2FS5cYL,qqejhvp7EfTlBjRjeVPkq",1,11-980-134-7627,3376.8823413165132,BUILDING," final requests cajole after the ironic, bold instructio"
1914,Customer#000001914,EATpN6m rGunAAkWFNSpsqy,4,14-281-851-2904,2737.833795976515,BUILDING,carefully across the carefully ironic asympto
1915,Customer#000001915,5JOAwCy8MD70TUZJDyxgEBMe,3,13-254-242-3889,7239.577865139834,MACHINERY,ress requests haggle carefully across the fluffily regula
1916,Customer#000001916,zeoGShTjCwGPplOWFkLURrh41O0AZ8dwNEEN4 ,32,28-328-564-7630,4561.287586121734,MACHINERY,ole blithely among the furiously pending packages. furiously bold ideas wake fluffily ironic idea
1917,Customer#000001917,"8,tdTVYGYoYRaAKwG 6aDJna4Cfjt,F9DDCC2",13,23-366-243-4713,2214.65635302121,MACHINERY,ets alongside of the slyly pending pinto bean
1918,Customer#000001918,"0Zo0P6m,sie 1,VXacPX2ccDIyWFolj6R",15,25-264-442-3057,8109.227012100751,AUTOMOBILE,gular instructions unwind bold escapades. special asymptotes snooze according to the
1919,Customer#000001919,"v3YAa1hq4Qc7FdpLg4Jh0b7xo0soyvq1w,Yrb",49,30-193-707-6924,874.4830821045437,HOUSEHOLD,the furiously final foxes. furiously bold depos
1920,Customer#000001920,"x8kcl,R4Wk",46,21-250-654-3339,5385.651416930631,FURNITURE,"nts. even, regular courts nag. dugouts use blithely a"
1921,Customer#000001921,y5J0HJVI6Mb k4rXTAPbxE9aw,15,25-233-924-7389,7909.366628726411,AUTOMOBILE,"he bold, even accounts breach"
1922,Customer#000001922,BxDlz44b56kXjsTpl,5,15-919-192-7197,2200.525505133118,AUTOMOBILE,elets. never express accounts haggle slyly. depths along the requests haggle bl
1923,Customer#000001923,"ZjRzAz8QbEeIkJxrUI,b",19,29-729-692-6790,-188.35887592201112,MACHINERY,"onic requests wake slyly furiously final attainments. ironic, even accounts cajo"
1924,Customer#000001924,lE07lPMzVzMhG9CUC54uPwGw3BWO,42,31-716-397-1854,7603.2927552669025,AUTOMOBILE,quests sublate blithely blithely special dependencies. excuses use busily express pinto bea
1925,Customer#000001925,D8l4G8i9aZ7KRbqp6ajvR8h1wjr,44,11-402-300-1949,1065.5546389199505,HOUSEHOLD, express accounts along the pending deposits lose carefully above the furiously regular requests. pen
1926,Customer#000001926,"AJT,26RbanTdEHOBgTWg",4,14-275-416-1669,5171.885213563613,AUTOMOBILE,"ironic, pending deposits: quickl"
1927,Customer#000001927,"56K JjC bMcgbXlJA4KI Icu uggsRoviMQm,F",7,17-494-757-5759,8004.552325504328,FURNITURE, according to the slyly bold accounts. 
1928,Customer#000001928,24Akixb4hqpRD,11,21-881-683-3829,3348.330078198309,MACHINERY,ular packages cajole blithely a
1929,Customer#000001929,sjk1DTHWVMX53kG8AbTtTh1EcMvWeDO8gFDdpQOK,21,31-367-294-4048,8700.308005715251,AUTOMOBILE,lithely regular deposits. carefully pending deposits sleep. quickl
1930,Customer#000001930,"mBaNGEJoY2tgXD60V2DEO ajjoM3Zd,Jp",8,18-676-152-4849,1218.4445827597092,MACHINERY,ainst the ideas nag fluffily according to 
1931,Customer#000001931,KvpyuHCplrB84WgAiGV6sYpZq7Tj,38,13-750-942-6364,1106.8537999615182,HOUSEHOLD,n accounts will have to unwind. foxes cajole accor
1932,Customer#000001932,nq1w3VhKie4I3ZquEIZuz1 5CWn,28,20-830-875-6204,8309.660514565441,AUTOMOBILE,endencies. express instructions wake about th
1933,Customer#000001933,tbyect2HMX47TzsKy5 ho5,18,28-379-869-1009,8795.663908233379,FURNITURE,sual multipliers. furiously unusual theodolites are. 
1934,Customer#000001934,95 O8gd08tdtmJwM0ebHUnDc,11,21-463-652-6686,-146.18087613043224,HOUSEHOLD,nd the bold platelets affix furiously doggedly express accounts. carefully unusual deposits serve furiousl
1935,Customer#000001935,uYO2BKogrHcOcHEgzjlmZAa1QYyR45i8,16,26-400-912-7812,2146.2134280490395,MACHINERY,packages cajole carefully. slyly regular pinto beans bo
1936,Customer#000001936,"Vbi1NGfPeKw,XU",47,15-262-535-3924,5062.990129799602,MACHINERY," across the regular, pending requests. slyly ironic accounts wake furiously about the pending, regular "
1937,Customer#000001937,5KyisO0Tv9ZtlJhzyI7vAe88,21,31-483-489-6172,1212.1445258669773,FURNITURE," among the quickly express theodolites. accounts sleep furiously along the special, pending depende"
1938,Customer#000001938,vRPteZtcyV,19,29-869-316-1166,-980.3710825478188,AUTOMOBILE,ckly permanent accounts wake fluffily regular packages. quickly express foxes cajole. carefully ironic packa
1939,Customer#000001939,b0UgocSqEW5 gdVbhNT,2,12-427-271-9466,-760.2382145620766,BUILDING,"ions. express, ironic instructions sleep furiously ironic ideas. furi"
1940,Customer#000001940,KmET9DxfPVs15pIUUWQ,14,24-522-194-4543,6041.532240595921,FURNITURE,t according to the careful packages. regular 
1941,Customer#000001941,HuoOuJLxx7S8YDQhexfmIX,0,10-109-430-5638,-65.64737092207724,AUTOMOBILE,l requests are against the slyly ironic pinto beans. blithely unusual packages wake alongsid
1942,Customer#000001942,hwJIFpxofea6CLEbWZFsWUxNrGFLANp,46,21-100-538-9635,3586.4516917867763,MACHINERY, furiously enticingly final foxes. pending requests wake quickly according to the slyly regu
1943,Customer#000001943,DeZPec2K1U1fCBR2Ul9mnBNjKuXPcRcm,5,15-379-993-4446,-286.0650247221972,AUTOMOBILE,"uests cajole quickly. final, pending pinto beans wake furiously among the requests. ironic foxes with the forg"
1944,Customer#000001944,J7kLF9iPOQA 7CVwAmQRpwfZPDJ2q5Seu2Vj1gh,14,24-570-874-6232,7157.194871829265,MACHINERY, close packages-- quickly regular instructions sleep. carefully 
1945,Customer#000001945,oyAPndV IN,12,22-524-280-8721,8923.988220492416,FURNITURE,ges. final packages haggle quickly. slyly bold 
1946,Customer#000001946,7urmO1zY77WBPOWn7pXA OqCm3upL9gOtL4V,39,17-420-712-5063,3812.6805211920982,FURNITURE,ions boost furiously at the final dolphins. blithe
1947,Customer#000001947,60zzrBpFXjvHzyv0WObH3h8LhYbOaRID58e,22,32-503-721-8203,9388.924702673157,HOUSEHOLD,s requests nag silently carefully special warhorses. special accounts hinder slyly. fluffily enticing
1948,Customer#000001948,BpXQ3sbx8bCU0,26,29-952-164-8914,8949.657709977882,FURNITURE,ies boost slyly bravely express instructions. fluffily even theodolites integrate s
1949,Customer#000001949,zBNna00AEInqyO1,12,22-291-534-1571,151.59317079948184,MACHINERY, quickly. slyly ironic requests cajole blithely furiously final dependen
1950,Customer#000001950,1DyQwHuUncB7BSnQUiW8ksexb,37,30-495-591-5384,3268.934026827205,AUTOMOBILE,c instructions. fluffily bold requests are furiously quickly ironic deposits. carefully 
1951,Customer#000001951,vMX52A1zqDbGNzjfSzgsxSVU0GU6iFmrgiUE,5,15-646-384-2302,2823.817636303111,BUILDING,"ly. blithely final packages wake silent ideas. express, special theodo"
1952,Customer#000001952,"WN7onCgcC,,Lt4dC4C f7SCgnHWSjeTUp",32,28-575-379-5893,9737.330251128873,BUILDING,y across the regular dependencies. fur
1953,Customer#000001953,jiPAOQuJ5gIauMfvcbE8lKUVPMp,12,22-560-854-2068,9198.306125619521,HOUSEHOLD,ve the fluffily regular accounts wake carefully ironic grouches. slyly bold theodo
1954,Customer#000001954,"x XToT5oFi7oIsRG2mgIL3ncvYJoWBsufsQ7N,z",19,29-676-227-6356,5369.72530429103,AUTOMOBILE,ackages are slyly unusual req
1955,Customer#000001955,"uNhM,PzsRA3S,5Y Ge5Npuhi",24,34-403-631-3505,4155.512991611421,FURNITURE,affix. instructions are furiously sl
1956,Customer#000001956,3ZWQ5xexnnLDEmxpmbg,13,23-575-775-4059,2518.350288623783,HOUSEHOLD,posits cajole carefully along the slyly final packages
1957,Customer#000001957,ratQBQ4rYv TfhWfHe,39,17-948-135-2667,6871.193317072805,BUILDING,l requests. furiously bold orbits after the furiously ironic excuses sleep
1958,Customer#000001958,1BDU8AvljnLmkM,1,11-242-612-1339,6866.624007012648,FURNITURE,ag slyly-- furiously final accounts are ironic instruct
1959,Customer#000001959,k5rfeOtchP1  w,15,25-725-599-1183,-455.0636164438,BUILDING,idle packages cajole regular asymptotes. carefully express forg
1960,Customer#000001960,vMX52A1zqDbGNzjfSzgsxSVU0GU6iFmrgiUE,47,15-646-384-2302,3544.0001575560705,BUILDING,"ly. blithely final packages wake silent ideas. express, special theodo"
1961,Customer#000001961,O09TejHJ6UszNfmqTR cmal8zcs,37,30-997-704-1110,6880.7649016795685,FURNITURE,e above the regular deposits. slyly even requests integrate slyly blithely express forges. regular platele
1962,Customer#000001962,sbWV6FIPas6C0puqgnKUI,48,11-861-303-6887,417.98558296547753,HOUSEHOLD,press along the quickly regular instructions. regular requests against the carefully ironic s
1963,Customer#000001963,ZDk4Suvi8gMp2LLAOW6nFA 3u,0,10-606-236-5778,1280.3691534980221,BUILDING,the carefully even pinto beans. carefully unusual pinto beans against the asymptotes cajol
1964,Customer#000001964,UAG90slCmJS7JOP AhlV12tYD3yUiyB1p2hxZ,2,12-938-579-7156,1683.8456707053,AUTOMOBILE,r theodolites boost. slyly final pinto beans sleep blithely unusual accounts. fluffily even multipliers 
1965,Customer#000001965,b7ytiiX7E9,16,26-191-682-8920,3477.2893635228147,AUTOMOBILE,doze slyly. furiously pending deposits cajole fluffily carefully pending packages. boldly regular
1966,Customer#000001966,gU5FQf0WM0sxTYQ,19,29-618-467-8489,1870.4876982246901,BUILDING,sly pending packages boost slyly-- fluffily ironic ideas bel
1967,Customer#000001967,bBcMjFPTysSTaTdHcoO,3,13-513-778-1881,35.22620672124822,AUTOMOBILE,thely above the carefully ironic accounts. excuse
1968,Customer#000001968,mWs6m9QwmTOZ,30,30-372-895-4261,5806.832011905693,BUILDING,uffily final pinto beans. ironic deposits according to th
1969,Customer#000001969,nW1X1Hl9uWycuBEu3F3,31,16-988-776-4568,2233.8860599531854,MACHINERY,"riously regular ideas sleep into the final, unusual"
1970,Customer#000001970,cLAyTJcfD3T4hKW52lIU9yk,5,15-130-485-4234,3360.960058689411,MACHINERY,e slyly ironic requests. final requests
1971,Customer#000001971,4ATLYSTcqLfgAJLxL7U,39,17-548-151-7684,8564.59160336818,HOUSEHOLD,ong the deposits. quickly express deposit
1972,Customer#000001972,41s9yU0ossOKgBvjPPSTZqhfciy,9,19-998-886-1551,988.22339255268,AUTOMOBILE,"ously ironic instructions believe about the pending, regular deposits; final accounts cajole alongside of t"
1973,Customer#000001973,"lbRP,tSo,eQT6rDDNNIBx",47,15-230-827-4758,3836.1344928524913,AUTOMOBILE,thely according to the carefully ironic foxes; packages according to the quickly special deposits wake fur
1974,Customer#000001974,s9SoN9XeVuCri,24,34-415-978-2518,2435.0501105840385,MACHINERY,ns. quickly regular pinto beans must sleep fluffily 
1975,Customer#000001975,CR bzmYYVP,0,10-368-832-9671,3319.2430385964376,BUILDING,riously final requests haggle to the blithely special requests. blithely pending gifts after the carefully silent id
1976,Customer#000001976,GvlCZ4fJYbHTOTYczE1iH2k6K9edUyNxWZsl6x,14,24-939-734-5650,-113.47355570886788,BUILDING,arefully regular requests unwind slyly 
1977,Customer#000001977,N8q4W4QQG2mHY47Dg6,30,30-151-905-3513,8424.836509021274,HOUSEHOLD,es affix furiously regular deposits. blithely ironic asymptotes after the blithely e
1978,Customer#000001978,"PGXj,,vjAfMNLzd",12,22-880-206-7392,9244.178318842185,BUILDING,ideas. furiously final sheaves integrate. pinto beans haggle slyly according to the furiously ironi
1979,Customer#000001979,2LAlU fDHkOqbXjHHDqw1mJQNC,26,29-522-835-6914,5414.236794353648,FURNITURE,nic packages haggle blithely across the
1980,Customer#000001980,2sPwjFNEFf9dN4az,11,21-424-586-6295,9318.62750367719,AUTOMOBILE,ounts use blithely. blithely pending packages use ironic deposits. final accounts boost slyly. care
1981,Customer#000001981,85KMCT2D2RIGayG99ozpk85ppHE6i9gJE,17,27-218-645-5219,1091.8845066797985,FURNITURE,ven asymptotes. carefully regular packages are blithely. special requests according to the care
1982,Customer#000001982,"BRnTy8RZ,1oHOg9ly8SsJLIyiuvhv",10,20-777-225-9349,2266.717990119972,HOUSEHOLD,usual platelets along the quickly regul
1983,Customer#000001983,LFwdGCTUYDenZGoA9,4,14-613-651-2263,7948.704198426046,AUTOMOBILE,he regular pinto beans. courts cajole carefully according to the blithely even theodolites. quickly
1984,Customer#000001984,"xaOhk73bjekYrVc5zZ36c,GuZUxsMHjo7WH9WVe",34,20-821-905-5952,-1547.6649827889978,AUTOMOBILE,nusual excuses. ironic deposits are furiously ironic frays. blithely ironic platelets are evenly regular package
1985,Customer#000001985,I3DrbiKwP3dxs1jF0iDwXh,47,15-881-433-2257,-899.1998368879857,BUILDING,old deposits alongside of the packages are 
1986,Customer#000001986,"LO,9qCPIjSXriBqQsAOXLrQKedQ8UO6gb",24,34-931-911-6156,353.1118163744605,HOUSEHOLD,p furiously carefully bold packages. regular escapades breach. blithely unusual ideas integrate across t
1987,Customer#000001987,PgCAYL2LEwE7v7Pk4dYpRe Nn7MN8wVzYbA2qtj,16,26-350-231-6183,3762.287565435136,MACHINERY,ar accounts. quickly regular packages sleep bold ideas. slyly pending asymptotes a
1988,Customer#000001988,"cWONXs2Vx30bkgYoCkx7LrJH,E",12,22-132-906-1117,769.4219128653607,BUILDING,"ng to the stealthy, final courts cajole carefully alongside of the gifts? regular ideas above the furiously express "
1989,Customer#000001989,IfVNIN9KtkScJ9dUjK3Pg5gY1aFeaXewwf,9,19-953-499-8833,6232.599419471556,HOUSEHOLD,"latelets across the bold, final requests sleep according to the fluffily bold accounts. unusual deposits amon"
1990,Customer#000001990,OrOUBBV7NlzVFXtuSOECmQFOkw8r,5,15-455-954-2914,945.6853940217924,FURNITURE,s deposits. blithely even packages sleep carefully ironic deposits. quickly ironic accou
1991,Customer#000001991,5Zsp rqM6oCmgqqFe,4,14-535-551-6255,4612.1527693370945,AUTOMOBILE,s above the carefully express r
1992,Customer#000001992,"PZ4mmWL7R,El0MtLWMfLXp120lo0,itmO",8,18-209-381-8571,5942.5565897253255,HOUSEHOLD,"sts. slyly even dolphins across the bold, regular foxes haggle blithely"
1993,Customer#000001993,"fV,ZM6pj1nivvbnfseVaWRkB0UYwKgvv",12,22-778-955-6105,5562.216065499021,AUTOMOBILE,s according to the carefully final ideas ha
1994,Customer#000001994,dQA12NEPQK1A5mvD,14,24-348-437-3105,3048.281485257471,FURNITURE,sits use slyly carefully final dependen
1995,Customer#000001995," V1FCIeSseuyNGYfHS Rx0,sc4IsBfReV",4,14-480-931-8567,9178.890214781166,MACHINERY,lar courts. furiously pending dependencies cajole blithely? fluffily regular deposits cajol
1996,Customer#000001996,"mvEKw,6zT0V8Yb2yTG hu990UX",21,31-247-536-6143,8170.166291683917,MACHINERY,ns integrate against the quickly special courts. slyly
1997,Customer#000001997,FDConiq g20GI9dH QTM ZNX4OB9KU,40,33-307-912-9016,5086.883726356826,BUILDING,"wake carefully close, special deposits. regu"
1998,Customer#000001998,"4,zQfld2YV9TSeNgCSOvqlxhJvVW8WD",9,19-870-813-8585,8649.703327312665,FURNITURE,"low, special platelets alongside of the even, bold theodolites are carefully "
1999,Customer#000001999,holp1DkjYzznatSwjG,15,25-209-544-4006,-492.35102727100275,MACHINERY,y special ideas. slyly ironic foxes wake. regular packages alongside of the deposit
2000,Customer#000002000,Ax4TI4jbHvaYUaaFuEUQTiMWQvrjez G,40,33-623-834-3089,1280.0328096749145,MACHINERY,"ely. carefully pending foxes was furiously special, special "
2001,Customer#000002001,OB JBXz5fghXsYEaClW8PZpDmxMVZct,47,15-253-270-5149,9403.25073456293,HOUSEHOLD,"foxes. even, special theodolites boost. furiously silent packages haggle? furiously "
2002,Customer#000002002,l2C0Xkdib4t4 qKFUcRDOhRQMK7U0,32,28-452-965-8560,8211.193754523474,AUTOMOBILE,ress platelets cajole fluffily final accounts: slyly ironic foxes s
2003,Customer#000002003,OdY W13N7Be3OC5MpgfmcYss0Wn6TKT,38,13-312-472-8245,3412.793496365083,HOUSEHOLD,deposits. special deposits cajole slyly. fluffily special deposits about the furiously 
2004,Customer#000002004,"gPz4FuAGpjvaU4YB9J,fGSnLBr9scEovGO1KkTx",12,22-771-454-9561,5601.536527646394,BUILDING,instructions. doggedly express requests doze blithely. regular theodolites hagg
2005,Customer#000002005,"EQNw9dNy63,",1,11-709-582-2006,5643.8171928321035,BUILDING,ctions wake. packages haggle furiously. express
2006,Customer#000002006,ZDk4Suvi8gMp2LLAOW6nFA 3u,0,10-606-236-5778,1579.7129756967634,BUILDING,the carefully even pinto beans. carefully unusual pinto beans against the asymptotes cajol
2007,Customer#000002007,"QxpCVhq2x0PwW,zgZ AEuFkgb50ryGM",20,30-117-472-8751,9668.66971247232,HOUSEHOLD,ily final instructions. pending foxes detect doggedly accor
2008,Customer#000002008,"q5,Og3ezW3jSUtbwK 6qLJPqPwCwdL",0,10-386-173-3167,894.2952771422317,MACHINERY,s against the quickly unusual ideas are blithely packages. accounts sleep quickly. regular
2009,Customer#000002009,"n5QsjD,gTSrdNRoRpvWqS",46,21-757-455-7898,3055.007367566512,FURNITURE, sublate carefully carefully regular deposits. bold foxes along the gifts nag 
2010,Customer#000002010,rvgayfJFLO2cjzMA,48,11-240-523-8711,5370.275347883965,FURNITURE,"lets would affix fluffily. regular, regular ideas ought to haggle carefully blit"
2011,Customer#000002011,0eGzsjpDFsN0,47,15-102-635-4835,6247.373259668234,HOUSEHOLD,ggle slyly pinto beans. furiously even excuses above the 
2012,Customer#000002012,8tzkhPXMFHKgmz,11,21-683-368-2994,2224.4851836172547,AUTOMOBILE,ular deposits. special foxes solve quickly idly special ideas. never final asymptotes nag. furiously even deposi
2013,Customer#000002013,"HvlnFsKOdm39Ge4VPgzE,UN",18,28-950-527-8728,5425.285286148449,AUTOMOBILE,ges. final ideas nag furiously against the fluffily express accounts. 
2014,Customer#000002014,EJwOQMTQnFwvd8r Y7f9i5POy6ZlNkIYxCL hg8t,6,16-947-309-2690,5471.189121324753,MACHINERY,final requests after the furiously 
2015,Customer#000002015,vbJmdHe6U9Pl,11,21-756-109-1482,3438.3445968547194,BUILDING,old requests wake slyly! slyly special deposits cajole above the unusua
2016,Customer#000002016,"icVt7HjGs,p3YL3nr1MHgaQIY5Gmzej57nB,b",29,17-392-500-4370,1580.129996838824,AUTOMOBILE,latelets along the carefully even packages cajole blithely packages-- even pinto beans haggle 
2017,Customer#000002017,yC zy1i6AGrnykrV McJyjg,41,12-345-190-9898,9082.173788283366,AUTOMOBILE,es. dependencies lose carefully blithely regular deposits. t
2018,Customer#000002018,7VbADek8qYezQYotxNUmnNI,12,22-278-425-9944,6402.04458510341,MACHINERY,"about the regular, bold accounts; pending packages use furiously stealthy warhorses. bold accounts sleep fur"
2019,Customer#000002019,0 qRRXAxUbo1J KDwDMjFde5fXDwn ,36,33-937-724-3506,2079.2518289367586,BUILDING,fluffy ideas detect carefully 
2020,Customer#000002020,Tu1ZBNgiSEL9Ns,0,10-425-565-3199,8231.687883059141,AUTOMOBILE,affix carefully unusual requests. furiously fin
2021,Customer#000002021,5soVQ3dOCRBWBS,13,23-428-666-4806,4416.658054512061,MACHINERY,olites. silently ironic accounts cajole furious
2022,Customer#000002022,"4,6jWOEqfnuXkwhB7gs0M9TcWJlaJNv4bt",3,13-273-527-9609,9507.322536835638,AUTOMOBILE,ole blithely permanent instructions. carefully even packages
2023,Customer#000002023,"fR1Cq8d6m,zJwS3FFrOBV7u",47,15-252-941-6247,1595.0323366135792,AUTOMOBILE,"unts thrash quickly through the express, regular theodolites."
2024,Customer#000002024,"xH61m,Si5X4REvi",3,13-489-760-5455,-516.3672475434673,HOUSEHOLD,"nt deposits. final, unusual requests use blithely. slyly unusual packages against the carefully bol"
2025,Customer#000002025,n2w3Jd1bipwICbOVgrELzcNRexmWSklo,42,31-538-493-4229,2824.983358052874,BUILDING,riously special accounts. slyly final accounts sleep; blithely special requests integrate carefully slyly en
2026,Customer#000002026,"9F8p,XsLLxyiZ3b8NN",26,29-941-553-8245,9624.61589790898,FURNITURE,al excuses boost to the ideas. unusual requests are across the slyly
2027,Customer#000002027,0RkDX6OLU1hISYCLmdLD C,16,26-741-688-4189,9181.210029360303,MACHINERY,"p. ironic, regular foxes against the ironic, special theodolites nod carefully quietly unusu"
2028,Customer#000002028,"Yt69m0Aw1LWZhisHJxL4iGEEzx6y,ehspkes",2,12-590-121-9328,3012.843309094889,FURNITURE,ously regular packages. furiously final deposits boost. slyl
2029,Customer#000002029,QVr2XTDOMzWcLKHtNgrLK,21,31-966-407-1575,6082.394681015419,BUILDING,haggle. special foxes sleep blithely
2030,Customer#000002030,"u0YYZb46w,pwKo5H9vz d6B9zK4BOHhG jx",45,33-681-334-4499,10194.225863365626,BUILDING,nts haggle quietly quickly final accounts. slyly regular accounts among the sl
2031,Customer#000002031,8DbtM3KloBZ4OO1dRrF99,43,30-904-936-4914,1550.9268423520425,BUILDING,efully final packages use. slyly pend
2032,Customer#000002032,"g25CH,fhra",36,33-764-123-9568,9725.817848255834,FURNITURE,ackages are furiously carefully even dependencies. idly final
2033,Customer#000002033,ApUL7bgFMUXGXewpoQyQOSnLeL9Vc1rrkW ,43,30-235-130-1313,6167.36050133285,FURNITURE,dolphins after the slyly ironic packages boost furiously among the furiously pending theodolites. bl
2034,Customer#000002034,EzR2BKJ85SmBDS,29,17-103-357-8777,679.3385081213994,FURNITURE,"al theodolites. regular accounts are regular, silent foxes. unusual asymptotes above t"
2035,Customer#000002035,9PWKuhzT4Zr1Q,13,23-791-276-1263,2735.23368039784,HOUSEHOLD, to the carefully final braids. blithely regular requests nag. ironic theodolites boost quickly along
2036,Customer#000002036,naLuK8XKUP72msE0e,42,31-373-307-4091,-729.7695217001224,HOUSEHOLD," pending accounts impress. regular, express accounts cajole ironically express deposits. slyly regular accoun"
2037,Customer#000002037,2ETOoQWtvxqp,14,24-502-746-4128,-2.2634177843114003,BUILDING,oss the packages. packages doze car
2038,Customer#000002038,m1hO3VXQVbwTbJ99Hw,27,24-387-817-9149,4547.030342613193,HOUSEHOLD,old sentiments cajole carefully among the blithely unusual requests. final packages nag careful
2039,Customer#000002039,8r5wwhhlL9MkAxOhRK,0,10-646-595-5871,115.21579674274892,BUILDING,er regular accounts against the furiously unusual somas sleep carefull
2040,Customer#000002040,TEjWGE4nBzJL2,17,27-566-888-7431,586.3108900668096,HOUSEHOLD,"requests. special, express requests nag slyly furiousl"
2041,Customer#000002041,wLIX8hKnk0qjUAAGqm,32,28-815-316-3525,1359.096856415752,FURNITURE, requests-- quickly regular pinto beans need to detect 
2042,Customer#000002042,"kqRGW2JQtTM,a6 DzJMgcU9U",24,34-718-798-7751,9538.103828865387,MACHINERY,ly silent ideas. fluffily even packages boost carefully fur
2043,Customer#000002043,QxCzH7VxxYUWwfL7,16,26-603-491-1238,7231.851445400595,BUILDING,sly across the furiously even 
2044,Customer#000002044,"rzhIStRHsiWoc6K,7yv3YMqVdrz",15,25-941-650-8313,3480.4129839558973,AUTOMOBILE, express accounts. furiously ironic theodolites serve blithely. blithely thin packages are among the eve
2045,Customer#000002045,QAxZ0IXgCzUfNjseQCLfh95HEi,23,33-269-948-8039,-147.73774406357973,HOUSEHOLD,ly regular foxes are quickly 
2046,Customer#000002046,DXEgz7JHSFW401,14,24-266-486-1615,2820.83834930581,MACHINERY,ronic requests sleep slyly at the slyl
2047,Customer#000002047,"lP,9H6e6mQwLsWYYr2Y",8,18-733-553-2195,9568.45172405219,AUTOMOBILE,ending packages. dependencies along the slyly pending dependencies wake carefu
2048,Customer#000002048,",e0q82drO rgVHXHrJRQ0GDrRoUOl",47,15-826-508-1218,854.6024597517077,FURNITURE,d foxes against the furiously special packages snooze blithely quickly 
2049,Customer#000002049,0WFt1IXENmUT2BgbsB0ShVKJZt0HCBCbFl0aHc,8,18-971-699-1843,7301.523913050915,HOUSEHOLD,sits haggle above the carefully ironic theodolite
2050,Customer#000002050,Ifjxbt3Y4mGu,14,24-527-532-7752,3563.2162358628407,HOUSEHOLD,"deas sleep slyly? final, even gifts about the furiously regular"
2051,Customer#000002051,tbyect2HMX47TzsKy5 ho5,18,28-379-869-1009,8650.3736375434,FURNITURE,sual multipliers. furiously unusual theodolites are. 
2052,Customer#000002052,f5Y UZoE nR,13,23-762-328-7631,8339.130040671185,BUILDING,"usly final dinos. final depths wake slyly across the final, bold requests. bl"
2053,Customer#000002053,2ZiU64au LN0 GUxY8,44,11-128-186-5241,8884.255493096398,AUTOMOBILE,ckages: blithely ironic theodolites cajole furiously. f
2054,Customer#000002054,",4Jm5N0ruhJCB7cBR6Kw",31,16-158-285-7336,5629.556341036457,FURNITURE,ular packages integrate furiously fluffily final accounts. carefully regular 
2055,Customer#000002055,BuouRkR7J f,0,10-217-180-5310,2616.0399380366257,BUILDING,etect fluffily final courts. carefully special instructions
2056,Customer#000002056,8WcsyfQU5svH9miWvYbSTH9,39,17-107-228-8125,-526.6462277931677,HOUSEHOLD,inal platelets. quickly ironic requests do are carefully carefu
2057,Customer#000002057,"YZxBLBAqBmW53g2ia6s4u,MlJ4WhW",20,30-900-572-2883,9394.73484670358,MACHINERY, packages about the furiously even foxes sleep furiously furiously pending ideas. slyly ironic epitaphs
2058,Customer#000002058,"oR0kHfL6GWhF VPD,mM1Jxsd9l3nZEkfDn",35,20-339-347-9046,9090.020369178375,MACHINERY,"egular asymptotes along the even, express packages sleep express realms; carefully final packages haggle quickly"
2059,Customer#000002059,m h2wQbujQnQOrcf109reW0 o,6,16-469-554-5196,1574.628944846726,MACHINERY,courts could hang quickly express epitaphs. foxes haggle above the carefully unusual requ
2060,Customer#000002060,oObRVLlulGS5xikRk8La,26,29-835-631-4258,1637.0932631647247,BUILDING,ress Tiresias haggle across the never ironic ideas. blithely pending theodolites cajole ironically
2061,Customer#000002061,JzJnD kA3KTjTYl,24,34-710-820-8362,4979.073775848477,HOUSEHOLD,es. slyly even theodolites across the slyly ironic accounts nag from the slyly even accounts. accounts are. 
2062,Customer#000002062,S5uBtE hDxHcHunowPDXKSxP3csMFnhYt,17,27-773-818-3164,9180.221444960482,AUTOMOBILE,"ggle quickly blithely thin excuses. final, even accounts integrate slyly. carefully pending account"
2063,Customer#000002063,eaAWe Vqr0x17Uwj1uzQRb wQpXxZVDWS3Wg,49,30-543-684-2857,5548.500796620938,FURNITURE,the foxes. carefully pending instructions integrate fluffily blithely pending packages. careful
2064,Customer#000002064,oDBFWKIP6M6OlYRPmqCBkVpVSj6uFa,41,12-905-464-3299,1352.7028701594804,HOUSEHOLD,". ironic, pending frets haggle carefully. ironic,"
2065,Customer#000002065,rDmB2c9d1BJQ y6R9jTx86YI77D,10,20-750-712-2481,8646.267610576564,MACHINERY,ely unusual packages are fluffily 
2066,Customer#000002066,pAROUfTi3wCEHi1PXu,27,24-309-302-6776,6305.110631150964,HOUSEHOLD,ly regular accounts. blithely final theodolites sleep blithely. furiously regular decoys cajole blithely. bold de
2067,Customer#000002067,pO80QGjK7S0Kmoh46dViD K4OSEVDyiJ53CN,16,26-983-192-5480,9855.672493342694,MACHINERY,s carefully ironic packages. accounts boost boldly fluffily even gifts. slyly final fo
2068,Customer#000002068,"zpvQ6LYE89Inl40Yz,7NJ",24,34-261-243-2624,-804.2039036005443,BUILDING,ely unusual packages nag fluffily above the quickly regular requests. regular accounts run. blithely
2069,Customer#000002069,"cWONXs2Vx30bkgYoCkx7LrJH,E",12,22-132-906-1117,408.5136751332138,BUILDING,"ng to the stealthy, final courts cajole carefully alongside of the gifts? regular ideas above the furiously express "
2070,Customer#000002070,vWLOrmXhRR,8,18-422-845-1202,5129.998472469841,AUTOMOBILE,press requests believe furiously. carefully final instructions snooze carefully. 
2071,Customer#000002071, fqLQWxHWWC40GUOgVvb4idYDbE1Gxc6,9,19-613-882-5677,10084.309477105997,AUTOMOBILE,r the slyly final packages. slyly bold attainments detect blithely acco
2072,Customer#000002072,EATpN6m rGunAAkWFNSpsqy,4,14-281-851-2904,3998.9022998973505,BUILDING,carefully across the carefully ironic asympto
2073,Customer#000002073,"7EV4Pwh,3SboctTWt",8,18-385-235-7162,-1172.1799296640338,FURNITURE,ilent packages are carefully among the deposits. furiousl
2074,Customer#000002074,"zVp5Hbhro,9rTwCYys1HUk",24,34-953-819-7858,5781.243959571677,FURNITURE,escapades. fluffily ironic packages nag among the slyly regular dolphins. special asymptot
2075,Customer#000002075,9t2Wo1jK1TYnDGg6ODSMGf1W9hRT3F3VK5zxJOC,9,19-220-605-9025,9862.324770638505,AUTOMOBILE,l platelets sleep fluffily against the fluffily enticing excuses. blithely special requests wake somet
2076,Customer#000002076,YIy05RMdthrXqdfnNKud,23,33-159-298-3849,-164.00934418670744,AUTOMOBILE,ven frays wake according to the carefully 
2077,Customer#000002077,KmET9DxfPVs15pIUUWQ,27,24-522-194-4543,5617.496384430855,FURNITURE,t according to the careful packages. regular 
2078,Customer#000002078,XFnr9C2bANXL,25,16-375-385-5712,-574.1915878061261,AUTOMOBILE,"lithely ironic, silent forges. furious"
2079,Customer#000002079,4QnYEe0KXOP3yridKldXROs7jQdMu9tE,21,31-579-682-9907,6154.651315246743,HOUSEHOLD, pinto beans! furiously regular courts ea
2080,Customer#000002080,"upJK2Dnw13,",7,17-361-978-7059,624.0386275380932,MACHINERY,kly special dolphins. pinto beans are slyly. quickly regular accounts are furiously a
2081,Customer#000002081,hoByQV2JchlIWfzPFW8I0nCI,47,15-484-811-5482,1581.4571690674952,MACHINERY,ecial deposits after the slyly regular packages dazzle furiously across the courts. accounts wake. reg
2082,Customer#000002082,"YZxBLBAqBmW53g2ia6s4u,MlJ4WhW",30,30-900-572-2883,8557.834176171706,MACHINERY, packages about the furiously even foxes sleep furiously furiously pending ideas. slyly ironic epitaphs
2083,Customer#000002083,"v3YAa1hq4Qc7FdpLg4Jh0b7xo0soyvq1w,Yrb",43,30-193-707-6924,1957.2595803439362,HOUSEHOLD,the furiously final foxes. furiously bold depos
2084,Customer#000002084,EzR2BKJ85SmBDS,29,17-103-357-8777,1549.4631405735918,FURNITURE,"al theodolites. regular accounts are regular, silent foxes. unusual asymptotes above t"
2085,Customer#000002085,"4R6pspbuk5Sp,036VraUEKPBzs",4,14-865-140-8680,-1766.1440976972235,HOUSEHOLD,. finally even ideas wake slyly pending dolphins. slyly even instructions wake whithout the p
2086,Customer#000002086,HJMn12xn4bl vWC7iVuTRsErYEzlyCO,29,17-266-334-8613,4820.284470249407,HOUSEHOLD,iously ironic deposits cajole slyly busily final account
2087,Customer#000002087,"6wzEKPyZE9dmBCJZ8e7x7fiiK,k",48,11-917-786-9955,6877.960744599848,BUILDING,nal dolphins: blithely bold gifts wake slyly afte
2088,Customer#000002088,miE7JrCdGpQkF4zYJ27tBdSu IYhQ HXx0 ,22,32-902-936-4845,1222.9697898116888,BUILDING,xcuses. regular pains wake slyly across the ruthlessly ironic dependencies. e
2089,Customer#000002089,MX1UA0KUJzIGyWM p2hbLg5dCpVLws8KNcwEsP,43,30-849-846-6070,7893.659261218526,FURNITURE,"e ironic, special accounts. quickly regular packages integrate fluffily slyly"
2090,Customer#000002090,kX6yufw5dfKrgwQPVwWE7,41,12-824-451-8526,8871.507736077934,HOUSEHOLD,hins. furiously unusual foxes about the regular foxes wake blithel
2091,Customer#000002091,"m3sbCvjMOHyaOofH,e UkGPtqc4",0,10-349-718-3044,5779.921201922152,FURNITURE,pecial deposits. ironic ideas boost blithely according to the closely ironic theodolites! furiously final deposits n
2092,Customer#000002092,"sthiqpj6CPAKbD7BBSz9ulRuF9d,ebfaiTc",17,27-716-734-2046,8209.636897596052,MACHINERY,"lar, ironic platelets. furiously unu"
2093,Customer#000002093,"sssuscPJ,ZYQ8viO",25,16-863-225-9454,7467.3798900893635,BUILDING,"l wake. blithely final instructions integrate furiously above the final, regular req"
2094,Customer#000002094,"w,GXCSSI4NEHAFPKG",30,30-605-635-8197,7996.617876691305,HOUSEHOLD," regular packages-- pinto beans detect ironically. furiously even accounts detect unusual, pendin"
2095,Customer#000002095,"8Gn WOTY4cgGaoHwezrZ,JN,Px8e sr",5,15-959-576-4327,726.8028516912268,BUILDING,ites. furiously unusual frets boost among the slyly ironic theodolites. packages cajole
2096,Customer#000002096,"NMIb3p1DyU,Z4XOFUS0B,",46,21-901-381-6344,6867.333027452772,HOUSEHOLD,"express requests believe. pending, brave deposits sleep furiously. carefully regular deposit"
2097,Customer#000002097,H9HRTaOz4yI9elrUUiS,9,19-678-843-9850,442.51384278379544,FURNITURE,cross the final packages. blithely ironic excuses serve slyly about the final accounts. fluffily
2098,Customer#000002098,7MqN5yFijW6Yua7LVU6i7QMjjiyJ2KTZEaQ,45,33-558-545-3053,4579.903985263841,FURNITURE,ges haggle slyly across the carefully pending accounts. slyly regular accounts should sleep. slyly express packages
2099,Customer#000002099,VxYZ3ebhgbltnetaGjNC8qCccjYU05 fePLOno8y,1,11-717-379-4478,6505.880678825876,MACHINERY,"ges. slyly regular accounts are slyly. bold, idle reque"
2100,Customer#000002100,nNUbC73nPBCKLg0,5,15-874-471-4903,-651.2905969473818,HOUSEHOLD,sits impress regular deposits. slyly silent excuses grow 
2101,Customer#000002101,"LO,9qCPIjSXriBqQsAOXLrQKedQ8UO6gb",24,34-931-911-6156,-256.68049770387955,HOUSEHOLD,p furiously carefully bold packages. regular escapades breach. blithely unusual ideas integrate across t
2102,Customer#000002102,pO80QGjK7S0Kmoh46dViD K4OSEVDyiJ53CN,16,26-983-192-5480,8771.982374313688,MACHINERY,s carefully ironic packages. accounts boost boldly fluffily even gifts. slyly final fo
2103,Customer#000002103,miE7JrCdGpQkF4zYJ27tBdSu IYhQ HXx0 ,22,32-902-936-4845,628.5984829968322,BUILDING,xcuses. regular pains wake slyly across the ruthlessly ironic dependencies. e
2104,Customer#000002104,bZ1OcFhHaIZ5gMiH,9,19-499-258-2851,8505.566324539828,MACHINERY,uriously according to the furiously silent packages
2105,Customer#000002105,yxBr7nLGxxwECEk,17,27-125-968-3750,4545.282785085618,AUTOMOBILE,"he final, even deposits. furiously special pl"
2106,Customer#000002106,"AW0m6YSpe,BNPHvBj",11,21-439-958-7518,5863.010177985017,FURNITURE,sits. final foxes run. quickly pendin
2107,Customer#000002107,FbV 8Ug9GkSfMde5b,24,34-947-154-7032,7115.937049341701,MACHINERY,carefully quiet requests lose slyly. quickly final pinto beans haggle bli
2108,Customer#000002108,"olj7nLYgBZ526MNBg9CV7w LYo6F1uD,Hm54",4,14-756-259-6379,9295.564253266246,FURNITURE, haggle pending requests. carefully regular ideas nag. ruthlessly final packages a
2109,Customer#000002109,gmAnpwPPg0LX4,17,27-608-883-2632,6638.968755259438,FURNITURE,ses run according to the regular instructions. slyly regular foxes around the furiously ironic theodolites use fl
2110,Customer#000002110,Kk20Q5HiysjcPpMlL6pNUZXXuE,41,12-648-567-6776,-1349.1489553126403,MACHINERY,sh. blithely special excuses sleep. blithely ironic accounts slee
2111,Customer#000002111,yHVWD7y1Oe1P,42,31-277-349-9036,1705.346321255759,MACHINERY,ress attainments. furiously regular excu
2112,Customer#000002112,OOOkYBgCMzgMQXUmkocoLb56rfrdWp2NE2c,16,26-992-422-8153,-29.580822393094877,BUILDING,es. fluffily final dependencies sleep along the blithely even pinto beans. final deposits haggle furiously furiou
2113,Customer#000002113,2Ge 0Nk29FlBs1GuBiY84sLvn38mEkAKnM,0,10-333-463-4472,572.7115869369788,MACHINERY,"requests. slyly final instructions sleep. fluffily even packages cajole pending, final "
2114,Customer#000002114,bUTLW1KIHzzQkuOEwUMwEGCQfTQM7aBmUM0,16,26-202-315-9048,7838.521932212078,AUTOMOBILE,luffily ironic accounts haggle about the regular theod
2115,Customer#000002115,XkVT4jvetY4JV76IAkd91sSp9CqsICE,0,10-724-445-8323,2572.412879405142,MACHINERY, furiously pending ideas. daringly 
2116,Customer#000002116,cq9NmtIT4b6JB8L79iLzljlHs4 3,15,25-110-215-3747,8361.131461614059,HOUSEHOLD,l deposits breach slyly ironic asymptotes. carefully pend
2117,Customer#000002117,"q5,Og3ezW3jSUtbwK 6qLJPqPwCwdL",0,10-386-173-3167,1141.3729525274466,MACHINERY,s against the quickly unusual ideas are blithely packages. accounts sleep quickly. regular
2118,Customer#000002118,O09TejHJ6UszNfmqTR cmal8zcs,20,30-997-704-1110,6231.932774387546,FURNITURE,e above the regular deposits. slyly even requests integrate slyly blithely express forges. regular platele
2119,Customer#000002119,3rchTZwilGpffMz1MfpnkFfWBtOIdgmvvS1E7sJj,43,30-741-794-9826,5896.634325088737,HOUSEHOLD,equests. deposits cajole quickly slyly spe
2120,Customer#000002120,W1GdUKr3vQMVAZIU,10,20-543-260-5157,-574.3789661044078,AUTOMOBILE, blithely unusual theodolites detect doggedly. bold dolphins was blithely. pinto beans use carefully at the furiou
2121,Customer#000002121,",K7wNII9jhC ,",30,30-786-518-4678,6508.83164905606,FURNITURE, are alongside of the requests. s
2122,Customer#000002122,Ks7Ed2g7zDP905tLGdGcFtomDNchNdaPK2cd,13,23-110-948-6754,4365.633695209987,HOUSEHOLD," furiously. pending, quiet packages nag slyly. stealthy pinto beans haggle "
2123,Customer#000002123,bp0rIBMh4fMdQnHBmMnB,38,13-350-790-6416,1343.3919143001067,AUTOMOBILE,hely ruthless instructions again
2124,Customer#000002124,9SboxGtXimmJg49IyT3Zt,48,11-675-750-9832,5277.272473481953,HOUSEHOLD,r ideas about the slyly ironic theodolites integrate according to 
2125,Customer#000002125,e OSrreG6sx7l1t3wAg8u11DWk D 9,0,10-658-550-2257,2078.3993132191877,FURNITURE,ges sleep furiously bold deposits. furiously regular requests cajole slyly. unusual accounts nag unusual ide
2126,Customer#000002126,"ex9SkK7K uM,ki1dsO7PgZLlIuQFKJUQZpD2oS",17,27-988-546-2598,574.0360794734073,FURNITURE,"ic requests haggle quickly across the deposits. regular, express ideas along the"
2127,Customer#000002127,WOozPuOF8UdYMwjF5,8,18-470-380-2978,-350.89644617758853,BUILDING, to the quickly final packages. carefully slow accounts use blithely slowly permanent requests. un
2128,Customer#000002128,XVJb1HxQeLu9x,33,32-206-732-5183,1147.0536878304126,FURNITURE,evenly unusual deposits. slyly even ideas according
2129,Customer#000002129,"rr0Gz2iuYNuLgrIcLCdi5Zr2SnY8,wpzD9A",19,29-639-437-3775,6470.240368573845,FURNITURE, haggle furiously. furiously ironic 
2130,Customer#000002130,"JexAgMLuUHoElYFaKx,hJcAP1b1GknYoYHQLyx",8,18-686-244-1077,9255.188666616341,AUTOMOBILE,gle furiously furiously final packages. carefully bold pinto beans promise quickly alongside of the close
2131,Customer#000002131,aohNRUjsMbBNE1Ax,14,24-500-946-3315,6924.545229690446,FURNITURE,y blithely final dugouts. accounts wake accounts. asymptotes above the even 
2132,Customer#000002132,2ETOoQWtvxqp,14,24-502-746-4128,112.70512297497618,BUILDING,oss the packages. packages doze car
2133,Customer#000002133,wdGz5Cm DrSdF,18,28-832-851-4673,2325.0977842256652,HOUSEHOLD,wind fluffily blithely regular pac
2134,Customer#000002134,r0liwpMwaIBQ9 zQjojGylXkJuKUL,32,28-278-515-1034,9149.703439251447,AUTOMOBILE,intain fluffily ironic instructions. regular requests nag fluffily carefully unu
2135,Customer#000002135,8DbtM3KloBZ4OO1dRrF99,43,30-904-936-4914,3057.513742969534,BUILDING,efully final packages use. slyly pend
2136,Customer#000002136,5QmxmYubNhn6HAgLwTvphevM3OmpZTGsM,15,25-879-984-9818,7817.0882503326575,BUILDING, regular requests. carefully regu
2137,Customer#000002137,1BDU8AvljnLmkM,1,11-242-612-1339,7887.494073929526,FURNITURE,ag slyly-- furiously final accounts are ironic instruct
2138,Customer#000002138,ufHQOmRhQoLSiyfQ,42,31-152-357-9762,2952.9072391111577,FURNITURE,ly after the furiously regular asymptotes. foxes play quickly ironic packages. dinos along the silently expre
2139,Customer#000002139,droXvSIcNEElsEYS,14,24-973-990-6608,8653.208671644552,HOUSEHOLD,packages cajole furiously since the slyly
2140,Customer#000002140,O09TejHJ6UszNfmqTR cmal8zcs,37,30-997-704-1110,5179.924435501997,FURNITURE,e above the regular deposits. slyly even requests integrate slyly blithely express forges. regular platele
2141,Customer#000002141,JYNvUpFG0dDy7aJNhl2zLyIxUGqZZ35ncUe,22,32-299-871-1751,8883.062833336062,AUTOMOBILE,"packages hang against the unusual, unusual accounts"
2142,Customer#000002142,"sJ5adtfyAkCK63df2,vF25zyQMVYE34uh",0,10-773-203-7342,7322.315488458193,FURNITURE,its after the carefully final platelets x-ray against 
2143,Customer#000002143,rbnZCbJSTE3qWLl,10,20-746-804-1553,3201.413725861452,HOUSEHOLD,"enticingly express platelets wake. regular requests boost even, regular instructions. express dependencies a"
2144,Customer#000002144,"p94EVXQW,Q3bhXDyhG1Gp96b5zbaW",45,33-873-120-5388,3198.110636940025,BUILDING,gle ruthlessly. furiously express dolp
2145,Customer#000002145,jUs1Im28boIduGhp5vbKK50gM5ov7xH9G,24,34-992-529-2023,9128.617722502491,HOUSEHOLD,"ix. ironic, special tithes detect dog"
2146,Customer#000002146,"ORf,IQyXsXJ1svlQ,5U",19,29-865-304-6982,1104.4742685134527,FURNITURE,posits. accounts are carefully. carefully express deposits cajole-- slyly bold dugouts wake according to 
2147,Customer#000002147,"v3YAa1hq4Qc7FdpLg4Jh0b7xo0soyvq1w,Yrb",20,30-193-707-6924,2054.514898415503,HOUSEHOLD,the furiously final foxes. furiously bold depos
2148,Customer#000002148,fy7qx5fHLhcbFL93duj9,4,14-194-736-4233,3101.5001872636044,AUTOMOBILE,s boost furiously. slyly special deposits sleep quickly above the furiously i
2149,Customer#000002149,lQC9KfW W77IYtJjAgSZguNzxjY rYk3t6lcxfSh,13,23-247-728-9743,5550.883440691158,FURNITURE,"he slyly close deposits. special, ironic ideas detect furiously carefull"
2150,Customer#000002150,NYMFfkNlCGoTeaDrNO9nn,1,11-916-210-6616,2353.8797062900203,FURNITURE, accounts after the final deposits sleep fluffily ironic accoun
2151,Customer#000002151,YIy05RMdthrXqdfnNKud,36,33-159-298-3849,330.1976203089013,AUTOMOBILE,ven frays wake according to the carefully 
2152,Customer#000002152,Agu uZvi6Xv77 nE7W8,7,17-687-303-1074,9467.17730202318,HOUSEHOLD,n foxes integrate furiously ironic requests. furiously even theodolites use daringly pending deposits; even pl
2153,Customer#000002153,3ShFbt9dTbLOG4lUBvc1AZp0Tam0BNjYS qwTZ,14,24-637-724-1410,1784.9401989573964,HOUSEHOLD,ns. carefully regular foxes are quickly. furiously careful accounts accord
2154,Customer#000002154,OFz0eedTmPmXk2 3XM9v9Mcp13NVC0PK,41,12-234-721-9871,3201.280238496031,MACHINERY,"tes serve blithely quickly pending foxes. express, quick accounts"
2155,Customer#000002155,c5UAVe71MPvmerPafNlpvTBWCewT,16,26-809-582-2064,-1750.9184598475917,AUTOMOBILE, the blithely regular packages boost blithely regular excuses. final dep
2156,Customer#000002156,IGGK4SXvT5ioAeT2fbVYDemsTTqqhsQu6,42,31-433-694-1822,8434.541890540862,AUTOMOBILE,ely after the carefully bold accounts. carefully ironic packages are silent packages. blithely ironic pinto beans ar
2157,Customer#000002157,MX1UA0KUJzIGyWM p2hbLg5dCpVLws8KNcwEsP,20,30-849-846-6070,7899.83536487916,FURNITURE,"e ironic, special accounts. quickly regular packages integrate fluffily slyly"
2158,Customer#000002158,"NMzgtdV zCuRIMK0vV,DP9ynDd6Z9X3T",30,30-320-481-3076,4314.992352468485,MACHINERY,ronic requests haggle blithely. slowly ironic ideas against the fluffily 
2159,Customer#000002159,dxzjW0gykcG2kJ gN8hZV02q6U5T6uVNfP,37,30-716-117-6066,7682.423257778134,HOUSEHOLD,ng the ironic accounts. regular requests across the quickly bold deposits wake carefully across the
2160,Customer#000002160,QNc2eOlRIzL6jpthwgDuB866uCIUPiOX,47,15-288-395-5501,1329.0698590614581,AUTOMOBILE,espite the ironic excuses. furiously final deposits wake slyly. slyly ex
2161,Customer#000002161,S8OMYFrpHwoNHaGBeuS6E 6zhHGZiprw1b7 q,8,18-239-400-3677,4482.088004728644,AUTOMOBILE,onic accounts. fluffily silent pinto beans boost blithely according to the fluffily exp
2162,Customer#000002162,"2,ARep1aMyhgNZqrkc,toQ3XY6FOiCZqNW",9,19-209-782-4244,2554.1338982196366,BUILDING,cross the bold pains. bold instructions haggle. even accounts wake slowly. carefully busy ideas need to x-ray sly
2163,Customer#000002163,"nnbRg,Pvy33dfkorYE FdeZ60",41,12-387-467-6509,6788.372266748705,AUTOMOBILE,tions. slyly silent excuses slee
2164,Customer#000002164,fUJqzdkQg1,42,31-236-665-8430,-64.11248649292574,MACHINERY,usly final dolphins. fluffily bold platelets sleep. slyly unusual attainments lo
2165,Customer#000002165,4tUf4SaYTFV2H7ji,0,10-932-794-2009,2019.628817963685,BUILDING,"uctions sleep blithely bold packages. pending, silent deposits after the fluffily final pinto beans ar"
2166,Customer#000002166,"Aue7KVz,FinSHpov Vk5ed,wSQ2BRSioJ0",9,19-443-196-8008,1445.8955282184756,BUILDING,s pinto beans use thinly slyly regular packages. instructions print along the s
2167,Customer#000002167,"la,ROBPJ4I2YNzQw,RpbB0sTOjyv3F ZBeWRiQ",46,21-715-573-6928,7875.008527301932,BUILDING,aggle bravely deposits. even du
2168,Customer#000002168,8r5wwhhlL9MkAxOhRK,0,10-646-595-5871,-1704.6386156676654,BUILDING,er regular accounts against the furiously unusual somas sleep carefull
2169,Customer#000002169,I3DrbiKwP3dxs1jF0iDwXh,5,15-881-433-2257,-562.3012237852984,BUILDING,old deposits alongside of the packages are 
2170,Customer#000002170,vMX52A1zqDbGNzjfSzgsxSVU0GU6iFmrgiUE,5,15-646-384-2302,3625.4220406969816,BUILDING,"ly. blithely final packages wake silent ideas. express, special theodo"
2171,Customer#000002171,68r87HCBbQkVYaVfes8mgKs,41,12-996-628-9902,5847.981714073515,BUILDING,"sly. carefully quick instructions sleep carefully deposits. final, pending pinto beans use closely fluffily final in"
2172,Customer#000002172,IgUSuulguDJ5,0,10-784-971-7777,8596.98635957149,FURNITURE,ly even warhorses. quickly even requests wake slyly. 
2173,Customer#000002173,"4oht3f64ZWA1,ACbBP9DNxjjG1CbIqOCK",8,18-404-707-6095,3547.7714546523885,MACHINERY,"deposits cajole slyly ironic, express packages. asymptotes cajole ruthlessly "
2174,Customer#000002174,MDaJr8ekGTS79bS7CH8f1WgWPU,0,10-933-819-2037,-21.86458427431762,AUTOMOBILE,ggle final packages. slyly regular instructions affix fur
2175,Customer#000002175,4jAtwsWIITPzhTIx7jblhjp9aAzejEGnu,38,13-693-138-5884,2732.2482665394623,BUILDING,ithely daring ideas? regular requests wake slyly ag
2176,Customer#000002176,3T2A1uo8mCqTeO LTW8atjLBLO12nh6lyl,8,18-588-456-4616,3728.552764236697,AUTOMOBILE,to beans sleep according to the fluffily regular instructions. 
2177,Customer#000002177,Yj 9g1mNu00rKRkc1ovOmptsPI,18,28-694-363-3673,3356.5282847179,HOUSEHOLD,oach. blithely regular instructions sublate across the quickly regular ideas. qui
2178,Customer#000002178,ciP7BWkhOe1IbbVGlqJePBI6ZwqENkS,13,23-986-141-5327,3649.2156427081864,HOUSEHOLD,al foxes are on the carefully final excuses. careful dependen
2179,Customer#000002179,"F2X,GhSqLz8k u0gWsirsraFaEDEo6vIGtOTaO1T",46,21-730-373-8193,2145.8832239891453,AUTOMOBILE,uickly-- fluffily pending instructions boo
2180,Customer#000002180,"MAUkwAyEvg61RlCMomspMs0WzYa,Ns",2,12-530-647-8313,5700.607850013232,HOUSEHOLD,mptotes haggle around the theodolites. furiously bold accounts detect quickly packages. special pinto beans 
2181,Customer#000002181,oAvLu8VcRg9FNS9sNmoqU9,16,26-405-743-5405,7914.836742781903,MACHINERY,special packages against the slyly final pinto beans wake slyly furiously final 
2182,Customer#000002182,"zVp5Hbhro,9rTwCYys1HUk",24,34-953-819-7858,5556.230679369829,FURNITURE,escapades. fluffily ironic packages nag among the slyly regular dolphins. special asymptot
2183,Customer#000002183,"gK7D76v78U iRA2YI2kxeKLlm4LZMH13,",17,27-558-375-8169,4812.129465259993,BUILDING,ly bold deposits. furiously silent braids alongside 
2184,Customer#000002184,"qHxq5m g6Ug,SDq7R17",32,28-454-124-5859,6929.210226300628,AUTOMOBILE,ffily unusual packages. furiously final ideas 
2185,Customer#000002185,c dPfaAmmoLjR3m,45,33-487-459-1026,4446.551128103336,MACHINERY,ously silent foxes cajole slyly pe
2186,Customer#000002186,UMAFCPYfCxn LhawyoEYoU9GZC7TORCX,12,22-119-576-7222,-1347.98287971735,AUTOMOBILE,fluffily requests. carefully even ideas snooze above the accounts. blithely bold platelets cajole
2187,Customer#000002187,A6uzuXpgRPp19ek8K8zd5O,22,32-330-618-9020,627.9612114012225,MACHINERY, accounts. furiously pending deposits cajole. c
2188,Customer#000002188,sUiZ78QCkTQPICKpA9OBzkUp2FM,11,21-200-159-5932,4359.022015799184,BUILDING,yly fluffy foxes boost final ideas. b
2189,Customer#000002189,g9ap7Dk1Sv9fcXEWjpMYpBZIRUohi T,13,23-244-493-2508,6414.395604599416,HOUSEHOLD,"ideas. ironic ideas affix furiously express, final instructions. regular excuses use quickly e"
2190,Customer#000002190,eRvmYOdl5v,17,27-269-224-9902,1200.227615222615,MACHINERY,nusual ideas. pending packages use carefully. slyly special sentiments cajole after the blithely even accounts. blit
2191,Customer#000002191,"Rsq8zHIbqRRB8VlgldFlU56j,0SN ",18,28-774-971-2700,7729.535212684958,BUILDING,"ake. regular requests about the idle asymptotes haggle slyly final, silent packages. carefully special"
2192,Customer#000002192,"Aue7KVz,FinSHpov Vk5ed,wSQ2BRSioJ0",9,19-443-196-8008,837.167324194534,BUILDING,s pinto beans use thinly slyly regular packages. instructions print along the s
2193,Customer#000002193,TmpTFwt3b0 WQUmljE1LKbg50dtQszn67qEog,12,22-941-606-7227,5803.254293268948,HOUSEHOLD,"unusual accounts. slyly ironic pinto beans nag against the regular, regular requests. slyly p"
2194,Customer#000002194,6Abj72jR5Z0GYQMZKBmiQxW,32,28-409-365-6392,-168.57611787090687,FURNITURE, ironic accounts above the ironic excuses haggle fluffily furiously regular packages-- slyly regular gi
2195,Customer#000002195,"K,vtXp8qYB ",0,10-267-172-7101,6801.559559556613,FURNITURE,tect among the dependencies. bold accounts engage closely even pinto beans. ca
2196,Customer#000002196,QOTGbGPJjNPD7IrfAILA1da,12,22-771-691-7229,1500.3467975121735,AUTOMOBILE,"slyly even foxes according to the pending, special accounts use carefully against the courts. regular,"
2197,Customer#000002197," CQEeqR ,cVU7Bby",49,30-415-666-7691,7327.700667355264,BUILDING,the bold accounts wake blithely across the deposits
2198,Customer#000002198,2fRlubh lWRinCs1nimADdn,1,11-886-563-6149,8344.560653825874,MACHINERY, packages are. requests integrate regularly across th
2199,Customer#000002199,F8WBznjtO2bX2knXl4ghnsp ixWylkf,16,26-714-322-4800,2870.0318077276256,MACHINERY,tructions. quick theodolites kindle
2200,Customer#000002200,2rEfA2LR6LkUXjoMxIsv58YSHPMjlqr1YXhHSX,44,11-900-587-2067,2280.000032763875,BUILDING,efully regular deposits. bravely ironi
2201,Customer#000002201,"4AjU4c4D4AMLwQx,lAJGwBIgmT7oSZwYUv0es3J",24,34-741-256-6399,6750.710780540314,MACHINERY,ckly regular accounts affix slyly carefully unusual 
2202,Customer#000002202,tDRaTC7UgFbBX7VF6cVXYQA0,8,18-807-487-1074,9647.862646448266,FURNITURE,"s lose blithely ironic, regular packages. regular, final foxes haggle c"
2203,Customer#000002203,"d1Tyzg,0ArKPuBln8CDH, 1Xsukm2nXVl",15,25-629-292-9022,1696.9457542977577,HOUSEHOLD,"s are slyly according to the express, spe"
2204,Customer#000002204,b0UgocSqEW5 gdVbhNT,41,12-427-271-9466,858.8898602363522,BUILDING,"ions. express, ironic instructions sleep furiously ironic ideas. furi"
2205,Customer#000002205,kX6yufw5dfKrgwQPVwWE7,2,12-824-451-8526,8998.378771726528,HOUSEHOLD,hins. furiously unusual foxes about the regular foxes wake blithel
2206,Customer#000002206,Q3 pefFAcrEYPQ6J AC,17,27-945-826-8003,4506.4494330606685,BUILDING,quickly silent requests affix blithely slyly bold instructions. furiously even packages dazzle whith
2207,Customer#000002207,gNYGOcGkJu3ooSmsCh,19,29-721-479-1548,9076.4545901169,FURNITURE,"lly regular ideas grow furiously regular accounts. regular, special requests sleep blithely. slyly bold pla"
2208,Customer#000002208,IGGK4SXvT5ioAeT2fbVYDemsTTqqhsQu6,21,31-433-694-1822,8311.252744699312,AUTOMOBILE,ely after the carefully bold accounts. carefully ironic packages are silent packages. blithely ironic pinto beans ar
2209,Customer#000002209,1bk KBemIEsKhD3VyXa6IRLx 4GH u,8,18-294-992-6523,5145.055347875087,AUTOMOBILE,"onic packages across the bold, regular dolphins boost furiously furious multipliers; furiously specia"
2210,Customer#000002210,"6JeLWEtDERPB,0KzWB,I6Xs8rJXAC8ryFulW5NPC",0,10-203-771-2219,2211.103791074811,AUTOMOBILE, blithely daringly final theodolites. foxes ha
2211,Customer#000002211,DeZPec2K1U1fCBR2Ul9mnBNjKuXPcRcm,47,15-379-993-4446,-377.1149012762247,AUTOMOBILE,"uests cajole quickly. final, pending pinto beans wake furiously among the requests. ironic foxes with the forg"
2212,Customer#000002212,tGr0DtrK 91IgzfeZrSPpPIia3,4,14-574-118-1005,5452.287483544176,FURNITURE,es. unusual accounts try to solve ca
2213,Customer#000002213,z29DUY Utsi6mWKI,44,11-256-718-6928,3607.527506365319,AUTOMOBILE,ular theodolites haggle carefully: f
2214,Customer#000002214,fxujgj8DOFO6oKrH,8,18-791-577-7691,2065.6226894666947,BUILDING,ins sleep. slyly express platelets cajol
2215,Customer#000002215,rvGErAt5suIqpuxwtL QPAgN7n7Tyv,13,23-969-619-1363,-562.780333286823,MACHINERY, blithely blithely pending packages. furiously pending accounts use slyly. bl
2216,Customer#000002216,zQNs5e2aFcVY8MigFQEBtoCaQ9e,1,11-617-726-2039,8726.848092208316,MACHINERY, the deposits. blithely regular asymptotes boost q
2217,Customer#000002217,"evcGXqbosO6,qhx",27,24-975-574-2063,3144.4461117007872,BUILDING,cajole quickly. ironic dependencies wake quickly. silent ideas use furiously 
2218,Customer#000002218,eu 5FA1WHs9jq0pcdlVVA,0,10-470-740-2657,8509.584332838125,BUILDING,"ic foxes haggle slyly according to the dependencies. even, regular acc"
2219,Customer#000002219,F  z jplpUKWz1Hn7p3ez2qTsiIh,47,15-457-255-3822,1199.7577991076316,MACHINERY,e furiously pending requests. slyly bold requests wake deposits. furiously express
2220,Customer#000002220,ImKvHrrNc3rfWejksbCPyIQ,4,14-405-229-6174,4004.619617281664,MACHINERY,deposits: slyly regular deposits among the furiously bold asymptotes are furiously along the slyly even 
2221,Customer#000002221,",pbQM2fi642oAuel",21,31-831-635-9758,6435.118301699332,MACHINERY,ts sleep. regular frets sleep carefully ironically special dolphins. carefully bold pinto beans
2222,Customer#000002222,PCmw0r6KkLjXZsljablJ,15,25-582-501-2346,8396.591900667274,FURNITURE,"uffy excuses are carefully regular, ironic pinto"
2223,Customer#000002223,"2hrQ wHkbaNlJCzY,mVkugMIE 8ryNlaA3JHDTjJ",49,30-883-170-4010,2036.5769460304796,MACHINERY,requests wake blithely even packages. slyly ironic deposits haggle blithely 
2224,Customer#000002224,6yoIzDrw5zLBO,32,28-449-227-3528,1443.114451710897,FURNITURE, sleep quickly even somas. permanently regular grouches cajole blithely furiously ironic ide
2225,Customer#000002225,"DRBYvF0iBGsDC3iPNFsPHq3FkU,jCK8LJPX4W",12,22-720-237-1751,4071.0085030751093,FURNITURE,"final, pending asymptotes. regular requests was"
2226,Customer#000002226,"WiWQk7DyBtI,hfP0CIZ",36,33-563-510-6488,1383.313240995636,HOUSEHOLD,l theodolites. regular ideas are around the furiously iron
2227,Customer#000002227,JzJnD kA3KTjTYl,24,34-710-820-8362,5617.517515464387,HOUSEHOLD,es. slyly even theodolites across the slyly ironic accounts nag from the slyly even accounts. accounts are. 
2228,Customer#000002228,QxCzH7VxxYUWwfL7,16,26-603-491-1238,6948.7679372820585,BUILDING,sly across the furiously even 
2229,Customer#000002229,FLZ2NG5pKHpPtAh,23,33-282-178-6799,2964.1853350287406,BUILDING, sauternes. gifts cajole. slyly pending platelets cajole at the iron
2230,Customer#000002230,dYRQ2tz0OdH,42,31-872-435-1900,-704.7841863367014,HOUSEHOLD,against the final theodolites. slyly regular dependencies after the bo
2231,Customer#000002231,"xThQDiKdG,0sU IduCCPAgHJfx1PDJwtUQvfU",0,10-788-256-6117,317.67510310405646,BUILDING,accounts. fluffily regular requests are. packages among the final deposits haggle carefully arou
2232,Customer#000002232,YkaXu3o1X8,16,26-933-117-7482,8995.340393688368,MACHINERY, enticingly express excuses. quickly regular notornis cajole near th
2233,Customer#000002233,"tQ,r4voHok7oeKw9msDh4ORGje",16,26-154-285-2634,5308.003818025226,BUILDING,structions are after the even deposits
2234,Customer#000002234,"PDGU7BXDNXAo0vmo7QtDm,yCMVcD",41,12-379-344-7132,346.35642940225944,HOUSEHOLD,. final packages wake slyly? blithely even deposits haggle carefully regular packages. unusual requests
2235,Customer#000002235,IM9mzmyoxeBmvNw8lA7G3Ydska2nkZF,10,20-917-711-4011,755.4450670422885,HOUSEHOLD,"ly regular accounts hang bold, silent packages. unusual foxes haggle slyly above the special, final depo"
2236,Customer#000002236,FCerGpsfsWAsBrQTyqdzMxUQnbQembHKGg,34,20-215-156-3727,2048.559714201736,BUILDING,"ets. final, blithe theodolites abou"
2237,Customer#000002237,nouAF6kednGsWEhQYyVpSnnPt,46,21-405-590-9919,526.6551462575985,HOUSEHOLD,"even asymptotes haggle. final, unusual theodolites haggle. carefully bo"
2238,Customer#000002238,O FdrkZxCx PK,4,14-546-329-6898,3522.889657911861,FURNITURE,press accounts wake busily after the furiously final theodolites: fluffily final deposits above the carefully iro
2239,Customer#000002239,04YQNIYyRRFxUnJsTP36da,4,14-975-169-9356,7059.501853313286,MACHINERY,into beans doubt about the slyly ironic multipliers. carefully regular requests breach theodolites. special packages
2240,Customer#000002240,CgaNokxe s,11,21-839-103-4411,8907.485705496381,MACHINERY,elets. bold packages use blithely special foxes. quick
2241,Customer#000002241,c dPfaAmmoLjR3m,40,33-487-459-1026,4380.068456202167,MACHINERY,ously silent foxes cajole slyly pe
2242,Customer#000002242,5vxNLzSASzkbrUr8CRf5,21,31-533-226-4307,9556.104179400394,AUTOMOBILE,sits breach blithely. slyly regular ideas haggle fluffily; special ideas cajole q
2243,Customer#000002243,"tQ,r4voHok7oeKw9msDh4ORGje",16,26-154-285-2634,4557.8196337076615,BUILDING,structions are after the even deposits
2244,Customer#000002244,KtdEacPUecPdPLt99kwZrnH9oIxUxpw,8,18-924-993-6038,8689.143268399359,MACHINERY,"mong the ironic, final waters. regular deposits above the fluffily ironic instructions"
2245,Customer#000002245,jn Razhw70hWtHN4iRBWsf1UmrFUPn36Ni562ex,34,20-753-609-6699,2674.218746058497,AUTOMOBILE,"ironic accounts cajole carefully. even, expre"
2246,Customer#000002246,b 2X284A5AGpt8skuYwMvTyK68srMKikPst6X,24,34-717-350-9722,5426.59015162006,MACHINERY,"se carefully around the special, regular requests. ironic theodolites cajole quickly theodolites. regular, ev"
2247,Customer#000002247,2ETOoQWtvxqp,14,24-502-746-4128,-130.73073334812935,BUILDING,oss the packages. packages doze car
2248,Customer#000002248,"Nsc3VZZnVsw0mLAnqqzVz,",4,14-812-253-6693,9201.165039110292,HOUSEHOLD, final packages promise quickly. pending theodolites haggle quickly above the doggedly ironic
2249,Customer#000002249,qVQ8rWNU5KZYDcS,3,13-526-239-6950,-878.3853763403663,FURNITURE,"uctions are carefully across the regular, regular asymptote"
2250,Customer#000002250,eJ6AggYh80JMEzZNwYK4CIC2flT,35,20-229-271-4429,831.5588692992784,HOUSEHOLD,ld boost about the carefully ironic foxes. slyly special packages cajole alongside of the slyly final accounts. q
2251,Customer#000002251,drDnC6YXTJgcdfJkpbhrQ7z7XmCsoym2t22jwg,18,28-117-812-5493,-387.3473726108386,BUILDING,g the blithely ironic multipliers sleep a
2252,Customer#000002252,KVpuYa4dDW8lZZVBttyK614C2qdS,9,19-782-397-9006,5617.791753969333,HOUSEHOLD,gular decoys nod slyly express requests. slyly bold theodolites are along the regular
2253,Customer#000002253,6LrEaV6KR6PLVcgl2ArL Q3rqzLzcT1 v2,47,15-741-346-9870,2650.7163392497473,HOUSEHOLD,es regular deposits haggle. fur
2254,Customer#000002254,"qHxq5m g6Ug,SDq7R17",18,28-454-124-5859,6390.980831190057,AUTOMOBILE,ffily unusual packages. furiously final ideas 
2255,Customer#000002255,wW2OgnHj6dBz tO9OXFqCLm,4,14-670-423-7529,-378.4390465556493,HOUSEHOLD,"sleep slyly ironic, express ideas. slyly special packag"
2256,Customer#000002256,LW7shrnoCLUjJKQI8EF7SIFofvvIUmiJzpdS,38,13-832-768-3873,1623.7217592083266,MACHINERY,egular ideas. blithely regular requests above the deposits unwind on the slyly dogged pinto 
2257,Customer#000002257,"KUtV3oFy2Kyuzs4zT DB,S",43,30-410-174-2034,8138.902790491769,MACHINERY,"uternes. blithely express accounts detect around the fluffily even theodolites. even, spe"
2258,Customer#000002258,uYO2BKogrHcOcHEgzjlmZAa1QYyR45i8,16,26-400-912-7812,2376.9074697987367,MACHINERY,packages cajole carefully. slyly regular pinto beans bo
2259,Customer#000002259,"D3TLK5s,gc",15,25-602-810-8723,5920.603437998534,BUILDING,arefully furiously final pinto beans. daringly express deposits 
2260,Customer#000002260,9tfTGdYHyZXtXbbeboPIXwCT,4,14-568-471-9747,8526.270299178126,AUTOMOBILE,e carefully final packages integrate against the furiously express platelets. ironic ideas wake above the e
2261,Customer#000002261,8tzkhPXMFHKgmz,46,21-683-368-2994,1506.6742265641842,AUTOMOBILE,ular deposits. special foxes solve quickly idly special ideas. never final asymptotes nag. furiously even deposi
2262,Customer#000002262,"fg4eklU1,UaFOan",22,32-282-723-3627,6463.4322830124775,AUTOMOBILE,ges are carefully. slyly ironic deposits about the fin
2263,Customer#000002263,OO77  pLjaOe7bam1WnH9gtcZNCUlUPI,18,28-164-765-7462,3909.9586025498775,BUILDING,o beans affix carefully regular accounts. quickly even ideas sleep. pinto beans haggle fluffy courts. slyly regu
2264,Customer#000002264,"GdxkdXG9u7iyI1,,y5tq4ZyrcEy",38,13-835-723-3223,3772.9030959168667,FURNITURE,ffily regular dinos are slyly unusual requests. slyly specia
2265,Customer#000002265,4tCJvf30WagGfacqcAqmfCptu2cbMVcj2M7Y0W,15,25-224-867-3668,8477.20749177958,BUILDING,"counts. bold packages doubt according to the furiously pending packages. bold, regular pinto beans "
2266,Customer#000002266,MXA4v0xQ9Kt ,9,19-690-614-5736,6677.75172831274,MACHINERY,ress dependencies are carefully theodolites. blithely ironic foxes among the slyly bold packages sleep blith
2267,Customer#000002267,"6wzEKPyZE9dmBCJZ8e7x7fiiK,k",48,11-917-786-9955,7469.822486653526,BUILDING,nal dolphins: blithely bold gifts wake slyly afte
2268,Customer#000002268,U0 9PrwAgWK8AE0GHmnCGtH9BTexWWv87k,41,12-869-161-3468,-203.43311146123878,MACHINERY,yly special deposits wake alongside of
2269,Customer#000002269,0YRFIqAc5imIKGi9cEYtn6L,12,22-923-551-9639,5750.4539513058035,MACHINERY,le. quickly pending accounts detect furiously. packages 
2270,Customer#000002270,IXRSpVWWZraKII,21,31-952-552-9584,9450.711635519936,AUTOMOBILE,ithely even accounts detect slyly above the fluffily ir
2271,Customer#000002271,74mW8ipfvoVPR3PS,38,13-902-876-1609,9020.313583487146,HOUSEHOLD,ructions affix against the evenly ironic packages. slyly regular accounts run carefully. accounts accor
2272,Customer#000002272,fmmKD8aBlF9bFndkYf402cHVrUj8FhGZtHeL,14,24-196-343-6537,5382.435998710076,HOUSEHOLD,om the carefully even requests are slowly along the regular 
2273,Customer#000002273,droXvSIcNEElsEYS,14,24-973-990-6608,8433.885715157476,HOUSEHOLD,packages cajole furiously since the slyly
2274,Customer#000002274,"Gcie9Q,Wc6J0QvKcefqflajjOtOVchnxqBn9",24,34-325-146-3591,1134.6274124319145,MACHINERY,ions. furiously unusual platelets cajole blithely. caref
2275,Customer#000002275,oR6sZslMa7bPLxtHFhqdJt,24,34-329-123-7678,9553.826220359337,BUILDING,pliers. ironic requests boost slyly carefully express ideas. blithely ironic foxes af
2276,Customer#000002276,4iSJe4L SPjg7kJj98Yz3z0B,35,20-793-553-6417,9859.235827410286,MACHINERY,l pains cajole even accounts. quietly final instructi
2277,Customer#000002277,pO80QGjK7S0Kmoh46dViD K4OSEVDyiJ53CN,16,26-983-192-5480,10457.417225696747,MACHINERY,s carefully ironic packages. accounts boost boldly fluffily even gifts. slyly final fo
2278,Customer#000002278,lQC9KfW W77IYtJjAgSZguNzxjY rYk3t6lcxfSh,13,23-247-728-9743,4296.644102067662,FURNITURE,"he slyly close deposits. special, ironic ideas detect furiously carefull"
2279,Customer#000002279,zJvPI24TSPpiFzYfu3RvTKQ9,3,13-741-675-6890,2278.365674574647,AUTOMOBILE,rs. blithely ironic deposits nag furiously across the furiously ironic accounts. bold deposits sleep express
2280,Customer#000002280,mCQNH1rJtqjjQ9Piauc2bZr4pRFydscZtbD9d,35,20-509-301-7901,8170.740216103182,MACHINERY,"nts. pending, express foxes sleep? ironic, pending instructions haggle. ironic, pending theodolites detect slyly. bl"
2281,Customer#000002281,HuoOuJLxx7S8YDQhexfmIX,0,10-109-430-5638,1022.7076853304118,AUTOMOBILE,l requests are against the slyly ironic pinto beans. blithely unusual packages wake alongsid
2282,Customer#000002282,"EsCrt4chk,3IRIzwMHTu 6VQWrfh",17,27-651-256-7682,10145.968194142763,BUILDING,as. quickly regular requests are carefully above th
2283,Customer#000002283,68r87HCBbQkVYaVfes8mgKs,2,12-996-628-9902,5110.251508095902,BUILDING,"sly. carefully quick instructions sleep carefully deposits. final, pending pinto beans use closely fluffily final in"
2284,Customer#000002284,drDnC6YXTJgcdfJkpbhrQ7z7XmCsoym2t22jwg,18,28-117-812-5493,-431.41289674460967,BUILDING,g the blithely ironic multipliers sleep a
2285,Customer#000002285,"J9UMiYJznHVHZDuCG,ErV0iiMStETS",36,33-761-371-4753,7327.906997970201,AUTOMOBILE,"arefully unusual accounts shall boost unusual pinto beans. ironic, final ideas boost. slyly i"
2286,Customer#000002286,MMmT5l0zAilFCb2ZMqsUm3TXlRH,38,13-393-444-1533,8571.892191963425,AUTOMOBILE,"ress, unusual packages affix carefully carefully final ideas. blithely special instructions nag even deposits? f"
2287,Customer#000002287,"h5iBRMsym,y6LLSQU2DzNftiET qZ",9,19-146-399-4251,8582.371474830337,BUILDING,lar packages haggle theodolites. thinly express deposits 
2288,Customer#000002288,85KMCT2D2RIGayG99ozpk85ppHE6i9gJE,17,27-218-645-5219,1154.1752629032944,FURNITURE,ven asymptotes. carefully regular packages are blithely. special requests according to the care
2289,Customer#000002289,",wTtWOOr  wqX2sL,h79myT6nxG1EgY",38,13-398-309-9122,5117.412355897254,AUTOMOBILE,ly brave ideas haggle slyly blithe acc
2290,Customer#000002290,"2,ARep1aMyhgNZqrkc,toQ3XY6FOiCZqNW",9,19-209-782-4244,3369.7923549865054,BUILDING,cross the bold pains. bold instructions haggle. even accounts wake slowly. carefully busy ideas need to x-ray sly
2291,Customer#000002291,kTcr5JgkjFeLKIRcmtnCvOFr1feN59chP7,26,29-452-962-5934,2944.2078728474016,FURNITURE,are. slyly regular deposits mold carefully above the blithely regular ideas. carefully r
2292,Customer#000002292,HnhTNB5xpnSF20JBH4Ycs6psVnkC3RDf,33,32-817-154-4122,6383.64903471698,BUILDING,"ccording to the quickly bold warhorses. final, regular foxes integrate carefully. bold packages nag blithely ev"
2293,Customer#000002293,04YQNIYyRRFxUnJsTP36da,4,14-975-169-9356,7081.925809504481,MACHINERY,into beans doubt about the slyly ironic multipliers. carefully regular requests breach theodolites. special packages
2294,Customer#000002294,BJCfTYEV9eCDraeyO3v,33,32-194-697-1794,3137.7866134459096,FURNITURE,"r accounts. bold, final pinto beans wake carefully even Tiresias. quickly busy frays above the blithely ironic de"
2295,Customer#000002295,F9fxZhJJhaR0P4Rgd7SE2PA58x,24,34-103-353-4822,2271.9959656033157,HOUSEHOLD,"elets. regular requests sleep quickly. express ideas haggle. bold, regular ideas haggle. quickly regular accoun"
2296,Customer#000002296,eaAWe Vqr0x17Uwj1uzQRb wQpXxZVDWS3Wg,43,30-543-684-2857,5931.9226447818455,FURNITURE,the foxes. carefully pending instructions integrate fluffily blithely pending packages. careful
2297,Customer#000002297,"IVhzIApeRb ot,c,E",15,25-989-741-2988,968.9812434192831,BUILDING,"to the even, regular platelets. regular, ironic epitaphs nag e"
2298,Customer#000002298,"uR,wEaiTvo4",12,22-344-885-4251,756.3337518165752,FURNITURE,eposits. furiously regular requests integrate carefully packages. furious
2299,Customer#000002299,eRvmYOdl5v,17,27-269-224-9902,2296.877095215855,MACHINERY,nusual ideas. pending packages use carefully. slyly special sentiments cajole after the blithely even accounts. blit
2300,Customer#000002300,TqWi1c aNhdExPcDD7KQ18W,12,22-660-518-8009,9075.326496025227,MACHINERY,ns poach slyly. carefully express pinto beans ab
2301,Customer#000002301,8ufZxZ5IgwGrUM2CWfxYoRHuBi Vj8rY,17,27-350-836-5521,7538.684981692432,HOUSEHOLD, excuses are slyly after the carefully bold accounts. unusual pinto beans boost. final accounts wak
2302,Customer#000002302,DiUXazp8EYcJFsX2a7nciEpo9W5BRB4iqdb9HWL,4,14-893-381-6454,3300.984466088684,MACHINERY,"posits boost slyly carefully regular requests. final, bold fo"
2303,Customer#000002303,XJ94RTR2oXI omeh,4,14-127-261-7876,2380.4456173480057,FURNITURE,pinto beans. asymptotes about the slowly even theodolites are pending requests
2304,Customer#000002304,bBcMjFPTysSTaTdHcoO,38,13-513-778-1881,-781.5140962090177,AUTOMOBILE,thely above the carefully ironic accounts. excuse
2305,Customer#000002305,"Q6G9wZ6dnczmtOx509xgE,M2KV",15,25-344-968-5422,8689.397480660293,HOUSEHOLD,"nder against the even, pending accounts. even"
2306,Customer#000002306,"WiWQk7DyBtI,hfP0CIZ",36,33-563-510-6488,1278.4822493430638,HOUSEHOLD,l theodolites. regular ideas are around the furiously iron
2307,Customer#000002307,"EU0xvmWvOmUUn5J,2z85DQyG7QCJ9Xq7",15,25-923-255-2929,5812.660091213828,MACHINERY,ithely. ruthlessly final requests wake slyly alongside of the furiously silent pinto beans. even the
2308,Customer#000002308,ldbo6AfnCRjFW8rZnvG6UxbX6o7ISAJRDD7,4,14-368-827-9896,3825.0737622909264,FURNITURE,"lyly even asymptotes cajole furiously. regular, ironic theodolite"
2309,Customer#000002309,2LAlU fDHkOqbXjHHDqw1mJQNC,19,29-522-835-6914,5234.182559194556,FURNITURE,nic packages haggle blithely across the
2310,Customer#000002310,9hif3yif6z8w8pW88F755PU7uz,16,26-464-852-1461,3430.7886519932563,FURNITURE,s. slyly unusual instructions cajole quickly carefully bold dep
2311,Customer#000002311,GLZCUQrtiNTrPKdK 0O86ZF,5,15-543-819-4391,8100.147643501622,BUILDING,"ites cajole ironic accounts. regular, ironic gifts nag furiously against the blithely express deposits; unusual, "
2312,Customer#000002312,"eqo9A9oaE2CA7 7,L",36,33-394-388-4375,1808.4013396399455,MACHINERY,al deposits mold alongside of the fluffily brave requests. 
2313,Customer#000002313,OVnFuHygK9wx3xpg8,32,28-639-943-7051,2512.285404752254,AUTOMOBILE,uick packages alongside of the furiously final deposits haggle above the fluffily even foxes. blithely dogged dep
2314,Customer#000002314,"J9UMiYJznHVHZDuCG,ErV0iiMStETS",36,33-761-371-4753,7720.762178032985,AUTOMOBILE,"arefully unusual accounts shall boost unusual pinto beans. ironic, final ideas boost. slyly i"
2315,Customer#000002315,MGY4P7QIy3,1,11-353-524-1234,3812.9352891315834,BUILDING,to beans doze along the furiously final pinto beans. req
2316,Customer#000002316,tkSLQoOpfOa601itad05EcN0UmhjZXdyKRc0r,38,13-720-469-5207,7202.914539142138,MACHINERY,press ideas print quickly. fluffily unusual deposits use blithely eve
2317,Customer#000002317,"ZjRzAz8QbEeIkJxrUI,b",26,29-729-692-6790,404.1298502262916,MACHINERY,"onic requests wake slyly furiously final attainments. ironic, even accounts cajo"
2318,Customer#000002318,"kcW,mM0rhIstAcVaol1,6DVkS FPKlhY",27,24-808-967-4503,5670.128810707391,AUTOMOBILE,te slyly along the requests. carefully final requests sleep slyly blithe frets. furiously ruthless dep
2319,Customer#000002319,"ij8KNM0,HRvIvnvY w8jQK4zvr1EOO9YM",9,19-264-943-1253,-189.6976254821205,AUTOMOBILE,o beans affix fluffily. slyly ironic notornis wake 
2320,Customer#000002320,uF idg4bq8Ij7ghxJ5KuTnU8w,0,10-403-137-1064,6196.998706939517,BUILDING,dolites for the fluffily bold
2321,Customer#000002321,ACMrkbcf3a2J3aobVEmU5hGnHuc,1,11-232-719-3610,3253.3231193160436,BUILDING, ironic asymptotes are. slyly bold realms alongside of the fluffily specia
2322,Customer#000002322,"aKALIG526OK4veQfUh2KmKcE,oRyg",19,29-667-766-5291,3546.628542290745,BUILDING,l instructions wake. slyly express deposits us
2323,Customer#000002323,L1hGsNrx4BiN5DIZGk7WMsB90T4ag,4,14-558-935-8773,3598.2530469363414,MACHINERY,le carefully. sly asymptotes sleep fluffily unusual packages. final deposi
2324,Customer#000002324,"9f3 XsYXdvP0E39ZBi7r7oRCns3PTx,H",17,27-526-143-3959,7489.396332982092,BUILDING,ngly express dolphins boost carefu
2325,Customer#000002325,LBVMBxjllZpTQd,12,22-920-576-6295,9.728833468057653,MACHINERY, are furiously according to the multipliers. pinto beans are thinly. special deposits haggle quickly express Ti
2326,Customer#000002326,cHGtsqVvXRiK,9,19-537-180-2200,9622.695554015312,MACHINERY,lar instructions. blithely final deposits haggle furiously bold pinto bean
2327,Customer#000002327,qJWtxdKmKWcR5XgMDn,9,19-316-348-3289,2061.4787219924156,AUTOMOBILE,uickly regular foxes are after t
2328,Customer#000002328,2rEfA2LR6LkUXjoMxIsv58YSHPMjlqr1YXhHSX,44,11-900-587-2067,1605.174239544573,BUILDING,efully regular deposits. bravely ironi
2329,Customer#000002329,U0 9PrwAgWK8AE0GHmnCGtH9BTexWWv87k,2,12-869-161-3468,-1080.1330330544076,MACHINERY,yly special deposits wake alongside of
2330,Customer#000002330,nxUZ BCBO1 HAymUcopl2NtyWMuWVnE3bqPVDB,14,24-278-860-9263,5983.491858861384,FURNITURE,ly. carefully pending packages cajole among the carefu
2331,Customer#000002331,"Dh 6jZ,cwxWLKQfRKkiGrzv6pm",18,28-247-803-9025,5683.6407858534385,AUTOMOBILE," instructions cajole even, even deposits. finally bold deposits use above the even pains. slyl"
2332,Customer#000002332,diwjNQSb3wLYLy WfCDATo5rc1I3 s,41,12-741-309-6377,5725.529057776418,MACHINERY,quickly excuses. blithely express theodolites poach slyly along the theodolites. slyly reg
2333,Customer#000002333,"8KIsQX4LJ7QMsj6DrtFtXu0nUEdV,8a",9,19-216-107-2107,2011.575707603792,BUILDING,"furiously pending notornis boost slyly around the blithely ironic ideas? final, even instructions cajole fl"
2334,Customer#000002334,"p94EVXQW,Q3bhXDyhG1Gp96b5zbaW",40,33-873-120-5388,3331.733871476288,BUILDING,gle ruthlessly. furiously express dolp
2335,Customer#000002335,F8WBznjtO2bX2knXl4ghnsp ixWylkf,16,26-714-322-4800,2150.5828585909185,MACHINERY,tructions. quick theodolites kindle
2336,Customer#000002336,iecb89zRRNeN3KywZSaPXEWMjz,35,20-722-370-5220,2348.981026773239,MACHINERY, carefully slow instructions. furiously express dependencies alongside of the ca
2337,Customer#000002337,FTM62Dujm2BoblKFY w,12,22-888-883-2475,5332.9068519139655,FURNITURE,the carefully regular accounts breach above 
2338,Customer#000002338,MGY4P7QIy3,48,11-353-524-1234,3165.0548719747903,BUILDING,to beans doze along the furiously final pinto beans. req
2339,Customer#000002339,7yiheXNSpuEAwbswDW,12,22-885-845-6889,-1075.7903571493775,BUILDING,ages. furiously pending accounts are quickly carefully final foxes: busily pe
2340,Customer#000002340,wW2OgnHj6dBz tO9OXFqCLm,4,14-670-423-7529,-563.171791716525,HOUSEHOLD,"sleep slyly ironic, express ideas. slyly special packag"
2341,Customer#000002341,"F5XtTR5KeZ,wAL",46,21-124-833-5784,4431.437265661244,FURNITURE,"eposits sleep quickly. enticing packages sleep ironic, ironic accounts. daring, regular t"
2342,Customer#000002342,yp6dlWnpbzQboP5Xj8W,17,27-379-135-4463,6050.672746342215,BUILDING,uffy foxes boost about the eve
2343,Customer#000002343,diwjNQSb3wLYLy WfCDATo5rc1I3 s,2,12-741-309-6377,5572.909120946182,MACHINERY,quickly excuses. blithely express theodolites poach slyly along the theodolites. slyly reg
2344,Customer#000002344,hVZBzP8Pii,38,13-438-344-7007,6866.263142440033,HOUSEHOLD,telets around the furiously unusual foxes detect carefully against the 
2345,Customer#000002345,1JMz4nbClfcxmzPyWyJK,18,28-560-351-6594,3324.3696134382044,FURNITURE,"ing forges. foxes haggle fluffily. express, final excuses sleep slyly blithely express dependencies. "
2346,Customer#000002346,0XE2fhX7j2uivaHBrFuRl1NoJnaTSIQT,3,13-226-455-7727,-1269.0816621145318,MACHINERY,"its are after the special deposits. ironic, final deposits against the slyl"
2347,Customer#000002347,15HWGtwoP77EJfd95HxtMSTZUelV8NOKne2,34,20-320-530-5920,1199.9115428586547,FURNITURE,the packages. blithely final packages are furiously unusual asymptotes. regular frets promise carefully u
2348,Customer#000002348,fgAELFO9RS 6q9,11,21-247-588-5181,3036.904249490424,AUTOMOBILE,t daringly against the even foxes. furiously silent forges sleep furiously busily ruthless requests. exp
2349,Customer#000002349,"F5XtTR5KeZ,wAL",11,21-124-833-5784,4797.041986006564,FURNITURE,"eposits sleep quickly. enticing packages sleep ironic, ironic accounts. daring, regular t"
2350,Customer#000002350,"DHom,LSHKfYSwLSZv39AooYQHlvbaeztefjwR",3,13-692-286-8158,6945.268638429071,MACHINERY,es. blithely unusual asymptotes sleep ironic accounts. fluffily express sheaves haggle fl
2351,Customer#000002351,XU2ffxnW3TQasrfF0u2KwKWmMarPyY4q7Q,16,26-674-545-2517,2960.1204954516893,BUILDING,"r forges! requests alongside of the bold, final deposits"
2352,Customer#000002352,"IX1uj4NFhOmu0V xDtiYzHVzWfi8bl,5EHtJ",48,11-731-806-1019,4516.890454035429,FURNITURE,"above the quickly pending requests nag final, ex"
2353,Customer#000002353,60zzrBpFXjvHzyv0WObH3h8LhYbOaRID58e,22,32-503-721-8203,9270.468691554439,HOUSEHOLD,s requests nag silently carefully special warhorses. special accounts hinder slyly. fluffily enticing
2354,Customer#000002354,SH6lPA7JiiNC6dNTrR,30,30-165-277-3269,1776.4035723540874,BUILDING,r packages. fluffily ironic requests cajole fluffily. ironically regular theodolit
2355,Customer#000002355,IMCuXdpIvdkYO92kgDGuyHgojcUs88p,17,27-408-997-8430,2058.7053333615286,AUTOMOBILE,"t packages. express pinto beans are blithely along the unusual, even theodolites. silent packages use fu"
2356,Customer#000002356,bdGkzA5duas6LZ1ywB96K6Av3x 99q95h,0,10-994-609-7082,3779.1837593137284,HOUSEHOLD,"iously regular packages mold fluffily. express, idle accounts nag furiously across the carefully ironic req"
2357,Customer#000002357,"kEhE1Y,OoZTDv,Auh d5G ALINN0rND",48,11-422-328-1612,3452.570041551933,BUILDING, packages sleep slyly around the quickly special packages. final accounts are furiously. bol
2358,Customer#000002358,5uyLAeY7HIGZqtu66Yn08f,5,15-394-860-4589,682.7164269407815,MACHINERY,ts doze on the busy ideas. regular
2359,Customer#000002359,uoOpBuRr42f1WIqnVYAhxbAA9bkK6HUGpOt,42,31-739-340-5476,326.287033811383,AUTOMOBILE,hely according to the furiously unusual accounts. furiously bold platele
2360,Customer#000002360,I2UBZAPPdnA9oFKKJTGxaSQZb5QzNzTR4vN6d P,48,11-697-824-4418,5596.812481677381,FURNITURE,"uests boost carefully even foxes. accounts along the slyly ironic requests cajole express, final deposits. sl"
2361,Customer#000002361,rvGErAt5suIqpuxwtL QPAgN7n7Tyv,13,23-969-619-1363,-1051.2525607939137,MACHINERY, blithely blithely pending packages. furiously pending accounts use slyly. bl
2362,Customer#000002362,gEkI8kSq8RYgO6tiTA0AB7urZX8s2w03JGwtMi9,32,28-808-670-2983,-352.1321885392927,BUILDING,"nal theodolites. dogged, ironic deposits wake carefully. slyly regular requests after the furiously ironic "
2363,Customer#000002363,fgAELFO9RS 6q9,11,21-247-588-5181,2622.9465470369564,AUTOMOBILE,t daringly against the even foxes. furiously silent forges sleep furiously busily ruthless requests. exp
2364,Customer#000002364,Ltx17nO9Wwhtdbe9QZVxNgP98V7xW97uvSH1prEw,9,19-225-978-5670,1844.126211805774,HOUSEHOLD,thely final ideas around the quickly final dependencies affix carefully quickly final theodolites. final accounts c
2365,Customer#000002365,GZtBXX3OaqFLbC9JNi1hmF1JFLbmRs9,19,29-936-444-8248,3023.2283893098156,MACHINERY,ly fluffy braids. blithely special theodolites use express deposits-- slyly regular attainments
2366,Customer#000002366,HnaxHzTfFTZs8MuCpJyTbZ47Cm4wFOOgib,15,25-168-852-5363,4499.791160899687,HOUSEHOLD,ar accounts are. even foxes are blithely. fluffily pending deposits boost
2367,Customer#000002367,KB83CaaM8DRjvAmEMg1fw,16,26-609-226-4269,3087.058441655287,HOUSEHOLD,kages above the requests sleep furiously packages-- deposits detect fluffily. pending th
2368,Customer#000002368,"jOTQBGb nhfBMu3,LIN62WogLDBO0w",12,22-356-437-1311,7252.09810179163,BUILDING, furiously pending accounts. ideas along the slyly final deposits cajole blithel
2369,Customer#000002369,ha4EHmbx3kg DYCsP6DFeUOmavtQlHhcfaqr,22,32-755-914-7592,587.2704910628895,HOUSEHOLD,"s about the even instructions boost carefully furiously ironic pearls. ruthless, "
2370,Customer#000002370,ouSbjHk8lh5fKX3zGso3ZSIj9Aa3PoaFd,26,29-316-665-2897,9319.027687755517,MACHINERY,ial requests: carefully pending foxes detect quickly. carefully final courts cajole quickly. carefully
2371,Customer#000002371,CBSbPyOWRorloj2TBvrK9qp9tHBs,22,32-582-283-7528,5967.81942148517,MACHINERY,ly unusual instructions detect fluffily special deposits-- theodolites nag carefully during the ironic dependencies
2372,Customer#000002372,oObRVLlulGS5xikRk8La,19,29-835-631-4258,2045.0564556763056,BUILDING,ress Tiresias haggle across the never ironic ideas. blithely pending theodolites cajole ironically
2373,Customer#000002373,"tDZe2FlIxGjrf9x,n6N1tu0DbWyUkSSu",3,13-572-474-7362,-1380.1996553518275,AUTOMOBILE,uriously by the slyly regular packages. fluffily final deposits across the quickly express epitaphs us
2374,Customer#000002374,a nIm5Bk7 RMqMZ6,15,25-655-714-7125,5776.200316557097,BUILDING,st furiously blithely pending packages. deposits across the 
2375,Customer#000002375,"EU0xvmWvOmUUn5J,2z85DQyG7QCJ9Xq7",15,25-923-255-2929,5418.252396148803,MACHINERY,ithely. ruthlessly final requests wake slyly alongside of the furiously silent pinto beans. even the
2376,Customer#000002376,"K1rQq6exc3WcVCcgIjA4SaeqxtK2,HG1",8,18-377-181-4654,6678.39170109219,HOUSEHOLD,"the blithely silent dinos. even, special hockey pla"
2377,Customer#000002377,"kEhE1Y,OoZTDv,Auh d5G ALINN0rND",44,11-422-328-1612,3178.2573985560607,BUILDING, packages sleep slyly around the quickly special packages. final accounts are furiously. bol
2378,Customer#000002378,"S,6ajyDFO3WUQ0Qr",17,27-604-646-1645,6624.53836987124,FURNITURE,engage. quickly final platelets about the fluffily unusual accounts wake 
2379,Customer#000002379,"kEhE1Y,OoZTDv,Auh d5G ALINN0rND",1,11-422-328-1612,2644.1843543000764,BUILDING, packages sleep slyly around the quickly special packages. final accounts are furiously. bol
2380,Customer#000002380,x5gJ8IGm2Fo9Jigt,31,16-809-382-6446,3985.0008739574623,BUILDING,fully quiet ideas detect quickly even packages. regular instructions accor
2381,Customer#000002381,kP1xK5be a8tW5JRSq0nwJWgKbO,4,14-364-661-8744,710.2451342508119,FURNITURE, the quickly even packages wake fur
2382,Customer#000002382,kP1xK5be a8tW5JRSq0nwJWgKbO,4,14-364-661-8744,724.9404043393482,FURNITURE, the quickly even packages wake fur
2383,Customer#000002383,"oQqeEC,OD9XC1JXyOsHqcpv0fPUdP9ek5KKb70tQ",6,16-917-453-2490,2610.2556175476057,AUTOMOBILE,lithely about the furiously sil
2384,Customer#000002384,EHXBr2QGdh,7,17-359-388-5266,2184.0924818210865,MACHINERY,press deposits. carefully regular platelets r
2385,Customer#000002385,"Rsq8zHIbqRRB8VlgldFlU56j,0SN ",18,28-774-971-2700,7798.591513204751,BUILDING,"ake. regular requests about the idle asymptotes haggle slyly final, silent packages. carefully special"
2386,Customer#000002386,9kndve4EAJxhg3veF BfXr7AqOsT39o gtqjaYE,17,27-626-559-8599,1973.2356447606783,FURNITURE,egular packages shall have to impress along the 
2387,Customer#000002387,O09TejHJ6UszNfmqTR cmal8zcs,49,30-997-704-1110,6347.374714375423,FURNITURE,e above the regular deposits. slyly even requests integrate slyly blithely express forges. regular platele
2388,Customer#000002388,"hTIc2AUg pqhYh2W0yMUTQtrZV1KUutysIb6,nxb",21,31-724-234-4181,2482.134155891625,BUILDING,regular patterns. unusual platelets try to are unusual theod
2389,Customer#000002389,dDsmiig0T4oFKaf9ttFeh1etLvSIc9aV1xF2H,11,21-941-208-2485,8462.784434882085,AUTOMOBILE,"es detect accounts. slyly bold theodolites wake ironic, special accounts. instructions cajo"
2390,Customer#000002390,"D3TLK5s,gc",15,25-602-810-8723,6743.694664234539,BUILDING,arefully furiously final pinto beans. daringly express deposits 
2391,Customer#000002391,vBUkY7eCyWP,37,30-326-598-2437,8296.776589772693,MACHINERY, bold orbits boost slyly according to the carefully ironic accounts. slyly special packages whithout the 
2392,Customer#000002392,"qCQsFELZ3W hlmi,zOHBcZGo0PZl3jbFu1jsijqE",42,31-757-951-9827,2905.286246085755,HOUSEHOLD,le furiously express instructions. ideas hag
2393,Customer#000002393,y5J0HJVI6Mb k4rXTAPbxE9aw,15,25-233-924-7389,6370.591183470115,AUTOMOBILE,"he bold, even accounts breach"
2394,Customer#000002394,"3PI4ZATXq8yaHFt,sZOQccGl  Fc1TA3Y 2",48,11-137-389-2888,6020.659326454395,AUTOMOBILE,deas. blithely regular foxes use carefully bold accounts-- ruth
2395,Customer#000002395,K5sID 6zGPrYdfoADUq4kidlPgF3,38,13-119-903-3814,7111.386997637395,AUTOMOBILE,even requests among the blithely regular pinto beans use across the ironic accounts. slyly ironic
2396,Customer#000002396,BxDlz44b56kXjsTpl,5,15-919-192-7197,1050.943361940814,AUTOMOBILE,elets. never express accounts haggle slyly. depths along the requests haggle bl
2397,Customer#000002397,"I,Kso,IZ,AL2rK4HhIB1wRWWrx3 yoaZlFs",46,21-242-974-5799,1325.815388138096,BUILDING,. special packages haggle ruthles
2398,Customer#000002398,mFm45wZ7rV4VIbEE1F4,3,13-574-104-3221,4150.805998451353,FURNITURE,st the special instructions. theodolites detect blithely according 
2399,Customer#000002399,bpsO77xiAmjwOxqIgAszRu4Y,9,19-844-888-9800,5384.31959532244,HOUSEHOLD,ending pinto beans unwind slyly. slyly final theodolites above the quickly ironic pinto beans haggle ev
2400,Customer#000002400,"K61SvIue3Emcwfel,7f9tO5WyJ58MbT7k3iS",41,12-100-890-4659,-22.019895246275382,FURNITURE,ickly even pinto beans affix across the bravel
2401,Customer#000002401,m0sYmeYs5wLydSS qw542Et32,15,25-894-843-9171,3781.1989499370807,FURNITURE, carefully across the express foxes. carefully special accounts ca
2402,Customer#000002402,GZtBXX3OaqFLbC9JNi1hmF1JFLbmRs9,26,29-936-444-8248,3523.2312903508737,MACHINERY,ly fluffy braids. blithely special theodolites use express deposits-- slyly regular attainments
2403,Customer#000002403,F9fxZhJJhaR0P4Rgd7SE2PA58x,24,34-103-353-4822,3393.0988566273963,HOUSEHOLD,"elets. regular requests sleep quickly. express ideas haggle. bold, regular ideas haggle. quickly regular accoun"
2404,Customer#000002404,a wMc0lQutcHs6cRomoMCGjvM0MwEk4uyrxKI3,31,16-604-758-5574,7389.244497657446,MACHINERY,p carefully. carefully special excuses haggle carefully about th
2405,Customer#000002405,RMY8 LyGnJ67NGc5cxPYiIDSF,45,33-633-470-5945,1920.8292399068412,FURNITURE,gular patterns cajole slyly blithely final ideas? furiously unusual courts wake among 
2406,Customer#000002406,0XE2fhX7j2uivaHBrFuRl1NoJnaTSIQT,38,13-226-455-7727,-1415.4622020043043,MACHINERY,"its are after the special deposits. ironic, final deposits against the slyl"
2407,Customer#000002407,b0UgocSqEW5 gdVbhNT,41,12-427-271-9466,211.14039953535223,BUILDING,"ions. express, ironic instructions sleep furiously ironic ideas. furi"
2408,Customer#000002408,"6R rPD6SDQPpFuYxxwh,Dv1PeusmP,C6cNcI",41,12-270-756-2968,3098.081167749001,HOUSEHOLD,e. asymptotes sleep fluffily quiet requests. even theodolites among the fluffily regular pinto 
2409,Customer#000002409,MpCwhcLrbcIM7AeKS9tRM09by,8,18-180-678-6165,933.7770175987512,MACHINERY,grow. fluffily regular pinto beans according to the regular accounts affix quickly pe
2410,Customer#000002410,w8eRmMOmUTjVOkucbfcGDh2AqCixTOC,9,19-699-117-6988,5063.966514996007,FURNITURE,uctions. furiously even dolphins haggle fluffily according to the furiously regular dep
2411,Customer#000002411,"Yux,gs14NpneiZEy9Rz",12,22-806-885-5347,3077.956451710835,MACHINERY,ng dolphins cajole across the carefu
2412,Customer#000002412,G vBMGVmIOHl7tc4HeNMiMkKY,15,25-960-809-3690,181.4604415938795,BUILDING,tions. quietly unusual accounts sleep blithely afte
2413,Customer#000002413,"Zwg64UZ,q7GRqo3zm7P1tZIRshBDz",15,25-336-529-9919,1920.5202194032395,AUTOMOBILE,counts cajole slyly. regular requests wake. furiously regular deposits about the blithely final fo
2414,Customer#000002414,1DyQwHuUncB7BSnQUiW8ksexb,20,30-495-591-5384,3002.891672637366,AUTOMOBILE,c instructions. fluffily bold requests are furiously quickly ironic deposits. carefully 
2415,Customer#000002415,0UU iPhBupFvemNB,0,10-508-348-5882,3993.7066979362107,BUILDING,"re fluffily pending foxes. pending, bold platelets sleep slyly. even platelets cajo"
2416,Customer#000002416,EluRTlO4pE7u0XSKKyvKvVyt4sADWFRLZuiyn,0,10-337-165-1106,25.78269370875597,MACHINERY,ld requests sleep quickly. carefully express tithes wake carefully ac
2417,Customer#000002417,KgVnjN7Y4HCN5f97HEUp7kYNNTrE3 O,11,21-448-313-4374,690.3707508050308,FURNITURE,ely ironic packages. blithely regular foxes sublate furiously. special requests boost furiously agains
2418,Customer#000002418,"u6xYwCLD,Vd4ODt8",24,34-861-760-4796,36.46235839344051,AUTOMOBILE,usly. final accounts integrate slyly above the furiously sly pinto beans. furiously unusual ideas 
2419,Customer#000002419,pekyJqzeIQKGO8TeLvXgH8HR,11,21-124-963-7614,8437.362862458844,AUTOMOBILE,the furiously quick deposits. slyly regul
2420,Customer#000002420,"I0B10bB0AymmC, 0PrRYBCP1yGJ8xcBPmWhl5",17,27-147-574-9335,6665.417354803873,BUILDING,among the slyly regular theodolites kindle blithely courts. carefully even theodolites haggle slyly along the ide
2421,Customer#000002421,uvgDE6eQ2bJp4BkHyVdpYYC8,13,23-789-801-2873,6366.810197196328,FURNITURE,", pending deposits. sly theodolites along the carefully unusual"
2422,Customer#000002422,2ETOoQWtvxqp,27,24-502-746-4128,-544.7257100591323,BUILDING,oss the packages. packages doze car
2423,Customer#000002423,wry Gj3xd8QX ylUCulG,15,25-498-699-7824,-853.8370697786675,HOUSEHOLD,gly express pinto beans sleep furiously around the quick foxes.
2424,Customer#000002424,5pSw0OIoNRcpyTEEI1gZ6zRMyJ0UGhJdD,3,13-184-254-6407,9411.95966477271,AUTOMOBILE,mise ironically against the unusual foxes. deposits cajole asymptotes. ironic ideas shall have to sleep
2425,Customer#000002425,8OiPHefIPoalRjUoCIwbXz,15,25-221-133-2233,5084.813190813349,MACHINERY,"ly bold asymptotes. ironic, even d"
2426,Customer#000002426,BJYZYJQk4yD5B,10,20-895-685-6920,6930.1052052386085,FURNITURE,. notornis wake carefully. carefully fluffy requests are furiously even accounts. slyly expre
2427,Customer#000002427,"4w7DOLtN9Hy,xzZMR",3,13-168-233-7513,6109.228924691406,BUILDING,"wake after the regular, final instructions. final epitaphs mold fluffily blithely ironic id"
2428,Customer#000002428,0oAVPhh1I4JdrDafVG2Z8,44,11-170-679-3115,1084.385707809623,HOUSEHOLD,ctions cajole after the furiously unusual ideas. ironic packages among the instructions are carefully carefully iro
2429,Customer#000002429,"mvEKw,6zT0V8Yb2yTG hu990UX",42,31-247-536-6143,8442.968076265575,MACHINERY,ns integrate against the quickly special courts. slyly
2430,Customer#000002430,"iVyg0daQ,Tha8x2WPWA9m2529m",8,18-774-241-1462,1079.8804502157805,FURNITURE, along the regular deposits. furiously final pac
2431,Customer#000002431,"HBOta,ZNqpg3U2cSL0kbrftkPwzX",9,19-960-700-9191,6188.68374076897,FURNITURE,ests. blithely bold pinto beans h
2432,Customer#000002432,XbvhyAXRkuujtESRmxeD9eQpYSkiCa,4,14-650-555-5310,5283.984376630389,FURNITURE,"ans above the slyly regular ideas cajole furiously across the regular, regular decoys. furiously final asymptotes s"
2433,Customer#000002433,yEUlreh6mkGmg8SIwKZooUOJ42kuZwAptaR4HAJ,33,32-358-270-1819,3862.5566628459233,HOUSEHOLD,"lar, express packages cajole bravely permanently final packages. blithely even dolphins nag finally special theo"
2434,Customer#000002434,QiZRz y1xU,24,34-708-696-5226,816.4134771217509,HOUSEHOLD,counts. unusual packages are blithely foxes. unusual dinos
2435,Customer#000002435,dD32Q8kL6KW,2,12-594-508-9621,4263.279920266384,AUTOMOBILE, special packages boost across the even accounts. ironic accounts serv
2436,Customer#000002436,0oAVPhh1I4JdrDafVG2Z8,1,11-170-679-3115,903.8898380719102,HOUSEHOLD,ctions cajole after the furiously unusual ideas. ironic packages among the instructions are carefully carefully iro
2437,Customer#000002437,"4R6pspbuk5Sp,036VraUEKPBzs",4,14-865-140-8680,-879.498032339143,HOUSEHOLD,. finally even ideas wake slyly pending dolphins. slyly even instructions wake whithout the p
2438,Customer#000002438,E4MeTLnSTIOlWkLDwmG7QPf 9Dq,16,26-350-110-5043,905.7730441676591,AUTOMOBILE,ts after the deposits are quickly deposits! blithely regular theodolites integrate above the slyly pending 
2439,Customer#000002439,qVQ8rWNU5KZYDcS,3,13-526-239-6950,-447.9440061504278,FURNITURE,"uctions are carefully across the regular, regular asymptote"
2440,Customer#000002440,"dwCYOftUgV5,EwGJc",21,31-946-641-1853,2173.164005759484,AUTOMOBILE," theodolites. even theodolites sleep slyly. special, express excuses cajole among th"
2441,Customer#000002441,GNaw4RXXMr,2,12-278-154-5262,4805.670920233681,BUILDING," final requests haggle. final, even sheaves maintain carefully above the even ac"
2442,Customer#000002442,cHGtsqVvXRiK,9,19-537-180-2200,9606.147070877216,MACHINERY,lar instructions. blithely final deposits haggle furiously bold pinto bean
2443,Customer#000002443,5OyNRajjgjjbaXtI rkxvB2lX4c6u,8,18-235-587-1274,624.8692626090121,BUILDING,"s. regular, regular deposits sleep carefully blithely bol"
2444,Customer#000002444,2Koh mYARhsVcFn0U2Abt35qIyedAr1TxP,17,27-460-529-3937,42.70338782793897,HOUSEHOLD,s. carefully unusual deposits are foxes. furiously even foxes nag carefully according to the furiously express 
2445,Customer#000002445,"ujAPYPBrLW,oIxGpuWmxoTDscSXFOP Tjk",15,25-765-244-1549,4211.204232061777,AUTOMOBILE,"er furiously despite the ironic, even ideas. slyly silent ideas boost"
2446,Customer#000002446,FTM62Dujm2BoblKFY w,12,22-888-883-2475,6660.966093426102,FURNITURE,the carefully regular accounts breach above 
2447,Customer#000002447,pAROUfTi3wCEHi1PXu,27,24-309-302-6776,6370.052196301629,HOUSEHOLD,ly regular accounts. blithely final theodolites sleep blithely. furiously regular decoys cajole blithely. bold de
2448,Customer#000002448,F602TgKjElSWrZ,34,20-871-886-9220,8111.453843629251,FURNITURE,nding packages use. blithely regular sheaves doze blithely. fluffi
2449,Customer#000002449,CSf1BbFhJhucmvftOwYLQACMEqgXj,38,13-673-633-4561,2542.2574744347717,AUTOMOBILE,eposits. slyly ironic dependencies haggle quickly. slyly close orbits above
2450,Customer#000002450,"XeFbvXCQ,J",19,29-434-961-1623,8938.481156065458,MACHINERY,ecial pinto beans. instructions ought to cajole even
2451,Customer#000002451,"iVyg0daQ,Tha8x2WPWA9m2529m",8,18-774-241-1462,744.1386843923561,FURNITURE, along the regular deposits. furiously final pac
2452,Customer#000002452,"2,ARep1aMyhgNZqrkc,toQ3XY6FOiCZqNW",9,19-209-782-4244,2932.9355478003035,BUILDING,cross the bold pains. bold instructions haggle. even accounts wake slowly. carefully busy ideas need to x-ray sly
2453,Customer#000002453,yHVWD7y1Oe1P,21,31-277-349-9036,2305.2306732444663,MACHINERY,ress attainments. furiously regular excu
2454,Customer#000002454,4QnYEe0KXOP3yridKldXROs7jQdMu9tE,42,31-579-682-9907,6465.2938569673715,HOUSEHOLD, pinto beans! furiously regular courts ea
2455,Customer#000002455,UC6I32JjBU62t4WgDe e2pDYbuM3VAt4MPM,14,24-359-633-2713,7892.139601702623,FURNITURE,s deposits sleep. blithely ironic dependencies wake. blithely even theodolites sleep. blithely 
2456,Customer#000002456,US6EGGHXbTTXPL9SBsxQJsuvy,0,10-677-951-2353,3663.687225897292,HOUSEHOLD,quests. pending dugouts are carefully aroun
2457,Customer#000002457,"x XToT5oFi7oIsRG2mgIL3ncvYJoWBsufsQ7N,z",19,29-676-227-6356,6358.051101594048,AUTOMOBILE,ackages are slyly unusual req
2458,Customer#000002458,ha4EHmbx3kg DYCsP6DFeUOmavtQlHhcfaqr,22,32-755-914-7592,1307.1148547873343,HOUSEHOLD,"s about the even instructions boost carefully furiously ironic pearls. ruthless, "
2459,Customer#000002459,"u9uI3BE68quHja6k0,UXRYFgvLHl3jKhn",17,27-714-618-2239,3366.830884809811,BUILDING,ar packages. packages thrash amo
2460,Customer#000002460,"wyXvxD,4jc",35,20-337-488-6765,2053.6026594834184,FURNITURE,e carefully blithely pending platelets. furiously final packages dazzle. ironic foxes wake f
2461,Customer#000002461,kQjHmt2kcec cy3hfMh969u,13,23-562-444-8454,9381.853217668193,HOUSEHOLD,"ests? express, express instructions use. blithely fina"
2462,Customer#000002462,pTEEPYlnQBzi558CN7LJ5UTdvO,46,21-699-526-9355,3238.815902072592,MACHINERY,", pending excuses wake slyly pending accounts. asymptotes wake fluffily against the ironic, bold pack"
2463,Customer#000002463,Hp8GyFQgGHFYSilH5tBfe,12,22-603-468-3533,6556.842845106263,FURNITURE,"y. accounts sleep ruthlessly according to the regular theodolites. unusual instructions sleep. ironic, final"
2464,Customer#000002464,S5uBtE hDxHcHunowPDXKSxP3csMFnhYt,17,27-773-818-3164,9222.229448132068,AUTOMOBILE,"ggle quickly blithely thin excuses. final, even accounts integrate slyly. carefully pending account"
2465,Customer#000002465,rfG0cOgtr5W8 xILkwp9fpCS8,9,19-403-114-4356,8168.132805079924,MACHINERY,"indle furiously final, even theodo"
2466,Customer#000002466,mFm45wZ7rV4VIbEE1F4,3,13-574-104-3221,4566.72971513065,FURNITURE,st the special instructions. theodolites detect blithely according 
2467,Customer#000002467,OOOkYBgCMzgMQXUmkocoLb56rfrdWp2NE2c,16,26-992-422-8153,-1291.1957296595624,BUILDING,es. fluffily final dependencies sleep along the blithely even pinto beans. final deposits haggle furiously furiou
2468,Customer#000002468,BNhssVcV36vshEHUAc aPFJ,8,18-670-628-8499,2496.32877724915,HOUSEHOLD,ronic instructions. express pinto beans poach blithely. quickly ironic accounts n
2469,Customer#000002469,CBSbPyOWRorloj2TBvrK9qp9tHBs,33,32-582-283-7528,6633.21469273075,MACHINERY,ly unusual instructions detect fluffily special deposits-- theodolites nag carefully during the ironic dependencies
2470,Customer#000002470,A1Zvuxjdpt8TZP6i41H3fn9csGqOJUm5x0NIS1LA,49,30-435-915-1603,7047.786473545983,FURNITURE, blithely ironic theodolites 
2471,Customer#000002471,CBSbPyOWRorloj2TBvrK9qp9tHBs,33,32-582-283-7528,6459.35896251085,MACHINERY,ly unusual instructions detect fluffily special deposits-- theodolites nag carefully during the ironic dependencies
2472,Customer#000002472,4V71P ku3jrqBfQp,46,21-248-166-9549,9290.41222190117,MACHINERY,arefully furiously special ideas. pending deposits above the blithely regular excuses wake slyly car
2473,Customer#000002473,"Q6G9wZ6dnczmtOx509xgE,M2KV",15,25-344-968-5422,8214.525858258708,HOUSEHOLD,"nder against the even, pending accounts. even"
2474,Customer#000002474,HXiFb9oWlgqZXrJPUCEJ6zZIPxAM4m6,9,19-113-202-7085,7621.170006613445,BUILDING, requests. dolphins above the busily regular dependencies cajole after
2475,Customer#000002475,"zVp5Hbhro,9rTwCYys1HUk",24,34-953-819-7858,5728.228162235203,FURNITURE,escapades. fluffily ironic packages nag among the slyly regular dolphins. special asymptot
2476,Customer#000002476,1 nkl3GMSnweulTNAMPeB8Sa5aSIk,23,33-403-226-2580,7147.855663581797,AUTOMOBILE,nts. special excuses thrash blithe
2477,Customer#000002477,"7Q17BacxM,liY2AwhnHGR0Pjf1180sMz1U",26,29-554-215-7805,4284.492906238257,HOUSEHOLD,gular accounts x-ray carefully against the slyl
2478,Customer#000002478,lp3aCRBK11qFY,16,26-756-407-4828,5801.050565020698,HOUSEHOLD,"ajole even, pending accounts. carefully brave accounts"
2479,Customer#000002479,"AJT,26RbanTdEHOBgTWg",4,14-275-416-1669,6930.9443829719585,AUTOMOBILE,"ironic, pending deposits: quickl"
2480,Customer#000002480,"d6XE9sg,  wINvIz8aZS b8n XuhAQU5",19,29-804-421-1703,563.7859047787003,AUTOMOBILE,cuses. slyly even asymptotes doubt quickly. fluffily thin theodolites boost. ca
2481,Customer#000002481,0YRFIqAc5imIKGi9cEYtn6L,12,22-923-551-9639,6446.347057862689,MACHINERY,le. quickly pending accounts detect furiously. packages 
2482,Customer#000002482,95XSwEZD22AZln3RB,47,15-307-682-9911,2989.765702105627,AUTOMOBILE,"after the furiously ironic foxes cajole slyly unusual, pending reques"
2483,Customer#000002483,"GE,jQi5oLlkzh4jIUct7r 3C5G",24,34-941-824-8063,3067.925419408325,FURNITURE,". final, bold deposits sleep furiously. unusual instructions are final requests. quickly final sentiments "
2484,Customer#000002484,pXaKKTCTyc UI3tglBaWRimosymG6ZyOCyb6Vb3M,29,17-442-286-3594,217.09711451964904,FURNITURE,s. slyly regular sentiments are carefully. slyly ironic asymptot
2485,Customer#000002485,uYO2BKogrHcOcHEgzjlmZAa1QYyR45i8,16,26-400-912-7812,2348.673571592337,MACHINERY,packages cajole carefully. slyly regular pinto beans bo
2486,Customer#000002486,C4vlB8ENikVmaMizX3nH3zgds6,9,19-339-404-7859,7940.312990293243,BUILDING,accounts use furiously unusual pinto bean
2487,Customer#000002487,Ax4TI4jbHvaYUaaFuEUQTiMWQvrjez G,45,33-623-834-3089,352.1862341436064,MACHINERY,"ely. carefully pending foxes was furiously special, special "
2488,Customer#000002488,MMmT5l0zAilFCb2ZMqsUm3TXlRH,38,13-393-444-1533,8363.166170535953,AUTOMOBILE,"ress, unusual packages affix carefully carefully final ideas. blithely special instructions nag even deposits? f"
2489,Customer#000002489,ss AgOrB5VFubLk bsmTgbw2ddJD,0,10-728-355-4532,3955.253022736776,BUILDING,ckages haggle: quickly regular ideas are after the furi
2490,Customer#000002490,BWGsQevHk0BfRJV3RRB ElFc,40,33-696-831-5394,9259.419600746778,BUILDING,"phins; bold, final accounts print. carefully silent "
2491,Customer#000002491,L1hGsNrx4BiN5DIZGk7WMsB90T4ag,4,14-558-935-8773,4274.1807236200275,MACHINERY,le carefully. sly asymptotes sleep fluffily unusual packages. final deposi
2492,Customer#000002492,EJwOQMTQnFwvd8r Y7f9i5POy6ZlNkIYxCL hg8t,25,16-947-309-2690,5547.281768730526,MACHINERY,final requests after the furiously 
2493,Customer#000002493,vRPteZtcyV,26,29-869-316-1166,-687.0549424862564,AUTOMOBILE,ckly permanent accounts wake fluffily regular packages. quickly express foxes cajole. carefully ironic packa
2494,Customer#000002494,OEJ7AElvHgEtDpjcrXgLK,27,24-979-584-7928,946.5255740940544,HOUSEHOLD,ronic somas. accounts was among the carefully unusual requests. unusual pinto beans are blithely regular depths. s
2495,Customer#000002495,8ufZxZ5IgwGrUM2CWfxYoRHuBi Vj8rY,17,27-350-836-5521,7644.148001336705,HOUSEHOLD, excuses are slyly after the carefully bold accounts. unusual pinto beans boost. final accounts wak
2496,Customer#000002496,G vBMGVmIOHl7tc4HeNMiMkKY,15,25-960-809-3690,96.86915160846702,BUILDING,tions. quietly unusual accounts sleep blithely afte
2497,Customer#000002497,HuoOuJLxx7S8YDQhexfmIX,0,10-109-430-5638,1209.2286522401678,AUTOMOBILE,l requests are against the slyly ironic pinto beans. blithely unusual packages wake alongsid
2498,Customer#000002498, QD7s2P6QpCC6g9t2aVzKg7y,19,29-213-663-3342,543.5667675744975,MACHINERY,ly alongside of the quickly blithe ideas. quickly ironic accounts haggle regul
2499,Customer#000002499,"IX1uj4NFhOmu0V xDtiYzHVzWfi8bl,5EHtJ",48,11-731-806-1019,4104.937676271147,FURNITURE,"above the quickly pending requests nag final, ex"
2500,Customer#000002500,Th5XO5ImeCe9nHFQfQMCkNcmf5WHSeYQaR5TJ,41,12-594-534-9654,8242.389742403284,FURNITURE,"rding to the furiously unusual accounts. express, express accounts nag furiously. ide"
2501,Customer#000002501,te2FOn8xJzJinZc,7,17-297-684-7972,-119.61825817566717,AUTOMOBILE,nic deposits. evenly pending deposits boost fluffily careful
2502,Customer#000002502,JvbSKX7RG3xuqiKQ93C,17,27-972-408-3265,5908.336555993401,AUTOMOBILE,"l, even theodolites. carefully bold accounts sleep about the sly"
2503,Customer#000002503,VmFhpV9 aIqPysMHRIWZl,15,25-391-998-4106,1624.1445215689519,MACHINERY,gular accounts. thin platelets promise fluffily. carefully express accounts haggle quickly qu
2504,Customer#000002504,Sbvjxgmwy4u6Ks1FH7lxo7toMmeU5dG,44,11-243-298-4029,7776.860465106364,BUILDING,bold accounts haggle furiously even deposits. regular instruct
2505,Customer#000002505,98nP31ToAGK tCCkYm7HqBZt0dLjy0JzlMMRCmkj,4,14-787-370-8722,305.66609691549183,BUILDING,c pinto beans. quickly even requests haggle against the blithel
2506,Customer#000002506,oDBFWKIP6M6OlYRPmqCBkVpVSj6uFa,41,12-905-464-3299,652.065735049506,HOUSEHOLD,". ironic, pending frets haggle carefully. ironic,"
2507,Customer#000002507,"q5,Og3ezW3jSUtbwK 6qLJPqPwCwdL",0,10-386-173-3167,1220.476255445177,MACHINERY,s against the quickly unusual ideas are blithely packages. accounts sleep quickly. regular
2508,Customer#000002508,"sKZz0CsnMD7mp4Xd0YrBvx,LREYKUWAh yVn",49,30-114-968-4951,8414.663077413126,AUTOMOBILE,tions. even deposits boost according to the slyly bold packages. final accounts cajole requests. furious
2509,Customer#000002509,cuwz2Yvj VKYEXjZzfL,35,20-502-685-6183,4458.735825315014,FURNITURE,heodolites after the quickly bold deposits wake according to the regular platelets. ca
2510,Customer#000002510,IcbihAtOVWcnswfyE,28,20-489-960-5023,9607.18601910253,FURNITURE," accounts cajole quickly above the blithely final packages. even, express package"
2511,Customer#000002511,"Dh 6jZ,cwxWLKQfRKkiGrzv6pm",32,28-247-803-9025,6836.277541200597,AUTOMOBILE," instructions cajole even, even deposits. finally bold deposits use above the even pains. slyl"
2512,Customer#000002512,XxVSJsLAGtn,4,14-128-190-5944,2404.0689981091955,MACHINERY," requests. final, regular ideas sleep final accou"
2513,Customer#000002513,"gogI8kweD 2H6U,01lbIp0UWUwljSue,KRcC",2,12-177-329-4316,5733.29577348956,HOUSEHOLD,ptotes. silent requests cajole fluffily along the slyly permanent ideas. pending instr
2514,Customer#000002514,OVnFuHygK9wx3xpg8,32,28-639-943-7051,3960.2328860622965,AUTOMOBILE,uick packages alongside of the furiously final deposits haggle above the fluffily even foxes. blithely dogged dep
2515,Customer#000002515,XJ94RTR2oXI omeh,4,14-127-261-7876,1657.6207209152976,FURNITURE,pinto beans. asymptotes about the slowly even theodolites are pending requests
2516,Customer#000002516,"2GuRx4pOLEQWU7fJOa, DYiK8IuMsXRLO5D 0",34,20-916-264-7594,-633.760772556295,FURNITURE,slyly final theodolites are across the carefully 
2517,Customer#000002517,JnzDRxqCwjRPyeq70wrxzKWLXI,22,32-838-393-6825,3922.544315077168,BUILDING, blithely final instructions grow furiously ironic requests. furiously special theodolites sleep after 
2518,Customer#000002518,ratVLdmp070,8,18-676-218-1058,9911.1670285199,FURNITURE,al pinto beans. carefully ironic foxes cajole idly finally express theodolites. fluff
2519,Customer#000002519,tDRaTC7UgFbBX7VF6cVXYQA0,8,18-807-487-1074,10021.902867680014,FURNITURE,"s lose blithely ironic, regular packages. regular, final foxes haggle c"
2520,Customer#000002520,mksKhdWuQ1pjbc4yffHp8rRmLOMcJ,16,26-597-636-3003,6858.972693181604,HOUSEHOLD,"quickly across the fluffily dogged requests. regular platelets around the ironic, even requests cajole quickl"
2521,Customer#000002521,oR9VbMI LkR2GUv4MRmylhb,36,33-645-447-3944,5068.356943725356,HOUSEHOLD,"haggle carefully. pending, bold foxes play carefully ironic frets: slyly unusual ins"
2522,Customer#000002522,9qLvF42uxUarKl4I 2pEKOMNJmo8Ro5EK,19,29-500-408-6392,-402.9413261435501,AUTOMOBILE,hins boost quickly. quickly regular epitaphs haggle fluffily quickly bold pinto beans. regular
2523,Customer#000002523,"ovOZcFGL31uxmA2ifIYudX6OuwNDz,B",7,17-306-898-9363,5437.548503236172,MACHINERY,unts wake slyly excuses. bravely even pinto beans across the furiously final de
2524,Customer#000002524,KgVnjN7Y4HCN5f97HEUp7kYNNTrE3 O,11,21-448-313-4374,-1051.7369667969351,FURNITURE,ely ironic packages. blithely regular foxes sublate furiously. special requests boost furiously agains
2525,Customer#000002525,2sPwjFNEFf9dN4az,11,21-424-586-6295,9707.69316931648,AUTOMOBILE,ounts use blithely. blithely pending packages use ironic deposits. final accounts boost slyly. care
2526,Customer#000002526,"Aue7KVz,FinSHpov Vk5ed,wSQ2BRSioJ0",9,19-443-196-8008,900.0294783886005,BUILDING,s pinto beans use thinly slyly regular packages. instructions print along the s
2527,Customer#000002527,6qS1ZDpAYr9aED9Yh ggf8ACJcPi7sp,7,17-415-957-9976,7524.162014118064,AUTOMOBILE,"t the busy courts sleep quietly above the ideas. final accounts after the regular, ironic pl"
2528,Customer#000002528,nWDOTh6X019pfBtV3ikACYZiMjGykLrFnuyAo2,2,12-447-614-7494,2147.8080279331143,HOUSEHOLD,ckey players. carefully ironic a
2529,Customer#000002529,V15TQAhSLp7YC3KdjuMwSV3cwg0lp,32,28-749-743-6583,1617.5109381129932,MACHINERY,lieve carefully ironic hockey players. special ide
2530,Customer#000002530,b7ytiiX7E9,16,26-191-682-8920,3041.6429426947993,AUTOMOBILE,doze slyly. furiously pending deposits cajole fluffily carefully pending packages. boldly regular
2531,Customer#000002531,rayz3tXswDbL4hyIr5SMrEIOTqvmok48e,12,22-181-313-6281,8730.963718702244,FURNITURE,press deposits-- fluffily express accounts cajole carefully according to the daringly even deposits-- furi
2532,Customer#000002532,dF80enl1y5MfccEMqYz0JSY,5,15-316-638-4703,3885.180320114163,AUTOMOBILE,s. bold accounts about the carefully final packages detect slyly pending platele
2533,Customer#000002533,2HFk1E0fmqs,13,23-979-183-7021,8784.472918093968,AUTOMOBILE,"ages boost among the special foxes. quiet, final foxes lose carefully about the furiously unusual th"
2534,Customer#000002534,xwWO3lWjgVJTZwhnltyH6zj5ddkzgH8RbF,15,25-875-978-2232,1574.8909043440442,MACHINERY,usly regular deposits kindle. quickly even depos
2535,Customer#000002535,"eaOl5UBXIvdY57rglaIzqvfPD,MYfK",12,22-302-930-4756,3243.0351831000635,BUILDING,usly regular theodolites boost furiously doggedly pending instructio
2536,Customer#000002536,"XRqEPiKgcETII,iOLDZp5jA",4,14-273-885-6505,9968.718868996653,MACHINERY,ies detect slyly ironic accounts. slyly ironic theodolites hag
2537,Customer#000002537,"A3ACFoVbP,gPe xknVJMWC,wmRxb Nmg fWFS,UP",29,17-395-429-6655,4765.095058475469,AUTOMOBILE,al accounts cajole carefully across the accounts. furiously pending pinto beans across the 
2538,Customer#000002538,"IVhzIApeRb ot,c,E",15,25-989-741-2988,1676.7695856314047,BUILDING,"to the even, regular platelets. regular, ironic epitaphs nag e"
2539,Customer#000002539,QxCzH7VxxYUWwfL7,16,26-603-491-1238,7125.347846962572,BUILDING,sly across the furiously even 
2540,Customer#000002540,"Ip,OhnmOeHu9PezZBvw7AHJcBDOWVoVUJKsJyA",16,26-416-434-3449,666.3505644350137,AUTOMOBILE," nag slyly. final deposits sleep along the ironic, bold i"
2541,Customer#000002541,pO8rWSwK j,12,22-358-857-3698,6005.117523403379,MACHINERY,"ing requests. furiously regular accounts hinder slyly. final, regular theodolites against the slyly quiet requests"
2542,Customer#000002542,3ElvBwudHKL02732YexGVFVt ,9,19-140-352-1403,7651.499269493033,MACHINERY,"nstructions. quickly ironic ideas are carefully. bold, "
2543,Customer#000002543,fIq5p0GpDtw6FIsPMdbqNYgfSw3gL9ep,13,23-125-871-9246,6661.761533228934,AUTOMOBILE,deposits above the deposits wake bold instructions. special accounts cajole. ideas along the regu
2544,Customer#000002544,kwh9i86Wj1Zq14nwTdhxapIkLEI,5,15-907-674-2046,3390.768388192376,HOUSEHOLD,furiously unusual instructions. s
2545,Customer#000002545,A1hnMyYPSkXf7QgOPD2H,4,14-209-883-5797,4970.898107333884,AUTOMOBILE, sometimes regular epitaphs. furiously regular gifts against
2546,Customer#000002546,"xH61m,Si5X4REvi",38,13-489-760-5455,454.0768635420956,HOUSEHOLD,"nt deposits. final, unusual requests use blithely. slyly unusual packages against the carefully bol"
2547,Customer#000002547,6LrEaV6KR6PLVcgl2ArL Q3rqzLzcT1 v2,5,15-741-346-9870,3208.8353830883907,HOUSEHOLD,es regular deposits haggle. fur
2548,Customer#000002548,dXkVi8qahjP,12,22-494-898-7855,6288.0258135682325,AUTOMOBILE,he special instructions integrate carefully final request
2549,Customer#000002549,KwgdKUL1G2WacsMNF50yX,33,32-178-964-1847,1351.78696734996,MACHINERY,"losely regular, unusual instructions. "
2550,Customer#000002550,"JrvrIEzAre,VJzJCi3SEmib1T2,YVXVvOGxaVZwR",3,13-265-738-4361,7728.7810487525,AUTOMOBILE,s haggle around the special dependencies. slyly regular requests are according to the idly sly ideas! fluffily final
2551,Customer#000002551,nsXQu0oVjD7PM659uC3SRSp,3,13-761-547-5974,3648.418199438632,BUILDING,ounts sleep carefully after the close frays. carefully bold notornis use ironic requests. blithely
2552,Customer#000002552,8DbtM3KloBZ4OO1dRrF99,30,30-904-936-4914,3399.1644824774544,BUILDING,efully final packages use. slyly pend
2553,Customer#000002553,"g3,8g XHACSvjZtJuiNk5BYiyPFnIxg",20,30-114-675-9153,8132.2001985677325,FURNITURE,special requests! express dugouts can affix furiously blithely regular platelets. fu
2554,Customer#000002554,WtCLJBdycxFOsHyv,32,28-393-594-5247,8461.064952605911,AUTOMOBILE,accounts. blithely pending foxes wake among the carefully express forges. quickly ironic realms wake bl
2555,Customer#000002555,67r6XnIxUVgAc3pRX8tmGOw,11,21-106-357-8302,-1314.7991773360004,BUILDING,ans. fluffily unusual instructions haggle about the slyly ironic platelets. never regular pinto beans sleep fl
2556,Customer#000002556,gEkI8kSq8RYgO6tiTA0AB7urZX8s2w03JGwtMi9,18,28-808-670-2983,138.74460807844088,BUILDING,"nal theodolites. dogged, ironic deposits wake carefully. slyly regular requests after the furiously ironic "
2557,Customer#000002557,27adTXaVp7araW,43,30-765-163-9750,9331.07237579324,AUTOMOBILE,pinto beans; furiously special platelets haggle quickly against the slyly unusual foxes. 
2558,Customer#000002558,"VS0fia,lJ RvUf68 l4Unv,Vx",13,23-121-746-7339,5995.88929723979,BUILDING,gular foxes! permanently regular packages wake. quickly regular deposits detect blithely. carefully express
2559,Customer#000002559,qtBPSM2NvmJXNePBT Ap3M6UqIZTvaF,35,20-959-383-4792,6738.263017223766,HOUSEHOLD,ickly about the sly foxes. furiously bold patterns sleep regularly across
2560,Customer#000002560,ER5vABifV766q5f0FN7l2eN7MIg2lO,43,30-789-716-6850,3937.5608174444374,AUTOMOBILE, pinto beans maintain slyly even instructions. regular acc
2561,Customer#000002561,PtJQn0IjYtShb1f2uYTYBnnmUeGNiwcALU,0,10-229-548-7118,9423.702221379477,HOUSEHOLD,"nding requests. special, bold instruction"
2562,Customer#000002562,"kcW,mM0rhIstAcVaol1,6DVkS FPKlhY",27,24-808-967-4503,5114.164171266014,AUTOMOBILE,te slyly along the requests. carefully final requests sleep slyly blithe frets. furiously ruthless dep
2563,Customer#000002563,OPN1N7t4aQ23TnCpc,4,14-947-291-5002,-291.18238701643554,BUILDING,"fully busily special ideas. carefully final excuses lose slyly carefully express accounts. even, ironic platelets ar"
2564,Customer#000002564,4NwsvFQU T4mSgzvU1Rx2ZtHOGyaNyhe,16,26-437-952-8986,3629.9484708452183,AUTOMOBILE,gs cajole quickly. bold asymptotes wake regularly along the quickly 
2565,Customer#000002565,ZjY1C b6cOnY3,39,17-202-113-4814,4538.768127506707,BUILDING,nts sleep around the carefully express theodolites. requests nag 
2566,Customer#000002566, QD7s2P6QpCC6g9t2aVzKg7y,19,29-213-663-3342,-277.8213776801143,MACHINERY,ly alongside of the quickly blithe ideas. quickly ironic accounts haggle regul
2567,Customer#000002567,"ex9SkK7K uM,ki1dsO7PgZLlIuQFKJUQZpD2oS",17,27-988-546-2598,631.7265936930728,FURNITURE,"ic requests haggle quickly across the deposits. regular, express ideas along the"
2568,Customer#000002568,sbWV6FIPas6C0puqgnKUI,48,11-861-303-6887,1375.9513154589577,HOUSEHOLD,press along the quickly regular instructions. regular requests against the carefully ironic s
2569,Customer#000002569,8gman6hzpuKUsX7mKU9katXpP1ia,15,25-116-108-3791,6327.491268218127,MACHINERY,"lent, final accounts cajole fluffily special requests. deposits around the fluffily even packages "
2570,Customer#000002570,95XSwEZD22AZln3RB,5,15-307-682-9911,2379.2900462192238,AUTOMOBILE,"after the furiously ironic foxes cajole slyly unusual, pending reques"
2571,Customer#000002571,WSptkDdGQQyJ6,19,29-992-318-6425,-38.011082253861346,MACHINERY,s boost furiously slyly final dependencies! fluffily regular sheaves nag fluffily. slyly even courts sleep sl
2572,Customer#000002572,fAfmAacTlPc,13,23-959-476-7310,252.71030435016564,FURNITURE,ckages cajole slyly even requests. express 
2573,Customer#000002573,XFnr9C2bANXL,25,16-375-385-5712,-1360.9584920151394,AUTOMOBILE,"lithely ironic, silent forges. furious"
2574,Customer#000002574,2rEfA2LR6LkUXjoMxIsv58YSHPMjlqr1YXhHSX,48,11-900-587-2067,1049.4511640337419,BUILDING,efully regular deposits. bravely ironi
2575,Customer#000002575,",rdHVwNKXKAgREU",39,17-241-806-3530,9121.60385541221,AUTOMOBILE,ldly final instructions mold carefully along the ironic accounts.
2576,Customer#000002576,wW2OgnHj6dBz tO9OXFqCLm,4,14-670-423-7529,-764.5401932545863,HOUSEHOLD,"sleep slyly ironic, express ideas. slyly special packag"
2577,Customer#000002577,5J941XxxkE,28,20-941-614-6433,865.5740085355378,AUTOMOBILE,"refully bold packages. final, regular pa"
2578,Customer#000002578,"fm8t3X05Wm,PQxPSPHZy,rHI,wUBLTFO5S ",16,26-923-317-3870,3667.2801442140717,FURNITURE,"ts. accounts after the even pinto beans boost across the ironic, silent accounts. reques"
2579,Customer#000002579,rbnZCbJSTE3qWLl,34,20-746-804-1553,4596.867241646291,HOUSEHOLD,"enticingly express platelets wake. regular requests boost even, regular instructions. express dependencies a"
2580,Customer#000002580,KvpyuHCplrB84WgAiGV6sYpZq7Tj,3,13-750-942-6364,1607.9139400083207,HOUSEHOLD,n accounts will have to unwind. foxes cajole accor
2581,Customer#000002581,H9HRTaOz4yI9elrUUiS,9,19-678-843-9850,741.0384500652333,FURNITURE,cross the final packages. blithely ironic excuses serve slyly about the final accounts. fluffily
2582,Customer#000002582,",ql804gtMc3uxTfP,lt4yRBWQ",12,22-458-624-2509,9094.997041865168,HOUSEHOLD,tes are blithely carefully bold pac
2583,Customer#000002583,"HBOta,ZNqpg3U2cSL0kbrftkPwzX",9,19-960-700-9191,7831.254291927692,FURNITURE,ests. blithely bold pinto beans h
2584,Customer#000002584,V15TQAhSLp7YC3KdjuMwSV3cwg0lp,32,28-749-743-6583,840.1548721196248,MACHINERY,lieve carefully ironic hockey players. special ide
2585,Customer#000002585,ratVLdmp070,8,18-676-218-1058,10278.035929753763,FURNITURE,al pinto beans. carefully ironic foxes cajole idly finally express theodolites. fluff
2586,Customer#000002586,QM5YabAsTLp9,4,14-692-150-9717,466.4197114155883,HOUSEHOLD,uickly carefully special theodolites. carefully regular requests against the blithely unusual instructions 
2587,Customer#000002587,"P3 Dv,6yllTNmL9yt6NUZZPZjvM2coWJd",44,11-104-635-9839,9601.387084410851,BUILDING,ly according to the unusual foxes. carefully ironic accounts haggle accounts-- regular dolphins will integ
2588,Customer#000002588,2Ge 0Nk29FlBs1GuBiY84sLvn38mEkAKnM,0,10-333-463-4472,1614.3966809082963,MACHINERY,"requests. slyly final instructions sleep. fluffily even packages cajole pending, final "
2589,Customer#000002589,"dtR, y9JQWUO6FoJExyp8whOU",27,24-394-451-5404,1215.9424988338344,FURNITURE,counts are slyly beyond the slyly final accounts. quickly final ideas wake. r
2590,Customer#000002590,"8Cw4p1m1gKYVUgomkAq,es1ZtrnmHaO",31,16-950-729-1638,2507.736050681565,AUTOMOBILE,dolites. furiously regular theodolites integrate furiously. bravely bold requests are. furiously
2591,Customer#000002591,4eyqk2zpg4m V JGEtgwNmCq3c,15,25-875-178-1959,7962.386983926107,BUILDING,"es need to affix furiously. ironic, final foxes are against the regular instructions: pinto beans haggle q"
2592,Customer#000002592,c5M1KcH60UZPYsa,9,19-573-345-3305,4329.928013124671,MACHINERY,"se across the dependencies. express, "
2593,Customer#000002593,yvUE7Qy3Ub6uGhPkuEJeOI,44,11-275-121-4443,7873.466637034485,FURNITURE,ts. blithely bold packages sleep 
2594,Customer#000002594,"mpI6pkdnWLZsBbQi4,uUC5Y3TcM9vmRIgZelrQ",14,24-555-630-2261,9105.323583492458,AUTOMOBILE,ly alongside of the carefully ironic deposits. blithely ironic packages are blithely agains
2595,Customer#000002595,AyNzZBvmIDo42JtjP9xzaK3pnvkh Qc0o08ssnvq,9,19-299-247-2444,-476.98096242412146,HOUSEHOLD,eposits; furiously ironic packages accordi
2596,Customer#000002596,"h5iBRMsym,y6LLSQU2DzNftiET qZ",9,19-146-399-4251,9307.117069055203,BUILDING,lar packages haggle theodolites. thinly express deposits 
2597,Customer#000002597,"4K6h0pYH,bg2FS5cYL,qqejhvp7EfTlBjRjeVPkq",1,11-980-134-7627,4244.131947324885,BUILDING," final requests cajole after the ironic, bold instructio"
2598,Customer#000002598,681r22uL452zqk 8By7I9o9enQfx0,16,26-314-406-7725,1557.2300073226904,MACHINERY,across the blithely unusual requests haggle theodo
2599,Customer#000002599,"56K JjC bMcgbXlJA4KI Icu uggsRoviMQm,F",7,17-494-757-5759,9109.405558826516,FURNITURE, according to the slyly bold accounts. 
2600,Customer#000002600,Fo9QgQsDOP28D3zR,33,32-759-858-2984,-619.7939063716175,BUILDING,y along the special requests. blithely regular waters thrash abou
2601,Customer#000002601,kQjHmt2kcec cy3hfMh969u,13,23-562-444-8454,9706.988736223,HOUSEHOLD,"ests? express, express instructions use. blithely fina"
2602,Customer#000002602,x9ukZnNiUM5pBPXyE3epagewVQBPZzxGYD6sMH,7,17-866-269-1165,368.59482571104934,BUILDING," the ironic packages sleep carefully express theodolites. even, final deposits across the even deposits nag after t"
2603,Customer#000002603,PfH0lw8GzD7o,9,19-790-843-5283,7339.921425022766,MACHINERY, theodolites. ironic requests wake. thinly silent 
2604,Customer#000002604,"7xCLYGLCpFU,toJBIPIrJbLIuLok81h IxK ae5Z",30,30-441-755-3094,2469.58955511888,MACHINERY, even deposits haggle. packages i
2605,Customer#000002605,PVdTfF7cfPueJS0MBncE5v4bKfPV64Zg,47,15-901-460-2033,2885.424421116061,FURNITURE,wake carefully. slyly express deposits wake furiously among the fluffily final deposits. pa
2606,Customer#000002606,9mcCK L7rt0SwiYtrbO88DiZS7U d7M,34,20-966-284-8065,-490.933575023099,FURNITURE,rate carefully slyly special pla
2607,Customer#000002607,yHVWD7y1Oe1P,42,31-277-349-9036,1488.007158976929,MACHINERY,ress attainments. furiously regular excu
2608,Customer#000002608,",7fcZHIUn,fUaQtK8U,Q8",48,11-237-758-6141,3922.9047089404517,AUTOMOBILE,tions. slyly ironic waters wa
2609,Customer#000002609,"9ST2x,snyY3s",0,10-374-175-6181,1827.083745374636,MACHINERY,ndencies detect slyly fluffil
2610,Customer#000002610,q10SV05KB1038lzUR8P,46,21-604-451-4462,4765.960964414821,HOUSEHOLD,le blithely final forges. furiously even deposits cajole fluffily even patterns. furious
2611,Customer#000002611,9pTq4gggfKoSqQetn0yJR,16,26-370-660-6154,5986.9720921430835,MACHINERY,osits nag furiously final accounts. silent pack
2612,Customer#000002612,"RluaguNRAJhYXmn,CWxcOC,Ly7",2,12-938-503-7317,8287.765784782714,HOUSEHOLD,jole along the blithely bold 
2613,Customer#000002613, Eayx9GAqjJEwrGy1Er5 ffNtLL,47,15-464-411-8342,1797.695630461053,MACHINERY, haggle against the carefully bold theodolites. quietly regular ideas haggle. pending pinto beans engage sl
2614,Customer#000002614,F602TgKjElSWrZ,34,20-871-886-9220,7980.6420468655115,FURNITURE,nding packages use. blithely regular sheaves doze blithely. fluffi
2615,Customer#000002615,Ax4TI4jbHvaYUaaFuEUQTiMWQvrjez G,40,33-623-834-3089,376.1194495495282,MACHINERY,"ely. carefully pending foxes was furiously special, special "
2616,Customer#000002616,"clyq458DIkXXt4qLyHlbe,n JueoniF",1,11-655-291-2694,291.34916166674554,BUILDING,o the foxes. ironic requests sleep. c
2617,Customer#000002617,UC6I32JjBU62t4WgDe e2pDYbuM3VAt4MPM,27,24-359-633-2713,6323.702818915154,FURNITURE,s deposits sleep. blithely ironic dependencies wake. blithely even theodolites sleep. blithely 
2618,Customer#000002618,ckBLWkfYtn2VZXWWqUGbDgbP,46,21-476-142-5086,7880.087280370441,HOUSEHOLD,"s. furiously express depths boost. regular requests boost furiously. even, unusual deposits cajole blithely. expre"
2619,Customer#000002619,HV0YB82MWw93 9K,37,30-776-366-5869,2685.4511570163286,BUILDING,"ideas wake. fluffily ironic packages hang furiously above the regular, even platelets; packages haggle slyly "
2620,Customer#000002620,HGEouzCcFrNd nBAdsCRjsMxKOvYZdbwA7he5w9v,15,25-207-442-1556,9740.418752886228,BUILDING, pinto beans against the carefully bold requests wake quickly alongside of the final accounts. accounts
2621,Customer#000002621,"q5 gKwc7PBQOyd,H",17,27-938-997-6262,7686.962075297661,FURNITURE,ully regular deposits. slyly ironic requests wake along the depos
2622,Customer#000002622,tDRaTC7UgFbBX7VF6cVXYQA0,8,18-807-487-1074,9666.709872104197,FURNITURE,"s lose blithely ironic, regular packages. regular, final foxes haggle c"
2623,Customer#000002623,"o2uc3AHYz,m 3vYg8YxBwI0XuG",20,30-197-936-4724,4029.3386907661366,MACHINERY,usly? final theodolites are carefully 
2624,Customer#000002624,m h2wQbujQnQOrcf109reW0 o,25,16-469-554-5196,1574.3585845969938,MACHINERY,courts could hang quickly express epitaphs. foxes haggle above the carefully unusual requ
2625,Customer#000002625,85KMCT2D2RIGayG99ozpk85ppHE6i9gJE,17,27-218-645-5219,233.48253584223235,FURNITURE,ven asymptotes. carefully regular packages are blithely. special requests according to the care
2626,Customer#000002626,s0fqxkVVqLWR  IaqibwwOf,49,30-309-437-9265,54.379206945918895,AUTOMOBILE,"usly final orbits are? unusual, ironic accounts are slyly. unusual requests sleep after the ironic,"
2627,Customer#000002627,"PnC4Xlds,v",0,10-813-916-8297,7539.685816222014,FURNITURE,ts. permanently special accounts mold quickly. requests boost slyly bo
2628,Customer#000002628,"NUilehg0nVOkK3K1SW0,BAHCeST2JqKzuTMoGS",34,20-456-773-7693,-564.2528219614624,AUTOMOBILE,ending foxes across the carefully
2629,Customer#000002629,OB JBXz5fghXsYEaClW8PZpDmxMVZct,5,15-253-270-5149,8831.33792829165,HOUSEHOLD,"foxes. even, special theodolites boost. furiously silent packages haggle? furiously "
2630,Customer#000002630,68RstNo6a2B,32,28-135-177-2472,8183.825378474016,FURNITURE,accounts wake. express instructions according to the s
2631,Customer#000002631,9ICLFWFZa6,9,19-113-384-3847,2805.58957808677,FURNITURE,es. furiously pending packages haggle fluffily carefully silent foxes. carefully unusual dependencies boost fu
2632,Customer#000002632,mSo5eI8F4E6Kgl63nWtU84vfyQjOBg4y,35,20-475-741-4234,4862.52146442006,FURNITURE,"al, ironic foxes. packages wake according to the pending"
2633,Customer#000002633,UIv4t5cbA7j1ftOSatj2EKah3p,9,19-245-153-1471,3639.383926707031,BUILDING,"nic deposits print blithely slyly final accounts. special, express accounts are fluffily a"
2634,Customer#000002634,b7ytiiX7E9,16,26-191-682-8920,2685.5984719815024,AUTOMOBILE,doze slyly. furiously pending deposits cajole fluffily carefully pending packages. boldly regular
2635,Customer#000002635,FTM62Dujm2BoblKFY w,12,22-888-883-2475,7228.2930844216235,FURNITURE,the carefully regular accounts breach above 
2636,Customer#000002636,"qdIqRUfpmvtWo0NGsyi4qyjkwzlImP9,NrSC",1,11-968-244-9275,3993.963841435722,BUILDING,arefully regular dependencies. quick
2637,Customer#000002637,TmpTFwt3b0 WQUmljE1LKbg50dtQszn67qEog,12,22-941-606-7227,5443.584098113521,HOUSEHOLD,"unusual accounts. slyly ironic pinto beans nag against the regular, regular requests. slyly p"
2638,Customer#000002638,A1Zvuxjdpt8TZP6i41H3fn9csGqOJUm5x0NIS1LA,49,30-435-915-1603,6644.353732958449,FURNITURE, blithely ironic theodolites 
2639,Customer#000002639,LXH7wSv4I6GG6TAkLOyLcMh559a8Y,21,31-296-111-5448,-1130.3060797347678,FURNITURE,hely at the pending warhorses; blithe
2640,Customer#000002640,yxBr7nLGxxwECEk,17,27-125-968-3750,4693.063281092932,AUTOMOBILE,"he final, even deposits. furiously special pl"
2641,Customer#000002641,"YtWggXoOLdwdo7b0y,BZaGUQMLJMX1Y,EC,6Dn",40,33-687-542-7601,2909.5322345867626,HOUSEHOLD, platelets. regular deposits detect asymptotes. blithely unusual packages nag slyly at the fluf
2642,Customer#000002642,ZFFYipzTg0vSjOhPbcBUgPK9se,28,20-330-305-8843,9382.178247954987,AUTOMOBILE,gle about the busily special theodolites. furiously ironic deposits haggle beside the furiously special accounts. 
2643,Customer#000002643,"5Hy,ajDzJPtZFeJedRSeLN7XGOJtyUy2FI93",26,29-424-835-1463,3063.016146205059,HOUSEHOLD,ly bold ideas affix blithely about the slyly even pinto beans. slyly regular multip
2644,Customer#000002644,ZFFYipzTg0vSjOhPbcBUgPK9se,35,20-330-305-8843,8928.612720024228,AUTOMOBILE,gle about the busily special theodolites. furiously ironic deposits haggle beside the furiously special accounts. 
2645,Customer#000002645,b0UgocSqEW5 gdVbhNT,41,12-427-271-9466,26.1433150615172,BUILDING,"ions. express, ironic instructions sleep furiously ironic ideas. furi"
2646,Customer#000002646,fiW1n6dLSVRkXj7kU1768UI2w1vMxEde5a ,41,12-722-560-7023,1334.1723824700948,FURNITURE,", regular requests kindle slyly furio"
2647,Customer#000002647,1nUzjsH9HS1sPAGLwDIom9IESivLeEh1BvyynjU,46,21-285-410-4046,2788.4480656188207,BUILDING,"ymptotes. ironic, unusual notornis wake after the ironic, special deposits. blithely fina"
2648,Customer#000002648,RKPx2OfZy0Vn 8wGWZ7F2EAvmMORl1k8iH,9,19-190-993-9281,5739.557666860051,HOUSEHOLD,ix slowly. express packages along the furiously ironic requests integrate daringly deposits. fur
2649,Customer#000002649,s0fqxkVVqLWR  IaqibwwOf,20,30-309-437-9265,-1032.3170800188382,AUTOMOBILE,"usly final orbits are? unusual, ironic accounts are slyly. unusual requests sleep after the ironic,"
2650,Customer#000002650,"EU0xvmWvOmUUn5J,2z85DQyG7QCJ9Xq7",15,25-923-255-2929,5349.322832153108,MACHINERY,ithely. ruthlessly final requests wake slyly alongside of the furiously silent pinto beans. even the
2651,Customer#000002651,"uOFz ,iMYi02Ksr13Q2nBCETCpSp",15,25-811-790-3533,5974.31245880685,FURNITURE,ages. regular ideas sleep. bold foxes affix. regular instructions haggle. bravely unusual requests haggl
2652,Customer#000002652,F2YYbRT2EV,16,26-395-247-2207,8195.931148930109,HOUSEHOLD,xpress instructions breach; pending request
2653,Customer#000002653,nmbpR1rqOdlUDvT6C HXUhm2,5,15-642-801-1329,304.1653259665304,BUILDING, might wake. sometimes unusual requests cajole carefully about the excuses. stealthily final requests wake quick
2654,Customer#000002654,RMY8 LyGnJ67NGc5cxPYiIDSF,40,33-633-470-5945,1856.180459521151,FURNITURE,gular patterns cajole slyly blithely final ideas? furiously unusual courts wake among 
2655,Customer#000002655,L OAVSFQauP87kLdHouM8,38,13-970-299-8199,4380.154056034991,MACHINERY,"ts. brave, express packages boost. even, pending instructions nag blithely regular theodolite"
2656,Customer#000002656,Ltx17nO9Wwhtdbe9QZVxNgP98V7xW97uvSH1prEw,9,19-225-978-5670,1275.6663854633853,HOUSEHOLD,thely final ideas around the quickly final dependencies affix carefully quickly final theodolites. final accounts c
2657,Customer#000002657,PkWS 3HlXqwTuzrKg633BEi,23,33-464-151-3439,-364.42785520982596,BUILDING,ckages. requests sleep slyly. quickly even pinto beans promise above the slyly regular pinto beans. 
2658,Customer#000002658,OB JBXz5fghXsYEaClW8PZpDmxMVZct,5,15-253-270-5149,10118.14242745849,HOUSEHOLD,"foxes. even, special theodolites boost. furiously silent packages haggle? furiously "
2659,Customer#000002659,"vLP7iNZBK4B,HANFTKabVI3AO Y9O8H",17,27-357-139-7164,-1315.97674885789,BUILDING, detect. packages wake slyly express foxes. even deposits ru
2660,Customer#000002660,"q5 gKwc7PBQOyd,H",17,27-938-997-6262,7002.388369482898,FURNITURE,ully regular deposits. slyly ironic requests wake along the depos
2661,Customer#000002661,"btAl2dQdvNV9cEzTwVRloTb08sLYKDopV2cK,p",34,20-487-747-8857,2422.273995998269,MACHINERY, theodolites use stealthy asymptotes. frets integrate even instructions. car
2662,Customer#000002662, 8w2pIiA4wWAhtjAdXR,25,16-843-486-5087,8310.511131940266,BUILDING, express dependencies use fluffily final platelets. furiously regular accounts wake furiously. carefully careful cou
2663,Customer#000002663,OdY W13N7Be3OC5MpgfmcYss0Wn6TKT,3,13-312-472-8245,2767.455486956224,HOUSEHOLD,deposits. special deposits cajole slyly. fluffily special deposits about the furiously 
2664,Customer#000002664,TmpTFwt3b0 WQUmljE1LKbg50dtQszn67qEog,12,22-941-606-7227,5256.395653606848,HOUSEHOLD,"unusual accounts. slyly ironic pinto beans nag against the regular, regular requests. slyly p"
2665,Customer#000002665,"K61SvIue3Emcwfel,7f9tO5WyJ58MbT7k3iS",2,12-100-890-4659,392.1886327491113,FURNITURE,ickly even pinto beans affix across the bravel
2666,Customer#000002666,cJ3cHoAjAiaxTU2t87EJM,4,14-152-594-2967,1455.9684925521942,MACHINERY,dolphins haggle fluffily across the final requests. regularly unusual sentiments detect fluffily requests. regular
2667,Customer#000002667,2Koh mYARhsVcFn0U2Abt35qIyedAr1TxP,17,27-460-529-3937,-405.57462066829055,HOUSEHOLD,s. carefully unusual deposits are foxes. furiously even foxes nag carefully according to the furiously express 
2668,Customer#000002668,miE7JrCdGpQkF4zYJ27tBdSu IYhQ HXx0 ,22,32-902-936-4845,945.9807737189515,BUILDING,xcuses. regular pains wake slyly across the ruthlessly ironic dependencies. e
2669,Customer#000002669," V1FCIeSseuyNGYfHS Rx0,sc4IsBfReV",4,14-480-931-8567,8737.602963864923,MACHINERY,lar courts. furiously pending dependencies cajole blithely? fluffily regular deposits cajol
2670,Customer#000002670,"5IW,WROVnikc3l7DwiUDGQNGsLBGOL6Dc0",44,11-936-295-6204,5730.336641621352,FURNITURE,packages nag furiously. carefully unusual accounts snooze according to the fluffily regular pinto beans. slyly spec
2671,Customer#000002671,OrOUBBV7NlzVFXtuSOECmQFOkw8r,5,15-455-954-2914,1209.9898770657162,FURNITURE,s deposits. blithely even packages sleep carefully ironic deposits. quickly ironic accou
2672,Customer#000002672,"B3OhbH0MRJE,F0Lc7Jq0Ttv3",44,11-742-434-6436,-1471.8899383224266,FURNITURE,y ironic instructions are quickly about the slyly silent pinto beans. quickly final dependenci
2673,Customer#000002673,"0uAMe1ICB,wts4STD4eLL",36,33-408-194-5161,2482.260365128014,HOUSEHOLD,gular deposits among the thin instructions haggle since the furiously final packages. ideas use. regular i
2674,Customer#000002674,"56K JjC bMcgbXlJA4KI Icu uggsRoviMQm,F",29,17-494-757-5759,8547.013678329227,FURNITURE, according to the slyly bold accounts. 
2675,Customer#000002675,"0PkG ELwBIgU4AsNcjDc5Q,9Gj",40,33-108-680-4317,6875.121816983,BUILDING,cial instructions. accounts nod special accounts. slowly even deposits belie
2676,Customer#000002676,"G0, q8c6vBykpiLvcuSJLYvqE",25,16-566-251-5446,9876.986031652317,MACHINERY, somas use-- slyly express foxes wake quickly blithely iro
2677,Customer#000002677,WcOint654aJStnQWSgAAtI,32,28-987-505-1842,5983.882522216994,FURNITURE,s against the furiously special packag
2678,Customer#000002678,"mBaNGEJoY2tgXD60V2DEO ajjoM3Zd,Jp",8,18-676-152-4849,1461.6753747023165,MACHINERY,ainst the ideas nag fluffily according to 
2679,Customer#000002679,9RfNXUJivKTonL2bp1eG5IT,35,20-415-457-4421,2020.7095514138937,FURNITURE,al packages haggle always. daringly bold inst
2680,Customer#000002680,"AfP6tFNz1Eu4buoUd,HrZAld340 xz2wbQ2",41,12-115-571-7897,7935.559738429656,HOUSEHOLD,press orbits affix furiously pending packages. courts alongsi
2681,Customer#000002681,CgtcDDYMnvsgI1uozRj,45,33-360-732-3579,331.9193167657059,MACHINERY,s cajole furiously among the ironic deposits. carefully bold pinto beans wake carefully against the carefully
2682,Customer#000002682,3rchTZwilGpffMz1MfpnkFfWBtOIdgmvvS1E7sJj,37,30-741-794-9826,6340.419799600276,HOUSEHOLD,equests. deposits cajole quickly slyly spe
2683,Customer#000002683,3vlJp0W8cniEXV,12,22-855-455-1154,5720.485342445081,HOUSEHOLD,"sleep carefully quick pinto beans. packages hinder beneath the instructions? ironic, unusual theodoli"
2684,Customer#000002684,Xyge4DX2rXKxXyye1Z47LeLVEYMLf4Bfcj,21,31-101-672-2951,8506.218947157342,MACHINERY,"ic, unusual theodolites nod silently after the final, ironic instructions: pending r"
2685,Customer#000002685,60zzrBpFXjvHzyv0WObH3h8LhYbOaRID58e,22,32-503-721-8203,9644.399190681013,HOUSEHOLD,s requests nag silently carefully special warhorses. special accounts hinder slyly. fluffily enticing
2686,Customer#000002686,"cWONXs2Vx30bkgYoCkx7LrJH,E",12,22-132-906-1117,333.56779196674864,BUILDING,"ng to the stealthy, final courts cajole carefully alongside of the gifts? regular ideas above the furiously express "
2687,Customer#000002687,"qCQsFELZ3W hlmi,zOHBcZGo0PZl3jbFu1jsijqE",42,31-757-951-9827,2927.494477977092,HOUSEHOLD,le furiously express instructions. ideas hag
2688,Customer#000002688,F7 m0JwiCABmbJLPQpCJ2,6,16-713-144-2780,3976.4752460878262,AUTOMOBILE,"g the carefully express dolphins: special, pending packages affix after the packa"
2689,Customer#000002689,"ZsiaboMOOV,aGwWUpfE",46,21-553-425-9152,-585.5152037635581,AUTOMOBILE,"telets. ironic platelets cajole carefully; bold, special instructions unwind blithely regular somas. carefully "
2690,Customer#000002690,"uR,wEaiTvo4",12,22-344-885-4251,950.8693166506561,FURNITURE,eposits. furiously regular requests integrate carefully packages. furious
2691,Customer#000002691,wDJTteyausmZswQAFQot,16,26-400-312-6496,-1620.5625506292454,MACHINERY,efully enticing pinto beans. final pack
2692,Customer#000002692,7A2MhrNtsA,24,34-559-605-2237,5867.777301787446,BUILDING,lithely ironic dependencies haggle quickly b
2693,Customer#000002693,8gman6hzpuKUsX7mKU9katXpP1ia,15,25-116-108-3791,6735.234791318295,MACHINERY,"lent, final accounts cajole fluffily special requests. deposits around the fluffily even packages "
2694,Customer#000002694,dWd3MhPQY3,35,20-571-787-3958,3802.861909039458,FURNITURE,express foxes are quickly blithely bold 
2695,Customer#000002695,"2cTZiS4ulZ74edT,RmDnh4ZaCrphMMh Ff2",5,15-940-483-5702,103.03459023113521,HOUSEHOLD,old dependencies. pains haggle fluffily carefull
2696,Customer#000002696,l3LM2d2T1n c7yI4sOfpEbbd540qO66A4MARk,13,23-640-395-7009,5597.044899958178,AUTOMOBILE,eposits up the carefully bold requests mo
2697,Customer#000002697,KmMC1nd5iOXTRlhzMu13Wtx,15,25-342-269-3824,3966.843767749435,BUILDING,yly at the blithely regular excuses. carefully thin pinto beans boost slyly furiously regu
2698,Customer#000002698,K5sID 6zGPrYdfoADUq4kidlPgF3,38,13-119-903-3814,7052.526877749358,AUTOMOBILE,even requests among the blithely regular pinto beans use across the ironic accounts. slyly ironic
2699,Customer#000002699,"WN7onCgcC,,Lt4dC4C f7SCgnHWSjeTUp",18,28-575-379-5893,9827.825485337473,BUILDING,y across the regular dependencies. fur
2700,Customer#000002700,HV0YB82MWw93 9K,43,30-776-366-5869,2717.728421017474,BUILDING,"ideas wake. fluffily ironic packages hang furiously above the regular, even platelets; packages haggle slyly "
2701,Customer#000002701,dxzjW0gykcG2kJ gN8hZV02q6U5T6uVNfP,20,30-716-117-6066,8827.539589095262,HOUSEHOLD,ng the ironic accounts. regular requests across the quickly bold deposits wake carefully across the
2702,Customer#000002702,9jgCxRufEbwbGwW0PmG1RDIOwCUYlHs8z,29,17-283-610-6143,2971.5905759653215,BUILDING,"mas cajole furiously across the fluffily special deposits. pending foxes sleep regular, silent packages. ironic pla"
2703,Customer#000002703,"L8P98o,xq9E78kmuadw,Z7Rwy",34,20-492-863-1129,1803.5346575077426,HOUSEHOLD," busy deposits. careful, bold foxes eat furiously according to the final as"
2704,Customer#000002704,3T2A1uo8mCqTeO LTW8atjLBLO12nh6lyl,8,18-588-456-4616,3251.458798635036,AUTOMOBILE,to beans sleep according to the fluffily regular instructions. 
2705,Customer#000002705,KNE6mpW69IgTjVN,42,31-389-883-3371,8458.605297096663,BUILDING,"blithe, even ideas. fluffily special requests wake. c"
2706,Customer#000002706,dnxjCYwhuSHx 9KX38nV0R16fG,22,32-119-346-2028,7385.678073738822,AUTOMOBILE,"equests shall boost furiously special pinto beans. express, ironic ideas sleep across the ironi"
2707,Customer#000002707,hwJIFpxofea6CLEbWZFsWUxNrGFLANp,46,21-100-538-9635,3974.1389616549086,MACHINERY, furiously enticingly final foxes. pending requests wake quickly according to the slyly regu
2708,Customer#000002708,1MqWuuRVM5y5NlT1kakwke,4,14-983-203-6472,2648.896462733288,HOUSEHOLD, regular theodolites. brave platelets
2709,Customer#000002709,MrDN0cvhoLZ ioRLZCR hPcY4WvILz2,38,13-839-360-1866,6727.341677592666,MACHINERY,ironic instructions: ironic pinto beans acros
2710,Customer#000002710,N9NSGc0Bj6FlSw3d9k GI7VAd1jW,8,18-148-790-2039,9164.146021222541,BUILDING,lithely according to the fluffily silent patterns. furiously fin
2711,Customer#000002711,o9o6lky2KYgFZ2cSx5lyFQYufM1i1d,2,12-154-975-6824,1446.330142965451,AUTOMOBILE,beans integrate fluffily. carefully final pinto beans wake furiously even pint
2712,Customer#000002712, QD7s2P6QpCC6g9t2aVzKg7y,26,29-213-663-3342,1089.6831390762482,MACHINERY,ly alongside of the quickly blithe ideas. quickly ironic accounts haggle regul
2713,Customer#000002713,Q0uJ1frCbi9yvu,39,17-905-805-4635,1957.5227030073488,AUTOMOBILE,fully along the carefully pending Tiresias; special packages along the carefully special deposits try to
2714,Customer#000002714,AEgBZGLmuMqe7Gqh1,30,30-151-388-7118,9593.967897792887,BUILDING,accounts. ironic packages cajole furiously; quickly pending requests lose quickly carefully bold deposits. 
2715,Customer#000002715,Ay52vCrTXsSmp7TmQ1kujvuItfLGx,0,10-401-786-6040,6719.689225929774,HOUSEHOLD,g to the even dependencies. accoun
2716,Customer#000002716,"uNhM,PzsRA3S,5Y Ge5Npuhi",24,34-403-631-3505,3927.3086002331315,FURNITURE,affix. instructions are furiously sl
2717,Customer#000002717,usrG6ohdPROyd98c9,40,33-869-990-3946,1062.1766313009207,AUTOMOBILE,"ickly alongside of the express, express ideas. sly"
2718,Customer#000002718,"4K6h0pYH,bg2FS5cYL,qqejhvp7EfTlBjRjeVPkq",48,11-980-134-7627,3371.499231452524,BUILDING," final requests cajole after the ironic, bold instructio"
2719,Customer#000002719,FBVbCpEVaFaP8KogqQO2VuXeVx,15,25-621-225-8173,2411.746523342874,HOUSEHOLD,encies. requests nag carefully. regularly final accounts h
2720,Customer#000002720,"wyXvxD,4jc",35,20-337-488-6765,2857.8250338222347,FURNITURE,e carefully blithely pending platelets. furiously final packages dazzle. ironic foxes wake f
2721,Customer#000002721,"Dh 6jZ,cwxWLKQfRKkiGrzv6pm",32,28-247-803-9025,6877.197036453297,AUTOMOBILE," instructions cajole even, even deposits. finally bold deposits use above the even pains. slyl"
2722,Customer#000002722,DeQxsCxixT8RQ7JV6mddRYGDGQ2WM94,24,34-193-143-1425,626.5777851363036,BUILDING,"counts. blithely permanent deposits wake slyly! unusual, even theodolites u"
2723,Customer#000002723,"B3OhbH0MRJE,F0Lc7Jq0Ttv3",44,11-742-434-6436,-1145.0183258162901,FURNITURE,y ironic instructions are quickly about the slyly silent pinto beans. quickly final dependenci
2724,Customer#000002724,JJMbj6myLUzMlbUmg63hNtFv4pWL8nq,14,24-485-422-9361,9043.540205332793,BUILDING,egular requests. ironic requests detect furiously; deposits ha
2725,Customer#000002725,",e0q82drO rgVHXHrJRQ0GDrRoUOl",47,15-826-508-1218,1673.8475983408578,FURNITURE,d foxes against the furiously special packages snooze blithely quickly 
2726,Customer#000002726,qRT7WRrnykLDfTc5Ei,44,11-519-832-9913,8037.301585637266,BUILDING,ts use blithely blithely regular theodolites. even requests after the
2727,Customer#000002727,"j3vjr0 n,pJFG4gIOtC",41,12-702-315-6637,2625.488450497274,HOUSEHOLD,lly. furiously quick deposits haggle quickly regular packages. pinto 
2728,Customer#000002728,jYaDdfxAlL1aVKPfN,19,29-627-844-1293,8626.40607513272,FURNITURE,ages integrate carefully. sometimes even sheaves wake sometimes unusual ac
2729,Customer#000002729,FIis0dJhR5DwVCLy,0,10-918-863-8880,-228.48729055840624,AUTOMOBILE,"ts cajole quickly according to the pending, unusual dolphins. special, ironic c"
2730,Customer#000002730,"NMzgtdV zCuRIMK0vV,DP9ynDd6Z9X3T",30,30-320-481-3076,4466.77990461594,MACHINERY,ronic requests haggle blithely. slowly ironic ideas against the fluffily 
2731,Customer#000002731,ACMrkbcf3a2J3aobVEmU5hGnHuc,1,11-232-719-3610,2784.9225055074908,BUILDING, ironic asymptotes are. slyly bold realms alongside of the fluffily specia
2732,Customer#000002732,9pTq4gggfKoSqQetn0yJR,16,26-370-660-6154,5555.162377847071,MACHINERY,osits nag furiously final accounts. silent pack
2733,Customer#000002733,dxzjW0gykcG2kJ gN8hZV02q6U5T6uVNfP,49,30-716-117-6066,8353.03652527046,HOUSEHOLD,ng the ironic accounts. regular requests across the quickly bold deposits wake carefully across the
2734,Customer#000002734,viRe1P6HiyL4LXpU7HPwu,15,25-329-655-5068,8034.008991169855,BUILDING,yly ironic requests cajole pending pla
2735,Customer#000002735,Hp8GyFQgGHFYSilH5tBfe,12,22-603-468-3533,7479.5411198902,FURNITURE,"y. accounts sleep ruthlessly according to the regular theodolites. unusual instructions sleep. ironic, final"
2736,Customer#000002736,"QxpCVhq2x0PwW,zgZ AEuFkgb50ryGM",20,30-117-472-8751,9644.730582361202,HOUSEHOLD,ily final instructions. pending foxes detect doggedly accor
2737,Customer#000002737,"OCLSZuXw1AEK NLvlofMkuK,YNe,bJD40a",22,32-459-427-9559,7392.142628730966,FURNITURE,"ges integrate express, even ideas"
2738,Customer#000002738,"z,dN83fETWpkJkoR",27,24-860-751-6688,2640.405786438426,BUILDING,ndencies against the carefully even accounts cajole carefully quickly regular packages. even fox
2739,Customer#000002739,"6wzEKPyZE9dmBCJZ8e7x7fiiK,k",44,11-917-786-9955,7804.906583257925,BUILDING,nal dolphins: blithely bold gifts wake slyly afte
2740,Customer#000002740,ApUL7bgFMUXGXewpoQyQOSnLeL9Vc1rrkW ,37,30-235-130-1313,7365.137136092696,FURNITURE,dolphins after the slyly ironic packages boost furiously among the furiously pending theodolites. bl
2741,Customer#000002741,IXRSpVWWZraKII,42,31-952-552-9584,8782.779321737973,AUTOMOBILE,ithely even accounts detect slyly above the fluffily ir
2742,Customer#000002742,lE07lPMzVzMhG9CUC54uPwGw3BWO,21,31-716-397-1854,7840.34308466193,AUTOMOBILE,quests sublate blithely blithely special dependencies. excuses use busily express pinto bea
2743,Customer#000002743,ss AgOrB5VFubLk bsmTgbw2ddJD,0,10-728-355-4532,4023.4288402445204,BUILDING,ckages haggle: quickly regular ideas are after the furi
2744,Customer#000002744,dD32Q8kL6KW,2,12-594-508-9621,4548.251751922375,AUTOMOBILE, special packages boost across the even accounts. ironic accounts serv
2745,Customer#000002745,5OS0edX2Y6B1cf9wJNuOQWgrrZccXk9,9,19-723-913-3943,9628.750155036718,AUTOMOBILE, regular foxes above the theodolites haggle 
2746,Customer#000002746,FbV 8Ug9GkSfMde5b,24,34-947-154-7032,7106.058229158024,MACHINERY,carefully quiet requests lose slyly. quickly final pinto beans haggle bli
2747,Customer#000002747,KEyFI2gYMZrSVbMMMIf,34,20-774-197-6595,8424.49271360094,BUILDING,fter the blithely regular pinto beans. express asymptotes sleep special pa
2748,Customer#000002748,xKdAl6HSWvAmptzHgQHX3cMmxZDhfyrMqx,23,33-687-917-3598,6214.835105395067,BUILDING,iously quickly silent ideas. blithely pending pinto beans except t
2749,Customer#000002749,"kqRGW2JQtTM,a6 DzJMgcU9U",24,34-718-798-7751,9279.99461268087,MACHINERY,ly silent ideas. fluffily even packages boost carefully fur
2750,Customer#000002750,9sPt6a66R0eCRVYh9QrF8zjxNWFFk8KU,29,17-408-450-8891,4788.043481288506,BUILDING,rding to the final instructions. carefully final accounts wake along the carefully careful pinto beans. re
2751,Customer#000002751,4jAtwsWIITPzhTIx7jblhjp9aAzejEGnu,38,13-693-138-5884,1467.9227664286573,BUILDING,ithely daring ideas? regular requests wake slyly ag
2752,Customer#000002752,"Gcie9Q,Wc6J0QvKcefqflajjOtOVchnxqBn9",24,34-325-146-3591,1300.1564958451404,MACHINERY,ions. furiously unusual platelets cajole blithely. caref
2753,Customer#000002753,BhSPlEWGvIJyT9swk vCWE,46,21-562-498-6636,1842.9465237080635,HOUSEHOLD,ing to the carefully ironic requests. carefully regular dependencies about the theodolites wake furious
2754,Customer#000002754,SpDDdUfraEAfCULAuGLE,18,28-690-119-9571,7498.817320763407,AUTOMOBILE,luffily final ideas. finally unusual requests boost slyly above the furio
2755,Customer#000002755,68r87HCBbQkVYaVfes8mgKs,41,12-996-628-9902,6193.243372823536,BUILDING,"sly. carefully quick instructions sleep carefully deposits. final, pending pinto beans use closely fluffily final in"
2756,Customer#000002756,ETOH68urIxK839xmKEmfkjc,42,31-334-391-6403,6594.3867258601595,MACHINERY,s haggle above the slyly express requests. quickly regular packages after the quickly silent accoun
2757,Customer#000002757,bQI5haTy6PHM8MyRtKSlvU4ixAUg,8,18-788-299-9227,1295.1171755867972,HOUSEHOLD,"tes. regularly pending theodolites cajole even sheaves. stealthy, ironic ideas are furiously above the even p"
2758,Customer#000002758,"Z1kPCTbeTqGfdly2Ab9KEdE,jIKW",18,28-286-185-3047,2512.6988572543096,FURNITURE,across the furiously ironic theodolites. final requests cajole. slowly unusual foxes haggle carefully
2759,Customer#000002759,UyKulwfNnX4l4ba1vQtwCWw8WNP50U8DCU,8,18-606-718-3062,9115.421161394052,MACHINERY, unusual braids. daringly final ideas are quickly c
2760,Customer#000002760,h7KTXGSqsn0,9,19-766-409-6769,9270.683315450457,MACHINERY,"jole slyly beside the quickly final accounts. silent, even requests are stealthily ironic, re"
2761,Customer#000002761,uF idg4bq8Ij7ghxJ5KuTnU8w,0,10-403-137-1064,7196.3293146534015,BUILDING,dolites for the fluffily bold
2762,Customer#000002762,8H76xbBhde HY70BrYqGEFmVPXqlm8pgjjxh,9,19-564-446-4758,3356.2717307597864,FURNITURE,al pinto beans. ironic foxes serve. i
2763,Customer#000002763,diwjNQSb3wLYLy WfCDATo5rc1I3 s,2,12-741-309-6377,6277.410093419044,MACHINERY,quickly excuses. blithely express theodolites poach slyly along the theodolites. slyly reg
2764,Customer#000002764,jg0YsHARdoULvVtP2vGHLVoAfWKFNz6QdTeAi,24,34-527-524-9172,3932.171881771427,AUTOMOBILE,slyly regular ideas. even theodolite
2765,Customer#000002765,5tKvCvmVB0yxyAF,21,31-542-178-2520,1393.9118078806905,BUILDING,e quickly against the blithely final requests. regular pinto beans nag fluffily fur
2766,Customer#000002766,FD6UNqfsYMKkf3ZFZdI4EaYMZ,16,26-340-733-2096,1317.3027645858444,MACHINERY,"y around the final, special foxes. "
2767,Customer#000002767,"jD2xZzi UmId,DCtNBLXKj9q0Tlp2iQ6ZcO3J",15,25-430-914-2194,3132.295119617629,BUILDING,"cial ideas. final, furious requests across the e"
2768,Customer#000002768,RJtcLv6Tjpx,41,12-839-426-4266,7990.0373391616695,BUILDING,y unusual deposits are carefully regular foxes. packages dazzle carefully. furiously unusual d
2769,Customer#000002769,ApUL7bgFMUXGXewpoQyQOSnLeL9Vc1rrkW ,49,30-235-130-1313,6739.032170587304,FURNITURE,dolphins after the slyly ironic packages boost furiously among the furiously pending theodolites. bl
2770,Customer#000002770,Q3 pefFAcrEYPQ6J AC,17,27-945-826-8003,5054.19734220354,BUILDING,quickly silent requests affix blithely slyly bold instructions. furiously even packages dazzle whith
2771,Customer#000002771,"kZBtY,LQAFu4iaSagjfIk8Q8dzgmT",15,25-989-936-1954,9445.828698954274,FURNITURE,ly regular requests haggle enticing excuses. carefully ironic requests on th
2772,Customer#000002772,7 7uVDrpkWuozyEd,22,32-274-308-4633,43.90929181172409,HOUSEHOLD,ly special accounts haggle slyly slyly fluffy req
2773,Customer#000002773,gmAnpwPPg0LX4,17,27-608-883-2632,5608.859338594255,FURNITURE,ses run according to the regular instructions. slyly regular foxes around the furiously ironic theodolites use fl
2774,Customer#000002774,a45QD J55bo35zA4qR3v,24,34-969-612-1458,9049.048992708093,AUTOMOBILE,y ironic instructions? slyly pending platelets hang quickly slyly ironic ideas. blithely ironic instructions a
2775,Customer#000002775,HJMn12xn4bl vWC7iVuTRsErYEzlyCO,39,17-266-334-8613,5931.964315846324,HOUSEHOLD,iously ironic deposits cajole slyly busily final account
2776,Customer#000002776,3txGO AiuFux3zT0Z9NYaFRnZt,31,16-155-215-1315,5248.619977183338,BUILDING,s sleep. carefully even instructions nag furiously alongside of t
2777,Customer#000002777,0eGzsjpDFsN0,47,15-102-635-4835,5316.370246269097,HOUSEHOLD,ggle slyly pinto beans. furiously even excuses above the 
2778,Customer#000002778,"4sHhhAZWHYRxJVz0KRgjW9IlKu,55IuT",8,18-734-215-6394,3034.0155868731626,MACHINERY,es. regular dependencies cajole furiously blithely regular ideas. regular dependencies cajole carefully a
2779,Customer#000002779,XJoxiYIaBYgEE,36,33-291-909-3901,9069.390466182005,MACHINERY,tions sleep carefully. furiously final requests about the regular excuses a
2780,Customer#000002780,sQJZJRAgYrZY0gPo9fJp6KAbY,16,26-367-212-1737,6103.65966300058,AUTOMOBILE,es. quickly slow foxes boost 
2781,Customer#000002781,uasIK CZZ5,5,15-221-463-3776,1524.8438107758866,AUTOMOBILE,ing ideas doze carefully accounts. slyly regular theodolites poach. carefully pending de
2782,Customer#000002782,mksKhdWuQ1pjbc4yffHp8rRmLOMcJ,16,26-597-636-3003,6409.038141322459,HOUSEHOLD,"quickly across the fluffily dogged requests. regular platelets around the ironic, even requests cajole quickl"
2783,Customer#000002783,nouAF6kednGsWEhQYyVpSnnPt,11,21-405-590-9919,1635.2998568769633,HOUSEHOLD,"even asymptotes haggle. final, unusual theodolites haggle. carefully bo"
2784,Customer#000002784,3BNYKEUyMbzfb40SEr 8OTb,38,13-862-722-3298,7932.8473491084405,FURNITURE,"he courts. carefully silent courts impress. carefully close ideas run slyly pinto beans. even, ironic accounts are a"
2785,Customer#000002785,LJ3J3i0BlPLrhKi6VabXxNrtpLAGH,16,26-598-565-1269,4569.018042501512,AUTOMOBILE,usly quickly unusual attainments. stealthily unusual requests cajole ironic reques
2786,Customer#000002786,xAt 5f5AlFIU,27,24-805-212-7646,1404.5354106079476,FURNITURE,der the carefully express theodolites are after the packages. packages are. bli
2787,Customer#000002787,acguUq5BISzqjHB7Bt,4,14-882-141-9354,-80.93969347716035,BUILDING,haggle furiously. blithely regular patterns sleep quickly slyly even
2788,Customer#000002788,JnzDRxqCwjRPyeq70wrxzKWLXI,33,32-838-393-6825,3449.6479268768007,BUILDING, blithely final instructions grow furiously ironic requests. furiously special theodolites sleep after 
2789,Customer#000002789,1DyQwHuUncB7BSnQUiW8ksexb,20,30-495-591-5384,3330.6431885579545,AUTOMOBILE,c instructions. fluffily bold requests are furiously quickly ironic deposits. carefully 
2790,Customer#000002790,wQDTTCkSGxic2d66,3,13-533-256-9320,6850.292559463389,HOUSEHOLD,equests detect atop the ironic deposits. final requests according to the blithely sp
2791,Customer#000002791,jn Razhw70hWtHN4iRBWsf1UmrFUPn36Ni562ex,28,20-753-609-6699,1991.0517682006953,AUTOMOBILE,"ironic accounts cajole carefully. even, expre"
2792,Customer#000002792,zIRBR4KNEl HzaiV3a i9n6elrxzDEh8r8pDom,34,20-180-440-8525,3680.127259893803,MACHINERY,ully unusual packages wake bravely bold packages. unusual requests boost deposits! blithely ironic packages ab
2793,Customer#000002793,"mpI6pkdnWLZsBbQi4,uUC5Y3TcM9vmRIgZelrQ",14,24-555-630-2261,9470.820409142909,AUTOMOBILE,ly alongside of the carefully ironic deposits. blithely ironic packages are blithely agains
2794,Customer#000002794,tCuRA2W9y5iiGrcT7a4TzK,40,33-702-179-3134,-425.0187842463496,MACHINERY,"hely ironic instructions. regular, ironic requests affix along the carefully "
2795,Customer#000002795,kTcr5JgkjFeLKIRcmtnCvOFr1feN59chP7,26,29-452-962-5934,2941.0914074227376,FURNITURE,are. slyly regular deposits mold carefully above the blithely regular ideas. carefully r
2796,Customer#000002796,JE398sXZt2QuKXfJd7poNpyQFLFtth,8,18-131-101-2267,6729.2350698230075,MACHINERY,accounts along the doggedly special asymptotes boost blithely during the quickly regular theodolites. slyly 
2797,Customer#000002797,"pIO5i3yjeODChGMHoVvrX,Ctpdj",12,22-320-701-5582,2638.7099349719533,MACHINERY,ven platelets use quickly pending requests. busily busy asymptotes sleep slyly across the
2798,Customer#000002798,hgGhHVSWQl 6jZ6Ev,23,33-869-884-7053,7046.696702711552,FURNITURE,hely ironic requests integrate according to the ironic accounts. slyly regular pla
2799,Customer#000002799,zIRBR4KNEl HzaiV3a i9n6elrxzDEh8r8pDom,10,20-180-440-8525,4072.967148481156,MACHINERY,ully unusual packages wake bravely bold packages. unusual requests boost deposits! blithely ironic packages ab
2800,Customer#000002800,4zaoUzuWUTNFiNPbmu43,5,15-200-872-4790,7386.011581945234,MACHINERY,s boost blithely above the fluffily ironic dolphins! ironic accounts
2801,Customer#000002801,"xThQDiKdG,0sU IduCCPAgHJfx1PDJwtUQvfU",0,10-788-256-6117,1104.050044518487,BUILDING,accounts. fluffily regular requests are. packages among the final deposits haggle carefully arou
2802,Customer#000002802,"x,hzUUAZ9w7ndksLyH0,fEpMfU",42,31-295-601-1598,6108.405253132303,BUILDING,heodolites. furiously pending requests are above th
2803,Customer#000002803,fAfmAacTlPc,13,23-959-476-7310,1126.6940490228867,FURNITURE,ckages cajole slyly even requests. express 
2804,Customer#000002804,6yoIzDrw5zLBO,32,28-449-227-3528,1518.9129124464819,FURNITURE, sleep quickly even somas. permanently regular grouches cajole blithely furiously ironic ide
2805,Customer#000002805,"t3qDCo,Yh MZcJFV6PibeY,MUunz",25,16-624-307-4875,-1349.6954244379608,FURNITURE,uickly final orbits across the blithely express accounts integrate furiously among the final sheaves. blithe
2806,Customer#000002806,Ay52vCrTXsSmp7TmQ1kujvuItfLGx,0,10-401-786-6040,6658.709799249369,HOUSEHOLD,g to the even dependencies. accoun
2807,Customer#000002807,"IX1uj4NFhOmu0V xDtiYzHVzWfi8bl,5EHtJ",1,11-731-806-1019,3151.5996723776334,FURNITURE,"above the quickly pending requests nag final, ex"
2808,Customer#000002808,UdyNGZ6GSz5aNpMO5N2,38,13-241-131-1632,4585.504081406169,FURNITURE,"t the special, final platelets. bold req"
2809,Customer#000002809,9pu j2HoEf1uhiY3jxE9l9fCRfjoVU,5,15-817-180-1487,7131.25505663418,BUILDING,y about the daring accounts. furiously thin escapades integrate furiously against the furiously ironi
2810,Customer#000002810,"ZjRzAz8QbEeIkJxrUI,b",19,29-729-692-6790,-332.0946087683813,MACHINERY,"onic requests wake slyly furiously final attainments. ironic, even accounts cajo"
2811,Customer#000002811,oObRVLlulGS5xikRk8La,19,29-835-631-4258,1806.8033832516185,BUILDING,ress Tiresias haggle across the never ironic ideas. blithely pending theodolites cajole ironically
2812,Customer#000002812,MXA4v0xQ9Kt ,9,19-690-614-5736,7227.789689896314,MACHINERY,ress dependencies are carefully theodolites. blithely ironic foxes among the slyly bold packages sleep blith
2813,Customer#000002813,2rEfA2LR6LkUXjoMxIsv58YSHPMjlqr1YXhHSX,1,11-900-587-2067,2044.1599596995575,BUILDING,efully regular deposits. bravely ironi
2814,Customer#000002814,"9ST2x,snyY3s",0,10-374-175-6181,1691.645686390196,MACHINERY,ndencies detect slyly fluffil
2815,Customer#000002815,"hTIc2AUg pqhYh2W0yMUTQtrZV1KUutysIb6,nxb",21,31-724-234-4181,2603.667262622486,BUILDING,regular patterns. unusual platelets try to are unusual theod
2816,Customer#000002816,PfH0lw8GzD7o,9,19-790-843-5283,7554.653609935708,MACHINERY, theodolites. ironic requests wake. thinly silent 
2817,Customer#000002817,wQDTTCkSGxic2d66,38,13-533-256-9320,6612.096138507167,HOUSEHOLD,equests detect atop the ironic deposits. final requests according to the blithely sp
2818,Customer#000002818,2fTQpX7N2kp31U,16,26-677-746-7145,7254.502154543514,MACHINERY,ess theodolites. furiously express pinto beans alongside of the
2819,Customer#000002819,vWLOrmXhRR,8,18-422-845-1202,6808.174854128682,AUTOMOBILE,press requests believe furiously. carefully final instructions snooze carefully. 
2820,Customer#000002820,wFf 0nSvdJyk2GqRsqJrcr9 UPr0C3OT5zT,49,30-401-424-6458,10077.201265495793,MACHINERY,fily quickly unusual theodolite
2821,Customer#000002821,F9fxZhJJhaR0P4Rgd7SE2PA58x,24,34-103-353-4822,2442.17316381315,HOUSEHOLD,"elets. regular requests sleep quickly. express ideas haggle. bold, regular ideas haggle. quickly regular accoun"
2822,Customer#000002822,f5zgMB4MHLMSHaX0tDduHAmVd4,38,13-153-492-9898,8852.223011065513,BUILDING,odolites wake always packages. slyly slow orbits lose. regular depo
2823,Customer#000002823,DGLUWG9evYLNbYhOXVzqZ LdfIMVfBjDf,48,11-336-453-4489,4135.067196381001,BUILDING," ideas. even, regular excuses after the ironic requests cajole blithe"
2824,Customer#000002824,KmMC1nd5iOXTRlhzMu13Wtx,15,25-342-269-3824,3577.2819688982127,BUILDING,yly at the blithely regular excuses. carefully thin pinto beans boost slyly furiously regu
2825,Customer#000002825,r3zPOuenxHl0oqInxWlEyLP1ZH,0,10-856-259-7548,661.7200208914588,AUTOMOBILE," slyly special requests hang dogged, express epitaphs."
2826,Customer#000002826,",TI7FdTc gCXUMi09qD",25,16-335-974-9174,6722.187124425738,BUILDING,aggle quickly. unusual instructions i
2827,Customer#000002827,8pc6kwBmwBdEnfVP53aqL9DM4LymC4,0,10-927-209-5601,3662.969526445319,HOUSEHOLD," requests. final ideas cajole quickly at the special, ironic acco"
2828,Customer#000002828,tdwvgepG316CCTHtMaF8Q,3,13-199-211-9023,5480.727104129208,AUTOMOBILE,quickly against the blithely even deposits; epitaphs unwind quickly along the carefully regular excuses. furio
2829,Customer#000002829,JWOULMa5Qtt,12,22-406-988-6460,6642.881594545076,BUILDING,cajole carefully slyly regular packages.
2830,Customer#000002830,Qg8TJTCT1mJ9H,9,19-899-463-4292,5289.846975840936,BUILDING,uctions. silent requests after the regular theodolites haggle furiously across the ca
2831,Customer#000002831,"8Gn WOTY4cgGaoHwezrZ,JN,Px8e sr",5,15-959-576-4327,619.2475246942249,BUILDING,ites. furiously unusual frets boost among the slyly ironic theodolites. packages cajole
2832,Customer#000002832,HuoOuJLxx7S8YDQhexfmIX,0,10-109-430-5638,602.4422633204838,AUTOMOBILE,l requests are against the slyly ironic pinto beans. blithely unusual packages wake alongsid
2833,Customer#000002833,"8lO9F4WK6PKWXiocyE,ojIfPNfVY8",4,14-485-139-5142,9372.255855499838,BUILDING,"ilent pinto beans are according to the regular, final somas. idle, bold foxes was. som"
2834,Customer#000002834,TcGe5gaZNgVePxU5kRrvXBfkasDTea,32,28-190-982-9759,9555.25506574153,AUTOMOBILE,"ainst the ironic, express theodolites. express, even pinto beans among the exp"
2835,Customer#000002835,UfNb7T9CTCnsfN3b,20,30-476-852-2371,8309.183432462654,MACHINERY,en pinto beans. quickly final excuses haggle furiously. slyly pendin
2836,Customer#000002836,Cg3M4gTXeIY7llMN2puop7D2,17,27-903-936-7924,1859.8594032398655,BUILDING,"ts. blithely regular requests upon the ironic, final courts haggle sly, regular deposits. final requests "
2837,Customer#000002837,"LlyEtNEXT6kkZ,kGP46H",26,29-433-197-6339,5424.09170472924,HOUSEHOLD,regular dugouts: blithely even dolphins cajole furiously carefull
2838,Customer#000002838,BJCfTYEV9eCDraeyO3v,33,32-194-697-1794,2821.520613348008,FURNITURE,"r accounts. bold, final pinto beans wake carefully even Tiresias. quickly busy frays above the blithely ironic de"
2839,Customer#000002839,"6VvIwbVdmcsMzuu,C84GtBWPaipGfi7DV",18,28-803-187-4335,7354.634246765867,AUTOMOBILE,ress packages above the blithely regular packages sleep fluffily blithely ironic accounts. 
2840,Customer#000002840,i9khsGcg17kWI4q5LKTcc8U3aFojf403,16,26-285-488-6682,4297.648851593205,BUILDING,"haggle slyly; regular, final excuses are blithe"
2841,Customer#000002841,"mtGezp1BRzcfPVl,1,G8Wl",0,10-452-398-2445,4033.5813481616524,AUTOMOBILE,r ideas. final dependencies haggle fluffily. express ideas behin
2842,Customer#000002842,"xaOhk73bjekYrVc5zZ36c,GuZUxsMHjo7WH9WVe",35,20-821-905-5952,-320.9135037302357,AUTOMOBILE,nusual excuses. ironic deposits are furiously ironic frays. blithely ironic platelets are evenly regular package
2843,Customer#000002843,"zyWvi,SGc,tXTls",0,10-351-119-7514,4320.543215652353,MACHINERY, bold excuses. furiously even asymptotes across the carefully regular dugouts cajole fur
2844,Customer#000002844,"zhG3EZbap4c992Gj3bK,3Ne,Xn",32,28-159-442-5305,9601.947266808378,AUTOMOBILE,s wake. bravely regular accounts are furiously. regula
2845,Customer#000002845,0qD6Nwp3tG3QqCq9qvRAzT6N8L,23,33-194-775-6756,6068.787050436028,BUILDING,carefully final ideas. quickly final packages are. requests haggle slyly. blithely pending sauternes lose bl
2846,Customer#000002846,TmpTFwt3b0 WQUmljE1LKbg50dtQszn67qEog,12,22-941-606-7227,5099.616516945545,HOUSEHOLD,"unusual accounts. slyly ironic pinto beans nag against the regular, regular requests. slyly p"
2847,Customer#000002847,drDnC6YXTJgcdfJkpbhrQ7z7XmCsoym2t22jwg,18,28-117-812-5493,-1637.265165380162,BUILDING,g the blithely ironic multipliers sleep a
2848,Customer#000002848,"JOKj8N2QKUm8Gi,F4qX0fLVy",43,30-154-354-9928,1515.607484789886,MACHINERY, final theodolites. final pinto beans haggle-- furiously 
2849,Customer#000002849,"w8 oxHcOTUiF8dOr,ktZ05pO7qcHZ8ZeH7",17,27-960-306-5136,7364.535598116992,AUTOMOBILE," express requests. slyly ironic asymptotes throughout the ironic, final packages nag careful"
2850,Customer#000002850,yEUlreh6mkGmg8SIwKZooUOJ42kuZwAptaR4HAJ,33,32-358-270-1819,3359.574918996009,HOUSEHOLD,"lar, express packages cajole bravely permanently final packages. blithely even dolphins nag finally special theo"
2851,Customer#000002851,DT0nzkijELHyI,21,31-796-903-4461,3499.3057607084093,FURNITURE, the deposits. fluffily ironic pinto beans wake quickly. slyly even foxes sleep slyly quickly final deposits. ev
2852,Customer#000002852,tGr0DtrK 91IgzfeZrSPpPIia3,4,14-574-118-1005,5573.556864213046,FURNITURE,es. unusual accounts try to solve ca
2853,Customer#000002853,9tfTGdYHyZXtXbbeboPIXwCT,4,14-568-471-9747,8487.780441471179,AUTOMOBILE,e carefully final packages integrate against the furiously express platelets. ironic ideas wake above the e
2854,Customer#000002854,miE7JrCdGpQkF4zYJ27tBdSu IYhQ HXx0 ,33,32-902-936-4845,786.1780096648904,BUILDING,xcuses. regular pains wake slyly across the ruthlessly ironic dependencies. e
2855,Customer#000002855,dXkVi8qahjP,12,22-494-898-7855,7341.434239885541,AUTOMOBILE,he special instructions integrate carefully final request
2856,Customer#000002856,"wCKx5zcHvwpSffyc9qfi9dvqcm9LT,cLAG",10,20-732-989-5653,-470.45430650938334,BUILDING,busy sentiments. pending packages haggle among the express requests-- slyly regular excuses above the slyl
2857,Customer#000002857,UMAFCPYfCxn LhawyoEYoU9GZC7TORCX,12,22-119-576-7222,-1055.70369139944,AUTOMOBILE,fluffily requests. carefully even ideas snooze above the accounts. blithely bold platelets cajole
2858,Customer#000002858,3AmBFWaqOYt7F,16,26-725-573-7255,3566.940188048496,HOUSEHOLD,"eodolites sleep according to the theodolites. slyly pending dolphins among the pending, express platel"
2859,Customer#000002859,f iyVEgCU2lZZPCebx5bGp5,38,13-803-156-2231,-915.1247696086966,BUILDING,slyly closely ironic dolphins. blithely ironic asymptotes haggle carefully ironic theodolites. furiously
2860,Customer#000002860,"LBPszo9EVA88sbbdYl7E,MVm7UvoBjmjr",9,19-509-608-4350,757.4993019215394,AUTOMOBILE,"und the fluffily bold requests. silent, final theodolites solve furiou"
2861,Customer#000002861,sjk1DTHWVMX53kG8AbTtTh1EcMvWeDO8gFDdpQOK,42,31-367-294-4048,8482.99645525418,AUTOMOBILE,lithely regular deposits. carefully pending deposits sleep. quickl
2862,Customer#000002862,"T7ROXBXdajS,vkwy3VuC8wNvA",19,29-958-573-1004,-277.01764550977634,AUTOMOBILE,ent accounts. slyly even accounts breach across the dolphins. quickly regular pains dazzle carefully. sl
2863,Customer#000002863,"flSR,SlEXwxrDcm3uedfK1Oiq,c9mZI",0,10-544-967-2382,2408.088423547829,AUTOMOBILE,t slyly after the furiously even escapades. carefully regular pa
2864,Customer#000002864,WaKdgWEru70hsL8nyLeEkneHyM59Lboo5zfWv,13,23-185-747-9502,625.5020523159919,FURNITURE,longside of the ruthlessly regular dugouts. slyly ironic pinto beans wake. dogged de
2865,Customer#000002865,1sXtodRtFvBd449a2aJ,46,21-638-815-3982,4463.595847775653,AUTOMOBILE,orses boost blithely platelets. fur
2866,Customer#000002866,SYyEL2nytJXBbFemMseCiivA32USVEDbvGzZS,9,19-621-217-1535,395.54520293866983,AUTOMOBILE,"ve the regular, ironic deposits. requests along the special, regular theodolites lose furi"
2867,Customer#000002867,"2,ARep1aMyhgNZqrkc,toQ3XY6FOiCZqNW",9,19-209-782-4244,2410.177758444932,BUILDING,cross the bold pains. bold instructions haggle. even accounts wake slowly. carefully busy ideas need to x-ray sly
2868,Customer#000002868,"pLrF7F1,uoyGaU",31,16-229-473-7194,8777.966031675325,AUTOMOBILE,jole carefully. furiously final pinto beans detect. f
2869,Customer#000002869,sUlni97rSK6DIL,38,13-310-645-6928,-409.90404697977806,MACHINERY,ld dependencies sleep slyly along the special requests. furiously regular asymptotes use furiously accounts.
2870,Customer#000002870,zLOCP0wh92OtBihgspOGl4,1,11-355-584-3112,3366.814654143073,MACHINERY,ously final packages haggle blithely after the express deposits. furiou
2871,Customer#000002871,AmKUMlJf2NRHcKGmKjLS,4,14-280-874-8044,-1148.5014274775585,HOUSEHOLD,ing packages integrate across the slyly unusual dugouts. blithely silent ideas sublate carefully. blithely expr
2872,Customer#000002872,zQNs5e2aFcVY8MigFQEBtoCaQ9e,1,11-617-726-2039,8635.10799209693,MACHINERY, the deposits. blithely regular asymptotes boost q
2873,Customer#000002873,N6hr4gV9EkPBuE3Ayu ,21,31-174-552-2949,4605.227583635042,AUTOMOBILE,ar instructions. packages haggle stealthily ironic deposits. even platelets detect quickly. even sheaves along
2874,Customer#000002874,UDGG69rYgUGayNk 9vFytd5q3nZdeRZQNSfL6,22,32-182-662-9475,5085.329130814152,BUILDING,y pending pinto beans haggle blit
2875,Customer#000002875,KdmXav1IIIo,15,25-522-912-6255,4360.962794122755,MACHINERY,ymptotes according to the ironic deposits use around the reg
2876,Customer#000002876,0oAVPhh1I4JdrDafVG2Z8,1,11-170-679-3115,1311.4840558400474,HOUSEHOLD,ctions cajole after the furiously unusual ideas. ironic packages among the instructions are carefully carefully iro
2877,Customer#000002877,MUEAEA1ZuvRofNY453Ckr4Apqk1GlOe,41,12-539-480-8897,5697.447611359487,MACHINERY,ackages. stealthily even attainments sleep carefull
2878,Customer#000002878,EbjtaRaiok7eqbQ5VJi7q,41,12-669-784-2191,1266.5166185023554,FURNITURE,"ickly final accounts cajole fluffily according to the bold, regular accounts. "
2879,Customer#000002879,R dtznB5ocPPo,26,29-414-970-5238,-158.65118089325873,HOUSEHOLD,regular pinto beans sleep furiously ironically silent theodolites. quickly ironic courts after the deposits sleep f
2880,Customer#000002880,xHgwqc1p0eLf5F8JkE7zvYXPHhIOP5IgLRJgR,23,33-396-634-9150,4726.886811240755,MACHINERY,efully. furiously ironic packages cajole slyly bold requests. quickly ruthless requests alongside of the iro
2881,Customer#000002881,bSLtrtrAaAky9GZuKhlQqp8BB,15,25-267-778-1591,2511.52317643008,AUTOMOBILE,s. fluffily unusual accounts against the special theodolites print around the special the
2882,Customer#000002882,CgaNokxe s,11,21-839-103-4411,8246.758513617995,MACHINERY,elets. bold packages use blithely special foxes. quick
2883,Customer#000002883,"vyImQ4AVgv,Rn",9,19-316-212-9313,-311.1745850080023,MACHINERY, platelets engage carefully! furiously express ideas shall have to use. regular 
2884,Customer#000002884, YQc2RRQJV7kl1zxWg4OiUVU 5GlpB,49,30-930-620-7210,7734.393553372095,HOUSEHOLD,"ages sleep blithely regular, final"
2885,Customer#000002885,GKgTjHFlQrDZWcketSqhZCopBhmChknI,28,20-330-453-6579,6140.856520026175,FURNITURE,"al courts. regular, ironic requests serve furiously. pending"
2886,Customer#000002886,XxVSJsLAGtn,4,14-128-190-5944,2641.6645949480517,MACHINERY," requests. final, regular ideas sleep final accou"
2887,Customer#000002887,dD32Q8kL6KW,41,12-594-508-9621,4243.259588417481,AUTOMOBILE, special packages boost across the even accounts. ironic accounts serv
2888,Customer#000002888,rvgayfJFLO2cjzMA,48,11-240-523-8711,4196.963153572817,FURNITURE,"lets would affix fluffily. regular, regular ideas ought to haggle carefully blit"
2889,Customer#000002889,"sJ5adtfyAkCK63df2,vF25zyQMVYE34uh",0,10-773-203-7342,7061.954942134523,FURNITURE,its after the carefully final platelets x-ray against 
2890,Customer#000002890,FfA0o cMP02Ylzxtmbq8DCOq,14,24-858-762-2348,5689.555376462457,MACHINERY,"g to the pending, ironic pinto beans. furiously blithe packages are fina"
2891,Customer#000002891,Fo8RfPq1kgzD 0,11,21-782-663-7023,2851.4434305122513,BUILDING,uriously final deposits against the deposits detect alongsi
2892,Customer#000002892,"wCKx5zcHvwpSffyc9qfi9dvqcm9LT,cLAG",10,20-732-989-5653,-47.88530574420355,BUILDING,busy sentiments. pending packages haggle among the express requests-- slyly regular excuses above the slyl
2893,Customer#000002893,"Dh 6jZ,cwxWLKQfRKkiGrzv6pm",18,28-247-803-9025,6376.948899390404,AUTOMOBILE," instructions cajole even, even deposits. finally bold deposits use above the even pains. slyl"
2894,Customer#000002894,BxDlz44b56kXjsTpl,5,15-919-192-7197,1539.8744022911092,AUTOMOBILE,elets. never express accounts haggle slyly. depths along the requests haggle bl
2895,Customer#000002895,BNhssVcV36vshEHUAc aPFJ,8,18-670-628-8499,2481.3568062864197,HOUSEHOLD,ronic instructions. express pinto beans poach blithely. quickly ironic accounts n
2896,Customer#000002896,AmKUMlJf2NRHcKGmKjLS,4,14-280-874-8044,-1022.5773881962435,HOUSEHOLD,ing packages integrate across the slyly unusual dugouts. blithely silent ideas sublate carefully. blithely expr
2897,Customer#000002897,ziSrvyyBke,47,15-416-330-4175,7961.300452415095,BUILDING,"ssly according to the pinto beans: carefully special requests across the even, pending accounts wake special"
2898,Customer#000002898,"a,q fKSYFADxRtRQWSppP8YKp",17,27-641-565-1036,3956.166725870008,HOUSEHOLD,lar instructions boost quickly. blithely regular
2899,Customer#000002899,IM9mzmyoxeBmvNw8lA7G3Ydska2nkZF,34,20-917-711-4011,494.4177095545914,HOUSEHOLD,"ly regular accounts hang bold, silent packages. unusual foxes haggle slyly above the special, final depo"
2900,Customer#000002900,UMAFCPYfCxn LhawyoEYoU9GZC7TORCX,12,22-119-576-7222,-869.6243739272616,AUTOMOBILE,fluffily requests. carefully even ideas snooze above the accounts. blithely bold platelets cajole
2901,Customer#000002901,"Q6G9wZ6dnczmtOx509xgE,M2KV",15,25-344-968-5422,8671.224106497088,HOUSEHOLD,"nder against the even, pending accounts. even"
2902,Customer#000002902,189f n2lA4,46,21-314-290-3052,8678.528039213656,MACHINERY,uctions are busily along the furiously ironic instructions. blithely thin waters cajole slyly. 
2903,Customer#000002903,"hZPNQ8a9QRM ,SYdTdoW9hw",27,24-200-701-8606,8869.349669564552,FURNITURE,ng the quickly bold theodolites cajole carefully around the deposits. furi
2904,Customer#000002904,"fHRMFCGphazw9KvR1,EmNOUBG",17,27-951-935-6514,7137.523762745915,MACHINERY,"ular courts nag quickly unusual, sly pinto beans. special foxes thrash blithely up the foxes. "
2905,Customer#000002905,F7 m0JwiCABmbJLPQpCJ2,31,16-713-144-2780,5000.139036043444,AUTOMOBILE,"g the carefully express dolphins: special, pending packages affix after the packa"
2906,Customer#000002906,"ex9SkK7K uM,ki1dsO7PgZLlIuQFKJUQZpD2oS",17,27-988-546-2598,567.7927645456731,FURNITURE,"ic requests haggle quickly across the deposits. regular, express ideas along the"
2907,Customer#000002907,SpDDdUfraEAfCULAuGLE,18,28-690-119-9571,6600.303145888811,AUTOMOBILE,luffily final ideas. finally unusual requests boost slyly above the furio
2908,Customer#000002908,IS8GIyxpBrLpMT0u7,3,13-137-193-2709,6303.465713149173,BUILDING, about the carefully ironic pinto beans. accoun
2909,Customer#000002909,rcff2L75vK5EOUaPK DiDz6atB,13,23-647-279-5735,9150.32756588645,FURNITURE,nd the regularly unusual foxes. regular asympto
2910,Customer#000002910,"gogI8kweD 2H6U,01lbIp0UWUwljSue,KRcC",41,12-177-329-4316,6336.095154200659,HOUSEHOLD,ptotes. silent requests cajole fluffily along the slyly permanent ideas. pending instr
2911,Customer#000002911,D0ceqTVRO3EctrC,7,17-731-915-9753,9286.17146195037,MACHINERY,"lar dolphins are carefully slyly final theodolites. unusual accounts integrate across the regular, final deposit"
2912,Customer#000002912,"GDcL5qU86P8,oaTwVBCLE6asM8rlxpE,211uziU",12,22-354-984-5361,-256.28664158689173,FURNITURE,blithely final accounts sleep quickly along the regular ideas. furiously sly foxes nag across the
2913,Customer#000002913,Fo8RfPq1kgzD 0,11,21-782-663-7023,2969.290617266153,BUILDING,uriously final deposits against the deposits detect alongsi
2914,Customer#000002914,tkSLQoOpfOa601itad05EcN0UmhjZXdyKRc0r,38,13-720-469-5207,7230.006817114553,MACHINERY,press ideas print quickly. fluffily unusual deposits use blithely eve
2915,Customer#000002915,PVdTfF7cfPueJS0MBncE5v4bKfPV64Zg,47,15-901-460-2033,2537.9165772607575,FURNITURE,wake carefully. slyly express deposits wake furiously among the fluffily final deposits. pa
2916,Customer#000002916,"sssuscPJ,ZYQ8viO",31,16-863-225-9454,6060.384711734705,BUILDING,"l wake. blithely final instructions integrate furiously above the final, regular req"
2917,Customer#000002917,1Uavkms1A5z,31,16-594-569-6627,-1092.8210970600062,HOUSEHOLD, accounts. furiously silent ins
2918,Customer#000002918,I2UBZAPPdnA9oFKKJTGxaSQZb5QzNzTR4vN6d P,1,11-697-824-4418,6007.463660172885,FURNITURE,"uests boost carefully even foxes. accounts along the slyly ironic requests cajole express, final deposits. sl"
2919,Customer#000002919,Az9RFaut7NkPnc5zSD2PwHgVwr4jRzq,39,17-945-916-9648,3975.275040547981,BUILDING,luffily fluffy deposits. packages c
2920,Customer#000002920,"pM4DXkl6Y,7S6a6jlJf8dZogp9QOdv",32,28-202-962-8429,3594.7713639958324,MACHINERY,ts doze quickly. platelets are quickly agains
2921,Customer#000002921,4zaoUzuWUTNFiNPbmu43,47,15-200-872-4790,6735.642111076956,MACHINERY,s boost blithely above the fluffily ironic dolphins! ironic accounts
2922,Customer#000002922,BDKtDAva8rBuCWXT6jXb2JJY7YoRS,38,13-549-296-5659,4882.745642053651,FURNITURE," silent accounts. regular, regul"
2923,Customer#000002923,O09TejHJ6UszNfmqTR cmal8zcs,49,30-997-704-1110,6696.037537874601,FURNITURE,e above the regular deposits. slyly even requests integrate slyly blithely express forges. regular platele
2924,Customer#000002924,RKPx2OfZy0Vn 8wGWZ7F2EAvmMORl1k8iH,9,19-190-993-9281,6199.681947158837,HOUSEHOLD,ix slowly. express packages along the furiously ironic requests integrate daringly deposits. fur
2925,Customer#000002925,"DHom,LSHKfYSwLSZv39AooYQHlvbaeztefjwR",3,13-692-286-8158,6727.754132896351,MACHINERY,es. blithely unusual asymptotes sleep ironic accounts. fluffily express sheaves haggle fl
2926,Customer#000002926,GQhAzCMyKiDoel3,19,29-444-890-8990,9030.847349183041,BUILDING,foxes haggle furiously according to the stealthy ideas: slyly special accounts about the requests use caref
2927,Customer#000002927,"cug3zDy qHUaZMQNEtYlWK3R,mGrid4Of",12,22-424-990-1743,2460.5870688515024,MACHINERY,y final accounts sleep slyly express ideas. carefully express foxes sleep. carefully stealthy pin
2928,Customer#000002928,r5gn5SUW0tsfkOw42x84,44,11-391-870-8153,6635.734362199712,AUTOMOBILE,"onic packages. carefully final sauternes across the even, express deposits h"
2929,Customer#000002929,nmbpR1rqOdlUDvT6C HXUhm2,5,15-642-801-1329,-779.360243010035,BUILDING, might wake. sometimes unusual requests cajole carefully about the excuses. stealthily final requests wake quick
2930,Customer#000002930,XJoxiYIaBYgEE,23,33-291-909-3901,9396.601899432153,MACHINERY,tions sleep carefully. furiously final requests about the regular excuses a
2931,Customer#000002931,RMY8 LyGnJ67NGc5cxPYiIDSF,23,33-633-470-5945,1828.2388891312967,FURNITURE,gular patterns cajole slyly blithely final ideas? furiously unusual courts wake among 
2932,Customer#000002932,"sJ5adtfyAkCK63df2,vF25zyQMVYE34uh",0,10-773-203-7342,7336.309720813428,FURNITURE,its after the carefully final platelets x-ray against 
2933,Customer#000002933,3byTHCp2mNLPigUrrq,26,29-797-439-6760,8537.638306908319,AUTOMOBILE,al instructions haggle against the slyly bold w
2934,Customer#000002934,8gman6hzpuKUsX7mKU9katXpP1ia,15,25-116-108-3791,6531.67369805263,MACHINERY,"lent, final accounts cajole fluffily special requests. deposits around the fluffily even packages "
2935,Customer#000002935,PkWS 3HlXqwTuzrKg633BEi,40,33-464-151-3439,-720.1329516266835,BUILDING,ckages. requests sleep slyly. quickly even pinto beans promise above the slyly regular pinto beans. 
2936,Customer#000002936,JzJnD kA3KTjTYl,24,34-710-820-8362,5256.240136022237,HOUSEHOLD,es. slyly even theodolites across the slyly ironic accounts nag from the slyly even accounts. accounts are. 
2937,Customer#000002937,LJ3J3i0BlPLrhKi6VabXxNrtpLAGH,16,26-598-565-1269,3927.958753521218,AUTOMOBILE,usly quickly unusual attainments. stealthily unusual requests cajole ironic reques
2938,Customer#000002938,OIlgR6oIRXV5g63q5YGudCjRD8kpod2p,4,14-716-294-6674,-752.189318870586,FURNITURE,r deposits. carefully silent packages after the fluffily even instructio
2939,Customer#000002939,zKjtrn5FGIs,17,27-333-779-5333,2216.4287704462204,MACHINERY,y final patterns? carefully pendi
2940,Customer#000002940, nYSoGuQkf,29,17-121-555-4268,2307.21473994556,HOUSEHOLD,"n packages. furiously silent foxes sleep regular, regular accounts. slyly ironic patterns cajole fluffily"
2941,Customer#000002941,"4AjU4c4D4AMLwQx,lAJGwBIgmT7oSZwYUv0es3J",24,34-741-256-6399,7166.321028796282,MACHINERY,ckly regular accounts affix slyly carefully unusual 
2942,Customer#000002942,gZkxQY2Aa3o D6f1O 7nsPdg6BJ3,47,15-493-800-1041,2537.371025118256,BUILDING," unusual dependencies cajole regular, r"
2943,Customer#000002943,7yiheXNSpuEAwbswDW,12,22-885-845-6889,-908.5506956840173,BUILDING,ages. furiously pending accounts are quickly carefully final foxes: busily pe
2944,Customer#000002944,zIRBR4KNEl HzaiV3a i9n6elrxzDEh8r8pDom,34,20-180-440-8525,4291.896215207518,MACHINERY,ully unusual packages wake bravely bold packages. unusual requests boost deposits! blithely ironic packages ab
2945,Customer#000002945,HXiFb9oWlgqZXrJPUCEJ6zZIPxAM4m6,9,19-113-202-7085,7664.603146719221,BUILDING, requests. dolphins above the busily regular dependencies cajole after
2946,Customer#000002946,viRe1P6HiyL4LXpU7HPwu,15,25-329-655-5068,9015.654548702641,BUILDING,yly ironic requests cajole pending pla
2947,Customer#000002947,8fJLXfS5Zup0GQ3xBKL3eAC Q,17,27-175-799-9168,7119.8133510048865,HOUSEHOLD,eposits. blithely unusual deposits affix care
2948,Customer#000002948,j1fOG9WsIr2JI6Yi9jgJ M,9,19-426-693-4043,3692.5268046607353,FURNITURE,nal foxes. unusual pinto beans wake. special excuses cajole ironic 
2949,Customer#000002949,Ltx17nO9Wwhtdbe9QZVxNgP98V7xW97uvSH1prEw,9,19-225-978-5670,1823.3943252933225,HOUSEHOLD,thely final ideas around the quickly final dependencies affix carefully quickly final theodolites. final accounts c
2950,Customer#000002950,E4MeTLnSTIOlWkLDwmG7QPf 9Dq,16,26-350-110-5043,1380.6772412650291,AUTOMOBILE,ts after the deposits are quickly deposits! blithely regular theodolites integrate above the slyly pending 
2951,Customer#000002951,Ax4TI4jbHvaYUaaFuEUQTiMWQvrjez G,40,33-623-834-3089,808.0945914913116,MACHINERY,"ely. carefully pending foxes was furiously special, special "
2952,Customer#000002952,e OSrreG6sx7l1t3wAg8u11DWk D 9,0,10-658-550-2257,1898.1171672461062,FURNITURE,ges sleep furiously bold deposits. furiously regular requests cajole slyly. unusual accounts nag unusual ide
2953,Customer#000002953,"r dreL8m8cRaiIz IqZ83oMo,AVxe2PbsHQzK",14,24-249-588-1969,965.5430238043195,FURNITURE,"express asymptotes haggle furiously. fluffily special deposits haggle quietly even, special tithes. ironic foxes alo"
2954,Customer#000002954,GjZIP4Fv5lqDt,4,14-931-281-5631,2582.266177808432,HOUSEHOLD,"efully silent tithes. even deposits according to the unusual, even platelets haggle furiously a"
2955,Customer#000002955,SHn6HpO2VXBw3RJFPxjQFGanrsndRwRR2LWdm,24,34-973-735-5374,4610.518357956838,BUILDING,"y pending accounts! blithely unusual ideas wake alongside of the regular, f"
2956,Customer#000002956,OrOUBBV7NlzVFXtuSOECmQFOkw8r,47,15-455-954-2914,2311.77535722064,FURNITURE,s deposits. blithely even packages sleep carefully ironic deposits. quickly ironic accou
2957,Customer#000002957,QiZRz y1xU,24,34-708-696-5226,1292.8586006055284,HOUSEHOLD,counts. unusual packages are blithely foxes. unusual dinos
2958,Customer#000002958,389RgNCsmVUKiRskmrQQm90xx JiIxOM0,13,23-732-448-1610,5173.173203236456,HOUSEHOLD,carefully bold instructions. carefully final instructions wake carefully accounts. accounts cajole slyly ironic acc
2959,Customer#000002959,yWLtmd5usyjsCvyL1QJsBorC,2,12-759-183-9859,4760.718103461776,MACHINERY," blithely even packages sleep carefully bold, unus"
2960,Customer#000002960,2LAlU fDHkOqbXjHHDqw1mJQNC,19,29-522-835-6914,4925.213708880089,FURNITURE,nic packages haggle blithely across the
2961,Customer#000002961,KB83CaaM8DRjvAmEMg1fw,16,26-609-226-4269,2072.77162730681,HOUSEHOLD,kages above the requests sleep furiously packages-- deposits detect fluffily. pending th
2962,Customer#000002962,8IhIxreu4Ug6tt5mog4,0,10-473-439-3214,4289.900501916756,BUILDING,"usual, unusual packages sleep busily along the furiou"
2963,Customer#000002963,ov fZJgESFHP P,35,20-595-832-3185,4096.038435216743,MACHINERY,"lites sleep slyly furiously express requests. even, even notornis affix furious, ironic p"
2964,Customer#000002964,4eyqk2zpg4m V JGEtgwNmCq3c,15,25-875-178-1959,7848.697683540919,BUILDING,"es need to affix furiously. ironic, final foxes are against the regular instructions: pinto beans haggle q"
2965,Customer#000002965,189f n2lA4,46,21-314-290-3052,7949.981947958648,MACHINERY,uctions are busily along the furiously ironic instructions. blithely thin waters cajole slyly. 
2966,Customer#000002966,74mW8ipfvoVPR3PS,3,13-902-876-1609,9242.52777650342,HOUSEHOLD,ructions affix against the evenly ironic packages. slyly regular accounts run carefully. accounts accor
2967,Customer#000002967,9kndve4EAJxhg3veF BfXr7AqOsT39o gtqjaYE,17,27-626-559-8599,2231.3660766593102,FURNITURE,egular packages shall have to impress along the 
2968,Customer#000002968,jYaDdfxAlL1aVKPfN,19,29-627-844-1293,8178.950055335185,FURNITURE,ages integrate carefully. sometimes even sheaves wake sometimes unusual ac
2969,Customer#000002969,ziSrvyyBke,5,15-416-330-4175,8702.744144584824,BUILDING,"ssly according to the pinto beans: carefully special requests across the even, pending accounts wake special"
2970,Customer#000002970,Hp8GyFQgGHFYSilH5tBfe,12,22-603-468-3533,7481.522877004318,FURNITURE,"y. accounts sleep ruthlessly according to the regular theodolites. unusual instructions sleep. ironic, final"
2971,Customer#000002971,yHVWD7y1Oe1P,21,31-277-349-9036,1486.9982796361398,MACHINERY,ress attainments. furiously regular excu
2972,Customer#000002972,"jyN6lAjb1FtH10rMC,XzlWyCBrg75",11,21-840-210-3572,9093.72596363015,HOUSEHOLD,jole special packages. furiously final dependencies about the furiously speci
2973,Customer#000002973,2rEfA2LR6LkUXjoMxIsv58YSHPMjlqr1YXhHSX,48,11-900-587-2067,971.7425606286639,BUILDING,efully regular deposits. bravely ironi
2974,Customer#000002974,GPoeEvpKo1,47,15-908-619-7526,2617.2633550425903,BUILDING,"refully ironic deposits sleep. regular, unusual requests wake slyly"
2975,Customer#000002975,KwgdKUL1G2WacsMNF50yX,33,32-178-964-1847,1125.0064006019818,MACHINERY,"losely regular, unusual instructions. "
2976,Customer#000002976,2sPwjFNEFf9dN4az,46,21-424-586-6295,8975.448417088384,AUTOMOBILE,ounts use blithely. blithely pending packages use ironic deposits. final accounts boost slyly. care
2977,Customer#000002977,UAtflJ06 fn9zBfKjInkQZlWtqaA,26,29-324-978-8538,8633.563239833606,BUILDING,ously regular dependencies nag among the furiously express dinos. blithely final
2978,Customer#000002978,"u,b0GdP7dZg",37,30-436-285-7224,6078.687522288971,FURNITURE,ts. bravely express pinto beans after the blithely bold requests x-ray busy orbits. furiously pending 
2979,Customer#000002979,bpsO77xiAmjwOxqIgAszRu4Y,9,19-844-888-9800,6180.633940535687,HOUSEHOLD,ending pinto beans unwind slyly. slyly final theodolites above the quickly ironic pinto beans haggle ev
2980,Customer#000002980,M1UCTKrZLOgSyr,22,32-194-864-6861,4592.84614914701,AUTOMOBILE,y regular deposits. fluffily ironic packages cajole along the 
2981,Customer#000002981,"ElWdGnnKpmo0sA1Au teWwomSVgG,me",18,28-485-984-7299,844.6100755951305,AUTOMOBILE,"nto beans. dinos sleep fluffily carefully regular sentiments. final, special packages wake blithely. ironic "
2982,Customer#000002982,"jDJt0Wfk0,Wcx5HOI5itS XqUJmMpjzJ",0,10-566-341-4382,6948.30771460625,MACHINERY,y against the carefully special patterns. unusual accounts sleep quickly final instructions. 
2983,Customer#000002983,"9F8p,XsLLxyiZ3b8NN",26,29-941-553-8245,9649.831996156201,FURNITURE,al excuses boost to the ideas. unusual requests are across the slyly
2984,Customer#000002984,189f n2lA4,11,21-314-290-3052,8335.005423519906,MACHINERY,uctions are busily along the furiously ironic instructions. blithely thin waters cajole slyly. 
2985,Customer#000002985,UfNb7T9CTCnsfN3b,20,30-476-852-2371,8223.358299157228,MACHINERY,en pinto beans. quickly final excuses haggle furiously. slyly pendin
2986,Customer#000002986,9PWKuhzT4Zr1Q,13,23-791-276-1263,3389.1948012047374,HOUSEHOLD, to the carefully final braids. blithely regular requests nag. ironic theodolites boost quickly along
2987,Customer#000002987,FD6UNqfsYMKkf3ZFZdI4EaYMZ,16,26-340-733-2096,2324.0925777988004,MACHINERY,"y around the final, special foxes. "
2988,Customer#000002988,LXH7wSv4I6GG6TAkLOyLcMh559a8Y,21,31-296-111-5448,-413.8530309053262,FURNITURE,hely at the pending warhorses; blithe
2989,Customer#000002989,jUs1Im28boIduGhp5vbKK50gM5ov7xH9G,24,34-992-529-2023,8077.426932992998,HOUSEHOLD,"ix. ironic, special tithes detect dog"
2990,Customer#000002990,1MqWuuRVM5y5NlT1kakwke,4,14-983-203-6472,2181.457224220535,HOUSEHOLD, regular theodolites. brave platelets
2991,Customer#000002991,"cZhhOUzv6,Vbaa2bFT",33,32-885-298-6750,9222.932109625515,FURNITURE,y final packages. furiously ironic packages was. fluffily ironic instructions integrate
2992,Customer#000002992,"fg4eklU1,UaFOan",22,32-282-723-3627,6791.787701613164,AUTOMOBILE,ges are carefully. slyly ironic deposits about the fin
2993,Customer#000002993,I78UJ2ks3sbcd0c2NQ7aH,26,29-436-660-4732,6771.62564673841,BUILDING,"special requests wake carefully regular somas. special theodolites wake regular, unusual pinto beans. furi"
2994,Customer#000002994,"OCLSZuXw1AEK NLvlofMkuK,YNe,bJD40a",22,32-459-427-9559,7800.9876773067435,FURNITURE,"ges integrate express, even ideas"
2995,Customer#000002995,"PWOwgZKsBoFJQ7py4HJpdJoSO2,",8,18-794-312-9970,7804.598989183317,HOUSEHOLD, furiously regular accounts. slyly regular 
2996,Customer#000002996,"ZI1c8,ZanegEu5CEQxNf5,bkuYPwn7H7JIK7",12,22-280-738-3240,3069.342562090622,MACHINERY,"foxes. express, ironic accounts boost? carefully silent deposits engage. accou"
2997,Customer#000002997,jLtKZ0bRJyYL1k,12,22-412-216-1933,6727.5369821800095,HOUSEHOLD,ages among the furiously pending packages detect across the blithely unusual accounts. furiously ironic requests sh
2998,Customer#000002998,QVr2XTDOMzWcLKHtNgrLK,21,31-966-407-1575,5595.183679419977,BUILDING,haggle. special foxes sleep blithely
2999,Customer#000002999,GIdW4IVgeqWMBXnNFZGHS8kmhw,4,14-916-241-6195,8289.45233943098,AUTOMOBILE,lar accounts. finally pending dependencies solve fluffily 
3000,Customer#000003000,b0UgocSqEW5 gdVbhNT,2,12-427-271-9466,-333.52234659998777,BUILDING,"ions. express, ironic instructions sleep furiously ironic ideas. furi"
