timestamp,sql
2025-07-01T00:00:00.200000,SELECT census_original.relationship FROM census_original  WHERE census_original.sex != 'NULL' AND census_original.capital_gain > 26.48 ORDER BY census_original.relationship LIMIT 100;
2025-07-01T00:00:00.400000,"SELECT census_original.age, census_original.workclass, census_original.capital_gain, census_original.education FROM census_original  WHERE census_original.race = 'NULL' ORDER BY census_original.workclass LIMIT 100;"
2025-07-01T00:00:00.600000,"SELECT census_original.age, census_original.workclass, census_original.capital_gain, census_original.education FROM census_original  WHERE census_original.race = 'NULL' ORDER BY census_original.workclass LIMIT 100;"
2025-07-01T00:00:00.800000,"SELECT census_original.age, census_original.workclass, census_original.capital_gain, census_original.education FROM census_original  WHERE census_original.race = 'NULL' ORDER BY census_original.workclass LIMIT 100;"
2025-07-01T00:00:01.000000,"SELECT census_original.age, census_original.workclass, census_original.capital_gain, census_original.education FROM census_original  WHERE census_original.race = 'NULL' ORDER BY census_original.workclass LIMIT 100;"
2025-07-01T00:00:01.200000,SELECT census_original.sex FROM census_original  WHERE census_original.hours_per_week > 94.81 AND census_original.race != 'NULL' AND census_original.education_num < 37.27 ORDER BY census_original.sex LIMIT 100;
2025-07-01T00:00:01.400000,SELECT census_original.relationship FROM census_original  WHERE census_original.sex != 'NULL' AND census_original.capital_gain > 52.7 ORDER BY census_original.relationship LIMIT 100;
2025-07-01T00:00:01.600000,"SELECT census_original.education, census_original.workclass, census_original.capital_loss FROM census_original  WHERE census_original.age BETWEEN 45.475 AND 57.885 ORDER BY census_original.capital_loss LIMIT 100;"
2025-07-01T00:00:01.800000,SELECT census_original.sex FROM census_original  WHERE census_original.hours_per_week > 42.51 AND census_original.race != 'NULL' AND census_original.education_num < 65.06 ORDER BY census_original.sex LIMIT 100;
2025-07-01T00:00:02.000000,SELECT census_original.sex FROM census_original  WHERE census_original.hours_per_week > 65.62 AND census_original.race != 'NULL' AND census_original.education_num < 99.21 ORDER BY census_original.sex LIMIT 100;
2025-07-01T00:00:02.200000,"SELECT census_original.education, census_original.workclass, census_original.capital_loss FROM census_original  WHERE census_original.age BETWEEN 57.635 AND 70.045 ORDER BY census_original.capital_loss LIMIT 100;"
2025-07-01T00:00:02.400000,SELECT census_original.sex FROM census_original  WHERE census_original.hours_per_week > 82.49 AND census_original.race != 'NULL' AND census_original.education_num < 17.63 ORDER BY census_original.sex LIMIT 100;
2025-07-01T00:00:02.600000,SELECT census_original.workclass FROM census_original  WHERE census_original.education = 'sample' AND census_original.native_country LIKE 'sample' AND census_original.race != 'NULL' AND census_original.education_num < 57.01 ORDER BY census_original.workclass LIMIT 100;
2025-07-01T00:00:02.800000,SELECT census_original.workclass FROM census_original  WHERE census_original.education = 'sample' AND census_original.native_country LIKE 'sample' AND census_original.race != 'NULL' AND census_original.education_num < 57.67 ORDER BY census_original.workclass LIMIT 100;
2025-07-01T00:00:03.000000,"SELECT census_original.age, census_original.workclass, census_original.capital_gain, census_original.education FROM census_original  WHERE census_original.race = 'NULL' ORDER BY census_original.workclass LIMIT 100;"
2025-07-01T00:00:03.200000,"SELECT census_original.age, census_original.workclass, census_original.capital_gain, census_original.education FROM census_original  WHERE census_original.race = 'NULL' ORDER BY census_original.workclass LIMIT 100;"
2025-07-01T00:00:03.400000,SELECT census_original.workclass FROM census_original  WHERE census_original.education = 'sample' AND census_original.native_country LIKE 'sample' AND census_original.race != 'NULL' AND census_original.education_num < 88.04 ORDER BY census_original.workclass LIMIT 100;
2025-07-01T00:00:03.600000,SELECT census_original.sex FROM census_original  WHERE census_original.hours_per_week > 13.56 AND census_original.race != 'NULL' AND census_original.education_num < 89.83 ORDER BY census_original.sex LIMIT 100;
2025-07-01T00:00:03.800000,SELECT census_original.workclass FROM census_original  WHERE census_original.education = 'sample' AND census_original.native_country LIKE 'sample' AND census_original.race != 'NULL' AND census_original.education_num < 42.42 ORDER BY census_original.workclass LIMIT 100;
2025-07-01T00:00:04.000000,SELECT census_original.workclass FROM census_original  WHERE census_original.education = 'sample' AND census_original.native_country LIKE 'sample' AND census_original.race != 'NULL' AND census_original.education_num < 69.79 ORDER BY census_original.workclass LIMIT 100;
2025-07-01T00:00:04.200000,SELECT census_original.relationship FROM census_original  WHERE census_original.sex != 'NULL' AND census_original.capital_gain > 39.76 ORDER BY census_original.relationship LIMIT 100;
2025-07-01T00:00:04.400000,"SELECT census_original.age, census_original.workclass, census_original.capital_gain, census_original.education FROM census_original  WHERE census_original.race = 'NULL' ORDER BY census_original.workclass LIMIT 100;"
2025-07-01T00:00:04.600000,"SELECT census_original.education, census_original.workclass, census_original.capital_loss FROM census_original  WHERE census_original.age BETWEEN 13.555 AND 25.965 ORDER BY census_original.capital_loss LIMIT 100;"
2025-07-01T00:00:04.800000,SELECT census_original.relationship FROM census_original  WHERE census_original.sex != 'NULL' AND census_original.capital_gain > 12.72 ORDER BY census_original.relationship LIMIT 100;
2025-07-01T00:00:05.000000,"SELECT census_original.age, census_original.workclass, census_original.capital_gain, census_original.education FROM census_original  WHERE census_original.race = 'NULL' ORDER BY census_original.workclass LIMIT 100;"
2025-07-01T00:00:05.200000,SELECT census_original.workclass FROM census_original  WHERE census_original.education = 'sample' AND census_original.native_country LIKE 'sample' AND census_original.race != 'NULL' AND census_original.education_num < 94.66 ORDER BY census_original.workclass LIMIT 100;
2025-07-01T00:00:05.400000,SELECT census_original.relationship FROM census_original  WHERE census_original.sex != 'NULL' AND census_original.capital_gain > 57.23 ORDER BY census_original.relationship LIMIT 100;
2025-07-01T00:00:05.600000,SELECT census_original.workclass FROM census_original  WHERE census_original.education = 'sample' AND census_original.native_country LIKE 'sample' AND census_original.race != 'NULL' AND census_original.education_num < 14.6 ORDER BY census_original.workclass LIMIT 100;
2025-07-01T00:00:05.800000,"SELECT census_original.education, census_original.workclass, census_original.capital_loss FROM census_original  WHERE census_original.age BETWEEN 31.565 AND 43.975 ORDER BY census_original.capital_loss LIMIT 100;"
2025-07-01T00:00:06.000000,"SELECT census_original.age, census_original.workclass, census_original.capital_gain, census_original.education FROM census_original  WHERE census_original.race = 'NULL' ORDER BY census_original.workclass LIMIT 100;"
2025-07-01T00:00:06.200000,"SELECT census_original.age, census_original.workclass, census_original.capital_gain, census_original.education FROM census_original  WHERE census_original.race = 'NULL' ORDER BY census_original.workclass LIMIT 100;"
2025-07-01T00:00:06.400000,"SELECT census_original.age, census_original.workclass, census_original.capital_gain, census_original.education FROM census_original  WHERE census_original.race = 'NULL' ORDER BY census_original.workclass LIMIT 100;"
2025-07-01T00:00:06.600000,"SELECT census_original.education, census_original.workclass, census_original.capital_loss FROM census_original  WHERE census_original.age BETWEEN 59.875 AND 72.285 ORDER BY census_original.capital_loss LIMIT 100;"
2025-07-01T00:00:06.800000,SELECT census_original.relationship FROM census_original  WHERE census_original.sex != 'NULL' AND census_original.capital_gain > 5.86 ORDER BY census_original.relationship LIMIT 100;
2025-07-01T00:00:07.000000,"SELECT census_original.age, census_original.workclass, census_original.capital_gain, census_original.education FROM census_original  WHERE census_original.race = 'NULL' ORDER BY census_original.workclass LIMIT 100;"
2025-07-01T00:00:07.200000,SELECT census_original.relationship FROM census_original  WHERE census_original.sex != 'NULL' AND census_original.capital_gain > 56.56 ORDER BY census_original.relationship LIMIT 100;
2025-07-01T00:00:07.400000,SELECT census_original.sex FROM census_original  WHERE census_original.hours_per_week > 17.37 AND census_original.race != 'NULL' AND census_original.education_num < 26.07 ORDER BY census_original.sex LIMIT 100;
2025-07-01T00:00:07.600000,"SELECT census_original.age, census_original.workclass, census_original.capital_gain, census_original.education FROM census_original  WHERE census_original.race = 'NULL' ORDER BY census_original.workclass LIMIT 100;"
2025-07-01T00:00:07.800000,SELECT census_original.sex FROM census_original  WHERE census_original.hours_per_week > 95.27 AND census_original.race != 'NULL' AND census_original.education_num < 48.72 ORDER BY census_original.sex LIMIT 100;
2025-07-01T00:00:08.000000,SELECT census_original.workclass FROM census_original  WHERE census_original.education = 'sample' AND census_original.native_country LIKE 'sample' AND census_original.race != 'NULL' AND census_original.education_num < 91.93 ORDER BY census_original.workclass LIMIT 100;
2025-07-01T00:00:08.200000,"SELECT census_original.age, census_original.workclass, census_original.capital_gain, census_original.education FROM census_original  WHERE census_original.race = 'NULL' ORDER BY census_original.workclass LIMIT 100;"
2025-07-01T00:00:08.400000,SELECT census_original.workclass FROM census_original  WHERE census_original.education = 'sample' AND census_original.native_country LIKE 'sample' AND census_original.race != 'NULL' AND census_original.education_num < 91.05 ORDER BY census_original.workclass LIMIT 100;
2025-07-01T00:00:08.600000,SELECT census_original.relationship FROM census_original  WHERE census_original.sex != 'NULL' AND census_original.capital_gain > 71.08 ORDER BY census_original.relationship LIMIT 100;
2025-07-01T00:00:08.800000,"SELECT census_original.age, census_original.workclass, census_original.capital_gain, census_original.education FROM census_original  WHERE census_original.race = 'NULL' ORDER BY census_original.workclass LIMIT 100;"
2025-07-01T00:00:09.000000,SELECT census_original.sex FROM census_original  WHERE census_original.hours_per_week > 88.16 AND census_original.race != 'NULL' AND census_original.education_num < 54.08 ORDER BY census_original.sex LIMIT 100;
2025-07-01T00:00:09.200000,SELECT census_original.sex FROM census_original  WHERE census_original.hours_per_week > 46.66 AND census_original.race != 'NULL' AND census_original.education_num < 43.05 ORDER BY census_original.sex LIMIT 100;
2025-07-01T00:00:09.400000,"SELECT census_original.age, census_original.workclass, census_original.capital_gain, census_original.education FROM census_original  WHERE census_original.race = 'NULL' ORDER BY census_original.workclass LIMIT 100;"
2025-07-01T00:00:09.600000,"SELECT census_original.education, census_original.workclass, census_original.capital_loss FROM census_original  WHERE census_original.age BETWEEN 57.515 AND 69.925 ORDER BY census_original.capital_loss LIMIT 100;"
2025-07-01T00:00:09.800000,"SELECT census_original.education, census_original.workclass, census_original.capital_loss FROM census_original  WHERE census_original.age BETWEEN 49.385 AND 61.795 ORDER BY census_original.capital_loss LIMIT 100;"
2025-07-01T00:00:10.000000,SELECT census_original.sex FROM census_original  WHERE census_original.hours_per_week > 80.94 AND census_original.race != 'NULL' AND census_original.education_num < 99.88 ORDER BY census_original.sex LIMIT 100;
2025-07-01T00:00:10.200000,SELECT census_original.sex FROM census_original  WHERE census_original.hours_per_week > 2.96 AND census_original.race != 'NULL' AND census_original.education_num < 33.33 ORDER BY census_original.sex LIMIT 100;
2025-07-01T00:00:10.400000,SELECT census_original.workclass FROM census_original  WHERE census_original.education = 'sample' AND census_original.native_country LIKE 'sample' AND census_original.race != 'NULL' AND census_original.education_num < 34.72 ORDER BY census_original.workclass LIMIT 100;
2025-07-01T00:00:10.600000,"SELECT census_original.education, census_original.workclass, census_original.capital_loss FROM census_original  WHERE census_original.age BETWEEN 41.365 AND 53.775 ORDER BY census_original.capital_loss LIMIT 100;"
2025-07-01T00:00:10.800000,SELECT census_original.relationship FROM census_original  WHERE census_original.sex != 'NULL' AND census_original.capital_gain > 46.9 ORDER BY census_original.relationship LIMIT 100;
2025-07-01T00:00:11.000000,"SELECT census_original.age, census_original.workclass, census_original.capital_gain, census_original.education FROM census_original  WHERE census_original.race = 'NULL' ORDER BY census_original.workclass LIMIT 100;"
2025-07-01T00:00:11.200000,SELECT census_original.relationship FROM census_original  WHERE census_original.sex != 'NULL' AND census_original.capital_gain > 6.89 ORDER BY census_original.relationship LIMIT 100;
2025-07-01T00:00:11.400000,"SELECT census_original.age, census_original.workclass, census_original.capital_gain, census_original.education FROM census_original  WHERE census_original.race = 'NULL' ORDER BY census_original.workclass LIMIT 100;"
2025-07-01T00:00:11.600000,SELECT census_original.sex FROM census_original  WHERE census_original.hours_per_week > 92.46 AND census_original.race != 'NULL' AND census_original.education_num < 84.49 ORDER BY census_original.sex LIMIT 100;
2025-07-01T00:00:11.800000,"SELECT census_original.age, census_original.workclass, census_original.capital_gain, census_original.education FROM census_original  WHERE census_original.race = 'NULL' ORDER BY census_original.workclass LIMIT 100;"
2025-07-01T00:00:12.000000,SELECT census_original.sex FROM census_original  WHERE census_original.hours_per_week > 85.43 AND census_original.race != 'NULL' AND census_original.education_num < 35.46 ORDER BY census_original.sex LIMIT 100;
2025-07-01T00:00:12.200000,"SELECT census_original.age, census_original.workclass, census_original.capital_gain, census_original.education FROM census_original  WHERE census_original.race = 'NULL' ORDER BY census_original.workclass LIMIT 100;"
2025-07-01T00:00:12.400000,SELECT census_original.relationship FROM census_original  WHERE census_original.sex != 'NULL' AND census_original.capital_gain > 85.36 ORDER BY census_original.relationship LIMIT 100;
2025-07-01T00:00:12.600000,SELECT census_original.workclass FROM census_original  WHERE census_original.education = 'sample' AND census_original.native_country LIKE 'sample' AND census_original.race != 'NULL' AND census_original.education_num < 1.54 ORDER BY census_original.workclass LIMIT 100;
2025-07-01T00:00:12.800000,SELECT census_original.relationship FROM census_original  WHERE census_original.sex != 'NULL' AND census_original.capital_gain > 7.25 ORDER BY census_original.relationship LIMIT 100;
2025-07-01T00:00:13.000000,"SELECT census_original.education, census_original.workclass, census_original.capital_loss FROM census_original  WHERE census_original.age BETWEEN 18.525 AND 30.935 ORDER BY census_original.capital_loss LIMIT 100;"
2025-07-01T00:00:13.200000,SELECT census_original.workclass FROM census_original  WHERE census_original.education = 'sample' AND census_original.native_country LIKE 'sample' AND census_original.race != 'NULL' AND census_original.education_num < 78.25 ORDER BY census_original.workclass LIMIT 100;
2025-07-01T00:00:13.400000,SELECT census_original.workclass FROM census_original  WHERE census_original.education = 'sample' AND census_original.native_country LIKE 'sample' AND census_original.race != 'NULL' AND census_original.education_num < 54.07 ORDER BY census_original.workclass LIMIT 100;
2025-07-01T00:00:13.600000,SELECT census_original.sex FROM census_original  WHERE census_original.hours_per_week > 42.93 AND census_original.race != 'NULL' AND census_original.education_num < 55.67 ORDER BY census_original.sex LIMIT 100;
2025-07-01T00:00:13.800000,"SELECT census_original.education, census_original.workclass, census_original.capital_loss FROM census_original  WHERE census_original.age BETWEEN 44.915 AND 57.325 ORDER BY census_original.capital_loss LIMIT 100;"
2025-07-01T00:00:14.000000,SELECT census_original.workclass FROM census_original  WHERE census_original.education = 'sample' AND census_original.native_country LIKE 'sample' AND census_original.race != 'NULL' AND census_original.education_num < 27.38 ORDER BY census_original.workclass LIMIT 100;
2025-07-01T00:00:14.200000,SELECT census_original.relationship FROM census_original  WHERE census_original.sex != 'NULL' AND census_original.capital_gain > 50.16 ORDER BY census_original.relationship LIMIT 100;
2025-07-01T00:00:14.400000,SELECT census_original.workclass FROM census_original  WHERE census_original.education = 'sample' AND census_original.native_country LIKE 'sample' AND census_original.race != 'NULL' AND census_original.education_num < 45.38 ORDER BY census_original.workclass LIMIT 100;
2025-07-01T00:00:14.600000,"SELECT census_original.age, census_original.workclass, census_original.capital_gain, census_original.education FROM census_original  WHERE census_original.race = 'NULL' ORDER BY census_original.workclass LIMIT 100;"
2025-07-01T00:00:14.800000,"SELECT census_original.age, census_original.workclass, census_original.capital_gain, census_original.education FROM census_original  WHERE census_original.race = 'NULL' ORDER BY census_original.workclass LIMIT 100;"
2025-07-01T00:00:15.000000,SELECT census_original.sex FROM census_original  WHERE census_original.hours_per_week > 94.21 AND census_original.race != 'NULL' AND census_original.education_num < 12.94 ORDER BY census_original.sex LIMIT 100;
2025-07-01T00:00:15.200000,"SELECT census_original.age, census_original.workclass, census_original.capital_gain, census_original.education FROM census_original  WHERE census_original.race = 'NULL' ORDER BY census_original.workclass LIMIT 100;"
2025-07-01T00:00:15.400000,"SELECT census_original.age, census_original.workclass, census_original.capital_gain, census_original.education FROM census_original  WHERE census_original.race = 'NULL' ORDER BY census_original.workclass LIMIT 100;"
2025-07-01T00:00:15.600000,SELECT census_original.sex FROM census_original  WHERE census_original.hours_per_week > 68.64 AND census_original.race != 'NULL' AND census_original.education_num < 23.6 ORDER BY census_original.sex LIMIT 100;
2025-07-01T00:00:15.800000,SELECT census_original.relationship FROM census_original  WHERE census_original.sex != 'NULL' AND census_original.capital_gain > 69.32 ORDER BY census_original.relationship LIMIT 100;
2025-07-01T00:00:16.000000,SELECT census_original.sex FROM census_original  WHERE census_original.hours_per_week > 24.9 AND census_original.race != 'NULL' AND census_original.education_num < 32.93 ORDER BY census_original.sex LIMIT 100;
2025-07-01T00:00:16.200000,SELECT census_original.workclass FROM census_original  WHERE census_original.education = 'sample' AND census_original.native_country LIKE 'sample' AND census_original.race != 'NULL' AND census_original.education_num < 41.47 ORDER BY census_original.workclass LIMIT 100;
2025-07-01T00:00:16.400000,"SELECT census_original.age, census_original.workclass, census_original.capital_gain, census_original.education FROM census_original  WHERE census_original.race = 'NULL' ORDER BY census_original.workclass LIMIT 100;"
2025-07-01T00:00:16.600000,SELECT census_original.relationship FROM census_original  WHERE census_original.sex != 'NULL' AND census_original.capital_gain > 93.73 ORDER BY census_original.relationship LIMIT 100;
2025-07-01T00:00:16.800000,SELECT census_original.relationship FROM census_original  WHERE census_original.sex != 'NULL' AND census_original.capital_gain > 23.64 ORDER BY census_original.relationship LIMIT 100;
2025-07-01T00:00:17.000000,SELECT census_original.workclass FROM census_original  WHERE census_original.education = 'sample' AND census_original.native_country LIKE 'sample' AND census_original.race != 'NULL' AND census_original.education_num < 10.08 ORDER BY census_original.workclass LIMIT 100;
2025-07-01T00:00:17.200000,SELECT census_original.sex FROM census_original  WHERE census_original.hours_per_week > 63.6 AND census_original.race != 'NULL' AND census_original.education_num < 39.9 ORDER BY census_original.sex LIMIT 100;
2025-07-01T00:00:17.400000,SELECT census_original.relationship FROM census_original  WHERE census_original.sex != 'NULL' AND census_original.capital_gain > 35.23 ORDER BY census_original.relationship LIMIT 100;
2025-07-01T00:00:17.600000,"SELECT census_original.age, census_original.workclass, census_original.capital_gain, census_original.education FROM census_original  WHERE census_original.race = 'NULL' ORDER BY census_original.workclass LIMIT 100;"
2025-07-01T00:00:17.800000,SELECT census_original.sex FROM census_original  WHERE census_original.hours_per_week > 4.55 AND census_original.race != 'NULL' AND census_original.education_num < 96.02 ORDER BY census_original.sex LIMIT 100;
2025-07-01T00:00:18.000000,"SELECT census_original.age, census_original.workclass, census_original.capital_gain, census_original.education FROM census_original  WHERE census_original.race = 'NULL' ORDER BY census_original.workclass LIMIT 100;"
2025-07-01T00:00:18.200000,SELECT census_original.relationship FROM census_original  WHERE census_original.sex != 'NULL' AND census_original.capital_gain > 13.07 ORDER BY census_original.relationship LIMIT 100;
2025-07-01T00:00:18.400000,SELECT census_original.relationship FROM census_original  WHERE census_original.sex != 'NULL' AND census_original.capital_gain > 22.3 ORDER BY census_original.relationship LIMIT 100;
2025-07-01T00:00:18.600000,"SELECT census_original.age, census_original.workclass, census_original.capital_gain, census_original.education FROM census_original  WHERE census_original.race = 'NULL' ORDER BY census_original.workclass LIMIT 100;"
2025-07-01T00:00:18.800000,SELECT census_original.workclass FROM census_original  WHERE census_original.education = 'sample' AND census_original.native_country LIKE 'sample' AND census_original.race != 'NULL' AND census_original.education_num < 38.57 ORDER BY census_original.workclass LIMIT 100;
2025-07-01T00:00:19.000000,SELECT census_original.sex FROM census_original  WHERE census_original.hours_per_week > 26.17 AND census_original.race != 'NULL' AND census_original.education_num < 91.96 ORDER BY census_original.sex LIMIT 100;
2025-07-01T00:00:19.200000,SELECT census_original.sex FROM census_original  WHERE census_original.hours_per_week > 81.5 AND census_original.race != 'NULL' AND census_original.education_num < 32.52 ORDER BY census_original.sex LIMIT 100;
2025-07-01T00:00:19.400000,"SELECT census_original.education, census_original.workclass, census_original.capital_loss FROM census_original  WHERE census_original.age BETWEEN 42.045 AND 54.455 ORDER BY census_original.capital_loss LIMIT 100;"
2025-07-01T00:00:19.600000,SELECT census_original.workclass FROM census_original  WHERE census_original.education = 'sample' AND census_original.native_country LIKE 'sample' AND census_original.race != 'NULL' AND census_original.education_num < 15.63 ORDER BY census_original.workclass LIMIT 100;
2025-07-01T00:00:19.800000,"SELECT census_original.age, census_original.workclass, census_original.capital_gain, census_original.education FROM census_original  WHERE census_original.race = 'NULL' ORDER BY census_original.workclass LIMIT 100;"
2025-07-01T00:00:20.000000,SELECT census_original.workclass FROM census_original  WHERE census_original.education = 'sample' AND census_original.native_country LIKE 'sample' AND census_original.race != 'NULL' AND census_original.education_num < 32.31 ORDER BY census_original.workclass LIMIT 100;
2025-07-01T00:00:20.200000,SELECT census_original.relationship FROM census_original  WHERE census_original.sex != 'NULL' AND census_original.capital_gain > 48.13 ORDER BY census_original.relationship LIMIT 100;
2025-07-01T00:00:20.400000,"SELECT census_original.education, census_original.workclass, census_original.capital_loss FROM census_original  WHERE census_original.age BETWEEN 18.795 AND 31.205 ORDER BY census_original.capital_loss LIMIT 100;"
2025-07-01T00:00:20.600000,"SELECT census_original.education, census_original.workclass, census_original.capital_loss FROM census_original  WHERE census_original.age BETWEEN 52.575 AND 64.985 ORDER BY census_original.capital_loss LIMIT 100;"
2025-07-01T00:00:20.800000,SELECT census_original.relationship FROM census_original  WHERE census_original.sex != 'NULL' AND census_original.capital_gain > 68.36 ORDER BY census_original.relationship LIMIT 100;
2025-07-01T00:00:21.000000,SELECT census_original.relationship FROM census_original  WHERE census_original.sex != 'NULL' AND census_original.capital_gain > 92.47 ORDER BY census_original.relationship LIMIT 100;
2025-07-01T00:00:21.200000,"SELECT census_original.age, census_original.workclass, census_original.capital_gain, census_original.education FROM census_original  WHERE census_original.race = 'NULL' ORDER BY census_original.workclass LIMIT 100;"
2025-07-01T00:00:21.400000,"SELECT census_original.age, census_original.workclass, census_original.capital_gain, census_original.education FROM census_original  WHERE census_original.race = 'NULL' ORDER BY census_original.workclass LIMIT 100;"
2025-07-01T00:00:21.600000,"SELECT census_original.education, census_original.workclass, census_original.capital_loss FROM census_original  WHERE census_original.age BETWEEN 13.085 AND 25.495 ORDER BY census_original.capital_loss LIMIT 100;"
2025-07-01T00:00:21.800000,SELECT census_original.workclass FROM census_original  WHERE census_original.education = 'sample' AND census_original.native_country LIKE 'sample' AND census_original.race != 'NULL' AND census_original.education_num < 80.19 ORDER BY census_original.workclass LIMIT 100;
2025-07-01T00:00:22.000000,SELECT census_original.workclass FROM census_original  WHERE census_original.education = 'sample' AND census_original.native_country LIKE 'sample' AND census_original.race != 'NULL' AND census_original.education_num < 83.96 ORDER BY census_original.workclass LIMIT 100;
2025-07-01T00:00:22.200000,SELECT census_original.sex FROM census_original  WHERE census_original.hours_per_week > 11.36 AND census_original.race != 'NULL' AND census_original.education_num < 90.49 ORDER BY census_original.sex LIMIT 100;
2025-07-01T00:00:22.400000,SELECT census_original.relationship FROM census_original  WHERE census_original.sex != 'NULL' AND census_original.capital_gain > 16.21 ORDER BY census_original.relationship LIMIT 100;
2025-07-01T00:00:22.600000,"SELECT census_original.age, census_original.workclass, census_original.capital_gain, census_original.education FROM census_original  WHERE census_original.race = 'NULL' ORDER BY census_original.workclass LIMIT 100;"
2025-07-01T00:00:22.800000,"SELECT census_original.education, census_original.workclass, census_original.capital_loss FROM census_original  WHERE census_original.age BETWEEN 55.795 AND 68.205 ORDER BY census_original.capital_loss LIMIT 100;"
2025-07-01T00:00:23.000000,SELECT census_original.sex FROM census_original  WHERE census_original.hours_per_week > 87.51 AND census_original.race != 'NULL' AND census_original.education_num < 26.11 ORDER BY census_original.sex LIMIT 100;
2025-07-01T00:00:23.200000,SELECT census_original.sex FROM census_original  WHERE census_original.hours_per_week > 29.17 AND census_original.race != 'NULL' AND census_original.education_num < 89.8 ORDER BY census_original.sex LIMIT 100;
2025-07-01T00:00:23.400000,"SELECT census_original.age, census_original.workclass, census_original.capital_gain, census_original.education FROM census_original  WHERE census_original.race = 'NULL' ORDER BY census_original.workclass LIMIT 100;"
2025-07-01T00:00:23.600000,SELECT census_original.sex FROM census_original  WHERE census_original.hours_per_week > 62.35 AND census_original.race != 'NULL' AND census_original.education_num < 93.36 ORDER BY census_original.sex LIMIT 100;
2025-07-01T00:00:23.800000,SELECT census_original.workclass FROM census_original  WHERE census_original.education = 'sample' AND census_original.native_country LIKE 'sample' AND census_original.race != 'NULL' AND census_original.education_num < 21.7 ORDER BY census_original.workclass LIMIT 100;
2025-07-01T00:00:24.000000,SELECT census_original.sex FROM census_original  WHERE census_original.hours_per_week > 62.65 AND census_original.race != 'NULL' AND census_original.education_num < 75.33 ORDER BY census_original.sex LIMIT 100;
2025-07-01T00:00:24.200000,"SELECT census_original.education, census_original.workclass, census_original.capital_loss FROM census_original  WHERE census_original.age BETWEEN 63.585 AND 75.995 ORDER BY census_original.capital_loss LIMIT 100;"
2025-07-01T00:00:24.400000,SELECT census_original.workclass FROM census_original  WHERE census_original.education = 'sample' AND census_original.native_country LIKE 'sample' AND census_original.race != 'NULL' AND census_original.education_num < 47.13 ORDER BY census_original.workclass LIMIT 100;
2025-07-01T00:00:24.600000,"SELECT census_original.education, census_original.workclass, census_original.capital_loss FROM census_original  WHERE census_original.age BETWEEN 62.725 AND 75.135 ORDER BY census_original.capital_loss LIMIT 100;"
2025-07-01T00:00:24.800000,"SELECT census_original.age, census_original.workclass, census_original.capital_gain, census_original.education FROM census_original  WHERE census_original.race = 'NULL' ORDER BY census_original.workclass LIMIT 100;"
2025-07-01T00:00:25.000000,SELECT census_original.workclass FROM census_original  WHERE census_original.education = 'sample' AND census_original.native_country LIKE 'sample' AND census_original.race != 'NULL' AND census_original.education_num < 78.96 ORDER BY census_original.workclass LIMIT 100;
2025-07-01T00:00:25.200000,"SELECT census_original.education, census_original.workclass, census_original.capital_loss FROM census_original  WHERE census_original.age BETWEEN 23.325 AND 35.735 ORDER BY census_original.capital_loss LIMIT 100;"
2025-07-01T00:00:25.400000,"SELECT census_original.education, census_original.workclass, census_original.capital_loss FROM census_original  WHERE census_original.age BETWEEN 17.175 AND 29.585 ORDER BY census_original.capital_loss LIMIT 100;"
2025-07-01T00:00:25.600000,SELECT census_original.relationship FROM census_original  WHERE census_original.sex != 'NULL' AND census_original.capital_gain > 82.83 ORDER BY census_original.relationship LIMIT 100;
2025-07-01T00:00:25.800000,SELECT census_original.relationship FROM census_original  WHERE census_original.sex != 'NULL' AND census_original.capital_gain > 36.38 ORDER BY census_original.relationship LIMIT 100;
2025-07-01T00:00:26.000000,SELECT census_original.sex FROM census_original  WHERE census_original.hours_per_week > 40.45 AND census_original.race != 'NULL' AND census_original.education_num < 99.05 ORDER BY census_original.sex LIMIT 100;
2025-07-01T00:00:26.200000,SELECT census_original.relationship FROM census_original  WHERE census_original.sex != 'NULL' AND census_original.capital_gain > 41.46 ORDER BY census_original.relationship LIMIT 100;
2025-07-01T00:00:26.400000,"SELECT census_original.education, census_original.workclass, census_original.capital_loss FROM census_original  WHERE census_original.age BETWEEN 30.365 AND 42.775 ORDER BY census_original.capital_loss LIMIT 100;"
2025-07-01T00:00:26.600000,SELECT census_original.relationship FROM census_original  WHERE census_original.sex != 'NULL' AND census_original.capital_gain > 43.39 ORDER BY census_original.relationship LIMIT 100;
2025-07-01T00:00:26.800000,"SELECT census_original.age, census_original.workclass, census_original.capital_gain, census_original.education FROM census_original  WHERE census_original.race = 'NULL' ORDER BY census_original.workclass LIMIT 100;"
2025-07-01T00:00:27.000000,SELECT census_original.sex FROM census_original  WHERE census_original.hours_per_week > 86.69 AND census_original.race != 'NULL' AND census_original.education_num < 80.01 ORDER BY census_original.sex LIMIT 100;
2025-07-01T00:00:27.200000,SELECT census_original.sex FROM census_original  WHERE census_original.hours_per_week > 16.39 AND census_original.race != 'NULL' AND census_original.education_num < 87.56 ORDER BY census_original.sex LIMIT 100;
2025-07-01T00:00:27.400000,SELECT census_original.workclass FROM census_original  WHERE census_original.education = 'sample' AND census_original.native_country LIKE 'sample' AND census_original.race != 'NULL' AND census_original.education_num < 54.01 ORDER BY census_original.workclass LIMIT 100;
2025-07-01T00:00:27.600000,"SELECT census_original.age, census_original.workclass, census_original.capital_gain, census_original.education FROM census_original  WHERE census_original.race = 'NULL' ORDER BY census_original.workclass LIMIT 100;"
2025-07-01T00:00:27.800000,SELECT census_original.sex FROM census_original  WHERE census_original.hours_per_week > 13.48 AND census_original.race != 'NULL' AND census_original.education_num < 15.23 ORDER BY census_original.sex LIMIT 100;
2025-07-01T00:00:28.000000,"SELECT census_original.age, census_original.workclass, census_original.capital_gain, census_original.education FROM census_original  WHERE census_original.race = 'NULL' ORDER BY census_original.workclass LIMIT 100;"
2025-07-01T00:00:28.200000,SELECT census_original.sex FROM census_original  WHERE census_original.hours_per_week > 10.51 AND census_original.race != 'NULL' AND census_original.education_num < 16.2 ORDER BY census_original.sex LIMIT 100;
2025-07-01T00:00:28.400000,SELECT census_original.sex FROM census_original  WHERE census_original.hours_per_week > 74.11 AND census_original.race != 'NULL' AND census_original.education_num < 40.91 ORDER BY census_original.sex LIMIT 100;
2025-07-01T00:00:28.600000,"SELECT census_original.age, census_original.workclass, census_original.capital_gain, census_original.education FROM census_original  WHERE census_original.race = 'NULL' ORDER BY census_original.workclass LIMIT 100;"
2025-07-01T00:00:28.800000,"SELECT census_original.education, census_original.workclass, census_original.capital_loss FROM census_original  WHERE census_original.age BETWEEN 24.745 AND 37.155 ORDER BY census_original.capital_loss LIMIT 100;"
2025-07-01T00:00:29.000000,"SELECT census_original.education, census_original.workclass, census_original.capital_loss FROM census_original  WHERE census_original.age BETWEEN 51.485 AND 63.895 ORDER BY census_original.capital_loss LIMIT 100;"
2025-07-01T00:00:29.200000,SELECT census_original.sex FROM census_original  WHERE census_original.hours_per_week > 46.06 AND census_original.race != 'NULL' AND census_original.education_num < 52.09 ORDER BY census_original.sex LIMIT 100;
2025-07-01T00:00:29.400000,"SELECT census_original.education, census_original.workclass, census_original.capital_loss FROM census_original  WHERE census_original.age BETWEEN 41.645 AND 54.055 ORDER BY census_original.capital_loss LIMIT 100;"
2025-07-01T00:00:29.600000,"SELECT census_original.education, census_original.workclass, census_original.capital_loss FROM census_original  WHERE census_original.age BETWEEN 65.195 AND 77.605 ORDER BY census_original.capital_loss LIMIT 100;"
2025-07-01T00:00:29.800000,"SELECT census_original.age, census_original.workclass, census_original.capital_gain, census_original.education FROM census_original  WHERE census_original.race = 'NULL' ORDER BY census_original.workclass LIMIT 100;"
2025-07-01T00:00:30.000000,SELECT census_original.sex FROM census_original  WHERE census_original.hours_per_week > 90.26 AND census_original.race != 'NULL' AND census_original.education_num < 98.47 ORDER BY census_original.sex LIMIT 100;
2025-07-01T00:00:30.200000,"SELECT census_original.age, census_original.workclass, census_original.capital_gain, census_original.education FROM census_original  WHERE census_original.race = 'NULL' ORDER BY census_original.workclass LIMIT 100;"
2025-07-01T00:00:30.400000,"SELECT census_original.education, census_original.workclass, census_original.capital_loss FROM census_original  WHERE census_original.age BETWEEN 44.815 AND 57.225 ORDER BY census_original.capital_loss LIMIT 100;"
2025-07-01T00:00:30.600000,SELECT census_original.workclass FROM census_original  WHERE census_original.education = 'sample' AND census_original.native_country LIKE 'sample' AND census_original.race != 'NULL' AND census_original.education_num < 8.92 ORDER BY census_original.workclass LIMIT 100;
2025-07-01T00:00:30.800000,SELECT census_original.workclass FROM census_original  WHERE census_original.education = 'sample' AND census_original.native_country LIKE 'sample' AND census_original.race != 'NULL' AND census_original.education_num < 28.78 ORDER BY census_original.workclass LIMIT 100;
2025-07-01T00:00:31.000000,"SELECT census_original.education, census_original.workclass, census_original.capital_loss FROM census_original  WHERE census_original.age BETWEEN 19.095 AND 31.505 ORDER BY census_original.capital_loss LIMIT 100;"
2025-07-01T00:00:31.200000,"SELECT census_original.education, census_original.workclass, census_original.capital_loss FROM census_original  WHERE census_original.age BETWEEN 35.085 AND 47.495 ORDER BY census_original.capital_loss LIMIT 100;"
2025-07-01T00:00:31.400000,SELECT census_original.relationship FROM census_original  WHERE census_original.sex != 'NULL' AND census_original.capital_gain > 48.08 ORDER BY census_original.relationship LIMIT 100;
2025-07-01T00:00:31.600000,SELECT census_original.sex FROM census_original  WHERE census_original.hours_per_week > 5.82 AND census_original.race != 'NULL' AND census_original.education_num < 11.82 ORDER BY census_original.sex LIMIT 100;
2025-07-01T00:00:31.800000,"SELECT census_original.age, census_original.workclass, census_original.capital_gain, census_original.education FROM census_original  WHERE census_original.race = 'NULL' ORDER BY census_original.workclass LIMIT 100;"
2025-07-01T00:00:32.000000,SELECT census_original.relationship FROM census_original  WHERE census_original.sex != 'NULL' AND census_original.capital_gain > 18.02 ORDER BY census_original.relationship LIMIT 100;
2025-07-01T00:00:32.200000,SELECT census_original.relationship FROM census_original  WHERE census_original.sex != 'NULL' AND census_original.capital_gain > 47.11 ORDER BY census_original.relationship LIMIT 100;
2025-07-01T00:00:32.400000,SELECT census_original.relationship FROM census_original  WHERE census_original.sex != 'NULL' AND census_original.capital_gain > 94.39 ORDER BY census_original.relationship LIMIT 100;
2025-07-01T00:00:32.600000,"SELECT census_original.education, census_original.workclass, census_original.capital_loss FROM census_original  WHERE census_original.age BETWEEN 27.315 AND 39.725 ORDER BY census_original.capital_loss LIMIT 100;"
2025-07-01T00:00:32.800000,SELECT census_original.relationship FROM census_original  WHERE census_original.sex != 'NULL' AND census_original.capital_gain > 67.61 ORDER BY census_original.relationship LIMIT 100;
2025-07-01T00:00:33.000000,SELECT census_original.workclass FROM census_original  WHERE census_original.education = 'sample' AND census_original.native_country LIKE 'sample' AND census_original.race != 'NULL' AND census_original.education_num < 59.24 ORDER BY census_original.workclass LIMIT 100;
2025-07-01T00:00:33.200000,SELECT census_original.sex FROM census_original  WHERE census_original.hours_per_week > 59.98 AND census_original.race != 'NULL' AND census_original.education_num < 23.9 ORDER BY census_original.sex LIMIT 100;
2025-07-01T00:00:33.400000,"SELECT census_original.education, census_original.workclass, census_original.capital_loss FROM census_original  WHERE census_original.age BETWEEN 66.625 AND 79.035 ORDER BY census_original.capital_loss LIMIT 100;"
2025-07-01T00:00:33.600000,"SELECT census_original.education, census_original.workclass, census_original.capital_loss FROM census_original  WHERE census_original.age BETWEEN 38.555 AND 50.965 ORDER BY census_original.capital_loss LIMIT 100;"
2025-07-01T00:00:33.800000,"SELECT census_original.education, census_original.workclass, census_original.capital_loss FROM census_original  WHERE census_original.age BETWEEN 50.425 AND 62.835 ORDER BY census_original.capital_loss LIMIT 100;"
2025-07-01T00:00:34.000000,SELECT census_original.sex FROM census_original  WHERE census_original.hours_per_week > 55.89 AND census_original.race != 'NULL' AND census_original.education_num < 21.56 ORDER BY census_original.sex LIMIT 100;
2025-07-01T00:00:34.200000,"SELECT census_original.education, census_original.workclass, census_original.capital_loss FROM census_original  WHERE census_original.age BETWEEN 56.165 AND 68.575 ORDER BY census_original.capital_loss LIMIT 100;"
2025-07-01T00:00:34.400000,SELECT census_original.sex FROM census_original  WHERE census_original.hours_per_week > 40.73 AND census_original.race != 'NULL' AND census_original.education_num < 89.67 ORDER BY census_original.sex LIMIT 100;
2025-07-01T00:00:34.600000,"SELECT census_original.education, census_original.workclass, census_original.capital_loss FROM census_original  WHERE census_original.age BETWEEN 30.595 AND 43.005 ORDER BY census_original.capital_loss LIMIT 100;"
2025-07-01T00:00:34.800000,SELECT census_original.relationship FROM census_original  WHERE census_original.sex != 'NULL' AND census_original.capital_gain > 58.11 ORDER BY census_original.relationship LIMIT 100;
2025-07-01T00:00:35.000000,"SELECT census_original.education, census_original.workclass, census_original.capital_loss FROM census_original  WHERE census_original.age BETWEEN 37.465 AND 49.875 ORDER BY census_original.capital_loss LIMIT 100;"
2025-07-01T00:00:35.200000,SELECT census_original.workclass FROM census_original  WHERE census_original.education = 'sample' AND census_original.native_country LIKE 'sample' AND census_original.race != 'NULL' AND census_original.education_num < 11.54 ORDER BY census_original.workclass LIMIT 100;
2025-07-01T00:00:35.400000,"SELECT census_original.age, census_original.workclass, census_original.capital_gain, census_original.education FROM census_original  WHERE census_original.race = 'NULL' ORDER BY census_original.workclass LIMIT 100;"
2025-07-01T00:00:35.600000,SELECT census_original.workclass FROM census_original  WHERE census_original.education = 'sample' AND census_original.native_country LIKE 'sample' AND census_original.race != 'NULL' AND census_original.education_num < 99.91 ORDER BY census_original.workclass LIMIT 100;
2025-07-01T00:00:35.800000,SELECT census_original.sex FROM census_original  WHERE census_original.hours_per_week > 12.05 AND census_original.race != 'NULL' AND census_original.education_num < 39.07 ORDER BY census_original.sex LIMIT 100;
2025-07-01T00:00:36.000000,"SELECT census_original.age, census_original.workclass, census_original.capital_gain, census_original.education FROM census_original  WHERE census_original.race = 'NULL' ORDER BY census_original.workclass LIMIT 100;"
2025-07-01T00:00:36.200000,SELECT census_original.relationship FROM census_original  WHERE census_original.sex != 'NULL' AND census_original.capital_gain > 81.29 ORDER BY census_original.relationship LIMIT 100;
2025-07-01T00:00:36.400000,SELECT census_original.sex FROM census_original  WHERE census_original.hours_per_week > 89.11 AND census_original.race != 'NULL' AND census_original.education_num < 59.79 ORDER BY census_original.sex LIMIT 100;
2025-07-01T00:00:36.600000,SELECT census_original.workclass FROM census_original  WHERE census_original.education = 'sample' AND census_original.native_country LIKE 'sample' AND census_original.race != 'NULL' AND census_original.education_num < 23.33 ORDER BY census_original.workclass LIMIT 100;
2025-07-01T00:00:36.800000,"SELECT census_original.age, census_original.workclass, census_original.capital_gain, census_original.education FROM census_original  WHERE census_original.race = 'NULL' ORDER BY census_original.workclass LIMIT 100;"
2025-07-01T00:00:37.000000,SELECT census_original.sex FROM census_original  WHERE census_original.hours_per_week > 76.7 AND census_original.race != 'NULL' AND census_original.education_num < 76.5 ORDER BY census_original.sex LIMIT 100;
2025-07-01T00:00:37.200000,SELECT census_original.workclass FROM census_original  WHERE census_original.education = 'sample' AND census_original.native_country LIKE 'sample' AND census_original.race != 'NULL' AND census_original.education_num < 61.82 ORDER BY census_original.workclass LIMIT 100;
2025-07-01T00:00:37.400000,SELECT census_original.relationship FROM census_original  WHERE census_original.sex != 'NULL' AND census_original.capital_gain > 55.89 ORDER BY census_original.relationship LIMIT 100;
2025-07-01T00:00:37.600000,SELECT census_original.workclass FROM census_original  WHERE census_original.education = 'sample' AND census_original.native_country LIKE 'sample' AND census_original.race != 'NULL' AND census_original.education_num < 65.97 ORDER BY census_original.workclass LIMIT 100;
2025-07-01T00:00:37.800000,SELECT census_original.workclass FROM census_original  WHERE census_original.education = 'sample' AND census_original.native_country LIKE 'sample' AND census_original.race != 'NULL' AND census_original.education_num < 29.11 ORDER BY census_original.workclass LIMIT 100;
2025-07-01T00:00:38.000000,SELECT census_original.sex FROM census_original  WHERE census_original.hours_per_week > 72.21 AND census_original.race != 'NULL' AND census_original.education_num < 88.87 ORDER BY census_original.sex LIMIT 100;
2025-07-01T00:00:38.200000,SELECT census_original.sex FROM census_original  WHERE census_original.hours_per_week > 25.23 AND census_original.race != 'NULL' AND census_original.education_num < 16.96 ORDER BY census_original.sex LIMIT 100;
2025-07-01T00:00:38.400000,SELECT census_original.workclass FROM census_original  WHERE census_original.education = 'sample' AND census_original.native_country LIKE 'sample' AND census_original.race != 'NULL' AND census_original.education_num < 5.42 ORDER BY census_original.workclass LIMIT 100;
2025-07-01T00:00:38.600000,SELECT census_original.relationship FROM census_original  WHERE census_original.sex != 'NULL' AND census_original.capital_gain > 92.82 ORDER BY census_original.relationship LIMIT 100;
2025-07-01T00:00:38.800000,SELECT census_original.sex FROM census_original  WHERE census_original.hours_per_week > 73.62 AND census_original.race != 'NULL' AND census_original.education_num < 87.96 ORDER BY census_original.sex LIMIT 100;
2025-07-01T00:00:39.000000,"SELECT census_original.age, census_original.workclass, census_original.capital_gain, census_original.education FROM census_original  WHERE census_original.race = 'NULL' ORDER BY census_original.workclass LIMIT 100;"
2025-07-01T00:00:39.200000,SELECT census_original.workclass FROM census_original  WHERE census_original.education = 'sample' AND census_original.native_country LIKE 'sample' AND census_original.race != 'NULL' AND census_original.education_num < 54.41 ORDER BY census_original.workclass LIMIT 100;
2025-07-01T00:00:39.400000,SELECT census_original.sex FROM census_original  WHERE census_original.hours_per_week > 74.43 AND census_original.race != 'NULL' AND census_original.education_num < 73.38 ORDER BY census_original.sex LIMIT 100;
2025-07-01T00:00:39.600000,SELECT census_original.relationship FROM census_original  WHERE census_original.sex != 'NULL' AND census_original.capital_gain > 4.48 ORDER BY census_original.relationship LIMIT 100;
2025-07-01T00:00:39.800000,SELECT census_original.sex FROM census_original  WHERE census_original.hours_per_week > 71.44 AND census_original.race != 'NULL' AND census_original.education_num < 15.89 ORDER BY census_original.sex LIMIT 100;
2025-07-01T00:00:40.000000,SELECT census_original.relationship FROM census_original  WHERE census_original.sex != 'NULL' AND census_original.capital_gain > 39.52 ORDER BY census_original.relationship LIMIT 100;
2025-07-01T00:00:40.200000,"SELECT census_original.age, census_original.workclass, census_original.capital_gain, census_original.education FROM census_original  WHERE census_original.race = 'NULL' ORDER BY census_original.workclass LIMIT 100;"
2025-07-01T00:00:40.400000,SELECT census_original.workclass FROM census_original  WHERE census_original.education = 'sample' AND census_original.native_country LIKE 'sample' AND census_original.race != 'NULL' AND census_original.education_num < 80.3 ORDER BY census_original.workclass LIMIT 100;
2025-07-01T00:00:40.600000,SELECT census_original.workclass FROM census_original  WHERE census_original.education = 'sample' AND census_original.native_country LIKE 'sample' AND census_original.race != 'NULL' AND census_original.education_num < 70.5 ORDER BY census_original.workclass LIMIT 100;
2025-07-01T00:00:40.800000,SELECT census_original.relationship FROM census_original  WHERE census_original.sex != 'NULL' AND census_original.capital_gain > 14.33 ORDER BY census_original.relationship LIMIT 100;
2025-07-01T00:00:41.000000,"SELECT census_original.education, census_original.workclass, census_original.capital_loss FROM census_original  WHERE census_original.age BETWEEN 28.985 AND 41.395 ORDER BY census_original.capital_loss LIMIT 100;"
2025-07-01T00:00:41.200000,SELECT census_original.relationship FROM census_original  WHERE census_original.sex != 'NULL' AND census_original.capital_gain > 66.22 ORDER BY census_original.relationship LIMIT 100;
2025-07-01T00:00:41.400000,SELECT census_original.workclass FROM census_original  WHERE census_original.education = 'sample' AND census_original.native_country LIKE 'sample' AND census_original.race != 'NULL' AND census_original.education_num < 62.42 ORDER BY census_original.workclass LIMIT 100;
2025-07-01T00:00:41.600000,"SELECT census_original.education, census_original.workclass, census_original.capital_loss FROM census_original  WHERE census_original.age BETWEEN 39.285 AND 51.695 ORDER BY census_original.capital_loss LIMIT 100;"
2025-07-01T00:00:41.800000,"SELECT census_original.age, census_original.workclass, census_original.capital_gain, census_original.education FROM census_original  WHERE census_original.race = 'NULL' ORDER BY census_original.workclass LIMIT 100;"
2025-07-01T00:00:42.000000,SELECT census_original.sex FROM census_original  WHERE census_original.hours_per_week > 93.6 AND census_original.race != 'NULL' AND census_original.education_num < 47.3 ORDER BY census_original.sex LIMIT 100;
2025-07-01T00:00:42.200000,SELECT census_original.sex FROM census_original  WHERE census_original.hours_per_week > 2.88 AND census_original.race != 'NULL' AND census_original.education_num < 17.38 ORDER BY census_original.sex LIMIT 100;
2025-07-01T00:00:42.400000,SELECT census_original.relationship FROM census_original  WHERE census_original.sex != 'NULL' AND census_original.capital_gain > 42.34 ORDER BY census_original.relationship LIMIT 100;
2025-07-01T00:00:42.600000,"SELECT census_original.age, census_original.workclass, census_original.capital_gain, census_original.education FROM census_original  WHERE census_original.race = 'NULL' ORDER BY census_original.workclass LIMIT 100;"
2025-07-01T00:00:42.800000,SELECT census_original.sex FROM census_original  WHERE census_original.hours_per_week > 77.46 AND census_original.race != 'NULL' AND census_original.education_num < 21.47 ORDER BY census_original.sex LIMIT 100;
2025-07-01T00:00:43.000000,SELECT census_original.sex FROM census_original  WHERE census_original.hours_per_week > 30.31 AND census_original.race != 'NULL' AND census_original.education_num < 37.75 ORDER BY census_original.sex LIMIT 100;
2025-07-01T00:00:43.200000,SELECT census_original.sex FROM census_original  WHERE census_original.hours_per_week > 45.99 AND census_original.race != 'NULL' AND census_original.education_num < 60.74 ORDER BY census_original.sex LIMIT 100;
2025-07-01T00:00:43.400000,SELECT census_original.relationship FROM census_original  WHERE census_original.sex != 'NULL' AND census_original.capital_gain > 10.37 ORDER BY census_original.relationship LIMIT 100;
2025-07-01T00:00:43.600000,"SELECT census_original.education, census_original.workclass, census_original.capital_loss FROM census_original  WHERE census_original.age BETWEEN 26.385 AND 38.795 ORDER BY census_original.capital_loss LIMIT 100;"
2025-07-01T00:00:43.800000,"SELECT census_original.age, census_original.workclass, census_original.capital_gain, census_original.education FROM census_original  WHERE census_original.race = 'NULL' ORDER BY census_original.workclass LIMIT 100;"
2025-07-01T00:00:44.000000,"SELECT census_original.age, census_original.workclass, census_original.capital_gain, census_original.education FROM census_original  WHERE census_original.race = 'NULL' ORDER BY census_original.workclass LIMIT 100;"
2025-07-01T00:00:44.200000,"SELECT census_original.education, census_original.workclass, census_original.capital_loss FROM census_original  WHERE census_original.age BETWEEN 44.215 AND 56.625 ORDER BY census_original.capital_loss LIMIT 100;"
2025-07-01T00:00:44.400000,SELECT census_original.relationship FROM census_original  WHERE census_original.sex != 'NULL' AND census_original.capital_gain > 20.13 ORDER BY census_original.relationship LIMIT 100;
2025-07-01T00:00:44.600000,"SELECT census_original.education, census_original.workclass, census_original.capital_loss FROM census_original  WHERE census_original.age BETWEEN 19.205 AND 31.615 ORDER BY census_original.capital_loss LIMIT 100;"
2025-07-01T00:00:44.800000,SELECT census_original.workclass FROM census_original  WHERE census_original.education = 'sample' AND census_original.native_country LIKE 'sample' AND census_original.race != 'NULL' AND census_original.education_num < 55.37 ORDER BY census_original.workclass LIMIT 100;
2025-07-01T00:00:45.000000,"SELECT census_original.age, census_original.workclass, census_original.capital_gain, census_original.education FROM census_original  WHERE census_original.race = 'NULL' ORDER BY census_original.workclass LIMIT 100;"
2025-07-01T00:00:45.200000,SELECT census_original.sex FROM census_original  WHERE census_original.hours_per_week > 34.9 AND census_original.race != 'NULL' AND census_original.education_num < 79.65 ORDER BY census_original.sex LIMIT 100;
2025-07-01T00:00:45.400000,SELECT census_original.sex FROM census_original  WHERE census_original.hours_per_week > 69.62 AND census_original.race != 'NULL' AND census_original.education_num < 18.12 ORDER BY census_original.sex LIMIT 100;
2025-07-01T00:00:45.600000,SELECT census_original.sex FROM census_original  WHERE census_original.hours_per_week > 98.48 AND census_original.race != 'NULL' AND census_original.education_num < 36.79 ORDER BY census_original.sex LIMIT 100;
2025-07-01T00:00:45.800000,"SELECT census_original.age, census_original.workclass, census_original.capital_gain, census_original.education FROM census_original  WHERE census_original.race = 'NULL' ORDER BY census_original.workclass LIMIT 100;"
2025-07-01T00:00:46.000000,SELECT census_original.sex FROM census_original  WHERE census_original.hours_per_week > 4.66 AND census_original.race != 'NULL' AND census_original.education_num < 37.9 ORDER BY census_original.sex LIMIT 100;
2025-07-01T00:00:46.200000,"SELECT census_original.education, census_original.workclass, census_original.capital_loss FROM census_original  WHERE census_original.age BETWEEN 37.665 AND 50.075 ORDER BY census_original.capital_loss LIMIT 100;"
2025-07-01T00:00:46.400000,SELECT census_original.workclass FROM census_original  WHERE census_original.education = 'sample' AND census_original.native_country LIKE 'sample' AND census_original.race != 'NULL' AND census_original.education_num < 32.13 ORDER BY census_original.workclass LIMIT 100;
2025-07-01T00:00:46.600000,SELECT census_original.relationship FROM census_original  WHERE census_original.sex != 'NULL' AND census_original.capital_gain > 65.67 ORDER BY census_original.relationship LIMIT 100;
2025-07-01T00:00:46.800000,SELECT census_original.workclass FROM census_original  WHERE census_original.education = 'sample' AND census_original.native_country LIKE 'sample' AND census_original.race != 'NULL' AND census_original.education_num < 99.55 ORDER BY census_original.workclass LIMIT 100;
2025-07-01T00:00:47.000000,SELECT census_original.sex FROM census_original  WHERE census_original.hours_per_week > 97.84 AND census_original.race != 'NULL' AND census_original.education_num < 74.75 ORDER BY census_original.sex LIMIT 100;
2025-07-01T00:00:47.200000,SELECT census_original.workclass FROM census_original  WHERE census_original.education = 'sample' AND census_original.native_country LIKE 'sample' AND census_original.race != 'NULL' AND census_original.education_num < 85.35 ORDER BY census_original.workclass LIMIT 100;
2025-07-01T00:00:47.400000,SELECT census_original.workclass FROM census_original  WHERE census_original.education = 'sample' AND census_original.native_country LIKE 'sample' AND census_original.race != 'NULL' AND census_original.education_num < 74.77 ORDER BY census_original.workclass LIMIT 100;
2025-07-01T00:00:47.600000,SELECT census_original.relationship FROM census_original  WHERE census_original.sex != 'NULL' AND census_original.capital_gain > 17.44 ORDER BY census_original.relationship LIMIT 100;
2025-07-01T00:00:47.800000,"SELECT census_original.age, census_original.workclass, census_original.capital_gain, census_original.education FROM census_original  WHERE census_original.race = 'NULL' ORDER BY census_original.workclass LIMIT 100;"
2025-07-01T00:00:48.000000,SELECT census_original.sex FROM census_original  WHERE census_original.hours_per_week > 29.04 AND census_original.race != 'NULL' AND census_original.education_num < 56.59 ORDER BY census_original.sex LIMIT 100;
2025-07-01T00:00:48.200000,"SELECT census_original.age, census_original.workclass, census_original.capital_gain, census_original.education FROM census_original  WHERE census_original.race = 'NULL' ORDER BY census_original.workclass LIMIT 100;"
2025-07-01T00:00:48.400000,SELECT census_original.workclass FROM census_original  WHERE census_original.education = 'sample' AND census_original.native_country LIKE 'sample' AND census_original.race != 'NULL' AND census_original.education_num < 80.13 ORDER BY census_original.workclass LIMIT 100;
2025-07-01T00:00:48.600000,SELECT census_original.sex FROM census_original  WHERE census_original.hours_per_week > 92.55 AND census_original.race != 'NULL' AND census_original.education_num < 82.44 ORDER BY census_original.sex LIMIT 100;
2025-07-01T00:00:48.800000,SELECT census_original.workclass FROM census_original  WHERE census_original.education = 'sample' AND census_original.native_country LIKE 'sample' AND census_original.race != 'NULL' AND census_original.education_num < 65.27 ORDER BY census_original.workclass LIMIT 100;
2025-07-01T00:00:49.000000,SELECT census_original.workclass FROM census_original  WHERE census_original.education = 'sample' AND census_original.native_country LIKE 'sample' AND census_original.race != 'NULL' AND census_original.education_num < 34.08 ORDER BY census_original.workclass LIMIT 100;
2025-07-01T00:00:49.200000,SELECT census_original.relationship FROM census_original  WHERE census_original.sex != 'NULL' AND census_original.capital_gain > 93.04 ORDER BY census_original.relationship LIMIT 100;
2025-07-01T00:00:49.400000,SELECT census_original.workclass FROM census_original  WHERE census_original.education = 'sample' AND census_original.native_country LIKE 'sample' AND census_original.race != 'NULL' AND census_original.education_num < 52.74 ORDER BY census_original.workclass LIMIT 100;
2025-07-01T00:00:49.600000,SELECT census_original.workclass FROM census_original  WHERE census_original.education = 'sample' AND census_original.native_country LIKE 'sample' AND census_original.race != 'NULL' AND census_original.education_num < 63.45 ORDER BY census_original.workclass LIMIT 100;
2025-07-01T00:00:49.800000,"SELECT census_original.education, census_original.workclass, census_original.capital_loss FROM census_original  WHERE census_original.age BETWEEN 59.235 AND 71.645 ORDER BY census_original.capital_loss LIMIT 100;"
2025-07-01T00:00:50.000000,"SELECT census_original.education, census_original.workclass, census_original.capital_loss FROM census_original  WHERE census_original.age BETWEEN 37.405 AND 49.815 ORDER BY census_original.capital_loss LIMIT 100;"
2025-07-01T00:00:50.200000,SELECT census_original.sex FROM census_original  WHERE census_original.hours_per_week > 5.81 AND census_original.race != 'NULL' AND census_original.education_num < 46.62 ORDER BY census_original.sex LIMIT 100;
2025-07-01T00:00:50.400000,"SELECT census_original.age, census_original.workclass, census_original.capital_gain, census_original.education FROM census_original  WHERE census_original.race = 'NULL' ORDER BY census_original.workclass LIMIT 100;"
2025-07-01T00:00:50.600000,SELECT census_original.relationship FROM census_original  WHERE census_original.sex != 'NULL' AND census_original.capital_gain > 7.27 ORDER BY census_original.relationship LIMIT 100;
2025-07-01T00:00:50.800000,"SELECT census_original.age, census_original.workclass, census_original.capital_gain, census_original.education FROM census_original  WHERE census_original.race = 'NULL' ORDER BY census_original.workclass LIMIT 100;"
2025-07-01T00:00:51.000000,SELECT census_original.sex FROM census_original  WHERE census_original.hours_per_week > 94.06 AND census_original.race != 'NULL' AND census_original.education_num < 88.91 ORDER BY census_original.sex LIMIT 100;
2025-07-01T00:00:51.200000,"SELECT census_original.age, census_original.workclass, census_original.capital_gain, census_original.education FROM census_original  WHERE census_original.race = 'NULL' ORDER BY census_original.workclass LIMIT 100;"
2025-07-01T00:00:51.400000,SELECT census_original.relationship FROM census_original  WHERE census_original.sex != 'NULL' AND census_original.capital_gain > 39.76 ORDER BY census_original.relationship LIMIT 100;
2025-07-01T00:00:51.600000,SELECT census_original.workclass FROM census_original  WHERE census_original.education = 'sample' AND census_original.native_country LIKE 'sample' AND census_original.race != 'NULL' AND census_original.education_num < 89.94 ORDER BY census_original.workclass LIMIT 100;
2025-07-01T00:00:51.800000,SELECT census_original.relationship FROM census_original  WHERE census_original.sex != 'NULL' AND census_original.capital_gain > 91.33 ORDER BY census_original.relationship LIMIT 100;
2025-07-01T00:00:52.000000,"SELECT census_original.education, census_original.workclass, census_original.capital_loss FROM census_original  WHERE census_original.age BETWEEN 53.235 AND 65.645 ORDER BY census_original.capital_loss LIMIT 100;"
2025-07-01T00:00:52.200000,SELECT census_original.relationship FROM census_original  WHERE census_original.sex != 'NULL' AND census_original.capital_gain > 17.18 ORDER BY census_original.relationship LIMIT 100;
2025-07-01T00:00:52.400000,"SELECT census_original.education, census_original.workclass, census_original.capital_loss FROM census_original  WHERE census_original.age BETWEEN 19.765 AND 32.175 ORDER BY census_original.capital_loss LIMIT 100;"
2025-07-01T00:00:52.600000,SELECT census_original.workclass FROM census_original  WHERE census_original.education = 'sample' AND census_original.native_country LIKE 'sample' AND census_original.race != 'NULL' AND census_original.education_num < 39.86 ORDER BY census_original.workclass LIMIT 100;
2025-07-01T00:00:52.800000,SELECT census_original.workclass FROM census_original  WHERE census_original.education = 'sample' AND census_original.native_country LIKE 'sample' AND census_original.race != 'NULL' AND census_original.education_num < 72.06 ORDER BY census_original.workclass LIMIT 100;
2025-07-01T00:00:53.000000,"SELECT census_original.age, census_original.workclass, census_original.capital_gain, census_original.education FROM census_original  WHERE census_original.race = 'NULL' ORDER BY census_original.workclass LIMIT 100;"
2025-07-01T00:00:53.200000,"SELECT census_original.education, census_original.workclass, census_original.capital_loss FROM census_original  WHERE census_original.age BETWEEN 29.235 AND 41.645 ORDER BY census_original.capital_loss LIMIT 100;"
2025-07-01T00:00:53.400000,SELECT census_original.workclass FROM census_original  WHERE census_original.education = 'sample' AND census_original.native_country LIKE 'sample' AND census_original.race != 'NULL' AND census_original.education_num < 20.62 ORDER BY census_original.workclass LIMIT 100;
2025-07-01T00:00:53.600000,SELECT census_original.workclass FROM census_original  WHERE census_original.education = 'sample' AND census_original.native_country LIKE 'sample' AND census_original.race != 'NULL' AND census_original.education_num < 91.82 ORDER BY census_original.workclass LIMIT 100;
2025-07-01T00:00:53.800000,SELECT census_original.relationship FROM census_original  WHERE census_original.sex != 'NULL' AND census_original.capital_gain > 55.02 ORDER BY census_original.relationship LIMIT 100;
2025-07-01T00:00:54.000000,SELECT census_original.workclass FROM census_original  WHERE census_original.education = 'sample' AND census_original.native_country LIKE 'sample' AND census_original.race != 'NULL' AND census_original.education_num < 73.73 ORDER BY census_original.workclass LIMIT 100;
2025-07-01T00:00:54.200000,SELECT census_original.sex FROM census_original  WHERE census_original.hours_per_week > 19.64 AND census_original.race != 'NULL' AND census_original.education_num < 4.1 ORDER BY census_original.sex LIMIT 100;
2025-07-01T00:00:54.400000,"SELECT census_original.age, census_original.workclass, census_original.capital_gain, census_original.education FROM census_original  WHERE census_original.race = 'NULL' ORDER BY census_original.workclass LIMIT 100;"
2025-07-01T00:00:54.600000,SELECT census_original.sex FROM census_original  WHERE census_original.hours_per_week > 14.69 AND census_original.race != 'NULL' AND census_original.education_num < 77.66 ORDER BY census_original.sex LIMIT 100;
2025-07-01T00:00:54.800000,SELECT census_original.sex FROM census_original  WHERE census_original.hours_per_week > 40.02 AND census_original.race != 'NULL' AND census_original.education_num < 42.24 ORDER BY census_original.sex LIMIT 100;
2025-07-01T00:00:55.000000,"SELECT census_original.education, census_original.workclass, census_original.capital_loss FROM census_original  WHERE census_original.age BETWEEN 64.625 AND 77.035 ORDER BY census_original.capital_loss LIMIT 100;"
2025-07-01T00:00:55.200000,SELECT census_original.workclass FROM census_original  WHERE census_original.education = 'sample' AND census_original.native_country LIKE 'sample' AND census_original.race != 'NULL' AND census_original.education_num < 24.84 ORDER BY census_original.workclass LIMIT 100;
2025-07-01T00:00:55.400000,SELECT census_original.sex FROM census_original  WHERE census_original.hours_per_week > 44.4 AND census_original.race != 'NULL' AND census_original.education_num < 48.15 ORDER BY census_original.sex LIMIT 100;
2025-07-01T00:00:55.600000,"SELECT census_original.age, census_original.workclass, census_original.capital_gain, census_original.education FROM census_original  WHERE census_original.race = 'NULL' ORDER BY census_original.workclass LIMIT 100;"
2025-07-01T00:00:55.800000,"SELECT census_original.age, census_original.workclass, census_original.capital_gain, census_original.education FROM census_original  WHERE census_original.race = 'NULL' ORDER BY census_original.workclass LIMIT 100;"
2025-07-01T00:00:56.000000,"SELECT census_original.age, census_original.workclass, census_original.capital_gain, census_original.education FROM census_original  WHERE census_original.race = 'NULL' ORDER BY census_original.workclass LIMIT 100;"
2025-07-01T00:00:56.200000,SELECT census_original.relationship FROM census_original  WHERE census_original.sex != 'NULL' AND census_original.capital_gain > 11.01 ORDER BY census_original.relationship LIMIT 100;
2025-07-01T00:00:56.400000,"SELECT census_original.age, census_original.workclass, census_original.capital_gain, census_original.education FROM census_original  WHERE census_original.race = 'NULL' ORDER BY census_original.workclass LIMIT 100;"
2025-07-01T00:00:56.600000,SELECT census_original.workclass FROM census_original  WHERE census_original.education = 'sample' AND census_original.native_country LIKE 'sample' AND census_original.race != 'NULL' AND census_original.education_num < 48.77 ORDER BY census_original.workclass LIMIT 100;
2025-07-01T00:00:56.800000,SELECT census_original.workclass FROM census_original  WHERE census_original.education = 'sample' AND census_original.native_country LIKE 'sample' AND census_original.race != 'NULL' AND census_original.education_num < 63.37 ORDER BY census_original.workclass LIMIT 100;
2025-07-01T00:00:57.000000,SELECT census_original.sex FROM census_original  WHERE census_original.hours_per_week > 74.49 AND census_original.race != 'NULL' AND census_original.education_num < 59.48 ORDER BY census_original.sex LIMIT 100;
2025-07-01T00:00:57.200000,SELECT census_original.workclass FROM census_original  WHERE census_original.education = 'sample' AND census_original.native_country LIKE 'sample' AND census_original.race != 'NULL' AND census_original.education_num < 57.67 ORDER BY census_original.workclass LIMIT 100;
2025-07-01T00:00:57.400000,"SELECT census_original.education, census_original.workclass, census_original.capital_loss FROM census_original  WHERE census_original.age BETWEEN 17.685 AND 30.095 ORDER BY census_original.capital_loss LIMIT 100;"
2025-07-01T00:00:57.600000,SELECT census_original.workclass FROM census_original  WHERE census_original.education = 'sample' AND census_original.native_country LIKE 'sample' AND census_original.race != 'NULL' AND census_original.education_num < 64.07 ORDER BY census_original.workclass LIMIT 100;
2025-07-01T00:00:57.800000,SELECT census_original.sex FROM census_original  WHERE census_original.hours_per_week > 92.45 AND census_original.race != 'NULL' AND census_original.education_num < 44.36 ORDER BY census_original.sex LIMIT 100;
2025-07-01T00:00:58.000000,"SELECT census_original.age, census_original.workclass, census_original.capital_gain, census_original.education FROM census_original  WHERE census_original.race = 'NULL' ORDER BY census_original.workclass LIMIT 100;"
2025-07-01T00:00:58.200000,SELECT census_original.relationship FROM census_original  WHERE census_original.sex != 'NULL' AND census_original.capital_gain > 45.06 ORDER BY census_original.relationship LIMIT 100;
2025-07-01T00:00:58.400000,"SELECT census_original.education, census_original.workclass, census_original.capital_loss FROM census_original  WHERE census_original.age BETWEEN 38.915 AND 51.325 ORDER BY census_original.capital_loss LIMIT 100;"
2025-07-01T00:00:58.600000,"SELECT census_original.education, census_original.workclass, census_original.capital_loss FROM census_original  WHERE census_original.age BETWEEN 49.665 AND 62.075 ORDER BY census_original.capital_loss LIMIT 100;"
2025-07-01T00:00:58.800000,SELECT census_original.workclass FROM census_original  WHERE census_original.education = 'sample' AND census_original.native_country LIKE 'sample' AND census_original.race != 'NULL' AND census_original.education_num < 83.79 ORDER BY census_original.workclass LIMIT 100;
2025-07-01T00:00:59.000000,"SELECT census_original.age, census_original.workclass, census_original.capital_gain, census_original.education FROM census_original  WHERE census_original.race = 'NULL' ORDER BY census_original.workclass LIMIT 100;"
2025-07-01T00:00:59.200000,"SELECT census_original.education, census_original.workclass, census_original.capital_loss FROM census_original  WHERE census_original.age BETWEEN 12.815 AND 25.225 ORDER BY census_original.capital_loss LIMIT 100;"
2025-07-01T00:00:59.400000,SELECT census_original.relationship FROM census_original  WHERE census_original.sex != 'NULL' AND census_original.capital_gain > 52.67 ORDER BY census_original.relationship LIMIT 100;
2025-07-01T00:00:59.600000,SELECT census_original.sex FROM census_original  WHERE census_original.hours_per_week > 24.78 AND census_original.race != 'NULL' AND census_original.education_num < 64.84 ORDER BY census_original.sex LIMIT 100;
2025-07-01T00:00:59.800000,"SELECT census_original.education, census_original.workclass, census_original.capital_loss FROM census_original  WHERE census_original.age BETWEEN 57.645 AND 70.055 ORDER BY census_original.capital_loss LIMIT 100;"
2025-07-01T00:01:00.000000,SELECT census_original.sex FROM census_original  WHERE census_original.hours_per_week > 82.1 AND census_original.race != 'NULL' AND census_original.education_num < 10.18 ORDER BY census_original.sex LIMIT 100;
2025-07-01T00:01:00.200000,SELECT census_original.sex FROM census_original  WHERE census_original.hours_per_week > 83.79 AND census_original.race != 'NULL' AND census_original.education_num < 2.8 ORDER BY census_original.sex LIMIT 100;
2025-07-01T00:01:00.400000,SELECT census_original.relationship FROM census_original  WHERE census_original.sex != 'NULL' AND census_original.capital_gain > 30.87 ORDER BY census_original.relationship LIMIT 100;
2025-07-01T00:01:00.600000,SELECT census_original.workclass FROM census_original  WHERE census_original.education = 'sample' AND census_original.native_country LIKE 'sample' AND census_original.race != 'NULL' AND census_original.education_num < 65.15 ORDER BY census_original.workclass LIMIT 100;
2025-07-01T00:01:00.800000,"SELECT census_original.age, census_original.workclass, census_original.capital_gain, census_original.education FROM census_original  WHERE census_original.race = 'NULL' ORDER BY census_original.workclass LIMIT 100;"
2025-07-01T00:01:01.000000,SELECT census_original.workclass FROM census_original  WHERE census_original.education = 'sample' AND census_original.native_country LIKE 'sample' AND census_original.race != 'NULL' AND census_original.education_num < 64.0 ORDER BY census_original.workclass LIMIT 100;
2025-07-01T00:01:01.200000,SELECT census_original.sex FROM census_original  WHERE census_original.hours_per_week > 99.94 AND census_original.race != 'NULL' AND census_original.education_num < 52.13 ORDER BY census_original.sex LIMIT 100;
2025-07-01T00:01:01.400000,SELECT census_original.relationship FROM census_original  WHERE census_original.sex != 'NULL' AND census_original.capital_gain > 42.85 ORDER BY census_original.relationship LIMIT 100;
2025-07-01T00:01:01.600000,SELECT census_original.sex FROM census_original  WHERE census_original.hours_per_week > 59.01 AND census_original.race != 'NULL' AND census_original.education_num < 41.59 ORDER BY census_original.sex LIMIT 100;
2025-07-01T00:01:01.800000,"SELECT census_original.education, census_original.workclass, census_original.capital_loss FROM census_original  WHERE census_original.age BETWEEN 40.355 AND 52.765 ORDER BY census_original.capital_loss LIMIT 100;"
2025-07-01T00:01:02.000000,SELECT census_original.relationship FROM census_original  WHERE census_original.sex != 'NULL' AND census_original.capital_gain > 10.58 ORDER BY census_original.relationship LIMIT 100;
2025-07-01T00:01:02.200000,"SELECT census_original.education, census_original.workclass, census_original.capital_loss FROM census_original  WHERE census_original.age BETWEEN 37.225 AND 49.635 ORDER BY census_original.capital_loss LIMIT 100;"
2025-07-01T00:01:02.400000,"SELECT census_original.age, census_original.workclass, census_original.capital_gain, census_original.education FROM census_original  WHERE census_original.race = 'NULL' ORDER BY census_original.workclass LIMIT 100;"
2025-07-01T00:01:02.600000,SELECT census_original.sex FROM census_original  WHERE census_original.hours_per_week > 47.0 AND census_original.race != 'NULL' AND census_original.education_num < 37.42 ORDER BY census_original.sex LIMIT 100;
2025-07-01T00:01:02.800000,SELECT census_original.sex FROM census_original  WHERE census_original.hours_per_week > 99.86 AND census_original.race != 'NULL' AND census_original.education_num < 20.07 ORDER BY census_original.sex LIMIT 100;
2025-07-01T00:01:03.000000,"SELECT census_original.education, census_original.workclass, census_original.capital_loss FROM census_original  WHERE census_original.age BETWEEN 39.955 AND 52.365 ORDER BY census_original.capital_loss LIMIT 100;"
2025-07-01T00:01:03.200000,SELECT census_original.workclass FROM census_original  WHERE census_original.education = 'sample' AND census_original.native_country LIKE 'sample' AND census_original.race != 'NULL' AND census_original.education_num < 93.19 ORDER BY census_original.workclass LIMIT 100;
2025-07-01T00:01:03.400000,"SELECT census_original.education, census_original.workclass, census_original.capital_loss FROM census_original  WHERE census_original.age BETWEEN 28.945 AND 41.355 ORDER BY census_original.capital_loss LIMIT 100;"
2025-07-01T00:01:03.600000,SELECT census_original.relationship FROM census_original  WHERE census_original.sex != 'NULL' AND census_original.capital_gain > 33.74 ORDER BY census_original.relationship LIMIT 100;
2025-07-01T00:01:03.800000,SELECT census_original.workclass FROM census_original  WHERE census_original.education = 'sample' AND census_original.native_country LIKE 'sample' AND census_original.race != 'NULL' AND census_original.education_num < 63.66 ORDER BY census_original.workclass LIMIT 100;
2025-07-01T00:01:04.000000,SELECT census_original.sex FROM census_original  WHERE census_original.hours_per_week > 26.77 AND census_original.race != 'NULL' AND census_original.education_num < 32.93 ORDER BY census_original.sex LIMIT 100;
2025-07-01T00:01:04.200000,"SELECT census_original.education, census_original.workclass, census_original.capital_loss FROM census_original  WHERE census_original.age BETWEEN 20.585 AND 32.995 ORDER BY census_original.capital_loss LIMIT 100;"
2025-07-01T00:01:04.400000,"SELECT census_original.education, census_original.workclass, census_original.capital_loss FROM census_original  WHERE census_original.age BETWEEN 59.095 AND 71.505 ORDER BY census_original.capital_loss LIMIT 100;"
2025-07-01T00:01:04.600000,SELECT census_original.relationship FROM census_original  WHERE census_original.sex != 'NULL' AND census_original.capital_gain > 31.08 ORDER BY census_original.relationship LIMIT 100;
2025-07-01T00:01:04.800000,SELECT census_original.sex FROM census_original  WHERE census_original.hours_per_week > 98.57 AND census_original.race != 'NULL' AND census_original.education_num < 47.03 ORDER BY census_original.sex LIMIT 100;
2025-07-01T00:01:05.000000,"SELECT census_original.education, census_original.workclass, census_original.capital_loss FROM census_original  WHERE census_original.age BETWEEN 43.375 AND 55.785 ORDER BY census_original.capital_loss LIMIT 100;"
2025-07-01T00:01:05.200000,SELECT census_original.workclass FROM census_original  WHERE census_original.education = 'sample' AND census_original.native_country LIKE 'sample' AND census_original.race != 'NULL' AND census_original.education_num < 70.84 ORDER BY census_original.workclass LIMIT 100;
2025-07-01T00:01:05.400000,"SELECT census_original.education, census_original.workclass, census_original.capital_loss FROM census_original  WHERE census_original.age BETWEEN 43.445 AND 55.855 ORDER BY census_original.capital_loss LIMIT 100;"
2025-07-01T00:01:05.600000,SELECT census_original.relationship FROM census_original  WHERE census_original.sex != 'NULL' AND census_original.capital_gain > 66.59 ORDER BY census_original.relationship LIMIT 100;
2025-07-01T00:01:05.800000,SELECT census_original.sex FROM census_original  WHERE census_original.hours_per_week > 1.45 AND census_original.race != 'NULL' AND census_original.education_num < 51.95 ORDER BY census_original.sex LIMIT 100;
2025-07-01T00:01:06.000000,SELECT census_original.sex FROM census_original  WHERE census_original.hours_per_week > 47.04 AND census_original.race != 'NULL' AND census_original.education_num < 40.64 ORDER BY census_original.sex LIMIT 100;
2025-07-01T00:01:06.200000,SELECT census_original.sex FROM census_original  WHERE census_original.hours_per_week > 50.06 AND census_original.race != 'NULL' AND census_original.education_num < 11.96 ORDER BY census_original.sex LIMIT 100;
2025-07-01T00:01:06.400000,SELECT census_original.workclass FROM census_original  WHERE census_original.education = 'sample' AND census_original.native_country LIKE 'sample' AND census_original.race != 'NULL' AND census_original.education_num < 33.51 ORDER BY census_original.workclass LIMIT 100;
2025-07-01T00:01:06.600000,SELECT census_original.workclass FROM census_original  WHERE census_original.education = 'sample' AND census_original.native_country LIKE 'sample' AND census_original.race != 'NULL' AND census_original.education_num < 85.9 ORDER BY census_original.workclass LIMIT 100;
2025-07-01T00:01:06.800000,"SELECT census_original.age, census_original.workclass, census_original.capital_gain, census_original.education FROM census_original  WHERE census_original.race = 'NULL' ORDER BY census_original.workclass LIMIT 100;"
2025-07-01T00:01:07.000000,SELECT census_original.workclass FROM census_original  WHERE census_original.education = 'sample' AND census_original.native_country LIKE 'sample' AND census_original.race != 'NULL' AND census_original.education_num < 79.72 ORDER BY census_original.workclass LIMIT 100;
2025-07-01T00:01:07.200000,SELECT census_original.relationship FROM census_original  WHERE census_original.sex != 'NULL' AND census_original.capital_gain > 67.99 ORDER BY census_original.relationship LIMIT 100;
2025-07-01T00:01:07.400000,SELECT census_original.sex FROM census_original  WHERE census_original.hours_per_week > 42.51 AND census_original.race != 'NULL' AND census_original.education_num < 51.94 ORDER BY census_original.sex LIMIT 100;
2025-07-01T00:01:07.600000,SELECT census_original.relationship FROM census_original  WHERE census_original.sex != 'NULL' AND census_original.capital_gain > 84.37 ORDER BY census_original.relationship LIMIT 100;
2025-07-01T00:01:07.800000,SELECT census_original.relationship FROM census_original  WHERE census_original.sex != 'NULL' AND census_original.capital_gain > 74.6 ORDER BY census_original.relationship LIMIT 100;
2025-07-01T00:01:08.000000,SELECT census_original.workclass FROM census_original  WHERE census_original.education = 'sample' AND census_original.native_country LIKE 'sample' AND census_original.race != 'NULL' AND census_original.education_num < 24.02 ORDER BY census_original.workclass LIMIT 100;
2025-07-01T00:01:08.200000,SELECT census_original.relationship FROM census_original  WHERE census_original.sex != 'NULL' AND census_original.capital_gain > 31.75 ORDER BY census_original.relationship LIMIT 100;
2025-07-01T00:01:08.400000,SELECT census_original.workclass FROM census_original  WHERE census_original.education = 'sample' AND census_original.native_country LIKE 'sample' AND census_original.race != 'NULL' AND census_original.education_num < 4.58 ORDER BY census_original.workclass LIMIT 100;
2025-07-01T00:01:08.600000,"SELECT census_original.age, census_original.workclass, census_original.capital_gain, census_original.education FROM census_original  WHERE census_original.race = 'NULL' ORDER BY census_original.workclass LIMIT 100;"
2025-07-01T00:01:08.800000,"SELECT census_original.education, census_original.workclass, census_original.capital_loss FROM census_original  WHERE census_original.age BETWEEN 20.535 AND 32.945 ORDER BY census_original.capital_loss LIMIT 100;"
2025-07-01T00:01:09.000000,"SELECT census_original.education, census_original.workclass, census_original.capital_loss FROM census_original  WHERE census_original.age BETWEEN 45.495 AND 57.905 ORDER BY census_original.capital_loss LIMIT 100;"
2025-07-01T00:01:09.200000,SELECT census_original.sex FROM census_original  WHERE census_original.hours_per_week > 30.18 AND census_original.race != 'NULL' AND census_original.education_num < 66.7 ORDER BY census_original.sex LIMIT 100;
2025-07-01T00:01:09.400000,SELECT census_original.relationship FROM census_original  WHERE census_original.sex != 'NULL' AND census_original.capital_gain > 61.44 ORDER BY census_original.relationship LIMIT 100;
2025-07-01T00:01:09.600000,"SELECT census_original.age, census_original.workclass, census_original.capital_gain, census_original.education FROM census_original  WHERE census_original.race = 'NULL' ORDER BY census_original.workclass LIMIT 100;"
2025-07-01T00:01:09.800000,SELECT census_original.workclass FROM census_original  WHERE census_original.education = 'sample' AND census_original.native_country LIKE 'sample' AND census_original.race != 'NULL' AND census_original.education_num < 19.17 ORDER BY census_original.workclass LIMIT 100;
2025-07-01T00:01:10.000000,SELECT census_original.workclass FROM census_original  WHERE census_original.education = 'sample' AND census_original.native_country LIKE 'sample' AND census_original.race != 'NULL' AND census_original.education_num < 88.53 ORDER BY census_original.workclass LIMIT 100;
2025-07-01T00:01:10.200000,SELECT census_original.workclass FROM census_original  WHERE census_original.education = 'sample' AND census_original.native_country LIKE 'sample' AND census_original.race != 'NULL' AND census_original.education_num < 46.4 ORDER BY census_original.workclass LIMIT 100;
2025-07-01T00:01:10.400000,SELECT census_original.relationship FROM census_original  WHERE census_original.sex != 'NULL' AND census_original.capital_gain > 89.56 ORDER BY census_original.relationship LIMIT 100;
2025-07-01T00:01:10.600000,SELECT census_original.relationship FROM census_original  WHERE census_original.sex != 'NULL' AND census_original.capital_gain > 16.42 ORDER BY census_original.relationship LIMIT 100;
2025-07-01T00:01:10.800000,SELECT census_original.workclass FROM census_original  WHERE census_original.education = 'sample' AND census_original.native_country LIKE 'sample' AND census_original.race != 'NULL' AND census_original.education_num < 19.97 ORDER BY census_original.workclass LIMIT 100;
2025-07-01T00:01:11.000000,"SELECT census_original.education, census_original.workclass, census_original.capital_loss FROM census_original  WHERE census_original.age BETWEEN 24.725 AND 37.135 ORDER BY census_original.capital_loss LIMIT 100;"
2025-07-01T00:01:11.200000,SELECT census_original.workclass FROM census_original  WHERE census_original.education = 'sample' AND census_original.native_country LIKE 'sample' AND census_original.race != 'NULL' AND census_original.education_num < 45.37 ORDER BY census_original.workclass LIMIT 100;
2025-07-01T00:01:11.400000,SELECT census_original.workclass FROM census_original  WHERE census_original.education = 'sample' AND census_original.native_country LIKE 'sample' AND census_original.race != 'NULL' AND census_original.education_num < 49.92 ORDER BY census_original.workclass LIMIT 100;
2025-07-01T00:01:11.600000,SELECT census_original.relationship FROM census_original  WHERE census_original.sex != 'NULL' AND census_original.capital_gain > 94.62 ORDER BY census_original.relationship LIMIT 100;
2025-07-01T00:01:11.800000,SELECT census_original.sex FROM census_original  WHERE census_original.hours_per_week > 42.25 AND census_original.race != 'NULL' AND census_original.education_num < 32.83 ORDER BY census_original.sex LIMIT 100;
2025-07-01T00:01:12.000000,SELECT census_original.relationship FROM census_original  WHERE census_original.sex != 'NULL' AND census_original.capital_gain > 23.57 ORDER BY census_original.relationship LIMIT 100;
2025-07-01T00:01:12.200000,SELECT census_original.workclass FROM census_original  WHERE census_original.education = 'sample' AND census_original.native_country LIKE 'sample' AND census_original.race != 'NULL' AND census_original.education_num < 30.24 ORDER BY census_original.workclass LIMIT 100;
2025-07-01T00:01:12.400000,"SELECT census_original.education, census_original.workclass, census_original.capital_loss FROM census_original  WHERE census_original.age BETWEEN 13.005 AND 25.415 ORDER BY census_original.capital_loss LIMIT 100;"
2025-07-01T00:01:12.600000,"SELECT census_original.age, census_original.workclass, census_original.capital_gain, census_original.education FROM census_original  WHERE census_original.race = 'NULL' ORDER BY census_original.workclass LIMIT 100;"
2025-07-01T00:01:12.800000,SELECT census_original.workclass FROM census_original  WHERE census_original.education = 'sample' AND census_original.native_country LIKE 'sample' AND census_original.race != 'NULL' AND census_original.education_num < 84.07 ORDER BY census_original.workclass LIMIT 100;
2025-07-01T00:01:13.000000,SELECT census_original.workclass FROM census_original  WHERE census_original.education = 'sample' AND census_original.native_country LIKE 'sample' AND census_original.race != 'NULL' AND census_original.education_num < 84.36 ORDER BY census_original.workclass LIMIT 100;
2025-07-01T00:01:13.200000,SELECT census_original.sex FROM census_original  WHERE census_original.hours_per_week > 1.16 AND census_original.race != 'NULL' AND census_original.education_num < 12.09 ORDER BY census_original.sex LIMIT 100;
2025-07-01T00:01:13.400000,"SELECT census_original.age, census_original.workclass, census_original.capital_gain, census_original.education FROM census_original  WHERE census_original.race = 'NULL' ORDER BY census_original.workclass LIMIT 100;"
2025-07-01T00:01:13.600000,SELECT census_original.workclass FROM census_original  WHERE census_original.education = 'sample' AND census_original.native_country LIKE 'sample' AND census_original.race != 'NULL' AND census_original.education_num < 10.41 ORDER BY census_original.workclass LIMIT 100;
2025-07-01T00:01:13.800000,SELECT census_original.relationship FROM census_original  WHERE census_original.sex != 'NULL' AND census_original.capital_gain > 13.68 ORDER BY census_original.relationship LIMIT 100;
2025-07-01T00:01:14.000000,SELECT census_original.workclass FROM census_original  WHERE census_original.education = 'sample' AND census_original.native_country LIKE 'sample' AND census_original.race != 'NULL' AND census_original.education_num < 93.66 ORDER BY census_original.workclass LIMIT 100;
2025-07-01T00:01:14.200000,"SELECT census_original.age, census_original.workclass, census_original.capital_gain, census_original.education FROM census_original  WHERE census_original.race = 'NULL' ORDER BY census_original.workclass LIMIT 100;"
2025-07-01T00:01:14.400000,SELECT census_original.workclass FROM census_original  WHERE census_original.education = 'sample' AND census_original.native_country LIKE 'sample' AND census_original.race != 'NULL' AND census_original.education_num < 5.19 ORDER BY census_original.workclass LIMIT 100;
2025-07-01T00:01:14.600000,SELECT census_original.relationship FROM census_original  WHERE census_original.sex != 'NULL' AND census_original.capital_gain > 36.8 ORDER BY census_original.relationship LIMIT 100;
2025-07-01T00:01:14.800000,SELECT census_original.workclass FROM census_original  WHERE census_original.education = 'sample' AND census_original.native_country LIKE 'sample' AND census_original.race != 'NULL' AND census_original.education_num < 24.62 ORDER BY census_original.workclass LIMIT 100;
2025-07-01T00:01:15.000000,SELECT census_original.relationship FROM census_original  WHERE census_original.sex != 'NULL' AND census_original.capital_gain > 57.18 ORDER BY census_original.relationship LIMIT 100;
2025-07-01T00:01:15.200000,SELECT census_original.relationship FROM census_original  WHERE census_original.sex != 'NULL' AND census_original.capital_gain > 37.93 ORDER BY census_original.relationship LIMIT 100;
2025-07-01T00:01:15.400000,SELECT census_original.relationship FROM census_original  WHERE census_original.sex != 'NULL' AND census_original.capital_gain > 27.8 ORDER BY census_original.relationship LIMIT 100;
2025-07-01T00:01:15.600000,"SELECT census_original.education, census_original.workclass, census_original.capital_loss FROM census_original  WHERE census_original.age BETWEEN 25.055 AND 37.465 ORDER BY census_original.capital_loss LIMIT 100;"
2025-07-01T00:01:15.800000,SELECT census_original.sex FROM census_original  WHERE census_original.hours_per_week > 77.96 AND census_original.race != 'NULL' AND census_original.education_num < 49.48 ORDER BY census_original.sex LIMIT 100;
2025-07-01T00:01:16.000000,"SELECT census_original.education, census_original.workclass, census_original.capital_loss FROM census_original  WHERE census_original.age BETWEEN 67.125 AND 79.535 ORDER BY census_original.capital_loss LIMIT 100;"
2025-07-01T00:01:16.200000,SELECT census_original.relationship FROM census_original  WHERE census_original.sex != 'NULL' AND census_original.capital_gain > 50.27 ORDER BY census_original.relationship LIMIT 100;
2025-07-01T00:01:16.400000,SELECT census_original.relationship FROM census_original  WHERE census_original.sex != 'NULL' AND census_original.capital_gain > 71.34 ORDER BY census_original.relationship LIMIT 100;
2025-07-01T00:01:16.600000,"SELECT census_original.age, census_original.workclass, census_original.capital_gain, census_original.education FROM census_original  WHERE census_original.race = 'NULL' ORDER BY census_original.workclass LIMIT 100;"
2025-07-01T00:01:16.800000,SELECT census_original.relationship FROM census_original  WHERE census_original.sex != 'NULL' AND census_original.capital_gain > 38.69 ORDER BY census_original.relationship LIMIT 100;
2025-07-01T00:01:17.000000,SELECT census_original.sex FROM census_original  WHERE census_original.hours_per_week > 17.12 AND census_original.race != 'NULL' AND census_original.education_num < 68.77 ORDER BY census_original.sex LIMIT 100;
2025-07-01T00:01:17.200000,"SELECT census_original.age, census_original.workclass, census_original.capital_gain, census_original.education FROM census_original  WHERE census_original.race = 'NULL' ORDER BY census_original.workclass LIMIT 100;"
2025-07-01T00:01:17.400000,SELECT census_original.workclass FROM census_original  WHERE census_original.education = 'sample' AND census_original.native_country LIKE 'sample' AND census_original.race != 'NULL' AND census_original.education_num < 65.36 ORDER BY census_original.workclass LIMIT 100;
2025-07-01T00:01:17.600000,SELECT census_original.sex FROM census_original  WHERE census_original.hours_per_week > 22.7 AND census_original.race != 'NULL' AND census_original.education_num < 21.63 ORDER BY census_original.sex LIMIT 100;
2025-07-01T00:01:17.800000,SELECT census_original.workclass FROM census_original  WHERE census_original.education = 'sample' AND census_original.native_country LIKE 'sample' AND census_original.race != 'NULL' AND census_original.education_num < 77.09 ORDER BY census_original.workclass LIMIT 100;
2025-07-01T00:01:18.000000,SELECT census_original.relationship FROM census_original  WHERE census_original.sex != 'NULL' AND census_original.capital_gain > 82.16 ORDER BY census_original.relationship LIMIT 100;
2025-07-01T00:01:18.200000,SELECT census_original.relationship FROM census_original  WHERE census_original.sex != 'NULL' AND census_original.capital_gain > 43.47 ORDER BY census_original.relationship LIMIT 100;
2025-07-01T00:01:18.400000,"SELECT census_original.age, census_original.workclass, census_original.capital_gain, census_original.education FROM census_original  WHERE census_original.race = 'NULL' ORDER BY census_original.workclass LIMIT 100;"
2025-07-01T00:01:18.600000,"SELECT census_original.age, census_original.workclass, census_original.capital_gain, census_original.education FROM census_original  WHERE census_original.race = 'NULL' ORDER BY census_original.workclass LIMIT 100;"
2025-07-01T00:01:18.800000,"SELECT census_original.education, census_original.workclass, census_original.capital_loss FROM census_original  WHERE census_original.age BETWEEN 28.375 AND 40.785 ORDER BY census_original.capital_loss LIMIT 100;"
2025-07-01T00:01:19.000000,"SELECT census_original.education, census_original.workclass, census_original.capital_loss FROM census_original  WHERE census_original.age BETWEEN 36.595 AND 49.005 ORDER BY census_original.capital_loss LIMIT 100;"
2025-07-01T00:01:19.200000,"SELECT census_original.age, census_original.workclass, census_original.capital_gain, census_original.education FROM census_original  WHERE census_original.race = 'NULL' ORDER BY census_original.workclass LIMIT 100;"
2025-07-01T00:01:19.400000,"SELECT census_original.age, census_original.workclass, census_original.capital_gain, census_original.education FROM census_original  WHERE census_original.race = 'NULL' ORDER BY census_original.workclass LIMIT 100;"
2025-07-01T00:01:19.600000,SELECT census_original.relationship FROM census_original  WHERE census_original.sex != 'NULL' AND census_original.capital_gain > 37.63 ORDER BY census_original.relationship LIMIT 100;
2025-07-01T00:01:19.800000,SELECT census_original.sex FROM census_original  WHERE census_original.hours_per_week > 14.55 AND census_original.race != 'NULL' AND census_original.education_num < 57.91 ORDER BY census_original.sex LIMIT 100;
2025-07-01T00:01:20.000000,SELECT census_original.sex FROM census_original  WHERE census_original.hours_per_week > 51.31 AND census_original.race != 'NULL' AND census_original.education_num < 49.46 ORDER BY census_original.sex LIMIT 100;
2025-07-01T00:01:20.200000,SELECT census_original.relationship FROM census_original  WHERE census_original.sex != 'NULL' AND census_original.capital_gain > 56.85 ORDER BY census_original.relationship LIMIT 100;
2025-07-01T00:01:20.400000,"SELECT census_original.education, census_original.workclass, census_original.capital_loss FROM census_original  WHERE census_original.age BETWEEN 67.635 AND 80.045 ORDER BY census_original.capital_loss LIMIT 100;"
2025-07-01T00:01:20.600000,"SELECT census_original.age, census_original.workclass, census_original.capital_gain, census_original.education FROM census_original  WHERE census_original.race = 'NULL' ORDER BY census_original.workclass LIMIT 100;"
2025-07-01T00:01:20.800000,SELECT census_original.workclass FROM census_original  WHERE census_original.education = 'sample' AND census_original.native_country LIKE 'sample' AND census_original.race != 'NULL' AND census_original.education_num < 27.81 ORDER BY census_original.workclass LIMIT 100;
2025-07-01T00:01:21.000000,"SELECT census_original.age, census_original.workclass, census_original.capital_gain, census_original.education FROM census_original  WHERE census_original.race = 'NULL' ORDER BY census_original.workclass LIMIT 100;"
2025-07-01T00:01:21.200000,"SELECT census_original.education, census_original.workclass, census_original.capital_loss FROM census_original  WHERE census_original.age BETWEEN 38.785 AND 51.195 ORDER BY census_original.capital_loss LIMIT 100;"
2025-07-01T00:01:21.400000,SELECT census_original.relationship FROM census_original  WHERE census_original.sex != 'NULL' AND census_original.capital_gain > 88.0 ORDER BY census_original.relationship LIMIT 100;
2025-07-01T00:01:21.600000,SELECT census_original.workclass FROM census_original  WHERE census_original.education = 'sample' AND census_original.native_country LIKE 'sample' AND census_original.race != 'NULL' AND census_original.education_num < 32.13 ORDER BY census_original.workclass LIMIT 100;
2025-07-01T00:01:21.800000,"SELECT census_original.education, census_original.workclass, census_original.capital_loss FROM census_original  WHERE census_original.age BETWEEN 45.675 AND 58.085 ORDER BY census_original.capital_loss LIMIT 100;"
2025-07-01T00:01:22.000000,SELECT census_original.workclass FROM census_original  WHERE census_original.education = 'sample' AND census_original.native_country LIKE 'sample' AND census_original.race != 'NULL' AND census_original.education_num < 16.21 ORDER BY census_original.workclass LIMIT 100;
2025-07-01T00:01:22.200000,"SELECT census_original.education, census_original.workclass, census_original.capital_loss FROM census_original  WHERE census_original.age BETWEEN 21.175 AND 33.585 ORDER BY census_original.capital_loss LIMIT 100;"
2025-07-01T00:01:22.400000,SELECT census_original.workclass FROM census_original  WHERE census_original.education = 'sample' AND census_original.native_country LIKE 'sample' AND census_original.race != 'NULL' AND census_original.education_num < 43.94 ORDER BY census_original.workclass LIMIT 100;
2025-07-01T00:01:22.600000,"SELECT census_original.age, census_original.workclass, census_original.capital_gain, census_original.education FROM census_original  WHERE census_original.race = 'NULL' ORDER BY census_original.workclass LIMIT 100;"
2025-07-01T00:01:22.800000,SELECT census_original.workclass FROM census_original  WHERE census_original.education = 'sample' AND census_original.native_country LIKE 'sample' AND census_original.race != 'NULL' AND census_original.education_num < 24.05 ORDER BY census_original.workclass LIMIT 100;
2025-07-01T00:01:23.000000,SELECT census_original.sex FROM census_original  WHERE census_original.hours_per_week > 75.25 AND census_original.race != 'NULL' AND census_original.education_num < 35.3 ORDER BY census_original.sex LIMIT 100;
2025-07-01T00:01:23.200000,"SELECT census_original.education, census_original.workclass, census_original.capital_loss FROM census_original  WHERE census_original.age BETWEEN 22.595 AND 35.005 ORDER BY census_original.capital_loss LIMIT 100;"
2025-07-01T00:01:23.400000,"SELECT census_original.education, census_original.workclass, census_original.capital_loss FROM census_original  WHERE census_original.age BETWEEN 36.685 AND 49.095 ORDER BY census_original.capital_loss LIMIT 100;"
2025-07-01T00:01:23.600000,"SELECT census_original.age, census_original.workclass, census_original.capital_gain, census_original.education FROM census_original  WHERE census_original.race = 'NULL' ORDER BY census_original.workclass LIMIT 100;"
2025-07-01T00:01:23.800000,SELECT census_original.relationship FROM census_original  WHERE census_original.sex != 'NULL' AND census_original.capital_gain > 83.64 ORDER BY census_original.relationship LIMIT 100;
2025-07-01T00:01:24.000000,"SELECT census_original.age, census_original.workclass, census_original.capital_gain, census_original.education FROM census_original  WHERE census_original.race = 'NULL' ORDER BY census_original.workclass LIMIT 100;"
2025-07-01T00:01:24.200000,"SELECT census_original.education, census_original.workclass, census_original.capital_loss FROM census_original  WHERE census_original.age BETWEEN 16.795 AND 29.205 ORDER BY census_original.capital_loss LIMIT 100;"
2025-07-01T00:01:24.400000,SELECT census_original.workclass FROM census_original  WHERE census_original.education = 'sample' AND census_original.native_country LIKE 'sample' AND census_original.race != 'NULL' AND census_original.education_num < 28.52 ORDER BY census_original.workclass LIMIT 100;
2025-07-01T00:01:24.600000,SELECT census_original.sex FROM census_original  WHERE census_original.hours_per_week > 6.99 AND census_original.race != 'NULL' AND census_original.education_num < 70.12 ORDER BY census_original.sex LIMIT 100;
2025-07-01T00:01:24.800000,SELECT census_original.workclass FROM census_original  WHERE census_original.education = 'sample' AND census_original.native_country LIKE 'sample' AND census_original.race != 'NULL' AND census_original.education_num < 77.44 ORDER BY census_original.workclass LIMIT 100;
2025-07-01T00:01:25.000000,"SELECT census_original.education, census_original.workclass, census_original.capital_loss FROM census_original  WHERE census_original.age BETWEEN 45.765 AND 58.175 ORDER BY census_original.capital_loss LIMIT 100;"
2025-07-01T00:01:25.200000,SELECT census_original.sex FROM census_original  WHERE census_original.hours_per_week > 34.85 AND census_original.race != 'NULL' AND census_original.education_num < 72.05 ORDER BY census_original.sex LIMIT 100;
2025-07-01T00:01:25.400000,"SELECT census_original.education, census_original.workclass, census_original.capital_loss FROM census_original  WHERE census_original.age BETWEEN 57.215 AND 69.625 ORDER BY census_original.capital_loss LIMIT 100;"
2025-07-01T00:01:25.600000,SELECT census_original.sex FROM census_original  WHERE census_original.hours_per_week > 53.66 AND census_original.race != 'NULL' AND census_original.education_num < 19.54 ORDER BY census_original.sex LIMIT 100;
2025-07-01T00:01:25.800000,"SELECT census_original.age, census_original.workclass, census_original.capital_gain, census_original.education FROM census_original  WHERE census_original.race = 'NULL' ORDER BY census_original.workclass LIMIT 100;"
2025-07-01T00:01:26.000000,"SELECT census_original.age, census_original.workclass, census_original.capital_gain, census_original.education FROM census_original  WHERE census_original.race = 'NULL' ORDER BY census_original.workclass LIMIT 100;"
2025-07-01T00:01:26.200000,SELECT census_original.relationship FROM census_original  WHERE census_original.sex != 'NULL' AND census_original.capital_gain > 83.03 ORDER BY census_original.relationship LIMIT 100;
2025-07-01T00:01:26.400000,"SELECT census_original.age, census_original.workclass, census_original.capital_gain, census_original.education FROM census_original  WHERE census_original.race = 'NULL' ORDER BY census_original.workclass LIMIT 100;"
2025-07-01T00:01:26.600000,SELECT census_original.sex FROM census_original  WHERE census_original.hours_per_week > 22.0 AND census_original.race != 'NULL' AND census_original.education_num < 47.51 ORDER BY census_original.sex LIMIT 100;
2025-07-01T00:01:26.800000,"SELECT census_original.education, census_original.workclass, census_original.capital_loss FROM census_original  WHERE census_original.age BETWEEN 13.025 AND 25.435 ORDER BY census_original.capital_loss LIMIT 100;"
2025-07-01T00:01:27.000000,"SELECT census_original.age, census_original.workclass, census_original.capital_gain, census_original.education FROM census_original  WHERE census_original.race = 'NULL' ORDER BY census_original.workclass LIMIT 100;"
2025-07-01T00:01:27.200000,SELECT census_original.relationship FROM census_original  WHERE census_original.sex != 'NULL' AND census_original.capital_gain > 43.72 ORDER BY census_original.relationship LIMIT 100;
2025-07-01T00:01:27.400000,SELECT census_original.sex FROM census_original  WHERE census_original.hours_per_week > 25.99 AND census_original.race != 'NULL' AND census_original.education_num < 30.18 ORDER BY census_original.sex LIMIT 100;
2025-07-01T00:01:27.600000,SELECT census_original.relationship FROM census_original  WHERE census_original.sex != 'NULL' AND census_original.capital_gain > 93.62 ORDER BY census_original.relationship LIMIT 100;
2025-07-01T00:01:27.800000,"SELECT census_original.age, census_original.workclass, census_original.capital_gain, census_original.education FROM census_original  WHERE census_original.race = 'NULL' ORDER BY census_original.workclass LIMIT 100;"
2025-07-01T00:01:28.000000,"SELECT census_original.education, census_original.workclass, census_original.capital_loss FROM census_original  WHERE census_original.age BETWEEN 49.895 AND 62.305 ORDER BY census_original.capital_loss LIMIT 100;"
2025-07-01T00:01:28.200000,SELECT census_original.relationship FROM census_original  WHERE census_original.sex != 'NULL' AND census_original.capital_gain > 89.78 ORDER BY census_original.relationship LIMIT 100;
2025-07-01T00:01:28.400000,"SELECT census_original.education, census_original.workclass, census_original.capital_loss FROM census_original  WHERE census_original.age BETWEEN 19.765 AND 32.175 ORDER BY census_original.capital_loss LIMIT 100;"
2025-07-01T00:01:28.600000,SELECT census_original.relationship FROM census_original  WHERE census_original.sex != 'NULL' AND census_original.capital_gain > 46.18 ORDER BY census_original.relationship LIMIT 100;
2025-07-01T00:01:28.800000,"SELECT census_original.education, census_original.workclass, census_original.capital_loss FROM census_original  WHERE census_original.age BETWEEN 60.625 AND 73.035 ORDER BY census_original.capital_loss LIMIT 100;"
2025-07-01T00:01:29.000000,SELECT census_original.relationship FROM census_original  WHERE census_original.sex != 'NULL' AND census_original.capital_gain > 60.14 ORDER BY census_original.relationship LIMIT 100;
2025-07-01T00:01:29.200000,"SELECT census_original.education, census_original.workclass, census_original.capital_loss FROM census_original  WHERE census_original.age BETWEEN 18.735 AND 31.145 ORDER BY census_original.capital_loss LIMIT 100;"
2025-07-01T00:01:29.400000,SELECT census_original.workclass FROM census_original  WHERE census_original.education = 'sample' AND census_original.native_country LIKE 'sample' AND census_original.race != 'NULL' AND census_original.education_num < 31.79 ORDER BY census_original.workclass LIMIT 100;
2025-07-01T00:01:29.600000,SELECT census_original.sex FROM census_original  WHERE census_original.hours_per_week > 44.56 AND census_original.race != 'NULL' AND census_original.education_num < 13.45 ORDER BY census_original.sex LIMIT 100;
2025-07-01T00:01:29.800000,SELECT census_original.workclass FROM census_original  WHERE census_original.education = 'sample' AND census_original.native_country LIKE 'sample' AND census_original.race != 'NULL' AND census_original.education_num < 46.4 ORDER BY census_original.workclass LIMIT 100;
2025-07-01T00:01:30.000000,"SELECT census_original.education, census_original.workclass, census_original.capital_loss FROM census_original  WHERE census_original.age BETWEEN 55.605 AND 68.015 ORDER BY census_original.capital_loss LIMIT 100;"
2025-07-01T00:01:30.200000,SELECT census_original.sex FROM census_original  WHERE census_original.hours_per_week > 7.14 AND census_original.race != 'NULL' AND census_original.education_num < 46.37 ORDER BY census_original.sex LIMIT 100;
2025-07-01T00:01:30.400000,SELECT census_original.relationship FROM census_original  WHERE census_original.sex != 'NULL' AND census_original.capital_gain > 38.45 ORDER BY census_original.relationship LIMIT 100;
2025-07-01T00:01:30.600000,SELECT census_original.sex FROM census_original  WHERE census_original.hours_per_week > 77.96 AND census_original.race != 'NULL' AND census_original.education_num < 52.25 ORDER BY census_original.sex LIMIT 100;
2025-07-01T00:01:30.800000,SELECT census_original.relationship FROM census_original  WHERE census_original.sex != 'NULL' AND census_original.capital_gain > 11.63 ORDER BY census_original.relationship LIMIT 100;
2025-07-01T00:01:31.000000,SELECT census_original.sex FROM census_original  WHERE census_original.hours_per_week > 91.12 AND census_original.race != 'NULL' AND census_original.education_num < 21.05 ORDER BY census_original.sex LIMIT 100;
2025-07-01T00:01:31.200000,SELECT census_original.sex FROM census_original  WHERE census_original.hours_per_week > 18.36 AND census_original.race != 'NULL' AND census_original.education_num < 82.49 ORDER BY census_original.sex LIMIT 100;
2025-07-01T00:01:31.400000,SELECT census_original.workclass FROM census_original  WHERE census_original.education = 'sample' AND census_original.native_country LIKE 'sample' AND census_original.race != 'NULL' AND census_original.education_num < 80.63 ORDER BY census_original.workclass LIMIT 100;
2025-07-01T00:01:31.600000,"SELECT census_original.education, census_original.workclass, census_original.capital_loss FROM census_original  WHERE census_original.age BETWEEN 44.015 AND 56.425 ORDER BY census_original.capital_loss LIMIT 100;"
2025-07-01T00:01:31.800000,SELECT census_original.sex FROM census_original  WHERE census_original.hours_per_week > 14.66 AND census_original.race != 'NULL' AND census_original.education_num < 79.28 ORDER BY census_original.sex LIMIT 100;
2025-07-01T00:01:32.000000,"SELECT census_original.age, census_original.workclass, census_original.capital_gain, census_original.education FROM census_original  WHERE census_original.race = 'NULL' ORDER BY census_original.workclass LIMIT 100;"
2025-07-01T00:01:32.200000,SELECT census_original.workclass FROM census_original  WHERE census_original.education = 'sample' AND census_original.native_country LIKE 'sample' AND census_original.race != 'NULL' AND census_original.education_num < 31.45 ORDER BY census_original.workclass LIMIT 100;
2025-07-01T00:01:32.400000,SELECT census_original.workclass FROM census_original  WHERE census_original.education = 'sample' AND census_original.native_country LIKE 'sample' AND census_original.race != 'NULL' AND census_original.education_num < 98.92 ORDER BY census_original.workclass LIMIT 100;
2025-07-01T00:01:32.600000,SELECT census_original.sex FROM census_original  WHERE census_original.hours_per_week > 26.07 AND census_original.race != 'NULL' AND census_original.education_num < 3.98 ORDER BY census_original.sex LIMIT 100;
2025-07-01T00:01:32.800000,"SELECT census_original.education, census_original.workclass, census_original.capital_loss FROM census_original  WHERE census_original.age BETWEEN 29.125 AND 41.535 ORDER BY census_original.capital_loss LIMIT 100;"
2025-07-01T00:01:33.000000,SELECT census_original.workclass FROM census_original  WHERE census_original.education = 'sample' AND census_original.native_country LIKE 'sample' AND census_original.race != 'NULL' AND census_original.education_num < 70.6 ORDER BY census_original.workclass LIMIT 100;
2025-07-01T00:01:33.200000,SELECT census_original.sex FROM census_original  WHERE census_original.hours_per_week > 28.21 AND census_original.race != 'NULL' AND census_original.education_num < 88.77 ORDER BY census_original.sex LIMIT 100;
2025-07-01T00:01:33.400000,SELECT census_original.relationship FROM census_original  WHERE census_original.sex != 'NULL' AND census_original.capital_gain > 96.58 ORDER BY census_original.relationship LIMIT 100;
2025-07-01T00:01:33.600000,SELECT census_original.workclass FROM census_original  WHERE census_original.education = 'sample' AND census_original.native_country LIKE 'sample' AND census_original.race != 'NULL' AND census_original.education_num < 93.68 ORDER BY census_original.workclass LIMIT 100;
2025-07-01T00:01:33.800000,SELECT census_original.workclass FROM census_original  WHERE census_original.education = 'sample' AND census_original.native_country LIKE 'sample' AND census_original.race != 'NULL' AND census_original.education_num < 17.21 ORDER BY census_original.workclass LIMIT 100;
2025-07-01T00:01:34.000000,SELECT census_original.workclass FROM census_original  WHERE census_original.education = 'sample' AND census_original.native_country LIKE 'sample' AND census_original.race != 'NULL' AND census_original.education_num < 73.93 ORDER BY census_original.workclass LIMIT 100;
2025-07-01T00:01:34.200000,"SELECT census_original.age, census_original.workclass, census_original.capital_gain, census_original.education FROM census_original  WHERE census_original.race = 'NULL' ORDER BY census_original.workclass LIMIT 100;"
2025-07-01T00:01:34.400000,SELECT census_original.sex FROM census_original  WHERE census_original.hours_per_week > 30.34 AND census_original.race != 'NULL' AND census_original.education_num < 41.39 ORDER BY census_original.sex LIMIT 100;
2025-07-01T00:01:34.600000,"SELECT census_original.age, census_original.workclass, census_original.capital_gain, census_original.education FROM census_original  WHERE census_original.race = 'NULL' ORDER BY census_original.workclass LIMIT 100;"
2025-07-01T00:01:34.800000,SELECT census_original.sex FROM census_original  WHERE census_original.hours_per_week > 13.26 AND census_original.race != 'NULL' AND census_original.education_num < 5.05 ORDER BY census_original.sex LIMIT 100;
2025-07-01T00:01:35.000000,"SELECT census_original.age, census_original.workclass, census_original.capital_gain, census_original.education FROM census_original  WHERE census_original.race = 'NULL' ORDER BY census_original.workclass LIMIT 100;"
2025-07-01T00:01:35.200000,SELECT census_original.sex FROM census_original  WHERE census_original.hours_per_week > 55.76 AND census_original.race != 'NULL' AND census_original.education_num < 65.76 ORDER BY census_original.sex LIMIT 100;
2025-07-01T00:01:35.400000,SELECT census_original.relationship FROM census_original  WHERE census_original.sex != 'NULL' AND census_original.capital_gain > 19.66 ORDER BY census_original.relationship LIMIT 100;
2025-07-01T00:01:35.600000,SELECT census_original.sex FROM census_original  WHERE census_original.hours_per_week > 62.06 AND census_original.race != 'NULL' AND census_original.education_num < 54.69 ORDER BY census_original.sex LIMIT 100;
2025-07-01T00:01:35.800000,SELECT census_original.relationship FROM census_original  WHERE census_original.sex != 'NULL' AND census_original.capital_gain > 76.03 ORDER BY census_original.relationship LIMIT 100;
2025-07-01T00:01:36.000000,SELECT census_original.sex FROM census_original  WHERE census_original.hours_per_week > 62.29 AND census_original.race != 'NULL' AND census_original.education_num < 17.11 ORDER BY census_original.sex LIMIT 100;
2025-07-01T00:01:36.200000,SELECT census_original.workclass FROM census_original  WHERE census_original.education = 'sample' AND census_original.native_country LIKE 'sample' AND census_original.race != 'NULL' AND census_original.education_num < 17.96 ORDER BY census_original.workclass LIMIT 100;
2025-07-01T00:01:36.400000,SELECT census_original.sex FROM census_original  WHERE census_original.hours_per_week > 16.87 AND census_original.race != 'NULL' AND census_original.education_num < 85.34 ORDER BY census_original.sex LIMIT 100;
2025-07-01T00:01:36.600000,"SELECT census_original.age, census_original.workclass, census_original.capital_gain, census_original.education FROM census_original  WHERE census_original.race = 'NULL' ORDER BY census_original.workclass LIMIT 100;"
2025-07-01T00:01:36.800000,SELECT census_original.sex FROM census_original  WHERE census_original.hours_per_week > 40.22 AND census_original.race != 'NULL' AND census_original.education_num < 68.08 ORDER BY census_original.sex LIMIT 100;
2025-07-01T00:01:37.000000,"SELECT census_original.age, census_original.workclass, census_original.capital_gain, census_original.education FROM census_original  WHERE census_original.race = 'NULL' ORDER BY census_original.workclass LIMIT 100;"
2025-07-01T00:01:37.200000,"SELECT census_original.education, census_original.workclass, census_original.capital_loss FROM census_original  WHERE census_original.age BETWEEN 19.995 AND 32.405 ORDER BY census_original.capital_loss LIMIT 100;"
2025-07-01T00:01:37.400000,"SELECT census_original.age, census_original.workclass, census_original.capital_gain, census_original.education FROM census_original  WHERE census_original.race = 'NULL' ORDER BY census_original.workclass LIMIT 100;"
2025-07-01T00:01:37.600000,SELECT census_original.relationship FROM census_original  WHERE census_original.sex != 'NULL' AND census_original.capital_gain > 93.14 ORDER BY census_original.relationship LIMIT 100;
2025-07-01T00:01:37.800000,SELECT census_original.sex FROM census_original  WHERE census_original.hours_per_week > 89.72 AND census_original.race != 'NULL' AND census_original.education_num < 10.94 ORDER BY census_original.sex LIMIT 100;
2025-07-01T00:01:38.000000,"SELECT census_original.education, census_original.workclass, census_original.capital_loss FROM census_original  WHERE census_original.age BETWEEN 18.325 AND 30.735 ORDER BY census_original.capital_loss LIMIT 100;"
2025-07-01T00:01:38.200000,"SELECT census_original.education, census_original.workclass, census_original.capital_loss FROM census_original  WHERE census_original.age BETWEEN 32.935 AND 45.345 ORDER BY census_original.capital_loss LIMIT 100;"
2025-07-01T00:01:38.400000,SELECT census_original.workclass FROM census_original  WHERE census_original.education = 'sample' AND census_original.native_country LIKE 'sample' AND census_original.race != 'NULL' AND census_original.education_num < 30.39 ORDER BY census_original.workclass LIMIT 100;
2025-07-01T00:01:38.600000,SELECT census_original.relationship FROM census_original  WHERE census_original.sex != 'NULL' AND census_original.capital_gain > 1.46 ORDER BY census_original.relationship LIMIT 100;
2025-07-01T00:01:38.800000,"SELECT census_original.education, census_original.workclass, census_original.capital_loss FROM census_original  WHERE census_original.age BETWEEN 57.665 AND 70.075 ORDER BY census_original.capital_loss LIMIT 100;"
2025-07-01T00:01:39.000000,SELECT census_original.relationship FROM census_original  WHERE census_original.sex != 'NULL' AND census_original.capital_gain > 4.82 ORDER BY census_original.relationship LIMIT 100;
2025-07-01T00:01:39.200000,"SELECT census_original.education, census_original.workclass, census_original.capital_loss FROM census_original  WHERE census_original.age BETWEEN 58.965 AND 71.375 ORDER BY census_original.capital_loss LIMIT 100;"
2025-07-01T00:01:39.400000,SELECT census_original.sex FROM census_original  WHERE census_original.hours_per_week > 20.48 AND census_original.race != 'NULL' AND census_original.education_num < 38.34 ORDER BY census_original.sex LIMIT 100;
2025-07-01T00:01:39.600000,"SELECT census_original.age, census_original.workclass, census_original.capital_gain, census_original.education FROM census_original  WHERE census_original.race = 'NULL' ORDER BY census_original.workclass LIMIT 100;"
2025-07-01T00:01:39.800000,SELECT census_original.workclass FROM census_original  WHERE census_original.education = 'sample' AND census_original.native_country LIKE 'sample' AND census_original.race != 'NULL' AND census_original.education_num < 4.97 ORDER BY census_original.workclass LIMIT 100;
2025-07-01T00:01:40.000000,"SELECT census_original.education, census_original.workclass, census_original.capital_loss FROM census_original  WHERE census_original.age BETWEEN 24.885 AND 37.295 ORDER BY census_original.capital_loss LIMIT 100;"
2025-07-01T00:01:40.200000,"SELECT census_original.age, census_original.workclass, census_original.capital_gain, census_original.education FROM census_original  WHERE census_original.race = 'NULL' ORDER BY census_original.workclass LIMIT 100;"
2025-07-01T00:01:40.400000,"SELECT census_original.age, census_original.workclass, census_original.capital_gain, census_original.education FROM census_original  WHERE census_original.race = 'NULL' ORDER BY census_original.workclass LIMIT 100;"
2025-07-01T00:01:40.600000,"SELECT census_original.education, census_original.workclass, census_original.capital_loss FROM census_original  WHERE census_original.age BETWEEN 41.475 AND 53.885 ORDER BY census_original.capital_loss LIMIT 100;"
2025-07-01T00:01:40.800000,SELECT census_original.sex FROM census_original  WHERE census_original.hours_per_week > 6.23 AND census_original.race != 'NULL' AND census_original.education_num < 1.05 ORDER BY census_original.sex LIMIT 100;
2025-07-01T00:01:41.000000,SELECT census_original.workclass FROM census_original  WHERE census_original.education = 'sample' AND census_original.native_country LIKE 'sample' AND census_original.race != 'NULL' AND census_original.education_num < 50.95 ORDER BY census_original.workclass LIMIT 100;
2025-07-01T00:01:41.200000,SELECT census_original.sex FROM census_original  WHERE census_original.hours_per_week > 79.57 AND census_original.race != 'NULL' AND census_original.education_num < 21.98 ORDER BY census_original.sex LIMIT 100;
2025-07-01T00:01:41.400000,"SELECT census_original.education, census_original.workclass, census_original.capital_loss FROM census_original  WHERE census_original.age BETWEEN 29.875 AND 42.285 ORDER BY census_original.capital_loss LIMIT 100;"
2025-07-01T00:01:41.600000,SELECT census_original.workclass FROM census_original  WHERE census_original.education = 'sample' AND census_original.native_country LIKE 'sample' AND census_original.race != 'NULL' AND census_original.education_num < 77.9 ORDER BY census_original.workclass LIMIT 100;
2025-07-01T00:01:41.800000,SELECT census_original.sex FROM census_original  WHERE census_original.hours_per_week > 52.5 AND census_original.race != 'NULL' AND census_original.education_num < 41.39 ORDER BY census_original.sex LIMIT 100;
2025-07-01T00:01:42.000000,SELECT census_original.workclass FROM census_original  WHERE census_original.education = 'sample' AND census_original.native_country LIKE 'sample' AND census_original.race != 'NULL' AND census_original.education_num < 65.59 ORDER BY census_original.workclass LIMIT 100;
2025-07-01T00:01:42.200000,SELECT census_original.workclass FROM census_original  WHERE census_original.education = 'sample' AND census_original.native_country LIKE 'sample' AND census_original.race != 'NULL' AND census_original.education_num < 18.57 ORDER BY census_original.workclass LIMIT 100;
2025-07-01T00:01:42.400000,"SELECT census_original.age, census_original.workclass, census_original.capital_gain, census_original.education FROM census_original  WHERE census_original.race = 'NULL' ORDER BY census_original.workclass LIMIT 100;"
2025-07-01T00:01:42.600000,"SELECT census_original.age, census_original.workclass, census_original.capital_gain, census_original.education FROM census_original  WHERE census_original.race = 'NULL' ORDER BY census_original.workclass LIMIT 100;"
2025-07-01T00:01:42.800000,"SELECT census_original.age, census_original.workclass, census_original.capital_gain, census_original.education FROM census_original  WHERE census_original.race = 'NULL' ORDER BY census_original.workclass LIMIT 100;"
2025-07-01T00:01:43.000000,SELECT census_original.sex FROM census_original  WHERE census_original.hours_per_week > 40.11 AND census_original.race != 'NULL' AND census_original.education_num < 68.58 ORDER BY census_original.sex LIMIT 100;
2025-07-01T00:01:43.200000,"SELECT census_original.age, census_original.workclass, census_original.capital_gain, census_original.education FROM census_original  WHERE census_original.race = 'NULL' ORDER BY census_original.workclass LIMIT 100;"
2025-07-01T00:01:43.400000,"SELECT census_original.age, census_original.workclass, census_original.capital_gain, census_original.education FROM census_original  WHERE census_original.race = 'NULL' ORDER BY census_original.workclass LIMIT 100;"
2025-07-01T00:01:43.600000,SELECT census_original.relationship FROM census_original  WHERE census_original.sex != 'NULL' AND census_original.capital_gain > 43.07 ORDER BY census_original.relationship LIMIT 100;
2025-07-01T00:01:43.800000,SELECT census_original.workclass FROM census_original  WHERE census_original.education = 'sample' AND census_original.native_country LIKE 'sample' AND census_original.race != 'NULL' AND census_original.education_num < 85.18 ORDER BY census_original.workclass LIMIT 100;
2025-07-01T00:01:44.000000,"SELECT census_original.education, census_original.workclass, census_original.capital_loss FROM census_original  WHERE census_original.age BETWEEN 49.505 AND 61.915 ORDER BY census_original.capital_loss LIMIT 100;"
2025-07-01T00:01:44.200000,SELECT census_original.workclass FROM census_original  WHERE census_original.education = 'sample' AND census_original.native_country LIKE 'sample' AND census_original.race != 'NULL' AND census_original.education_num < 88.75 ORDER BY census_original.workclass LIMIT 100;
2025-07-01T00:01:44.400000,SELECT census_original.sex FROM census_original  WHERE census_original.hours_per_week > 51.22 AND census_original.race != 'NULL' AND census_original.education_num < 99.19 ORDER BY census_original.sex LIMIT 100;
2025-07-01T00:01:44.600000,"SELECT census_original.age, census_original.workclass, census_original.capital_gain, census_original.education FROM census_original  WHERE census_original.race = 'NULL' ORDER BY census_original.workclass LIMIT 100;"
2025-07-01T00:01:44.800000,"SELECT census_original.education, census_original.workclass, census_original.capital_loss FROM census_original  WHERE census_original.age BETWEEN 54.465 AND 66.875 ORDER BY census_original.capital_loss LIMIT 100;"
2025-07-01T00:01:45.000000,SELECT census_original.relationship FROM census_original  WHERE census_original.sex != 'NULL' AND census_original.capital_gain > 5.37 ORDER BY census_original.relationship LIMIT 100;
2025-07-01T00:01:45.200000,SELECT census_original.sex FROM census_original  WHERE census_original.hours_per_week > 63.59 AND census_original.race != 'NULL' AND census_original.education_num < 34.08 ORDER BY census_original.sex LIMIT 100;
2025-07-01T00:01:45.400000,"SELECT census_original.education, census_original.workclass, census_original.capital_loss FROM census_original  WHERE census_original.age BETWEEN 32.005 AND 44.415 ORDER BY census_original.capital_loss LIMIT 100;"
2025-07-01T00:01:45.600000,SELECT census_original.relationship FROM census_original  WHERE census_original.sex != 'NULL' AND census_original.capital_gain > 29.16 ORDER BY census_original.relationship LIMIT 100;
2025-07-01T00:01:45.800000,SELECT census_original.relationship FROM census_original  WHERE census_original.sex != 'NULL' AND census_original.capital_gain > 52.44 ORDER BY census_original.relationship LIMIT 100;
2025-07-01T00:01:46.000000,SELECT census_original.relationship FROM census_original  WHERE census_original.sex != 'NULL' AND census_original.capital_gain > 39.25 ORDER BY census_original.relationship LIMIT 100;
2025-07-01T00:01:46.200000,"SELECT census_original.education, census_original.workclass, census_original.capital_loss FROM census_original  WHERE census_original.age BETWEEN 58.335 AND 70.745 ORDER BY census_original.capital_loss LIMIT 100;"
2025-07-01T00:01:46.400000,SELECT census_original.workclass FROM census_original  WHERE census_original.education = 'sample' AND census_original.native_country LIKE 'sample' AND census_original.race != 'NULL' AND census_original.education_num < 6.4 ORDER BY census_original.workclass LIMIT 100;
2025-07-01T00:01:46.600000,"SELECT census_original.age, census_original.workclass, census_original.capital_gain, census_original.education FROM census_original  WHERE census_original.race = 'NULL' ORDER BY census_original.workclass LIMIT 100;"
2025-07-01T00:01:46.800000,"SELECT census_original.education, census_original.workclass, census_original.capital_loss FROM census_original  WHERE census_original.age BETWEEN 36.715 AND 49.125 ORDER BY census_original.capital_loss LIMIT 100;"
2025-07-01T00:01:47.000000,SELECT census_original.sex FROM census_original  WHERE census_original.hours_per_week > 40.07 AND census_original.race != 'NULL' AND census_original.education_num < 32.59 ORDER BY census_original.sex LIMIT 100;
2025-07-01T00:01:47.200000,"SELECT census_original.age, census_original.workclass, census_original.capital_gain, census_original.education FROM census_original  WHERE census_original.race = 'NULL' ORDER BY census_original.workclass LIMIT 100;"
2025-07-01T00:01:47.400000,SELECT census_original.relationship FROM census_original  WHERE census_original.sex != 'NULL' AND census_original.capital_gain > 53.93 ORDER BY census_original.relationship LIMIT 100;
2025-07-01T00:01:47.600000,"SELECT census_original.age, census_original.workclass, census_original.capital_gain, census_original.education FROM census_original  WHERE census_original.race = 'NULL' ORDER BY census_original.workclass LIMIT 100;"
2025-07-01T00:01:47.800000,SELECT census_original.workclass FROM census_original  WHERE census_original.education = 'sample' AND census_original.native_country LIKE 'sample' AND census_original.race != 'NULL' AND census_original.education_num < 34.55 ORDER BY census_original.workclass LIMIT 100;
2025-07-01T00:01:48.000000,"SELECT census_original.age, census_original.workclass, census_original.capital_gain, census_original.education FROM census_original  WHERE census_original.race = 'NULL' ORDER BY census_original.workclass LIMIT 100;"
2025-07-01T00:01:48.200000,"SELECT census_original.age, census_original.workclass, census_original.capital_gain, census_original.education FROM census_original  WHERE census_original.race = 'NULL' ORDER BY census_original.workclass LIMIT 100;"
2025-07-01T00:01:48.400000,"SELECT census_original.age, census_original.workclass, census_original.capital_gain, census_original.education FROM census_original  WHERE census_original.race = 'NULL' ORDER BY census_original.workclass LIMIT 100;"
2025-07-01T00:01:48.600000,"SELECT census_original.education, census_original.workclass, census_original.capital_loss FROM census_original  WHERE census_original.age BETWEEN 20.035 AND 32.445 ORDER BY census_original.capital_loss LIMIT 100;"
2025-07-01T00:01:48.800000,SELECT census_original.relationship FROM census_original  WHERE census_original.sex != 'NULL' AND census_original.capital_gain > 81.09 ORDER BY census_original.relationship LIMIT 100;
2025-07-01T00:01:49.000000,SELECT census_original.sex FROM census_original  WHERE census_original.hours_per_week > 5.85 AND census_original.race != 'NULL' AND census_original.education_num < 24.22 ORDER BY census_original.sex LIMIT 100;
2025-07-01T00:01:49.200000,"SELECT census_original.age, census_original.workclass, census_original.capital_gain, census_original.education FROM census_original  WHERE census_original.race = 'NULL' ORDER BY census_original.workclass LIMIT 100;"
2025-07-01T00:01:49.400000,SELECT census_original.workclass FROM census_original  WHERE census_original.education = 'sample' AND census_original.native_country LIKE 'sample' AND census_original.race != 'NULL' AND census_original.education_num < 77.44 ORDER BY census_original.workclass LIMIT 100;
2025-07-01T00:01:49.600000,"SELECT census_original.age, census_original.workclass, census_original.capital_gain, census_original.education FROM census_original  WHERE census_original.race = 'NULL' ORDER BY census_original.workclass LIMIT 100;"
2025-07-01T00:01:49.800000,SELECT census_original.sex FROM census_original  WHERE census_original.hours_per_week > 68.13 AND census_original.race != 'NULL' AND census_original.education_num < 84.75 ORDER BY census_original.sex LIMIT 100;
2025-07-01T00:01:50.000000,SELECT census_original.relationship FROM census_original  WHERE census_original.sex != 'NULL' AND census_original.capital_gain > 40.35 ORDER BY census_original.relationship LIMIT 100;
2025-07-01T00:01:50.200000,"SELECT census_original.education, census_original.workclass, census_original.capital_loss FROM census_original  WHERE census_original.age BETWEEN 14.835 AND 27.245 ORDER BY census_original.capital_loss LIMIT 100;"
2025-07-01T00:01:50.400000,"SELECT census_original.age, census_original.workclass, census_original.capital_gain, census_original.education FROM census_original  WHERE census_original.race = 'NULL' ORDER BY census_original.workclass LIMIT 100;"
2025-07-01T00:01:50.600000,SELECT census_original.sex FROM census_original  WHERE census_original.hours_per_week > 33.74 AND census_original.race != 'NULL' AND census_original.education_num < 93.11 ORDER BY census_original.sex LIMIT 100;
2025-07-01T00:01:50.800000,SELECT census_original.workclass FROM census_original  WHERE census_original.education = 'sample' AND census_original.native_country LIKE 'sample' AND census_original.race != 'NULL' AND census_original.education_num < 30.83 ORDER BY census_original.workclass LIMIT 100;
2025-07-01T00:01:51.000000,SELECT census_original.workclass FROM census_original  WHERE census_original.education = 'sample' AND census_original.native_country LIKE 'sample' AND census_original.race != 'NULL' AND census_original.education_num < 76.63 ORDER BY census_original.workclass LIMIT 100;
2025-07-01T00:01:51.200000,"SELECT census_original.education, census_original.workclass, census_original.capital_loss FROM census_original  WHERE census_original.age BETWEEN 40.335 AND 52.745 ORDER BY census_original.capital_loss LIMIT 100;"
2025-07-01T00:01:51.400000,SELECT census_original.workclass FROM census_original  WHERE census_original.education = 'sample' AND census_original.native_country LIKE 'sample' AND census_original.race != 'NULL' AND census_original.education_num < 12.59 ORDER BY census_original.workclass LIMIT 100;
2025-07-01T00:01:51.600000,"SELECT census_original.education, census_original.workclass, census_original.capital_loss FROM census_original  WHERE census_original.age BETWEEN 18.015 AND 30.425 ORDER BY census_original.capital_loss LIMIT 100;"
2025-07-01T00:01:51.800000,"SELECT census_original.education, census_original.workclass, census_original.capital_loss FROM census_original  WHERE census_original.age BETWEEN 60.435 AND 72.845 ORDER BY census_original.capital_loss LIMIT 100;"
2025-07-01T00:01:52.000000,SELECT census_original.sex FROM census_original  WHERE census_original.hours_per_week > 90.43 AND census_original.race != 'NULL' AND census_original.education_num < 72.35 ORDER BY census_original.sex LIMIT 100;
2025-07-01T00:01:52.200000,SELECT census_original.sex FROM census_original  WHERE census_original.hours_per_week > 1.47 AND census_original.race != 'NULL' AND census_original.education_num < 85.48 ORDER BY census_original.sex LIMIT 100;
2025-07-01T00:01:52.400000,"SELECT census_original.education, census_original.workclass, census_original.capital_loss FROM census_original  WHERE census_original.age BETWEEN 63.245 AND 75.655 ORDER BY census_original.capital_loss LIMIT 100;"
2025-07-01T00:01:52.600000,"SELECT census_original.education, census_original.workclass, census_original.capital_loss FROM census_original  WHERE census_original.age BETWEEN 56.525 AND 68.935 ORDER BY census_original.capital_loss LIMIT 100;"
2025-07-01T00:01:52.800000,"SELECT census_original.education, census_original.workclass, census_original.capital_loss FROM census_original  WHERE census_original.age BETWEEN 32.915 AND 45.325 ORDER BY census_original.capital_loss LIMIT 100;"
2025-07-01T00:01:53.000000,"SELECT census_original.education, census_original.workclass, census_original.capital_loss FROM census_original  WHERE census_original.age BETWEEN 56.225 AND 68.635 ORDER BY census_original.capital_loss LIMIT 100;"
2025-07-01T00:01:53.200000,SELECT census_original.workclass FROM census_original  WHERE census_original.education = 'sample' AND census_original.native_country LIKE 'sample' AND census_original.race != 'NULL' AND census_original.education_num < 98.2 ORDER BY census_original.workclass LIMIT 100;
2025-07-01T00:01:53.400000,"SELECT census_original.age, census_original.workclass, census_original.capital_gain, census_original.education FROM census_original  WHERE census_original.race = 'NULL' ORDER BY census_original.workclass LIMIT 100;"
2025-07-01T00:01:53.600000,SELECT census_original.sex FROM census_original  WHERE census_original.hours_per_week > 75.13 AND census_original.race != 'NULL' AND census_original.education_num < 80.34 ORDER BY census_original.sex LIMIT 100;
2025-07-01T00:01:53.800000,"SELECT census_original.education, census_original.workclass, census_original.capital_loss FROM census_original  WHERE census_original.age BETWEEN 60.735 AND 73.145 ORDER BY census_original.capital_loss LIMIT 100;"
2025-07-01T00:01:54.000000,"SELECT census_original.age, census_original.workclass, census_original.capital_gain, census_original.education FROM census_original  WHERE census_original.race = 'NULL' ORDER BY census_original.workclass LIMIT 100;"
2025-07-01T00:01:54.200000,"SELECT census_original.education, census_original.workclass, census_original.capital_loss FROM census_original  WHERE census_original.age BETWEEN 28.525 AND 40.935 ORDER BY census_original.capital_loss LIMIT 100;"
2025-07-01T00:01:54.400000,"SELECT census_original.age, census_original.workclass, census_original.capital_gain, census_original.education FROM census_original  WHERE census_original.race = 'NULL' ORDER BY census_original.workclass LIMIT 100;"
2025-07-01T00:01:54.600000,"SELECT census_original.education, census_original.workclass, census_original.capital_loss FROM census_original  WHERE census_original.age BETWEEN 68.365 AND 80.775 ORDER BY census_original.capital_loss LIMIT 100;"
2025-07-01T00:01:54.800000,SELECT census_original.sex FROM census_original  WHERE census_original.hours_per_week > 82.49 AND census_original.race != 'NULL' AND census_original.education_num < 54.36 ORDER BY census_original.sex LIMIT 100;
2025-07-01T00:01:55.000000,"SELECT census_original.education, census_original.workclass, census_original.capital_loss FROM census_original  WHERE census_original.age BETWEEN 17.935 AND 30.345 ORDER BY census_original.capital_loss LIMIT 100;"
2025-07-01T00:01:55.200000,SELECT census_original.sex FROM census_original  WHERE census_original.hours_per_week > 75.44 AND census_original.race != 'NULL' AND census_original.education_num < 54.54 ORDER BY census_original.sex LIMIT 100;
2025-07-01T00:01:55.400000,SELECT census_original.relationship FROM census_original  WHERE census_original.sex != 'NULL' AND census_original.capital_gain > 80.81 ORDER BY census_original.relationship LIMIT 100;
2025-07-01T00:01:55.600000,SELECT census_original.workclass FROM census_original  WHERE census_original.education = 'sample' AND census_original.native_country LIKE 'sample' AND census_original.race != 'NULL' AND census_original.education_num < 83.9 ORDER BY census_original.workclass LIMIT 100;
2025-07-01T00:01:55.800000,SELECT census_original.relationship FROM census_original  WHERE census_original.sex != 'NULL' AND census_original.capital_gain > 29.32 ORDER BY census_original.relationship LIMIT 100;
2025-07-01T00:01:56.000000,"SELECT census_original.education, census_original.workclass, census_original.capital_loss FROM census_original  WHERE census_original.age BETWEEN 51.675 AND 64.085 ORDER BY census_original.capital_loss LIMIT 100;"
2025-07-01T00:01:56.200000,SELECT census_original.relationship FROM census_original  WHERE census_original.sex != 'NULL' AND census_original.capital_gain > 6.03 ORDER BY census_original.relationship LIMIT 100;
2025-07-01T00:01:56.400000,"SELECT census_original.age, census_original.workclass, census_original.capital_gain, census_original.education FROM census_original  WHERE census_original.race = 'NULL' ORDER BY census_original.workclass LIMIT 100;"
2025-07-01T00:01:56.600000,"SELECT census_original.age, census_original.workclass, census_original.capital_gain, census_original.education FROM census_original  WHERE census_original.race = 'NULL' ORDER BY census_original.workclass LIMIT 100;"
2025-07-01T00:01:56.800000,"SELECT census_original.age, census_original.workclass, census_original.capital_gain, census_original.education FROM census_original  WHERE census_original.race = 'NULL' ORDER BY census_original.workclass LIMIT 100;"
2025-07-01T00:01:57.000000,SELECT census_original.sex FROM census_original  WHERE census_original.hours_per_week > 74.2 AND census_original.race != 'NULL' AND census_original.education_num < 80.29 ORDER BY census_original.sex LIMIT 100;
2025-07-01T00:01:57.200000,SELECT census_original.workclass FROM census_original  WHERE census_original.education = 'sample' AND census_original.native_country LIKE 'sample' AND census_original.race != 'NULL' AND census_original.education_num < 11.95 ORDER BY census_original.workclass LIMIT 100;
2025-07-01T00:01:57.400000,SELECT census_original.workclass FROM census_original  WHERE census_original.education = 'sample' AND census_original.native_country LIKE 'sample' AND census_original.race != 'NULL' AND census_original.education_num < 29.91 ORDER BY census_original.workclass LIMIT 100;
2025-07-01T00:01:57.600000,"SELECT census_original.age, census_original.workclass, census_original.capital_gain, census_original.education FROM census_original  WHERE census_original.race = 'NULL' ORDER BY census_original.workclass LIMIT 100;"
2025-07-01T00:01:57.800000,"SELECT census_original.education, census_original.workclass, census_original.capital_loss FROM census_original  WHERE census_original.age BETWEEN 35.685 AND 48.095 ORDER BY census_original.capital_loss LIMIT 100;"
2025-07-01T00:01:58.000000,"SELECT census_original.age, census_original.workclass, census_original.capital_gain, census_original.education FROM census_original  WHERE census_original.race = 'NULL' ORDER BY census_original.workclass LIMIT 100;"
2025-07-01T00:01:58.200000,SELECT census_original.sex FROM census_original  WHERE census_original.hours_per_week > 58.84 AND census_original.race != 'NULL' AND census_original.education_num < 73.78 ORDER BY census_original.sex LIMIT 100;
2025-07-01T00:01:58.400000,"SELECT census_original.education, census_original.workclass, census_original.capital_loss FROM census_original  WHERE census_original.age BETWEEN 48.835 AND 61.245 ORDER BY census_original.capital_loss LIMIT 100;"
2025-07-01T00:01:58.600000,"SELECT census_original.education, census_original.workclass, census_original.capital_loss FROM census_original  WHERE census_original.age BETWEEN 25.285 AND 37.695 ORDER BY census_original.capital_loss LIMIT 100;"
2025-07-01T00:01:58.800000,SELECT census_original.sex FROM census_original  WHERE census_original.hours_per_week > 77.52 AND census_original.race != 'NULL' AND census_original.education_num < 85.69 ORDER BY census_original.sex LIMIT 100;
2025-07-01T00:01:59.000000,SELECT census_original.sex FROM census_original  WHERE census_original.hours_per_week > 61.47 AND census_original.race != 'NULL' AND census_original.education_num < 55.8 ORDER BY census_original.sex LIMIT 100;
2025-07-01T00:01:59.200000,"SELECT census_original.age, census_original.workclass, census_original.capital_gain, census_original.education FROM census_original  WHERE census_original.race = 'NULL' ORDER BY census_original.workclass LIMIT 100;"
2025-07-01T00:01:59.400000,"SELECT census_original.education, census_original.workclass, census_original.capital_loss FROM census_original  WHERE census_original.age BETWEEN 19.785 AND 32.195 ORDER BY census_original.capital_loss LIMIT 100;"
2025-07-01T00:01:59.600000,"SELECT census_original.education, census_original.workclass, census_original.capital_loss FROM census_original  WHERE census_original.age BETWEEN 50.115 AND 62.525 ORDER BY census_original.capital_loss LIMIT 100;"
2025-07-01T00:01:59.800000,SELECT census_original.relationship FROM census_original  WHERE census_original.sex != 'NULL' AND census_original.capital_gain > 48.32 ORDER BY census_original.relationship LIMIT 100;
2025-07-01T00:02:00.000000,"SELECT census_original.age, census_original.workclass, census_original.capital_gain, census_original.education FROM census_original  WHERE census_original.race = 'NULL' ORDER BY census_original.workclass LIMIT 100;"
2025-07-01T00:02:00.200000,"SELECT census_original.education, census_original.workclass, census_original.capital_loss FROM census_original  WHERE census_original.age BETWEEN 27.835 AND 40.245 ORDER BY census_original.capital_loss LIMIT 100;"
2025-07-01T00:02:00.400000,"SELECT census_original.age, census_original.workclass, census_original.capital_gain, census_original.education FROM census_original  WHERE census_original.race = 'NULL' ORDER BY census_original.workclass LIMIT 100;"
2025-07-01T00:02:00.600000,"SELECT census_original.age, census_original.workclass, census_original.capital_gain, census_original.education FROM census_original  WHERE census_original.race = 'NULL' ORDER BY census_original.workclass LIMIT 100;"
2025-07-01T00:02:00.800000,"SELECT census_original.education, census_original.workclass, census_original.capital_loss FROM census_original  WHERE census_original.age BETWEEN 43.665 AND 56.075 ORDER BY census_original.capital_loss LIMIT 100;"
2025-07-01T00:02:01.000000,SELECT census_original.sex FROM census_original  WHERE census_original.hours_per_week > 9.51 AND census_original.race != 'NULL' AND census_original.education_num < 18.45 ORDER BY census_original.sex LIMIT 100;
2025-07-01T00:02:01.200000,"SELECT census_original.age, census_original.workclass, census_original.capital_gain, census_original.education FROM census_original  WHERE census_original.race = 'NULL' ORDER BY census_original.workclass LIMIT 100;"
2025-07-01T00:02:01.400000,SELECT census_original.workclass FROM census_original  WHERE census_original.education = 'sample' AND census_original.native_country LIKE 'sample' AND census_original.race != 'NULL' AND census_original.education_num < 36.71 ORDER BY census_original.workclass LIMIT 100;
2025-07-01T00:02:01.600000,"SELECT census_original.education, census_original.workclass, census_original.capital_loss FROM census_original  WHERE census_original.age BETWEEN 56.645 AND 69.055 ORDER BY census_original.capital_loss LIMIT 100;"
2025-07-01T00:02:01.800000,"SELECT census_original.education, census_original.workclass, census_original.capital_loss FROM census_original  WHERE census_original.age BETWEEN 54.365 AND 66.775 ORDER BY census_original.capital_loss LIMIT 100;"
2025-07-01T00:02:02.000000,SELECT census_original.workclass FROM census_original  WHERE census_original.education = 'sample' AND census_original.native_country LIKE 'sample' AND census_original.race != 'NULL' AND census_original.education_num < 95.17 ORDER BY census_original.workclass LIMIT 100;
2025-07-01T00:02:02.200000,SELECT census_original.relationship FROM census_original  WHERE census_original.sex != 'NULL' AND census_original.capital_gain > 19.57 ORDER BY census_original.relationship LIMIT 100;
2025-07-01T00:02:02.400000,SELECT census_original.relationship FROM census_original  WHERE census_original.sex != 'NULL' AND census_original.capital_gain > 3.63 ORDER BY census_original.relationship LIMIT 100;
2025-07-01T00:02:02.600000,"SELECT census_original.age, census_original.workclass, census_original.capital_gain, census_original.education FROM census_original  WHERE census_original.race = 'NULL' ORDER BY census_original.workclass LIMIT 100;"
2025-07-01T00:02:02.800000,"SELECT census_original.education, census_original.workclass, census_original.capital_loss FROM census_original  WHERE census_original.age BETWEEN 14.755 AND 27.165 ORDER BY census_original.capital_loss LIMIT 100;"
2025-07-01T00:02:03.000000,"SELECT census_original.age, census_original.workclass, census_original.capital_gain, census_original.education FROM census_original  WHERE census_original.race = 'NULL' ORDER BY census_original.workclass LIMIT 100;"
2025-07-01T00:02:03.200000,SELECT census_original.workclass FROM census_original  WHERE census_original.education = 'sample' AND census_original.native_country LIKE 'sample' AND census_original.race != 'NULL' AND census_original.education_num < 6.67 ORDER BY census_original.workclass LIMIT 100;
2025-07-01T00:02:03.400000,"SELECT census_original.education, census_original.workclass, census_original.capital_loss FROM census_original  WHERE census_original.age BETWEEN 52.655 AND 65.065 ORDER BY census_original.capital_loss LIMIT 100;"
2025-07-01T00:02:03.600000,SELECT census_original.sex FROM census_original  WHERE census_original.hours_per_week > 79.41 AND census_original.race != 'NULL' AND census_original.education_num < 78.6 ORDER BY census_original.sex LIMIT 100;
2025-07-01T00:02:03.800000,SELECT census_original.workclass FROM census_original  WHERE census_original.education = 'sample' AND census_original.native_country LIKE 'sample' AND census_original.race != 'NULL' AND census_original.education_num < 44.79 ORDER BY census_original.workclass LIMIT 100;
2025-07-01T00:02:04.000000,"SELECT census_original.education, census_original.workclass, census_original.capital_loss FROM census_original  WHERE census_original.age BETWEEN 48.415 AND 60.825 ORDER BY census_original.capital_loss LIMIT 100;"
2025-07-01T00:02:04.200000,SELECT census_original.workclass FROM census_original  WHERE census_original.education = 'sample' AND census_original.native_country LIKE 'sample' AND census_original.race != 'NULL' AND census_original.education_num < 60.36 ORDER BY census_original.workclass LIMIT 100;
2025-07-01T00:02:04.400000,"SELECT census_original.education, census_original.workclass, census_original.capital_loss FROM census_original  WHERE census_original.age BETWEEN 56.295 AND 68.705 ORDER BY census_original.capital_loss LIMIT 100;"
2025-07-01T00:02:04.600000,"SELECT census_original.education, census_original.workclass, census_original.capital_loss FROM census_original  WHERE census_original.age BETWEEN 33.885 AND 46.295 ORDER BY census_original.capital_loss LIMIT 100;"
2025-07-01T00:02:04.800000,"SELECT census_original.education, census_original.workclass, census_original.capital_loss FROM census_original  WHERE census_original.age BETWEEN 14.275 AND 26.685 ORDER BY census_original.capital_loss LIMIT 100;"
2025-07-01T00:02:05.000000,SELECT census_original.relationship FROM census_original  WHERE census_original.sex != 'NULL' AND census_original.capital_gain > 86.86 ORDER BY census_original.relationship LIMIT 100;
2025-07-01T00:02:05.200000,SELECT census_original.sex FROM census_original  WHERE census_original.hours_per_week > 14.58 AND census_original.race != 'NULL' AND census_original.education_num < 65.7 ORDER BY census_original.sex LIMIT 100;
2025-07-01T00:02:05.400000,SELECT census_original.relationship FROM census_original  WHERE census_original.sex != 'NULL' AND census_original.capital_gain > 59.34 ORDER BY census_original.relationship LIMIT 100;
2025-07-01T00:02:05.600000,"SELECT census_original.age, census_original.workclass, census_original.capital_gain, census_original.education FROM census_original  WHERE census_original.race = 'NULL' ORDER BY census_original.workclass LIMIT 100;"
2025-07-01T00:02:05.800000,"SELECT census_original.education, census_original.workclass, census_original.capital_loss FROM census_original  WHERE census_original.age BETWEEN 29.805 AND 42.215 ORDER BY census_original.capital_loss LIMIT 100;"
2025-07-01T00:02:06.000000,"SELECT census_original.age, census_original.workclass, census_original.capital_gain, census_original.education FROM census_original  WHERE census_original.race = 'NULL' ORDER BY census_original.workclass LIMIT 100;"
2025-07-01T00:02:06.200000,"SELECT census_original.education, census_original.workclass, census_original.capital_loss FROM census_original  WHERE census_original.age BETWEEN 66.875 AND 79.285 ORDER BY census_original.capital_loss LIMIT 100;"
2025-07-01T00:02:06.400000,SELECT census_original.sex FROM census_original  WHERE census_original.hours_per_week > 47.81 AND census_original.race != 'NULL' AND census_original.education_num < 95.06 ORDER BY census_original.sex LIMIT 100;
2025-07-01T00:02:06.600000,SELECT census_original.relationship FROM census_original  WHERE census_original.sex != 'NULL' AND census_original.capital_gain > 75.67 ORDER BY census_original.relationship LIMIT 100;
2025-07-01T00:02:06.800000,SELECT census_original.relationship FROM census_original  WHERE census_original.sex != 'NULL' AND census_original.capital_gain > 63.79 ORDER BY census_original.relationship LIMIT 100;
2025-07-01T00:02:07.000000,"SELECT census_original.education, census_original.workclass, census_original.capital_loss FROM census_original  WHERE census_original.age BETWEEN 17.595 AND 30.005 ORDER BY census_original.capital_loss LIMIT 100;"
2025-07-01T00:02:07.200000,SELECT census_original.relationship FROM census_original  WHERE census_original.sex != 'NULL' AND census_original.capital_gain > 85.71 ORDER BY census_original.relationship LIMIT 100;
2025-07-01T00:02:07.400000,"SELECT census_original.age, census_original.workclass, census_original.capital_gain, census_original.education FROM census_original  WHERE census_original.race = 'NULL' ORDER BY census_original.workclass LIMIT 100;"
2025-07-01T00:02:07.600000,SELECT census_original.workclass FROM census_original  WHERE census_original.education = 'sample' AND census_original.native_country LIKE 'sample' AND census_original.race != 'NULL' AND census_original.education_num < 51.91 ORDER BY census_original.workclass LIMIT 100;
2025-07-01T00:02:07.800000,SELECT census_original.sex FROM census_original  WHERE census_original.hours_per_week > 48.27 AND census_original.race != 'NULL' AND census_original.education_num < 76.38 ORDER BY census_original.sex LIMIT 100;
2025-07-01T00:02:08.000000,SELECT census_original.sex FROM census_original  WHERE census_original.hours_per_week > 96.36 AND census_original.race != 'NULL' AND census_original.education_num < 78.42 ORDER BY census_original.sex LIMIT 100;
2025-07-01T00:02:08.200000,SELECT census_original.sex FROM census_original  WHERE census_original.hours_per_week > 14.04 AND census_original.race != 'NULL' AND census_original.education_num < 13.44 ORDER BY census_original.sex LIMIT 100;
2025-07-01T00:02:08.400000,"SELECT census_original.education, census_original.workclass, census_original.capital_loss FROM census_original  WHERE census_original.age BETWEEN 45.955 AND 58.365 ORDER BY census_original.capital_loss LIMIT 100;"
2025-07-01T00:02:08.600000,SELECT census_original.sex FROM census_original  WHERE census_original.hours_per_week > 20.58 AND census_original.race != 'NULL' AND census_original.education_num < 78.04 ORDER BY census_original.sex LIMIT 100;
2025-07-01T00:02:08.800000,SELECT census_original.relationship FROM census_original  WHERE census_original.sex != 'NULL' AND census_original.capital_gain > 53.95 ORDER BY census_original.relationship LIMIT 100;
2025-07-01T00:02:09.000000,"SELECT census_original.education, census_original.workclass, census_original.capital_loss FROM census_original  WHERE census_original.age BETWEEN 16.605 AND 29.015 ORDER BY census_original.capital_loss LIMIT 100;"
2025-07-01T00:02:09.200000,SELECT census_original.sex FROM census_original  WHERE census_original.hours_per_week > 22.67 AND census_original.race != 'NULL' AND census_original.education_num < 81.79 ORDER BY census_original.sex LIMIT 100;
2025-07-01T00:02:09.400000,"SELECT census_original.education, census_original.workclass, census_original.capital_loss FROM census_original  WHERE census_original.age BETWEEN 61.645 AND 74.055 ORDER BY census_original.capital_loss LIMIT 100;"
2025-07-01T00:02:09.600000,SELECT census_original.relationship FROM census_original  WHERE census_original.sex != 'NULL' AND census_original.capital_gain > 24.4 ORDER BY census_original.relationship LIMIT 100;
2025-07-01T00:02:09.800000,SELECT census_original.sex FROM census_original  WHERE census_original.hours_per_week > 66.34 AND census_original.race != 'NULL' AND census_original.education_num < 60.37 ORDER BY census_original.sex LIMIT 100;
2025-07-01T00:02:10.000000,SELECT census_original.relationship FROM census_original  WHERE census_original.sex != 'NULL' AND census_original.capital_gain > 96.39 ORDER BY census_original.relationship LIMIT 100;
2025-07-01T00:02:10.200000,SELECT census_original.relationship FROM census_original  WHERE census_original.sex != 'NULL' AND census_original.capital_gain > 61.11 ORDER BY census_original.relationship LIMIT 100;
2025-07-01T00:02:10.400000,"SELECT census_original.education, census_original.workclass, census_original.capital_loss FROM census_original  WHERE census_original.age BETWEEN 40.555 AND 52.965 ORDER BY census_original.capital_loss LIMIT 100;"
2025-07-01T00:02:10.600000,"SELECT census_original.age, census_original.workclass, census_original.capital_gain, census_original.education FROM census_original  WHERE census_original.race = 'NULL' ORDER BY census_original.workclass LIMIT 100;"
2025-07-01T00:02:10.800000,SELECT census_original.sex FROM census_original  WHERE census_original.hours_per_week > 72.85 AND census_original.race != 'NULL' AND census_original.education_num < 57.13 ORDER BY census_original.sex LIMIT 100;
2025-07-01T00:02:11.000000,SELECT census_original.workclass FROM census_original  WHERE census_original.education = 'sample' AND census_original.native_country LIKE 'sample' AND census_original.race != 'NULL' AND census_original.education_num < 84.6 ORDER BY census_original.workclass LIMIT 100;
2025-07-01T00:02:11.200000,SELECT census_original.relationship FROM census_original  WHERE census_original.sex != 'NULL' AND census_original.capital_gain > 85.77 ORDER BY census_original.relationship LIMIT 100;
2025-07-01T00:02:11.400000,SELECT census_original.sex FROM census_original  WHERE census_original.hours_per_week > 42.62 AND census_original.race != 'NULL' AND census_original.education_num < 95.96 ORDER BY census_original.sex LIMIT 100;
2025-07-01T00:02:11.600000,"SELECT census_original.age, census_original.workclass, census_original.capital_gain, census_original.education FROM census_original  WHERE census_original.race = 'NULL' ORDER BY census_original.workclass LIMIT 100;"
2025-07-01T00:02:11.800000,SELECT census_original.sex FROM census_original  WHERE census_original.hours_per_week > 67.49 AND census_original.race != 'NULL' AND census_original.education_num < 24.53 ORDER BY census_original.sex LIMIT 100;
2025-07-01T00:02:12.000000,SELECT census_original.sex FROM census_original  WHERE census_original.hours_per_week > 65.9 AND census_original.race != 'NULL' AND census_original.education_num < 66.63 ORDER BY census_original.sex LIMIT 100;
2025-07-01T00:02:12.200000,SELECT census_original.sex FROM census_original  WHERE census_original.hours_per_week > 15.79 AND census_original.race != 'NULL' AND census_original.education_num < 96.19 ORDER BY census_original.sex LIMIT 100;
2025-07-01T00:02:12.400000,SELECT census_original.sex FROM census_original  WHERE census_original.hours_per_week > 65.69 AND census_original.race != 'NULL' AND census_original.education_num < 30.64 ORDER BY census_original.sex LIMIT 100;
2025-07-01T00:02:12.600000,"SELECT census_original.age, census_original.workclass, census_original.capital_gain, census_original.education FROM census_original  WHERE census_original.race = 'NULL' ORDER BY census_original.workclass LIMIT 100;"
2025-07-01T00:02:12.800000,SELECT census_original.relationship FROM census_original  WHERE census_original.sex != 'NULL' AND census_original.capital_gain > 51.31 ORDER BY census_original.relationship LIMIT 100;
2025-07-01T00:02:13.000000,SELECT census_original.relationship FROM census_original  WHERE census_original.sex != 'NULL' AND census_original.capital_gain > 20.32 ORDER BY census_original.relationship LIMIT 100;
2025-07-01T00:02:13.200000,SELECT census_original.workclass FROM census_original  WHERE census_original.education = 'sample' AND census_original.native_country LIKE 'sample' AND census_original.race != 'NULL' AND census_original.education_num < 69.08 ORDER BY census_original.workclass LIMIT 100;
2025-07-01T00:02:13.400000,"SELECT census_original.education, census_original.workclass, census_original.capital_loss FROM census_original  WHERE census_original.age BETWEEN 13.215 AND 25.625 ORDER BY census_original.capital_loss LIMIT 100;"
2025-07-01T00:02:13.600000,"SELECT census_original.age, census_original.workclass, census_original.capital_gain, census_original.education FROM census_original  WHERE census_original.race = 'NULL' ORDER BY census_original.workclass LIMIT 100;"
2025-07-01T00:02:13.800000,SELECT census_original.relationship FROM census_original  WHERE census_original.sex != 'NULL' AND census_original.capital_gain > 62.25 ORDER BY census_original.relationship LIMIT 100;
2025-07-01T00:02:14.000000,"SELECT census_original.education, census_original.workclass, census_original.capital_loss FROM census_original  WHERE census_original.age BETWEEN 15.435 AND 27.845 ORDER BY census_original.capital_loss LIMIT 100;"
2025-07-01T00:02:14.200000,"SELECT census_original.age, census_original.workclass, census_original.capital_gain, census_original.education FROM census_original  WHERE census_original.race = 'NULL' ORDER BY census_original.workclass LIMIT 100;"
2025-07-01T00:02:14.400000,"SELECT census_original.age, census_original.workclass, census_original.capital_gain, census_original.education FROM census_original  WHERE census_original.race = 'NULL' ORDER BY census_original.workclass LIMIT 100;"
2025-07-01T00:02:14.600000,SELECT census_original.workclass FROM census_original  WHERE census_original.education = 'sample' AND census_original.native_country LIKE 'sample' AND census_original.race != 'NULL' AND census_original.education_num < 12.85 ORDER BY census_original.workclass LIMIT 100;
2025-07-01T00:02:14.800000,SELECT census_original.relationship FROM census_original  WHERE census_original.sex != 'NULL' AND census_original.capital_gain > 97.12 ORDER BY census_original.relationship LIMIT 100;
2025-07-01T00:02:15.000000,"SELECT census_original.education, census_original.workclass, census_original.capital_loss FROM census_original  WHERE census_original.age BETWEEN 46.175 AND 58.585 ORDER BY census_original.capital_loss LIMIT 100;"
2025-07-01T00:02:15.200000,"SELECT census_original.age, census_original.workclass, census_original.capital_gain, census_original.education FROM census_original  WHERE census_original.race = 'NULL' ORDER BY census_original.workclass LIMIT 100;"
2025-07-01T00:02:15.400000,SELECT census_original.sex FROM census_original  WHERE census_original.hours_per_week > 79.95 AND census_original.race != 'NULL' AND census_original.education_num < 84.08 ORDER BY census_original.sex LIMIT 100;
2025-07-01T00:02:15.600000,SELECT census_original.sex FROM census_original  WHERE census_original.hours_per_week > 54.67 AND census_original.race != 'NULL' AND census_original.education_num < 70.44 ORDER BY census_original.sex LIMIT 100;
2025-07-01T00:02:15.800000,SELECT census_original.relationship FROM census_original  WHERE census_original.sex != 'NULL' AND census_original.capital_gain > 46.72 ORDER BY census_original.relationship LIMIT 100;
2025-07-01T00:02:16.000000,"SELECT census_original.education, census_original.workclass, census_original.capital_loss FROM census_original  WHERE census_original.age BETWEEN 38.125 AND 50.535 ORDER BY census_original.capital_loss LIMIT 100;"
2025-07-01T00:02:16.200000,"SELECT census_original.education, census_original.workclass, census_original.capital_loss FROM census_original  WHERE census_original.age BETWEEN 22.015 AND 34.425 ORDER BY census_original.capital_loss LIMIT 100;"
2025-07-01T00:02:16.400000,"SELECT census_original.age, census_original.workclass, census_original.capital_gain, census_original.education FROM census_original  WHERE census_original.race = 'NULL' ORDER BY census_original.workclass LIMIT 100;"
2025-07-01T00:02:16.600000,"SELECT census_original.education, census_original.workclass, census_original.capital_loss FROM census_original  WHERE census_original.age BETWEEN 32.935 AND 45.345 ORDER BY census_original.capital_loss LIMIT 100;"
2025-07-01T00:02:16.800000,SELECT census_original.relationship FROM census_original  WHERE census_original.sex != 'NULL' AND census_original.capital_gain > 78.21 ORDER BY census_original.relationship LIMIT 100;
2025-07-01T00:02:17.000000,"SELECT census_original.education, census_original.workclass, census_original.capital_loss FROM census_original  WHERE census_original.age BETWEEN 25.285 AND 37.695 ORDER BY census_original.capital_loss LIMIT 100;"
2025-07-01T00:02:17.200000,SELECT census_original.workclass FROM census_original  WHERE census_original.education = 'sample' AND census_original.native_country LIKE 'sample' AND census_original.race != 'NULL' AND census_original.education_num < 48.31 ORDER BY census_original.workclass LIMIT 100;
2025-07-01T00:02:17.400000,"SELECT census_original.education, census_original.workclass, census_original.capital_loss FROM census_original  WHERE census_original.age BETWEEN 14.605 AND 27.015 ORDER BY census_original.capital_loss LIMIT 100;"
2025-07-01T00:02:17.600000,"SELECT census_original.age, census_original.workclass, census_original.capital_gain, census_original.education FROM census_original  WHERE census_original.race = 'NULL' ORDER BY census_original.workclass LIMIT 100;"
2025-07-01T00:02:17.800000,"SELECT census_original.education, census_original.workclass, census_original.capital_loss FROM census_original  WHERE census_original.age BETWEEN 64.295 AND 76.705 ORDER BY census_original.capital_loss LIMIT 100;"
2025-07-01T00:02:18.000000,"SELECT census_original.age, census_original.workclass, census_original.capital_gain, census_original.education FROM census_original  WHERE census_original.race = 'NULL' ORDER BY census_original.workclass LIMIT 100;"
2025-07-01T00:02:18.200000,SELECT census_original.relationship FROM census_original  WHERE census_original.sex != 'NULL' AND census_original.capital_gain > 59.83 ORDER BY census_original.relationship LIMIT 100;
2025-07-01T00:02:18.400000,SELECT census_original.relationship FROM census_original  WHERE census_original.sex != 'NULL' AND census_original.capital_gain > 12.42 ORDER BY census_original.relationship LIMIT 100;
2025-07-01T00:02:18.600000,SELECT census_original.sex FROM census_original  WHERE census_original.hours_per_week > 72.79 AND census_original.race != 'NULL' AND census_original.education_num < 71.1 ORDER BY census_original.sex LIMIT 100;
2025-07-01T00:02:18.800000,SELECT census_original.sex FROM census_original  WHERE census_original.hours_per_week > 74.42 AND census_original.race != 'NULL' AND census_original.education_num < 47.41 ORDER BY census_original.sex LIMIT 100;
2025-07-01T00:02:19.000000,SELECT census_original.sex FROM census_original  WHERE census_original.hours_per_week > 78.97 AND census_original.race != 'NULL' AND census_original.education_num < 19.33 ORDER BY census_original.sex LIMIT 100;
2025-07-01T00:02:19.200000,SELECT census_original.sex FROM census_original  WHERE census_original.hours_per_week > 78.51 AND census_original.race != 'NULL' AND census_original.education_num < 57.42 ORDER BY census_original.sex LIMIT 100;
2025-07-01T00:02:19.400000,SELECT census_original.relationship FROM census_original  WHERE census_original.sex != 'NULL' AND census_original.capital_gain > 86.17 ORDER BY census_original.relationship LIMIT 100;
2025-07-01T00:02:19.600000,SELECT census_original.workclass FROM census_original  WHERE census_original.education = 'sample' AND census_original.native_country LIKE 'sample' AND census_original.race != 'NULL' AND census_original.education_num < 92.18 ORDER BY census_original.workclass LIMIT 100;
2025-07-01T00:02:19.800000,SELECT census_original.relationship FROM census_original  WHERE census_original.sex != 'NULL' AND census_original.capital_gain > 99.67 ORDER BY census_original.relationship LIMIT 100;
2025-07-01T00:02:20.000000,SELECT census_original.workclass FROM census_original  WHERE census_original.education = 'sample' AND census_original.native_country LIKE 'sample' AND census_original.race != 'NULL' AND census_original.education_num < 85.01 ORDER BY census_original.workclass LIMIT 100;
2025-07-01T00:02:20.200000,SELECT census_original.relationship FROM census_original  WHERE census_original.sex != 'NULL' AND census_original.capital_gain > 4.55 ORDER BY census_original.relationship LIMIT 100;
2025-07-01T00:02:20.400000,SELECT census_original.relationship FROM census_original  WHERE census_original.sex != 'NULL' AND census_original.capital_gain > 8.67 ORDER BY census_original.relationship LIMIT 100;
2025-07-01T00:02:20.600000,SELECT census_original.sex FROM census_original  WHERE census_original.hours_per_week > 99.48 AND census_original.race != 'NULL' AND census_original.education_num < 67.79 ORDER BY census_original.sex LIMIT 100;
2025-07-01T00:02:20.800000,"SELECT census_original.age, census_original.workclass, census_original.capital_gain, census_original.education FROM census_original  WHERE census_original.race = 'NULL' ORDER BY census_original.workclass LIMIT 100;"
2025-07-01T00:02:21.000000,SELECT census_original.relationship FROM census_original  WHERE census_original.sex != 'NULL' AND census_original.capital_gain > 99.36 ORDER BY census_original.relationship LIMIT 100;
2025-07-01T00:02:21.200000,SELECT census_original.relationship FROM census_original  WHERE census_original.sex != 'NULL' AND census_original.capital_gain > 80.26 ORDER BY census_original.relationship LIMIT 100;
2025-07-01T00:02:21.400000,"SELECT census_original.education, census_original.workclass, census_original.capital_loss FROM census_original  WHERE census_original.age BETWEEN 61.245 AND 73.655 ORDER BY census_original.capital_loss LIMIT 100;"
2025-07-01T00:02:21.600000,SELECT census_original.sex FROM census_original  WHERE census_original.hours_per_week > 56.62 AND census_original.race != 'NULL' AND census_original.education_num < 72.26 ORDER BY census_original.sex LIMIT 100;
2025-07-01T00:02:21.800000,"SELECT census_original.education, census_original.workclass, census_original.capital_loss FROM census_original  WHERE census_original.age BETWEEN 50.595 AND 63.005 ORDER BY census_original.capital_loss LIMIT 100;"
2025-07-01T00:02:22.000000,SELECT census_original.workclass FROM census_original  WHERE census_original.education = 'sample' AND census_original.native_country LIKE 'sample' AND census_original.race != 'NULL' AND census_original.education_num < 62.01 ORDER BY census_original.workclass LIMIT 100;
2025-07-01T00:02:22.200000,SELECT census_original.sex FROM census_original  WHERE census_original.hours_per_week > 11.95 AND census_original.race != 'NULL' AND census_original.education_num < 62.39 ORDER BY census_original.sex LIMIT 100;
2025-07-01T00:02:22.400000,SELECT census_original.workclass FROM census_original  WHERE census_original.education = 'sample' AND census_original.native_country LIKE 'sample' AND census_original.race != 'NULL' AND census_original.education_num < 15.92 ORDER BY census_original.workclass LIMIT 100;
2025-07-01T00:02:22.600000,"SELECT census_original.age, census_original.workclass, census_original.capital_gain, census_original.education FROM census_original  WHERE census_original.race = 'NULL' ORDER BY census_original.workclass LIMIT 100;"
2025-07-01T00:02:22.800000,SELECT census_original.workclass FROM census_original  WHERE census_original.education = 'sample' AND census_original.native_country LIKE 'sample' AND census_original.race != 'NULL' AND census_original.education_num < 75.78 ORDER BY census_original.workclass LIMIT 100;
2025-07-01T00:02:23.000000,SELECT census_original.relationship FROM census_original  WHERE census_original.sex != 'NULL' AND census_original.capital_gain > 5.47 ORDER BY census_original.relationship LIMIT 100;
2025-07-01T00:02:23.200000,"SELECT census_original.education, census_original.workclass, census_original.capital_loss FROM census_original  WHERE census_original.age BETWEEN 29.925 AND 42.335 ORDER BY census_original.capital_loss LIMIT 100;"
2025-07-01T00:02:23.400000,SELECT census_original.workclass FROM census_original  WHERE census_original.education = 'sample' AND census_original.native_country LIKE 'sample' AND census_original.race != 'NULL' AND census_original.education_num < 77.66 ORDER BY census_original.workclass LIMIT 100;
2025-07-01T00:02:23.600000,SELECT census_original.sex FROM census_original  WHERE census_original.hours_per_week > 98.25 AND census_original.race != 'NULL' AND census_original.education_num < 95.35 ORDER BY census_original.sex LIMIT 100;
2025-07-01T00:02:23.800000,SELECT census_original.sex FROM census_original  WHERE census_original.hours_per_week > 2.75 AND census_original.race != 'NULL' AND census_original.education_num < 45.87 ORDER BY census_original.sex LIMIT 100;
2025-07-01T00:02:24.000000,SELECT census_original.relationship FROM census_original  WHERE census_original.sex != 'NULL' AND census_original.capital_gain > 92.75 ORDER BY census_original.relationship LIMIT 100;
2025-07-01T00:02:24.200000,SELECT census_original.workclass FROM census_original  WHERE census_original.education = 'sample' AND census_original.native_country LIKE 'sample' AND census_original.race != 'NULL' AND census_original.education_num < 50.86 ORDER BY census_original.workclass LIMIT 100;
2025-07-01T00:02:24.400000,"SELECT census_original.age, census_original.workclass, census_original.capital_gain, census_original.education FROM census_original  WHERE census_original.race = 'NULL' ORDER BY census_original.workclass LIMIT 100;"
2025-07-01T00:02:24.600000,SELECT census_original.workclass FROM census_original  WHERE census_original.education = 'sample' AND census_original.native_country LIKE 'sample' AND census_original.race != 'NULL' AND census_original.education_num < 62.0 ORDER BY census_original.workclass LIMIT 100;
2025-07-01T00:02:24.800000,"SELECT census_original.age, census_original.workclass, census_original.capital_gain, census_original.education FROM census_original  WHERE census_original.race = 'NULL' ORDER BY census_original.workclass LIMIT 100;"
2025-07-01T00:02:25.000000,"SELECT census_original.age, census_original.workclass, census_original.capital_gain, census_original.education FROM census_original  WHERE census_original.race = 'NULL' ORDER BY census_original.workclass LIMIT 100;"
2025-07-01T00:02:25.200000,"SELECT census_original.education, census_original.workclass, census_original.capital_loss FROM census_original  WHERE census_original.age BETWEEN 17.285 AND 29.695 ORDER BY census_original.capital_loss LIMIT 100;"
2025-07-01T00:02:25.400000,SELECT census_original.relationship FROM census_original  WHERE census_original.sex != 'NULL' AND census_original.capital_gain > 97.61 ORDER BY census_original.relationship LIMIT 100;
2025-07-01T00:02:25.600000,SELECT census_original.relationship FROM census_original  WHERE census_original.sex != 'NULL' AND census_original.capital_gain > 18.44 ORDER BY census_original.relationship LIMIT 100;
2025-07-01T00:02:25.800000,"SELECT census_original.education, census_original.workclass, census_original.capital_loss FROM census_original  WHERE census_original.age BETWEEN 48.495 AND 60.905 ORDER BY census_original.capital_loss LIMIT 100;"
2025-07-01T00:02:26.000000,"SELECT census_original.age, census_original.workclass, census_original.capital_gain, census_original.education FROM census_original  WHERE census_original.race = 'NULL' ORDER BY census_original.workclass LIMIT 100;"
2025-07-01T00:02:26.200000,SELECT census_original.relationship FROM census_original  WHERE census_original.sex != 'NULL' AND census_original.capital_gain > 78.88 ORDER BY census_original.relationship LIMIT 100;
2025-07-01T00:02:26.400000,"SELECT census_original.age, census_original.workclass, census_original.capital_gain, census_original.education FROM census_original  WHERE census_original.race = 'NULL' ORDER BY census_original.workclass LIMIT 100;"
2025-07-01T00:02:26.600000,SELECT census_original.workclass FROM census_original  WHERE census_original.education = 'sample' AND census_original.native_country LIKE 'sample' AND census_original.race != 'NULL' AND census_original.education_num < 84.52 ORDER BY census_original.workclass LIMIT 100;
2025-07-01T00:02:26.800000,"SELECT census_original.age, census_original.workclass, census_original.capital_gain, census_original.education FROM census_original  WHERE census_original.race = 'NULL' ORDER BY census_original.workclass LIMIT 100;"
2025-07-01T00:02:27.000000,SELECT census_original.workclass FROM census_original  WHERE census_original.education = 'sample' AND census_original.native_country LIKE 'sample' AND census_original.race != 'NULL' AND census_original.education_num < 44.35 ORDER BY census_original.workclass LIMIT 100;
2025-07-01T00:02:27.200000,SELECT census_original.relationship FROM census_original  WHERE census_original.sex != 'NULL' AND census_original.capital_gain > 26.76 ORDER BY census_original.relationship LIMIT 100;
2025-07-01T00:02:27.400000,"SELECT census_original.age, census_original.workclass, census_original.capital_gain, census_original.education FROM census_original  WHERE census_original.race = 'NULL' ORDER BY census_original.workclass LIMIT 100;"
2025-07-01T00:02:27.600000,"SELECT census_original.age, census_original.workclass, census_original.capital_gain, census_original.education FROM census_original  WHERE census_original.race = 'NULL' ORDER BY census_original.workclass LIMIT 100;"
2025-07-01T00:02:27.800000,"SELECT census_original.education, census_original.workclass, census_original.capital_loss FROM census_original  WHERE census_original.age BETWEEN 51.715 AND 64.125 ORDER BY census_original.capital_loss LIMIT 100;"
2025-07-01T00:02:28.000000,"SELECT census_original.age, census_original.workclass, census_original.capital_gain, census_original.education FROM census_original  WHERE census_original.race = 'NULL' ORDER BY census_original.workclass LIMIT 100;"
2025-07-01T00:02:28.200000,"SELECT census_original.education, census_original.workclass, census_original.capital_loss FROM census_original  WHERE census_original.age BETWEEN 35.495 AND 47.905 ORDER BY census_original.capital_loss LIMIT 100;"
2025-07-01T00:02:28.400000,SELECT census_original.sex FROM census_original  WHERE census_original.hours_per_week > 97.69 AND census_original.race != 'NULL' AND census_original.education_num < 32.51 ORDER BY census_original.sex LIMIT 100;
2025-07-01T00:02:28.600000,SELECT census_original.workclass FROM census_original  WHERE census_original.education = 'sample' AND census_original.native_country LIKE 'sample' AND census_original.race != 'NULL' AND census_original.education_num < 30.89 ORDER BY census_original.workclass LIMIT 100;
2025-07-01T00:02:28.800000,SELECT census_original.sex FROM census_original  WHERE census_original.hours_per_week > 2.23 AND census_original.race != 'NULL' AND census_original.education_num < 79.81 ORDER BY census_original.sex LIMIT 100;
2025-07-01T00:02:29.000000,SELECT census_original.sex FROM census_original  WHERE census_original.hours_per_week > 65.64 AND census_original.race != 'NULL' AND census_original.education_num < 95.58 ORDER BY census_original.sex LIMIT 100;
2025-07-01T00:02:29.200000,SELECT census_original.sex FROM census_original  WHERE census_original.hours_per_week > 86.2 AND census_original.race != 'NULL' AND census_original.education_num < 25.42 ORDER BY census_original.sex LIMIT 100;
2025-07-01T00:02:29.400000,"SELECT census_original.education, census_original.workclass, census_original.capital_loss FROM census_original  WHERE census_original.age BETWEEN 33.125 AND 45.535 ORDER BY census_original.capital_loss LIMIT 100;"
2025-07-01T00:02:29.600000,SELECT census_original.relationship FROM census_original  WHERE census_original.sex != 'NULL' AND census_original.capital_gain > 58.99 ORDER BY census_original.relationship LIMIT 100;
2025-07-01T00:02:29.800000,SELECT census_original.sex FROM census_original  WHERE census_original.hours_per_week > 5.47 AND census_original.race != 'NULL' AND census_original.education_num < 48.67 ORDER BY census_original.sex LIMIT 100;
2025-07-01T00:02:30.000000,SELECT census_original.relationship FROM census_original  WHERE census_original.sex != 'NULL' AND census_original.capital_gain > 7.54 ORDER BY census_original.relationship LIMIT 100;
2025-07-01T00:02:30.200000,"SELECT census_original.education, census_original.workclass, census_original.capital_loss FROM census_original  WHERE census_original.age BETWEEN 49.525 AND 61.935 ORDER BY census_original.capital_loss LIMIT 100;"
2025-07-01T00:02:30.400000,SELECT census_original.relationship FROM census_original  WHERE census_original.sex != 'NULL' AND census_original.capital_gain > 65.52 ORDER BY census_original.relationship LIMIT 100;
2025-07-01T00:02:30.600000,SELECT census_original.relationship FROM census_original  WHERE census_original.sex != 'NULL' AND census_original.capital_gain > 83.93 ORDER BY census_original.relationship LIMIT 100;
2025-07-01T00:02:30.800000,"SELECT census_original.age, census_original.workclass, census_original.capital_gain, census_original.education FROM census_original  WHERE census_original.race = 'NULL' ORDER BY census_original.workclass LIMIT 100;"
2025-07-01T00:02:31.000000,"SELECT census_original.age, census_original.workclass, census_original.capital_gain, census_original.education FROM census_original  WHERE census_original.race = 'NULL' ORDER BY census_original.workclass LIMIT 100;"
2025-07-01T00:02:31.200000,SELECT census_original.workclass FROM census_original  WHERE census_original.education = 'sample' AND census_original.native_country LIKE 'sample' AND census_original.race != 'NULL' AND census_original.education_num < 68.92 ORDER BY census_original.workclass LIMIT 100;
2025-07-01T00:02:31.400000,SELECT census_original.workclass FROM census_original  WHERE census_original.education = 'sample' AND census_original.native_country LIKE 'sample' AND census_original.race != 'NULL' AND census_original.education_num < 49.53 ORDER BY census_original.workclass LIMIT 100;
2025-07-01T00:02:31.600000,"SELECT census_original.age, census_original.workclass, census_original.capital_gain, census_original.education FROM census_original  WHERE census_original.race = 'NULL' ORDER BY census_original.workclass LIMIT 100;"
2025-07-01T00:02:31.800000,"SELECT census_original.education, census_original.workclass, census_original.capital_loss FROM census_original  WHERE census_original.age BETWEEN 38.395 AND 50.805 ORDER BY census_original.capital_loss LIMIT 100;"
2025-07-01T00:02:32.000000,SELECT census_original.relationship FROM census_original  WHERE census_original.sex != 'NULL' AND census_original.capital_gain > 16.59 ORDER BY census_original.relationship LIMIT 100;
2025-07-01T00:02:32.200000,SELECT census_original.relationship FROM census_original  WHERE census_original.sex != 'NULL' AND census_original.capital_gain > 10.88 ORDER BY census_original.relationship LIMIT 100;
2025-07-01T00:02:32.400000,SELECT census_original.relationship FROM census_original  WHERE census_original.sex != 'NULL' AND census_original.capital_gain > 63.68 ORDER BY census_original.relationship LIMIT 100;
2025-07-01T00:02:32.600000,SELECT census_original.sex FROM census_original  WHERE census_original.hours_per_week > 44.2 AND census_original.race != 'NULL' AND census_original.education_num < 77.69 ORDER BY census_original.sex LIMIT 100;
2025-07-01T00:02:32.800000,SELECT census_original.workclass FROM census_original  WHERE census_original.education = 'sample' AND census_original.native_country LIKE 'sample' AND census_original.race != 'NULL' AND census_original.education_num < 28.53 ORDER BY census_original.workclass LIMIT 100;
2025-07-01T00:02:33.000000,SELECT census_original.sex FROM census_original  WHERE census_original.hours_per_week > 51.76 AND census_original.race != 'NULL' AND census_original.education_num < 43.86 ORDER BY census_original.sex LIMIT 100;
2025-07-01T00:02:33.200000,SELECT census_original.sex FROM census_original  WHERE census_original.hours_per_week > 62.56 AND census_original.race != 'NULL' AND census_original.education_num < 28.05 ORDER BY census_original.sex LIMIT 100;
2025-07-01T00:02:33.400000,SELECT census_original.workclass FROM census_original  WHERE census_original.education = 'sample' AND census_original.native_country LIKE 'sample' AND census_original.race != 'NULL' AND census_original.education_num < 91.72 ORDER BY census_original.workclass LIMIT 100;
2025-07-01T00:02:33.600000,"SELECT census_original.education, census_original.workclass, census_original.capital_loss FROM census_original  WHERE census_original.age BETWEEN 41.155 AND 53.565 ORDER BY census_original.capital_loss LIMIT 100;"
2025-07-01T00:02:33.800000,"SELECT census_original.age, census_original.workclass, census_original.capital_gain, census_original.education FROM census_original  WHERE census_original.race = 'NULL' ORDER BY census_original.workclass LIMIT 100;"
2025-07-01T00:02:34.000000,SELECT census_original.relationship FROM census_original  WHERE census_original.sex != 'NULL' AND census_original.capital_gain > 67.23 ORDER BY census_original.relationship LIMIT 100;
2025-07-01T00:02:34.200000,SELECT census_original.sex FROM census_original  WHERE census_original.hours_per_week > 87.58 AND census_original.race != 'NULL' AND census_original.education_num < 34.59 ORDER BY census_original.sex LIMIT 100;
2025-07-01T00:02:34.400000,SELECT census_original.sex FROM census_original  WHERE census_original.hours_per_week > 99.32 AND census_original.race != 'NULL' AND census_original.education_num < 58.88 ORDER BY census_original.sex LIMIT 100;
2025-07-01T00:02:34.600000,SELECT census_original.relationship FROM census_original  WHERE census_original.sex != 'NULL' AND census_original.capital_gain > 27.22 ORDER BY census_original.relationship LIMIT 100;
2025-07-01T00:02:34.800000,SELECT census_original.relationship FROM census_original  WHERE census_original.sex != 'NULL' AND census_original.capital_gain > 56.87 ORDER BY census_original.relationship LIMIT 100;
2025-07-01T00:02:35.000000,SELECT census_original.sex FROM census_original  WHERE census_original.hours_per_week > 22.86 AND census_original.race != 'NULL' AND census_original.education_num < 65.95 ORDER BY census_original.sex LIMIT 100;
2025-07-01T00:02:35.200000,SELECT census_original.workclass FROM census_original  WHERE census_original.education = 'sample' AND census_original.native_country LIKE 'sample' AND census_original.race != 'NULL' AND census_original.education_num < 98.68 ORDER BY census_original.workclass LIMIT 100;
2025-07-01T00:02:35.400000,SELECT census_original.sex FROM census_original  WHERE census_original.hours_per_week > 28.24 AND census_original.race != 'NULL' AND census_original.education_num < 14.73 ORDER BY census_original.sex LIMIT 100;
2025-07-01T00:02:35.600000,"SELECT census_original.education, census_original.workclass, census_original.capital_loss FROM census_original  WHERE census_original.age BETWEEN 45.295 AND 57.705 ORDER BY census_original.capital_loss LIMIT 100;"
2025-07-01T00:02:35.800000,SELECT census_original.workclass FROM census_original  WHERE census_original.education = 'sample' AND census_original.native_country LIKE 'sample' AND census_original.race != 'NULL' AND census_original.education_num < 1.72 ORDER BY census_original.workclass LIMIT 100;
2025-07-01T00:02:36.000000,SELECT census_original.relationship FROM census_original  WHERE census_original.sex != 'NULL' AND census_original.capital_gain > 87.27 ORDER BY census_original.relationship LIMIT 100;
2025-07-01T00:02:36.200000,SELECT census_original.workclass FROM census_original  WHERE census_original.education = 'sample' AND census_original.native_country LIKE 'sample' AND census_original.race != 'NULL' AND census_original.education_num < 10.41 ORDER BY census_original.workclass LIMIT 100;
2025-07-01T00:02:36.400000,SELECT census_original.relationship FROM census_original  WHERE census_original.sex != 'NULL' AND census_original.capital_gain > 11.62 ORDER BY census_original.relationship LIMIT 100;
2025-07-01T00:02:36.600000,SELECT census_original.sex FROM census_original  WHERE census_original.hours_per_week > 66.68 AND census_original.race != 'NULL' AND census_original.education_num < 12.07 ORDER BY census_original.sex LIMIT 100;
2025-07-01T00:02:36.800000,SELECT census_original.sex FROM census_original  WHERE census_original.hours_per_week > 86.81 AND census_original.race != 'NULL' AND census_original.education_num < 12.3 ORDER BY census_original.sex LIMIT 100;
2025-07-01T00:02:37.000000,"SELECT census_original.education, census_original.workclass, census_original.capital_loss FROM census_original  WHERE census_original.age BETWEEN 66.945 AND 79.355 ORDER BY census_original.capital_loss LIMIT 100;"
2025-07-01T00:02:37.200000,SELECT census_original.workclass FROM census_original  WHERE census_original.education = 'sample' AND census_original.native_country LIKE 'sample' AND census_original.race != 'NULL' AND census_original.education_num < 12.8 ORDER BY census_original.workclass LIMIT 100;
2025-07-01T00:02:37.400000,"SELECT census_original.education, census_original.workclass, census_original.capital_loss FROM census_original  WHERE census_original.age BETWEEN 59.255 AND 71.665 ORDER BY census_original.capital_loss LIMIT 100;"
2025-07-01T00:02:37.600000,SELECT census_original.workclass FROM census_original  WHERE census_original.education = 'sample' AND census_original.native_country LIKE 'sample' AND census_original.race != 'NULL' AND census_original.education_num < 67.45 ORDER BY census_original.workclass LIMIT 100;
2025-07-01T00:02:37.800000,"SELECT census_original.education, census_original.workclass, census_original.capital_loss FROM census_original  WHERE census_original.age BETWEEN 24.025 AND 36.435 ORDER BY census_original.capital_loss LIMIT 100;"
2025-07-01T00:02:38.000000,SELECT census_original.workclass FROM census_original  WHERE census_original.education = 'sample' AND census_original.native_country LIKE 'sample' AND census_original.race != 'NULL' AND census_original.education_num < 42.44 ORDER BY census_original.workclass LIMIT 100;
2025-07-01T00:02:38.200000,SELECT census_original.sex FROM census_original  WHERE census_original.hours_per_week > 99.19 AND census_original.race != 'NULL' AND census_original.education_num < 53.61 ORDER BY census_original.sex LIMIT 100;
2025-07-01T00:02:38.400000,"SELECT census_original.age, census_original.workclass, census_original.capital_gain, census_original.education FROM census_original  WHERE census_original.race = 'NULL' ORDER BY census_original.workclass LIMIT 100;"
2025-07-01T00:02:38.600000,"SELECT census_original.education, census_original.workclass, census_original.capital_loss FROM census_original  WHERE census_original.age BETWEEN 49.695 AND 62.105 ORDER BY census_original.capital_loss LIMIT 100;"
2025-07-01T00:02:38.800000,SELECT census_original.relationship FROM census_original  WHERE census_original.sex != 'NULL' AND census_original.capital_gain > 10.33 ORDER BY census_original.relationship LIMIT 100;
2025-07-01T00:02:39.000000,SELECT census_original.workclass FROM census_original  WHERE census_original.education = 'sample' AND census_original.native_country LIKE 'sample' AND census_original.race != 'NULL' AND census_original.education_num < 94.12 ORDER BY census_original.workclass LIMIT 100;
2025-07-01T00:02:39.200000,SELECT census_original.sex FROM census_original  WHERE census_original.hours_per_week > 29.64 AND census_original.race != 'NULL' AND census_original.education_num < 26.52 ORDER BY census_original.sex LIMIT 100;
2025-07-01T00:02:39.400000,SELECT census_original.sex FROM census_original  WHERE census_original.hours_per_week > 40.05 AND census_original.race != 'NULL' AND census_original.education_num < 74.04 ORDER BY census_original.sex LIMIT 100;
2025-07-01T00:02:39.600000,"SELECT census_original.education, census_original.workclass, census_original.capital_loss FROM census_original  WHERE census_original.age BETWEEN 21.315 AND 33.725 ORDER BY census_original.capital_loss LIMIT 100;"
2025-07-01T00:02:39.800000,"SELECT census_original.education, census_original.workclass, census_original.capital_loss FROM census_original  WHERE census_original.age BETWEEN 15.585 AND 27.995 ORDER BY census_original.capital_loss LIMIT 100;"
2025-07-01T00:02:40.000000,SELECT census_original.sex FROM census_original  WHERE census_original.hours_per_week > 26.26 AND census_original.race != 'NULL' AND census_original.education_num < 62.92 ORDER BY census_original.sex LIMIT 100;
2025-07-01T00:02:40.200000,SELECT census_original.workclass FROM census_original  WHERE census_original.education = 'sample' AND census_original.native_country LIKE 'sample' AND census_original.race != 'NULL' AND census_original.education_num < 41.0 ORDER BY census_original.workclass LIMIT 100;
2025-07-01T00:02:40.400000,"SELECT census_original.education, census_original.workclass, census_original.capital_loss FROM census_original  WHERE census_original.age BETWEEN 44.355 AND 56.765 ORDER BY census_original.capital_loss LIMIT 100;"
2025-07-01T00:02:40.600000,SELECT census_original.workclass FROM census_original  WHERE census_original.education = 'sample' AND census_original.native_country LIKE 'sample' AND census_original.race != 'NULL' AND census_original.education_num < 12.47 ORDER BY census_original.workclass LIMIT 100;
2025-07-01T00:02:40.800000,SELECT census_original.workclass FROM census_original  WHERE census_original.education = 'sample' AND census_original.native_country LIKE 'sample' AND census_original.race != 'NULL' AND census_original.education_num < 41.77 ORDER BY census_original.workclass LIMIT 100;
2025-07-01T00:02:41.000000,"SELECT census_original.age, census_original.workclass, census_original.capital_gain, census_original.education FROM census_original  WHERE census_original.race = 'NULL' ORDER BY census_original.workclass LIMIT 100;"
2025-07-01T00:02:41.200000,SELECT census_original.relationship FROM census_original  WHERE census_original.sex != 'NULL' AND census_original.capital_gain > 83.17 ORDER BY census_original.relationship LIMIT 100;
2025-07-01T00:02:41.400000,"SELECT census_original.age, census_original.workclass, census_original.capital_gain, census_original.education FROM census_original  WHERE census_original.race = 'NULL' ORDER BY census_original.workclass LIMIT 100;"
2025-07-01T00:02:41.600000,"SELECT census_original.education, census_original.workclass, census_original.capital_loss FROM census_original  WHERE census_original.age BETWEEN 19.265 AND 31.675 ORDER BY census_original.capital_loss LIMIT 100;"
2025-07-01T00:02:41.800000,"SELECT census_original.age, census_original.workclass, census_original.capital_gain, census_original.education FROM census_original  WHERE census_original.race = 'NULL' ORDER BY census_original.workclass LIMIT 100;"
2025-07-01T00:02:42.000000,SELECT census_original.relationship FROM census_original  WHERE census_original.sex != 'NULL' AND census_original.capital_gain > 17.72 ORDER BY census_original.relationship LIMIT 100;
2025-07-01T00:02:42.200000,"SELECT census_original.education, census_original.workclass, census_original.capital_loss FROM census_original  WHERE census_original.age BETWEEN 28.025 AND 40.435 ORDER BY census_original.capital_loss LIMIT 100;"
2025-07-01T00:02:42.400000,SELECT census_original.relationship FROM census_original  WHERE census_original.sex != 'NULL' AND census_original.capital_gain > 97.74 ORDER BY census_original.relationship LIMIT 100;
2025-07-01T00:02:42.600000,SELECT census_original.relationship FROM census_original  WHERE census_original.sex != 'NULL' AND census_original.capital_gain > 35.07 ORDER BY census_original.relationship LIMIT 100;
2025-07-01T00:02:42.800000,"SELECT census_original.age, census_original.workclass, census_original.capital_gain, census_original.education FROM census_original  WHERE census_original.race = 'NULL' ORDER BY census_original.workclass LIMIT 100;"
2025-07-01T00:02:43.000000,SELECT census_original.relationship FROM census_original  WHERE census_original.sex != 'NULL' AND census_original.capital_gain > 32.79 ORDER BY census_original.relationship LIMIT 100;
2025-07-01T00:02:43.200000,SELECT census_original.relationship FROM census_original  WHERE census_original.sex != 'NULL' AND census_original.capital_gain > 97.88 ORDER BY census_original.relationship LIMIT 100;
2025-07-01T00:02:43.400000,SELECT census_original.workclass FROM census_original  WHERE census_original.education = 'sample' AND census_original.native_country LIKE 'sample' AND census_original.race != 'NULL' AND census_original.education_num < 49.72 ORDER BY census_original.workclass LIMIT 100;
2025-07-01T00:02:43.600000,SELECT census_original.relationship FROM census_original  WHERE census_original.sex != 'NULL' AND census_original.capital_gain > 43.68 ORDER BY census_original.relationship LIMIT 100;
2025-07-01T00:02:43.800000,SELECT census_original.relationship FROM census_original  WHERE census_original.sex != 'NULL' AND census_original.capital_gain > 20.98 ORDER BY census_original.relationship LIMIT 100;
2025-07-01T00:02:44.000000,SELECT census_original.sex FROM census_original  WHERE census_original.hours_per_week > 10.6 AND census_original.race != 'NULL' AND census_original.education_num < 84.73 ORDER BY census_original.sex LIMIT 100;
2025-07-01T00:02:44.200000,SELECT census_original.sex FROM census_original  WHERE census_original.hours_per_week > 32.73 AND census_original.race != 'NULL' AND census_original.education_num < 97.64 ORDER BY census_original.sex LIMIT 100;
2025-07-01T00:02:44.400000,SELECT census_original.workclass FROM census_original  WHERE census_original.education = 'sample' AND census_original.native_country LIKE 'sample' AND census_original.race != 'NULL' AND census_original.education_num < 39.12 ORDER BY census_original.workclass LIMIT 100;
2025-07-01T00:02:44.600000,SELECT census_original.sex FROM census_original  WHERE census_original.hours_per_week > 75.4 AND census_original.race != 'NULL' AND census_original.education_num < 12.77 ORDER BY census_original.sex LIMIT 100;
2025-07-01T00:02:44.800000,"SELECT census_original.education, census_original.workclass, census_original.capital_loss FROM census_original  WHERE census_original.age BETWEEN 14.295 AND 26.705 ORDER BY census_original.capital_loss LIMIT 100;"
2025-07-01T00:02:45.000000,SELECT census_original.sex FROM census_original  WHERE census_original.hours_per_week > 48.58 AND census_original.race != 'NULL' AND census_original.education_num < 46.19 ORDER BY census_original.sex LIMIT 100;
2025-07-01T00:02:45.200000,SELECT census_original.workclass FROM census_original  WHERE census_original.education = 'sample' AND census_original.native_country LIKE 'sample' AND census_original.race != 'NULL' AND census_original.education_num < 72.85 ORDER BY census_original.workclass LIMIT 100;
2025-07-01T00:02:45.400000,SELECT census_original.relationship FROM census_original  WHERE census_original.sex != 'NULL' AND census_original.capital_gain > 38.3 ORDER BY census_original.relationship LIMIT 100;
2025-07-01T00:02:45.600000,"SELECT census_original.age, census_original.workclass, census_original.capital_gain, census_original.education FROM census_original  WHERE census_original.race = 'NULL' ORDER BY census_original.workclass LIMIT 100;"
2025-07-01T00:02:45.800000,"SELECT census_original.education, census_original.workclass, census_original.capital_loss FROM census_original  WHERE census_original.age BETWEEN 66.115 AND 78.525 ORDER BY census_original.capital_loss LIMIT 100;"
2025-07-01T00:02:46.000000,SELECT census_original.relationship FROM census_original  WHERE census_original.sex != 'NULL' AND census_original.capital_gain > 97.47 ORDER BY census_original.relationship LIMIT 100;
2025-07-01T00:02:46.200000,"SELECT census_original.age, census_original.workclass, census_original.capital_gain, census_original.education FROM census_original  WHERE census_original.race = 'NULL' ORDER BY census_original.workclass LIMIT 100;"
2025-07-01T00:02:46.400000,SELECT census_original.relationship FROM census_original  WHERE census_original.sex != 'NULL' AND census_original.capital_gain > 38.48 ORDER BY census_original.relationship LIMIT 100;
2025-07-01T00:02:46.600000,SELECT census_original.workclass FROM census_original  WHERE census_original.education = 'sample' AND census_original.native_country LIKE 'sample' AND census_original.race != 'NULL' AND census_original.education_num < 45.98 ORDER BY census_original.workclass LIMIT 100;
2025-07-01T00:02:46.800000,SELECT census_original.workclass FROM census_original  WHERE census_original.education = 'sample' AND census_original.native_country LIKE 'sample' AND census_original.race != 'NULL' AND census_original.education_num < 38.26 ORDER BY census_original.workclass LIMIT 100;
2025-07-01T00:02:47.000000,"SELECT census_original.age, census_original.workclass, census_original.capital_gain, census_original.education FROM census_original  WHERE census_original.race = 'NULL' ORDER BY census_original.workclass LIMIT 100;"
2025-07-01T00:02:47.200000,SELECT census_original.workclass FROM census_original  WHERE census_original.education = 'sample' AND census_original.native_country LIKE 'sample' AND census_original.race != 'NULL' AND census_original.education_num < 64.12 ORDER BY census_original.workclass LIMIT 100;
2025-07-01T00:02:47.400000,"SELECT census_original.education, census_original.workclass, census_original.capital_loss FROM census_original  WHERE census_original.age BETWEEN 50.725 AND 63.135 ORDER BY census_original.capital_loss LIMIT 100;"
2025-07-01T00:02:47.600000,SELECT census_original.relationship FROM census_original  WHERE census_original.sex != 'NULL' AND census_original.capital_gain > 40.73 ORDER BY census_original.relationship LIMIT 100;
2025-07-01T00:02:47.800000,"SELECT census_original.age, census_original.workclass, census_original.capital_gain, census_original.education FROM census_original  WHERE census_original.race = 'NULL' ORDER BY census_original.workclass LIMIT 100;"
2025-07-01T00:02:48.000000,"SELECT census_original.education, census_original.workclass, census_original.capital_loss FROM census_original  WHERE census_original.age BETWEEN 60.305 AND 72.715 ORDER BY census_original.capital_loss LIMIT 100;"
2025-07-01T00:02:48.200000,SELECT census_original.sex FROM census_original  WHERE census_original.hours_per_week > 53.55 AND census_original.race != 'NULL' AND census_original.education_num < 25.59 ORDER BY census_original.sex LIMIT 100;
2025-07-01T00:02:48.400000,"SELECT census_original.age, census_original.workclass, census_original.capital_gain, census_original.education FROM census_original  WHERE census_original.race = 'NULL' ORDER BY census_original.workclass LIMIT 100;"
2025-07-01T00:02:48.600000,"SELECT census_original.education, census_original.workclass, census_original.capital_loss FROM census_original  WHERE census_original.age BETWEEN 64.505 AND 76.915 ORDER BY census_original.capital_loss LIMIT 100;"
2025-07-01T00:02:48.800000,SELECT census_original.workclass FROM census_original  WHERE census_original.education = 'sample' AND census_original.native_country LIKE 'sample' AND census_original.race != 'NULL' AND census_original.education_num < 68.89 ORDER BY census_original.workclass LIMIT 100;
2025-07-01T00:02:49.000000,SELECT census_original.workclass FROM census_original  WHERE census_original.education = 'sample' AND census_original.native_country LIKE 'sample' AND census_original.race != 'NULL' AND census_original.education_num < 82.89 ORDER BY census_original.workclass LIMIT 100;
2025-07-01T00:02:49.200000,"SELECT census_original.age, census_original.workclass, census_original.capital_gain, census_original.education FROM census_original  WHERE census_original.race = 'NULL' ORDER BY census_original.workclass LIMIT 100;"
2025-07-01T00:02:49.400000,SELECT census_original.workclass FROM census_original  WHERE census_original.education = 'sample' AND census_original.native_country LIKE 'sample' AND census_original.race != 'NULL' AND census_original.education_num < 71.25 ORDER BY census_original.workclass LIMIT 100;
2025-07-01T00:02:49.600000,SELECT census_original.relationship FROM census_original  WHERE census_original.sex != 'NULL' AND census_original.capital_gain > 16.9 ORDER BY census_original.relationship LIMIT 100;
2025-07-01T00:02:49.800000,"SELECT census_original.age, census_original.workclass, census_original.capital_gain, census_original.education FROM census_original  WHERE census_original.race = 'NULL' ORDER BY census_original.workclass LIMIT 100;"
2025-07-01T00:02:50.000000,SELECT census_original.relationship FROM census_original  WHERE census_original.sex != 'NULL' AND census_original.capital_gain > 48.81 ORDER BY census_original.relationship LIMIT 100;
2025-07-01T00:02:50.200000,"SELECT census_original.age, census_original.workclass, census_original.capital_gain, census_original.education FROM census_original  WHERE census_original.race = 'NULL' ORDER BY census_original.workclass LIMIT 100;"
2025-07-01T00:02:50.400000,SELECT census_original.workclass FROM census_original  WHERE census_original.education = 'sample' AND census_original.native_country LIKE 'sample' AND census_original.race != 'NULL' AND census_original.education_num < 47.94 ORDER BY census_original.workclass LIMIT 100;
2025-07-01T00:02:50.600000,SELECT census_original.sex FROM census_original  WHERE census_original.hours_per_week > 4.99 AND census_original.race != 'NULL' AND census_original.education_num < 45.51 ORDER BY census_original.sex LIMIT 100;
2025-07-01T00:02:50.800000,"SELECT census_original.age, census_original.workclass, census_original.capital_gain, census_original.education FROM census_original  WHERE census_original.race = 'NULL' ORDER BY census_original.workclass LIMIT 100;"
2025-07-01T00:02:51.000000,SELECT census_original.relationship FROM census_original  WHERE census_original.sex != 'NULL' AND census_original.capital_gain > 93.65 ORDER BY census_original.relationship LIMIT 100;
2025-07-01T00:02:51.200000,SELECT census_original.sex FROM census_original  WHERE census_original.hours_per_week > 83.38 AND census_original.race != 'NULL' AND census_original.education_num < 82.3 ORDER BY census_original.sex LIMIT 100;
2025-07-01T00:02:51.400000,SELECT census_original.sex FROM census_original  WHERE census_original.hours_per_week > 34.61 AND census_original.race != 'NULL' AND census_original.education_num < 95.53 ORDER BY census_original.sex LIMIT 100;
2025-07-01T00:02:51.600000,SELECT census_original.sex FROM census_original  WHERE census_original.hours_per_week > 11.2 AND census_original.race != 'NULL' AND census_original.education_num < 5.07 ORDER BY census_original.sex LIMIT 100;
2025-07-01T00:02:51.800000,SELECT census_original.relationship FROM census_original  WHERE census_original.sex != 'NULL' AND census_original.capital_gain > 75.8 ORDER BY census_original.relationship LIMIT 100;
2025-07-01T00:02:52.000000,"SELECT census_original.education, census_original.workclass, census_original.capital_loss FROM census_original  WHERE census_original.age BETWEEN 55.005 AND 67.415 ORDER BY census_original.capital_loss LIMIT 100;"
2025-07-01T00:02:52.200000,SELECT census_original.relationship FROM census_original  WHERE census_original.sex != 'NULL' AND census_original.capital_gain > 70.87 ORDER BY census_original.relationship LIMIT 100;
2025-07-01T00:02:52.400000,"SELECT census_original.age, census_original.workclass, census_original.capital_gain, census_original.education FROM census_original  WHERE census_original.race = 'NULL' ORDER BY census_original.workclass LIMIT 100;"
2025-07-01T00:02:52.600000,SELECT census_original.relationship FROM census_original  WHERE census_original.sex != 'NULL' AND census_original.capital_gain > 10.82 ORDER BY census_original.relationship LIMIT 100;
2025-07-01T00:02:52.800000,"SELECT census_original.age, census_original.workclass, census_original.capital_gain, census_original.education FROM census_original  WHERE census_original.race = 'NULL' ORDER BY census_original.workclass LIMIT 100;"
2025-07-01T00:02:53.000000,SELECT census_original.relationship FROM census_original  WHERE census_original.sex != 'NULL' AND census_original.capital_gain > 32.72 ORDER BY census_original.relationship LIMIT 100;
2025-07-01T00:02:53.200000,SELECT census_original.workclass FROM census_original  WHERE census_original.education = 'sample' AND census_original.native_country LIKE 'sample' AND census_original.race != 'NULL' AND census_original.education_num < 18.91 ORDER BY census_original.workclass LIMIT 100;
2025-07-01T00:02:53.400000,"SELECT census_original.education, census_original.workclass, census_original.capital_loss FROM census_original  WHERE census_original.age BETWEEN 44.915 AND 57.325 ORDER BY census_original.capital_loss LIMIT 100;"
2025-07-01T00:02:53.600000,"SELECT census_original.education, census_original.workclass, census_original.capital_loss FROM census_original  WHERE census_original.age BETWEEN 55.395 AND 67.805 ORDER BY census_original.capital_loss LIMIT 100;"
2025-07-01T00:02:53.800000,"SELECT census_original.age, census_original.workclass, census_original.capital_gain, census_original.education FROM census_original  WHERE census_original.race = 'NULL' ORDER BY census_original.workclass LIMIT 100;"
2025-07-01T00:02:54.000000,"SELECT census_original.age, census_original.workclass, census_original.capital_gain, census_original.education FROM census_original  WHERE census_original.race = 'NULL' ORDER BY census_original.workclass LIMIT 100;"
2025-07-01T00:02:54.200000,"SELECT census_original.age, census_original.workclass, census_original.capital_gain, census_original.education FROM census_original  WHERE census_original.race = 'NULL' ORDER BY census_original.workclass LIMIT 100;"
2025-07-01T00:02:54.400000,SELECT census_original.relationship FROM census_original  WHERE census_original.sex != 'NULL' AND census_original.capital_gain > 82.85 ORDER BY census_original.relationship LIMIT 100;
2025-07-01T00:02:54.600000,"SELECT census_original.age, census_original.workclass, census_original.capital_gain, census_original.education FROM census_original  WHERE census_original.race = 'NULL' ORDER BY census_original.workclass LIMIT 100;"
2025-07-01T00:02:54.800000,SELECT census_original.sex FROM census_original  WHERE census_original.hours_per_week > 31.94 AND census_original.race != 'NULL' AND census_original.education_num < 6.05 ORDER BY census_original.sex LIMIT 100;
2025-07-01T00:02:55.000000,SELECT census_original.relationship FROM census_original  WHERE census_original.sex != 'NULL' AND census_original.capital_gain > 89.99 ORDER BY census_original.relationship LIMIT 100;
2025-07-01T00:02:55.200000,SELECT census_original.sex FROM census_original  WHERE census_original.hours_per_week > 44.95 AND census_original.race != 'NULL' AND census_original.education_num < 93.66 ORDER BY census_original.sex LIMIT 100;
2025-07-01T00:02:55.400000,SELECT census_original.workclass FROM census_original  WHERE census_original.education = 'sample' AND census_original.native_country LIKE 'sample' AND census_original.race != 'NULL' AND census_original.education_num < 6.11 ORDER BY census_original.workclass LIMIT 100;
2025-07-01T00:02:55.600000,"SELECT census_original.education, census_original.workclass, census_original.capital_loss FROM census_original  WHERE census_original.age BETWEEN 27.825 AND 40.235 ORDER BY census_original.capital_loss LIMIT 100;"
2025-07-01T00:02:55.800000,SELECT census_original.workclass FROM census_original  WHERE census_original.education = 'sample' AND census_original.native_country LIKE 'sample' AND census_original.race != 'NULL' AND census_original.education_num < 66.9 ORDER BY census_original.workclass LIMIT 100;
2025-07-01T00:02:56.000000,SELECT census_original.sex FROM census_original  WHERE census_original.hours_per_week > 86.04 AND census_original.race != 'NULL' AND census_original.education_num < 91.35 ORDER BY census_original.sex LIMIT 100;
2025-07-01T00:02:56.200000,SELECT census_original.sex FROM census_original  WHERE census_original.hours_per_week > 28.53 AND census_original.race != 'NULL' AND census_original.education_num < 21.01 ORDER BY census_original.sex LIMIT 100;
2025-07-01T00:02:56.400000,SELECT census_original.relationship FROM census_original  WHERE census_original.sex != 'NULL' AND census_original.capital_gain > 55.54 ORDER BY census_original.relationship LIMIT 100;
2025-07-01T00:02:56.600000,SELECT census_original.relationship FROM census_original  WHERE census_original.sex != 'NULL' AND census_original.capital_gain > 96.47 ORDER BY census_original.relationship LIMIT 100;
2025-07-01T00:02:56.800000,"SELECT census_original.education, census_original.workclass, census_original.capital_loss FROM census_original  WHERE census_original.age BETWEEN 58.195 AND 70.605 ORDER BY census_original.capital_loss LIMIT 100;"
2025-07-01T00:02:57.000000,"SELECT census_original.age, census_original.workclass, census_original.capital_gain, census_original.education FROM census_original  WHERE census_original.race = 'NULL' ORDER BY census_original.workclass LIMIT 100;"
2025-07-01T00:02:57.200000,SELECT census_original.relationship FROM census_original  WHERE census_original.sex != 'NULL' AND census_original.capital_gain > 46.71 ORDER BY census_original.relationship LIMIT 100;
2025-07-01T00:02:57.400000,SELECT census_original.sex FROM census_original  WHERE census_original.hours_per_week > 59.43 AND census_original.race != 'NULL' AND census_original.education_num < 85.09 ORDER BY census_original.sex LIMIT 100;
2025-07-01T00:02:57.600000,"SELECT census_original.education, census_original.workclass, census_original.capital_loss FROM census_original  WHERE census_original.age BETWEEN 61.675 AND 74.085 ORDER BY census_original.capital_loss LIMIT 100;"
2025-07-01T00:02:57.800000,SELECT census_original.sex FROM census_original  WHERE census_original.hours_per_week > 5.69 AND census_original.race != 'NULL' AND census_original.education_num < 14.68 ORDER BY census_original.sex LIMIT 100;
2025-07-01T00:02:58.000000,SELECT census_original.relationship FROM census_original  WHERE census_original.sex != 'NULL' AND census_original.capital_gain > 82.4 ORDER BY census_original.relationship LIMIT 100;
2025-07-01T00:02:58.200000,SELECT census_original.workclass FROM census_original  WHERE census_original.education = 'sample' AND census_original.native_country LIKE 'sample' AND census_original.race != 'NULL' AND census_original.education_num < 92.85 ORDER BY census_original.workclass LIMIT 100;
2025-07-01T00:02:58.400000,SELECT census_original.sex FROM census_original  WHERE census_original.hours_per_week > 49.57 AND census_original.race != 'NULL' AND census_original.education_num < 53.44 ORDER BY census_original.sex LIMIT 100;
2025-07-01T00:02:58.600000,"SELECT census_original.age, census_original.workclass, census_original.capital_gain, census_original.education FROM census_original  WHERE census_original.race = 'NULL' ORDER BY census_original.workclass LIMIT 100;"
2025-07-01T00:02:58.800000,"SELECT census_original.education, census_original.workclass, census_original.capital_loss FROM census_original  WHERE census_original.age BETWEEN 22.145 AND 34.555 ORDER BY census_original.capital_loss LIMIT 100;"
2025-07-01T00:02:59.000000,"SELECT census_original.education, census_original.workclass, census_original.capital_loss FROM census_original  WHERE census_original.age BETWEEN 46.335 AND 58.745 ORDER BY census_original.capital_loss LIMIT 100;"
2025-07-01T00:02:59.200000,SELECT census_original.workclass FROM census_original  WHERE census_original.education = 'sample' AND census_original.native_country LIKE 'sample' AND census_original.race != 'NULL' AND census_original.education_num < 95.93 ORDER BY census_original.workclass LIMIT 100;
2025-07-01T00:02:59.400000,"SELECT census_original.age, census_original.workclass, census_original.capital_gain, census_original.education FROM census_original  WHERE census_original.race = 'NULL' ORDER BY census_original.workclass LIMIT 100;"
2025-07-01T00:02:59.600000,"SELECT census_original.age, census_original.workclass, census_original.capital_gain, census_original.education FROM census_original  WHERE census_original.race = 'NULL' ORDER BY census_original.workclass LIMIT 100;"
2025-07-01T00:02:59.800000,SELECT census_original.workclass FROM census_original  WHERE census_original.education = 'sample' AND census_original.native_country LIKE 'sample' AND census_original.race != 'NULL' AND census_original.education_num < 43.71 ORDER BY census_original.workclass LIMIT 100;
2025-07-01T00:03:00.000000,SELECT census_original.workclass FROM census_original  WHERE census_original.education = 'sample' AND census_original.native_country LIKE 'sample' AND census_original.race != 'NULL' AND census_original.education_num < 4.57 ORDER BY census_original.workclass LIMIT 100;
2025-07-01T00:03:00.200000,SELECT census_original.relationship FROM census_original  WHERE census_original.sex != 'NULL' AND census_original.capital_gain > 70.78 ORDER BY census_original.relationship LIMIT 100;
2025-07-01T00:03:00.400000,SELECT census_original.workclass FROM census_original  WHERE census_original.education = 'sample' AND census_original.native_country LIKE 'sample' AND census_original.race != 'NULL' AND census_original.education_num < 56.93 ORDER BY census_original.workclass LIMIT 100;
2025-07-01T00:03:00.600000,SELECT census_original.workclass FROM census_original  WHERE census_original.education = 'sample' AND census_original.native_country LIKE 'sample' AND census_original.race != 'NULL' AND census_original.education_num < 9.33 ORDER BY census_original.workclass LIMIT 100;
2025-07-01T00:03:00.800000,"SELECT census_original.education, census_original.workclass, census_original.capital_loss FROM census_original  WHERE census_original.age BETWEEN 25.925 AND 38.335 ORDER BY census_original.capital_loss LIMIT 100;"
2025-07-01T00:03:01.000000,SELECT census_original.sex FROM census_original  WHERE census_original.hours_per_week > 3.95 AND census_original.race != 'NULL' AND census_original.education_num < 35.3 ORDER BY census_original.sex LIMIT 100;
2025-07-01T00:03:01.200000,"SELECT census_original.education, census_original.workclass, census_original.capital_loss FROM census_original  WHERE census_original.age BETWEEN 21.235 AND 33.645 ORDER BY census_original.capital_loss LIMIT 100;"
2025-07-01T00:03:01.400000,SELECT census_original.relationship FROM census_original  WHERE census_original.sex != 'NULL' AND census_original.capital_gain > 45.65 ORDER BY census_original.relationship LIMIT 100;
2025-07-01T00:03:01.600000,SELECT census_original.sex FROM census_original  WHERE census_original.hours_per_week > 86.41 AND census_original.race != 'NULL' AND census_original.education_num < 1.12 ORDER BY census_original.sex LIMIT 100;
2025-07-01T00:03:01.800000,SELECT census_original.relationship FROM census_original  WHERE census_original.sex != 'NULL' AND census_original.capital_gain > 85.39 ORDER BY census_original.relationship LIMIT 100;
2025-07-01T00:03:02.000000,SELECT census_original.workclass FROM census_original  WHERE census_original.education = 'sample' AND census_original.native_country LIKE 'sample' AND census_original.race != 'NULL' AND census_original.education_num < 15.37 ORDER BY census_original.workclass LIMIT 100;
2025-07-01T00:03:02.200000,"SELECT census_original.education, census_original.workclass, census_original.capital_loss FROM census_original  WHERE census_original.age BETWEEN 24.915 AND 37.325 ORDER BY census_original.capital_loss LIMIT 100;"
2025-07-01T00:03:02.400000,SELECT census_original.sex FROM census_original  WHERE census_original.hours_per_week > 18.77 AND census_original.race != 'NULL' AND census_original.education_num < 41.94 ORDER BY census_original.sex LIMIT 100;
2025-07-01T00:03:02.600000,SELECT census_original.sex FROM census_original  WHERE census_original.hours_per_week > 76.08 AND census_original.race != 'NULL' AND census_original.education_num < 98.36 ORDER BY census_original.sex LIMIT 100;
2025-07-01T00:03:02.800000,SELECT census_original.workclass FROM census_original  WHERE census_original.education = 'sample' AND census_original.native_country LIKE 'sample' AND census_original.race != 'NULL' AND census_original.education_num < 47.46 ORDER BY census_original.workclass LIMIT 100;
2025-07-01T00:03:03.000000,SELECT census_original.sex FROM census_original  WHERE census_original.hours_per_week > 53.85 AND census_original.race != 'NULL' AND census_original.education_num < 7.68 ORDER BY census_original.sex LIMIT 100;
2025-07-01T00:03:03.200000,"SELECT census_original.age, census_original.workclass, census_original.capital_gain, census_original.education FROM census_original  WHERE census_original.race = 'NULL' ORDER BY census_original.workclass LIMIT 100;"
2025-07-01T00:03:03.400000,SELECT census_original.sex FROM census_original  WHERE census_original.hours_per_week > 79.57 AND census_original.race != 'NULL' AND census_original.education_num < 9.4 ORDER BY census_original.sex LIMIT 100;
2025-07-01T00:03:03.600000,SELECT census_original.workclass FROM census_original  WHERE census_original.education = 'sample' AND census_original.native_country LIKE 'sample' AND census_original.race != 'NULL' AND census_original.education_num < 13.37 ORDER BY census_original.workclass LIMIT 100;
2025-07-01T00:03:03.800000,SELECT census_original.workclass FROM census_original  WHERE census_original.education = 'sample' AND census_original.native_country LIKE 'sample' AND census_original.race != 'NULL' AND census_original.education_num < 2.06 ORDER BY census_original.workclass LIMIT 100;
2025-07-01T00:03:04.000000,SELECT census_original.workclass FROM census_original  WHERE census_original.education = 'sample' AND census_original.native_country LIKE 'sample' AND census_original.race != 'NULL' AND census_original.education_num < 53.74 ORDER BY census_original.workclass LIMIT 100;
2025-07-01T00:03:04.200000,"SELECT census_original.age, census_original.workclass, census_original.capital_gain, census_original.education FROM census_original  WHERE census_original.race = 'NULL' ORDER BY census_original.workclass LIMIT 100;"
2025-07-01T00:03:04.400000,SELECT census_original.sex FROM census_original  WHERE census_original.hours_per_week > 97.81 AND census_original.race != 'NULL' AND census_original.education_num < 41.75 ORDER BY census_original.sex LIMIT 100;
2025-07-01T00:03:04.600000,SELECT census_original.workclass FROM census_original  WHERE census_original.education = 'sample' AND census_original.native_country LIKE 'sample' AND census_original.race != 'NULL' AND census_original.education_num < 14.28 ORDER BY census_original.workclass LIMIT 100;
2025-07-01T00:03:04.800000,"SELECT census_original.age, census_original.workclass, census_original.capital_gain, census_original.education FROM census_original  WHERE census_original.race = 'NULL' ORDER BY census_original.workclass LIMIT 100;"
2025-07-01T00:03:05.000000,SELECT census_original.workclass FROM census_original  WHERE census_original.education = 'sample' AND census_original.native_country LIKE 'sample' AND census_original.race != 'NULL' AND census_original.education_num < 14.84 ORDER BY census_original.workclass LIMIT 100;
2025-07-01T00:03:05.200000,"SELECT census_original.age, census_original.workclass, census_original.capital_gain, census_original.education FROM census_original  WHERE census_original.race = 'NULL' ORDER BY census_original.workclass LIMIT 100;"
2025-07-01T00:03:05.400000,SELECT census_original.sex FROM census_original  WHERE census_original.hours_per_week > 76.72 AND census_original.race != 'NULL' AND census_original.education_num < 87.79 ORDER BY census_original.sex LIMIT 100;
2025-07-01T00:03:05.600000,SELECT census_original.sex FROM census_original  WHERE census_original.hours_per_week > 34.89 AND census_original.race != 'NULL' AND census_original.education_num < 41.41 ORDER BY census_original.sex LIMIT 100;
2025-07-01T00:03:05.800000,SELECT census_original.sex FROM census_original  WHERE census_original.hours_per_week > 59.93 AND census_original.race != 'NULL' AND census_original.education_num < 39.84 ORDER BY census_original.sex LIMIT 100;
2025-07-01T00:03:06.000000,SELECT census_original.workclass FROM census_original  WHERE census_original.education = 'sample' AND census_original.native_country LIKE 'sample' AND census_original.race != 'NULL' AND census_original.education_num < 85.8 ORDER BY census_original.workclass LIMIT 100;
2025-07-01T00:03:06.200000,"SELECT census_original.education, census_original.workclass, census_original.capital_loss FROM census_original  WHERE census_original.age BETWEEN 66.435 AND 78.845 ORDER BY census_original.capital_loss LIMIT 100;"
2025-07-01T00:03:06.400000,"SELECT census_original.age, census_original.workclass, census_original.capital_gain, census_original.education FROM census_original  WHERE census_original.race = 'NULL' ORDER BY census_original.workclass LIMIT 100;"
2025-07-01T00:03:06.600000,SELECT census_original.relationship FROM census_original  WHERE census_original.sex != 'NULL' AND census_original.capital_gain > 57.08 ORDER BY census_original.relationship LIMIT 100;
2025-07-01T00:03:06.800000,SELECT census_original.workclass FROM census_original  WHERE census_original.education = 'sample' AND census_original.native_country LIKE 'sample' AND census_original.race != 'NULL' AND census_original.education_num < 37.29 ORDER BY census_original.workclass LIMIT 100;
2025-07-01T00:03:07.000000,SELECT census_original.relationship FROM census_original  WHERE census_original.sex != 'NULL' AND census_original.capital_gain > 7.62 ORDER BY census_original.relationship LIMIT 100;
2025-07-01T00:03:07.200000,SELECT census_original.sex FROM census_original  WHERE census_original.hours_per_week > 41.08 AND census_original.race != 'NULL' AND census_original.education_num < 76.24 ORDER BY census_original.sex LIMIT 100;
2025-07-01T00:03:07.400000,SELECT census_original.relationship FROM census_original  WHERE census_original.sex != 'NULL' AND census_original.capital_gain > 63.48 ORDER BY census_original.relationship LIMIT 100;
2025-07-01T00:03:07.600000,"SELECT census_original.age, census_original.workclass, census_original.capital_gain, census_original.education FROM census_original  WHERE census_original.race = 'NULL' ORDER BY census_original.workclass LIMIT 100;"
2025-07-01T00:03:07.800000,"SELECT census_original.age, census_original.workclass, census_original.capital_gain, census_original.education FROM census_original  WHERE census_original.race = 'NULL' ORDER BY census_original.workclass LIMIT 100;"
2025-07-01T00:03:08.000000,SELECT census_original.workclass FROM census_original  WHERE census_original.education = 'sample' AND census_original.native_country LIKE 'sample' AND census_original.race != 'NULL' AND census_original.education_num < 9.95 ORDER BY census_original.workclass LIMIT 100;
2025-07-01T00:03:08.200000,SELECT census_original.workclass FROM census_original  WHERE census_original.education = 'sample' AND census_original.native_country LIKE 'sample' AND census_original.race != 'NULL' AND census_original.education_num < 60.48 ORDER BY census_original.workclass LIMIT 100;
2025-07-01T00:03:08.400000,"SELECT census_original.education, census_original.workclass, census_original.capital_loss FROM census_original  WHERE census_original.age BETWEEN 62.575 AND 74.985 ORDER BY census_original.capital_loss LIMIT 100;"
2025-07-01T00:03:08.600000,SELECT census_original.relationship FROM census_original  WHERE census_original.sex != 'NULL' AND census_original.capital_gain > 14.82 ORDER BY census_original.relationship LIMIT 100;
2025-07-01T00:03:08.800000,SELECT census_original.relationship FROM census_original  WHERE census_original.sex != 'NULL' AND census_original.capital_gain > 83.91 ORDER BY census_original.relationship LIMIT 100;
2025-07-01T00:03:09.000000,SELECT census_original.workclass FROM census_original  WHERE census_original.education = 'sample' AND census_original.native_country LIKE 'sample' AND census_original.race != 'NULL' AND census_original.education_num < 62.98 ORDER BY census_original.workclass LIMIT 100;
2025-07-01T00:03:09.200000,"SELECT census_original.education, census_original.workclass, census_original.capital_loss FROM census_original  WHERE census_original.age BETWEEN 63.245 AND 75.655 ORDER BY census_original.capital_loss LIMIT 100;"
2025-07-01T00:03:09.400000,SELECT census_original.sex FROM census_original  WHERE census_original.hours_per_week > 97.01 AND census_original.race != 'NULL' AND census_original.education_num < 98.47 ORDER BY census_original.sex LIMIT 100;
2025-07-01T00:03:09.600000,SELECT census_original.sex FROM census_original  WHERE census_original.hours_per_week > 25.12 AND census_original.race != 'NULL' AND census_original.education_num < 10.79 ORDER BY census_original.sex LIMIT 100;
2025-07-01T00:03:09.800000,SELECT census_original.workclass FROM census_original  WHERE census_original.education = 'sample' AND census_original.native_country LIKE 'sample' AND census_original.race != 'NULL' AND census_original.education_num < 53.61 ORDER BY census_original.workclass LIMIT 100;
2025-07-01T00:03:10.000000,SELECT census_original.workclass FROM census_original  WHERE census_original.education = 'sample' AND census_original.native_country LIKE 'sample' AND census_original.race != 'NULL' AND census_original.education_num < 15.7 ORDER BY census_original.workclass LIMIT 100;
2025-07-01T00:03:10.200000,SELECT census_original.sex FROM census_original  WHERE census_original.hours_per_week > 55.99 AND census_original.race != 'NULL' AND census_original.education_num < 80.4 ORDER BY census_original.sex LIMIT 100;
2025-07-01T00:03:10.400000,"SELECT census_original.education, census_original.workclass, census_original.capital_loss FROM census_original  WHERE census_original.age BETWEEN 67.405 AND 79.815 ORDER BY census_original.capital_loss LIMIT 100;"
2025-07-01T00:03:10.600000,SELECT census_original.relationship FROM census_original  WHERE census_original.sex != 'NULL' AND census_original.capital_gain > 94.94 ORDER BY census_original.relationship LIMIT 100;
2025-07-01T00:03:10.800000,SELECT census_original.workclass FROM census_original  WHERE census_original.education = 'sample' AND census_original.native_country LIKE 'sample' AND census_original.race != 'NULL' AND census_original.education_num < 27.78 ORDER BY census_original.workclass LIMIT 100;
2025-07-01T00:03:11.000000,"SELECT census_original.education, census_original.workclass, census_original.capital_loss FROM census_original  WHERE census_original.age BETWEEN 62.875 AND 75.285 ORDER BY census_original.capital_loss LIMIT 100;"
2025-07-01T00:03:11.200000,"SELECT census_original.education, census_original.workclass, census_original.capital_loss FROM census_original  WHERE census_original.age BETWEEN 36.075 AND 48.485 ORDER BY census_original.capital_loss LIMIT 100;"
2025-07-01T00:03:11.400000,"SELECT census_original.age, census_original.workclass, census_original.capital_gain, census_original.education FROM census_original  WHERE census_original.race = 'NULL' ORDER BY census_original.workclass LIMIT 100;"
2025-07-01T00:03:11.600000,"SELECT census_original.age, census_original.workclass, census_original.capital_gain, census_original.education FROM census_original  WHERE census_original.race = 'NULL' ORDER BY census_original.workclass LIMIT 100;"
2025-07-01T00:03:11.800000,SELECT census_original.relationship FROM census_original  WHERE census_original.sex != 'NULL' AND census_original.capital_gain > 93.68 ORDER BY census_original.relationship LIMIT 100;
2025-07-01T00:03:12.000000,SELECT census_original.workclass FROM census_original  WHERE census_original.education = 'sample' AND census_original.native_country LIKE 'sample' AND census_original.race != 'NULL' AND census_original.education_num < 89.81 ORDER BY census_original.workclass LIMIT 100;
2025-07-01T00:03:12.200000,SELECT census_original.relationship FROM census_original  WHERE census_original.sex != 'NULL' AND census_original.capital_gain > 35.44 ORDER BY census_original.relationship LIMIT 100;
2025-07-01T00:03:12.400000,"SELECT census_original.education, census_original.workclass, census_original.capital_loss FROM census_original  WHERE census_original.age BETWEEN 29.485 AND 41.895 ORDER BY census_original.capital_loss LIMIT 100;"
2025-07-01T00:03:12.600000,"SELECT census_original.age, census_original.workclass, census_original.capital_gain, census_original.education FROM census_original  WHERE census_original.race = 'NULL' ORDER BY census_original.workclass LIMIT 100;"
2025-07-01T00:03:12.800000,SELECT census_original.relationship FROM census_original  WHERE census_original.sex != 'NULL' AND census_original.capital_gain > 12.63 ORDER BY census_original.relationship LIMIT 100;
2025-07-01T00:03:13.000000,SELECT census_original.relationship FROM census_original  WHERE census_original.sex != 'NULL' AND census_original.capital_gain > 42.75 ORDER BY census_original.relationship LIMIT 100;
2025-07-01T00:03:13.200000,"SELECT census_original.age, census_original.workclass, census_original.capital_gain, census_original.education FROM census_original  WHERE census_original.race = 'NULL' ORDER BY census_original.workclass LIMIT 100;"
2025-07-01T00:03:13.400000,SELECT census_original.sex FROM census_original  WHERE census_original.hours_per_week > 45.54 AND census_original.race != 'NULL' AND census_original.education_num < 25.28 ORDER BY census_original.sex LIMIT 100;
2025-07-01T00:03:13.600000,"SELECT census_original.education, census_original.workclass, census_original.capital_loss FROM census_original  WHERE census_original.age BETWEEN 15.115 AND 27.525 ORDER BY census_original.capital_loss LIMIT 100;"
2025-07-01T00:03:13.800000,SELECT census_original.workclass FROM census_original  WHERE census_original.education = 'sample' AND census_original.native_country LIKE 'sample' AND census_original.race != 'NULL' AND census_original.education_num < 47.94 ORDER BY census_original.workclass LIMIT 100;
2025-07-01T00:03:14.000000,SELECT census_original.workclass FROM census_original  WHERE census_original.education = 'sample' AND census_original.native_country LIKE 'sample' AND census_original.race != 'NULL' AND census_original.education_num < 34.51 ORDER BY census_original.workclass LIMIT 100;
2025-07-01T00:03:14.200000,SELECT census_original.sex FROM census_original  WHERE census_original.hours_per_week > 71.31 AND census_original.race != 'NULL' AND census_original.education_num < 85.28 ORDER BY census_original.sex LIMIT 100;
2025-07-01T00:03:14.400000,"SELECT census_original.age, census_original.workclass, census_original.capital_gain, census_original.education FROM census_original  WHERE census_original.race = 'NULL' ORDER BY census_original.workclass LIMIT 100;"
2025-07-01T00:03:14.600000,"SELECT census_original.education, census_original.workclass, census_original.capital_loss FROM census_original  WHERE census_original.age BETWEEN 48.955 AND 61.365 ORDER BY census_original.capital_loss LIMIT 100;"
2025-07-01T00:03:14.800000,"SELECT census_original.education, census_original.workclass, census_original.capital_loss FROM census_original  WHERE census_original.age BETWEEN 28.225 AND 40.635 ORDER BY census_original.capital_loss LIMIT 100;"
2025-07-01T00:03:15.000000,"SELECT census_original.education, census_original.workclass, census_original.capital_loss FROM census_original  WHERE census_original.age BETWEEN 22.885 AND 35.295 ORDER BY census_original.capital_loss LIMIT 100;"
2025-07-01T00:03:15.200000,SELECT census_original.sex FROM census_original  WHERE census_original.hours_per_week > 27.79 AND census_original.race != 'NULL' AND census_original.education_num < 88.6 ORDER BY census_original.sex LIMIT 100;
2025-07-01T00:03:15.400000,"SELECT census_original.education, census_original.workclass, census_original.capital_loss FROM census_original  WHERE census_original.age BETWEEN 19.995 AND 32.405 ORDER BY census_original.capital_loss LIMIT 100;"
2025-07-01T00:03:15.600000,SELECT census_original.workclass FROM census_original  WHERE census_original.education = 'sample' AND census_original.native_country LIKE 'sample' AND census_original.race != 'NULL' AND census_original.education_num < 37.13 ORDER BY census_original.workclass LIMIT 100;
2025-07-01T00:03:15.800000,"SELECT census_original.education, census_original.workclass, census_original.capital_loss FROM census_original  WHERE census_original.age BETWEEN 19.795 AND 32.205 ORDER BY census_original.capital_loss LIMIT 100;"
2025-07-01T00:03:16.000000,SELECT census_original.relationship FROM census_original  WHERE census_original.sex != 'NULL' AND census_original.capital_gain > 49.13 ORDER BY census_original.relationship LIMIT 100;
2025-07-01T00:03:16.200000,SELECT census_original.workclass FROM census_original  WHERE census_original.education = 'sample' AND census_original.native_country LIKE 'sample' AND census_original.race != 'NULL' AND census_original.education_num < 12.73 ORDER BY census_original.workclass LIMIT 100;
2025-07-01T00:03:16.400000,"SELECT census_original.education, census_original.workclass, census_original.capital_loss FROM census_original  WHERE census_original.age BETWEEN 59.075 AND 71.485 ORDER BY census_original.capital_loss LIMIT 100;"
2025-07-01T00:03:16.600000,SELECT census_original.workclass FROM census_original  WHERE census_original.education = 'sample' AND census_original.native_country LIKE 'sample' AND census_original.race != 'NULL' AND census_original.education_num < 51.33 ORDER BY census_original.workclass LIMIT 100;
2025-07-01T00:03:16.800000,SELECT census_original.sex FROM census_original  WHERE census_original.hours_per_week > 78.28 AND census_original.race != 'NULL' AND census_original.education_num < 84.28 ORDER BY census_original.sex LIMIT 100;
2025-07-01T00:03:17.000000,SELECT census_original.workclass FROM census_original  WHERE census_original.education = 'sample' AND census_original.native_country LIKE 'sample' AND census_original.race != 'NULL' AND census_original.education_num < 17.42 ORDER BY census_original.workclass LIMIT 100;
2025-07-01T00:03:17.200000,"SELECT census_original.education, census_original.workclass, census_original.capital_loss FROM census_original  WHERE census_original.age BETWEEN 47.725 AND 60.135 ORDER BY census_original.capital_loss LIMIT 100;"
2025-07-01T00:03:17.400000,"SELECT census_original.age, census_original.workclass, census_original.capital_gain, census_original.education FROM census_original  WHERE census_original.race = 'NULL' ORDER BY census_original.workclass LIMIT 100;"
2025-07-01T00:03:17.600000,SELECT census_original.workclass FROM census_original  WHERE census_original.education = 'sample' AND census_original.native_country LIKE 'sample' AND census_original.race != 'NULL' AND census_original.education_num < 14.08 ORDER BY census_original.workclass LIMIT 100;
2025-07-01T00:03:17.800000,SELECT census_original.workclass FROM census_original  WHERE census_original.education = 'sample' AND census_original.native_country LIKE 'sample' AND census_original.race != 'NULL' AND census_original.education_num < 59.42 ORDER BY census_original.workclass LIMIT 100;
2025-07-01T00:03:18.000000,SELECT census_original.workclass FROM census_original  WHERE census_original.education = 'sample' AND census_original.native_country LIKE 'sample' AND census_original.race != 'NULL' AND census_original.education_num < 73.24 ORDER BY census_original.workclass LIMIT 100;
2025-07-01T00:03:18.200000,"SELECT census_original.age, census_original.workclass, census_original.capital_gain, census_original.education FROM census_original  WHERE census_original.race = 'NULL' ORDER BY census_original.workclass LIMIT 100;"
2025-07-01T00:03:18.400000,"SELECT census_original.education, census_original.workclass, census_original.capital_loss FROM census_original  WHERE census_original.age BETWEEN 59.305 AND 71.715 ORDER BY census_original.capital_loss LIMIT 100;"
2025-07-01T00:03:18.600000,"SELECT census_original.education, census_original.workclass, census_original.capital_loss FROM census_original  WHERE census_original.age BETWEEN 52.965 AND 65.375 ORDER BY census_original.capital_loss LIMIT 100;"
2025-07-01T00:03:18.800000,SELECT census_original.workclass FROM census_original  WHERE census_original.education = 'sample' AND census_original.native_country LIKE 'sample' AND census_original.race != 'NULL' AND census_original.education_num < 16.6 ORDER BY census_original.workclass LIMIT 100;
2025-07-01T00:03:19.000000,"SELECT census_original.education, census_original.workclass, census_original.capital_loss FROM census_original  WHERE census_original.age BETWEEN 65.145 AND 77.555 ORDER BY census_original.capital_loss LIMIT 100;"
2025-07-01T00:03:19.200000,SELECT census_original.workclass FROM census_original  WHERE census_original.education = 'sample' AND census_original.native_country LIKE 'sample' AND census_original.race != 'NULL' AND census_original.education_num < 18.14 ORDER BY census_original.workclass LIMIT 100;
2025-07-01T00:03:19.400000,SELECT census_original.workclass FROM census_original  WHERE census_original.education = 'sample' AND census_original.native_country LIKE 'sample' AND census_original.race != 'NULL' AND census_original.education_num < 18.13 ORDER BY census_original.workclass LIMIT 100;
2025-07-01T00:03:19.600000,SELECT census_original.sex FROM census_original  WHERE census_original.hours_per_week > 91.96 AND census_original.race != 'NULL' AND census_original.education_num < 1.92 ORDER BY census_original.sex LIMIT 100;
2025-07-01T00:03:19.800000,SELECT census_original.sex FROM census_original  WHERE census_original.hours_per_week > 62.57 AND census_original.race != 'NULL' AND census_original.education_num < 85.95 ORDER BY census_original.sex LIMIT 100;
2025-07-01T00:03:20.000000,SELECT census_original.workclass FROM census_original  WHERE census_original.education = 'sample' AND census_original.native_country LIKE 'sample' AND census_original.race != 'NULL' AND census_original.education_num < 6.5 ORDER BY census_original.workclass LIMIT 100;
2025-07-01T00:03:20.200000,SELECT census_original.sex FROM census_original  WHERE census_original.hours_per_week > 16.13 AND census_original.race != 'NULL' AND census_original.education_num < 92.15 ORDER BY census_original.sex LIMIT 100;
2025-07-01T00:03:20.400000,"SELECT census_original.age, census_original.workclass, census_original.capital_gain, census_original.education FROM census_original  WHERE census_original.race = 'NULL' ORDER BY census_original.workclass LIMIT 100;"
2025-07-01T00:03:20.600000,"SELECT census_original.education, census_original.workclass, census_original.capital_loss FROM census_original  WHERE census_original.age BETWEEN 64.665 AND 77.075 ORDER BY census_original.capital_loss LIMIT 100;"
2025-07-01T00:03:20.800000,SELECT census_original.workclass FROM census_original  WHERE census_original.education = 'sample' AND census_original.native_country LIKE 'sample' AND census_original.race != 'NULL' AND census_original.education_num < 13.07 ORDER BY census_original.workclass LIMIT 100;
2025-07-01T00:03:21.000000,SELECT census_original.sex FROM census_original  WHERE census_original.hours_per_week > 1.4 AND census_original.race != 'NULL' AND census_original.education_num < 2.64 ORDER BY census_original.sex LIMIT 100;
2025-07-01T00:03:21.200000,"SELECT census_original.age, census_original.workclass, census_original.capital_gain, census_original.education FROM census_original  WHERE census_original.race = 'NULL' ORDER BY census_original.workclass LIMIT 100;"
2025-07-01T00:03:21.400000,SELECT census_original.relationship FROM census_original  WHERE census_original.sex != 'NULL' AND census_original.capital_gain > 61.61 ORDER BY census_original.relationship LIMIT 100;
2025-07-01T00:03:21.600000,"SELECT census_original.age, census_original.workclass, census_original.capital_gain, census_original.education FROM census_original  WHERE census_original.race = 'NULL' ORDER BY census_original.workclass LIMIT 100;"
2025-07-01T00:03:21.800000,SELECT census_original.workclass FROM census_original  WHERE census_original.education = 'sample' AND census_original.native_country LIKE 'sample' AND census_original.race != 'NULL' AND census_original.education_num < 76.49 ORDER BY census_original.workclass LIMIT 100;
2025-07-01T00:03:22.000000,SELECT census_original.workclass FROM census_original  WHERE census_original.education = 'sample' AND census_original.native_country LIKE 'sample' AND census_original.race != 'NULL' AND census_original.education_num < 48.61 ORDER BY census_original.workclass LIMIT 100;
2025-07-01T00:03:22.200000,"SELECT census_original.age, census_original.workclass, census_original.capital_gain, census_original.education FROM census_original  WHERE census_original.race = 'NULL' ORDER BY census_original.workclass LIMIT 100;"
2025-07-01T00:03:22.400000,SELECT census_original.workclass FROM census_original  WHERE census_original.education = 'sample' AND census_original.native_country LIKE 'sample' AND census_original.race != 'NULL' AND census_original.education_num < 52.51 ORDER BY census_original.workclass LIMIT 100;
2025-07-01T00:03:22.600000,SELECT census_original.relationship FROM census_original  WHERE census_original.sex != 'NULL' AND census_original.capital_gain > 77.31 ORDER BY census_original.relationship LIMIT 100;
2025-07-01T00:03:22.800000,"SELECT census_original.education, census_original.workclass, census_original.capital_loss FROM census_original  WHERE census_original.age BETWEEN 53.915 AND 66.325 ORDER BY census_original.capital_loss LIMIT 100;"
2025-07-01T00:03:23.000000,"SELECT census_original.education, census_original.workclass, census_original.capital_loss FROM census_original  WHERE census_original.age BETWEEN 17.445 AND 29.855 ORDER BY census_original.capital_loss LIMIT 100;"
2025-07-01T00:03:23.200000,"SELECT census_original.age, census_original.workclass, census_original.capital_gain, census_original.education FROM census_original  WHERE census_original.race = 'NULL' ORDER BY census_original.workclass LIMIT 100;"
2025-07-01T00:03:23.400000,"SELECT census_original.education, census_original.workclass, census_original.capital_loss FROM census_original  WHERE census_original.age BETWEEN 55.915 AND 68.325 ORDER BY census_original.capital_loss LIMIT 100;"
2025-07-01T00:03:23.600000,SELECT census_original.workclass FROM census_original  WHERE census_original.education = 'sample' AND census_original.native_country LIKE 'sample' AND census_original.race != 'NULL' AND census_original.education_num < 90.8 ORDER BY census_original.workclass LIMIT 100;
2025-07-01T00:03:23.800000,"SELECT census_original.age, census_original.workclass, census_original.capital_gain, census_original.education FROM census_original  WHERE census_original.race = 'NULL' ORDER BY census_original.workclass LIMIT 100;"
2025-07-01T00:03:24.000000,"SELECT census_original.age, census_original.workclass, census_original.capital_gain, census_original.education FROM census_original  WHERE census_original.race = 'NULL' ORDER BY census_original.workclass LIMIT 100;"
2025-07-01T00:03:24.200000,"SELECT census_original.age, census_original.workclass, census_original.capital_gain, census_original.education FROM census_original  WHERE census_original.race = 'NULL' ORDER BY census_original.workclass LIMIT 100;"
2025-07-01T00:03:24.400000,"SELECT census_original.age, census_original.workclass, census_original.capital_gain, census_original.education FROM census_original  WHERE census_original.race = 'NULL' ORDER BY census_original.workclass LIMIT 100;"
2025-07-01T00:03:24.600000,SELECT census_original.workclass FROM census_original  WHERE census_original.education = 'sample' AND census_original.native_country LIKE 'sample' AND census_original.race != 'NULL' AND census_original.education_num < 73.75 ORDER BY census_original.workclass LIMIT 100;
2025-07-01T00:03:24.800000,"SELECT census_original.age, census_original.workclass, census_original.capital_gain, census_original.education FROM census_original  WHERE census_original.race = 'NULL' ORDER BY census_original.workclass LIMIT 100;"
2025-07-01T00:03:25.000000,SELECT census_original.relationship FROM census_original  WHERE census_original.sex != 'NULL' AND census_original.capital_gain > 32.16 ORDER BY census_original.relationship LIMIT 100;
2025-07-01T00:03:25.200000,SELECT census_original.workclass FROM census_original  WHERE census_original.education = 'sample' AND census_original.native_country LIKE 'sample' AND census_original.race != 'NULL' AND census_original.education_num < 25.12 ORDER BY census_original.workclass LIMIT 100;
2025-07-01T00:03:25.400000,SELECT census_original.relationship FROM census_original  WHERE census_original.sex != 'NULL' AND census_original.capital_gain > 6.47 ORDER BY census_original.relationship LIMIT 100;
2025-07-01T00:03:25.600000,"SELECT census_original.education, census_original.workclass, census_original.capital_loss FROM census_original  WHERE census_original.age BETWEEN 20.125 AND 32.535 ORDER BY census_original.capital_loss LIMIT 100;"
2025-07-01T00:03:25.800000,SELECT census_original.workclass FROM census_original  WHERE census_original.education = 'sample' AND census_original.native_country LIKE 'sample' AND census_original.race != 'NULL' AND census_original.education_num < 46.82 ORDER BY census_original.workclass LIMIT 100;
2025-07-01T00:03:26.000000,SELECT census_original.relationship FROM census_original  WHERE census_original.sex != 'NULL' AND census_original.capital_gain > 54.11 ORDER BY census_original.relationship LIMIT 100;
2025-07-01T00:03:26.200000,SELECT census_original.workclass FROM census_original  WHERE census_original.education = 'sample' AND census_original.native_country LIKE 'sample' AND census_original.race != 'NULL' AND census_original.education_num < 34.03 ORDER BY census_original.workclass LIMIT 100;
2025-07-01T00:03:26.400000,SELECT census_original.workclass FROM census_original  WHERE census_original.education = 'sample' AND census_original.native_country LIKE 'sample' AND census_original.race != 'NULL' AND census_original.education_num < 52.98 ORDER BY census_original.workclass LIMIT 100;
2025-07-01T00:03:26.600000,SELECT census_original.workclass FROM census_original  WHERE census_original.education = 'sample' AND census_original.native_country LIKE 'sample' AND census_original.race != 'NULL' AND census_original.education_num < 86.21 ORDER BY census_original.workclass LIMIT 100;
2025-07-01T00:03:26.800000,SELECT census_original.workclass FROM census_original  WHERE census_original.education = 'sample' AND census_original.native_country LIKE 'sample' AND census_original.race != 'NULL' AND census_original.education_num < 33.42 ORDER BY census_original.workclass LIMIT 100;
2025-07-01T00:03:27.000000,SELECT census_original.relationship FROM census_original  WHERE census_original.sex != 'NULL' AND census_original.capital_gain > 54.18 ORDER BY census_original.relationship LIMIT 100;
2025-07-01T00:03:27.200000,SELECT census_original.sex FROM census_original  WHERE census_original.hours_per_week > 47.37 AND census_original.race != 'NULL' AND census_original.education_num < 26.68 ORDER BY census_original.sex LIMIT 100;
2025-07-01T00:03:27.400000,SELECT census_original.relationship FROM census_original  WHERE census_original.sex != 'NULL' AND census_original.capital_gain > 58.89 ORDER BY census_original.relationship LIMIT 100;
2025-07-01T00:03:27.600000,"SELECT census_original.education, census_original.workclass, census_original.capital_loss FROM census_original  WHERE census_original.age BETWEEN 44.385 AND 56.795 ORDER BY census_original.capital_loss LIMIT 100;"
2025-07-01T00:03:27.800000,SELECT census_original.workclass FROM census_original  WHERE census_original.education = 'sample' AND census_original.native_country LIKE 'sample' AND census_original.race != 'NULL' AND census_original.education_num < 40.46 ORDER BY census_original.workclass LIMIT 100;
2025-07-01T00:03:28.000000,SELECT census_original.workclass FROM census_original  WHERE census_original.education = 'sample' AND census_original.native_country LIKE 'sample' AND census_original.race != 'NULL' AND census_original.education_num < 71.28 ORDER BY census_original.workclass LIMIT 100;
2025-07-01T00:03:28.200000,"SELECT census_original.age, census_original.workclass, census_original.capital_gain, census_original.education FROM census_original  WHERE census_original.race = 'NULL' ORDER BY census_original.workclass LIMIT 100;"
2025-07-01T00:03:28.400000,"SELECT census_original.education, census_original.workclass, census_original.capital_loss FROM census_original  WHERE census_original.age BETWEEN 51.545 AND 63.955 ORDER BY census_original.capital_loss LIMIT 100;"
2025-07-01T00:03:28.600000,SELECT census_original.sex FROM census_original  WHERE census_original.hours_per_week > 19.39 AND census_original.race != 'NULL' AND census_original.education_num < 52.68 ORDER BY census_original.sex LIMIT 100;
2025-07-01T00:03:28.800000,SELECT census_original.sex FROM census_original  WHERE census_original.hours_per_week > 10.08 AND census_original.race != 'NULL' AND census_original.education_num < 67.08 ORDER BY census_original.sex LIMIT 100;
2025-07-01T00:03:29.000000,"SELECT census_original.age, census_original.workclass, census_original.capital_gain, census_original.education FROM census_original  WHERE census_original.race = 'NULL' ORDER BY census_original.workclass LIMIT 100;"
2025-07-01T00:03:29.200000,SELECT census_original.relationship FROM census_original  WHERE census_original.sex != 'NULL' AND census_original.capital_gain > 9.89 ORDER BY census_original.relationship LIMIT 100;
2025-07-01T00:03:29.400000,SELECT census_original.relationship FROM census_original  WHERE census_original.sex != 'NULL' AND census_original.capital_gain > 67.16 ORDER BY census_original.relationship LIMIT 100;
2025-07-01T00:03:29.600000,SELECT census_original.sex FROM census_original  WHERE census_original.hours_per_week > 8.11 AND census_original.race != 'NULL' AND census_original.education_num < 14.64 ORDER BY census_original.sex LIMIT 100;
2025-07-01T00:03:29.800000,SELECT census_original.sex FROM census_original  WHERE census_original.hours_per_week > 75.6 AND census_original.race != 'NULL' AND census_original.education_num < 88.22 ORDER BY census_original.sex LIMIT 100;
2025-07-01T00:03:30.000000,SELECT census_original.workclass FROM census_original  WHERE census_original.education = 'sample' AND census_original.native_country LIKE 'sample' AND census_original.race != 'NULL' AND census_original.education_num < 60.25 ORDER BY census_original.workclass LIMIT 100;
2025-07-01T00:03:30.200000,SELECT census_original.sex FROM census_original  WHERE census_original.hours_per_week > 29.62 AND census_original.race != 'NULL' AND census_original.education_num < 73.74 ORDER BY census_original.sex LIMIT 100;
2025-07-01T00:03:30.400000,SELECT census_original.workclass FROM census_original  WHERE census_original.education = 'sample' AND census_original.native_country LIKE 'sample' AND census_original.race != 'NULL' AND census_original.education_num < 83.85 ORDER BY census_original.workclass LIMIT 100;
2025-07-01T00:03:30.600000,SELECT census_original.workclass FROM census_original  WHERE census_original.education = 'sample' AND census_original.native_country LIKE 'sample' AND census_original.race != 'NULL' AND census_original.education_num < 3.46 ORDER BY census_original.workclass LIMIT 100;
2025-07-01T00:03:30.800000,"SELECT census_original.education, census_original.workclass, census_original.capital_loss FROM census_original  WHERE census_original.age BETWEEN 49.575 AND 61.985 ORDER BY census_original.capital_loss LIMIT 100;"
2025-07-01T00:03:31.000000,"SELECT census_original.education, census_original.workclass, census_original.capital_loss FROM census_original  WHERE census_original.age BETWEEN 43.545 AND 55.955 ORDER BY census_original.capital_loss LIMIT 100;"
2025-07-01T00:03:31.200000,SELECT census_original.sex FROM census_original  WHERE census_original.hours_per_week > 16.24 AND census_original.race != 'NULL' AND census_original.education_num < 42.86 ORDER BY census_original.sex LIMIT 100;
2025-07-01T00:03:31.400000,SELECT census_original.relationship FROM census_original  WHERE census_original.sex != 'NULL' AND census_original.capital_gain > 38.07 ORDER BY census_original.relationship LIMIT 100;
2025-07-01T00:03:31.600000,SELECT census_original.sex FROM census_original  WHERE census_original.hours_per_week > 49.63 AND census_original.race != 'NULL' AND census_original.education_num < 89.41 ORDER BY census_original.sex LIMIT 100;
2025-07-01T00:03:31.800000,SELECT census_original.sex FROM census_original  WHERE census_original.hours_per_week > 85.54 AND census_original.race != 'NULL' AND census_original.education_num < 32.9 ORDER BY census_original.sex LIMIT 100;
2025-07-01T00:03:32.000000,"SELECT census_original.education, census_original.workclass, census_original.capital_loss FROM census_original  WHERE census_original.age BETWEEN 37.955 AND 50.365 ORDER BY census_original.capital_loss LIMIT 100;"
2025-07-01T00:03:32.200000,SELECT census_original.workclass FROM census_original  WHERE census_original.education = 'sample' AND census_original.native_country LIKE 'sample' AND census_original.race != 'NULL' AND census_original.education_num < 38.95 ORDER BY census_original.workclass LIMIT 100;
2025-07-01T00:03:32.400000,SELECT census_original.workclass FROM census_original  WHERE census_original.education = 'sample' AND census_original.native_country LIKE 'sample' AND census_original.race != 'NULL' AND census_original.education_num < 2.45 ORDER BY census_original.workclass LIMIT 100;
2025-07-01T00:03:32.600000,SELECT census_original.relationship FROM census_original  WHERE census_original.sex != 'NULL' AND census_original.capital_gain > 94.78 ORDER BY census_original.relationship LIMIT 100;
2025-07-01T00:03:32.800000,SELECT census_original.workclass FROM census_original  WHERE census_original.education = 'sample' AND census_original.native_country LIKE 'sample' AND census_original.race != 'NULL' AND census_original.education_num < 91.15 ORDER BY census_original.workclass LIMIT 100;
2025-07-01T00:03:33.000000,"SELECT census_original.age, census_original.workclass, census_original.capital_gain, census_original.education FROM census_original  WHERE census_original.race = 'NULL' ORDER BY census_original.workclass LIMIT 100;"
2025-07-01T00:03:33.200000,SELECT census_original.relationship FROM census_original  WHERE census_original.sex != 'NULL' AND census_original.capital_gain > 52.06 ORDER BY census_original.relationship LIMIT 100;
2025-07-01T00:03:33.400000,SELECT census_original.relationship FROM census_original  WHERE census_original.sex != 'NULL' AND census_original.capital_gain > 86.55 ORDER BY census_original.relationship LIMIT 100;
2025-07-01T00:03:33.600000,SELECT census_original.workclass FROM census_original  WHERE census_original.education = 'sample' AND census_original.native_country LIKE 'sample' AND census_original.race != 'NULL' AND census_original.education_num < 37.06 ORDER BY census_original.workclass LIMIT 100;
2025-07-01T00:03:33.800000,SELECT census_original.workclass FROM census_original  WHERE census_original.education = 'sample' AND census_original.native_country LIKE 'sample' AND census_original.race != 'NULL' AND census_original.education_num < 32.08 ORDER BY census_original.workclass LIMIT 100;
2025-07-01T00:03:34.000000,"SELECT census_original.age, census_original.workclass, census_original.capital_gain, census_original.education FROM census_original  WHERE census_original.race = 'NULL' ORDER BY census_original.workclass LIMIT 100;"
2025-07-01T00:03:34.200000,"SELECT census_original.education, census_original.workclass, census_original.capital_loss FROM census_original  WHERE census_original.age BETWEEN 50.695 AND 63.105 ORDER BY census_original.capital_loss LIMIT 100;"
2025-07-01T00:03:34.400000,"SELECT census_original.age, census_original.workclass, census_original.capital_gain, census_original.education FROM census_original  WHERE census_original.race = 'NULL' ORDER BY census_original.workclass LIMIT 100;"
2025-07-01T00:03:34.600000,SELECT census_original.relationship FROM census_original  WHERE census_original.sex != 'NULL' AND census_original.capital_gain > 21.38 ORDER BY census_original.relationship LIMIT 100;
2025-07-01T00:03:34.800000,SELECT census_original.workclass FROM census_original  WHERE census_original.education = 'sample' AND census_original.native_country LIKE 'sample' AND census_original.race != 'NULL' AND census_original.education_num < 65.61 ORDER BY census_original.workclass LIMIT 100;
2025-07-01T00:03:35.000000,SELECT census_original.workclass FROM census_original  WHERE census_original.education = 'sample' AND census_original.native_country LIKE 'sample' AND census_original.race != 'NULL' AND census_original.education_num < 15.16 ORDER BY census_original.workclass LIMIT 100;
2025-07-01T00:03:35.200000,SELECT census_original.sex FROM census_original  WHERE census_original.hours_per_week > 63.82 AND census_original.race != 'NULL' AND census_original.education_num < 34.99 ORDER BY census_original.sex LIMIT 100;
2025-07-01T00:03:35.400000,"SELECT census_original.age, census_original.workclass, census_original.capital_gain, census_original.education FROM census_original  WHERE census_original.race = 'NULL' ORDER BY census_original.workclass LIMIT 100;"
2025-07-01T00:03:35.600000,"SELECT census_original.age, census_original.workclass, census_original.capital_gain, census_original.education FROM census_original  WHERE census_original.race = 'NULL' ORDER BY census_original.workclass LIMIT 100;"
2025-07-01T00:03:35.800000,SELECT census_original.sex FROM census_original  WHERE census_original.hours_per_week > 25.36 AND census_original.race != 'NULL' AND census_original.education_num < 7.49 ORDER BY census_original.sex LIMIT 100;
2025-07-01T00:03:36.000000,"SELECT census_original.education, census_original.workclass, census_original.capital_loss FROM census_original  WHERE census_original.age BETWEEN 56.475 AND 68.885 ORDER BY census_original.capital_loss LIMIT 100;"
2025-07-01T00:03:36.200000,SELECT census_original.workclass FROM census_original  WHERE census_original.education = 'sample' AND census_original.native_country LIKE 'sample' AND census_original.race != 'NULL' AND census_original.education_num < 32.39 ORDER BY census_original.workclass LIMIT 100;
2025-07-01T00:03:36.400000,"SELECT census_original.education, census_original.workclass, census_original.capital_loss FROM census_original  WHERE census_original.age BETWEEN 39.645 AND 52.055 ORDER BY census_original.capital_loss LIMIT 100;"
2025-07-01T00:03:36.600000,SELECT census_original.relationship FROM census_original  WHERE census_original.sex != 'NULL' AND census_original.capital_gain > 44.23 ORDER BY census_original.relationship LIMIT 100;
2025-07-01T00:03:36.800000,SELECT census_original.relationship FROM census_original  WHERE census_original.sex != 'NULL' AND census_original.capital_gain > 79.68 ORDER BY census_original.relationship LIMIT 100;
2025-07-01T00:03:37.000000,"SELECT census_original.age, census_original.workclass, census_original.capital_gain, census_original.education FROM census_original  WHERE census_original.race = 'NULL' ORDER BY census_original.workclass LIMIT 100;"
2025-07-01T00:03:37.200000,SELECT census_original.workclass FROM census_original  WHERE census_original.education = 'sample' AND census_original.native_country LIKE 'sample' AND census_original.race != 'NULL' AND census_original.education_num < 99.04 ORDER BY census_original.workclass LIMIT 100;
2025-07-01T00:03:37.400000,SELECT census_original.workclass FROM census_original  WHERE census_original.education = 'sample' AND census_original.native_country LIKE 'sample' AND census_original.race != 'NULL' AND census_original.education_num < 55.75 ORDER BY census_original.workclass LIMIT 100;
2025-07-01T00:03:37.600000,"SELECT census_original.age, census_original.workclass, census_original.capital_gain, census_original.education FROM census_original  WHERE census_original.race = 'NULL' ORDER BY census_original.workclass LIMIT 100;"
2025-07-01T00:03:37.800000,"SELECT census_original.education, census_original.workclass, census_original.capital_loss FROM census_original  WHERE census_original.age BETWEEN 23.185 AND 35.595 ORDER BY census_original.capital_loss LIMIT 100;"
2025-07-01T00:03:38.000000,SELECT census_original.workclass FROM census_original  WHERE census_original.education = 'sample' AND census_original.native_country LIKE 'sample' AND census_original.race != 'NULL' AND census_original.education_num < 15.02 ORDER BY census_original.workclass LIMIT 100;
2025-07-01T00:03:38.200000,"SELECT census_original.age, census_original.workclass, census_original.capital_gain, census_original.education FROM census_original  WHERE census_original.race = 'NULL' ORDER BY census_original.workclass LIMIT 100;"
2025-07-01T00:03:38.400000,"SELECT census_original.age, census_original.workclass, census_original.capital_gain, census_original.education FROM census_original  WHERE census_original.race = 'NULL' ORDER BY census_original.workclass LIMIT 100;"
2025-07-01T00:03:38.600000,SELECT census_original.relationship FROM census_original  WHERE census_original.sex != 'NULL' AND census_original.capital_gain > 89.14 ORDER BY census_original.relationship LIMIT 100;
2025-07-01T00:03:38.800000,"SELECT census_original.age, census_original.workclass, census_original.capital_gain, census_original.education FROM census_original  WHERE census_original.race = 'NULL' ORDER BY census_original.workclass LIMIT 100;"
2025-07-01T00:03:39.000000,SELECT census_original.relationship FROM census_original  WHERE census_original.sex != 'NULL' AND census_original.capital_gain > 64.98 ORDER BY census_original.relationship LIMIT 100;
2025-07-01T00:03:39.200000,SELECT census_original.workclass FROM census_original  WHERE census_original.education = 'sample' AND census_original.native_country LIKE 'sample' AND census_original.race != 'NULL' AND census_original.education_num < 60.99 ORDER BY census_original.workclass LIMIT 100;
2025-07-01T00:03:39.400000,"SELECT census_original.education, census_original.workclass, census_original.capital_loss FROM census_original  WHERE census_original.age BETWEEN 51.365 AND 63.775 ORDER BY census_original.capital_loss LIMIT 100;"
2025-07-01T00:03:39.600000,SELECT census_original.relationship FROM census_original  WHERE census_original.sex != 'NULL' AND census_original.capital_gain > 22.2 ORDER BY census_original.relationship LIMIT 100;
2025-07-01T00:03:39.800000,"SELECT census_original.age, census_original.workclass, census_original.capital_gain, census_original.education FROM census_original  WHERE census_original.race = 'NULL' ORDER BY census_original.workclass LIMIT 100;"
2025-07-01T00:03:40.000000,SELECT census_original.workclass FROM census_original  WHERE census_original.education = 'sample' AND census_original.native_country LIKE 'sample' AND census_original.race != 'NULL' AND census_original.education_num < 70.11 ORDER BY census_original.workclass LIMIT 100;
2025-07-01T00:03:40.200000,SELECT census_original.relationship FROM census_original  WHERE census_original.sex != 'NULL' AND census_original.capital_gain > 94.92 ORDER BY census_original.relationship LIMIT 100;
2025-07-01T00:03:40.400000,SELECT census_original.workclass FROM census_original  WHERE census_original.education = 'sample' AND census_original.native_country LIKE 'sample' AND census_original.race != 'NULL' AND census_original.education_num < 98.04 ORDER BY census_original.workclass LIMIT 100;
2025-07-01T00:03:40.600000,SELECT census_original.workclass FROM census_original  WHERE census_original.education = 'sample' AND census_original.native_country LIKE 'sample' AND census_original.race != 'NULL' AND census_original.education_num < 21.04 ORDER BY census_original.workclass LIMIT 100;
2025-07-01T00:03:40.800000,"SELECT census_original.education, census_original.workclass, census_original.capital_loss FROM census_original  WHERE census_original.age BETWEEN 16.925 AND 29.335 ORDER BY census_original.capital_loss LIMIT 100;"
2025-07-01T00:03:41.000000,"SELECT census_original.education, census_original.workclass, census_original.capital_loss FROM census_original  WHERE census_original.age BETWEEN 58.805 AND 71.215 ORDER BY census_original.capital_loss LIMIT 100;"
2025-07-01T00:03:41.200000,SELECT census_original.workclass FROM census_original  WHERE census_original.education = 'sample' AND census_original.native_country LIKE 'sample' AND census_original.race != 'NULL' AND census_original.education_num < 50.38 ORDER BY census_original.workclass LIMIT 100;
2025-07-01T00:03:41.400000,"SELECT census_original.age, census_original.workclass, census_original.capital_gain, census_original.education FROM census_original  WHERE census_original.race = 'NULL' ORDER BY census_original.workclass LIMIT 100;"
2025-07-01T00:03:41.600000,SELECT census_original.sex FROM census_original  WHERE census_original.hours_per_week > 1.74 AND census_original.race != 'NULL' AND census_original.education_num < 34.28 ORDER BY census_original.sex LIMIT 100;
2025-07-01T00:03:41.800000,"SELECT census_original.education, census_original.workclass, census_original.capital_loss FROM census_original  WHERE census_original.age BETWEEN 25.125 AND 37.535 ORDER BY census_original.capital_loss LIMIT 100;"
2025-07-01T00:03:42.000000,"SELECT census_original.age, census_original.workclass, census_original.capital_gain, census_original.education FROM census_original  WHERE census_original.race = 'NULL' ORDER BY census_original.workclass LIMIT 100;"
2025-07-01T00:03:42.200000,SELECT census_original.relationship FROM census_original  WHERE census_original.sex != 'NULL' AND census_original.capital_gain > 68.27 ORDER BY census_original.relationship LIMIT 100;
2025-07-01T00:03:42.400000,SELECT census_original.relationship FROM census_original  WHERE census_original.sex != 'NULL' AND census_original.capital_gain > 50.15 ORDER BY census_original.relationship LIMIT 100;
2025-07-01T00:03:42.600000,SELECT census_original.sex FROM census_original  WHERE census_original.hours_per_week > 50.58 AND census_original.race != 'NULL' AND census_original.education_num < 68.93 ORDER BY census_original.sex LIMIT 100;
2025-07-01T00:03:42.800000,SELECT census_original.workclass FROM census_original  WHERE census_original.education = 'sample' AND census_original.native_country LIKE 'sample' AND census_original.race != 'NULL' AND census_original.education_num < 50.97 ORDER BY census_original.workclass LIMIT 100;
2025-07-01T00:03:43.000000,SELECT census_original.sex FROM census_original  WHERE census_original.hours_per_week > 73.51 AND census_original.race != 'NULL' AND census_original.education_num < 44.57 ORDER BY census_original.sex LIMIT 100;
2025-07-01T00:03:43.200000,SELECT census_original.relationship FROM census_original  WHERE census_original.sex != 'NULL' AND census_original.capital_gain > 27.76 ORDER BY census_original.relationship LIMIT 100;
2025-07-01T00:03:43.400000,"SELECT census_original.age, census_original.workclass, census_original.capital_gain, census_original.education FROM census_original  WHERE census_original.race = 'NULL' ORDER BY census_original.workclass LIMIT 100;"
2025-07-01T00:03:43.600000,"SELECT census_original.education, census_original.workclass, census_original.capital_loss FROM census_original  WHERE census_original.age BETWEEN 20.555 AND 32.965 ORDER BY census_original.capital_loss LIMIT 100;"
2025-07-01T00:03:43.800000,SELECT census_original.workclass FROM census_original  WHERE census_original.education = 'sample' AND census_original.native_country LIKE 'sample' AND census_original.race != 'NULL' AND census_original.education_num < 48.46 ORDER BY census_original.workclass LIMIT 100;
2025-07-01T00:03:44.000000,"SELECT census_original.education, census_original.workclass, census_original.capital_loss FROM census_original  WHERE census_original.age BETWEEN 56.605 AND 69.015 ORDER BY census_original.capital_loss LIMIT 100;"
2025-07-01T00:03:44.200000,"SELECT census_original.education, census_original.workclass, census_original.capital_loss FROM census_original  WHERE census_original.age BETWEEN 20.475 AND 32.885 ORDER BY census_original.capital_loss LIMIT 100;"
2025-07-01T00:03:44.400000,"SELECT census_original.age, census_original.workclass, census_original.capital_gain, census_original.education FROM census_original  WHERE census_original.race = 'NULL' ORDER BY census_original.workclass LIMIT 100;"
2025-07-01T00:03:44.600000,SELECT census_original.relationship FROM census_original  WHERE census_original.sex != 'NULL' AND census_original.capital_gain > 62.34 ORDER BY census_original.relationship LIMIT 100;
2025-07-01T00:03:44.800000,SELECT census_original.relationship FROM census_original  WHERE census_original.sex != 'NULL' AND census_original.capital_gain > 44.35 ORDER BY census_original.relationship LIMIT 100;
2025-07-01T00:03:45.000000,"SELECT census_original.education, census_original.workclass, census_original.capital_loss FROM census_original  WHERE census_original.age BETWEEN 56.185 AND 68.595 ORDER BY census_original.capital_loss LIMIT 100;"
2025-07-01T00:03:45.200000,SELECT census_original.relationship FROM census_original  WHERE census_original.sex != 'NULL' AND census_original.capital_gain > 3.37 ORDER BY census_original.relationship LIMIT 100;
2025-07-01T00:03:45.400000,SELECT census_original.relationship FROM census_original  WHERE census_original.sex != 'NULL' AND census_original.capital_gain > 1.54 ORDER BY census_original.relationship LIMIT 100;
2025-07-01T00:03:45.600000,SELECT census_original.sex FROM census_original  WHERE census_original.hours_per_week > 74.62 AND census_original.race != 'NULL' AND census_original.education_num < 3.29 ORDER BY census_original.sex LIMIT 100;
2025-07-01T00:03:45.800000,"SELECT census_original.age, census_original.workclass, census_original.capital_gain, census_original.education FROM census_original  WHERE census_original.race = 'NULL' ORDER BY census_original.workclass LIMIT 100;"
2025-07-01T00:03:46.000000,"SELECT census_original.age, census_original.workclass, census_original.capital_gain, census_original.education FROM census_original  WHERE census_original.race = 'NULL' ORDER BY census_original.workclass LIMIT 100;"
2025-07-01T00:03:46.200000,SELECT census_original.workclass FROM census_original  WHERE census_original.education = 'sample' AND census_original.native_country LIKE 'sample' AND census_original.race != 'NULL' AND census_original.education_num < 78.35 ORDER BY census_original.workclass LIMIT 100;
2025-07-01T00:03:46.400000,"SELECT census_original.age, census_original.workclass, census_original.capital_gain, census_original.education FROM census_original  WHERE census_original.race = 'NULL' ORDER BY census_original.workclass LIMIT 100;"
2025-07-01T00:03:46.600000,"SELECT census_original.age, census_original.workclass, census_original.capital_gain, census_original.education FROM census_original  WHERE census_original.race = 'NULL' ORDER BY census_original.workclass LIMIT 100;"
2025-07-01T00:03:46.800000,"SELECT census_original.age, census_original.workclass, census_original.capital_gain, census_original.education FROM census_original  WHERE census_original.race = 'NULL' ORDER BY census_original.workclass LIMIT 100;"
2025-07-01T00:03:47.000000,SELECT census_original.relationship FROM census_original  WHERE census_original.sex != 'NULL' AND census_original.capital_gain > 54.51 ORDER BY census_original.relationship LIMIT 100;
2025-07-01T00:03:47.200000,SELECT census_original.relationship FROM census_original  WHERE census_original.sex != 'NULL' AND census_original.capital_gain > 97.6 ORDER BY census_original.relationship LIMIT 100;
2025-07-01T00:03:47.400000,"SELECT census_original.education, census_original.workclass, census_original.capital_loss FROM census_original  WHERE census_original.age BETWEEN 34.455 AND 46.865 ORDER BY census_original.capital_loss LIMIT 100;"
2025-07-01T00:03:47.600000,"SELECT census_original.education, census_original.workclass, census_original.capital_loss FROM census_original  WHERE census_original.age BETWEEN 38.435 AND 50.845 ORDER BY census_original.capital_loss LIMIT 100;"
2025-07-01T00:03:47.800000,SELECT census_original.relationship FROM census_original  WHERE census_original.sex != 'NULL' AND census_original.capital_gain > 62.16 ORDER BY census_original.relationship LIMIT 100;
2025-07-01T00:03:48.000000,"SELECT census_original.education, census_original.workclass, census_original.capital_loss FROM census_original  WHERE census_original.age BETWEEN 34.235 AND 46.645 ORDER BY census_original.capital_loss LIMIT 100;"
2025-07-01T00:03:48.200000,"SELECT census_original.education, census_original.workclass, census_original.capital_loss FROM census_original  WHERE census_original.age BETWEEN 23.185 AND 35.595 ORDER BY census_original.capital_loss LIMIT 100;"
2025-07-01T00:03:48.400000,SELECT census_original.workclass FROM census_original  WHERE census_original.education = 'sample' AND census_original.native_country LIKE 'sample' AND census_original.race != 'NULL' AND census_original.education_num < 37.38 ORDER BY census_original.workclass LIMIT 100;
2025-07-01T00:03:48.600000,SELECT census_original.sex FROM census_original  WHERE census_original.hours_per_week > 87.64 AND census_original.race != 'NULL' AND census_original.education_num < 61.41 ORDER BY census_original.sex LIMIT 100;
2025-07-01T00:03:48.800000,"SELECT census_original.education, census_original.workclass, census_original.capital_loss FROM census_original  WHERE census_original.age BETWEEN 43.405 AND 55.815 ORDER BY census_original.capital_loss LIMIT 100;"
2025-07-01T00:03:49.000000,SELECT census_original.relationship FROM census_original  WHERE census_original.sex != 'NULL' AND census_original.capital_gain > 52.53 ORDER BY census_original.relationship LIMIT 100;
2025-07-01T00:03:49.200000,SELECT census_original.workclass FROM census_original  WHERE census_original.education = 'sample' AND census_original.native_country LIKE 'sample' AND census_original.race != 'NULL' AND census_original.education_num < 94.94 ORDER BY census_original.workclass LIMIT 100;
2025-07-01T00:03:49.400000,SELECT census_original.sex FROM census_original  WHERE census_original.hours_per_week > 66.34 AND census_original.race != 'NULL' AND census_original.education_num < 30.95 ORDER BY census_original.sex LIMIT 100;
2025-07-01T00:03:49.600000,SELECT census_original.relationship FROM census_original  WHERE census_original.sex != 'NULL' AND census_original.capital_gain > 32.75 ORDER BY census_original.relationship LIMIT 100;
2025-07-01T00:03:49.800000,SELECT census_original.relationship FROM census_original  WHERE census_original.sex != 'NULL' AND census_original.capital_gain > 98.23 ORDER BY census_original.relationship LIMIT 100;
2025-07-01T00:03:50.000000,"SELECT census_original.age, census_original.workclass, census_original.capital_gain, census_original.education FROM census_original  WHERE census_original.race = 'NULL' ORDER BY census_original.workclass LIMIT 100;"
2025-07-01T00:03:50.200000,SELECT census_original.workclass FROM census_original  WHERE census_original.education = 'sample' AND census_original.native_country LIKE 'sample' AND census_original.race != 'NULL' AND census_original.education_num < 98.02 ORDER BY census_original.workclass LIMIT 100;
2025-07-01T00:03:50.400000,"SELECT census_original.age, census_original.workclass, census_original.capital_gain, census_original.education FROM census_original  WHERE census_original.race = 'NULL' ORDER BY census_original.workclass LIMIT 100;"
2025-07-01T00:03:50.600000,SELECT census_original.sex FROM census_original  WHERE census_original.hours_per_week > 50.91 AND census_original.race != 'NULL' AND census_original.education_num < 75.28 ORDER BY census_original.sex LIMIT 100;
2025-07-01T00:03:50.800000,SELECT census_original.workclass FROM census_original  WHERE census_original.education = 'sample' AND census_original.native_country LIKE 'sample' AND census_original.race != 'NULL' AND census_original.education_num < 3.87 ORDER BY census_original.workclass LIMIT 100;
2025-07-01T00:03:51.000000,"SELECT census_original.education, census_original.workclass, census_original.capital_loss FROM census_original  WHERE census_original.age BETWEEN 21.745 AND 34.155 ORDER BY census_original.capital_loss LIMIT 100;"
2025-07-01T00:03:51.200000,SELECT census_original.sex FROM census_original  WHERE census_original.hours_per_week > 35.98 AND census_original.race != 'NULL' AND census_original.education_num < 78.96 ORDER BY census_original.sex LIMIT 100;
2025-07-01T00:03:51.400000,SELECT census_original.sex FROM census_original  WHERE census_original.hours_per_week > 97.94 AND census_original.race != 'NULL' AND census_original.education_num < 38.34 ORDER BY census_original.sex LIMIT 100;
2025-07-01T00:03:51.600000,"SELECT census_original.age, census_original.workclass, census_original.capital_gain, census_original.education FROM census_original  WHERE census_original.race = 'NULL' ORDER BY census_original.workclass LIMIT 100;"
2025-07-01T00:03:51.800000,SELECT census_original.sex FROM census_original  WHERE census_original.hours_per_week > 13.77 AND census_original.race != 'NULL' AND census_original.education_num < 16.08 ORDER BY census_original.sex LIMIT 100;
2025-07-01T00:03:52.000000,"SELECT census_original.education, census_original.workclass, census_original.capital_loss FROM census_original  WHERE census_original.age BETWEEN 58.895 AND 71.305 ORDER BY census_original.capital_loss LIMIT 100;"
2025-07-01T00:03:52.200000,"SELECT census_original.education, census_original.workclass, census_original.capital_loss FROM census_original  WHERE census_original.age BETWEEN 12.585 AND 24.995 ORDER BY census_original.capital_loss LIMIT 100;"
2025-07-01T00:03:52.400000,SELECT census_original.sex FROM census_original  WHERE census_original.hours_per_week > 12.45 AND census_original.race != 'NULL' AND census_original.education_num < 39.62 ORDER BY census_original.sex LIMIT 100;
2025-07-01T00:03:52.600000,SELECT census_original.sex FROM census_original  WHERE census_original.hours_per_week > 91.61 AND census_original.race != 'NULL' AND census_original.education_num < 50.19 ORDER BY census_original.sex LIMIT 100;
2025-07-01T00:03:52.800000,"SELECT census_original.education, census_original.workclass, census_original.capital_loss FROM census_original  WHERE census_original.age BETWEEN 47.795 AND 60.205 ORDER BY census_original.capital_loss LIMIT 100;"
2025-07-01T00:03:53.000000,"SELECT census_original.education, census_original.workclass, census_original.capital_loss FROM census_original  WHERE census_original.age BETWEEN 36.815 AND 49.225 ORDER BY census_original.capital_loss LIMIT 100;"
2025-07-01T00:03:53.200000,SELECT census_original.sex FROM census_original  WHERE census_original.hours_per_week > 15.25 AND census_original.race != 'NULL' AND census_original.education_num < 88.03 ORDER BY census_original.sex LIMIT 100;
2025-07-01T00:03:53.400000,SELECT census_original.sex FROM census_original  WHERE census_original.hours_per_week > 99.76 AND census_original.race != 'NULL' AND census_original.education_num < 70.39 ORDER BY census_original.sex LIMIT 100;
2025-07-01T00:03:53.600000,SELECT census_original.workclass FROM census_original  WHERE census_original.education = 'sample' AND census_original.native_country LIKE 'sample' AND census_original.race != 'NULL' AND census_original.education_num < 37.27 ORDER BY census_original.workclass LIMIT 100;
2025-07-01T00:03:53.800000,"SELECT census_original.education, census_original.workclass, census_original.capital_loss FROM census_original  WHERE census_original.age BETWEEN 18.375 AND 30.785 ORDER BY census_original.capital_loss LIMIT 100;"
2025-07-01T00:03:54.000000,SELECT census_original.relationship FROM census_original  WHERE census_original.sex != 'NULL' AND census_original.capital_gain > 90.4 ORDER BY census_original.relationship LIMIT 100;
2025-07-01T00:03:54.200000,SELECT census_original.relationship FROM census_original  WHERE census_original.sex != 'NULL' AND census_original.capital_gain > 39.15 ORDER BY census_original.relationship LIMIT 100;
2025-07-01T00:03:54.400000,"SELECT census_original.age, census_original.workclass, census_original.capital_gain, census_original.education FROM census_original  WHERE census_original.race = 'NULL' ORDER BY census_original.workclass LIMIT 100;"
2025-07-01T00:03:54.600000,SELECT census_original.workclass FROM census_original  WHERE census_original.education = 'sample' AND census_original.native_country LIKE 'sample' AND census_original.race != 'NULL' AND census_original.education_num < 59.77 ORDER BY census_original.workclass LIMIT 100;
2025-07-01T00:03:54.800000,"SELECT census_original.age, census_original.workclass, census_original.capital_gain, census_original.education FROM census_original  WHERE census_original.race = 'NULL' ORDER BY census_original.workclass LIMIT 100;"
2025-07-01T00:03:55.000000,"SELECT census_original.age, census_original.workclass, census_original.capital_gain, census_original.education FROM census_original  WHERE census_original.race = 'NULL' ORDER BY census_original.workclass LIMIT 100;"
2025-07-01T00:03:55.200000,SELECT census_original.workclass FROM census_original  WHERE census_original.education = 'sample' AND census_original.native_country LIKE 'sample' AND census_original.race != 'NULL' AND census_original.education_num < 26.08 ORDER BY census_original.workclass LIMIT 100;
2025-07-01T00:03:55.400000,SELECT census_original.sex FROM census_original  WHERE census_original.hours_per_week > 27.19 AND census_original.race != 'NULL' AND census_original.education_num < 84.8 ORDER BY census_original.sex LIMIT 100;
2025-07-01T00:03:55.600000,SELECT census_original.sex FROM census_original  WHERE census_original.hours_per_week > 98.1 AND census_original.race != 'NULL' AND census_original.education_num < 7.89 ORDER BY census_original.sex LIMIT 100;
2025-07-01T00:03:55.800000,SELECT census_original.workclass FROM census_original  WHERE census_original.education = 'sample' AND census_original.native_country LIKE 'sample' AND census_original.race != 'NULL' AND census_original.education_num < 59.06 ORDER BY census_original.workclass LIMIT 100;
2025-07-01T00:03:56.000000,"SELECT census_original.education, census_original.workclass, census_original.capital_loss FROM census_original  WHERE census_original.age BETWEEN 57.865 AND 70.275 ORDER BY census_original.capital_loss LIMIT 100;"
2025-07-01T00:03:56.200000,"SELECT census_original.education, census_original.workclass, census_original.capital_loss FROM census_original  WHERE census_original.age BETWEEN 34.955 AND 47.365 ORDER BY census_original.capital_loss LIMIT 100;"
2025-07-01T00:03:56.400000,"SELECT census_original.age, census_original.workclass, census_original.capital_gain, census_original.education FROM census_original  WHERE census_original.race = 'NULL' ORDER BY census_original.workclass LIMIT 100;"
2025-07-01T00:03:56.600000,SELECT census_original.sex FROM census_original  WHERE census_original.hours_per_week > 10.42 AND census_original.race != 'NULL' AND census_original.education_num < 73.06 ORDER BY census_original.sex LIMIT 100;
2025-07-01T00:03:56.800000,"SELECT census_original.education, census_original.workclass, census_original.capital_loss FROM census_original  WHERE census_original.age BETWEEN 61.255 AND 73.665 ORDER BY census_original.capital_loss LIMIT 100;"
2025-07-01T00:03:57.000000,SELECT census_original.workclass FROM census_original  WHERE census_original.education = 'sample' AND census_original.native_country LIKE 'sample' AND census_original.race != 'NULL' AND census_original.education_num < 95.88 ORDER BY census_original.workclass LIMIT 100;
2025-07-01T00:03:57.200000,"SELECT census_original.age, census_original.workclass, census_original.capital_gain, census_original.education FROM census_original  WHERE census_original.race = 'NULL' ORDER BY census_original.workclass LIMIT 100;"
2025-07-01T00:03:57.400000,"SELECT census_original.education, census_original.workclass, census_original.capital_loss FROM census_original  WHERE census_original.age BETWEEN 16.515 AND 28.925 ORDER BY census_original.capital_loss LIMIT 100;"
2025-07-01T00:03:57.600000,"SELECT census_original.education, census_original.workclass, census_original.capital_loss FROM census_original  WHERE census_original.age BETWEEN 39.535 AND 51.945 ORDER BY census_original.capital_loss LIMIT 100;"
2025-07-01T00:03:57.800000,"SELECT census_original.age, census_original.workclass, census_original.capital_gain, census_original.education FROM census_original  WHERE census_original.race = 'NULL' ORDER BY census_original.workclass LIMIT 100;"
2025-07-01T00:03:58.000000,"SELECT census_original.education, census_original.workclass, census_original.capital_loss FROM census_original  WHERE census_original.age BETWEEN 43.425 AND 55.835 ORDER BY census_original.capital_loss LIMIT 100;"
2025-07-01T00:03:58.200000,SELECT census_original.sex FROM census_original  WHERE census_original.hours_per_week > 41.5 AND census_original.race != 'NULL' AND census_original.education_num < 60.58 ORDER BY census_original.sex LIMIT 100;
2025-07-01T00:03:58.400000,"SELECT census_original.education, census_original.workclass, census_original.capital_loss FROM census_original  WHERE census_original.age BETWEEN 55.035 AND 67.445 ORDER BY census_original.capital_loss LIMIT 100;"
2025-07-01T00:03:58.600000,"SELECT census_original.age, census_original.workclass, census_original.capital_gain, census_original.education FROM census_original  WHERE census_original.race = 'NULL' ORDER BY census_original.workclass LIMIT 100;"
2025-07-01T00:03:58.800000,SELECT census_original.sex FROM census_original  WHERE census_original.hours_per_week > 32.83 AND census_original.race != 'NULL' AND census_original.education_num < 61.2 ORDER BY census_original.sex LIMIT 100;
2025-07-01T00:03:59.000000,SELECT census_original.sex FROM census_original  WHERE census_original.hours_per_week > 38.53 AND census_original.race != 'NULL' AND census_original.education_num < 52.18 ORDER BY census_original.sex LIMIT 100;
2025-07-01T00:03:59.200000,SELECT census_original.sex FROM census_original  WHERE census_original.hours_per_week > 25.01 AND census_original.race != 'NULL' AND census_original.education_num < 48.51 ORDER BY census_original.sex LIMIT 100;
2025-07-01T00:03:59.400000,SELECT census_original.sex FROM census_original  WHERE census_original.hours_per_week > 87.63 AND census_original.race != 'NULL' AND census_original.education_num < 97.58 ORDER BY census_original.sex LIMIT 100;
2025-07-01T00:03:59.600000,"SELECT census_original.education, census_original.workclass, census_original.capital_loss FROM census_original  WHERE census_original.age BETWEEN 26.945 AND 39.355 ORDER BY census_original.capital_loss LIMIT 100;"
2025-07-01T00:03:59.800000,"SELECT census_original.education, census_original.workclass, census_original.capital_loss FROM census_original  WHERE census_original.age BETWEEN 52.805 AND 65.215 ORDER BY census_original.capital_loss LIMIT 100;"
2025-07-01T00:04:00.000000,SELECT census_original.workclass FROM census_original  WHERE census_original.education = 'sample' AND census_original.native_country LIKE 'sample' AND census_original.race != 'NULL' AND census_original.education_num < 80.29 ORDER BY census_original.workclass LIMIT 100;
2025-07-01T00:04:00.200000,SELECT census_original.relationship FROM census_original  WHERE census_original.sex != 'NULL' AND census_original.capital_gain > 88.95 ORDER BY census_original.relationship LIMIT 100;
2025-07-01T00:04:00.400000,SELECT census_original.sex FROM census_original  WHERE census_original.hours_per_week > 89.36 AND census_original.race != 'NULL' AND census_original.education_num < 75.21 ORDER BY census_original.sex LIMIT 100;
2025-07-01T00:04:00.600000,SELECT census_original.sex FROM census_original  WHERE census_original.hours_per_week > 26.49 AND census_original.race != 'NULL' AND census_original.education_num < 75.48 ORDER BY census_original.sex LIMIT 100;
2025-07-01T00:04:00.800000,"SELECT census_original.education, census_original.workclass, census_original.capital_loss FROM census_original  WHERE census_original.age BETWEEN 47.555 AND 59.965 ORDER BY census_original.capital_loss LIMIT 100;"
2025-07-01T00:04:01.000000,"SELECT census_original.age, census_original.workclass, census_original.capital_gain, census_original.education FROM census_original  WHERE census_original.race = 'NULL' ORDER BY census_original.workclass LIMIT 100;"
2025-07-01T00:04:01.200000,SELECT census_original.workclass FROM census_original  WHERE census_original.education = 'sample' AND census_original.native_country LIKE 'sample' AND census_original.race != 'NULL' AND census_original.education_num < 64.32 ORDER BY census_original.workclass LIMIT 100;
2025-07-01T00:04:01.400000,"SELECT census_original.age, census_original.workclass, census_original.capital_gain, census_original.education FROM census_original  WHERE census_original.race = 'NULL' ORDER BY census_original.workclass LIMIT 100;"
2025-07-01T00:04:01.600000,"SELECT census_original.age, census_original.workclass, census_original.capital_gain, census_original.education FROM census_original  WHERE census_original.race = 'NULL' ORDER BY census_original.workclass LIMIT 100;"
2025-07-01T00:04:01.800000,SELECT census_original.sex FROM census_original  WHERE census_original.hours_per_week > 32.45 AND census_original.race != 'NULL' AND census_original.education_num < 8.73 ORDER BY census_original.sex LIMIT 100;
2025-07-01T00:04:02.000000,SELECT census_original.sex FROM census_original  WHERE census_original.hours_per_week > 54.91 AND census_original.race != 'NULL' AND census_original.education_num < 49.49 ORDER BY census_original.sex LIMIT 100;
2025-07-01T00:04:02.200000,SELECT census_original.relationship FROM census_original  WHERE census_original.sex != 'NULL' AND census_original.capital_gain > 13.57 ORDER BY census_original.relationship LIMIT 100;
2025-07-01T00:04:02.400000,"SELECT census_original.age, census_original.workclass, census_original.capital_gain, census_original.education FROM census_original  WHERE census_original.race = 'NULL' ORDER BY census_original.workclass LIMIT 100;"
2025-07-01T00:04:02.600000,SELECT census_original.sex FROM census_original  WHERE census_original.hours_per_week > 19.57 AND census_original.race != 'NULL' AND census_original.education_num < 9.4 ORDER BY census_original.sex LIMIT 100;
2025-07-01T00:04:02.800000,"SELECT census_original.age, census_original.workclass, census_original.capital_gain, census_original.education FROM census_original  WHERE census_original.race = 'NULL' ORDER BY census_original.workclass LIMIT 100;"
2025-07-01T00:04:03.000000,SELECT census_original.workclass FROM census_original  WHERE census_original.education = 'sample' AND census_original.native_country LIKE 'sample' AND census_original.race != 'NULL' AND census_original.education_num < 51.76 ORDER BY census_original.workclass LIMIT 100;
2025-07-01T00:04:03.200000,"SELECT census_original.education, census_original.workclass, census_original.capital_loss FROM census_original  WHERE census_original.age BETWEEN 17.165 AND 29.575 ORDER BY census_original.capital_loss LIMIT 100;"
2025-07-01T00:04:03.400000,SELECT census_original.workclass FROM census_original  WHERE census_original.education = 'sample' AND census_original.native_country LIKE 'sample' AND census_original.race != 'NULL' AND census_original.education_num < 43.36 ORDER BY census_original.workclass LIMIT 100;
2025-07-01T00:04:03.600000,"SELECT census_original.age, census_original.workclass, census_original.capital_gain, census_original.education FROM census_original  WHERE census_original.race = 'NULL' ORDER BY census_original.workclass LIMIT 100;"
2025-07-01T00:04:03.800000,SELECT census_original.relationship FROM census_original  WHERE census_original.sex != 'NULL' AND census_original.capital_gain > 11.23 ORDER BY census_original.relationship LIMIT 100;
2025-07-01T00:04:04.000000,SELECT census_original.relationship FROM census_original  WHERE census_original.sex != 'NULL' AND census_original.capital_gain > 91.66 ORDER BY census_original.relationship LIMIT 100;
2025-07-01T00:04:04.200000,"SELECT census_original.age, census_original.workclass, census_original.capital_gain, census_original.education FROM census_original  WHERE census_original.race = 'NULL' ORDER BY census_original.workclass LIMIT 100;"
2025-07-01T00:04:04.400000,SELECT census_original.sex FROM census_original  WHERE census_original.hours_per_week > 24.92 AND census_original.race != 'NULL' AND census_original.education_num < 57.35 ORDER BY census_original.sex LIMIT 100;
2025-07-01T00:04:04.600000,SELECT census_original.relationship FROM census_original  WHERE census_original.sex != 'NULL' AND census_original.capital_gain > 50.37 ORDER BY census_original.relationship LIMIT 100;
2025-07-01T00:04:04.800000,SELECT census_original.workclass FROM census_original  WHERE census_original.education = 'sample' AND census_original.native_country LIKE 'sample' AND census_original.race != 'NULL' AND census_original.education_num < 39.4 ORDER BY census_original.workclass LIMIT 100;
2025-07-01T00:04:05.000000,"SELECT census_original.age, census_original.workclass, census_original.capital_gain, census_original.education FROM census_original  WHERE census_original.race = 'NULL' ORDER BY census_original.workclass LIMIT 100;"
2025-07-01T00:04:05.200000,"SELECT census_original.age, census_original.workclass, census_original.capital_gain, census_original.education FROM census_original  WHERE census_original.race = 'NULL' ORDER BY census_original.workclass LIMIT 100;"
2025-07-01T00:04:05.400000,SELECT census_original.relationship FROM census_original  WHERE census_original.sex != 'NULL' AND census_original.capital_gain > 64.12 ORDER BY census_original.relationship LIMIT 100;
2025-07-01T00:04:05.600000,"SELECT census_original.education, census_original.workclass, census_original.capital_loss FROM census_original  WHERE census_original.age BETWEEN 54.245 AND 66.655 ORDER BY census_original.capital_loss LIMIT 100;"
2025-07-01T00:04:05.800000,SELECT census_original.sex FROM census_original  WHERE census_original.hours_per_week > 34.93 AND census_original.race != 'NULL' AND census_original.education_num < 18.55 ORDER BY census_original.sex LIMIT 100;
2025-07-01T00:04:06.000000,"SELECT census_original.education, census_original.workclass, census_original.capital_loss FROM census_original  WHERE census_original.age BETWEEN 67.035 AND 79.445 ORDER BY census_original.capital_loss LIMIT 100;"
2025-07-01T00:04:06.200000,"SELECT census_original.education, census_original.workclass, census_original.capital_loss FROM census_original  WHERE census_original.age BETWEEN 56.105 AND 68.515 ORDER BY census_original.capital_loss LIMIT 100;"
2025-07-01T00:04:06.400000,SELECT census_original.sex FROM census_original  WHERE census_original.hours_per_week > 29.07 AND census_original.race != 'NULL' AND census_original.education_num < 67.8 ORDER BY census_original.sex LIMIT 100;
2025-07-01T00:04:06.600000,SELECT census_original.sex FROM census_original  WHERE census_original.hours_per_week > 29.53 AND census_original.race != 'NULL' AND census_original.education_num < 73.64 ORDER BY census_original.sex LIMIT 100;
2025-07-01T00:04:06.800000,"SELECT census_original.education, census_original.workclass, census_original.capital_loss FROM census_original  WHERE census_original.age BETWEEN 17.985 AND 30.395 ORDER BY census_original.capital_loss LIMIT 100;"
2025-07-01T00:04:07.000000,"SELECT census_original.age, census_original.workclass, census_original.capital_gain, census_original.education FROM census_original  WHERE census_original.race = 'NULL' ORDER BY census_original.workclass LIMIT 100;"
2025-07-01T00:04:07.200000,SELECT census_original.sex FROM census_original  WHERE census_original.hours_per_week > 91.0 AND census_original.race != 'NULL' AND census_original.education_num < 53.42 ORDER BY census_original.sex LIMIT 100;
2025-07-01T00:04:07.400000,SELECT census_original.relationship FROM census_original  WHERE census_original.sex != 'NULL' AND census_original.capital_gain > 49.87 ORDER BY census_original.relationship LIMIT 100;
2025-07-01T00:04:07.600000,"SELECT census_original.age, census_original.workclass, census_original.capital_gain, census_original.education FROM census_original  WHERE census_original.race = 'NULL' ORDER BY census_original.workclass LIMIT 100;"
2025-07-01T00:04:07.800000,SELECT census_original.relationship FROM census_original  WHERE census_original.sex != 'NULL' AND census_original.capital_gain > 4.97 ORDER BY census_original.relationship LIMIT 100;
2025-07-01T00:04:08.000000,"SELECT census_original.education, census_original.workclass, census_original.capital_loss FROM census_original  WHERE census_original.age BETWEEN 33.095 AND 45.505 ORDER BY census_original.capital_loss LIMIT 100;"
2025-07-01T00:04:08.200000,SELECT census_original.sex FROM census_original  WHERE census_original.hours_per_week > 67.86 AND census_original.race != 'NULL' AND census_original.education_num < 71.61 ORDER BY census_original.sex LIMIT 100;
2025-07-01T00:04:08.400000,SELECT census_original.relationship FROM census_original  WHERE census_original.sex != 'NULL' AND census_original.capital_gain > 62.97 ORDER BY census_original.relationship LIMIT 100;
2025-07-01T00:04:08.600000,SELECT census_original.relationship FROM census_original  WHERE census_original.sex != 'NULL' AND census_original.capital_gain > 53.08 ORDER BY census_original.relationship LIMIT 100;
2025-07-01T00:04:08.800000,"SELECT census_original.age, census_original.workclass, census_original.capital_gain, census_original.education FROM census_original  WHERE census_original.race = 'NULL' ORDER BY census_original.workclass LIMIT 100;"
2025-07-01T00:04:09.000000,"SELECT census_original.age, census_original.workclass, census_original.capital_gain, census_original.education FROM census_original  WHERE census_original.race = 'NULL' ORDER BY census_original.workclass LIMIT 100;"
2025-07-01T00:04:09.200000,"SELECT census_original.education, census_original.workclass, census_original.capital_loss FROM census_original  WHERE census_original.age BETWEEN 66.265 AND 78.675 ORDER BY census_original.capital_loss LIMIT 100;"
2025-07-01T00:04:09.400000,SELECT census_original.workclass FROM census_original  WHERE census_original.education = 'sample' AND census_original.native_country LIKE 'sample' AND census_original.race != 'NULL' AND census_original.education_num < 2.22 ORDER BY census_original.workclass LIMIT 100;
2025-07-01T00:04:09.600000,SELECT census_original.workclass FROM census_original  WHERE census_original.education = 'sample' AND census_original.native_country LIKE 'sample' AND census_original.race != 'NULL' AND census_original.education_num < 12.85 ORDER BY census_original.workclass LIMIT 100;
2025-07-01T00:04:09.800000,"SELECT census_original.education, census_original.workclass, census_original.capital_loss FROM census_original  WHERE census_original.age BETWEEN 14.165 AND 26.575 ORDER BY census_original.capital_loss LIMIT 100;"
2025-07-01T00:04:10.000000,"SELECT census_original.education, census_original.workclass, census_original.capital_loss FROM census_original  WHERE census_original.age BETWEEN 67.185 AND 79.595 ORDER BY census_original.capital_loss LIMIT 100;"
2025-07-01T00:04:10.200000,"SELECT census_original.education, census_original.workclass, census_original.capital_loss FROM census_original  WHERE census_original.age BETWEEN 37.775 AND 50.185 ORDER BY census_original.capital_loss LIMIT 100;"
2025-07-01T00:04:10.400000,SELECT census_original.sex FROM census_original  WHERE census_original.hours_per_week > 81.65 AND census_original.race != 'NULL' AND census_original.education_num < 90.35 ORDER BY census_original.sex LIMIT 100;
2025-07-01T00:04:10.600000,SELECT census_original.workclass FROM census_original  WHERE census_original.education = 'sample' AND census_original.native_country LIKE 'sample' AND census_original.race != 'NULL' AND census_original.education_num < 56.04 ORDER BY census_original.workclass LIMIT 100;
2025-07-01T00:04:10.800000,SELECT census_original.workclass FROM census_original  WHERE census_original.education = 'sample' AND census_original.native_country LIKE 'sample' AND census_original.race != 'NULL' AND census_original.education_num < 6.75 ORDER BY census_original.workclass LIMIT 100;
2025-07-01T00:04:11.000000,SELECT census_original.workclass FROM census_original  WHERE census_original.education = 'sample' AND census_original.native_country LIKE 'sample' AND census_original.race != 'NULL' AND census_original.education_num < 80.35 ORDER BY census_original.workclass LIMIT 100;
2025-07-01T00:04:11.200000,SELECT census_original.workclass FROM census_original  WHERE census_original.education = 'sample' AND census_original.native_country LIKE 'sample' AND census_original.race != 'NULL' AND census_original.education_num < 11.39 ORDER BY census_original.workclass LIMIT 100;
2025-07-01T00:04:11.400000,SELECT census_original.relationship FROM census_original  WHERE census_original.sex != 'NULL' AND census_original.capital_gain > 9.97 ORDER BY census_original.relationship LIMIT 100;
2025-07-01T00:04:11.600000,"SELECT census_original.education, census_original.workclass, census_original.capital_loss FROM census_original  WHERE census_original.age BETWEEN 59.165 AND 71.575 ORDER BY census_original.capital_loss LIMIT 100;"
2025-07-01T00:04:11.800000,"SELECT census_original.age, census_original.workclass, census_original.capital_gain, census_original.education FROM census_original  WHERE census_original.race = 'NULL' ORDER BY census_original.workclass LIMIT 100;"
2025-07-01T00:04:12.000000,SELECT census_original.workclass FROM census_original  WHERE census_original.education = 'sample' AND census_original.native_country LIKE 'sample' AND census_original.race != 'NULL' AND census_original.education_num < 64.45 ORDER BY census_original.workclass LIMIT 100;
2025-07-01T00:04:12.200000,SELECT census_original.relationship FROM census_original  WHERE census_original.sex != 'NULL' AND census_original.capital_gain > 33.07 ORDER BY census_original.relationship LIMIT 100;
2025-07-01T00:04:12.400000,"SELECT census_original.age, census_original.workclass, census_original.capital_gain, census_original.education FROM census_original  WHERE census_original.race = 'NULL' ORDER BY census_original.workclass LIMIT 100;"
2025-07-01T00:04:12.600000,SELECT census_original.sex FROM census_original  WHERE census_original.hours_per_week > 21.5 AND census_original.race != 'NULL' AND census_original.education_num < 30.91 ORDER BY census_original.sex LIMIT 100;
2025-07-01T00:04:12.800000,SELECT census_original.sex FROM census_original  WHERE census_original.hours_per_week > 4.45 AND census_original.race != 'NULL' AND census_original.education_num < 65.57 ORDER BY census_original.sex LIMIT 100;
2025-07-01T00:04:13.000000,SELECT census_original.sex FROM census_original  WHERE census_original.hours_per_week > 6.09 AND census_original.race != 'NULL' AND census_original.education_num < 67.55 ORDER BY census_original.sex LIMIT 100;
2025-07-01T00:04:13.200000,"SELECT census_original.education, census_original.workclass, census_original.capital_loss FROM census_original  WHERE census_original.age BETWEEN 14.955 AND 27.365 ORDER BY census_original.capital_loss LIMIT 100;"
2025-07-01T00:04:13.400000,SELECT census_original.relationship FROM census_original  WHERE census_original.sex != 'NULL' AND census_original.capital_gain > 72.59 ORDER BY census_original.relationship LIMIT 100;
2025-07-01T00:04:13.600000,"SELECT census_original.age, census_original.workclass, census_original.capital_gain, census_original.education FROM census_original  WHERE census_original.race = 'NULL' ORDER BY census_original.workclass LIMIT 100;"
2025-07-01T00:04:13.800000,SELECT census_original.sex FROM census_original  WHERE census_original.hours_per_week > 80.12 AND census_original.race != 'NULL' AND census_original.education_num < 60.47 ORDER BY census_original.sex LIMIT 100;
2025-07-01T00:04:14.000000,"SELECT census_original.age, census_original.workclass, census_original.capital_gain, census_original.education FROM census_original  WHERE census_original.race = 'NULL' ORDER BY census_original.workclass LIMIT 100;"
2025-07-01T00:04:14.200000,"SELECT census_original.age, census_original.workclass, census_original.capital_gain, census_original.education FROM census_original  WHERE census_original.race = 'NULL' ORDER BY census_original.workclass LIMIT 100;"
2025-07-01T00:04:14.400000,SELECT census_original.sex FROM census_original  WHERE census_original.hours_per_week > 95.97 AND census_original.race != 'NULL' AND census_original.education_num < 65.6 ORDER BY census_original.sex LIMIT 100;
2025-07-01T00:04:14.600000,SELECT census_original.relationship FROM census_original  WHERE census_original.sex != 'NULL' AND census_original.capital_gain > 86.75 ORDER BY census_original.relationship LIMIT 100;
2025-07-01T00:04:14.800000,SELECT census_original.workclass FROM census_original  WHERE census_original.education = 'sample' AND census_original.native_country LIKE 'sample' AND census_original.race != 'NULL' AND census_original.education_num < 93.68 ORDER BY census_original.workclass LIMIT 100;
2025-07-01T00:04:15.000000,"SELECT census_original.education, census_original.workclass, census_original.capital_loss FROM census_original  WHERE census_original.age BETWEEN 47.975 AND 60.385 ORDER BY census_original.capital_loss LIMIT 100;"
2025-07-01T00:04:15.200000,"SELECT census_original.education, census_original.workclass, census_original.capital_loss FROM census_original  WHERE census_original.age BETWEEN 56.415 AND 68.825 ORDER BY census_original.capital_loss LIMIT 100;"
2025-07-01T00:04:15.400000,"SELECT census_original.age, census_original.workclass, census_original.capital_gain, census_original.education FROM census_original  WHERE census_original.race = 'NULL' ORDER BY census_original.workclass LIMIT 100;"
2025-07-01T00:04:15.600000,"SELECT census_original.education, census_original.workclass, census_original.capital_loss FROM census_original  WHERE census_original.age BETWEEN 45.085 AND 57.495 ORDER BY census_original.capital_loss LIMIT 100;"
2025-07-01T00:04:15.800000,"SELECT census_original.education, census_original.workclass, census_original.capital_loss FROM census_original  WHERE census_original.age BETWEEN 27.015 AND 39.425 ORDER BY census_original.capital_loss LIMIT 100;"
2025-07-01T00:04:16.000000,"SELECT census_original.education, census_original.workclass, census_original.capital_loss FROM census_original  WHERE census_original.age BETWEEN 37.065 AND 49.475 ORDER BY census_original.capital_loss LIMIT 100;"
2025-07-01T00:04:16.200000,SELECT census_original.relationship FROM census_original  WHERE census_original.sex != 'NULL' AND census_original.capital_gain > 19.6 ORDER BY census_original.relationship LIMIT 100;
2025-07-01T00:04:16.400000,SELECT census_original.relationship FROM census_original  WHERE census_original.sex != 'NULL' AND census_original.capital_gain > 5.9 ORDER BY census_original.relationship LIMIT 100;
2025-07-01T00:04:16.600000,"SELECT census_original.age, census_original.workclass, census_original.capital_gain, census_original.education FROM census_original  WHERE census_original.race = 'NULL' ORDER BY census_original.workclass LIMIT 100;"
2025-07-01T00:04:16.800000,SELECT census_original.sex FROM census_original  WHERE census_original.hours_per_week > 3.3 AND census_original.race != 'NULL' AND census_original.education_num < 40.61 ORDER BY census_original.sex LIMIT 100;
2025-07-01T00:04:17.000000,SELECT census_original.relationship FROM census_original  WHERE census_original.sex != 'NULL' AND census_original.capital_gain > 3.63 ORDER BY census_original.relationship LIMIT 100;
2025-07-01T00:04:17.200000,"SELECT census_original.education, census_original.workclass, census_original.capital_loss FROM census_original  WHERE census_original.age BETWEEN 29.595 AND 42.005 ORDER BY census_original.capital_loss LIMIT 100;"
2025-07-01T00:04:17.400000,SELECT census_original.workclass FROM census_original  WHERE census_original.education = 'sample' AND census_original.native_country LIKE 'sample' AND census_original.race != 'NULL' AND census_original.education_num < 59.24 ORDER BY census_original.workclass LIMIT 100;
2025-07-01T00:04:17.600000,"SELECT census_original.education, census_original.workclass, census_original.capital_loss FROM census_original  WHERE census_original.age BETWEEN 64.525 AND 76.935 ORDER BY census_original.capital_loss LIMIT 100;"
2025-07-01T00:04:17.800000,"SELECT census_original.age, census_original.workclass, census_original.capital_gain, census_original.education FROM census_original  WHERE census_original.race = 'NULL' ORDER BY census_original.workclass LIMIT 100;"
2025-07-01T00:04:18.000000,"SELECT census_original.age, census_original.workclass, census_original.capital_gain, census_original.education FROM census_original  WHERE census_original.race = 'NULL' ORDER BY census_original.workclass LIMIT 100;"
2025-07-01T00:04:18.200000,"SELECT census_original.education, census_original.workclass, census_original.capital_loss FROM census_original  WHERE census_original.age BETWEEN 35.315 AND 47.725 ORDER BY census_original.capital_loss LIMIT 100;"
2025-07-01T00:04:18.400000,SELECT census_original.sex FROM census_original  WHERE census_original.hours_per_week > 68.05 AND census_original.race != 'NULL' AND census_original.education_num < 3.93 ORDER BY census_original.sex LIMIT 100;
2025-07-01T00:04:18.600000,SELECT census_original.sex FROM census_original  WHERE census_original.hours_per_week > 31.14 AND census_original.race != 'NULL' AND census_original.education_num < 55.74 ORDER BY census_original.sex LIMIT 100;
2025-07-01T00:04:18.800000,SELECT census_original.workclass FROM census_original  WHERE census_original.education = 'sample' AND census_original.native_country LIKE 'sample' AND census_original.race != 'NULL' AND census_original.education_num < 63.74 ORDER BY census_original.workclass LIMIT 100;
2025-07-01T00:04:19.000000,SELECT census_original.workclass FROM census_original  WHERE census_original.education = 'sample' AND census_original.native_country LIKE 'sample' AND census_original.race != 'NULL' AND census_original.education_num < 58.22 ORDER BY census_original.workclass LIMIT 100;
2025-07-01T00:04:19.200000,SELECT census_original.relationship FROM census_original  WHERE census_original.sex != 'NULL' AND census_original.capital_gain > 8.99 ORDER BY census_original.relationship LIMIT 100;
2025-07-01T00:04:19.400000,SELECT census_original.workclass FROM census_original  WHERE census_original.education = 'sample' AND census_original.native_country LIKE 'sample' AND census_original.race != 'NULL' AND census_original.education_num < 9.36 ORDER BY census_original.workclass LIMIT 100;
2025-07-01T00:04:19.600000,"SELECT census_original.age, census_original.workclass, census_original.capital_gain, census_original.education FROM census_original  WHERE census_original.race = 'NULL' ORDER BY census_original.workclass LIMIT 100;"
2025-07-01T00:04:19.800000,SELECT census_original.relationship FROM census_original  WHERE census_original.sex != 'NULL' AND census_original.capital_gain > 54.81 ORDER BY census_original.relationship LIMIT 100;
2025-07-01T00:04:20.000000,"SELECT census_original.age, census_original.workclass, census_original.capital_gain, census_original.education FROM census_original  WHERE census_original.race = 'NULL' ORDER BY census_original.workclass LIMIT 100;"
2025-07-01T00:04:20.200000,SELECT census_original.workclass FROM census_original  WHERE census_original.education = 'sample' AND census_original.native_country LIKE 'sample' AND census_original.race != 'NULL' AND census_original.education_num < 76.53 ORDER BY census_original.workclass LIMIT 100;
2025-07-01T00:04:20.400000,SELECT census_original.relationship FROM census_original  WHERE census_original.sex != 'NULL' AND census_original.capital_gain > 36.72 ORDER BY census_original.relationship LIMIT 100;
2025-07-01T00:04:20.600000,SELECT census_original.sex FROM census_original  WHERE census_original.hours_per_week > 54.12 AND census_original.race != 'NULL' AND census_original.education_num < 44.02 ORDER BY census_original.sex LIMIT 100;
2025-07-01T00:04:20.800000,SELECT census_original.relationship FROM census_original  WHERE census_original.sex != 'NULL' AND census_original.capital_gain > 95.91 ORDER BY census_original.relationship LIMIT 100;
2025-07-01T00:04:21.000000,"SELECT census_original.age, census_original.workclass, census_original.capital_gain, census_original.education FROM census_original  WHERE census_original.race = 'NULL' ORDER BY census_original.workclass LIMIT 100;"
2025-07-01T00:04:21.200000,SELECT census_original.sex FROM census_original  WHERE census_original.hours_per_week > 67.12 AND census_original.race != 'NULL' AND census_original.education_num < 13.81 ORDER BY census_original.sex LIMIT 100;
2025-07-01T00:04:21.400000,SELECT census_original.sex FROM census_original  WHERE census_original.hours_per_week > 33.98 AND census_original.race != 'NULL' AND census_original.education_num < 43.7 ORDER BY census_original.sex LIMIT 100;
2025-07-01T00:04:21.600000,"SELECT census_original.education, census_original.workclass, census_original.capital_loss FROM census_original  WHERE census_original.age BETWEEN 29.485 AND 41.895 ORDER BY census_original.capital_loss LIMIT 100;"
2025-07-01T00:04:21.800000,"SELECT census_original.education, census_original.workclass, census_original.capital_loss FROM census_original  WHERE census_original.age BETWEEN 17.795 AND 30.205 ORDER BY census_original.capital_loss LIMIT 100;"
2025-07-01T00:04:22.000000,SELECT census_original.sex FROM census_original  WHERE census_original.hours_per_week > 98.87 AND census_original.race != 'NULL' AND census_original.education_num < 82.01 ORDER BY census_original.sex LIMIT 100;
2025-07-01T00:04:22.200000,"SELECT census_original.education, census_original.workclass, census_original.capital_loss FROM census_original  WHERE census_original.age BETWEEN 39.765 AND 52.175 ORDER BY census_original.capital_loss LIMIT 100;"
2025-07-01T00:04:22.400000,SELECT census_original.sex FROM census_original  WHERE census_original.hours_per_week > 22.42 AND census_original.race != 'NULL' AND census_original.education_num < 41.99 ORDER BY census_original.sex LIMIT 100;
2025-07-01T00:04:22.600000,"SELECT census_original.education, census_original.workclass, census_original.capital_loss FROM census_original  WHERE census_original.age BETWEEN 14.355 AND 26.765 ORDER BY census_original.capital_loss LIMIT 100;"
2025-07-01T00:04:22.800000,SELECT census_original.relationship FROM census_original  WHERE census_original.sex != 'NULL' AND census_original.capital_gain > 57.29 ORDER BY census_original.relationship LIMIT 100;
2025-07-01T00:04:23.000000,SELECT census_original.relationship FROM census_original  WHERE census_original.sex != 'NULL' AND census_original.capital_gain > 6.92 ORDER BY census_original.relationship LIMIT 100;
2025-07-01T00:04:23.200000,"SELECT census_original.age, census_original.workclass, census_original.capital_gain, census_original.education FROM census_original  WHERE census_original.race = 'NULL' ORDER BY census_original.workclass LIMIT 100;"
2025-07-01T00:04:23.400000,"SELECT census_original.education, census_original.workclass, census_original.capital_loss FROM census_original  WHERE census_original.age BETWEEN 36.425 AND 48.835 ORDER BY census_original.capital_loss LIMIT 100;"
2025-07-01T00:04:23.600000,"SELECT census_original.age, census_original.workclass, census_original.capital_gain, census_original.education FROM census_original  WHERE census_original.race = 'NULL' ORDER BY census_original.workclass LIMIT 100;"
2025-07-01T00:04:23.800000,SELECT census_original.workclass FROM census_original  WHERE census_original.education = 'sample' AND census_original.native_country LIKE 'sample' AND census_original.race != 'NULL' AND census_original.education_num < 29.53 ORDER BY census_original.workclass LIMIT 100;
2025-07-01T00:04:24.000000,SELECT census_original.workclass FROM census_original  WHERE census_original.education = 'sample' AND census_original.native_country LIKE 'sample' AND census_original.race != 'NULL' AND census_original.education_num < 20.11 ORDER BY census_original.workclass LIMIT 100;
2025-07-01T00:04:24.200000,"SELECT census_original.education, census_original.workclass, census_original.capital_loss FROM census_original  WHERE census_original.age BETWEEN 17.835 AND 30.245 ORDER BY census_original.capital_loss LIMIT 100;"
2025-07-01T00:04:24.400000,"SELECT census_original.education, census_original.workclass, census_original.capital_loss FROM census_original  WHERE census_original.age BETWEEN 49.975 AND 62.385 ORDER BY census_original.capital_loss LIMIT 100;"
2025-07-01T00:04:24.600000,SELECT census_original.sex FROM census_original  WHERE census_original.hours_per_week > 74.12 AND census_original.race != 'NULL' AND census_original.education_num < 32.4 ORDER BY census_original.sex LIMIT 100;
2025-07-01T00:04:24.800000,SELECT census_original.workclass FROM census_original  WHERE census_original.education = 'sample' AND census_original.native_country LIKE 'sample' AND census_original.race != 'NULL' AND census_original.education_num < 9.68 ORDER BY census_original.workclass LIMIT 100;
2025-07-01T00:04:25.000000,SELECT census_original.relationship FROM census_original  WHERE census_original.sex != 'NULL' AND census_original.capital_gain > 47.53 ORDER BY census_original.relationship LIMIT 100;
2025-07-01T00:04:25.200000,"SELECT census_original.education, census_original.workclass, census_original.capital_loss FROM census_original  WHERE census_original.age BETWEEN 36.815 AND 49.225 ORDER BY census_original.capital_loss LIMIT 100;"
2025-07-01T00:04:25.400000,SELECT census_original.sex FROM census_original  WHERE census_original.hours_per_week > 12.78 AND census_original.race != 'NULL' AND census_original.education_num < 91.77 ORDER BY census_original.sex LIMIT 100;
2025-07-01T00:04:25.600000,SELECT census_original.sex FROM census_original  WHERE census_original.hours_per_week > 72.89 AND census_original.race != 'NULL' AND census_original.education_num < 46.65 ORDER BY census_original.sex LIMIT 100;
2025-07-01T00:04:25.800000,"SELECT census_original.age, census_original.workclass, census_original.capital_gain, census_original.education FROM census_original  WHERE census_original.race = 'NULL' ORDER BY census_original.workclass LIMIT 100;"
2025-07-01T00:04:26.000000,SELECT census_original.workclass FROM census_original  WHERE census_original.education = 'sample' AND census_original.native_country LIKE 'sample' AND census_original.race != 'NULL' AND census_original.education_num < 70.28 ORDER BY census_original.workclass LIMIT 100;
2025-07-01T00:04:26.200000,SELECT census_original.relationship FROM census_original  WHERE census_original.sex != 'NULL' AND census_original.capital_gain > 22.22 ORDER BY census_original.relationship LIMIT 100;
2025-07-01T00:04:26.400000,SELECT census_original.relationship FROM census_original  WHERE census_original.sex != 'NULL' AND census_original.capital_gain > 99.49 ORDER BY census_original.relationship LIMIT 100;
2025-07-01T00:04:26.600000,SELECT census_original.relationship FROM census_original  WHERE census_original.sex != 'NULL' AND census_original.capital_gain > 79.78 ORDER BY census_original.relationship LIMIT 100;
2025-07-01T00:04:26.800000,SELECT census_original.relationship FROM census_original  WHERE census_original.sex != 'NULL' AND census_original.capital_gain > 87.94 ORDER BY census_original.relationship LIMIT 100;
2025-07-01T00:04:27.000000,SELECT census_original.relationship FROM census_original  WHERE census_original.sex != 'NULL' AND census_original.capital_gain > 6.21 ORDER BY census_original.relationship LIMIT 100;
2025-07-01T00:04:27.200000,SELECT census_original.workclass FROM census_original  WHERE census_original.education = 'sample' AND census_original.native_country LIKE 'sample' AND census_original.race != 'NULL' AND census_original.education_num < 42.27 ORDER BY census_original.workclass LIMIT 100;
2025-07-01T00:04:27.400000,SELECT census_original.relationship FROM census_original  WHERE census_original.sex != 'NULL' AND census_original.capital_gain > 36.51 ORDER BY census_original.relationship LIMIT 100;
2025-07-01T00:04:27.600000,"SELECT census_original.education, census_original.workclass, census_original.capital_loss FROM census_original  WHERE census_original.age BETWEEN 18.845 AND 31.255 ORDER BY census_original.capital_loss LIMIT 100;"
2025-07-01T00:04:27.800000,SELECT census_original.sex FROM census_original  WHERE census_original.hours_per_week > 61.27 AND census_original.race != 'NULL' AND census_original.education_num < 58.52 ORDER BY census_original.sex LIMIT 100;
2025-07-01T00:04:28.000000,"SELECT census_original.age, census_original.workclass, census_original.capital_gain, census_original.education FROM census_original  WHERE census_original.race = 'NULL' ORDER BY census_original.workclass LIMIT 100;"
2025-07-01T00:04:28.200000,SELECT census_original.sex FROM census_original  WHERE census_original.hours_per_week > 18.67 AND census_original.race != 'NULL' AND census_original.education_num < 20.75 ORDER BY census_original.sex LIMIT 100;
2025-07-01T00:04:28.400000,"SELECT census_original.age, census_original.workclass, census_original.capital_gain, census_original.education FROM census_original  WHERE census_original.race = 'NULL' ORDER BY census_original.workclass LIMIT 100;"
2025-07-01T00:04:28.600000,"SELECT census_original.education, census_original.workclass, census_original.capital_loss FROM census_original  WHERE census_original.age BETWEEN 55.175 AND 67.585 ORDER BY census_original.capital_loss LIMIT 100;"
2025-07-01T00:04:28.800000,SELECT census_original.sex FROM census_original  WHERE census_original.hours_per_week > 59.44 AND census_original.race != 'NULL' AND census_original.education_num < 40.3 ORDER BY census_original.sex LIMIT 100;
2025-07-01T00:04:29.000000,"SELECT census_original.age, census_original.workclass, census_original.capital_gain, census_original.education FROM census_original  WHERE census_original.race = 'NULL' ORDER BY census_original.workclass LIMIT 100;"
2025-07-01T00:04:29.200000,SELECT census_original.workclass FROM census_original  WHERE census_original.education = 'sample' AND census_original.native_country LIKE 'sample' AND census_original.race != 'NULL' AND census_original.education_num < 92.82 ORDER BY census_original.workclass LIMIT 100;
2025-07-01T00:04:29.400000,SELECT census_original.workclass FROM census_original  WHERE census_original.education = 'sample' AND census_original.native_country LIKE 'sample' AND census_original.race != 'NULL' AND census_original.education_num < 14.32 ORDER BY census_original.workclass LIMIT 100;
2025-07-01T00:04:29.600000,SELECT census_original.relationship FROM census_original  WHERE census_original.sex != 'NULL' AND census_original.capital_gain > 35.42 ORDER BY census_original.relationship LIMIT 100;
2025-07-01T00:04:29.800000,SELECT census_original.relationship FROM census_original  WHERE census_original.sex != 'NULL' AND census_original.capital_gain > 32.75 ORDER BY census_original.relationship LIMIT 100;
2025-07-01T00:04:30.000000,SELECT census_original.relationship FROM census_original  WHERE census_original.sex != 'NULL' AND census_original.capital_gain > 58.32 ORDER BY census_original.relationship LIMIT 100;
2025-07-01T00:04:30.200000,SELECT census_original.relationship FROM census_original  WHERE census_original.sex != 'NULL' AND census_original.capital_gain > 97.21 ORDER BY census_original.relationship LIMIT 100;
2025-07-01T00:04:30.400000,SELECT census_original.sex FROM census_original  WHERE census_original.hours_per_week > 99.34 AND census_original.race != 'NULL' AND census_original.education_num < 28.81 ORDER BY census_original.sex LIMIT 100;
2025-07-01T00:04:30.600000,"SELECT census_original.education, census_original.workclass, census_original.capital_loss FROM census_original  WHERE census_original.age BETWEEN 64.975 AND 77.385 ORDER BY census_original.capital_loss LIMIT 100;"
2025-07-01T00:04:30.800000,"SELECT census_original.education, census_original.workclass, census_original.capital_loss FROM census_original  WHERE census_original.age BETWEEN 62.705 AND 75.115 ORDER BY census_original.capital_loss LIMIT 100;"
2025-07-01T00:04:31.000000,SELECT census_original.sex FROM census_original  WHERE census_original.hours_per_week > 40.57 AND census_original.race != 'NULL' AND census_original.education_num < 68.86 ORDER BY census_original.sex LIMIT 100;
2025-07-01T00:04:31.200000,"SELECT census_original.age, census_original.workclass, census_original.capital_gain, census_original.education FROM census_original  WHERE census_original.race = 'NULL' ORDER BY census_original.workclass LIMIT 100;"
2025-07-01T00:04:31.400000,SELECT census_original.sex FROM census_original  WHERE census_original.hours_per_week > 95.37 AND census_original.race != 'NULL' AND census_original.education_num < 17.19 ORDER BY census_original.sex LIMIT 100;
2025-07-01T00:04:31.600000,SELECT census_original.sex FROM census_original  WHERE census_original.hours_per_week > 56.65 AND census_original.race != 'NULL' AND census_original.education_num < 11.09 ORDER BY census_original.sex LIMIT 100;
2025-07-01T00:04:31.800000,SELECT census_original.relationship FROM census_original  WHERE census_original.sex != 'NULL' AND census_original.capital_gain > 1.11 ORDER BY census_original.relationship LIMIT 100;
2025-07-01T00:04:32.000000,SELECT census_original.workclass FROM census_original  WHERE census_original.education = 'sample' AND census_original.native_country LIKE 'sample' AND census_original.race != 'NULL' AND census_original.education_num < 22.55 ORDER BY census_original.workclass LIMIT 100;
2025-07-01T00:04:32.200000,SELECT census_original.workclass FROM census_original  WHERE census_original.education = 'sample' AND census_original.native_country LIKE 'sample' AND census_original.race != 'NULL' AND census_original.education_num < 57.67 ORDER BY census_original.workclass LIMIT 100;
2025-07-01T00:04:32.400000,"SELECT census_original.education, census_original.workclass, census_original.capital_loss FROM census_original  WHERE census_original.age BETWEEN 21.515 AND 33.925 ORDER BY census_original.capital_loss LIMIT 100;"
2025-07-01T00:04:32.600000,SELECT census_original.relationship FROM census_original  WHERE census_original.sex != 'NULL' AND census_original.capital_gain > 22.02 ORDER BY census_original.relationship LIMIT 100;
2025-07-01T00:04:32.800000,SELECT census_original.relationship FROM census_original  WHERE census_original.sex != 'NULL' AND census_original.capital_gain > 47.43 ORDER BY census_original.relationship LIMIT 100;
2025-07-01T00:04:33.000000,"SELECT census_original.age, census_original.workclass, census_original.capital_gain, census_original.education FROM census_original  WHERE census_original.race = 'NULL' ORDER BY census_original.workclass LIMIT 100;"
2025-07-01T00:04:33.200000,SELECT census_original.relationship FROM census_original  WHERE census_original.sex != 'NULL' AND census_original.capital_gain > 93.35 ORDER BY census_original.relationship LIMIT 100;
2025-07-01T00:04:33.400000,"SELECT census_original.age, census_original.workclass, census_original.capital_gain, census_original.education FROM census_original  WHERE census_original.race = 'NULL' ORDER BY census_original.workclass LIMIT 100;"
2025-07-01T00:04:33.600000,"SELECT census_original.education, census_original.workclass, census_original.capital_loss FROM census_original  WHERE census_original.age BETWEEN 28.125 AND 40.535 ORDER BY census_original.capital_loss LIMIT 100;"
2025-07-01T00:04:33.800000,"SELECT census_original.education, census_original.workclass, census_original.capital_loss FROM census_original  WHERE census_original.age BETWEEN 32.415 AND 44.825 ORDER BY census_original.capital_loss LIMIT 100;"
2025-07-01T00:04:34.000000,"SELECT census_original.education, census_original.workclass, census_original.capital_loss FROM census_original  WHERE census_original.age BETWEEN 33.095 AND 45.505 ORDER BY census_original.capital_loss LIMIT 100;"
2025-07-01T00:04:34.200000,SELECT census_original.sex FROM census_original  WHERE census_original.hours_per_week > 6.0 AND census_original.race != 'NULL' AND census_original.education_num < 59.86 ORDER BY census_original.sex LIMIT 100;
2025-07-01T00:04:34.400000,SELECT census_original.sex FROM census_original  WHERE census_original.hours_per_week > 40.02 AND census_original.race != 'NULL' AND census_original.education_num < 13.98 ORDER BY census_original.sex LIMIT 100;
2025-07-01T00:04:34.600000,"SELECT census_original.education, census_original.workclass, census_original.capital_loss FROM census_original  WHERE census_original.age BETWEEN 26.015 AND 38.425 ORDER BY census_original.capital_loss LIMIT 100;"
2025-07-01T00:04:34.800000,SELECT census_original.relationship FROM census_original  WHERE census_original.sex != 'NULL' AND census_original.capital_gain > 19.75 ORDER BY census_original.relationship LIMIT 100;
2025-07-01T00:04:35.000000,SELECT census_original.workclass FROM census_original  WHERE census_original.education = 'sample' AND census_original.native_country LIKE 'sample' AND census_original.race != 'NULL' AND census_original.education_num < 16.37 ORDER BY census_original.workclass LIMIT 100;
2025-07-01T00:04:35.200000,SELECT census_original.workclass FROM census_original  WHERE census_original.education = 'sample' AND census_original.native_country LIKE 'sample' AND census_original.race != 'NULL' AND census_original.education_num < 74.53 ORDER BY census_original.workclass LIMIT 100;
2025-07-01T00:04:35.400000,SELECT census_original.sex FROM census_original  WHERE census_original.hours_per_week > 45.42 AND census_original.race != 'NULL' AND census_original.education_num < 39.9 ORDER BY census_original.sex LIMIT 100;
2025-07-01T00:04:35.600000,SELECT census_original.workclass FROM census_original  WHERE census_original.education = 'sample' AND census_original.native_country LIKE 'sample' AND census_original.race != 'NULL' AND census_original.education_num < 59.13 ORDER BY census_original.workclass LIMIT 100;
2025-07-01T00:04:35.800000,SELECT census_original.sex FROM census_original  WHERE census_original.hours_per_week > 87.41 AND census_original.race != 'NULL' AND census_original.education_num < 20.04 ORDER BY census_original.sex LIMIT 100;
2025-07-01T00:04:36.000000,"SELECT census_original.age, census_original.workclass, census_original.capital_gain, census_original.education FROM census_original  WHERE census_original.race = 'NULL' ORDER BY census_original.workclass LIMIT 100;"
2025-07-01T00:04:36.200000,SELECT census_original.sex FROM census_original  WHERE census_original.hours_per_week > 92.26 AND census_original.race != 'NULL' AND census_original.education_num < 32.6 ORDER BY census_original.sex LIMIT 100;
2025-07-01T00:04:36.400000,SELECT census_original.relationship FROM census_original  WHERE census_original.sex != 'NULL' AND census_original.capital_gain > 49.14 ORDER BY census_original.relationship LIMIT 100;
2025-07-01T00:04:36.600000,"SELECT census_original.age, census_original.workclass, census_original.capital_gain, census_original.education FROM census_original  WHERE census_original.race = 'NULL' ORDER BY census_original.workclass LIMIT 100;"
2025-07-01T00:04:36.800000,SELECT census_original.relationship FROM census_original  WHERE census_original.sex != 'NULL' AND census_original.capital_gain > 78.39 ORDER BY census_original.relationship LIMIT 100;
2025-07-01T00:04:37.000000,"SELECT census_original.age, census_original.workclass, census_original.capital_gain, census_original.education FROM census_original  WHERE census_original.race = 'NULL' ORDER BY census_original.workclass LIMIT 100;"
2025-07-01T00:04:37.200000,"SELECT census_original.education, census_original.workclass, census_original.capital_loss FROM census_original  WHERE census_original.age BETWEEN 64.515 AND 76.925 ORDER BY census_original.capital_loss LIMIT 100;"
2025-07-01T00:04:37.400000,SELECT census_original.sex FROM census_original  WHERE census_original.hours_per_week > 14.3 AND census_original.race != 'NULL' AND census_original.education_num < 37.17 ORDER BY census_original.sex LIMIT 100;
2025-07-01T00:04:37.600000,SELECT census_original.relationship FROM census_original  WHERE census_original.sex != 'NULL' AND census_original.capital_gain > 56.7 ORDER BY census_original.relationship LIMIT 100;
2025-07-01T00:04:37.800000,SELECT census_original.workclass FROM census_original  WHERE census_original.education = 'sample' AND census_original.native_country LIKE 'sample' AND census_original.race != 'NULL' AND census_original.education_num < 8.13 ORDER BY census_original.workclass LIMIT 100;
2025-07-01T00:04:38.000000,SELECT census_original.sex FROM census_original  WHERE census_original.hours_per_week > 10.31 AND census_original.race != 'NULL' AND census_original.education_num < 89.08 ORDER BY census_original.sex LIMIT 100;
2025-07-01T00:04:38.200000,SELECT census_original.relationship FROM census_original  WHERE census_original.sex != 'NULL' AND census_original.capital_gain > 48.69 ORDER BY census_original.relationship LIMIT 100;
2025-07-01T00:04:38.400000,"SELECT census_original.age, census_original.workclass, census_original.capital_gain, census_original.education FROM census_original  WHERE census_original.race = 'NULL' ORDER BY census_original.workclass LIMIT 100;"
2025-07-01T00:04:38.600000,SELECT census_original.workclass FROM census_original  WHERE census_original.education = 'sample' AND census_original.native_country LIKE 'sample' AND census_original.race != 'NULL' AND census_original.education_num < 78.48 ORDER BY census_original.workclass LIMIT 100;
2025-07-01T00:04:38.800000,SELECT census_original.sex FROM census_original  WHERE census_original.hours_per_week > 83.42 AND census_original.race != 'NULL' AND census_original.education_num < 18.46 ORDER BY census_original.sex LIMIT 100;
2025-07-01T00:04:39.000000,"SELECT census_original.age, census_original.workclass, census_original.capital_gain, census_original.education FROM census_original  WHERE census_original.race = 'NULL' ORDER BY census_original.workclass LIMIT 100;"
2025-07-01T00:04:39.200000,"SELECT census_original.education, census_original.workclass, census_original.capital_loss FROM census_original  WHERE census_original.age BETWEEN 13.095 AND 25.505 ORDER BY census_original.capital_loss LIMIT 100;"
2025-07-01T00:04:39.400000,"SELECT census_original.age, census_original.workclass, census_original.capital_gain, census_original.education FROM census_original  WHERE census_original.race = 'NULL' ORDER BY census_original.workclass LIMIT 100;"
2025-07-01T00:04:39.600000,SELECT census_original.workclass FROM census_original  WHERE census_original.education = 'sample' AND census_original.native_country LIKE 'sample' AND census_original.race != 'NULL' AND census_original.education_num < 37.85 ORDER BY census_original.workclass LIMIT 100;
2025-07-01T00:04:39.800000,SELECT census_original.workclass FROM census_original  WHERE census_original.education = 'sample' AND census_original.native_country LIKE 'sample' AND census_original.race != 'NULL' AND census_original.education_num < 94.66 ORDER BY census_original.workclass LIMIT 100;
2025-07-01T00:04:40.000000,SELECT census_original.relationship FROM census_original  WHERE census_original.sex != 'NULL' AND census_original.capital_gain > 98.16 ORDER BY census_original.relationship LIMIT 100;
2025-07-01T00:04:40.200000,"SELECT census_original.age, census_original.workclass, census_original.capital_gain, census_original.education FROM census_original  WHERE census_original.race = 'NULL' ORDER BY census_original.workclass LIMIT 100;"
2025-07-01T00:04:40.400000,"SELECT census_original.education, census_original.workclass, census_original.capital_loss FROM census_original  WHERE census_original.age BETWEEN 21.875 AND 34.285 ORDER BY census_original.capital_loss LIMIT 100;"
2025-07-01T00:04:40.600000,SELECT census_original.workclass FROM census_original  WHERE census_original.education = 'sample' AND census_original.native_country LIKE 'sample' AND census_original.race != 'NULL' AND census_original.education_num < 66.13 ORDER BY census_original.workclass LIMIT 100;
2025-07-01T00:04:40.800000,SELECT census_original.relationship FROM census_original  WHERE census_original.sex != 'NULL' AND census_original.capital_gain > 96.91 ORDER BY census_original.relationship LIMIT 100;
2025-07-01T00:04:41.000000,"SELECT census_original.age, census_original.workclass, census_original.capital_gain, census_original.education FROM census_original  WHERE census_original.race = 'NULL' ORDER BY census_original.workclass LIMIT 100;"
2025-07-01T00:04:41.200000,SELECT census_original.sex FROM census_original  WHERE census_original.hours_per_week > 25.18 AND census_original.race != 'NULL' AND census_original.education_num < 91.35 ORDER BY census_original.sex LIMIT 100;
2025-07-01T00:04:41.400000,SELECT census_original.relationship FROM census_original  WHERE census_original.sex != 'NULL' AND census_original.capital_gain > 39.86 ORDER BY census_original.relationship LIMIT 100;
2025-07-01T00:04:41.600000,"SELECT census_original.age, census_original.workclass, census_original.capital_gain, census_original.education FROM census_original  WHERE census_original.race = 'NULL' ORDER BY census_original.workclass LIMIT 100;"
2025-07-01T00:04:41.800000,SELECT census_original.workclass FROM census_original  WHERE census_original.education = 'sample' AND census_original.native_country LIKE 'sample' AND census_original.race != 'NULL' AND census_original.education_num < 61.49 ORDER BY census_original.workclass LIMIT 100;
2025-07-01T00:04:42.000000,SELECT census_original.sex FROM census_original  WHERE census_original.hours_per_week > 24.27 AND census_original.race != 'NULL' AND census_original.education_num < 33.21 ORDER BY census_original.sex LIMIT 100;
2025-07-01T00:04:42.200000,"SELECT census_original.age, census_original.workclass, census_original.capital_gain, census_original.education FROM census_original  WHERE census_original.race = 'NULL' ORDER BY census_original.workclass LIMIT 100;"
2025-07-01T00:04:42.400000,SELECT census_original.relationship FROM census_original  WHERE census_original.sex != 'NULL' AND census_original.capital_gain > 64.16 ORDER BY census_original.relationship LIMIT 100;
2025-07-01T00:04:42.600000,SELECT census_original.sex FROM census_original  WHERE census_original.hours_per_week > 34.8 AND census_original.race != 'NULL' AND census_original.education_num < 5.96 ORDER BY census_original.sex LIMIT 100;
2025-07-01T00:04:42.800000,"SELECT census_original.age, census_original.workclass, census_original.capital_gain, census_original.education FROM census_original  WHERE census_original.race = 'NULL' ORDER BY census_original.workclass LIMIT 100;"
2025-07-01T00:04:43.000000,SELECT census_original.relationship FROM census_original  WHERE census_original.sex != 'NULL' AND census_original.capital_gain > 22.24 ORDER BY census_original.relationship LIMIT 100;
2025-07-01T00:04:43.200000,SELECT census_original.relationship FROM census_original  WHERE census_original.sex != 'NULL' AND census_original.capital_gain > 21.33 ORDER BY census_original.relationship LIMIT 100;
2025-07-01T00:04:43.400000,"SELECT census_original.education, census_original.workclass, census_original.capital_loss FROM census_original  WHERE census_original.age BETWEEN 30.695 AND 43.105 ORDER BY census_original.capital_loss LIMIT 100;"
2025-07-01T00:04:43.600000,SELECT census_original.relationship FROM census_original  WHERE census_original.sex != 'NULL' AND census_original.capital_gain > 56.94 ORDER BY census_original.relationship LIMIT 100;
2025-07-01T00:04:43.800000,SELECT census_original.relationship FROM census_original  WHERE census_original.sex != 'NULL' AND census_original.capital_gain > 40.33 ORDER BY census_original.relationship LIMIT 100;
2025-07-01T00:04:44.000000,"SELECT census_original.age, census_original.workclass, census_original.capital_gain, census_original.education FROM census_original  WHERE census_original.race = 'NULL' ORDER BY census_original.workclass LIMIT 100;"
2025-07-01T00:04:44.200000,SELECT census_original.relationship FROM census_original  WHERE census_original.sex != 'NULL' AND census_original.capital_gain > 41.09 ORDER BY census_original.relationship LIMIT 100;
2025-07-01T00:04:44.400000,"SELECT census_original.age, census_original.workclass, census_original.capital_gain, census_original.education FROM census_original  WHERE census_original.race = 'NULL' ORDER BY census_original.workclass LIMIT 100;"
2025-07-01T00:04:44.600000,SELECT census_original.workclass FROM census_original  WHERE census_original.education = 'sample' AND census_original.native_country LIKE 'sample' AND census_original.race != 'NULL' AND census_original.education_num < 85.09 ORDER BY census_original.workclass LIMIT 100;
2025-07-01T00:04:44.800000,SELECT census_original.workclass FROM census_original  WHERE census_original.education = 'sample' AND census_original.native_country LIKE 'sample' AND census_original.race != 'NULL' AND census_original.education_num < 78.62 ORDER BY census_original.workclass LIMIT 100;
2025-07-01T00:04:45.000000,"SELECT census_original.age, census_original.workclass, census_original.capital_gain, census_original.education FROM census_original  WHERE census_original.race = 'NULL' ORDER BY census_original.workclass LIMIT 100;"
2025-07-01T00:04:45.200000,SELECT census_original.workclass FROM census_original  WHERE census_original.education = 'sample' AND census_original.native_country LIKE 'sample' AND census_original.race != 'NULL' AND census_original.education_num < 61.54 ORDER BY census_original.workclass LIMIT 100;
2025-07-01T00:04:45.400000,SELECT census_original.relationship FROM census_original  WHERE census_original.sex != 'NULL' AND census_original.capital_gain > 56.7 ORDER BY census_original.relationship LIMIT 100;
2025-07-01T00:04:45.600000,SELECT census_original.sex FROM census_original  WHERE census_original.hours_per_week > 85.48 AND census_original.race != 'NULL' AND census_original.education_num < 30.6 ORDER BY census_original.sex LIMIT 100;
2025-07-01T00:04:45.800000,SELECT census_original.relationship FROM census_original  WHERE census_original.sex != 'NULL' AND census_original.capital_gain > 19.1 ORDER BY census_original.relationship LIMIT 100;
2025-07-01T00:04:46.000000,SELECT census_original.relationship FROM census_original  WHERE census_original.sex != 'NULL' AND census_original.capital_gain > 23.37 ORDER BY census_original.relationship LIMIT 100;
2025-07-01T00:04:46.200000,"SELECT census_original.education, census_original.workclass, census_original.capital_loss FROM census_original  WHERE census_original.age BETWEEN 19.305 AND 31.715 ORDER BY census_original.capital_loss LIMIT 100;"
2025-07-01T00:04:46.400000,SELECT census_original.relationship FROM census_original  WHERE census_original.sex != 'NULL' AND census_original.capital_gain > 59.7 ORDER BY census_original.relationship LIMIT 100;
2025-07-01T00:04:46.600000,"SELECT census_original.education, census_original.workclass, census_original.capital_loss FROM census_original  WHERE census_original.age BETWEEN 13.925 AND 26.335 ORDER BY census_original.capital_loss LIMIT 100;"
2025-07-01T00:04:46.800000,"SELECT census_original.age, census_original.workclass, census_original.capital_gain, census_original.education FROM census_original  WHERE census_original.race = 'NULL' ORDER BY census_original.workclass LIMIT 100;"
2025-07-01T00:04:47.000000,"SELECT census_original.age, census_original.workclass, census_original.capital_gain, census_original.education FROM census_original  WHERE census_original.race = 'NULL' ORDER BY census_original.workclass LIMIT 100;"
2025-07-01T00:04:47.200000,SELECT census_original.relationship FROM census_original  WHERE census_original.sex != 'NULL' AND census_original.capital_gain > 87.56 ORDER BY census_original.relationship LIMIT 100;
2025-07-01T00:04:47.400000,"SELECT census_original.education, census_original.workclass, census_original.capital_loss FROM census_original  WHERE census_original.age BETWEEN 33.515 AND 45.925 ORDER BY census_original.capital_loss LIMIT 100;"
2025-07-01T00:04:47.600000,"SELECT census_original.education, census_original.workclass, census_original.capital_loss FROM census_original  WHERE census_original.age BETWEEN 65.255 AND 77.665 ORDER BY census_original.capital_loss LIMIT 100;"
2025-07-01T00:04:47.800000,"SELECT census_original.age, census_original.workclass, census_original.capital_gain, census_original.education FROM census_original  WHERE census_original.race = 'NULL' ORDER BY census_original.workclass LIMIT 100;"
2025-07-01T00:04:48.000000,SELECT census_original.sex FROM census_original  WHERE census_original.hours_per_week > 15.54 AND census_original.race != 'NULL' AND census_original.education_num < 86.22 ORDER BY census_original.sex LIMIT 100;
2025-07-01T00:04:48.200000,SELECT census_original.workclass FROM census_original  WHERE census_original.education = 'sample' AND census_original.native_country LIKE 'sample' AND census_original.race != 'NULL' AND census_original.education_num < 85.26 ORDER BY census_original.workclass LIMIT 100;
2025-07-01T00:04:48.400000,SELECT census_original.relationship FROM census_original  WHERE census_original.sex != 'NULL' AND census_original.capital_gain > 17.86 ORDER BY census_original.relationship LIMIT 100;
2025-07-01T00:04:48.600000,SELECT census_original.relationship FROM census_original  WHERE census_original.sex != 'NULL' AND census_original.capital_gain > 33.6 ORDER BY census_original.relationship LIMIT 100;
2025-07-01T00:04:48.800000,SELECT census_original.workclass FROM census_original  WHERE census_original.education = 'sample' AND census_original.native_country LIKE 'sample' AND census_original.race != 'NULL' AND census_original.education_num < 78.12 ORDER BY census_original.workclass LIMIT 100;
2025-07-01T00:04:49.000000,SELECT census_original.sex FROM census_original  WHERE census_original.hours_per_week > 95.34 AND census_original.race != 'NULL' AND census_original.education_num < 61.4 ORDER BY census_original.sex LIMIT 100;
2025-07-01T00:04:49.200000,"SELECT census_original.education, census_original.workclass, census_original.capital_loss FROM census_original  WHERE census_original.age BETWEEN 64.005 AND 76.415 ORDER BY census_original.capital_loss LIMIT 100;"
2025-07-01T00:04:49.400000,SELECT census_original.workclass FROM census_original  WHERE census_original.education = 'sample' AND census_original.native_country LIKE 'sample' AND census_original.race != 'NULL' AND census_original.education_num < 31.17 ORDER BY census_original.workclass LIMIT 100;
2025-07-01T00:04:49.600000,"SELECT census_original.education, census_original.workclass, census_original.capital_loss FROM census_original  WHERE census_original.age BETWEEN 54.315 AND 66.725 ORDER BY census_original.capital_loss LIMIT 100;"
2025-07-01T00:04:49.800000,SELECT census_original.sex FROM census_original  WHERE census_original.hours_per_week > 64.26 AND census_original.race != 'NULL' AND census_original.education_num < 1.23 ORDER BY census_original.sex LIMIT 100;
2025-07-01T00:04:50.000000,SELECT census_original.sex FROM census_original  WHERE census_original.hours_per_week > 7.65 AND census_original.race != 'NULL' AND census_original.education_num < 21.0 ORDER BY census_original.sex LIMIT 100;
2025-07-01T00:04:50.200000,"SELECT census_original.education, census_original.workclass, census_original.capital_loss FROM census_original  WHERE census_original.age BETWEEN 20.985 AND 33.395 ORDER BY census_original.capital_loss LIMIT 100;"
2025-07-01T00:04:50.400000,"SELECT census_original.age, census_original.workclass, census_original.capital_gain, census_original.education FROM census_original  WHERE census_original.race = 'NULL' ORDER BY census_original.workclass LIMIT 100;"
2025-07-01T00:04:50.600000,SELECT census_original.relationship FROM census_original  WHERE census_original.sex != 'NULL' AND census_original.capital_gain > 21.49 ORDER BY census_original.relationship LIMIT 100;
2025-07-01T00:04:50.800000,SELECT census_original.workclass FROM census_original  WHERE census_original.education = 'sample' AND census_original.native_country LIKE 'sample' AND census_original.race != 'NULL' AND census_original.education_num < 99.71 ORDER BY census_original.workclass LIMIT 100;
2025-07-01T00:04:51.000000,SELECT census_original.workclass FROM census_original  WHERE census_original.education = 'sample' AND census_original.native_country LIKE 'sample' AND census_original.race != 'NULL' AND census_original.education_num < 20.98 ORDER BY census_original.workclass LIMIT 100;
2025-07-01T00:04:51.200000,"SELECT census_original.education, census_original.workclass, census_original.capital_loss FROM census_original  WHERE census_original.age BETWEEN 22.995 AND 35.405 ORDER BY census_original.capital_loss LIMIT 100;"
2025-07-01T00:04:51.400000,SELECT census_original.workclass FROM census_original  WHERE census_original.education = 'sample' AND census_original.native_country LIKE 'sample' AND census_original.race != 'NULL' AND census_original.education_num < 63.83 ORDER BY census_original.workclass LIMIT 100;
2025-07-01T00:04:51.600000,"SELECT census_original.education, census_original.workclass, census_original.capital_loss FROM census_original  WHERE census_original.age BETWEEN 26.755 AND 39.165 ORDER BY census_original.capital_loss LIMIT 100;"
2025-07-01T00:04:51.800000,SELECT census_original.relationship FROM census_original  WHERE census_original.sex != 'NULL' AND census_original.capital_gain > 65.17 ORDER BY census_original.relationship LIMIT 100;
2025-07-01T00:04:52.000000,SELECT census_original.workclass FROM census_original  WHERE census_original.education = 'sample' AND census_original.native_country LIKE 'sample' AND census_original.race != 'NULL' AND census_original.education_num < 85.2 ORDER BY census_original.workclass LIMIT 100;
2025-07-01T00:04:52.200000,"SELECT census_original.age, census_original.workclass, census_original.capital_gain, census_original.education FROM census_original  WHERE census_original.race = 'NULL' ORDER BY census_original.workclass LIMIT 100;"
2025-07-01T00:04:52.400000,"SELECT census_original.age, census_original.workclass, census_original.capital_gain, census_original.education FROM census_original  WHERE census_original.race = 'NULL' ORDER BY census_original.workclass LIMIT 100;"
2025-07-01T00:04:52.600000,SELECT census_original.relationship FROM census_original  WHERE census_original.sex != 'NULL' AND census_original.capital_gain > 72.47 ORDER BY census_original.relationship LIMIT 100;
2025-07-01T00:04:52.800000,SELECT census_original.workclass FROM census_original  WHERE census_original.education = 'sample' AND census_original.native_country LIKE 'sample' AND census_original.race != 'NULL' AND census_original.education_num < 82.71 ORDER BY census_original.workclass LIMIT 100;
2025-07-01T00:04:53.000000,SELECT census_original.workclass FROM census_original  WHERE census_original.education = 'sample' AND census_original.native_country LIKE 'sample' AND census_original.race != 'NULL' AND census_original.education_num < 67.35 ORDER BY census_original.workclass LIMIT 100;
2025-07-01T00:04:53.200000,SELECT census_original.relationship FROM census_original  WHERE census_original.sex != 'NULL' AND census_original.capital_gain > 45.16 ORDER BY census_original.relationship LIMIT 100;
2025-07-01T00:04:53.400000,"SELECT census_original.age, census_original.workclass, census_original.capital_gain, census_original.education FROM census_original  WHERE census_original.race = 'NULL' ORDER BY census_original.workclass LIMIT 100;"
2025-07-01T00:04:53.600000,"SELECT census_original.education, census_original.workclass, census_original.capital_loss FROM census_original  WHERE census_original.age BETWEEN 58.695 AND 71.105 ORDER BY census_original.capital_loss LIMIT 100;"
2025-07-01T00:04:53.800000,"SELECT census_original.age, census_original.workclass, census_original.capital_gain, census_original.education FROM census_original  WHERE census_original.race = 'NULL' ORDER BY census_original.workclass LIMIT 100;"
2025-07-01T00:04:54.000000,SELECT census_original.relationship FROM census_original  WHERE census_original.sex != 'NULL' AND census_original.capital_gain > 60.55 ORDER BY census_original.relationship LIMIT 100;
2025-07-01T00:04:54.200000,SELECT census_original.sex FROM census_original  WHERE census_original.hours_per_week > 77.6 AND census_original.race != 'NULL' AND census_original.education_num < 86.68 ORDER BY census_original.sex LIMIT 100;
2025-07-01T00:04:54.400000,"SELECT census_original.age, census_original.workclass, census_original.capital_gain, census_original.education FROM census_original  WHERE census_original.race = 'NULL' ORDER BY census_original.workclass LIMIT 100;"
2025-07-01T00:04:54.600000,SELECT census_original.workclass FROM census_original  WHERE census_original.education = 'sample' AND census_original.native_country LIKE 'sample' AND census_original.race != 'NULL' AND census_original.education_num < 49.84 ORDER BY census_original.workclass LIMIT 100;
2025-07-01T00:04:54.800000,SELECT census_original.relationship FROM census_original  WHERE census_original.sex != 'NULL' AND census_original.capital_gain > 6.97 ORDER BY census_original.relationship LIMIT 100;
2025-07-01T00:04:55.000000,SELECT census_original.relationship FROM census_original  WHERE census_original.sex != 'NULL' AND census_original.capital_gain > 22.65 ORDER BY census_original.relationship LIMIT 100;
2025-07-01T00:04:55.200000,SELECT census_original.relationship FROM census_original  WHERE census_original.sex != 'NULL' AND census_original.capital_gain > 77.72 ORDER BY census_original.relationship LIMIT 100;
2025-07-01T00:04:55.400000,SELECT census_original.relationship FROM census_original  WHERE census_original.sex != 'NULL' AND census_original.capital_gain > 44.04 ORDER BY census_original.relationship LIMIT 100;
2025-07-01T00:04:55.600000,"SELECT census_original.age, census_original.workclass, census_original.capital_gain, census_original.education FROM census_original  WHERE census_original.race = 'NULL' ORDER BY census_original.workclass LIMIT 100;"
2025-07-01T00:04:55.800000,SELECT census_original.sex FROM census_original  WHERE census_original.hours_per_week > 86.2 AND census_original.race != 'NULL' AND census_original.education_num < 17.6 ORDER BY census_original.sex LIMIT 100;
2025-07-01T00:04:56.000000,"SELECT census_original.education, census_original.workclass, census_original.capital_loss FROM census_original  WHERE census_original.age BETWEEN 51.985 AND 64.395 ORDER BY census_original.capital_loss LIMIT 100;"
2025-07-01T00:04:56.200000,SELECT census_original.relationship FROM census_original  WHERE census_original.sex != 'NULL' AND census_original.capital_gain > 20.35 ORDER BY census_original.relationship LIMIT 100;
2025-07-01T00:04:56.400000,SELECT census_original.sex FROM census_original  WHERE census_original.hours_per_week > 10.89 AND census_original.race != 'NULL' AND census_original.education_num < 21.24 ORDER BY census_original.sex LIMIT 100;
2025-07-01T00:04:56.600000,"SELECT census_original.age, census_original.workclass, census_original.capital_gain, census_original.education FROM census_original  WHERE census_original.race = 'NULL' ORDER BY census_original.workclass LIMIT 100;"
2025-07-01T00:04:56.800000,"SELECT census_original.age, census_original.workclass, census_original.capital_gain, census_original.education FROM census_original  WHERE census_original.race = 'NULL' ORDER BY census_original.workclass LIMIT 100;"
2025-07-01T00:04:57.000000,"SELECT census_original.education, census_original.workclass, census_original.capital_loss FROM census_original  WHERE census_original.age BETWEEN 25.535 AND 37.945 ORDER BY census_original.capital_loss LIMIT 100;"
2025-07-01T00:04:57.200000,"SELECT census_original.education, census_original.workclass, census_original.capital_loss FROM census_original  WHERE census_original.age BETWEEN 38.645 AND 51.055 ORDER BY census_original.capital_loss LIMIT 100;"
2025-07-01T00:04:57.400000,"SELECT census_original.education, census_original.workclass, census_original.capital_loss FROM census_original  WHERE census_original.age BETWEEN 43.345 AND 55.755 ORDER BY census_original.capital_loss LIMIT 100;"
2025-07-01T00:04:57.600000,SELECT census_original.workclass FROM census_original  WHERE census_original.education = 'sample' AND census_original.native_country LIKE 'sample' AND census_original.race != 'NULL' AND census_original.education_num < 65.27 ORDER BY census_original.workclass LIMIT 100;
2025-07-01T00:04:57.800000,SELECT census_original.relationship FROM census_original  WHERE census_original.sex != 'NULL' AND census_original.capital_gain > 42.45 ORDER BY census_original.relationship LIMIT 100;
2025-07-01T00:04:58.000000,"SELECT census_original.education, census_original.workclass, census_original.capital_loss FROM census_original  WHERE census_original.age BETWEEN 62.625 AND 75.035 ORDER BY census_original.capital_loss LIMIT 100;"
2025-07-01T00:04:58.200000,SELECT census_original.sex FROM census_original  WHERE census_original.hours_per_week > 51.38 AND census_original.race != 'NULL' AND census_original.education_num < 90.8 ORDER BY census_original.sex LIMIT 100;
2025-07-01T00:04:58.400000,SELECT census_original.relationship FROM census_original  WHERE census_original.sex != 'NULL' AND census_original.capital_gain > 5.0 ORDER BY census_original.relationship LIMIT 100;
2025-07-01T00:04:58.600000,"SELECT census_original.education, census_original.workclass, census_original.capital_loss FROM census_original  WHERE census_original.age BETWEEN 40.655 AND 53.065 ORDER BY census_original.capital_loss LIMIT 100;"
2025-07-01T00:04:58.800000,"SELECT census_original.education, census_original.workclass, census_original.capital_loss FROM census_original  WHERE census_original.age BETWEEN 35.525 AND 47.935 ORDER BY census_original.capital_loss LIMIT 100;"
2025-07-01T00:04:59.000000,"SELECT census_original.age, census_original.workclass, census_original.capital_gain, census_original.education FROM census_original  WHERE census_original.race = 'NULL' ORDER BY census_original.workclass LIMIT 100;"
2025-07-01T00:04:59.200000,"SELECT census_original.age, census_original.workclass, census_original.capital_gain, census_original.education FROM census_original  WHERE census_original.race = 'NULL' ORDER BY census_original.workclass LIMIT 100;"
2025-07-01T00:04:59.400000,"SELECT census_original.age, census_original.workclass, census_original.capital_gain, census_original.education FROM census_original  WHERE census_original.race = 'NULL' ORDER BY census_original.workclass LIMIT 100;"
2025-07-01T00:04:59.600000,"SELECT census_original.education, census_original.workclass, census_original.capital_loss FROM census_original  WHERE census_original.age BETWEEN 12.215 AND 24.625 ORDER BY census_original.capital_loss LIMIT 100;"
2025-07-01T00:04:59.800000,"SELECT census_original.education, census_original.workclass, census_original.capital_loss FROM census_original  WHERE census_original.age BETWEEN 47.935 AND 60.345 ORDER BY census_original.capital_loss LIMIT 100;"
2025-07-01T00:05:00.000000,SELECT census_original.relationship FROM census_original  WHERE census_original.sex != 'NULL' AND census_original.capital_gain > 94.61 ORDER BY census_original.relationship LIMIT 100;
