timestamp,sql
2025-07-01T00:10:00.200000,SELECT public.store_sales.ss_list_price FROM public.store_sales  WHERE public.store_sales.ss_ext_list_price > 19.41 ORDER BY public.store_sales.ss_list_price LIMIT 100;
2025-07-01T00:10:00.400000,SELECT public.store_sales.ss_sold_date_sk FROM public.store_sales  WHERE public.store_sales.ss_addr_sk <= 30.24 ORDER BY public.store_sales.ss_sold_date_sk LIMIT 100;
2025-07-01T00:10:00.600000,SELECT public.store_sales.ss_sold_date_sk FROM public.store_sales  WHERE public.store_sales.ss_addr_sk <= 72.06 ORDER BY public.store_sales.ss_sold_date_sk LIMIT 100;
2025-07-01T00:10:00.800000,SELECT public.store_sales.ss_sold_date_sk FROM public.store_sales  WHERE public.store_sales.ss_addr_sk <= 43.94 ORDER BY public.store_sales.ss_sold_date_sk LIMIT 100;
2025-07-01T00:10:01.000000,SELECT public.store_sales.ss_sold_date_sk FROM public.store_sales  WHERE public.store_sales.ss_addr_sk <= 63.74 ORDER BY public.store_sales.ss_sold_date_sk LIMIT 100;
2025-07-01T00:10:01.200000,SELECT public.store_sales.ss_item_sk FROM public.store_sales  WHERE public.store_sales.ss_customer_sk > 35.87 AND public.store_sales.ss_wholesale_cost BETWEEN 66.48 AND 76.38 ORDER BY public.store_sales.ss_item_sk LIMIT 100;
2025-07-01T00:10:01.400000,SELECT public.store_sales.ss_list_price FROM public.store_sales  WHERE public.store_sales.ss_ext_list_price > 13.53 ORDER BY public.store_sales.ss_list_price LIMIT 100;
2025-07-01T00:10:01.600000,SELECT public.catalog_sales.cs_order_number FROM public.catalog_sales INNER JOIN public.store_sales ON public.catalog_sales.cs_promo_sk = public.store_sales.ss_promo_sk WHERE public.catalog_sales.cs_warehouse_sk <= 59.5 ORDER BY public.catalog_sales.cs_order_number LIMIT 100;
2025-07-01T00:10:01.800000,SELECT public.store_sales.ss_item_sk FROM public.store_sales  WHERE public.store_sales.ss_customer_sk > 71.46 AND public.store_sales.ss_wholesale_cost BETWEEN 6.23 AND 16.13 ORDER BY public.store_sales.ss_item_sk LIMIT 100;
2025-07-01T00:10:02.000000,SELECT public.store_sales.ss_item_sk FROM public.store_sales  WHERE public.store_sales.ss_customer_sk > 53.51 AND public.store_sales.ss_wholesale_cost BETWEEN 54.81 AND 64.71 ORDER BY public.store_sales.ss_item_sk LIMIT 100;
2025-07-01T00:10:02.200000,SELECT public.catalog_sales.cs_order_number FROM public.catalog_sales INNER JOIN public.store_sales ON public.catalog_sales.cs_promo_sk = public.store_sales.ss_promo_sk WHERE public.catalog_sales.cs_warehouse_sk <= 80.61 ORDER BY public.catalog_sales.cs_order_number LIMIT 100;
2025-07-01T00:10:02.400000,SELECT public.store_sales.ss_item_sk FROM public.store_sales  WHERE public.store_sales.ss_customer_sk > 50.9 AND public.store_sales.ss_wholesale_cost BETWEEN 5.03 AND 14.93 ORDER BY public.store_sales.ss_item_sk LIMIT 100;
2025-07-01T00:10:02.600000,SELECT public.store_sales.ss_ext_discount_amt FROM public.store_sales  WHERE public.store_sales.ss_promo_sk < 54.36 AND public.store_sales.ss_sold_date_sk > 82.1 AND public.store_sales.ss_hdemo_sk > 10.18 ORDER BY public.store_sales.ss_ext_discount_amt LIMIT 100;
2025-07-01T00:10:02.800000,SELECT public.store_sales.ss_ext_discount_amt FROM public.store_sales  WHERE public.store_sales.ss_promo_sk < 25.18 AND public.store_sales.ss_sold_date_sk > 91.35 AND public.store_sales.ss_hdemo_sk > 92.46 ORDER BY public.store_sales.ss_ext_discount_amt LIMIT 100;
2025-07-01T00:10:03.000000,SELECT public.store_sales.ss_sold_date_sk FROM public.store_sales  WHERE public.store_sales.ss_addr_sk <= 8.13 ORDER BY public.store_sales.ss_sold_date_sk LIMIT 100;
2025-07-01T00:10:03.200000,SELECT public.store_sales.ss_sold_date_sk FROM public.store_sales  WHERE public.store_sales.ss_addr_sk <= 27.81 ORDER BY public.store_sales.ss_sold_date_sk LIMIT 100;
2025-07-01T00:10:03.400000,SELECT public.store_sales.ss_ext_discount_amt FROM public.store_sales  WHERE public.store_sales.ss_promo_sk < 95.35 AND public.store_sales.ss_sold_date_sk > 8.11 AND public.store_sales.ss_hdemo_sk > 14.64 ORDER BY public.store_sales.ss_ext_discount_amt LIMIT 100;
2025-07-01T00:10:03.600000,SELECT public.store_sales.ss_item_sk FROM public.store_sales  WHERE public.store_sales.ss_customer_sk > 30.83 AND public.store_sales.ss_wholesale_cost BETWEEN 72.3 AND 82.2 ORDER BY public.store_sales.ss_item_sk LIMIT 100;
2025-07-01T00:10:03.800000,SELECT public.store_sales.ss_ext_discount_amt FROM public.store_sales  WHERE public.store_sales.ss_promo_sk < 7.68 AND public.store_sales.ss_sold_date_sk > 6.23 AND public.store_sales.ss_hdemo_sk > 1.05 ORDER BY public.store_sales.ss_ext_discount_amt LIMIT 100;
2025-07-01T00:10:04.000000,SELECT public.store_sales.ss_ext_discount_amt FROM public.store_sales  WHERE public.store_sales.ss_promo_sk < 74.49 AND public.store_sales.ss_sold_date_sk > 59.48 AND public.store_sales.ss_hdemo_sk > 65.69 ORDER BY public.store_sales.ss_ext_discount_amt LIMIT 100;
2025-07-01T00:10:04.200000,SELECT public.store_sales.ss_list_price FROM public.store_sales  WHERE public.store_sales.ss_ext_list_price > 98.62 ORDER BY public.store_sales.ss_list_price LIMIT 100;
2025-07-01T00:10:04.400000,SELECT public.store_sales.ss_sold_date_sk FROM public.store_sales  WHERE public.store_sales.ss_addr_sk <= 47.46 ORDER BY public.store_sales.ss_sold_date_sk LIMIT 100;
2025-07-01T00:10:04.600000,SELECT public.catalog_sales.cs_order_number FROM public.catalog_sales INNER JOIN public.store_sales ON public.catalog_sales.cs_promo_sk = public.store_sales.ss_promo_sk WHERE public.catalog_sales.cs_warehouse_sk <= 4.05 ORDER BY public.catalog_sales.cs_order_number LIMIT 100;
2025-07-01T00:10:04.800000,SELECT public.store_sales.ss_list_price FROM public.store_sales  WHERE public.store_sales.ss_ext_list_price > 35.19 ORDER BY public.store_sales.ss_list_price LIMIT 100;
2025-07-01T00:10:05.000000,SELECT public.store_sales.ss_sold_date_sk FROM public.store_sales  WHERE public.store_sales.ss_addr_sk <= 59.06 ORDER BY public.store_sales.ss_sold_date_sk LIMIT 100;
2025-07-01T00:10:05.200000,SELECT public.store_sales.ss_ext_discount_amt FROM public.store_sales  WHERE public.store_sales.ss_promo_sk < 76.7 AND public.store_sales.ss_sold_date_sk > 76.5 AND public.store_sales.ss_hdemo_sk > 48.58 ORDER BY public.store_sales.ss_ext_discount_amt LIMIT 100;
2025-07-01T00:10:05.400000,SELECT public.store_sales.ss_list_price FROM public.store_sales  WHERE public.store_sales.ss_ext_list_price > 93.03 ORDER BY public.store_sales.ss_list_price LIMIT 100;
2025-07-01T00:10:05.600000,SELECT public.store_sales.ss_ext_discount_amt FROM public.store_sales  WHERE public.store_sales.ss_promo_sk < 51.76 AND public.store_sales.ss_sold_date_sk > 43.86 AND public.store_sales.ss_hdemo_sk > 4.55 ORDER BY public.store_sales.ss_ext_discount_amt LIMIT 100;
2025-07-01T00:10:05.800000,SELECT public.catalog_sales.cs_order_number FROM public.catalog_sales INNER JOIN public.store_sales ON public.catalog_sales.cs_promo_sk = public.store_sales.ss_promo_sk WHERE public.catalog_sales.cs_warehouse_sk <= 35.34 ORDER BY public.catalog_sales.cs_order_number LIMIT 100;
2025-07-01T00:10:06.000000,SELECT public.store_sales.ss_sold_date_sk FROM public.store_sales  WHERE public.store_sales.ss_addr_sk <= 33.42 ORDER BY public.store_sales.ss_sold_date_sk LIMIT 100;
2025-07-01T00:10:06.200000,SELECT public.store_sales.ss_sold_date_sk FROM public.store_sales  WHERE public.store_sales.ss_addr_sk <= 94.66 ORDER BY public.store_sales.ss_sold_date_sk LIMIT 100;
2025-07-01T00:10:06.400000,SELECT public.store_sales.ss_sold_date_sk FROM public.store_sales  WHERE public.store_sales.ss_addr_sk <= 32.13 ORDER BY public.store_sales.ss_sold_date_sk LIMIT 100;
2025-07-01T00:10:06.600000,SELECT public.catalog_sales.cs_order_number FROM public.catalog_sales INNER JOIN public.store_sales ON public.catalog_sales.cs_promo_sk = public.store_sales.ss_promo_sk WHERE public.catalog_sales.cs_warehouse_sk <= 84.51 ORDER BY public.catalog_sales.cs_order_number LIMIT 100;
2025-07-01T00:10:06.800000,SELECT public.store_sales.ss_list_price FROM public.store_sales  WHERE public.store_sales.ss_ext_list_price > 7.84 ORDER BY public.store_sales.ss_list_price LIMIT 100;
2025-07-01T00:10:07.000000,SELECT public.store_sales.ss_sold_date_sk FROM public.store_sales  WHERE public.store_sales.ss_addr_sk <= 95.88 ORDER BY public.store_sales.ss_sold_date_sk LIMIT 100;
2025-07-01T00:10:07.200000,SELECT public.store_sales.ss_list_price FROM public.store_sales  WHERE public.store_sales.ss_ext_list_price > 18.61 ORDER BY public.store_sales.ss_list_price LIMIT 100;
2025-07-01T00:10:07.400000,SELECT public.store_sales.ss_item_sk FROM public.store_sales  WHERE public.store_sales.ss_customer_sk > 74.01 AND public.store_sales.ss_wholesale_cost BETWEEN 3.16 AND 13.06 ORDER BY public.store_sales.ss_item_sk LIMIT 100;
2025-07-01T00:10:07.600000,SELECT public.store_sales.ss_sold_date_sk FROM public.store_sales  WHERE public.store_sales.ss_addr_sk <= 48.46 ORDER BY public.store_sales.ss_sold_date_sk LIMIT 100;
2025-07-01T00:10:07.800000,SELECT public.store_sales.ss_item_sk FROM public.store_sales  WHERE public.store_sales.ss_customer_sk > 64.26 AND public.store_sales.ss_wholesale_cost BETWEEN 81.19 AND 91.09 ORDER BY public.store_sales.ss_item_sk LIMIT 100;
2025-07-01T00:10:08.000000,SELECT public.store_sales.ss_ext_discount_amt FROM public.store_sales  WHERE public.store_sales.ss_promo_sk < 48.67 AND public.store_sales.ss_sold_date_sk > 95.97 AND public.store_sales.ss_hdemo_sk > 65.6 ORDER BY public.store_sales.ss_ext_discount_amt LIMIT 100;
2025-07-01T00:10:08.200000,SELECT public.store_sales.ss_sold_date_sk FROM public.store_sales  WHERE public.store_sales.ss_addr_sk <= 88.04 ORDER BY public.store_sales.ss_sold_date_sk LIMIT 100;
2025-07-01T00:10:08.400000,SELECT public.store_sales.ss_ext_discount_amt FROM public.store_sales  WHERE public.store_sales.ss_promo_sk < 78.21 AND public.store_sales.ss_sold_date_sk > 45.16 AND public.store_sales.ss_hdemo_sk > 93.14 ORDER BY public.store_sales.ss_ext_discount_amt LIMIT 100;
2025-07-01T00:10:08.600000,SELECT public.store_sales.ss_list_price FROM public.store_sales  WHERE public.store_sales.ss_ext_list_price > 89.91 ORDER BY public.store_sales.ss_list_price LIMIT 100;
2025-07-01T00:10:08.800000,SELECT public.store_sales.ss_sold_date_sk FROM public.store_sales  WHERE public.store_sales.ss_addr_sk <= 4.97 ORDER BY public.store_sales.ss_sold_date_sk LIMIT 100;
2025-07-01T00:10:09.000000,SELECT public.store_sales.ss_item_sk FROM public.store_sales  WHERE public.store_sales.ss_customer_sk > 34.35 AND public.store_sales.ss_wholesale_cost BETWEEN 56.08 AND 65.98 ORDER BY public.store_sales.ss_item_sk LIMIT 100;
2025-07-01T00:10:09.200000,SELECT public.store_sales.ss_item_sk FROM public.store_sales  WHERE public.store_sales.ss_customer_sk > 94.3 AND public.store_sales.ss_wholesale_cost BETWEEN -1.75 AND 8.15 ORDER BY public.store_sales.ss_item_sk LIMIT 100;
2025-07-01T00:10:09.400000,SELECT public.store_sales.ss_sold_date_sk FROM public.store_sales  WHERE public.store_sales.ss_addr_sk <= 13.07 ORDER BY public.store_sales.ss_sold_date_sk LIMIT 100;
2025-07-01T00:10:09.600000,SELECT public.catalog_sales.cs_order_number FROM public.catalog_sales INNER JOIN public.store_sales ON public.catalog_sales.cs_promo_sk = public.store_sales.ss_promo_sk WHERE public.catalog_sales.cs_warehouse_sk <= 80.4 ORDER BY public.catalog_sales.cs_order_number LIMIT 100;
2025-07-01T00:10:09.800000,SELECT public.catalog_sales.cs_order_number FROM public.catalog_sales INNER JOIN public.store_sales ON public.catalog_sales.cs_promo_sk = public.store_sales.ss_promo_sk WHERE public.catalog_sales.cs_warehouse_sk <= 66.28 ORDER BY public.catalog_sales.cs_order_number LIMIT 100;
2025-07-01T00:10:10.000000,SELECT public.store_sales.ss_item_sk FROM public.store_sales  WHERE public.store_sales.ss_customer_sk > 9.03 AND public.store_sales.ss_wholesale_cost BETWEEN -2.39 AND 7.51 ORDER BY public.store_sales.ss_item_sk LIMIT 100;
2025-07-01T00:10:10.200000,SELECT public.store_sales.ss_item_sk FROM public.store_sales  WHERE public.store_sales.ss_customer_sk > 82.62 AND public.store_sales.ss_wholesale_cost BETWEEN 87.69 AND 97.59 ORDER BY public.store_sales.ss_item_sk LIMIT 100;
2025-07-01T00:10:10.400000,SELECT public.store_sales.ss_ext_discount_amt FROM public.store_sales  WHERE public.store_sales.ss_promo_sk < 52.06 AND public.store_sales.ss_sold_date_sk > 93.68 AND public.store_sales.ss_hdemo_sk > 97.74 ORDER BY public.store_sales.ss_ext_discount_amt LIMIT 100;
2025-07-01T00:10:10.600000,SELECT public.catalog_sales.cs_order_number FROM public.catalog_sales INNER JOIN public.store_sales ON public.catalog_sales.cs_promo_sk = public.store_sales.ss_promo_sk WHERE public.catalog_sales.cs_warehouse_sk <= 52.37 ORDER BY public.catalog_sales.cs_order_number LIMIT 100;
2025-07-01T00:10:10.800000,SELECT public.store_sales.ss_list_price FROM public.store_sales  WHERE public.store_sales.ss_ext_list_price > 79.57 ORDER BY public.store_sales.ss_list_price LIMIT 100;
2025-07-01T00:10:11.000000,SELECT public.store_sales.ss_sold_date_sk FROM public.store_sales  WHERE public.store_sales.ss_addr_sk <= 28.78 ORDER BY public.store_sales.ss_sold_date_sk LIMIT 100;
2025-07-01T00:10:11.200000,SELECT public.store_sales.ss_list_price FROM public.store_sales  WHERE public.store_sales.ss_ext_list_price > 3.5 ORDER BY public.store_sales.ss_list_price LIMIT 100;
2025-07-01T00:10:11.400000,SELECT public.store_sales.ss_sold_date_sk FROM public.store_sales  WHERE public.store_sales.ss_addr_sk <= 16.6 ORDER BY public.store_sales.ss_sold_date_sk LIMIT 100;
2025-07-01T00:10:11.600000,SELECT public.store_sales.ss_item_sk FROM public.store_sales  WHERE public.store_sales.ss_customer_sk > 85.32 AND public.store_sales.ss_wholesale_cost BETWEEN 19.98 AND 29.88 ORDER BY public.store_sales.ss_item_sk LIMIT 100;
2025-07-01T00:10:11.800000,SELECT public.store_sales.ss_sold_date_sk FROM public.store_sales  WHERE public.store_sales.ss_addr_sk <= 64.32 ORDER BY public.store_sales.ss_sold_date_sk LIMIT 100;
2025-07-01T00:10:12.000000,SELECT public.store_sales.ss_item_sk FROM public.store_sales  WHERE public.store_sales.ss_customer_sk > 24.36 AND public.store_sales.ss_wholesale_cost BETWEEN 71.6 AND 81.5 ORDER BY public.store_sales.ss_item_sk LIMIT 100;
2025-07-01T00:10:12.200000,SELECT public.store_sales.ss_sold_date_sk FROM public.store_sales  WHERE public.store_sales.ss_addr_sk <= 65.15 ORDER BY public.store_sales.ss_sold_date_sk LIMIT 100;
2025-07-01T00:10:12.400000,SELECT public.store_sales.ss_list_price FROM public.store_sales  WHERE public.store_sales.ss_ext_list_price > 32.16 ORDER BY public.store_sales.ss_list_price LIMIT 100;
2025-07-01T00:10:12.600000,SELECT public.store_sales.ss_ext_discount_amt FROM public.store_sales  WHERE public.store_sales.ss_promo_sk < 95.37 AND public.store_sales.ss_sold_date_sk > 17.19 AND public.store_sales.ss_hdemo_sk > 55.89 ORDER BY public.store_sales.ss_ext_discount_amt LIMIT 100;
2025-07-01T00:10:12.800000,SELECT public.store_sales.ss_list_price FROM public.store_sales  WHERE public.store_sales.ss_ext_list_price > 75.89 ORDER BY public.store_sales.ss_list_price LIMIT 100;
2025-07-01T00:10:13.000000,SELECT public.catalog_sales.cs_order_number FROM public.catalog_sales INNER JOIN public.store_sales ON public.catalog_sales.cs_promo_sk = public.store_sales.ss_promo_sk WHERE public.catalog_sales.cs_warehouse_sk <= 12.68 ORDER BY public.catalog_sales.cs_order_number LIMIT 100;
2025-07-01T00:10:13.200000,SELECT public.store_sales.ss_ext_discount_amt FROM public.store_sales  WHERE public.store_sales.ss_promo_sk < 40.11 AND public.store_sales.ss_sold_date_sk > 68.58 AND public.store_sales.ss_hdemo_sk > 15.79 ORDER BY public.store_sales.ss_ext_discount_amt LIMIT 100;
2025-07-01T00:10:13.400000,SELECT public.store_sales.ss_ext_discount_amt FROM public.store_sales  WHERE public.store_sales.ss_promo_sk < 86.81 AND public.store_sales.ss_sold_date_sk > 12.3 AND public.store_sales.ss_hdemo_sk > 73.51 ORDER BY public.store_sales.ss_ext_discount_amt LIMIT 100;
2025-07-01T00:10:13.600000,SELECT public.store_sales.ss_item_sk FROM public.store_sales  WHERE public.store_sales.ss_customer_sk > 46.2 AND public.store_sales.ss_wholesale_cost BETWEEN 35.06 AND 44.96 ORDER BY public.store_sales.ss_item_sk LIMIT 100;
2025-07-01T00:10:13.800000,SELECT public.catalog_sales.cs_order_number FROM public.catalog_sales INNER JOIN public.store_sales ON public.catalog_sales.cs_promo_sk = public.store_sales.ss_promo_sk WHERE public.catalog_sales.cs_warehouse_sk <= 58.53 ORDER BY public.catalog_sales.cs_order_number LIMIT 100;
2025-07-01T00:10:14.000000,SELECT public.store_sales.ss_ext_discount_amt FROM public.store_sales  WHERE public.store_sales.ss_promo_sk < 97.81 AND public.store_sales.ss_sold_date_sk > 41.75 AND public.store_sales.ss_hdemo_sk > 79.57 ORDER BY public.store_sales.ss_ext_discount_amt LIMIT 100;
2025-07-01T00:10:14.200000,SELECT public.store_sales.ss_list_price FROM public.store_sales  WHERE public.store_sales.ss_ext_list_price > 65.89 ORDER BY public.store_sales.ss_list_price LIMIT 100;
2025-07-01T00:10:14.400000,SELECT public.store_sales.ss_ext_discount_amt FROM public.store_sales  WHERE public.store_sales.ss_promo_sk < 85.71 AND public.store_sales.ss_sold_date_sk > 19.57 AND public.store_sales.ss_hdemo_sk > 59.83 ORDER BY public.store_sales.ss_ext_discount_amt LIMIT 100;
2025-07-01T00:10:14.600000,SELECT public.store_sales.ss_sold_date_sk FROM public.store_sales  WHERE public.store_sales.ss_addr_sk <= 8.92 ORDER BY public.store_sales.ss_sold_date_sk LIMIT 100;
2025-07-01T00:10:14.800000,SELECT public.store_sales.ss_sold_date_sk FROM public.store_sales  WHERE public.store_sales.ss_addr_sk <= 60.36 ORDER BY public.store_sales.ss_sold_date_sk LIMIT 100;
2025-07-01T00:10:15.000000,SELECT public.store_sales.ss_item_sk FROM public.store_sales  WHERE public.store_sales.ss_customer_sk > 1.06 AND public.store_sales.ss_wholesale_cost BETWEEN 38.81 AND 48.71 ORDER BY public.store_sales.ss_item_sk LIMIT 100;
2025-07-01T00:10:15.200000,SELECT public.store_sales.ss_sold_date_sk FROM public.store_sales  WHERE public.store_sales.ss_addr_sk <= 16.37 ORDER BY public.store_sales.ss_sold_date_sk LIMIT 100;
2025-07-01T00:10:15.400000,SELECT public.store_sales.ss_sold_date_sk FROM public.store_sales  WHERE public.store_sales.ss_addr_sk <= 47.13 ORDER BY public.store_sales.ss_sold_date_sk LIMIT 100;
2025-07-01T00:10:15.600000,SELECT public.store_sales.ss_item_sk FROM public.store_sales  WHERE public.store_sales.ss_customer_sk > 94.44 AND public.store_sales.ss_wholesale_cost BETWEEN 35.85 AND 45.75 ORDER BY public.store_sales.ss_item_sk LIMIT 100;
2025-07-01T00:10:15.800000,SELECT public.store_sales.ss_list_price FROM public.store_sales  WHERE public.store_sales.ss_ext_list_price > 6.81 ORDER BY public.store_sales.ss_list_price LIMIT 100;
2025-07-01T00:10:16.000000,SELECT public.store_sales.ss_item_sk FROM public.store_sales  WHERE public.store_sales.ss_customer_sk > 91.42 AND public.store_sales.ss_wholesale_cost BETWEEN 9.92 AND 19.82 ORDER BY public.store_sales.ss_item_sk LIMIT 100;
2025-07-01T00:10:16.200000,SELECT public.store_sales.ss_ext_discount_amt FROM public.store_sales  WHERE public.store_sales.ss_promo_sk < 35.98 AND public.store_sales.ss_sold_date_sk > 78.96 AND public.store_sales.ss_hdemo_sk > 83.38 ORDER BY public.store_sales.ss_ext_discount_amt LIMIT 100;
2025-07-01T00:10:16.400000,SELECT public.store_sales.ss_sold_date_sk FROM public.store_sales  WHERE public.store_sales.ss_addr_sk <= 34.03 ORDER BY public.store_sales.ss_sold_date_sk LIMIT 100;
2025-07-01T00:10:16.600000,SELECT public.store_sales.ss_list_price FROM public.store_sales  WHERE public.store_sales.ss_ext_list_price > 46.76 ORDER BY public.store_sales.ss_list_price LIMIT 100;
2025-07-01T00:10:16.800000,SELECT public.store_sales.ss_list_price FROM public.store_sales  WHERE public.store_sales.ss_ext_list_price > 42.44 ORDER BY public.store_sales.ss_list_price LIMIT 100;
2025-07-01T00:10:17.000000,SELECT public.store_sales.ss_ext_discount_amt FROM public.store_sales  WHERE public.store_sales.ss_promo_sk < 26.26 AND public.store_sales.ss_sold_date_sk > 62.92 AND public.store_sales.ss_hdemo_sk > 32.73 ORDER BY public.store_sales.ss_ext_discount_amt LIMIT 100;
2025-07-01T00:10:17.200000,SELECT public.store_sales.ss_item_sk FROM public.store_sales  WHERE public.store_sales.ss_customer_sk > 61.05 AND public.store_sales.ss_wholesale_cost BETWEEN 40.07 AND 49.97 ORDER BY public.store_sales.ss_item_sk LIMIT 100;
2025-07-01T00:10:17.400000,SELECT public.store_sales.ss_list_price FROM public.store_sales  WHERE public.store_sales.ss_ext_list_price > 60.19 ORDER BY public.store_sales.ss_list_price LIMIT 100;
2025-07-01T00:10:17.600000,SELECT public.store_sales.ss_sold_date_sk FROM public.store_sales  WHERE public.store_sales.ss_addr_sk <= 30.89 ORDER BY public.store_sales.ss_sold_date_sk LIMIT 100;
2025-07-01T00:10:17.800000,SELECT public.store_sales.ss_item_sk FROM public.store_sales  WHERE public.store_sales.ss_customer_sk > 81.18 AND public.store_sales.ss_wholesale_cost BETWEEN 4.87 AND 14.77 ORDER BY public.store_sales.ss_item_sk LIMIT 100;
2025-07-01T00:10:18.000000,SELECT public.store_sales.ss_sold_date_sk FROM public.store_sales  WHERE public.store_sales.ss_addr_sk <= 85.8 ORDER BY public.store_sales.ss_sold_date_sk LIMIT 100;
2025-07-01T00:10:18.200000,SELECT public.store_sales.ss_list_price FROM public.store_sales  WHERE public.store_sales.ss_ext_list_price > 60.64 ORDER BY public.store_sales.ss_list_price LIMIT 100;
2025-07-01T00:10:18.400000,SELECT public.store_sales.ss_list_price FROM public.store_sales  WHERE public.store_sales.ss_ext_list_price > 21.01 ORDER BY public.store_sales.ss_list_price LIMIT 100;
2025-07-01T00:10:18.600000,SELECT public.store_sales.ss_sold_date_sk FROM public.store_sales  WHERE public.store_sales.ss_addr_sk <= 57.67 ORDER BY public.store_sales.ss_sold_date_sk LIMIT 100;
2025-07-01T00:10:18.800000,SELECT public.store_sales.ss_ext_discount_amt FROM public.store_sales  WHERE public.store_sales.ss_promo_sk < 68.05 AND public.store_sales.ss_sold_date_sk > 3.93 AND public.store_sales.ss_hdemo_sk > 40.73 ORDER BY public.store_sales.ss_ext_discount_amt LIMIT 100;
2025-07-01T00:10:19.000000,SELECT public.store_sales.ss_item_sk FROM public.store_sales  WHERE public.store_sales.ss_customer_sk > 74.73 AND public.store_sales.ss_wholesale_cost BETWEEN 77.28 AND 87.18 ORDER BY public.store_sales.ss_item_sk LIMIT 100;
2025-07-01T00:10:19.200000,SELECT public.store_sales.ss_item_sk FROM public.store_sales  WHERE public.store_sales.ss_customer_sk > 50.78 AND public.store_sales.ss_wholesale_cost BETWEEN 46.07 AND 55.97 ORDER BY public.store_sales.ss_item_sk LIMIT 100;
2025-07-01T00:10:19.400000,SELECT public.catalog_sales.cs_order_number FROM public.catalog_sales INNER JOIN public.store_sales ON public.catalog_sales.cs_promo_sk = public.store_sales.ss_promo_sk WHERE public.catalog_sales.cs_warehouse_sk <= 53.55 ORDER BY public.catalog_sales.cs_order_number LIMIT 100;
2025-07-01T00:10:19.600000,SELECT public.store_sales.ss_ext_discount_amt FROM public.store_sales  WHERE public.store_sales.ss_promo_sk < 2.8 AND public.store_sales.ss_sold_date_sk > 59.98 AND public.store_sales.ss_hdemo_sk > 23.9 ORDER BY public.store_sales.ss_ext_discount_amt LIMIT 100;
2025-07-01T00:10:19.800000,SELECT public.store_sales.ss_sold_date_sk FROM public.store_sales  WHERE public.store_sales.ss_addr_sk <= 26.08 ORDER BY public.store_sales.ss_sold_date_sk LIMIT 100;
2025-07-01T00:10:20.000000,SELECT public.store_sales.ss_ext_discount_amt FROM public.store_sales  WHERE public.store_sales.ss_promo_sk < 21.63 AND public.store_sales.ss_sold_date_sk > 75.4 AND public.store_sales.ss_hdemo_sk > 12.77 ORDER BY public.store_sales.ss_ext_discount_amt LIMIT 100;
2025-07-01T00:10:20.200000,SELECT public.store_sales.ss_list_price FROM public.store_sales  WHERE public.store_sales.ss_ext_list_price > 33.46 ORDER BY public.store_sales.ss_list_price LIMIT 100;
2025-07-01T00:10:20.400000,SELECT public.catalog_sales.cs_order_number FROM public.catalog_sales INNER JOIN public.store_sales ON public.catalog_sales.cs_promo_sk = public.store_sales.ss_promo_sk WHERE public.catalog_sales.cs_warehouse_sk <= 13.15 ORDER BY public.catalog_sales.cs_order_number LIMIT 100;
2025-07-01T00:10:20.600000,SELECT public.catalog_sales.cs_order_number FROM public.catalog_sales INNER JOIN public.store_sales ON public.catalog_sales.cs_promo_sk = public.store_sales.ss_promo_sk WHERE public.catalog_sales.cs_warehouse_sk <= 71.83 ORDER BY public.catalog_sales.cs_order_number LIMIT 100;
2025-07-01T00:10:20.800000,SELECT public.store_sales.ss_list_price FROM public.store_sales  WHERE public.store_sales.ss_ext_list_price > 9.69 ORDER BY public.store_sales.ss_list_price LIMIT 100;
2025-07-01T00:10:21.000000,SELECT public.store_sales.ss_list_price FROM public.store_sales  WHERE public.store_sales.ss_ext_list_price > 46.08 ORDER BY public.store_sales.ss_list_price LIMIT 100;
2025-07-01T00:10:21.200000,SELECT public.store_sales.ss_sold_date_sk FROM public.store_sales  WHERE public.store_sales.ss_addr_sk <= 65.59 ORDER BY public.store_sales.ss_sold_date_sk LIMIT 100;
2025-07-01T00:10:21.400000,SELECT public.store_sales.ss_sold_date_sk FROM public.store_sales  WHERE public.store_sales.ss_addr_sk <= 98.68 ORDER BY public.store_sales.ss_sold_date_sk LIMIT 100;
2025-07-01T00:10:21.600000,SELECT public.catalog_sales.cs_order_number FROM public.catalog_sales INNER JOIN public.store_sales ON public.catalog_sales.cs_promo_sk = public.store_sales.ss_promo_sk WHERE public.catalog_sales.cs_warehouse_sk <= 3.25 ORDER BY public.catalog_sales.cs_order_number LIMIT 100;
2025-07-01T00:10:21.800000,SELECT public.store_sales.ss_ext_discount_amt FROM public.store_sales  WHERE public.store_sales.ss_promo_sk < 52.67 AND public.store_sales.ss_sold_date_sk > 32.16 AND public.store_sales.ss_hdemo_sk > 56.85 ORDER BY public.store_sales.ss_ext_discount_amt LIMIT 100;
2025-07-01T00:10:22.000000,SELECT public.store_sales.ss_ext_discount_amt FROM public.store_sales  WHERE public.store_sales.ss_promo_sk < 28.81 AND public.store_sales.ss_sold_date_sk > 7.14 AND public.store_sales.ss_hdemo_sk > 46.37 ORDER BY public.store_sales.ss_ext_discount_amt LIMIT 100;
2025-07-01T00:10:22.200000,SELECT public.store_sales.ss_item_sk FROM public.store_sales  WHERE public.store_sales.ss_customer_sk > 12.89 AND public.store_sales.ss_wholesale_cost BETWEEN 3.11 AND 13.01 ORDER BY public.store_sales.ss_item_sk LIMIT 100;
2025-07-01T00:10:22.400000,SELECT public.store_sales.ss_list_price FROM public.store_sales  WHERE public.store_sales.ss_ext_list_price > 73.06 ORDER BY public.store_sales.ss_list_price LIMIT 100;
2025-07-01T00:10:22.600000,SELECT public.store_sales.ss_sold_date_sk FROM public.store_sales  WHERE public.store_sales.ss_addr_sk <= 15.02 ORDER BY public.store_sales.ss_sold_date_sk LIMIT 100;
2025-07-01T00:10:22.800000,SELECT public.catalog_sales.cs_order_number FROM public.catalog_sales INNER JOIN public.store_sales ON public.catalog_sales.cs_promo_sk = public.store_sales.ss_promo_sk WHERE public.catalog_sales.cs_warehouse_sk <= 77.43 ORDER BY public.catalog_sales.cs_order_number LIMIT 100;
2025-07-01T00:10:23.000000,SELECT public.store_sales.ss_item_sk FROM public.store_sales  WHERE public.store_sales.ss_customer_sk > 4.06 AND public.store_sales.ss_wholesale_cost BETWEEN 35.3 AND 45.2 ORDER BY public.store_sales.ss_item_sk LIMIT 100;
2025-07-01T00:10:23.200000,SELECT public.store_sales.ss_item_sk FROM public.store_sales  WHERE public.store_sales.ss_customer_sk > 20.32 AND public.store_sales.ss_wholesale_cost BETWEEN 1.79 AND 11.69 ORDER BY public.store_sales.ss_item_sk LIMIT 100;
2025-07-01T00:10:23.400000,SELECT public.store_sales.ss_sold_date_sk FROM public.store_sales  WHERE public.store_sales.ss_addr_sk <= 10.08 ORDER BY public.store_sales.ss_sold_date_sk LIMIT 100;
2025-07-01T00:10:23.600000,SELECT public.store_sales.ss_item_sk FROM public.store_sales  WHERE public.store_sales.ss_customer_sk > 14.84 AND public.store_sales.ss_wholesale_cost BETWEEN 39.72 AND 49.62 ORDER BY public.store_sales.ss_item_sk LIMIT 100;
2025-07-01T00:10:23.800000,SELECT public.store_sales.ss_ext_discount_amt FROM public.store_sales  WHERE public.store_sales.ss_promo_sk < 92.82 AND public.store_sales.ss_sold_date_sk > 60.14 AND public.store_sales.ss_hdemo_sk > 67.23 ORDER BY public.store_sales.ss_ext_discount_amt LIMIT 100;
2025-07-01T00:10:24.000000,SELECT public.store_sales.ss_item_sk FROM public.store_sales  WHERE public.store_sales.ss_customer_sk > 23.56 AND public.store_sales.ss_wholesale_cost BETWEEN 71.22 AND 81.12 ORDER BY public.store_sales.ss_item_sk LIMIT 100;
2025-07-01T00:10:24.200000,SELECT public.catalog_sales.cs_order_number FROM public.catalog_sales INNER JOIN public.store_sales ON public.catalog_sales.cs_promo_sk = public.store_sales.ss_promo_sk WHERE public.catalog_sales.cs_warehouse_sk <= 90.95 ORDER BY public.catalog_sales.cs_order_number LIMIT 100;
2025-07-01T00:10:24.400000,SELECT public.store_sales.ss_ext_discount_amt FROM public.store_sales  WHERE public.store_sales.ss_promo_sk < 5.69 AND public.store_sales.ss_sold_date_sk > 14.68 AND public.store_sales.ss_hdemo_sk > 91.96 ORDER BY public.store_sales.ss_ext_discount_amt LIMIT 100;
2025-07-01T00:10:24.600000,SELECT public.catalog_sales.cs_order_number FROM public.catalog_sales INNER JOIN public.store_sales ON public.catalog_sales.cs_promo_sk = public.store_sales.ss_promo_sk WHERE public.catalog_sales.cs_warehouse_sk <= 89.45 ORDER BY public.catalog_sales.cs_order_number LIMIT 100;
2025-07-01T00:10:24.800000,SELECT public.store_sales.ss_sold_date_sk FROM public.store_sales  WHERE public.store_sales.ss_addr_sk <= 78.35 ORDER BY public.store_sales.ss_sold_date_sk LIMIT 100;
2025-07-01T00:10:25.000000,SELECT public.store_sales.ss_ext_discount_amt FROM public.store_sales  WHERE public.store_sales.ss_promo_sk < 9.51 AND public.store_sales.ss_sold_date_sk > 18.45 AND public.store_sales.ss_hdemo_sk > 18.36 ORDER BY public.store_sales.ss_ext_discount_amt LIMIT 100;
2025-07-01T00:10:25.200000,SELECT public.catalog_sales.cs_order_number FROM public.catalog_sales INNER JOIN public.store_sales ON public.catalog_sales.cs_promo_sk = public.store_sales.ss_promo_sk WHERE public.catalog_sales.cs_warehouse_sk <= 21.03 ORDER BY public.catalog_sales.cs_order_number LIMIT 100;
2025-07-01T00:10:25.400000,SELECT public.catalog_sales.cs_order_number FROM public.catalog_sales INNER JOIN public.store_sales ON public.catalog_sales.cs_promo_sk = public.store_sales.ss_promo_sk WHERE public.catalog_sales.cs_warehouse_sk <= 10.35 ORDER BY public.catalog_sales.cs_order_number LIMIT 100;
2025-07-01T00:10:25.600000,SELECT public.store_sales.ss_list_price FROM public.store_sales  WHERE public.store_sales.ss_ext_list_price > 53.79 ORDER BY public.store_sales.ss_list_price LIMIT 100;
2025-07-01T00:10:25.800000,SELECT public.store_sales.ss_list_price FROM public.store_sales  WHERE public.store_sales.ss_ext_list_price > 31.54 ORDER BY public.store_sales.ss_list_price LIMIT 100;
2025-07-01T00:10:26.000000,SELECT public.store_sales.ss_item_sk FROM public.store_sales  WHERE public.store_sales.ss_customer_sk > 36.17 AND public.store_sales.ss_wholesale_cost BETWEEN 30.59 AND 40.49 ORDER BY public.store_sales.ss_item_sk LIMIT 100;
2025-07-01T00:10:26.200000,SELECT public.store_sales.ss_list_price FROM public.store_sales  WHERE public.store_sales.ss_ext_list_price > 96.79 ORDER BY public.store_sales.ss_list_price LIMIT 100;
2025-07-01T00:10:26.400000,SELECT public.catalog_sales.cs_order_number FROM public.catalog_sales INNER JOIN public.store_sales ON public.catalog_sales.cs_promo_sk = public.store_sales.ss_promo_sk WHERE public.catalog_sales.cs_warehouse_sk <= 33.26 ORDER BY public.catalog_sales.cs_order_number LIMIT 100;
2025-07-01T00:10:26.600000,SELECT public.store_sales.ss_list_price FROM public.store_sales  WHERE public.store_sales.ss_ext_list_price > 59.92 ORDER BY public.store_sales.ss_list_price LIMIT 100;
2025-07-01T00:10:26.800000,SELECT public.store_sales.ss_sold_date_sk FROM public.store_sales  WHERE public.store_sales.ss_addr_sk <= 65.61 ORDER BY public.store_sales.ss_sold_date_sk LIMIT 100;
2025-07-01T00:10:27.000000,SELECT public.store_sales.ss_item_sk FROM public.store_sales  WHERE public.store_sales.ss_customer_sk > 98.99 AND public.store_sales.ss_wholesale_cost BETWEEN 3.38 AND 13.28 ORDER BY public.store_sales.ss_item_sk LIMIT 100;
2025-07-01T00:10:27.200000,SELECT public.store_sales.ss_item_sk FROM public.store_sales  WHERE public.store_sales.ss_customer_sk > 68.09 AND public.store_sales.ss_wholesale_cost BETWEEN 76.68 AND 86.58 ORDER BY public.store_sales.ss_item_sk LIMIT 100;
2025-07-01T00:10:27.400000,SELECT public.store_sales.ss_ext_discount_amt FROM public.store_sales  WHERE public.store_sales.ss_promo_sk < 41.39 AND public.store_sales.ss_sold_date_sk > 14.55 AND public.store_sales.ss_hdemo_sk > 57.91 ORDER BY public.store_sales.ss_ext_discount_amt LIMIT 100;
2025-07-01T00:10:27.600000,SELECT public.store_sales.ss_sold_date_sk FROM public.store_sales  WHERE public.store_sales.ss_addr_sk <= 84.52 ORDER BY public.store_sales.ss_sold_date_sk LIMIT 100;
2025-07-01T00:10:27.800000,SELECT public.store_sales.ss_item_sk FROM public.store_sales  WHERE public.store_sales.ss_customer_sk > 47.92 AND public.store_sales.ss_wholesale_cost BETWEEN 93.73 AND 103.63 ORDER BY public.store_sales.ss_item_sk LIMIT 100;
2025-07-01T00:10:28.000000,SELECT public.store_sales.ss_sold_date_sk FROM public.store_sales  WHERE public.store_sales.ss_addr_sk <= 19.97 ORDER BY public.store_sales.ss_sold_date_sk LIMIT 100;
2025-07-01T00:10:28.200000,SELECT public.store_sales.ss_item_sk FROM public.store_sales  WHERE public.store_sales.ss_customer_sk > 45.8 AND public.store_sales.ss_wholesale_cost BETWEEN 79.47 AND 89.37 ORDER BY public.store_sales.ss_item_sk LIMIT 100;
2025-07-01T00:10:28.400000,SELECT public.store_sales.ss_item_sk FROM public.store_sales  WHERE public.store_sales.ss_customer_sk > 2.83 AND public.store_sales.ss_wholesale_cost BETWEEN 39.53 AND 49.43 ORDER BY public.store_sales.ss_item_sk LIMIT 100;
2025-07-01T00:10:28.600000,SELECT public.store_sales.ss_sold_date_sk FROM public.store_sales  WHERE public.store_sales.ss_addr_sk <= 53.61 ORDER BY public.store_sales.ss_sold_date_sk LIMIT 100;
2025-07-01T00:10:28.800000,SELECT public.catalog_sales.cs_order_number FROM public.catalog_sales INNER JOIN public.store_sales ON public.catalog_sales.cs_promo_sk = public.store_sales.ss_promo_sk WHERE public.catalog_sales.cs_warehouse_sk <= 23.5 ORDER BY public.catalog_sales.cs_order_number LIMIT 100;
2025-07-01T00:10:29.000000,SELECT public.catalog_sales.cs_order_number FROM public.catalog_sales INNER JOIN public.store_sales ON public.catalog_sales.cs_promo_sk = public.store_sales.ss_promo_sk WHERE public.catalog_sales.cs_warehouse_sk <= 69.94 ORDER BY public.catalog_sales.cs_order_number LIMIT 100;
2025-07-01T00:10:29.200000,SELECT public.store_sales.ss_item_sk FROM public.store_sales  WHERE public.store_sales.ss_customer_sk > 20.35 AND public.store_sales.ss_wholesale_cost BETWEEN 36.64 AND 46.54 ORDER BY public.store_sales.ss_item_sk LIMIT 100;
2025-07-01T00:10:29.400000,SELECT public.catalog_sales.cs_order_number FROM public.catalog_sales INNER JOIN public.store_sales ON public.catalog_sales.cs_promo_sk = public.store_sales.ss_promo_sk WHERE public.catalog_sales.cs_warehouse_sk <= 52.85 ORDER BY public.catalog_sales.cs_order_number LIMIT 100;
2025-07-01T00:10:29.600000,SELECT public.catalog_sales.cs_order_number FROM public.catalog_sales INNER JOIN public.store_sales ON public.catalog_sales.cs_promo_sk = public.store_sales.ss_promo_sk WHERE public.catalog_sales.cs_warehouse_sk <= 93.74 ORDER BY public.catalog_sales.cs_order_number LIMIT 100;
2025-07-01T00:10:29.800000,SELECT public.store_sales.ss_sold_date_sk FROM public.store_sales  WHERE public.store_sales.ss_addr_sk <= 48.31 ORDER BY public.store_sales.ss_sold_date_sk LIMIT 100;
2025-07-01T00:10:30.000000,SELECT public.store_sales.ss_item_sk FROM public.store_sales  WHERE public.store_sales.ss_customer_sk > 74.55 AND public.store_sales.ss_wholesale_cost BETWEEN 19.52 AND 29.42 ORDER BY public.store_sales.ss_item_sk LIMIT 100;
2025-07-01T00:10:30.200000,SELECT public.store_sales.ss_sold_date_sk FROM public.store_sales  WHERE public.store_sales.ss_addr_sk <= 82.71 ORDER BY public.store_sales.ss_sold_date_sk LIMIT 100;
2025-07-01T00:10:30.400000,SELECT public.catalog_sales.cs_order_number FROM public.catalog_sales INNER JOIN public.store_sales ON public.catalog_sales.cs_promo_sk = public.store_sales.ss_promo_sk WHERE public.catalog_sales.cs_warehouse_sk <= 58.34 ORDER BY public.catalog_sales.cs_order_number LIMIT 100;
2025-07-01T00:10:30.600000,SELECT public.store_sales.ss_ext_discount_amt FROM public.store_sales  WHERE public.store_sales.ss_promo_sk < 81.29 AND public.store_sales.ss_sold_date_sk > 48.69 AND public.store_sales.ss_hdemo_sk > 56.87 ORDER BY public.store_sales.ss_ext_discount_amt LIMIT 100;
2025-07-01T00:10:30.800000,SELECT public.store_sales.ss_ext_discount_amt FROM public.store_sales  WHERE public.store_sales.ss_promo_sk < 14.33 AND public.store_sales.ss_sold_date_sk > 86.17 AND public.store_sales.ss_hdemo_sk > 32.72 ORDER BY public.store_sales.ss_ext_discount_amt LIMIT 100;
2025-07-01T00:10:31.000000,SELECT public.catalog_sales.cs_order_number FROM public.catalog_sales INNER JOIN public.store_sales ON public.catalog_sales.cs_promo_sk = public.store_sales.ss_promo_sk WHERE public.catalog_sales.cs_warehouse_sk <= 13.68 ORDER BY public.catalog_sales.cs_order_number LIMIT 100;
2025-07-01T00:10:31.200000,SELECT public.catalog_sales.cs_order_number FROM public.catalog_sales INNER JOIN public.store_sales ON public.catalog_sales.cs_promo_sk = public.store_sales.ss_promo_sk WHERE public.catalog_sales.cs_warehouse_sk <= 41.44 ORDER BY public.catalog_sales.cs_order_number LIMIT 100;
2025-07-01T00:10:31.400000,SELECT public.store_sales.ss_list_price FROM public.store_sales  WHERE public.store_sales.ss_ext_list_price > 8.11 ORDER BY public.store_sales.ss_list_price LIMIT 100;
2025-07-01T00:10:31.600000,SELECT public.store_sales.ss_item_sk FROM public.store_sales  WHERE public.store_sales.ss_customer_sk > 7.92 AND public.store_sales.ss_wholesale_cost BETWEEN 43.68 AND 53.58 ORDER BY public.store_sales.ss_item_sk LIMIT 100;
2025-07-01T00:10:31.800000,SELECT public.store_sales.ss_sold_date_sk FROM public.store_sales  WHERE public.store_sales.ss_addr_sk <= 29.91 ORDER BY public.store_sales.ss_sold_date_sk LIMIT 100;
2025-07-01T00:10:32.000000,SELECT public.store_sales.ss_list_price FROM public.store_sales  WHERE public.store_sales.ss_ext_list_price > 38.48 ORDER BY public.store_sales.ss_list_price LIMIT 100;
2025-07-01T00:10:32.200000,SELECT public.store_sales.ss_list_price FROM public.store_sales  WHERE public.store_sales.ss_ext_list_price > 45.79 ORDER BY public.store_sales.ss_list_price LIMIT 100;
2025-07-01T00:10:32.400000,SELECT public.store_sales.ss_list_price FROM public.store_sales  WHERE public.store_sales.ss_ext_list_price > 18.89 ORDER BY public.store_sales.ss_list_price LIMIT 100;
2025-07-01T00:10:32.600000,SELECT public.catalog_sales.cs_order_number FROM public.catalog_sales INNER JOIN public.store_sales ON public.catalog_sales.cs_promo_sk = public.store_sales.ss_promo_sk WHERE public.catalog_sales.cs_warehouse_sk <= 27.95 ORDER BY public.catalog_sales.cs_order_number LIMIT 100;
2025-07-01T00:10:32.800000,SELECT public.store_sales.ss_list_price FROM public.store_sales  WHERE public.store_sales.ss_ext_list_price > 68.84 ORDER BY public.store_sales.ss_list_price LIMIT 100;
2025-07-01T00:10:33.000000,SELECT public.store_sales.ss_ext_discount_amt FROM public.store_sales  WHERE public.store_sales.ss_promo_sk < 75.13 AND public.store_sales.ss_sold_date_sk > 80.34 AND public.store_sales.ss_hdemo_sk > 49.63 ORDER BY public.store_sales.ss_ext_discount_amt LIMIT 100;
2025-07-01T00:10:33.200000,SELECT public.store_sales.ss_item_sk FROM public.store_sales  WHERE public.store_sales.ss_customer_sk > 35.48 AND public.store_sales.ss_wholesale_cost BETWEEN 81.69 AND 91.59 ORDER BY public.store_sales.ss_item_sk LIMIT 100;
2025-07-01T00:10:33.400000,SELECT public.catalog_sales.cs_order_number FROM public.catalog_sales INNER JOIN public.store_sales ON public.catalog_sales.cs_promo_sk = public.store_sales.ss_promo_sk WHERE public.catalog_sales.cs_warehouse_sk <= 96.23 ORDER BY public.catalog_sales.cs_order_number LIMIT 100;
2025-07-01T00:10:33.600000,SELECT public.catalog_sales.cs_order_number FROM public.catalog_sales INNER JOIN public.store_sales ON public.catalog_sales.cs_promo_sk = public.store_sales.ss_promo_sk WHERE public.catalog_sales.cs_warehouse_sk <= 47.49 ORDER BY public.catalog_sales.cs_order_number LIMIT 100;
2025-07-01T00:10:33.800000,SELECT public.catalog_sales.cs_order_number FROM public.catalog_sales INNER JOIN public.store_sales ON public.catalog_sales.cs_promo_sk = public.store_sales.ss_promo_sk WHERE public.catalog_sales.cs_warehouse_sk <= 68.09 ORDER BY public.catalog_sales.cs_order_number LIMIT 100;
2025-07-01T00:10:34.000000,SELECT public.store_sales.ss_item_sk FROM public.store_sales  WHERE public.store_sales.ss_customer_sk > 53.33 AND public.store_sales.ss_wholesale_cost BETWEEN 78.5 AND 88.4 ORDER BY public.store_sales.ss_item_sk LIMIT 100;
2025-07-01T00:10:34.200000,SELECT public.catalog_sales.cs_order_number FROM public.catalog_sales INNER JOIN public.store_sales ON public.catalog_sales.cs_promo_sk = public.store_sales.ss_promo_sk WHERE public.catalog_sales.cs_warehouse_sk <= 78.06 ORDER BY public.catalog_sales.cs_order_number LIMIT 100;
2025-07-01T00:10:34.400000,SELECT public.store_sales.ss_item_sk FROM public.store_sales  WHERE public.store_sales.ss_customer_sk > 13.96 AND public.store_sales.ss_wholesale_cost BETWEEN 39.49 AND 49.39 ORDER BY public.store_sales.ss_item_sk LIMIT 100;
2025-07-01T00:10:34.600000,SELECT public.catalog_sales.cs_order_number FROM public.catalog_sales INNER JOIN public.store_sales ON public.catalog_sales.cs_promo_sk = public.store_sales.ss_promo_sk WHERE public.catalog_sales.cs_warehouse_sk <= 33.66 ORDER BY public.catalog_sales.cs_order_number LIMIT 100;
2025-07-01T00:10:34.800000,SELECT public.store_sales.ss_list_price FROM public.store_sales  WHERE public.store_sales.ss_ext_list_price > 88.06 ORDER BY public.store_sales.ss_list_price LIMIT 100;
2025-07-01T00:10:35.000000,SELECT public.catalog_sales.cs_order_number FROM public.catalog_sales INNER JOIN public.store_sales ON public.catalog_sales.cs_promo_sk = public.store_sales.ss_promo_sk WHERE public.catalog_sales.cs_warehouse_sk <= 45.59 ORDER BY public.catalog_sales.cs_order_number LIMIT 100;
2025-07-01T00:10:35.200000,SELECT public.store_sales.ss_ext_discount_amt FROM public.store_sales  WHERE public.store_sales.ss_promo_sk < 17.37 AND public.store_sales.ss_sold_date_sk > 26.07 AND public.store_sales.ss_hdemo_sk > 16.87 ORDER BY public.store_sales.ss_ext_discount_amt LIMIT 100;
2025-07-01T00:10:35.400000,SELECT public.store_sales.ss_sold_date_sk FROM public.store_sales  WHERE public.store_sales.ss_addr_sk <= 59.24 ORDER BY public.store_sales.ss_sold_date_sk LIMIT 100;
2025-07-01T00:10:35.600000,SELECT public.store_sales.ss_ext_discount_amt FROM public.store_sales  WHERE public.store_sales.ss_promo_sk < 85.34 AND public.store_sales.ss_sold_date_sk > 58.84 AND public.store_sales.ss_hdemo_sk > 73.78 ORDER BY public.store_sales.ss_ext_discount_amt LIMIT 100;
2025-07-01T00:10:35.800000,SELECT public.store_sales.ss_item_sk FROM public.store_sales  WHERE public.store_sales.ss_customer_sk > 64.58 AND public.store_sales.ss_wholesale_cost BETWEEN 64.4 AND 74.3 ORDER BY public.store_sales.ss_item_sk LIMIT 100;
2025-07-01T00:10:36.000000,SELECT public.store_sales.ss_sold_date_sk FROM public.store_sales  WHERE public.store_sales.ss_addr_sk <= 48.61 ORDER BY public.store_sales.ss_sold_date_sk LIMIT 100;
2025-07-01T00:10:36.200000,SELECT public.store_sales.ss_list_price FROM public.store_sales  WHERE public.store_sales.ss_ext_list_price > 7.0 ORDER BY public.store_sales.ss_list_price LIMIT 100;
2025-07-01T00:10:36.400000,SELECT public.store_sales.ss_item_sk FROM public.store_sales  WHERE public.store_sales.ss_customer_sk > 35.85 AND public.store_sales.ss_wholesale_cost BETWEEN 59.23 AND 69.13 ORDER BY public.store_sales.ss_item_sk LIMIT 100;
2025-07-01T00:10:36.600000,SELECT public.store_sales.ss_ext_discount_amt FROM public.store_sales  WHERE public.store_sales.ss_promo_sk < 65.57 AND public.store_sales.ss_sold_date_sk > 82.49 AND public.store_sales.ss_hdemo_sk > 17.63 ORDER BY public.store_sales.ss_ext_discount_amt LIMIT 100;
2025-07-01T00:10:36.800000,SELECT public.store_sales.ss_sold_date_sk FROM public.store_sales  WHERE public.store_sales.ss_addr_sk <= 80.29 ORDER BY public.store_sales.ss_sold_date_sk LIMIT 100;
2025-07-01T00:10:37.000000,SELECT public.store_sales.ss_item_sk FROM public.store_sales  WHERE public.store_sales.ss_customer_sk > 26.53 AND public.store_sales.ss_wholesale_cost BETWEEN 64.65 AND 74.55 ORDER BY public.store_sales.ss_item_sk LIMIT 100;
2025-07-01T00:10:37.200000,SELECT public.store_sales.ss_ext_discount_amt FROM public.store_sales  WHERE public.store_sales.ss_promo_sk < 56.59 AND public.store_sales.ss_sold_date_sk > 79.41 AND public.store_sales.ss_hdemo_sk > 78.6 ORDER BY public.store_sales.ss_ext_discount_amt LIMIT 100;
2025-07-01T00:10:37.400000,SELECT public.store_sales.ss_list_price FROM public.store_sales  WHERE public.store_sales.ss_ext_list_price > 72.38 ORDER BY public.store_sales.ss_list_price LIMIT 100;
2025-07-01T00:10:37.600000,SELECT public.store_sales.ss_ext_discount_amt FROM public.store_sales  WHERE public.store_sales.ss_promo_sk < 54.12 AND public.store_sales.ss_sold_date_sk > 44.02 AND public.store_sales.ss_hdemo_sk > 14.04 ORDER BY public.store_sales.ss_ext_discount_amt LIMIT 100;
2025-07-01T00:10:37.800000,SELECT public.store_sales.ss_ext_discount_amt FROM public.store_sales  WHERE public.store_sales.ss_promo_sk < 31.14 AND public.store_sales.ss_sold_date_sk > 55.74 AND public.store_sales.ss_hdemo_sk > 10.6 ORDER BY public.store_sales.ss_ext_discount_amt LIMIT 100;
2025-07-01T00:10:38.000000,SELECT public.store_sales.ss_item_sk FROM public.store_sales  WHERE public.store_sales.ss_customer_sk > 64.21 AND public.store_sales.ss_wholesale_cost BETWEEN 47.74 AND 57.64 ORDER BY public.store_sales.ss_item_sk LIMIT 100;
2025-07-01T00:10:38.200000,SELECT public.store_sales.ss_item_sk FROM public.store_sales  WHERE public.store_sales.ss_customer_sk > 50.52 AND public.store_sales.ss_wholesale_cost BETWEEN 70.9 AND 80.8 ORDER BY public.store_sales.ss_item_sk LIMIT 100;
2025-07-01T00:10:38.400000,SELECT public.store_sales.ss_ext_discount_amt FROM public.store_sales  WHERE public.store_sales.ss_promo_sk < 62.25 AND public.store_sales.ss_sold_date_sk > 4.97 AND public.store_sales.ss_hdemo_sk > 46.71 ORDER BY public.store_sales.ss_ext_discount_amt LIMIT 100;
2025-07-01T00:10:38.600000,SELECT public.store_sales.ss_list_price FROM public.store_sales  WHERE public.store_sales.ss_ext_list_price > 59.18 ORDER BY public.store_sales.ss_list_price LIMIT 100;
2025-07-01T00:10:38.800000,SELECT public.store_sales.ss_item_sk FROM public.store_sales  WHERE public.store_sales.ss_customer_sk > 14.96 AND public.store_sales.ss_wholesale_cost BETWEEN 92.31 AND 102.21 ORDER BY public.store_sales.ss_item_sk LIMIT 100;
2025-07-01T00:10:39.000000,SELECT public.store_sales.ss_sold_date_sk FROM public.store_sales  WHERE public.store_sales.ss_addr_sk <= 77.09 ORDER BY public.store_sales.ss_sold_date_sk LIMIT 100;
2025-07-01T00:10:39.200000,SELECT public.store_sales.ss_ext_discount_amt FROM public.store_sales  WHERE public.store_sales.ss_promo_sk < 10.33 AND public.store_sales.ss_sold_date_sk > 86.86 AND public.store_sales.ss_hdemo_sk > 71.08 ORDER BY public.store_sales.ss_ext_discount_amt LIMIT 100;
2025-07-01T00:10:39.400000,SELECT public.store_sales.ss_item_sk FROM public.store_sales  WHERE public.store_sales.ss_customer_sk > 33.88 AND public.store_sales.ss_wholesale_cost BETWEEN 12.79 AND 22.69 ORDER BY public.store_sales.ss_item_sk LIMIT 100;
2025-07-01T00:10:39.600000,SELECT public.store_sales.ss_list_price FROM public.store_sales  WHERE public.store_sales.ss_ext_list_price > 82.85 ORDER BY public.store_sales.ss_list_price LIMIT 100;
2025-07-01T00:10:39.800000,SELECT public.store_sales.ss_item_sk FROM public.store_sales  WHERE public.store_sales.ss_customer_sk > 17.03 AND public.store_sales.ss_wholesale_cost BETWEEN 59.34 AND 69.24 ORDER BY public.store_sales.ss_item_sk LIMIT 100;
2025-07-01T00:10:40.000000,SELECT public.store_sales.ss_list_price FROM public.store_sales  WHERE public.store_sales.ss_ext_list_price > 66.63 ORDER BY public.store_sales.ss_list_price LIMIT 100;
2025-07-01T00:10:40.200000,SELECT public.store_sales.ss_sold_date_sk FROM public.store_sales  WHERE public.store_sales.ss_addr_sk <= 18.13 ORDER BY public.store_sales.ss_sold_date_sk LIMIT 100;
2025-07-01T00:10:40.400000,SELECT public.store_sales.ss_ext_discount_amt FROM public.store_sales  WHERE public.store_sales.ss_promo_sk < 5.96 AND public.store_sales.ss_sold_date_sk > 34.9 AND public.store_sales.ss_hdemo_sk > 79.65 ORDER BY public.store_sales.ss_ext_discount_amt LIMIT 100;
2025-07-01T00:10:40.600000,SELECT public.store_sales.ss_ext_discount_amt FROM public.store_sales  WHERE public.store_sales.ss_promo_sk < 40.05 AND public.store_sales.ss_sold_date_sk > 74.04 AND public.store_sales.ss_hdemo_sk > 26.49 ORDER BY public.store_sales.ss_ext_discount_amt LIMIT 100;
2025-07-01T00:10:40.800000,SELECT public.store_sales.ss_list_price FROM public.store_sales  WHERE public.store_sales.ss_ext_list_price > 84.58 ORDER BY public.store_sales.ss_list_price LIMIT 100;
2025-07-01T00:10:41.000000,SELECT public.catalog_sales.cs_order_number FROM public.catalog_sales INNER JOIN public.store_sales ON public.catalog_sales.cs_promo_sk = public.store_sales.ss_promo_sk WHERE public.catalog_sales.cs_warehouse_sk <= 30.85 ORDER BY public.catalog_sales.cs_order_number LIMIT 100;
2025-07-01T00:10:41.200000,SELECT public.store_sales.ss_list_price FROM public.store_sales  WHERE public.store_sales.ss_ext_list_price > 56.82 ORDER BY public.store_sales.ss_list_price LIMIT 100;
2025-07-01T00:10:41.400000,SELECT public.store_sales.ss_ext_discount_amt FROM public.store_sales  WHERE public.store_sales.ss_promo_sk < 63.48 AND public.store_sales.ss_sold_date_sk > 35.42 AND public.store_sales.ss_hdemo_sk > 66.59 ORDER BY public.store_sales.ss_ext_discount_amt LIMIT 100;
2025-07-01T00:10:41.600000,SELECT public.catalog_sales.cs_order_number FROM public.catalog_sales INNER JOIN public.store_sales ON public.catalog_sales.cs_promo_sk = public.store_sales.ss_promo_sk WHERE public.catalog_sales.cs_warehouse_sk <= 48.75 ORDER BY public.catalog_sales.cs_order_number LIMIT 100;
2025-07-01T00:10:41.800000,SELECT public.store_sales.ss_sold_date_sk FROM public.store_sales  WHERE public.store_sales.ss_addr_sk <= 5.42 ORDER BY public.store_sales.ss_sold_date_sk LIMIT 100;
2025-07-01T00:10:42.000000,SELECT public.store_sales.ss_item_sk FROM public.store_sales  WHERE public.store_sales.ss_customer_sk > 26.81 AND public.store_sales.ss_wholesale_cost BETWEEN 11.25 AND 21.15 ORDER BY public.store_sales.ss_item_sk LIMIT 100;
2025-07-01T00:10:42.200000,SELECT public.store_sales.ss_item_sk FROM public.store_sales  WHERE public.store_sales.ss_customer_sk > 19.66 AND public.store_sales.ss_wholesale_cost BETWEEN 74.78 AND 84.68 ORDER BY public.store_sales.ss_item_sk LIMIT 100;
2025-07-01T00:10:42.400000,SELECT public.store_sales.ss_list_price FROM public.store_sales  WHERE public.store_sales.ss_ext_list_price > 39.43 ORDER BY public.store_sales.ss_list_price LIMIT 100;
2025-07-01T00:10:42.600000,SELECT public.store_sales.ss_sold_date_sk FROM public.store_sales  WHERE public.store_sales.ss_addr_sk <= 93.68 ORDER BY public.store_sales.ss_sold_date_sk LIMIT 100;
2025-07-01T00:10:42.800000,SELECT public.store_sales.ss_item_sk FROM public.store_sales  WHERE public.store_sales.ss_customer_sk > 22.47 AND public.store_sales.ss_wholesale_cost BETWEEN 5.47 AND 15.37 ORDER BY public.store_sales.ss_item_sk LIMIT 100;
2025-07-01T00:10:43.000000,SELECT public.store_sales.ss_item_sk FROM public.store_sales  WHERE public.store_sales.ss_customer_sk > 47.36 AND public.store_sales.ss_wholesale_cost BETWEEN 91.31 AND 101.21 ORDER BY public.store_sales.ss_item_sk LIMIT 100;
2025-07-01T00:10:43.200000,SELECT public.store_sales.ss_item_sk FROM public.store_sales  WHERE public.store_sales.ss_customer_sk > 75.19 AND public.store_sales.ss_wholesale_cost BETWEEN 24.55 AND 34.45 ORDER BY public.store_sales.ss_item_sk LIMIT 100;
2025-07-01T00:10:43.400000,SELECT public.store_sales.ss_list_price FROM public.store_sales  WHERE public.store_sales.ss_ext_list_price > 7.69 ORDER BY public.store_sales.ss_list_price LIMIT 100;
2025-07-01T00:10:43.600000,SELECT public.catalog_sales.cs_order_number FROM public.catalog_sales INNER JOIN public.store_sales ON public.catalog_sales.cs_promo_sk = public.store_sales.ss_promo_sk WHERE public.catalog_sales.cs_warehouse_sk <= 26.34 ORDER BY public.catalog_sales.cs_order_number LIMIT 100;
2025-07-01T00:10:43.800000,SELECT public.store_sales.ss_sold_date_sk FROM public.store_sales  WHERE public.store_sales.ss_addr_sk <= 28.53 ORDER BY public.store_sales.ss_sold_date_sk LIMIT 100;
2025-07-01T00:10:44.000000,SELECT public.store_sales.ss_sold_date_sk FROM public.store_sales  WHERE public.store_sales.ss_addr_sk <= 17.96 ORDER BY public.store_sales.ss_sold_date_sk LIMIT 100;
2025-07-01T00:10:44.200000,SELECT public.catalog_sales.cs_order_number FROM public.catalog_sales INNER JOIN public.store_sales ON public.catalog_sales.cs_promo_sk = public.store_sales.ss_promo_sk WHERE public.catalog_sales.cs_warehouse_sk <= 57.31 ORDER BY public.catalog_sales.cs_order_number LIMIT 100;
2025-07-01T00:10:44.400000,SELECT public.store_sales.ss_list_price FROM public.store_sales  WHERE public.store_sales.ss_ext_list_price > 41.93 ORDER BY public.store_sales.ss_list_price LIMIT 100;
2025-07-01T00:10:44.600000,SELECT public.catalog_sales.cs_order_number FROM public.catalog_sales INNER JOIN public.store_sales ON public.catalog_sales.cs_promo_sk = public.store_sales.ss_promo_sk WHERE public.catalog_sales.cs_warehouse_sk <= 13.86 ORDER BY public.catalog_sales.cs_order_number LIMIT 100;
2025-07-01T00:10:44.800000,SELECT public.store_sales.ss_ext_discount_amt FROM public.store_sales  WHERE public.store_sales.ss_promo_sk < 82.49 AND public.store_sales.ss_sold_date_sk > 40.45 AND public.store_sales.ss_hdemo_sk > 99.05 ORDER BY public.store_sales.ss_ext_discount_amt LIMIT 100;
2025-07-01T00:10:45.000000,SELECT public.store_sales.ss_sold_date_sk FROM public.store_sales  WHERE public.store_sales.ss_addr_sk <= 93.68 ORDER BY public.store_sales.ss_sold_date_sk LIMIT 100;
2025-07-01T00:10:45.200000,SELECT public.store_sales.ss_item_sk FROM public.store_sales  WHERE public.store_sales.ss_customer_sk > 85.2 AND public.store_sales.ss_wholesale_cost BETWEEN 40.23 AND 50.13 ORDER BY public.store_sales.ss_item_sk LIMIT 100;
2025-07-01T00:10:45.400000,SELECT public.store_sales.ss_item_sk FROM public.store_sales  WHERE public.store_sales.ss_customer_sk > 10.29 AND public.store_sales.ss_wholesale_cost BETWEEN 36.88 AND 46.78 ORDER BY public.store_sales.ss_item_sk LIMIT 100;
2025-07-01T00:10:45.600000,SELECT public.store_sales.ss_item_sk FROM public.store_sales  WHERE public.store_sales.ss_customer_sk > 12.67 AND public.store_sales.ss_wholesale_cost BETWEEN 19.65 AND 29.55 ORDER BY public.store_sales.ss_item_sk LIMIT 100;
2025-07-01T00:10:45.800000,SELECT public.store_sales.ss_sold_date_sk FROM public.store_sales  WHERE public.store_sales.ss_addr_sk <= 70.84 ORDER BY public.store_sales.ss_sold_date_sk LIMIT 100;
2025-07-01T00:10:46.000000,SELECT public.store_sales.ss_item_sk FROM public.store_sales  WHERE public.store_sales.ss_customer_sk > 55.47 AND public.store_sales.ss_wholesale_cost BETWEEN 65.85 AND 75.75 ORDER BY public.store_sales.ss_item_sk LIMIT 100;
2025-07-01T00:10:46.200000,SELECT public.catalog_sales.cs_order_number FROM public.catalog_sales INNER JOIN public.store_sales ON public.catalog_sales.cs_promo_sk = public.store_sales.ss_promo_sk WHERE public.catalog_sales.cs_warehouse_sk <= 45.94 ORDER BY public.catalog_sales.cs_order_number LIMIT 100;
2025-07-01T00:10:46.400000,SELECT public.store_sales.ss_ext_discount_amt FROM public.store_sales  WHERE public.store_sales.ss_promo_sk < 28.05 AND public.store_sales.ss_sold_date_sk > 6.0 AND public.store_sales.ss_hdemo_sk > 59.86 ORDER BY public.store_sales.ss_ext_discount_amt LIMIT 100;
2025-07-01T00:10:46.600000,SELECT public.store_sales.ss_list_price FROM public.store_sales  WHERE public.store_sales.ss_ext_list_price > 66.86 ORDER BY public.store_sales.ss_list_price LIMIT 100;
2025-07-01T00:10:46.800000,SELECT public.store_sales.ss_ext_discount_amt FROM public.store_sales  WHERE public.store_sales.ss_promo_sk < 41.46 AND public.store_sales.ss_sold_date_sk > 43.72 AND public.store_sales.ss_hdemo_sk > 63.68 ORDER BY public.store_sales.ss_ext_discount_amt LIMIT 100;
2025-07-01T00:10:47.000000,SELECT public.store_sales.ss_item_sk FROM public.store_sales  WHERE public.store_sales.ss_customer_sk > 62.25 AND public.store_sales.ss_wholesale_cost BETWEEN 87.79 AND 97.69 ORDER BY public.store_sales.ss_item_sk LIMIT 100;
2025-07-01T00:10:47.200000,SELECT public.store_sales.ss_ext_discount_amt FROM public.store_sales  WHERE public.store_sales.ss_promo_sk < 46.18 AND public.store_sales.ss_sold_date_sk > 39.25 AND public.store_sales.ss_hdemo_sk > 36.8 ORDER BY public.store_sales.ss_ext_discount_amt LIMIT 100;
2025-07-01T00:10:47.400000,SELECT public.store_sales.ss_ext_discount_amt FROM public.store_sales  WHERE public.store_sales.ss_promo_sk < 34.93 AND public.store_sales.ss_sold_date_sk > 18.55 AND public.store_sales.ss_hdemo_sk > 68.13 ORDER BY public.store_sales.ss_ext_discount_amt LIMIT 100;
2025-07-01T00:10:47.600000,SELECT public.store_sales.ss_list_price FROM public.store_sales  WHERE public.store_sales.ss_ext_list_price > 51.71 ORDER BY public.store_sales.ss_list_price LIMIT 100;
2025-07-01T00:10:47.800000,SELECT public.store_sales.ss_sold_date_sk FROM public.store_sales  WHERE public.store_sales.ss_addr_sk <= 36.71 ORDER BY public.store_sales.ss_sold_date_sk LIMIT 100;
2025-07-01T00:10:48.000000,SELECT public.store_sales.ss_item_sk FROM public.store_sales  WHERE public.store_sales.ss_customer_sk > 24.29 AND public.store_sales.ss_wholesale_cost BETWEEN 23.39 AND 33.29 ORDER BY public.store_sales.ss_item_sk LIMIT 100;
2025-07-01T00:10:48.200000,SELECT public.store_sales.ss_sold_date_sk FROM public.store_sales  WHERE public.store_sales.ss_addr_sk <= 42.42 ORDER BY public.store_sales.ss_sold_date_sk LIMIT 100;
2025-07-01T00:10:48.400000,SELECT public.store_sales.ss_ext_discount_amt FROM public.store_sales  WHERE public.store_sales.ss_promo_sk < 57.35 AND public.store_sales.ss_sold_date_sk > 59.43 AND public.store_sales.ss_hdemo_sk > 85.09 ORDER BY public.store_sales.ss_ext_discount_amt LIMIT 100;
2025-07-01T00:10:48.600000,SELECT public.store_sales.ss_item_sk FROM public.store_sales  WHERE public.store_sales.ss_customer_sk > 31.52 AND public.store_sales.ss_wholesale_cost BETWEEN 8.65 AND 18.55 ORDER BY public.store_sales.ss_item_sk LIMIT 100;
2025-07-01T00:10:48.800000,SELECT public.store_sales.ss_ext_discount_amt FROM public.store_sales  WHERE public.store_sales.ss_promo_sk < 86.2 AND public.store_sales.ss_sold_date_sk > 17.6 AND public.store_sales.ss_hdemo_sk > 1.74 ORDER BY public.store_sales.ss_ext_discount_amt LIMIT 100;
2025-07-01T00:10:49.000000,SELECT public.store_sales.ss_ext_discount_amt FROM public.store_sales  WHERE public.store_sales.ss_promo_sk < 36.72 AND public.store_sales.ss_sold_date_sk > 6.47 AND public.store_sales.ss_hdemo_sk > 36.38 ORDER BY public.store_sales.ss_ext_discount_amt LIMIT 100;
2025-07-01T00:10:49.200000,SELECT public.store_sales.ss_list_price FROM public.store_sales  WHERE public.store_sales.ss_ext_list_price > 10.23 ORDER BY public.store_sales.ss_list_price LIMIT 100;
2025-07-01T00:10:49.400000,SELECT public.store_sales.ss_ext_discount_amt FROM public.store_sales  WHERE public.store_sales.ss_promo_sk < 1.92 AND public.store_sales.ss_sold_date_sk > 19.64 AND public.store_sales.ss_hdemo_sk > 4.1 ORDER BY public.store_sales.ss_ext_discount_amt LIMIT 100;
2025-07-01T00:10:49.600000,SELECT public.store_sales.ss_ext_discount_amt FROM public.store_sales  WHERE public.store_sales.ss_promo_sk < 9.97 AND public.store_sales.ss_sold_date_sk > 23.37 AND public.store_sales.ss_hdemo_sk > 44.35 ORDER BY public.store_sales.ss_ext_discount_amt LIMIT 100;
2025-07-01T00:10:49.800000,SELECT public.catalog_sales.cs_order_number FROM public.catalog_sales INNER JOIN public.store_sales ON public.catalog_sales.cs_promo_sk = public.store_sales.ss_promo_sk WHERE public.catalog_sales.cs_warehouse_sk <= 83.39 ORDER BY public.catalog_sales.cs_order_number LIMIT 100;
2025-07-01T00:10:50.000000,SELECT public.catalog_sales.cs_order_number FROM public.catalog_sales INNER JOIN public.store_sales ON public.catalog_sales.cs_promo_sk = public.store_sales.ss_promo_sk WHERE public.catalog_sales.cs_warehouse_sk <= 45.49 ORDER BY public.catalog_sales.cs_order_number LIMIT 100;
2025-07-01T00:10:50.200000,SELECT public.store_sales.ss_item_sk FROM public.store_sales  WHERE public.store_sales.ss_customer_sk > 40.52 AND public.store_sales.ss_wholesale_cost BETWEEN -0.47 AND 9.43 ORDER BY public.store_sales.ss_item_sk LIMIT 100;
2025-07-01T00:10:50.400000,SELECT public.store_sales.ss_sold_date_sk FROM public.store_sales  WHERE public.store_sales.ss_addr_sk <= 50.97 ORDER BY public.store_sales.ss_sold_date_sk LIMIT 100;
2025-07-01T00:10:50.600000,SELECT public.store_sales.ss_list_price FROM public.store_sales  WHERE public.store_sales.ss_ext_list_price > 29.52 ORDER BY public.store_sales.ss_list_price LIMIT 100;
2025-07-01T00:10:50.800000,SELECT public.store_sales.ss_sold_date_sk FROM public.store_sales  WHERE public.store_sales.ss_addr_sk <= 78.96 ORDER BY public.store_sales.ss_sold_date_sk LIMIT 100;
2025-07-01T00:10:51.000000,SELECT public.store_sales.ss_item_sk FROM public.store_sales  WHERE public.store_sales.ss_customer_sk > 85.12 AND public.store_sales.ss_wholesale_cost BETWEEN 94.93 AND 104.83 ORDER BY public.store_sales.ss_item_sk LIMIT 100;
2025-07-01T00:10:51.200000,SELECT public.store_sales.ss_sold_date_sk FROM public.store_sales  WHERE public.store_sales.ss_addr_sk <= 30.83 ORDER BY public.store_sales.ss_sold_date_sk LIMIT 100;
2025-07-01T00:10:51.400000,SELECT public.store_sales.ss_list_price FROM public.store_sales  WHERE public.store_sales.ss_ext_list_price > 82.0 ORDER BY public.store_sales.ss_list_price LIMIT 100;
2025-07-01T00:10:51.600000,SELECT public.store_sales.ss_ext_discount_amt FROM public.store_sales  WHERE public.store_sales.ss_promo_sk < 18.12 AND public.store_sales.ss_sold_date_sk > 51.22 AND public.store_sales.ss_hdemo_sk > 99.19 ORDER BY public.store_sales.ss_ext_discount_amt LIMIT 100;
2025-07-01T00:10:51.800000,SELECT public.store_sales.ss_list_price FROM public.store_sales  WHERE public.store_sales.ss_ext_list_price > 86.39 ORDER BY public.store_sales.ss_list_price LIMIT 100;
2025-07-01T00:10:52.000000,SELECT public.catalog_sales.cs_order_number FROM public.catalog_sales INNER JOIN public.store_sales ON public.catalog_sales.cs_promo_sk = public.store_sales.ss_promo_sk WHERE public.catalog_sales.cs_warehouse_sk <= 72.97 ORDER BY public.catalog_sales.cs_order_number LIMIT 100;
2025-07-01T00:10:52.200000,SELECT public.store_sales.ss_list_price FROM public.store_sales  WHERE public.store_sales.ss_ext_list_price > 43.48 ORDER BY public.store_sales.ss_list_price LIMIT 100;
2025-07-01T00:10:52.400000,SELECT public.catalog_sales.cs_order_number FROM public.catalog_sales INNER JOIN public.store_sales ON public.catalog_sales.cs_promo_sk = public.store_sales.ss_promo_sk WHERE public.catalog_sales.cs_warehouse_sk <= 14.84 ORDER BY public.catalog_sales.cs_order_number LIMIT 100;
2025-07-01T00:10:52.600000,SELECT public.store_sales.ss_ext_discount_amt FROM public.store_sales  WHERE public.store_sales.ss_promo_sk < 87.94 AND public.store_sales.ss_sold_date_sk > 38.07 AND public.store_sales.ss_hdemo_sk > 11.01 ORDER BY public.store_sales.ss_ext_discount_amt LIMIT 100;
2025-07-01T00:10:52.800000,SELECT public.store_sales.ss_ext_discount_amt FROM public.store_sales  WHERE public.store_sales.ss_promo_sk < 38.53 AND public.store_sales.ss_sold_date_sk > 52.18 AND public.store_sales.ss_hdemo_sk > 74.43 ORDER BY public.store_sales.ss_ext_discount_amt LIMIT 100;
2025-07-01T00:10:53.000000,SELECT public.store_sales.ss_sold_date_sk FROM public.store_sales  WHERE public.store_sales.ss_addr_sk <= 65.97 ORDER BY public.store_sales.ss_sold_date_sk LIMIT 100;
2025-07-01T00:10:53.200000,SELECT public.catalog_sales.cs_order_number FROM public.catalog_sales INNER JOIN public.store_sales ON public.catalog_sales.cs_promo_sk = public.store_sales.ss_promo_sk WHERE public.catalog_sales.cs_warehouse_sk <= 31.29 ORDER BY public.catalog_sales.cs_order_number LIMIT 100;
2025-07-01T00:10:53.400000,SELECT public.store_sales.ss_ext_discount_amt FROM public.store_sales  WHERE public.store_sales.ss_promo_sk < 94.06 AND public.store_sales.ss_sold_date_sk > 88.91 AND public.store_sales.ss_hdemo_sk > 77.96 ORDER BY public.store_sales.ss_ext_discount_amt LIMIT 100;
2025-07-01T00:10:53.600000,SELECT public.store_sales.ss_ext_discount_amt FROM public.store_sales  WHERE public.store_sales.ss_promo_sk < 86.55 AND public.store_sales.ss_sold_date_sk > 94.94 AND public.store_sales.ss_hdemo_sk > 35.44 ORDER BY public.store_sales.ss_ext_discount_amt LIMIT 100;
2025-07-01T00:10:53.800000,SELECT public.store_sales.ss_list_price FROM public.store_sales  WHERE public.store_sales.ss_ext_list_price > 18.28 ORDER BY public.store_sales.ss_list_price LIMIT 100;
2025-07-01T00:10:54.000000,SELECT public.store_sales.ss_ext_discount_amt FROM public.store_sales  WHERE public.store_sales.ss_promo_sk < 94.81 AND public.store_sales.ss_sold_date_sk > 37.27 AND public.store_sales.ss_hdemo_sk > 74.11 ORDER BY public.store_sales.ss_ext_discount_amt LIMIT 100;
2025-07-01T00:10:54.200000,SELECT public.store_sales.ss_item_sk FROM public.store_sales  WHERE public.store_sales.ss_customer_sk > 84.99 AND public.store_sales.ss_wholesale_cost BETWEEN 18.59 AND 28.49 ORDER BY public.store_sales.ss_item_sk LIMIT 100;
2025-07-01T00:10:54.400000,SELECT public.store_sales.ss_sold_date_sk FROM public.store_sales  WHERE public.store_sales.ss_addr_sk <= 91.93 ORDER BY public.store_sales.ss_sold_date_sk LIMIT 100;
2025-07-01T00:10:54.600000,SELECT public.store_sales.ss_item_sk FROM public.store_sales  WHERE public.store_sales.ss_customer_sk > 12.47 AND public.store_sales.ss_wholesale_cost BETWEEN 83.67 AND 93.57 ORDER BY public.store_sales.ss_item_sk LIMIT 100;
2025-07-01T00:10:54.800000,SELECT public.store_sales.ss_item_sk FROM public.store_sales  WHERE public.store_sales.ss_customer_sk > 25.34 AND public.store_sales.ss_wholesale_cost BETWEEN 68.3 AND 78.2 ORDER BY public.store_sales.ss_item_sk LIMIT 100;
2025-07-01T00:10:55.000000,SELECT public.catalog_sales.cs_order_number FROM public.catalog_sales INNER JOIN public.store_sales ON public.catalog_sales.cs_promo_sk = public.store_sales.ss_promo_sk WHERE public.catalog_sales.cs_warehouse_sk <= 92.75 ORDER BY public.catalog_sales.cs_order_number LIMIT 100;
2025-07-01T00:10:55.200000,SELECT public.store_sales.ss_ext_discount_amt FROM public.store_sales  WHERE public.store_sales.ss_promo_sk < 25.28 AND public.store_sales.ss_sold_date_sk > 71.31 AND public.store_sales.ss_hdemo_sk > 85.28 ORDER BY public.store_sales.ss_ext_discount_amt LIMIT 100;
2025-07-01T00:10:55.400000,SELECT public.store_sales.ss_item_sk FROM public.store_sales  WHERE public.store_sales.ss_customer_sk > 43.57 AND public.store_sales.ss_wholesale_cost BETWEEN 38.87 AND 48.77 ORDER BY public.store_sales.ss_item_sk LIMIT 100;
2025-07-01T00:10:55.600000,SELECT public.store_sales.ss_sold_date_sk FROM public.store_sales  WHERE public.store_sales.ss_addr_sk <= 14.28 ORDER BY public.store_sales.ss_sold_date_sk LIMIT 100;
2025-07-01T00:10:55.800000,SELECT public.store_sales.ss_sold_date_sk FROM public.store_sales  WHERE public.store_sales.ss_addr_sk <= 91.15 ORDER BY public.store_sales.ss_sold_date_sk LIMIT 100;
2025-07-01T00:10:56.000000,SELECT public.store_sales.ss_sold_date_sk FROM public.store_sales  WHERE public.store_sales.ss_addr_sk <= 45.37 ORDER BY public.store_sales.ss_sold_date_sk LIMIT 100;
2025-07-01T00:10:56.200000,SELECT public.store_sales.ss_list_price FROM public.store_sales  WHERE public.store_sales.ss_ext_list_price > 30.39 ORDER BY public.store_sales.ss_list_price LIMIT 100;
2025-07-01T00:10:56.400000,SELECT public.store_sales.ss_sold_date_sk FROM public.store_sales  WHERE public.store_sales.ss_addr_sk <= 89.81 ORDER BY public.store_sales.ss_sold_date_sk LIMIT 100;
2025-07-01T00:10:56.600000,SELECT public.store_sales.ss_ext_discount_amt FROM public.store_sales  WHERE public.store_sales.ss_promo_sk < 55.02 AND public.store_sales.ss_sold_date_sk > 54.81 AND public.store_sales.ss_hdemo_sk > 89.99 ORDER BY public.store_sales.ss_ext_discount_amt LIMIT 100;
2025-07-01T00:10:56.800000,SELECT public.store_sales.ss_ext_discount_amt FROM public.store_sales  WHERE public.store_sales.ss_promo_sk < 84.75 AND public.store_sales.ss_sold_date_sk > 4.99 AND public.store_sales.ss_hdemo_sk > 45.51 ORDER BY public.store_sales.ss_ext_discount_amt LIMIT 100;
2025-07-01T00:10:57.000000,SELECT public.store_sales.ss_item_sk FROM public.store_sales  WHERE public.store_sales.ss_customer_sk > 20.0 AND public.store_sales.ss_wholesale_cost BETWEEN 13.42 AND 23.32 ORDER BY public.store_sales.ss_item_sk LIMIT 100;
2025-07-01T00:10:57.200000,SELECT public.store_sales.ss_ext_discount_amt FROM public.store_sales  WHERE public.store_sales.ss_promo_sk < 46.62 AND public.store_sales.ss_sold_date_sk > 71.44 AND public.store_sales.ss_hdemo_sk > 15.89 ORDER BY public.store_sales.ss_ext_discount_amt LIMIT 100;
2025-07-01T00:10:57.400000,SELECT public.catalog_sales.cs_order_number FROM public.catalog_sales INNER JOIN public.store_sales ON public.catalog_sales.cs_promo_sk = public.store_sales.ss_promo_sk WHERE public.catalog_sales.cs_warehouse_sk <= 11.24 ORDER BY public.catalog_sales.cs_order_number LIMIT 100;
2025-07-01T00:10:57.600000,SELECT public.store_sales.ss_ext_discount_amt FROM public.store_sales  WHERE public.store_sales.ss_promo_sk < 74.62 AND public.store_sales.ss_sold_date_sk > 3.29 AND public.store_sales.ss_hdemo_sk > 97.94 ORDER BY public.store_sales.ss_ext_discount_amt LIMIT 100;
2025-07-01T00:10:57.800000,SELECT public.store_sales.ss_item_sk FROM public.store_sales  WHERE public.store_sales.ss_customer_sk > 32.32 AND public.store_sales.ss_wholesale_cost BETWEEN 13.57 AND 23.47 ORDER BY public.store_sales.ss_item_sk LIMIT 100;
2025-07-01T00:10:58.000000,SELECT public.store_sales.ss_sold_date_sk FROM public.store_sales  WHERE public.store_sales.ss_addr_sk <= 2.22 ORDER BY public.store_sales.ss_sold_date_sk LIMIT 100;
2025-07-01T00:10:58.200000,SELECT public.store_sales.ss_list_price FROM public.store_sales  WHERE public.store_sales.ss_ext_list_price > 94.94 ORDER BY public.store_sales.ss_list_price LIMIT 100;
2025-07-01T00:10:58.400000,SELECT public.catalog_sales.cs_order_number FROM public.catalog_sales INNER JOIN public.store_sales ON public.catalog_sales.cs_promo_sk = public.store_sales.ss_promo_sk WHERE public.catalog_sales.cs_warehouse_sk <= 48.09 ORDER BY public.catalog_sales.cs_order_number LIMIT 100;
2025-07-01T00:10:58.600000,SELECT public.catalog_sales.cs_order_number FROM public.catalog_sales INNER JOIN public.store_sales ON public.catalog_sales.cs_promo_sk = public.store_sales.ss_promo_sk WHERE public.catalog_sales.cs_warehouse_sk <= 66.77 ORDER BY public.catalog_sales.cs_order_number LIMIT 100;
2025-07-01T00:10:58.800000,SELECT public.store_sales.ss_ext_discount_amt FROM public.store_sales  WHERE public.store_sales.ss_promo_sk < 3.63 AND public.store_sales.ss_sold_date_sk > 74.6 AND public.store_sales.ss_hdemo_sk > 85.36 ORDER BY public.store_sales.ss_ext_discount_amt LIMIT 100;
2025-07-01T00:10:59.000000,SELECT public.store_sales.ss_sold_date_sk FROM public.store_sales  WHERE public.store_sales.ss_addr_sk <= 37.06 ORDER BY public.store_sales.ss_sold_date_sk LIMIT 100;
2025-07-01T00:10:59.200000,SELECT public.catalog_sales.cs_order_number FROM public.catalog_sales INNER JOIN public.store_sales ON public.catalog_sales.cs_promo_sk = public.store_sales.ss_promo_sk WHERE public.catalog_sales.cs_warehouse_sk <= 2.77 ORDER BY public.catalog_sales.cs_order_number LIMIT 100;
2025-07-01T00:10:59.400000,SELECT public.store_sales.ss_list_price FROM public.store_sales  WHERE public.store_sales.ss_ext_list_price > 92.84 ORDER BY public.store_sales.ss_list_price LIMIT 100;
2025-07-01T00:10:59.600000,SELECT public.store_sales.ss_item_sk FROM public.store_sales  WHERE public.store_sales.ss_customer_sk > 9.75 AND public.store_sales.ss_wholesale_cost BETWEEN 62.8 AND 72.7 ORDER BY public.store_sales.ss_item_sk LIMIT 100;
2025-07-01T00:10:59.800000,SELECT public.catalog_sales.cs_order_number FROM public.catalog_sales INNER JOIN public.store_sales ON public.catalog_sales.cs_promo_sk = public.store_sales.ss_promo_sk WHERE public.catalog_sales.cs_warehouse_sk <= 80.63 ORDER BY public.catalog_sales.cs_order_number LIMIT 100;
2025-07-01T00:11:00.000000,SELECT public.store_sales.ss_item_sk FROM public.store_sales  WHERE public.store_sales.ss_customer_sk > 26.62 AND public.store_sales.ss_wholesale_cost BETWEEN 46.0 AND 55.9 ORDER BY public.store_sales.ss_item_sk LIMIT 100;
2025-07-01T00:11:00.200000,SELECT public.store_sales.ss_item_sk FROM public.store_sales  WHERE public.store_sales.ss_customer_sk > 50.06 AND public.store_sales.ss_wholesale_cost BETWEEN 1.52 AND 11.42 ORDER BY public.store_sales.ss_item_sk LIMIT 100;
2025-07-01T00:11:00.400000,SELECT public.store_sales.ss_list_price FROM public.store_sales  WHERE public.store_sales.ss_ext_list_price > 76.66 ORDER BY public.store_sales.ss_list_price LIMIT 100;
2025-07-01T00:11:00.600000,SELECT public.store_sales.ss_ext_discount_amt FROM public.store_sales  WHERE public.store_sales.ss_promo_sk < 75.48 AND public.store_sales.ss_sold_date_sk > 50.91 AND public.store_sales.ss_hdemo_sk > 75.28 ORDER BY public.store_sales.ss_ext_discount_amt LIMIT 100;
2025-07-01T00:11:00.800000,SELECT public.store_sales.ss_sold_date_sk FROM public.store_sales  WHERE public.store_sales.ss_addr_sk <= 65.27 ORDER BY public.store_sales.ss_sold_date_sk LIMIT 100;
2025-07-01T00:11:01.000000,SELECT public.store_sales.ss_ext_discount_amt FROM public.store_sales  WHERE public.store_sales.ss_promo_sk < 49.49 AND public.store_sales.ss_sold_date_sk > 63.59 AND public.store_sales.ss_hdemo_sk > 34.08 ORDER BY public.store_sales.ss_ext_discount_amt LIMIT 100;
2025-07-01T00:11:01.200000,SELECT public.store_sales.ss_item_sk FROM public.store_sales  WHERE public.store_sales.ss_customer_sk > 3.16 AND public.store_sales.ss_wholesale_cost BETWEEN 47.05 AND 56.95 ORDER BY public.store_sales.ss_item_sk LIMIT 100;
2025-07-01T00:11:01.400000,SELECT public.store_sales.ss_list_price FROM public.store_sales  WHERE public.store_sales.ss_ext_list_price > 77.62 ORDER BY public.store_sales.ss_list_price LIMIT 100;
2025-07-01T00:11:01.600000,SELECT public.store_sales.ss_item_sk FROM public.store_sales  WHERE public.store_sales.ss_customer_sk > 48.06 AND public.store_sales.ss_wholesale_cost BETWEEN 70.67 AND 80.57 ORDER BY public.store_sales.ss_item_sk LIMIT 100;
2025-07-01T00:11:01.800000,SELECT public.catalog_sales.cs_order_number FROM public.catalog_sales INNER JOIN public.store_sales ON public.catalog_sales.cs_promo_sk = public.store_sales.ss_promo_sk WHERE public.catalog_sales.cs_warehouse_sk <= 50.6 ORDER BY public.catalog_sales.cs_order_number LIMIT 100;
2025-07-01T00:11:02.000000,SELECT public.store_sales.ss_list_price FROM public.store_sales  WHERE public.store_sales.ss_ext_list_price > 63.27 ORDER BY public.store_sales.ss_list_price LIMIT 100;
2025-07-01T00:11:02.200000,SELECT public.catalog_sales.cs_order_number FROM public.catalog_sales INNER JOIN public.store_sales ON public.catalog_sales.cs_promo_sk = public.store_sales.ss_promo_sk WHERE public.catalog_sales.cs_warehouse_sk <= 45.17 ORDER BY public.catalog_sales.cs_order_number LIMIT 100;
2025-07-01T00:11:02.400000,SELECT public.store_sales.ss_sold_date_sk FROM public.store_sales  WHERE public.store_sales.ss_addr_sk <= 9.33 ORDER BY public.store_sales.ss_sold_date_sk LIMIT 100;
2025-07-01T00:11:02.600000,SELECT public.store_sales.ss_item_sk FROM public.store_sales  WHERE public.store_sales.ss_customer_sk > 97.68 AND public.store_sales.ss_wholesale_cost BETWEEN 14.51 AND 24.41 ORDER BY public.store_sales.ss_item_sk LIMIT 100;
2025-07-01T00:11:02.800000,SELECT public.store_sales.ss_item_sk FROM public.store_sales  WHERE public.store_sales.ss_customer_sk > 16.12 AND public.store_sales.ss_wholesale_cost BETWEEN 64.12 AND 74.02 ORDER BY public.store_sales.ss_item_sk LIMIT 100;
2025-07-01T00:11:03.000000,SELECT public.catalog_sales.cs_order_number FROM public.catalog_sales INNER JOIN public.store_sales ON public.catalog_sales.cs_promo_sk = public.store_sales.ss_promo_sk WHERE public.catalog_sales.cs_warehouse_sk <= 49.91 ORDER BY public.catalog_sales.cs_order_number LIMIT 100;
2025-07-01T00:11:03.200000,SELECT public.store_sales.ss_ext_discount_amt FROM public.store_sales  WHERE public.store_sales.ss_promo_sk < 26.17 AND public.store_sales.ss_sold_date_sk > 91.96 AND public.store_sales.ss_hdemo_sk > 45.99 ORDER BY public.store_sales.ss_ext_discount_amt LIMIT 100;
2025-07-01T00:11:03.400000,SELECT public.catalog_sales.cs_order_number FROM public.catalog_sales INNER JOIN public.store_sales ON public.catalog_sales.cs_promo_sk = public.store_sales.ss_promo_sk WHERE public.catalog_sales.cs_warehouse_sk <= 30.79 ORDER BY public.catalog_sales.cs_order_number LIMIT 100;
2025-07-01T00:11:03.600000,SELECT public.store_sales.ss_list_price FROM public.store_sales  WHERE public.store_sales.ss_ext_list_price > 89.94 ORDER BY public.store_sales.ss_list_price LIMIT 100;
2025-07-01T00:11:03.800000,SELECT public.store_sales.ss_ext_discount_amt FROM public.store_sales  WHERE public.store_sales.ss_promo_sk < 63.82 AND public.store_sales.ss_sold_date_sk > 34.99 AND public.store_sales.ss_hdemo_sk > 42.62 ORDER BY public.store_sales.ss_ext_discount_amt LIMIT 100;
2025-07-01T00:11:04.000000,SELECT public.store_sales.ss_item_sk FROM public.store_sales  WHERE public.store_sales.ss_customer_sk > 27.34 AND public.store_sales.ss_wholesale_cost BETWEEN 23.19 AND 33.09 ORDER BY public.store_sales.ss_item_sk LIMIT 100;
2025-07-01T00:11:04.200000,SELECT public.catalog_sales.cs_order_number FROM public.catalog_sales INNER JOIN public.store_sales ON public.catalog_sales.cs_promo_sk = public.store_sales.ss_promo_sk WHERE public.catalog_sales.cs_warehouse_sk <= 16.27 ORDER BY public.catalog_sales.cs_order_number LIMIT 100;
2025-07-01T00:11:04.400000,SELECT public.catalog_sales.cs_order_number FROM public.catalog_sales INNER JOIN public.store_sales ON public.catalog_sales.cs_promo_sk = public.store_sales.ss_promo_sk WHERE public.catalog_sales.cs_warehouse_sk <= 83.15 ORDER BY public.catalog_sales.cs_order_number LIMIT 100;
2025-07-01T00:11:04.600000,SELECT public.store_sales.ss_list_price FROM public.store_sales  WHERE public.store_sales.ss_ext_list_price > 59.16 ORDER BY public.store_sales.ss_list_price LIMIT 100;
2025-07-01T00:11:04.800000,SELECT public.store_sales.ss_item_sk FROM public.store_sales  WHERE public.store_sales.ss_customer_sk > 88.4 AND public.store_sales.ss_wholesale_cost BETWEEN 71.34 AND 81.24 ORDER BY public.store_sales.ss_item_sk LIMIT 100;
2025-07-01T00:11:05.000000,SELECT public.catalog_sales.cs_order_number FROM public.catalog_sales INNER JOIN public.store_sales ON public.catalog_sales.cs_promo_sk = public.store_sales.ss_promo_sk WHERE public.catalog_sales.cs_warehouse_sk <= 55.85 ORDER BY public.catalog_sales.cs_order_number LIMIT 100;
2025-07-01T00:11:05.200000,SELECT public.store_sales.ss_ext_discount_amt FROM public.store_sales  WHERE public.store_sales.ss_promo_sk < 32.75 AND public.store_sales.ss_sold_date_sk > 35.23 AND public.store_sales.ss_hdemo_sk > 38.48 ORDER BY public.store_sales.ss_ext_discount_amt LIMIT 100;
2025-07-01T00:11:05.400000,SELECT public.catalog_sales.cs_order_number FROM public.catalog_sales INNER JOIN public.store_sales ON public.catalog_sales.cs_promo_sk = public.store_sales.ss_promo_sk WHERE public.catalog_sales.cs_warehouse_sk <= 55.96 ORDER BY public.catalog_sales.cs_order_number LIMIT 100;
2025-07-01T00:11:05.600000,SELECT public.store_sales.ss_list_price FROM public.store_sales  WHERE public.store_sales.ss_ext_list_price > 55.97 ORDER BY public.store_sales.ss_list_price LIMIT 100;
2025-07-01T00:11:05.800000,SELECT public.store_sales.ss_item_sk FROM public.store_sales  WHERE public.store_sales.ss_customer_sk > 24.85 AND public.store_sales.ss_wholesale_cost BETWEEN 70.48 AND 80.38 ORDER BY public.store_sales.ss_item_sk LIMIT 100;
2025-07-01T00:11:06.000000,SELECT public.store_sales.ss_item_sk FROM public.store_sales  WHERE public.store_sales.ss_customer_sk > 27.64 AND public.store_sales.ss_wholesale_cost BETWEEN 27.81 AND 37.71 ORDER BY public.store_sales.ss_item_sk LIMIT 100;
2025-07-01T00:11:06.200000,SELECT public.store_sales.ss_item_sk FROM public.store_sales  WHERE public.store_sales.ss_customer_sk > 8.33 AND public.store_sales.ss_wholesale_cost BETWEEN 40.29 AND 50.19 ORDER BY public.store_sales.ss_item_sk LIMIT 100;
2025-07-01T00:11:06.400000,SELECT public.store_sales.ss_ext_discount_amt FROM public.store_sales  WHERE public.store_sales.ss_promo_sk < 80.94 AND public.store_sales.ss_sold_date_sk > 99.88 AND public.store_sales.ss_hdemo_sk > 30.34 ORDER BY public.store_sales.ss_ext_discount_amt LIMIT 100;
2025-07-01T00:11:06.600000,SELECT public.store_sales.ss_ext_discount_amt FROM public.store_sales  WHERE public.store_sales.ss_promo_sk < 97.01 AND public.store_sales.ss_sold_date_sk > 98.47 AND public.store_sales.ss_hdemo_sk > 29.53 ORDER BY public.store_sales.ss_ext_discount_amt LIMIT 100;
2025-07-01T00:11:06.800000,SELECT public.store_sales.ss_sold_date_sk FROM public.store_sales  WHERE public.store_sales.ss_addr_sk <= 94.66 ORDER BY public.store_sales.ss_sold_date_sk LIMIT 100;
2025-07-01T00:11:07.000000,SELECT public.store_sales.ss_ext_discount_amt FROM public.store_sales  WHERE public.store_sales.ss_promo_sk < 70.12 AND public.store_sales.ss_sold_date_sk > 21.5 AND public.store_sales.ss_hdemo_sk > 30.91 ORDER BY public.store_sales.ss_ext_discount_amt LIMIT 100;
2025-07-01T00:11:07.200000,SELECT public.store_sales.ss_list_price FROM public.store_sales  WHERE public.store_sales.ss_ext_list_price > 11.72 ORDER BY public.store_sales.ss_list_price LIMIT 100;
2025-07-01T00:11:07.400000,SELECT public.store_sales.ss_item_sk FROM public.store_sales  WHERE public.store_sales.ss_customer_sk > 53.6 AND public.store_sales.ss_wholesale_cost BETWEEN 73.2 AND 83.1 ORDER BY public.store_sales.ss_item_sk LIMIT 100;
2025-07-01T00:11:07.600000,SELECT public.store_sales.ss_list_price FROM public.store_sales  WHERE public.store_sales.ss_ext_list_price > 39.08 ORDER BY public.store_sales.ss_list_price LIMIT 100;
2025-07-01T00:11:07.800000,SELECT public.store_sales.ss_list_price FROM public.store_sales  WHERE public.store_sales.ss_ext_list_price > 94.8 ORDER BY public.store_sales.ss_list_price LIMIT 100;
2025-07-01T00:11:08.000000,SELECT public.store_sales.ss_ext_discount_amt FROM public.store_sales  WHERE public.store_sales.ss_promo_sk < 67.86 AND public.store_sales.ss_sold_date_sk > 71.61 AND public.store_sales.ss_hdemo_sk > 77.6 ORDER BY public.store_sales.ss_ext_discount_amt LIMIT 100;
2025-07-01T00:11:08.200000,SELECT public.store_sales.ss_list_price FROM public.store_sales  WHERE public.store_sales.ss_ext_list_price > 49.12 ORDER BY public.store_sales.ss_list_price LIMIT 100;
2025-07-01T00:11:08.400000,SELECT public.store_sales.ss_ext_discount_amt FROM public.store_sales  WHERE public.store_sales.ss_promo_sk < 13.44 AND public.store_sales.ss_sold_date_sk > 95.27 AND public.store_sales.ss_hdemo_sk > 48.72 ORDER BY public.store_sales.ss_ext_discount_amt LIMIT 100;
2025-07-01T00:11:08.600000,SELECT public.store_sales.ss_sold_date_sk FROM public.store_sales  WHERE public.store_sales.ss_addr_sk <= 38.95 ORDER BY public.store_sales.ss_sold_date_sk LIMIT 100;
2025-07-01T00:11:08.800000,SELECT public.catalog_sales.cs_order_number FROM public.catalog_sales INNER JOIN public.store_sales ON public.catalog_sales.cs_promo_sk = public.store_sales.ss_promo_sk WHERE public.catalog_sales.cs_warehouse_sk <= 16.18 ORDER BY public.catalog_sales.cs_order_number LIMIT 100;
2025-07-01T00:11:09.000000,SELECT public.catalog_sales.cs_order_number FROM public.catalog_sales INNER JOIN public.store_sales ON public.catalog_sales.cs_promo_sk = public.store_sales.ss_promo_sk WHERE public.catalog_sales.cs_warehouse_sk <= 59.52 ORDER BY public.catalog_sales.cs_order_number LIMIT 100;
2025-07-01T00:11:09.200000,SELECT public.store_sales.ss_item_sk FROM public.store_sales  WHERE public.store_sales.ss_customer_sk > 71.48 AND public.store_sales.ss_wholesale_cost BETWEEN 51.84 AND 61.74 ORDER BY public.store_sales.ss_item_sk LIMIT 100;
2025-07-01T00:11:09.400000,SELECT public.store_sales.ss_list_price FROM public.store_sales  WHERE public.store_sales.ss_ext_list_price > 10.34 ORDER BY public.store_sales.ss_list_price LIMIT 100;
2025-07-01T00:11:09.600000,SELECT public.store_sales.ss_sold_date_sk FROM public.store_sales  WHERE public.store_sales.ss_addr_sk <= 12.85 ORDER BY public.store_sales.ss_sold_date_sk LIMIT 100;
2025-07-01T00:11:09.800000,SELECT public.store_sales.ss_ext_discount_amt FROM public.store_sales  WHERE public.store_sales.ss_promo_sk < 97.64 AND public.store_sales.ss_sold_date_sk > 40.57 AND public.store_sales.ss_hdemo_sk > 68.86 ORDER BY public.store_sales.ss_ext_discount_amt LIMIT 100;
2025-07-01T00:11:10.000000,SELECT public.store_sales.ss_ext_discount_amt FROM public.store_sales  WHERE public.store_sales.ss_promo_sk < 14.73 AND public.store_sales.ss_sold_date_sk > 29.07 AND public.store_sales.ss_hdemo_sk > 67.8 ORDER BY public.store_sales.ss_ext_discount_amt LIMIT 100;
2025-07-01T00:11:10.200000,SELECT public.store_sales.ss_ext_discount_amt FROM public.store_sales  WHERE public.store_sales.ss_promo_sk < 61.41 AND public.store_sales.ss_sold_date_sk > 44.95 AND public.store_sales.ss_hdemo_sk > 93.66 ORDER BY public.store_sales.ss_ext_discount_amt LIMIT 100;
2025-07-01T00:11:10.400000,SELECT public.store_sales.ss_list_price FROM public.store_sales  WHERE public.store_sales.ss_ext_list_price > 28.66 ORDER BY public.store_sales.ss_list_price LIMIT 100;
2025-07-01T00:11:10.600000,SELECT public.store_sales.ss_list_price FROM public.store_sales  WHERE public.store_sales.ss_ext_list_price > 4.91 ORDER BY public.store_sales.ss_list_price LIMIT 100;
2025-07-01T00:11:10.800000,SELECT public.store_sales.ss_ext_discount_amt FROM public.store_sales  WHERE public.store_sales.ss_promo_sk < 65.67 AND public.store_sales.ss_sold_date_sk > 67.61 AND public.store_sales.ss_hdemo_sk > 44.04 ORDER BY public.store_sales.ss_ext_discount_amt LIMIT 100;
2025-07-01T00:11:11.000000,SELECT public.catalog_sales.cs_order_number FROM public.catalog_sales INNER JOIN public.store_sales ON public.catalog_sales.cs_promo_sk = public.store_sales.ss_promo_sk WHERE public.catalog_sales.cs_warehouse_sk <= 23.46 ORDER BY public.catalog_sales.cs_order_number LIMIT 100;
2025-07-01T00:11:11.200000,SELECT public.store_sales.ss_ext_discount_amt FROM public.store_sales  WHERE public.store_sales.ss_promo_sk < 50.27 AND public.store_sales.ss_sold_date_sk > 52.44 AND public.store_sales.ss_hdemo_sk > 51.31 ORDER BY public.store_sales.ss_ext_discount_amt LIMIT 100;
2025-07-01T00:11:11.400000,SELECT public.store_sales.ss_ext_discount_amt FROM public.store_sales  WHERE public.store_sales.ss_promo_sk < 18.02 AND public.store_sales.ss_sold_date_sk > 89.14 AND public.store_sales.ss_hdemo_sk > 47.53 ORDER BY public.store_sales.ss_ext_discount_amt LIMIT 100;
2025-07-01T00:11:11.600000,SELECT public.store_sales.ss_list_price FROM public.store_sales  WHERE public.store_sales.ss_ext_list_price > 98.92 ORDER BY public.store_sales.ss_list_price LIMIT 100;
2025-07-01T00:11:11.800000,SELECT public.store_sales.ss_item_sk FROM public.store_sales  WHERE public.store_sales.ss_customer_sk > 98.12 AND public.store_sales.ss_wholesale_cost BETWEEN 0.24 AND 10.14 ORDER BY public.store_sales.ss_item_sk LIMIT 100;
2025-07-01T00:11:12.000000,SELECT public.store_sales.ss_list_price FROM public.store_sales  WHERE public.store_sales.ss_ext_list_price > 1.85 ORDER BY public.store_sales.ss_list_price LIMIT 100;
2025-07-01T00:11:12.200000,SELECT public.store_sales.ss_ext_discount_amt FROM public.store_sales  WHERE public.store_sales.ss_promo_sk < 95.53 AND public.store_sales.ss_sold_date_sk > 25.12 AND public.store_sales.ss_hdemo_sk > 10.79 ORDER BY public.store_sales.ss_ext_discount_amt LIMIT 100;
2025-07-01T00:11:12.400000,SELECT public.catalog_sales.cs_order_number FROM public.catalog_sales INNER JOIN public.store_sales ON public.catalog_sales.cs_promo_sk = public.store_sales.ss_promo_sk WHERE public.catalog_sales.cs_warehouse_sk <= 3.09 ORDER BY public.catalog_sales.cs_order_number LIMIT 100;
2025-07-01T00:11:12.600000,SELECT public.store_sales.ss_sold_date_sk FROM public.store_sales  WHERE public.store_sales.ss_addr_sk <= 66.13 ORDER BY public.store_sales.ss_sold_date_sk LIMIT 100;
2025-07-01T00:11:12.800000,SELECT public.store_sales.ss_ext_discount_amt FROM public.store_sales  WHERE public.store_sales.ss_promo_sk < 37.93 AND public.store_sales.ss_sold_date_sk > 56.94 AND public.store_sales.ss_hdemo_sk > 27.76 ORDER BY public.store_sales.ss_ext_discount_amt LIMIT 100;
2025-07-01T00:11:13.000000,SELECT public.store_sales.ss_ext_discount_amt FROM public.store_sales  WHERE public.store_sales.ss_promo_sk < 68.27 AND public.store_sales.ss_sold_date_sk > 22.2 AND public.store_sales.ss_hdemo_sk > 10.82 ORDER BY public.store_sales.ss_ext_discount_amt LIMIT 100;
2025-07-01T00:11:13.200000,SELECT public.store_sales.ss_item_sk FROM public.store_sales  WHERE public.store_sales.ss_customer_sk > 75.7 AND public.store_sales.ss_wholesale_cost BETWEEN 5.73 AND 15.63 ORDER BY public.store_sales.ss_item_sk LIMIT 100;
2025-07-01T00:11:13.400000,SELECT public.store_sales.ss_sold_date_sk FROM public.store_sales  WHERE public.store_sales.ss_addr_sk <= 54.07 ORDER BY public.store_sales.ss_sold_date_sk LIMIT 100;
2025-07-01T00:11:13.600000,SELECT public.store_sales.ss_ext_discount_amt FROM public.store_sales  WHERE public.store_sales.ss_promo_sk < 43.7 AND public.store_sales.ss_sold_date_sk > 78.28 AND public.store_sales.ss_hdemo_sk > 84.28 ORDER BY public.store_sales.ss_ext_discount_amt LIMIT 100;
2025-07-01T00:11:13.800000,SELECT public.store_sales.ss_list_price FROM public.store_sales  WHERE public.store_sales.ss_ext_list_price > 35.84 ORDER BY public.store_sales.ss_list_price LIMIT 100;
2025-07-01T00:11:14.000000,SELECT public.store_sales.ss_ext_discount_amt FROM public.store_sales  WHERE public.store_sales.ss_promo_sk < 11.09 AND public.store_sales.ss_sold_date_sk > 65.64 AND public.store_sales.ss_hdemo_sk > 95.58 ORDER BY public.store_sales.ss_ext_discount_amt LIMIT 100;
2025-07-01T00:11:14.200000,SELECT public.store_sales.ss_sold_date_sk FROM public.store_sales  WHERE public.store_sales.ss_addr_sk <= 74.53 ORDER BY public.store_sales.ss_sold_date_sk LIMIT 100;
2025-07-01T00:11:14.400000,SELECT public.store_sales.ss_ext_discount_amt FROM public.store_sales  WHERE public.store_sales.ss_promo_sk < 67.12 AND public.store_sales.ss_sold_date_sk > 13.81 AND public.store_sales.ss_hdemo_sk > 28.24 ORDER BY public.store_sales.ss_ext_discount_amt LIMIT 100;
2025-07-01T00:11:14.600000,SELECT public.store_sales.ss_list_price FROM public.store_sales  WHERE public.store_sales.ss_ext_list_price > 27.01 ORDER BY public.store_sales.ss_list_price LIMIT 100;
2025-07-01T00:11:14.800000,SELECT public.store_sales.ss_ext_discount_amt FROM public.store_sales  WHERE public.store_sales.ss_promo_sk < 53.66 AND public.store_sales.ss_sold_date_sk > 19.54 AND public.store_sales.ss_hdemo_sk > 98.87 ORDER BY public.store_sales.ss_ext_discount_amt LIMIT 100;
2025-07-01T00:11:15.000000,SELECT public.store_sales.ss_list_price FROM public.store_sales  WHERE public.store_sales.ss_ext_list_price > 1.48 ORDER BY public.store_sales.ss_list_price LIMIT 100;
2025-07-01T00:11:15.200000,SELECT public.store_sales.ss_list_price FROM public.store_sales  WHERE public.store_sales.ss_ext_list_price > 70.82 ORDER BY public.store_sales.ss_list_price LIMIT 100;
2025-07-01T00:11:15.400000,SELECT public.store_sales.ss_list_price FROM public.store_sales  WHERE public.store_sales.ss_ext_list_price > 2.4 ORDER BY public.store_sales.ss_list_price LIMIT 100;
2025-07-01T00:11:15.600000,SELECT public.catalog_sales.cs_order_number FROM public.catalog_sales INNER JOIN public.store_sales ON public.catalog_sales.cs_promo_sk = public.store_sales.ss_promo_sk WHERE public.catalog_sales.cs_warehouse_sk <= 24.03 ORDER BY public.catalog_sales.cs_order_number LIMIT 100;
2025-07-01T00:11:15.800000,SELECT public.store_sales.ss_item_sk FROM public.store_sales  WHERE public.store_sales.ss_customer_sk > 29.84 AND public.store_sales.ss_wholesale_cost BETWEEN 48.46 AND 58.36 ORDER BY public.store_sales.ss_item_sk LIMIT 100;
2025-07-01T00:11:16.000000,SELECT public.catalog_sales.cs_order_number FROM public.catalog_sales INNER JOIN public.store_sales ON public.catalog_sales.cs_promo_sk = public.store_sales.ss_promo_sk WHERE public.catalog_sales.cs_warehouse_sk <= 97.1 ORDER BY public.catalog_sales.cs_order_number LIMIT 100;
2025-07-01T00:11:16.200000,SELECT public.store_sales.ss_list_price FROM public.store_sales  WHERE public.store_sales.ss_ext_list_price > 25.83 ORDER BY public.store_sales.ss_list_price LIMIT 100;
2025-07-01T00:11:16.400000,SELECT public.store_sales.ss_list_price FROM public.store_sales  WHERE public.store_sales.ss_ext_list_price > 93.75 ORDER BY public.store_sales.ss_list_price LIMIT 100;
2025-07-01T00:11:16.600000,SELECT public.store_sales.ss_sold_date_sk FROM public.store_sales  WHERE public.store_sales.ss_addr_sk <= 4.58 ORDER BY public.store_sales.ss_sold_date_sk LIMIT 100;
2025-07-01T00:11:16.800000,SELECT public.store_sales.ss_list_price FROM public.store_sales  WHERE public.store_sales.ss_ext_list_price > 26.48 ORDER BY public.store_sales.ss_list_price LIMIT 100;
2025-07-01T00:11:17.000000,SELECT public.store_sales.ss_item_sk FROM public.store_sales  WHERE public.store_sales.ss_customer_sk > 85.78 AND public.store_sales.ss_wholesale_cost BETWEEN 3.75 AND 13.65 ORDER BY public.store_sales.ss_item_sk LIMIT 100;
2025-07-01T00:11:17.200000,SELECT public.store_sales.ss_sold_date_sk FROM public.store_sales  WHERE public.store_sales.ss_addr_sk <= 64.0 ORDER BY public.store_sales.ss_sold_date_sk LIMIT 100;
2025-07-01T00:11:17.400000,SELECT public.store_sales.ss_ext_discount_amt FROM public.store_sales  WHERE public.store_sales.ss_promo_sk < 76.24 AND public.store_sales.ss_sold_date_sk > 77.46 AND public.store_sales.ss_hdemo_sk > 21.47 ORDER BY public.store_sales.ss_ext_discount_amt LIMIT 100;
2025-07-01T00:11:17.600000,SELECT public.store_sales.ss_item_sk FROM public.store_sales  WHERE public.store_sales.ss_customer_sk > 30.84 AND public.store_sales.ss_wholesale_cost BETWEEN -0.87 AND 9.03 ORDER BY public.store_sales.ss_item_sk LIMIT 100;
2025-07-01T00:11:17.800000,SELECT public.store_sales.ss_ext_discount_amt FROM public.store_sales  WHERE public.store_sales.ss_promo_sk < 97.21 AND public.store_sales.ss_sold_date_sk > 70.78 AND public.store_sales.ss_hdemo_sk > 48.81 ORDER BY public.store_sales.ss_ext_discount_amt LIMIT 100;
2025-07-01T00:11:18.000000,SELECT public.store_sales.ss_list_price FROM public.store_sales  WHERE public.store_sales.ss_ext_list_price > 28.32 ORDER BY public.store_sales.ss_list_price LIMIT 100;
2025-07-01T00:11:18.200000,SELECT public.store_sales.ss_list_price FROM public.store_sales  WHERE public.store_sales.ss_ext_list_price > 65.19 ORDER BY public.store_sales.ss_list_price LIMIT 100;
2025-07-01T00:11:18.400000,SELECT public.store_sales.ss_sold_date_sk FROM public.store_sales  WHERE public.store_sales.ss_addr_sk <= 64.07 ORDER BY public.store_sales.ss_sold_date_sk LIMIT 100;
2025-07-01T00:11:18.600000,SELECT public.store_sales.ss_sold_date_sk FROM public.store_sales  WHERE public.store_sales.ss_addr_sk <= 6.11 ORDER BY public.store_sales.ss_sold_date_sk LIMIT 100;
2025-07-01T00:11:18.800000,SELECT public.catalog_sales.cs_order_number FROM public.catalog_sales INNER JOIN public.store_sales ON public.catalog_sales.cs_promo_sk = public.store_sales.ss_promo_sk WHERE public.catalog_sales.cs_warehouse_sk <= 29.8 ORDER BY public.catalog_sales.cs_order_number LIMIT 100;
2025-07-01T00:11:19.000000,SELECT public.catalog_sales.cs_order_number FROM public.catalog_sales INNER JOIN public.store_sales ON public.catalog_sales.cs_promo_sk = public.store_sales.ss_promo_sk WHERE public.catalog_sales.cs_warehouse_sk <= 44.07 ORDER BY public.catalog_sales.cs_order_number LIMIT 100;
2025-07-01T00:11:19.200000,SELECT public.store_sales.ss_sold_date_sk FROM public.store_sales  WHERE public.store_sales.ss_addr_sk <= 6.67 ORDER BY public.store_sales.ss_sold_date_sk LIMIT 100;
2025-07-01T00:11:19.400000,SELECT public.store_sales.ss_sold_date_sk FROM public.store_sales  WHERE public.store_sales.ss_addr_sk <= 37.13 ORDER BY public.store_sales.ss_sold_date_sk LIMIT 100;
2025-07-01T00:11:19.600000,SELECT public.store_sales.ss_list_price FROM public.store_sales  WHERE public.store_sales.ss_ext_list_price > 63.07 ORDER BY public.store_sales.ss_list_price LIMIT 100;
2025-07-01T00:11:19.800000,SELECT public.store_sales.ss_item_sk FROM public.store_sales  WHERE public.store_sales.ss_customer_sk > 41.33 AND public.store_sales.ss_wholesale_cost BETWEEN 52.3 AND 62.2 ORDER BY public.store_sales.ss_item_sk LIMIT 100;
2025-07-01T00:11:20.000000,SELECT public.store_sales.ss_item_sk FROM public.store_sales  WHERE public.store_sales.ss_customer_sk > 19.35 AND public.store_sales.ss_wholesale_cost BETWEEN 41.97 AND 51.87 ORDER BY public.store_sales.ss_item_sk LIMIT 100;
2025-07-01T00:11:20.200000,SELECT public.store_sales.ss_list_price FROM public.store_sales  WHERE public.store_sales.ss_ext_list_price > 4.92 ORDER BY public.store_sales.ss_list_price LIMIT 100;
2025-07-01T00:11:20.400000,SELECT public.catalog_sales.cs_order_number FROM public.catalog_sales INNER JOIN public.store_sales ON public.catalog_sales.cs_promo_sk = public.store_sales.ss_promo_sk WHERE public.catalog_sales.cs_warehouse_sk <= 97.98 ORDER BY public.catalog_sales.cs_order_number LIMIT 100;
2025-07-01T00:11:20.600000,SELECT public.store_sales.ss_sold_date_sk FROM public.store_sales  WHERE public.store_sales.ss_addr_sk <= 78.12 ORDER BY public.store_sales.ss_sold_date_sk LIMIT 100;
2025-07-01T00:11:20.800000,SELECT public.store_sales.ss_ext_discount_amt FROM public.store_sales  WHERE public.store_sales.ss_promo_sk < 51.38 AND public.store_sales.ss_sold_date_sk > 90.8 AND public.store_sales.ss_hdemo_sk > 42.51 ORDER BY public.store_sales.ss_ext_discount_amt LIMIT 100;
2025-07-01T00:11:21.000000,SELECT public.store_sales.ss_sold_date_sk FROM public.store_sales  WHERE public.store_sales.ss_addr_sk <= 27.78 ORDER BY public.store_sales.ss_sold_date_sk LIMIT 100;
2025-07-01T00:11:21.200000,SELECT public.catalog_sales.cs_order_number FROM public.catalog_sales INNER JOIN public.store_sales ON public.catalog_sales.cs_promo_sk = public.store_sales.ss_promo_sk WHERE public.catalog_sales.cs_warehouse_sk <= 47.88 ORDER BY public.catalog_sales.cs_order_number LIMIT 100;
2025-07-01T00:11:21.400000,SELECT public.store_sales.ss_list_price FROM public.store_sales  WHERE public.store_sales.ss_ext_list_price > 26.08 ORDER BY public.store_sales.ss_list_price LIMIT 100;
2025-07-01T00:11:21.600000,SELECT public.store_sales.ss_ext_discount_amt FROM public.store_sales  WHERE public.store_sales.ss_promo_sk < 67.99 AND public.store_sales.ss_sold_date_sk > 7.54 AND public.store_sales.ss_hdemo_sk > 1.11 ORDER BY public.store_sales.ss_ext_discount_amt LIMIT 100;
2025-07-01T00:11:21.800000,SELECT public.catalog_sales.cs_order_number FROM public.catalog_sales INNER JOIN public.store_sales ON public.catalog_sales.cs_promo_sk = public.store_sales.ss_promo_sk WHERE public.catalog_sales.cs_warehouse_sk <= 59.85 ORDER BY public.catalog_sales.cs_order_number LIMIT 100;
2025-07-01T00:11:22.000000,SELECT public.store_sales.ss_ext_discount_amt FROM public.store_sales  WHERE public.store_sales.ss_promo_sk < 17.86 AND public.store_sales.ss_sold_date_sk > 97.88 AND public.store_sales.ss_hdemo_sk > 50.37 ORDER BY public.store_sales.ss_ext_discount_amt LIMIT 100;
2025-07-01T00:11:22.200000,SELECT public.catalog_sales.cs_order_number FROM public.catalog_sales INNER JOIN public.store_sales ON public.catalog_sales.cs_promo_sk = public.store_sales.ss_promo_sk WHERE public.catalog_sales.cs_warehouse_sk <= 17.3 ORDER BY public.catalog_sales.cs_order_number LIMIT 100;
2025-07-01T00:11:22.400000,SELECT public.store_sales.ss_ext_discount_amt FROM public.store_sales  WHERE public.store_sales.ss_promo_sk < 37.63 AND public.store_sales.ss_sold_date_sk > 42.34 AND public.store_sales.ss_hdemo_sk > 12.72 ORDER BY public.store_sales.ss_ext_discount_amt LIMIT 100;
2025-07-01T00:11:22.600000,SELECT public.store_sales.ss_sold_date_sk FROM public.store_sales  WHERE public.store_sales.ss_addr_sk <= 99.71 ORDER BY public.store_sales.ss_sold_date_sk LIMIT 100;
2025-07-01T00:11:22.800000,SELECT public.store_sales.ss_ext_discount_amt FROM public.store_sales  WHERE public.store_sales.ss_promo_sk < 52.7 AND public.store_sales.ss_sold_date_sk > 22.22 AND public.store_sales.ss_hdemo_sk > 14.82 ORDER BY public.store_sales.ss_ext_discount_amt LIMIT 100;
2025-07-01T00:11:23.000000,SELECT public.store_sales.ss_item_sk FROM public.store_sales  WHERE public.store_sales.ss_customer_sk > 11.96 AND public.store_sales.ss_wholesale_cost BETWEEN 90.7 AND 100.6 ORDER BY public.store_sales.ss_item_sk LIMIT 100;
2025-07-01T00:11:23.200000,SELECT public.catalog_sales.cs_order_number FROM public.catalog_sales INNER JOIN public.store_sales ON public.catalog_sales.cs_promo_sk = public.store_sales.ss_promo_sk WHERE public.catalog_sales.cs_warehouse_sk <= 19.76 ORDER BY public.catalog_sales.cs_order_number LIMIT 100;
2025-07-01T00:11:23.400000,SELECT public.catalog_sales.cs_order_number FROM public.catalog_sales INNER JOIN public.store_sales ON public.catalog_sales.cs_promo_sk = public.store_sales.ss_promo_sk WHERE public.catalog_sales.cs_warehouse_sk <= 44.24 ORDER BY public.catalog_sales.cs_order_number LIMIT 100;
2025-07-01T00:11:23.600000,SELECT public.store_sales.ss_sold_date_sk FROM public.store_sales  WHERE public.store_sales.ss_addr_sk <= 78.25 ORDER BY public.store_sales.ss_sold_date_sk LIMIT 100;
2025-07-01T00:11:23.800000,SELECT public.store_sales.ss_list_price FROM public.store_sales  WHERE public.store_sales.ss_ext_list_price > 30.61 ORDER BY public.store_sales.ss_list_price LIMIT 100;
2025-07-01T00:11:24.000000,SELECT public.store_sales.ss_sold_date_sk FROM public.store_sales  WHERE public.store_sales.ss_addr_sk <= 39.12 ORDER BY public.store_sales.ss_sold_date_sk LIMIT 100;
2025-07-01T00:11:24.200000,SELECT public.catalog_sales.cs_order_number FROM public.catalog_sales INNER JOIN public.store_sales ON public.catalog_sales.cs_promo_sk = public.store_sales.ss_promo_sk WHERE public.catalog_sales.cs_warehouse_sk <= 9.68 ORDER BY public.catalog_sales.cs_order_number LIMIT 100;
2025-07-01T00:11:24.400000,SELECT public.store_sales.ss_ext_discount_amt FROM public.store_sales  WHERE public.store_sales.ss_promo_sk < 6.03 AND public.store_sales.ss_sold_date_sk > 98.16 AND public.store_sales.ss_hdemo_sk > 47.43 ORDER BY public.store_sales.ss_ext_discount_amt LIMIT 100;
2025-07-01T00:11:24.600000,SELECT public.store_sales.ss_item_sk FROM public.store_sales  WHERE public.store_sales.ss_customer_sk > 98.32 AND public.store_sales.ss_wholesale_cost BETWEEN 36.82 AND 46.72 ORDER BY public.store_sales.ss_item_sk LIMIT 100;
2025-07-01T00:11:24.800000,SELECT public.store_sales.ss_ext_discount_amt FROM public.store_sales  WHERE public.store_sales.ss_promo_sk < 21.98 AND public.store_sales.ss_sold_date_sk > 92.45 AND public.store_sales.ss_hdemo_sk > 44.36 ORDER BY public.store_sales.ss_ext_discount_amt LIMIT 100;
2025-07-01T00:11:25.000000,SELECT public.catalog_sales.cs_order_number FROM public.catalog_sales INNER JOIN public.store_sales ON public.catalog_sales.cs_promo_sk = public.store_sales.ss_promo_sk WHERE public.catalog_sales.cs_warehouse_sk <= 60.01 ORDER BY public.catalog_sales.cs_order_number LIMIT 100;
2025-07-01T00:11:25.200000,SELECT public.store_sales.ss_item_sk FROM public.store_sales  WHERE public.store_sales.ss_customer_sk > 79.35 AND public.store_sales.ss_wholesale_cost BETWEEN 41.68 AND 51.58 ORDER BY public.store_sales.ss_item_sk LIMIT 100;
2025-07-01T00:11:25.400000,SELECT public.catalog_sales.cs_order_number FROM public.catalog_sales INNER JOIN public.store_sales ON public.catalog_sales.cs_promo_sk = public.store_sales.ss_promo_sk WHERE public.catalog_sales.cs_warehouse_sk <= 79.88 ORDER BY public.catalog_sales.cs_order_number LIMIT 100;
2025-07-01T00:11:25.600000,SELECT public.store_sales.ss_item_sk FROM public.store_sales  WHERE public.store_sales.ss_customer_sk > 55.18 AND public.store_sales.ss_wholesale_cost BETWEEN 51.57 AND 61.47 ORDER BY public.store_sales.ss_item_sk LIMIT 100;
2025-07-01T00:11:25.800000,SELECT public.store_sales.ss_sold_date_sk FROM public.store_sales  WHERE public.store_sales.ss_addr_sk <= 85.09 ORDER BY public.store_sales.ss_sold_date_sk LIMIT 100;
2025-07-01T00:11:26.000000,SELECT public.store_sales.ss_sold_date_sk FROM public.store_sales  WHERE public.store_sales.ss_addr_sk <= 85.18 ORDER BY public.store_sales.ss_sold_date_sk LIMIT 100;
2025-07-01T00:11:26.200000,SELECT public.store_sales.ss_list_price FROM public.store_sales  WHERE public.store_sales.ss_ext_list_price > 80.89 ORDER BY public.store_sales.ss_list_price LIMIT 100;
2025-07-01T00:11:26.400000,SELECT public.store_sales.ss_sold_date_sk FROM public.store_sales  WHERE public.store_sales.ss_addr_sk <= 12.85 ORDER BY public.store_sales.ss_sold_date_sk LIMIT 100;
2025-07-01T00:11:26.600000,SELECT public.store_sales.ss_item_sk FROM public.store_sales  WHERE public.store_sales.ss_customer_sk > 35.61 AND public.store_sales.ss_wholesale_cost BETWEEN 53.33 AND 63.23 ORDER BY public.store_sales.ss_item_sk LIMIT 100;
2025-07-01T00:11:26.800000,SELECT public.catalog_sales.cs_order_number FROM public.catalog_sales INNER JOIN public.store_sales ON public.catalog_sales.cs_promo_sk = public.store_sales.ss_promo_sk WHERE public.catalog_sales.cs_warehouse_sk <= 3.14 ORDER BY public.catalog_sales.cs_order_number LIMIT 100;
2025-07-01T00:11:27.000000,SELECT public.store_sales.ss_sold_date_sk FROM public.store_sales  WHERE public.store_sales.ss_addr_sk <= 77.66 ORDER BY public.store_sales.ss_sold_date_sk LIMIT 100;
2025-07-01T00:11:27.200000,SELECT public.store_sales.ss_list_price FROM public.store_sales  WHERE public.store_sales.ss_ext_list_price > 83.98 ORDER BY public.store_sales.ss_list_price LIMIT 100;
2025-07-01T00:11:27.400000,SELECT public.store_sales.ss_item_sk FROM public.store_sales  WHERE public.store_sales.ss_customer_sk > 41.49 AND public.store_sales.ss_wholesale_cost BETWEEN 4.63 AND 14.53 ORDER BY public.store_sales.ss_item_sk LIMIT 100;
2025-07-01T00:11:27.600000,SELECT public.store_sales.ss_list_price FROM public.store_sales  WHERE public.store_sales.ss_ext_list_price > 9.88 ORDER BY public.store_sales.ss_list_price LIMIT 100;
2025-07-01T00:11:27.800000,SELECT public.store_sales.ss_sold_date_sk FROM public.store_sales  WHERE public.store_sales.ss_addr_sk <= 21.04 ORDER BY public.store_sales.ss_sold_date_sk LIMIT 100;
2025-07-01T00:11:28.000000,SELECT public.catalog_sales.cs_order_number FROM public.catalog_sales INNER JOIN public.store_sales ON public.catalog_sales.cs_promo_sk = public.store_sales.ss_promo_sk WHERE public.catalog_sales.cs_warehouse_sk <= 67.17 ORDER BY public.catalog_sales.cs_order_number LIMIT 100;
2025-07-01T00:11:28.200000,SELECT public.store_sales.ss_list_price FROM public.store_sales  WHERE public.store_sales.ss_ext_list_price > 75.06 ORDER BY public.store_sales.ss_list_price LIMIT 100;
2025-07-01T00:11:28.400000,SELECT public.catalog_sales.cs_order_number FROM public.catalog_sales INNER JOIN public.store_sales ON public.catalog_sales.cs_promo_sk = public.store_sales.ss_promo_sk WHERE public.catalog_sales.cs_warehouse_sk <= 14.84 ORDER BY public.catalog_sales.cs_order_number LIMIT 100;
2025-07-01T00:11:28.600000,SELECT public.store_sales.ss_list_price FROM public.store_sales  WHERE public.store_sales.ss_ext_list_price > 40.92 ORDER BY public.store_sales.ss_list_price LIMIT 100;
2025-07-01T00:11:28.800000,SELECT public.catalog_sales.cs_order_number FROM public.catalog_sales INNER JOIN public.store_sales ON public.catalog_sales.cs_promo_sk = public.store_sales.ss_promo_sk WHERE public.catalog_sales.cs_warehouse_sk <= 85.8 ORDER BY public.catalog_sales.cs_order_number LIMIT 100;
2025-07-01T00:11:29.000000,SELECT public.store_sales.ss_list_price FROM public.store_sales  WHERE public.store_sales.ss_ext_list_price > 72.09 ORDER BY public.store_sales.ss_list_price LIMIT 100;
2025-07-01T00:11:29.200000,SELECT public.catalog_sales.cs_order_number FROM public.catalog_sales INNER JOIN public.store_sales ON public.catalog_sales.cs_promo_sk = public.store_sales.ss_promo_sk WHERE public.catalog_sales.cs_warehouse_sk <= 13.06 ORDER BY public.catalog_sales.cs_order_number LIMIT 100;
2025-07-01T00:11:29.400000,SELECT public.store_sales.ss_ext_discount_amt FROM public.store_sales  WHERE public.store_sales.ss_promo_sk < 33.6 AND public.store_sales.ss_sold_date_sk > 45.65 AND public.store_sales.ss_hdemo_sk > 57.23 ORDER BY public.store_sales.ss_ext_discount_amt LIMIT 100;
2025-07-01T00:11:29.600000,SELECT public.store_sales.ss_item_sk FROM public.store_sales  WHERE public.store_sales.ss_customer_sk > 25.31 AND public.store_sales.ss_wholesale_cost BETWEEN 0.26 AND 10.16 ORDER BY public.store_sales.ss_item_sk LIMIT 100;
2025-07-01T00:11:29.800000,SELECT public.store_sales.ss_ext_discount_amt FROM public.store_sales  WHERE public.store_sales.ss_promo_sk < 75.6 AND public.store_sales.ss_sold_date_sk > 88.22 AND public.store_sales.ss_hdemo_sk > 28.53 ORDER BY public.store_sales.ss_ext_discount_amt LIMIT 100;
2025-07-01T00:11:30.000000,SELECT public.catalog_sales.cs_order_number FROM public.catalog_sales INNER JOIN public.store_sales ON public.catalog_sales.cs_promo_sk = public.store_sales.ss_promo_sk WHERE public.catalog_sales.cs_warehouse_sk <= 77.1 ORDER BY public.catalog_sales.cs_order_number LIMIT 100;
2025-07-01T00:11:30.200000,SELECT public.store_sales.ss_item_sk FROM public.store_sales  WHERE public.store_sales.ss_customer_sk > 58.59 AND public.store_sales.ss_wholesale_cost BETWEEN -1.8 AND 8.1 ORDER BY public.store_sales.ss_item_sk LIMIT 100;
2025-07-01T00:11:30.400000,SELECT public.store_sales.ss_list_price FROM public.store_sales  WHERE public.store_sales.ss_ext_list_price > 15.86 ORDER BY public.store_sales.ss_list_price LIMIT 100;
2025-07-01T00:11:30.600000,SELECT public.store_sales.ss_item_sk FROM public.store_sales  WHERE public.store_sales.ss_customer_sk > 23.17 AND public.store_sales.ss_wholesale_cost BETWEEN 24.45 AND 34.35 ORDER BY public.store_sales.ss_item_sk LIMIT 100;
2025-07-01T00:11:30.800000,SELECT public.store_sales.ss_list_price FROM public.store_sales  WHERE public.store_sales.ss_ext_list_price > 4.38 ORDER BY public.store_sales.ss_list_price LIMIT 100;
2025-07-01T00:11:31.000000,SELECT public.store_sales.ss_item_sk FROM public.store_sales  WHERE public.store_sales.ss_customer_sk > 55.48 AND public.store_sales.ss_wholesale_cost BETWEEN 3.79 AND 13.69 ORDER BY public.store_sales.ss_item_sk LIMIT 100;
2025-07-01T00:11:31.200000,SELECT public.store_sales.ss_item_sk FROM public.store_sales  WHERE public.store_sales.ss_customer_sk > 67.81 AND public.store_sales.ss_wholesale_cost BETWEEN 22.13 AND 32.03 ORDER BY public.store_sales.ss_item_sk LIMIT 100;
2025-07-01T00:11:31.400000,SELECT public.store_sales.ss_ext_discount_amt FROM public.store_sales  WHERE public.store_sales.ss_promo_sk < 14.3 AND public.store_sales.ss_sold_date_sk > 37.17 AND public.store_sales.ss_hdemo_sk > 7.65 ORDER BY public.store_sales.ss_ext_discount_amt LIMIT 100;
2025-07-01T00:11:31.600000,SELECT public.catalog_sales.cs_order_number FROM public.catalog_sales INNER JOIN public.store_sales ON public.catalog_sales.cs_promo_sk = public.store_sales.ss_promo_sk WHERE public.catalog_sales.cs_warehouse_sk <= 56.96 ORDER BY public.catalog_sales.cs_order_number LIMIT 100;
2025-07-01T00:11:31.800000,SELECT public.store_sales.ss_item_sk FROM public.store_sales  WHERE public.store_sales.ss_customer_sk > 28.68 AND public.store_sales.ss_wholesale_cost BETWEEN -0.78 AND 9.12 ORDER BY public.store_sales.ss_item_sk LIMIT 100;
2025-07-01T00:11:32.000000,SELECT public.store_sales.ss_sold_date_sk FROM public.store_sales  WHERE public.store_sales.ss_addr_sk <= 80.13 ORDER BY public.store_sales.ss_sold_date_sk LIMIT 100;
2025-07-01T00:11:32.200000,SELECT public.store_sales.ss_ext_discount_amt FROM public.store_sales  WHERE public.store_sales.ss_promo_sk < 44.23 AND public.store_sales.ss_sold_date_sk > 99.49 AND public.store_sales.ss_hdemo_sk > 49.14 ORDER BY public.store_sales.ss_ext_discount_amt LIMIT 100;
2025-07-01T00:11:32.400000,SELECT public.store_sales.ss_ext_discount_amt FROM public.store_sales  WHERE public.store_sales.ss_promo_sk < 50.15 AND public.store_sales.ss_sold_date_sk > 47.11 AND public.store_sales.ss_hdemo_sk > 1.54 ORDER BY public.store_sales.ss_ext_discount_amt LIMIT 100;
2025-07-01T00:11:32.600000,SELECT public.store_sales.ss_item_sk FROM public.store_sales  WHERE public.store_sales.ss_customer_sk > 31.02 AND public.store_sales.ss_wholesale_cost BETWEEN 39.59 AND 49.49 ORDER BY public.store_sales.ss_item_sk LIMIT 100;
2025-07-01T00:11:32.800000,SELECT public.catalog_sales.cs_order_number FROM public.catalog_sales INNER JOIN public.store_sales ON public.catalog_sales.cs_promo_sk = public.store_sales.ss_promo_sk WHERE public.catalog_sales.cs_warehouse_sk <= 31.09 ORDER BY public.catalog_sales.cs_order_number LIMIT 100;
2025-07-01T00:11:33.000000,SELECT public.store_sales.ss_ext_discount_amt FROM public.store_sales  WHERE public.store_sales.ss_promo_sk < 89.78 AND public.store_sales.ss_sold_date_sk > 48.08 AND public.store_sales.ss_hdemo_sk > 6.97 ORDER BY public.store_sales.ss_ext_discount_amt LIMIT 100;
2025-07-01T00:11:33.200000,SELECT public.store_sales.ss_item_sk FROM public.store_sales  WHERE public.store_sales.ss_customer_sk > 99.88 AND public.store_sales.ss_wholesale_cost BETWEEN 56.79 AND 66.69 ORDER BY public.store_sales.ss_item_sk LIMIT 100;
2025-07-01T00:11:33.400000,SELECT public.store_sales.ss_list_price FROM public.store_sales  WHERE public.store_sales.ss_ext_list_price > 95.04 ORDER BY public.store_sales.ss_list_price LIMIT 100;
2025-07-01T00:11:33.600000,SELECT public.store_sales.ss_ext_discount_amt FROM public.store_sales  WHERE public.store_sales.ss_promo_sk < 41.39 AND public.store_sales.ss_sold_date_sk > 10.31 AND public.store_sales.ss_hdemo_sk > 89.08 ORDER BY public.store_sales.ss_ext_discount_amt LIMIT 100;
2025-07-01T00:11:33.800000,SELECT public.store_sales.ss_ext_discount_amt FROM public.store_sales  WHERE public.store_sales.ss_promo_sk < 92.47 AND public.store_sales.ss_sold_date_sk > 58.32 AND public.store_sales.ss_hdemo_sk > 1.46 ORDER BY public.store_sales.ss_ext_discount_amt LIMIT 100;
2025-07-01T00:11:34.000000,SELECT public.store_sales.ss_ext_discount_amt FROM public.store_sales  WHERE public.store_sales.ss_promo_sk < 57.08 AND public.store_sales.ss_sold_date_sk > 55.54 AND public.store_sales.ss_hdemo_sk > 83.03 ORDER BY public.store_sales.ss_ext_discount_amt LIMIT 100;
2025-07-01T00:11:34.200000,SELECT public.store_sales.ss_sold_date_sk FROM public.store_sales  WHERE public.store_sales.ss_addr_sk <= 91.72 ORDER BY public.store_sales.ss_sold_date_sk LIMIT 100;
2025-07-01T00:11:34.400000,SELECT public.store_sales.ss_item_sk FROM public.store_sales  WHERE public.store_sales.ss_customer_sk > 48.24 AND public.store_sales.ss_wholesale_cost BETWEEN 44.99 AND 54.89 ORDER BY public.store_sales.ss_item_sk LIMIT 100;
2025-07-01T00:11:34.600000,SELECT public.store_sales.ss_sold_date_sk FROM public.store_sales  WHERE public.store_sales.ss_addr_sk <= 95.17 ORDER BY public.store_sales.ss_sold_date_sk LIMIT 100;
2025-07-01T00:11:34.800000,SELECT public.store_sales.ss_item_sk FROM public.store_sales  WHERE public.store_sales.ss_customer_sk > 16.29 AND public.store_sales.ss_wholesale_cost BETWEEN 15.62 AND 25.52 ORDER BY public.store_sales.ss_item_sk LIMIT 100;
2025-07-01T00:11:35.000000,SELECT public.store_sales.ss_sold_date_sk FROM public.store_sales  WHERE public.store_sales.ss_addr_sk <= 82.89 ORDER BY public.store_sales.ss_sold_date_sk LIMIT 100;
2025-07-01T00:11:35.200000,SELECT public.store_sales.ss_item_sk FROM public.store_sales  WHERE public.store_sales.ss_customer_sk > 13.98 AND public.store_sales.ss_wholesale_cost BETWEEN 15.71 AND 25.61 ORDER BY public.store_sales.ss_item_sk LIMIT 100;
2025-07-01T00:11:35.400000,SELECT public.store_sales.ss_list_price FROM public.store_sales  WHERE public.store_sales.ss_ext_list_price > 72.62 ORDER BY public.store_sales.ss_list_price LIMIT 100;
2025-07-01T00:11:35.600000,SELECT public.store_sales.ss_item_sk FROM public.store_sales  WHERE public.store_sales.ss_customer_sk > 53.34 AND public.store_sales.ss_wholesale_cost BETWEEN 55.65 AND 65.55 ORDER BY public.store_sales.ss_item_sk LIMIT 100;
2025-07-01T00:11:35.800000,SELECT public.store_sales.ss_list_price FROM public.store_sales  WHERE public.store_sales.ss_ext_list_price > 52.4 ORDER BY public.store_sales.ss_list_price LIMIT 100;
2025-07-01T00:11:36.000000,SELECT public.store_sales.ss_item_sk FROM public.store_sales  WHERE public.store_sales.ss_customer_sk > 73.11 AND public.store_sales.ss_wholesale_cost BETWEEN 39.73 AND 49.63 ORDER BY public.store_sales.ss_item_sk LIMIT 100;
2025-07-01T00:11:36.200000,SELECT public.store_sales.ss_ext_discount_amt FROM public.store_sales  WHERE public.store_sales.ss_promo_sk < 48.51 AND public.store_sales.ss_sold_date_sk > 68.64 AND public.store_sales.ss_hdemo_sk > 23.6 ORDER BY public.store_sales.ss_ext_discount_amt LIMIT 100;
2025-07-01T00:11:36.400000,SELECT public.store_sales.ss_item_sk FROM public.store_sales  WHERE public.store_sales.ss_customer_sk > 52.05 AND public.store_sales.ss_wholesale_cost BETWEEN 43.73 AND 53.63 ORDER BY public.store_sales.ss_item_sk LIMIT 100;
2025-07-01T00:11:36.600000,SELECT public.store_sales.ss_sold_date_sk FROM public.store_sales  WHERE public.store_sales.ss_addr_sk <= 10.41 ORDER BY public.store_sales.ss_sold_date_sk LIMIT 100;
2025-07-01T00:11:36.800000,SELECT public.store_sales.ss_item_sk FROM public.store_sales  WHERE public.store_sales.ss_customer_sk > 75.22 AND public.store_sales.ss_wholesale_cost BETWEEN 21.55 AND 31.45 ORDER BY public.store_sales.ss_item_sk LIMIT 100;
2025-07-01T00:11:37.000000,SELECT public.store_sales.ss_sold_date_sk FROM public.store_sales  WHERE public.store_sales.ss_addr_sk <= 1.54 ORDER BY public.store_sales.ss_sold_date_sk LIMIT 100;
2025-07-01T00:11:37.200000,SELECT public.catalog_sales.cs_order_number FROM public.catalog_sales INNER JOIN public.store_sales ON public.catalog_sales.cs_promo_sk = public.store_sales.ss_promo_sk WHERE public.catalog_sales.cs_warehouse_sk <= 15.24 ORDER BY public.catalog_sales.cs_order_number LIMIT 100;
2025-07-01T00:11:37.400000,SELECT public.store_sales.ss_sold_date_sk FROM public.store_sales  WHERE public.store_sales.ss_addr_sk <= 39.4 ORDER BY public.store_sales.ss_sold_date_sk LIMIT 100;
2025-07-01T00:11:37.600000,SELECT public.store_sales.ss_list_price FROM public.store_sales  WHERE public.store_sales.ss_ext_list_price > 58.46 ORDER BY public.store_sales.ss_list_price LIMIT 100;
2025-07-01T00:11:37.800000,SELECT public.store_sales.ss_item_sk FROM public.store_sales  WHERE public.store_sales.ss_customer_sk > 77.16 AND public.store_sales.ss_wholesale_cost BETWEEN 68.66 AND 78.56 ORDER BY public.store_sales.ss_item_sk LIMIT 100;
2025-07-01T00:11:38.000000,SELECT public.catalog_sales.cs_order_number FROM public.catalog_sales INNER JOIN public.store_sales ON public.catalog_sales.cs_promo_sk = public.store_sales.ss_promo_sk WHERE public.catalog_sales.cs_warehouse_sk <= 12.34 ORDER BY public.catalog_sales.cs_order_number LIMIT 100;
2025-07-01T00:11:38.200000,SELECT public.catalog_sales.cs_order_number FROM public.catalog_sales INNER JOIN public.store_sales ON public.catalog_sales.cs_promo_sk = public.store_sales.ss_promo_sk WHERE public.catalog_sales.cs_warehouse_sk <= 37.72 ORDER BY public.catalog_sales.cs_order_number LIMIT 100;
2025-07-01T00:11:38.400000,SELECT public.store_sales.ss_ext_discount_amt FROM public.store_sales  WHERE public.store_sales.ss_promo_sk < 85.43 AND public.store_sales.ss_sold_date_sk > 35.46 AND public.store_sales.ss_hdemo_sk > 85.48 ORDER BY public.store_sales.ss_ext_discount_amt LIMIT 100;
2025-07-01T00:11:38.600000,SELECT public.store_sales.ss_list_price FROM public.store_sales  WHERE public.store_sales.ss_ext_list_price > 48.76 ORDER BY public.store_sales.ss_list_price LIMIT 100;
2025-07-01T00:11:38.800000,SELECT public.catalog_sales.cs_order_number FROM public.catalog_sales INNER JOIN public.store_sales ON public.catalog_sales.cs_promo_sk = public.store_sales.ss_promo_sk WHERE public.catalog_sales.cs_warehouse_sk <= 80.67 ORDER BY public.catalog_sales.cs_order_number LIMIT 100;
2025-07-01T00:11:39.000000,SELECT public.store_sales.ss_list_price FROM public.store_sales  WHERE public.store_sales.ss_ext_list_price > 92.31 ORDER BY public.store_sales.ss_list_price LIMIT 100;
2025-07-01T00:11:39.200000,SELECT public.catalog_sales.cs_order_number FROM public.catalog_sales INNER JOIN public.store_sales ON public.catalog_sales.cs_promo_sk = public.store_sales.ss_promo_sk WHERE public.catalog_sales.cs_warehouse_sk <= 82.94 ORDER BY public.catalog_sales.cs_order_number LIMIT 100;
2025-07-01T00:11:39.400000,SELECT public.store_sales.ss_item_sk FROM public.store_sales  WHERE public.store_sales.ss_customer_sk > 25.39 AND public.store_sales.ss_wholesale_cost BETWEEN 79.41 AND 89.31 ORDER BY public.store_sales.ss_item_sk LIMIT 100;
2025-07-01T00:11:39.600000,SELECT public.store_sales.ss_sold_date_sk FROM public.store_sales  WHERE public.store_sales.ss_addr_sk <= 18.57 ORDER BY public.store_sales.ss_sold_date_sk LIMIT 100;
2025-07-01T00:11:39.800000,SELECT public.store_sales.ss_ext_discount_amt FROM public.store_sales  WHERE public.store_sales.ss_promo_sk < 13.77 AND public.store_sales.ss_sold_date_sk > 16.08 AND public.store_sales.ss_hdemo_sk > 63.6 ORDER BY public.store_sales.ss_ext_discount_amt LIMIT 100;
2025-07-01T00:11:40.000000,SELECT public.catalog_sales.cs_order_number FROM public.catalog_sales INNER JOIN public.store_sales ON public.catalog_sales.cs_promo_sk = public.store_sales.ss_promo_sk WHERE public.catalog_sales.cs_warehouse_sk <= 23.74 ORDER BY public.catalog_sales.cs_order_number LIMIT 100;
2025-07-01T00:11:40.200000,SELECT public.store_sales.ss_sold_date_sk FROM public.store_sales  WHERE public.store_sales.ss_addr_sk <= 32.39 ORDER BY public.store_sales.ss_sold_date_sk LIMIT 100;
2025-07-01T00:11:40.400000,SELECT public.store_sales.ss_sold_date_sk FROM public.store_sales  WHERE public.store_sales.ss_addr_sk <= 93.66 ORDER BY public.store_sales.ss_sold_date_sk LIMIT 100;
2025-07-01T00:11:40.600000,SELECT public.catalog_sales.cs_order_number FROM public.catalog_sales INNER JOIN public.store_sales ON public.catalog_sales.cs_promo_sk = public.store_sales.ss_promo_sk WHERE public.catalog_sales.cs_warehouse_sk <= 52.55 ORDER BY public.catalog_sales.cs_order_number LIMIT 100;
2025-07-01T00:11:40.800000,SELECT public.store_sales.ss_item_sk FROM public.store_sales  WHERE public.store_sales.ss_customer_sk > 97.83 AND public.store_sales.ss_wholesale_cost BETWEEN 43.06 AND 52.96 ORDER BY public.store_sales.ss_item_sk LIMIT 100;
2025-07-01T00:11:41.000000,SELECT public.store_sales.ss_ext_discount_amt FROM public.store_sales  WHERE public.store_sales.ss_promo_sk < 60.37 AND public.store_sales.ss_sold_date_sk > 47.81 AND public.store_sales.ss_hdemo_sk > 95.06 ORDER BY public.store_sales.ss_ext_discount_amt LIMIT 100;
2025-07-01T00:11:41.200000,SELECT public.store_sales.ss_item_sk FROM public.store_sales  WHERE public.store_sales.ss_customer_sk > 55.84 AND public.store_sales.ss_wholesale_cost BETWEEN -1.86 AND 8.04 ORDER BY public.store_sales.ss_item_sk LIMIT 100;
2025-07-01T00:11:41.400000,SELECT public.catalog_sales.cs_order_number FROM public.catalog_sales INNER JOIN public.store_sales ON public.catalog_sales.cs_promo_sk = public.store_sales.ss_promo_sk WHERE public.catalog_sales.cs_warehouse_sk <= 32.4 ORDER BY public.catalog_sales.cs_order_number LIMIT 100;
2025-07-01T00:11:41.600000,SELECT public.store_sales.ss_ext_discount_amt FROM public.store_sales  WHERE public.store_sales.ss_promo_sk < 25.59 AND public.store_sales.ss_sold_date_sk > 25.23 AND public.store_sales.ss_hdemo_sk > 16.96 ORDER BY public.store_sales.ss_ext_discount_amt LIMIT 100;
2025-07-01T00:11:41.800000,SELECT public.store_sales.ss_item_sk FROM public.store_sales  WHERE public.store_sales.ss_customer_sk > 3.69 AND public.store_sales.ss_wholesale_cost BETWEEN 90.94 AND 100.84 ORDER BY public.store_sales.ss_item_sk LIMIT 100;
2025-07-01T00:11:42.000000,SELECT public.store_sales.ss_ext_discount_amt FROM public.store_sales  WHERE public.store_sales.ss_promo_sk < 47.0 AND public.store_sales.ss_sold_date_sk > 37.42 AND public.store_sales.ss_hdemo_sk > 22.7 ORDER BY public.store_sales.ss_ext_discount_amt LIMIT 100;
2025-07-01T00:11:42.200000,SELECT public.store_sales.ss_ext_discount_amt FROM public.store_sales  WHERE public.store_sales.ss_promo_sk < 94.62 AND public.store_sales.ss_sold_date_sk > 38.45 AND public.store_sales.ss_hdemo_sk > 77.31 ORDER BY public.store_sales.ss_ext_discount_amt LIMIT 100;
2025-07-01T00:11:42.400000,SELECT public.store_sales.ss_sold_date_sk FROM public.store_sales  WHERE public.store_sales.ss_addr_sk <= 63.66 ORDER BY public.store_sales.ss_sold_date_sk LIMIT 100;
2025-07-01T00:11:42.600000,SELECT public.store_sales.ss_sold_date_sk FROM public.store_sales  WHERE public.store_sales.ss_addr_sk <= 95.93 ORDER BY public.store_sales.ss_sold_date_sk LIMIT 100;
2025-07-01T00:11:42.800000,SELECT public.store_sales.ss_sold_date_sk FROM public.store_sales  WHERE public.store_sales.ss_addr_sk <= 6.75 ORDER BY public.store_sales.ss_sold_date_sk LIMIT 100;
2025-07-01T00:11:43.000000,SELECT public.store_sales.ss_item_sk FROM public.store_sales  WHERE public.store_sales.ss_customer_sk > 74.66 AND public.store_sales.ss_wholesale_cost BETWEEN 48.68 AND 58.58 ORDER BY public.store_sales.ss_item_sk LIMIT 100;
2025-07-01T00:11:43.200000,SELECT public.store_sales.ss_sold_date_sk FROM public.store_sales  WHERE public.store_sales.ss_addr_sk <= 16.21 ORDER BY public.store_sales.ss_sold_date_sk LIMIT 100;
2025-07-01T00:11:43.400000,SELECT public.store_sales.ss_sold_date_sk FROM public.store_sales  WHERE public.store_sales.ss_addr_sk <= 77.44 ORDER BY public.store_sales.ss_sold_date_sk LIMIT 100;
2025-07-01T00:11:43.600000,SELECT public.store_sales.ss_list_price FROM public.store_sales  WHERE public.store_sales.ss_ext_list_price > 26.93 ORDER BY public.store_sales.ss_list_price LIMIT 100;
2025-07-01T00:11:43.800000,SELECT public.store_sales.ss_ext_discount_amt FROM public.store_sales  WHERE public.store_sales.ss_promo_sk < 21.38 AND public.store_sales.ss_sold_date_sk > 97.6 AND public.store_sales.ss_hdemo_sk > 22.65 ORDER BY public.store_sales.ss_ext_discount_amt LIMIT 100;
2025-07-01T00:11:44.000000,SELECT public.catalog_sales.cs_order_number FROM public.catalog_sales INNER JOIN public.store_sales ON public.catalog_sales.cs_promo_sk = public.store_sales.ss_promo_sk WHERE public.catalog_sales.cs_warehouse_sk <= 66.5 ORDER BY public.catalog_sales.cs_order_number LIMIT 100;
2025-07-01T00:11:44.200000,SELECT public.store_sales.ss_ext_discount_amt FROM public.store_sales  WHERE public.store_sales.ss_promo_sk < 71.34 AND public.store_sales.ss_sold_date_sk > 3.63 AND public.store_sales.ss_hdemo_sk > 5.9 ORDER BY public.store_sales.ss_ext_discount_amt LIMIT 100;
2025-07-01T00:11:44.400000,SELECT public.store_sales.ss_item_sk FROM public.store_sales  WHERE public.store_sales.ss_customer_sk > 87.68 AND public.store_sales.ss_wholesale_cost BETWEEN 24.17 AND 34.07 ORDER BY public.store_sales.ss_item_sk LIMIT 100;
2025-07-01T00:11:44.600000,SELECT public.store_sales.ss_sold_date_sk FROM public.store_sales  WHERE public.store_sales.ss_addr_sk <= 62.42 ORDER BY public.store_sales.ss_sold_date_sk LIMIT 100;
2025-07-01T00:11:44.800000,SELECT public.catalog_sales.cs_order_number FROM public.catalog_sales INNER JOIN public.store_sales ON public.catalog_sales.cs_promo_sk = public.store_sales.ss_promo_sk WHERE public.catalog_sales.cs_warehouse_sk <= 75.11 ORDER BY public.catalog_sales.cs_order_number LIMIT 100;
2025-07-01T00:11:45.000000,SELECT public.store_sales.ss_list_price FROM public.store_sales  WHERE public.store_sales.ss_ext_list_price > 45.37 ORDER BY public.store_sales.ss_list_price LIMIT 100;
2025-07-01T00:11:45.200000,SELECT public.store_sales.ss_item_sk FROM public.store_sales  WHERE public.store_sales.ss_customer_sk > 73.68 AND public.store_sales.ss_wholesale_cost BETWEEN 17.36 AND 27.26 ORDER BY public.store_sales.ss_item_sk LIMIT 100;
2025-07-01T00:11:45.400000,SELECT public.catalog_sales.cs_order_number FROM public.catalog_sales INNER JOIN public.store_sales ON public.catalog_sales.cs_promo_sk = public.store_sales.ss_promo_sk WHERE public.catalog_sales.cs_warehouse_sk <= 36.1 ORDER BY public.catalog_sales.cs_order_number LIMIT 100;
2025-07-01T00:11:45.600000,SELECT public.store_sales.ss_list_price FROM public.store_sales  WHERE public.store_sales.ss_ext_list_price > 38.51 ORDER BY public.store_sales.ss_list_price LIMIT 100;
2025-07-01T00:11:45.800000,SELECT public.store_sales.ss_list_price FROM public.store_sales  WHERE public.store_sales.ss_ext_list_price > 37.14 ORDER BY public.store_sales.ss_list_price LIMIT 100;
2025-07-01T00:11:46.000000,SELECT public.store_sales.ss_list_price FROM public.store_sales  WHERE public.store_sales.ss_ext_list_price > 8.95 ORDER BY public.store_sales.ss_list_price LIMIT 100;
2025-07-01T00:11:46.200000,SELECT public.catalog_sales.cs_order_number FROM public.catalog_sales INNER JOIN public.store_sales ON public.catalog_sales.cs_promo_sk = public.store_sales.ss_promo_sk WHERE public.catalog_sales.cs_warehouse_sk <= 81.84 ORDER BY public.catalog_sales.cs_order_number LIMIT 100;
2025-07-01T00:11:46.400000,SELECT public.store_sales.ss_ext_discount_amt FROM public.store_sales  WHERE public.store_sales.ss_promo_sk < 2.96 AND public.store_sales.ss_sold_date_sk > 33.33 AND public.store_sales.ss_hdemo_sk > 20.58 ORDER BY public.store_sales.ss_ext_discount_amt LIMIT 100;
2025-07-01T00:11:46.600000,SELECT public.store_sales.ss_sold_date_sk FROM public.store_sales  WHERE public.store_sales.ss_addr_sk <= 73.73 ORDER BY public.store_sales.ss_sold_date_sk LIMIT 100;
2025-07-01T00:11:46.800000,SELECT public.catalog_sales.cs_order_number FROM public.catalog_sales INNER JOIN public.store_sales ON public.catalog_sales.cs_promo_sk = public.store_sales.ss_promo_sk WHERE public.catalog_sales.cs_warehouse_sk <= 44.28 ORDER BY public.catalog_sales.cs_order_number LIMIT 100;
2025-07-01T00:11:47.000000,SELECT public.store_sales.ss_item_sk FROM public.store_sales  WHERE public.store_sales.ss_customer_sk > 71.56 AND public.store_sales.ss_wholesale_cost BETWEEN 40.34 AND 50.24 ORDER BY public.store_sales.ss_item_sk LIMIT 100;
2025-07-01T00:11:47.200000,SELECT public.store_sales.ss_sold_date_sk FROM public.store_sales  WHERE public.store_sales.ss_addr_sk <= 6.4 ORDER BY public.store_sales.ss_sold_date_sk LIMIT 100;
2025-07-01T00:11:47.400000,SELECT public.store_sales.ss_list_price FROM public.store_sales  WHERE public.store_sales.ss_ext_list_price > 34.56 ORDER BY public.store_sales.ss_list_price LIMIT 100;
2025-07-01T00:11:47.600000,SELECT public.store_sales.ss_sold_date_sk FROM public.store_sales  WHERE public.store_sales.ss_addr_sk <= 6.5 ORDER BY public.store_sales.ss_sold_date_sk LIMIT 100;
2025-07-01T00:11:47.800000,SELECT public.store_sales.ss_ext_discount_amt FROM public.store_sales  WHERE public.store_sales.ss_promo_sk < 54.51 AND public.store_sales.ss_sold_date_sk > 19.1 AND public.store_sales.ss_hdemo_sk > 32.75 ORDER BY public.store_sales.ss_ext_discount_amt LIMIT 100;
2025-07-01T00:11:48.000000,SELECT public.store_sales.ss_sold_date_sk FROM public.store_sales  WHERE public.store_sales.ss_addr_sk <= 9.95 ORDER BY public.store_sales.ss_sold_date_sk LIMIT 100;
2025-07-01T00:11:48.200000,SELECT public.store_sales.ss_sold_date_sk FROM public.store_sales  WHERE public.store_sales.ss_addr_sk <= 1.72 ORDER BY public.store_sales.ss_sold_date_sk LIMIT 100;
2025-07-01T00:11:48.400000,SELECT public.store_sales.ss_sold_date_sk FROM public.store_sales  WHERE public.store_sales.ss_addr_sk <= 41.77 ORDER BY public.store_sales.ss_sold_date_sk LIMIT 100;
2025-07-01T00:11:48.600000,SELECT public.catalog_sales.cs_order_number FROM public.catalog_sales INNER JOIN public.store_sales ON public.catalog_sales.cs_promo_sk = public.store_sales.ss_promo_sk WHERE public.catalog_sales.cs_warehouse_sk <= 15.31 ORDER BY public.catalog_sales.cs_order_number LIMIT 100;
2025-07-01T00:11:48.800000,SELECT public.store_sales.ss_list_price FROM public.store_sales  WHERE public.store_sales.ss_ext_list_price > 84.4 ORDER BY public.store_sales.ss_list_price LIMIT 100;
2025-07-01T00:11:49.000000,SELECT public.store_sales.ss_item_sk FROM public.store_sales  WHERE public.store_sales.ss_customer_sk > 36.72 AND public.store_sales.ss_wholesale_cost BETWEEN 13.51 AND 23.41 ORDER BY public.store_sales.ss_item_sk LIMIT 100;
2025-07-01T00:11:49.200000,SELECT public.store_sales.ss_sold_date_sk FROM public.store_sales  WHERE public.store_sales.ss_addr_sk <= 37.27 ORDER BY public.store_sales.ss_sold_date_sk LIMIT 100;
2025-07-01T00:11:49.400000,SELECT public.store_sales.ss_ext_discount_amt FROM public.store_sales  WHERE public.store_sales.ss_promo_sk < 92.75 AND public.store_sales.ss_sold_date_sk > 93.35 AND public.store_sales.ss_hdemo_sk > 39.76 ORDER BY public.store_sales.ss_ext_discount_amt LIMIT 100;
2025-07-01T00:11:49.600000,SELECT public.store_sales.ss_sold_date_sk FROM public.store_sales  WHERE public.store_sales.ss_addr_sk <= 50.38 ORDER BY public.store_sales.ss_sold_date_sk LIMIT 100;
2025-07-01T00:11:49.800000,SELECT public.store_sales.ss_item_sk FROM public.store_sales  WHERE public.store_sales.ss_customer_sk > 66.34 AND public.store_sales.ss_wholesale_cost BETWEEN 67.81 AND 77.71 ORDER BY public.store_sales.ss_item_sk LIMIT 100;
2025-07-01T00:11:50.000000,SELECT public.store_sales.ss_list_price FROM public.store_sales  WHERE public.store_sales.ss_ext_list_price > 50.77 ORDER BY public.store_sales.ss_list_price LIMIT 100;
2025-07-01T00:11:50.200000,SELECT public.catalog_sales.cs_order_number FROM public.catalog_sales INNER JOIN public.store_sales ON public.catalog_sales.cs_promo_sk = public.store_sales.ss_promo_sk WHERE public.catalog_sales.cs_warehouse_sk <= 6.28 ORDER BY public.catalog_sales.cs_order_number LIMIT 100;
2025-07-01T00:11:50.400000,SELECT public.store_sales.ss_sold_date_sk FROM public.store_sales  WHERE public.store_sales.ss_addr_sk <= 70.6 ORDER BY public.store_sales.ss_sold_date_sk LIMIT 100;
2025-07-01T00:11:50.600000,SELECT public.store_sales.ss_item_sk FROM public.store_sales  WHERE public.store_sales.ss_customer_sk > 23.24 AND public.store_sales.ss_wholesale_cost BETWEEN 79.87 AND 89.77 ORDER BY public.store_sales.ss_item_sk LIMIT 100;
2025-07-01T00:11:50.800000,SELECT public.store_sales.ss_ext_discount_amt FROM public.store_sales  WHERE public.store_sales.ss_promo_sk < 46.19 AND public.store_sales.ss_sold_date_sk > 24.78 AND public.store_sales.ss_hdemo_sk > 64.84 ORDER BY public.store_sales.ss_ext_discount_amt LIMIT 100;
2025-07-01T00:11:51.000000,SELECT public.store_sales.ss_ext_discount_amt FROM public.store_sales  WHERE public.store_sales.ss_promo_sk < 11.95 AND public.store_sales.ss_sold_date_sk > 62.39 AND public.store_sales.ss_hdemo_sk > 24.92 ORDER BY public.store_sales.ss_ext_discount_amt LIMIT 100;
2025-07-01T00:11:51.200000,SELECT public.catalog_sales.cs_order_number FROM public.catalog_sales INNER JOIN public.store_sales ON public.catalog_sales.cs_promo_sk = public.store_sales.ss_promo_sk WHERE public.catalog_sales.cs_warehouse_sk <= 50.57 ORDER BY public.catalog_sales.cs_order_number LIMIT 100;
2025-07-01T00:11:51.400000,SELECT public.store_sales.ss_ext_discount_amt FROM public.store_sales  WHERE public.store_sales.ss_promo_sk < 81.5 AND public.store_sales.ss_sold_date_sk > 32.52 AND public.store_sales.ss_hdemo_sk > 80.12 ORDER BY public.store_sales.ss_ext_discount_amt LIMIT 100;
2025-07-01T00:11:51.600000,SELECT public.catalog_sales.cs_order_number FROM public.catalog_sales INNER JOIN public.store_sales ON public.catalog_sales.cs_promo_sk = public.store_sales.ss_promo_sk WHERE public.catalog_sales.cs_warehouse_sk <= 11.81 ORDER BY public.catalog_sales.cs_order_number LIMIT 100;
2025-07-01T00:11:51.800000,SELECT public.catalog_sales.cs_order_number FROM public.catalog_sales INNER JOIN public.store_sales ON public.catalog_sales.cs_promo_sk = public.store_sales.ss_promo_sk WHERE public.catalog_sales.cs_warehouse_sk <= 85.49 ORDER BY public.catalog_sales.cs_order_number LIMIT 100;
2025-07-01T00:11:52.000000,SELECT public.store_sales.ss_item_sk FROM public.store_sales  WHERE public.store_sales.ss_customer_sk > 37.72 AND public.store_sales.ss_wholesale_cost BETWEEN 38.13 AND 48.03 ORDER BY public.store_sales.ss_item_sk LIMIT 100;
2025-07-01T00:11:52.200000,SELECT public.store_sales.ss_item_sk FROM public.store_sales  WHERE public.store_sales.ss_customer_sk > 78.3 AND public.store_sales.ss_wholesale_cost BETWEEN 88.96 AND 98.86 ORDER BY public.store_sales.ss_item_sk LIMIT 100;
2025-07-01T00:11:52.400000,SELECT public.catalog_sales.cs_order_number FROM public.catalog_sales INNER JOIN public.store_sales ON public.catalog_sales.cs_promo_sk = public.store_sales.ss_promo_sk WHERE public.catalog_sales.cs_warehouse_sk <= 90.36 ORDER BY public.catalog_sales.cs_order_number LIMIT 100;
2025-07-01T00:11:52.600000,SELECT public.catalog_sales.cs_order_number FROM public.catalog_sales INNER JOIN public.store_sales ON public.catalog_sales.cs_promo_sk = public.store_sales.ss_promo_sk WHERE public.catalog_sales.cs_warehouse_sk <= 78.69 ORDER BY public.catalog_sales.cs_order_number LIMIT 100;
2025-07-01T00:11:52.800000,SELECT public.catalog_sales.cs_order_number FROM public.catalog_sales INNER JOIN public.store_sales ON public.catalog_sales.cs_promo_sk = public.store_sales.ss_promo_sk WHERE public.catalog_sales.cs_warehouse_sk <= 37.68 ORDER BY public.catalog_sales.cs_order_number LIMIT 100;
2025-07-01T00:11:53.000000,SELECT public.catalog_sales.cs_order_number FROM public.catalog_sales INNER JOIN public.store_sales ON public.catalog_sales.cs_promo_sk = public.store_sales.ss_promo_sk WHERE public.catalog_sales.cs_warehouse_sk <= 78.17 ORDER BY public.catalog_sales.cs_order_number LIMIT 100;
2025-07-01T00:11:53.200000,SELECT public.store_sales.ss_ext_discount_amt FROM public.store_sales  WHERE public.store_sales.ss_promo_sk < 43.39 AND public.store_sales.ss_sold_date_sk > 64.16 AND public.store_sales.ss_hdemo_sk > 85.77 ORDER BY public.store_sales.ss_ext_discount_amt LIMIT 100;
2025-07-01T00:11:53.400000,SELECT public.store_sales.ss_sold_date_sk FROM public.store_sales  WHERE public.store_sales.ss_addr_sk <= 63.45 ORDER BY public.store_sales.ss_sold_date_sk LIMIT 100;
2025-07-01T00:11:53.600000,SELECT public.store_sales.ss_item_sk FROM public.store_sales  WHERE public.store_sales.ss_customer_sk > 45.05 AND public.store_sales.ss_wholesale_cost BETWEEN 50.2 AND 60.1 ORDER BY public.store_sales.ss_item_sk LIMIT 100;
2025-07-01T00:11:53.800000,SELECT public.catalog_sales.cs_order_number FROM public.catalog_sales INNER JOIN public.store_sales ON public.catalog_sales.cs_promo_sk = public.store_sales.ss_promo_sk WHERE public.catalog_sales.cs_warehouse_sk <= 86.0 ORDER BY public.catalog_sales.cs_order_number LIMIT 100;
2025-07-01T00:11:54.000000,SELECT public.store_sales.ss_sold_date_sk FROM public.store_sales  WHERE public.store_sales.ss_addr_sk <= 85.35 ORDER BY public.store_sales.ss_sold_date_sk LIMIT 100;
2025-07-01T00:11:54.200000,SELECT public.catalog_sales.cs_order_number FROM public.catalog_sales INNER JOIN public.store_sales ON public.catalog_sales.cs_promo_sk = public.store_sales.ss_promo_sk WHERE public.catalog_sales.cs_warehouse_sk <= 30.07 ORDER BY public.catalog_sales.cs_order_number LIMIT 100;
2025-07-01T00:11:54.400000,SELECT public.store_sales.ss_sold_date_sk FROM public.store_sales  WHERE public.store_sales.ss_addr_sk <= 67.35 ORDER BY public.store_sales.ss_sold_date_sk LIMIT 100;
2025-07-01T00:11:54.600000,SELECT public.catalog_sales.cs_order_number FROM public.catalog_sales INNER JOIN public.store_sales ON public.catalog_sales.cs_promo_sk = public.store_sales.ss_promo_sk WHERE public.catalog_sales.cs_warehouse_sk <= 99.25 ORDER BY public.catalog_sales.cs_order_number LIMIT 100;
2025-07-01T00:11:54.800000,SELECT public.store_sales.ss_item_sk FROM public.store_sales  WHERE public.store_sales.ss_customer_sk > 50.74 AND public.store_sales.ss_wholesale_cost BETWEEN 92.19 AND 102.09 ORDER BY public.store_sales.ss_item_sk LIMIT 100;
2025-07-01T00:11:55.000000,SELECT public.catalog_sales.cs_order_number FROM public.catalog_sales INNER JOIN public.store_sales ON public.catalog_sales.cs_promo_sk = public.store_sales.ss_promo_sk WHERE public.catalog_sales.cs_warehouse_sk <= 11.67 ORDER BY public.catalog_sales.cs_order_number LIMIT 100;
2025-07-01T00:11:55.200000,SELECT public.store_sales.ss_item_sk FROM public.store_sales  WHERE public.store_sales.ss_customer_sk > 30.33 AND public.store_sales.ss_wholesale_cost BETWEEN 12.86 AND 22.76 ORDER BY public.store_sales.ss_item_sk LIMIT 100;
2025-07-01T00:11:55.400000,SELECT public.store_sales.ss_list_price FROM public.store_sales  WHERE public.store_sales.ss_ext_list_price > 27.76 ORDER BY public.store_sales.ss_list_price LIMIT 100;
2025-07-01T00:11:55.600000,SELECT public.store_sales.ss_ext_discount_amt FROM public.store_sales  WHERE public.store_sales.ss_promo_sk < 22.02 AND public.store_sales.ss_sold_date_sk > 89.56 AND public.store_sales.ss_hdemo_sk > 64.98 ORDER BY public.store_sales.ss_ext_discount_amt LIMIT 100;
2025-07-01T00:11:55.800000,SELECT public.store_sales.ss_list_price FROM public.store_sales  WHERE public.store_sales.ss_ext_list_price > 33.14 ORDER BY public.store_sales.ss_list_price LIMIT 100;
2025-07-01T00:11:56.000000,SELECT public.catalog_sales.cs_order_number FROM public.catalog_sales INNER JOIN public.store_sales ON public.catalog_sales.cs_promo_sk = public.store_sales.ss_promo_sk WHERE public.catalog_sales.cs_warehouse_sk <= 70.27 ORDER BY public.catalog_sales.cs_order_number LIMIT 100;
2025-07-01T00:11:56.200000,SELECT public.store_sales.ss_list_price FROM public.store_sales  WHERE public.store_sales.ss_ext_list_price > 76.46 ORDER BY public.store_sales.ss_list_price LIMIT 100;
2025-07-01T00:11:56.400000,SELECT public.store_sales.ss_sold_date_sk FROM public.store_sales  WHERE public.store_sales.ss_addr_sk <= 24.02 ORDER BY public.store_sales.ss_sold_date_sk LIMIT 100;
2025-07-01T00:11:56.600000,SELECT public.store_sales.ss_sold_date_sk FROM public.store_sales  WHERE public.store_sales.ss_addr_sk <= 63.37 ORDER BY public.store_sales.ss_sold_date_sk LIMIT 100;
2025-07-01T00:11:56.800000,SELECT public.store_sales.ss_sold_date_sk FROM public.store_sales  WHERE public.store_sales.ss_addr_sk <= 85.9 ORDER BY public.store_sales.ss_sold_date_sk LIMIT 100;
2025-07-01T00:11:57.000000,SELECT public.store_sales.ss_item_sk FROM public.store_sales  WHERE public.store_sales.ss_customer_sk > 82.24 AND public.store_sales.ss_wholesale_cost BETWEEN 19.88 AND 29.78 ORDER BY public.store_sales.ss_item_sk LIMIT 100;
2025-07-01T00:11:57.200000,SELECT public.store_sales.ss_ext_discount_amt FROM public.store_sales  WHERE public.store_sales.ss_promo_sk < 30.18 AND public.store_sales.ss_sold_date_sk > 76.72 AND public.store_sales.ss_hdemo_sk > 87.79 ORDER BY public.store_sales.ss_ext_discount_amt LIMIT 100;
2025-07-01T00:11:57.400000,SELECT public.store_sales.ss_ext_discount_amt FROM public.store_sales  WHERE public.store_sales.ss_promo_sk < 19.66 AND public.store_sales.ss_sold_date_sk > 35.07 AND public.store_sales.ss_hdemo_sk > 10.58 ORDER BY public.store_sales.ss_ext_discount_amt LIMIT 100;
2025-07-01T00:11:57.600000,SELECT public.store_sales.ss_sold_date_sk FROM public.store_sales  WHERE public.store_sales.ss_addr_sk <= 21.7 ORDER BY public.store_sales.ss_sold_date_sk LIMIT 100;
2025-07-01T00:11:57.800000,SELECT public.catalog_sales.cs_order_number FROM public.catalog_sales INNER JOIN public.store_sales ON public.catalog_sales.cs_promo_sk = public.store_sales.ss_promo_sk WHERE public.catalog_sales.cs_warehouse_sk <= 42.49 ORDER BY public.catalog_sales.cs_order_number LIMIT 100;
2025-07-01T00:11:58.000000,SELECT public.store_sales.ss_sold_date_sk FROM public.store_sales  WHERE public.store_sales.ss_addr_sk <= 24.62 ORDER BY public.store_sales.ss_sold_date_sk LIMIT 100;
2025-07-01T00:11:58.200000,SELECT public.store_sales.ss_item_sk FROM public.store_sales  WHERE public.store_sales.ss_customer_sk > 92.25 AND public.store_sales.ss_wholesale_cost BETWEEN 44.91 AND 54.81 ORDER BY public.store_sales.ss_item_sk LIMIT 100;
2025-07-01T00:11:58.400000,SELECT public.catalog_sales.cs_order_number FROM public.catalog_sales INNER JOIN public.store_sales ON public.catalog_sales.cs_promo_sk = public.store_sales.ss_promo_sk WHERE public.catalog_sales.cs_warehouse_sk <= 65.33 ORDER BY public.catalog_sales.cs_order_number LIMIT 100;
2025-07-01T00:11:58.600000,SELECT public.catalog_sales.cs_order_number FROM public.catalog_sales INNER JOIN public.store_sales ON public.catalog_sales.cs_promo_sk = public.store_sales.ss_promo_sk WHERE public.catalog_sales.cs_warehouse_sk <= 24.43 ORDER BY public.catalog_sales.cs_order_number LIMIT 100;
2025-07-01T00:11:58.800000,SELECT public.store_sales.ss_item_sk FROM public.store_sales  WHERE public.store_sales.ss_customer_sk > 87.79 AND public.store_sales.ss_wholesale_cost BETWEEN 48.27 AND 58.17 ORDER BY public.store_sales.ss_item_sk LIMIT 100;
2025-07-01T00:11:59.000000,SELECT public.store_sales.ss_item_sk FROM public.store_sales  WHERE public.store_sales.ss_customer_sk > 94.57 AND public.store_sales.ss_wholesale_cost BETWEEN 1.09 AND 10.99 ORDER BY public.store_sales.ss_item_sk LIMIT 100;
2025-07-01T00:11:59.200000,SELECT public.store_sales.ss_sold_date_sk FROM public.store_sales  WHERE public.store_sales.ss_addr_sk <= 91.05 ORDER BY public.store_sales.ss_sold_date_sk LIMIT 100;
2025-07-01T00:11:59.400000,SELECT public.catalog_sales.cs_order_number FROM public.catalog_sales INNER JOIN public.store_sales ON public.catalog_sales.cs_promo_sk = public.store_sales.ss_promo_sk WHERE public.catalog_sales.cs_warehouse_sk <= 14.88 ORDER BY public.catalog_sales.cs_order_number LIMIT 100;
2025-07-01T00:11:59.600000,SELECT public.catalog_sales.cs_order_number FROM public.catalog_sales INNER JOIN public.store_sales ON public.catalog_sales.cs_promo_sk = public.store_sales.ss_promo_sk WHERE public.catalog_sales.cs_warehouse_sk <= 67.55 ORDER BY public.catalog_sales.cs_order_number LIMIT 100;
2025-07-01T00:11:59.800000,SELECT public.store_sales.ss_list_price FROM public.store_sales  WHERE public.store_sales.ss_ext_list_price > 69.69 ORDER BY public.store_sales.ss_list_price LIMIT 100;
2025-07-01T00:12:00.000000,SELECT public.store_sales.ss_sold_date_sk FROM public.store_sales  WHERE public.store_sales.ss_addr_sk <= 92.82 ORDER BY public.store_sales.ss_sold_date_sk LIMIT 100;
2025-07-01T00:12:00.200000,SELECT public.catalog_sales.cs_order_number FROM public.catalog_sales INNER JOIN public.store_sales ON public.catalog_sales.cs_promo_sk = public.store_sales.ss_promo_sk WHERE public.catalog_sales.cs_warehouse_sk <= 28.86 ORDER BY public.catalog_sales.cs_order_number LIMIT 100;
2025-07-01T00:12:00.400000,SELECT public.store_sales.ss_sold_date_sk FROM public.store_sales  WHERE public.store_sales.ss_addr_sk <= 50.86 ORDER BY public.store_sales.ss_sold_date_sk LIMIT 100;
2025-07-01T00:12:00.600000,SELECT public.store_sales.ss_sold_date_sk FROM public.store_sales  WHERE public.store_sales.ss_addr_sk <= 66.9 ORDER BY public.store_sales.ss_sold_date_sk LIMIT 100;
2025-07-01T00:12:00.800000,SELECT public.catalog_sales.cs_order_number FROM public.catalog_sales INNER JOIN public.store_sales ON public.catalog_sales.cs_promo_sk = public.store_sales.ss_promo_sk WHERE public.catalog_sales.cs_warehouse_sk <= 56.36 ORDER BY public.catalog_sales.cs_order_number LIMIT 100;
2025-07-01T00:12:01.000000,SELECT public.store_sales.ss_item_sk FROM public.store_sales  WHERE public.store_sales.ss_customer_sk > 68.32 AND public.store_sales.ss_wholesale_cost BETWEEN 14.0 AND 23.9 ORDER BY public.store_sales.ss_item_sk LIMIT 100;
2025-07-01T00:12:01.200000,SELECT public.store_sales.ss_sold_date_sk FROM public.store_sales  WHERE public.store_sales.ss_addr_sk <= 57.01 ORDER BY public.store_sales.ss_sold_date_sk LIMIT 100;
2025-07-01T00:12:01.400000,SELECT public.store_sales.ss_ext_discount_amt FROM public.store_sales  WHERE public.store_sales.ss_promo_sk < 87.41 AND public.store_sales.ss_sold_date_sk > 20.04 AND public.store_sales.ss_hdemo_sk > 22.86 ORDER BY public.store_sales.ss_ext_discount_amt LIMIT 100;
2025-07-01T00:12:01.600000,SELECT public.catalog_sales.cs_order_number FROM public.catalog_sales INNER JOIN public.store_sales ON public.catalog_sales.cs_promo_sk = public.store_sales.ss_promo_sk WHERE public.catalog_sales.cs_warehouse_sk <= 78.91 ORDER BY public.catalog_sales.cs_order_number LIMIT 100;
2025-07-01T00:12:01.800000,SELECT public.catalog_sales.cs_order_number FROM public.catalog_sales INNER JOIN public.store_sales ON public.catalog_sales.cs_promo_sk = public.store_sales.ss_promo_sk WHERE public.catalog_sales.cs_warehouse_sk <= 74.93 ORDER BY public.catalog_sales.cs_order_number LIMIT 100;
2025-07-01T00:12:02.000000,SELECT public.store_sales.ss_ext_discount_amt FROM public.store_sales  WHERE public.store_sales.ss_promo_sk < 73.38 AND public.store_sales.ss_sold_date_sk > 78.51 AND public.store_sales.ss_hdemo_sk > 57.42 ORDER BY public.store_sales.ss_ext_discount_amt LIMIT 100;
2025-07-01T00:12:02.200000,SELECT public.store_sales.ss_list_price FROM public.store_sales  WHERE public.store_sales.ss_ext_list_price > 14.51 ORDER BY public.store_sales.ss_list_price LIMIT 100;
2025-07-01T00:12:02.400000,SELECT public.store_sales.ss_list_price FROM public.store_sales  WHERE public.store_sales.ss_ext_list_price > 93.03 ORDER BY public.store_sales.ss_list_price LIMIT 100;
2025-07-01T00:12:02.600000,SELECT public.store_sales.ss_sold_date_sk FROM public.store_sales  WHERE public.store_sales.ss_addr_sk <= 41.47 ORDER BY public.store_sales.ss_sold_date_sk LIMIT 100;
2025-07-01T00:12:02.800000,SELECT public.catalog_sales.cs_order_number FROM public.catalog_sales INNER JOIN public.store_sales ON public.catalog_sales.cs_promo_sk = public.store_sales.ss_promo_sk WHERE public.catalog_sales.cs_warehouse_sk <= 6.14 ORDER BY public.catalog_sales.cs_order_number LIMIT 100;
2025-07-01T00:12:03.000000,SELECT public.store_sales.ss_sold_date_sk FROM public.store_sales  WHERE public.store_sales.ss_addr_sk <= 34.55 ORDER BY public.store_sales.ss_sold_date_sk LIMIT 100;
2025-07-01T00:12:03.200000,SELECT public.store_sales.ss_ext_discount_amt FROM public.store_sales  WHERE public.store_sales.ss_promo_sk < 16.13 AND public.store_sales.ss_sold_date_sk > 92.15 AND public.store_sales.ss_hdemo_sk > 34.8 ORDER BY public.store_sales.ss_ext_discount_amt LIMIT 100;
2025-07-01T00:12:03.400000,SELECT public.catalog_sales.cs_order_number FROM public.catalog_sales INNER JOIN public.store_sales ON public.catalog_sales.cs_promo_sk = public.store_sales.ss_promo_sk WHERE public.catalog_sales.cs_warehouse_sk <= 71.97 ORDER BY public.catalog_sales.cs_order_number LIMIT 100;
2025-07-01T00:12:03.600000,SELECT public.store_sales.ss_item_sk FROM public.store_sales  WHERE public.store_sales.ss_customer_sk > 96.49 AND public.store_sales.ss_wholesale_cost BETWEEN 22.25 AND 32.15 ORDER BY public.store_sales.ss_item_sk LIMIT 100;
2025-07-01T00:12:03.800000,SELECT public.store_sales.ss_ext_discount_amt FROM public.store_sales  WHERE public.store_sales.ss_promo_sk < 21.01 AND public.store_sales.ss_sold_date_sk > 19.39 AND public.store_sales.ss_hdemo_sk > 52.68 ORDER BY public.store_sales.ss_ext_discount_amt LIMIT 100;
2025-07-01T00:12:04.000000,SELECT public.catalog_sales.cs_order_number FROM public.catalog_sales INNER JOIN public.store_sales ON public.catalog_sales.cs_promo_sk = public.store_sales.ss_promo_sk WHERE public.catalog_sales.cs_warehouse_sk <= 64.61 ORDER BY public.catalog_sales.cs_order_number LIMIT 100;
2025-07-01T00:12:04.200000,SELECT public.store_sales.ss_ext_discount_amt FROM public.store_sales  WHERE public.store_sales.ss_promo_sk < 17.11 AND public.store_sales.ss_sold_date_sk > 77.52 AND public.store_sales.ss_hdemo_sk > 85.69 ORDER BY public.store_sales.ss_ext_discount_amt LIMIT 100;
2025-07-01T00:12:04.400000,SELECT public.catalog_sales.cs_order_number FROM public.catalog_sales INNER JOIN public.store_sales ON public.catalog_sales.cs_promo_sk = public.store_sales.ss_promo_sk WHERE public.catalog_sales.cs_warehouse_sk <= 78.29 ORDER BY public.catalog_sales.cs_order_number LIMIT 100;
2025-07-01T00:12:04.600000,SELECT public.catalog_sales.cs_order_number FROM public.catalog_sales INNER JOIN public.store_sales ON public.catalog_sales.cs_promo_sk = public.store_sales.ss_promo_sk WHERE public.catalog_sales.cs_warehouse_sk <= 39.36 ORDER BY public.catalog_sales.cs_order_number LIMIT 100;
2025-07-01T00:12:04.800000,SELECT public.catalog_sales.cs_order_number FROM public.catalog_sales INNER JOIN public.store_sales ON public.catalog_sales.cs_promo_sk = public.store_sales.ss_promo_sk WHERE public.catalog_sales.cs_warehouse_sk <= 5.3 ORDER BY public.catalog_sales.cs_order_number LIMIT 100;
2025-07-01T00:12:05.000000,SELECT public.store_sales.ss_list_price FROM public.store_sales  WHERE public.store_sales.ss_ext_list_price > 60.22 ORDER BY public.store_sales.ss_list_price LIMIT 100;
2025-07-01T00:12:05.200000,SELECT public.store_sales.ss_item_sk FROM public.store_sales  WHERE public.store_sales.ss_customer_sk > 71.96 AND public.store_sales.ss_wholesale_cost BETWEEN 42.23 AND 52.13 ORDER BY public.store_sales.ss_item_sk LIMIT 100;
2025-07-01T00:12:05.400000,SELECT public.store_sales.ss_list_price FROM public.store_sales  WHERE public.store_sales.ss_ext_list_price > 97.01 ORDER BY public.store_sales.ss_list_price LIMIT 100;
2025-07-01T00:12:05.600000,SELECT public.store_sales.ss_sold_date_sk FROM public.store_sales  WHERE public.store_sales.ss_addr_sk <= 14.84 ORDER BY public.store_sales.ss_sold_date_sk LIMIT 100;
2025-07-01T00:12:05.800000,SELECT public.catalog_sales.cs_order_number FROM public.catalog_sales INNER JOIN public.store_sales ON public.catalog_sales.cs_promo_sk = public.store_sales.ss_promo_sk WHERE public.catalog_sales.cs_warehouse_sk <= 32.28 ORDER BY public.catalog_sales.cs_order_number LIMIT 100;
2025-07-01T00:12:06.000000,SELECT public.store_sales.ss_sold_date_sk FROM public.store_sales  WHERE public.store_sales.ss_addr_sk <= 89.94 ORDER BY public.store_sales.ss_sold_date_sk LIMIT 100;
2025-07-01T00:12:06.200000,SELECT public.catalog_sales.cs_order_number FROM public.catalog_sales INNER JOIN public.store_sales ON public.catalog_sales.cs_promo_sk = public.store_sales.ss_promo_sk WHERE public.catalog_sales.cs_warehouse_sk <= 96.66 ORDER BY public.catalog_sales.cs_order_number LIMIT 100;
2025-07-01T00:12:06.400000,SELECT public.store_sales.ss_item_sk FROM public.store_sales  WHERE public.store_sales.ss_customer_sk > 90.49 AND public.store_sales.ss_wholesale_cost BETWEEN 50.45 AND 60.35 ORDER BY public.store_sales.ss_item_sk LIMIT 100;
2025-07-01T00:12:06.600000,SELECT public.store_sales.ss_list_price FROM public.store_sales  WHERE public.store_sales.ss_ext_list_price > 10.69 ORDER BY public.store_sales.ss_list_price LIMIT 100;
2025-07-01T00:12:06.800000,SELECT public.store_sales.ss_list_price FROM public.store_sales  WHERE public.store_sales.ss_ext_list_price > 86.17 ORDER BY public.store_sales.ss_list_price LIMIT 100;
2025-07-01T00:12:07.000000,SELECT public.catalog_sales.cs_order_number FROM public.catalog_sales INNER JOIN public.store_sales ON public.catalog_sales.cs_promo_sk = public.store_sales.ss_promo_sk WHERE public.catalog_sales.cs_warehouse_sk <= 11.07 ORDER BY public.catalog_sales.cs_order_number LIMIT 100;
2025-07-01T00:12:07.200000,SELECT public.store_sales.ss_list_price FROM public.store_sales  WHERE public.store_sales.ss_ext_list_price > 87.75 ORDER BY public.store_sales.ss_list_price LIMIT 100;
2025-07-01T00:12:07.400000,SELECT public.store_sales.ss_sold_date_sk FROM public.store_sales  WHERE public.store_sales.ss_addr_sk <= 17.21 ORDER BY public.store_sales.ss_sold_date_sk LIMIT 100;
2025-07-01T00:12:07.600000,SELECT public.store_sales.ss_ext_discount_amt FROM public.store_sales  WHERE public.store_sales.ss_promo_sk < 44.57 AND public.store_sales.ss_sold_date_sk > 55.76 AND public.store_sales.ss_hdemo_sk > 65.76 ORDER BY public.store_sales.ss_ext_discount_amt LIMIT 100;
2025-07-01T00:12:07.800000,SELECT public.store_sales.ss_item_sk FROM public.store_sales  WHERE public.store_sales.ss_customer_sk > 67.51 AND public.store_sales.ss_wholesale_cost BETWEEN 91.15 AND 101.05 ORDER BY public.store_sales.ss_item_sk LIMIT 100;
2025-07-01T00:12:08.000000,SELECT public.store_sales.ss_item_sk FROM public.store_sales  WHERE public.store_sales.ss_customer_sk > 81.4 AND public.store_sales.ss_wholesale_cost BETWEEN 46.12 AND 56.02 ORDER BY public.store_sales.ss_item_sk LIMIT 100;
2025-07-01T00:12:08.200000,SELECT public.store_sales.ss_item_sk FROM public.store_sales  WHERE public.store_sales.ss_customer_sk > 99.04 AND public.store_sales.ss_wholesale_cost BETWEEN 48.2 AND 58.1 ORDER BY public.store_sales.ss_item_sk LIMIT 100;
2025-07-01T00:12:08.400000,SELECT public.catalog_sales.cs_order_number FROM public.catalog_sales INNER JOIN public.store_sales ON public.catalog_sales.cs_promo_sk = public.store_sales.ss_promo_sk WHERE public.catalog_sales.cs_warehouse_sk <= 60.34 ORDER BY public.catalog_sales.cs_order_number LIMIT 100;
2025-07-01T00:12:08.600000,SELECT public.store_sales.ss_item_sk FROM public.store_sales  WHERE public.store_sales.ss_customer_sk > 20.93 AND public.store_sales.ss_wholesale_cost BETWEEN 88.08 AND 97.98 ORDER BY public.store_sales.ss_item_sk LIMIT 100;
2025-07-01T00:12:08.800000,SELECT public.store_sales.ss_list_price FROM public.store_sales  WHERE public.store_sales.ss_ext_list_price > 73.12 ORDER BY public.store_sales.ss_list_price LIMIT 100;
2025-07-01T00:12:09.000000,SELECT public.catalog_sales.cs_order_number FROM public.catalog_sales INNER JOIN public.store_sales ON public.catalog_sales.cs_promo_sk = public.store_sales.ss_promo_sk WHERE public.catalog_sales.cs_warehouse_sk <= 9.36 ORDER BY public.catalog_sales.cs_order_number LIMIT 100;
2025-07-01T00:12:09.200000,SELECT public.store_sales.ss_item_sk FROM public.store_sales  WHERE public.store_sales.ss_customer_sk > 29.23 AND public.store_sales.ss_wholesale_cost BETWEEN 29.22 AND 39.12 ORDER BY public.store_sales.ss_item_sk LIMIT 100;
2025-07-01T00:12:09.400000,SELECT public.catalog_sales.cs_order_number FROM public.catalog_sales INNER JOIN public.store_sales ON public.catalog_sales.cs_promo_sk = public.store_sales.ss_promo_sk WHERE public.catalog_sales.cs_warehouse_sk <= 87.58 ORDER BY public.catalog_sales.cs_order_number LIMIT 100;
2025-07-01T00:12:09.600000,SELECT public.store_sales.ss_list_price FROM public.store_sales  WHERE public.store_sales.ss_ext_list_price > 17.86 ORDER BY public.store_sales.ss_list_price LIMIT 100;
2025-07-01T00:12:09.800000,SELECT public.store_sales.ss_item_sk FROM public.store_sales  WHERE public.store_sales.ss_customer_sk > 2.09 AND public.store_sales.ss_wholesale_cost BETWEEN 13.73 AND 23.63 ORDER BY public.store_sales.ss_item_sk LIMIT 100;
2025-07-01T00:12:10.000000,SELECT public.store_sales.ss_list_price FROM public.store_sales  WHERE public.store_sales.ss_ext_list_price > 75.1 ORDER BY public.store_sales.ss_list_price LIMIT 100;
2025-07-01T00:12:10.200000,SELECT public.store_sales.ss_list_price FROM public.store_sales  WHERE public.store_sales.ss_ext_list_price > 20.5 ORDER BY public.store_sales.ss_list_price LIMIT 100;
2025-07-01T00:12:10.400000,SELECT public.catalog_sales.cs_order_number FROM public.catalog_sales INNER JOIN public.store_sales ON public.catalog_sales.cs_promo_sk = public.store_sales.ss_promo_sk WHERE public.catalog_sales.cs_warehouse_sk <= 50.95 ORDER BY public.catalog_sales.cs_order_number LIMIT 100;
2025-07-01T00:12:10.600000,SELECT public.store_sales.ss_sold_date_sk FROM public.store_sales  WHERE public.store_sales.ss_addr_sk <= 58.22 ORDER BY public.store_sales.ss_sold_date_sk LIMIT 100;
2025-07-01T00:12:10.800000,SELECT public.store_sales.ss_item_sk FROM public.store_sales  WHERE public.store_sales.ss_customer_sk > 86.79 AND public.store_sales.ss_wholesale_cost BETWEEN 69.91 AND 79.81 ORDER BY public.store_sales.ss_item_sk LIMIT 100;
2025-07-01T00:12:11.000000,SELECT public.store_sales.ss_ext_discount_amt FROM public.store_sales  WHERE public.store_sales.ss_promo_sk < 94.39 AND public.store_sales.ss_sold_date_sk > 13.57 AND public.store_sales.ss_hdemo_sk > 79.78 ORDER BY public.store_sales.ss_ext_discount_amt LIMIT 100;
2025-07-01T00:12:11.200000,SELECT public.store_sales.ss_list_price FROM public.store_sales  WHERE public.store_sales.ss_ext_list_price > 26.5 ORDER BY public.store_sales.ss_list_price LIMIT 100;
2025-07-01T00:12:11.400000,SELECT public.store_sales.ss_item_sk FROM public.store_sales  WHERE public.store_sales.ss_customer_sk > 35.12 AND public.store_sales.ss_wholesale_cost BETWEEN 51.19 AND 61.09 ORDER BY public.store_sales.ss_item_sk LIMIT 100;
2025-07-01T00:12:11.600000,SELECT public.store_sales.ss_sold_date_sk FROM public.store_sales  WHERE public.store_sales.ss_addr_sk <= 56.93 ORDER BY public.store_sales.ss_sold_date_sk LIMIT 100;
2025-07-01T00:12:11.800000,SELECT public.store_sales.ss_item_sk FROM public.store_sales  WHERE public.store_sales.ss_customer_sk > 30.99 AND public.store_sales.ss_wholesale_cost BETWEEN 32.61 AND 42.51 ORDER BY public.store_sales.ss_item_sk LIMIT 100;
2025-07-01T00:12:12.000000,SELECT public.store_sales.ss_item_sk FROM public.store_sales  WHERE public.store_sales.ss_customer_sk > 41.98 AND public.store_sales.ss_wholesale_cost BETWEEN 13.54 AND 23.44 ORDER BY public.store_sales.ss_item_sk LIMIT 100;
2025-07-01T00:12:12.200000,SELECT public.store_sales.ss_item_sk FROM public.store_sales  WHERE public.store_sales.ss_customer_sk > 48.14 AND public.store_sales.ss_wholesale_cost BETWEEN 40.55 AND 50.45 ORDER BY public.store_sales.ss_item_sk LIMIT 100;
2025-07-01T00:12:12.400000,SELECT public.store_sales.ss_item_sk FROM public.store_sales  WHERE public.store_sales.ss_customer_sk > 81.39 AND public.store_sales.ss_wholesale_cost BETWEEN 22.26 AND 32.16 ORDER BY public.store_sales.ss_item_sk LIMIT 100;
2025-07-01T00:12:12.600000,SELECT public.store_sales.ss_sold_date_sk FROM public.store_sales  WHERE public.store_sales.ss_addr_sk <= 28.52 ORDER BY public.store_sales.ss_sold_date_sk LIMIT 100;
2025-07-01T00:12:12.800000,SELECT public.store_sales.ss_list_price FROM public.store_sales  WHERE public.store_sales.ss_ext_list_price > 15.84 ORDER BY public.store_sales.ss_list_price LIMIT 100;
2025-07-01T00:12:13.000000,SELECT public.store_sales.ss_list_price FROM public.store_sales  WHERE public.store_sales.ss_ext_list_price > 72.65 ORDER BY public.store_sales.ss_list_price LIMIT 100;
2025-07-01T00:12:13.200000,SELECT public.store_sales.ss_ext_discount_amt FROM public.store_sales  WHERE public.store_sales.ss_promo_sk < 46.72 AND public.store_sales.ss_sold_date_sk > 66.22 AND public.store_sales.ss_hdemo_sk > 55.89 ORDER BY public.store_sales.ss_ext_discount_amt LIMIT 100;
2025-07-01T00:12:13.400000,SELECT public.catalog_sales.cs_order_number FROM public.catalog_sales INNER JOIN public.store_sales ON public.catalog_sales.cs_promo_sk = public.store_sales.ss_promo_sk WHERE public.catalog_sales.cs_warehouse_sk <= 3.46 ORDER BY public.catalog_sales.cs_order_number LIMIT 100;
2025-07-01T00:12:13.600000,SELECT public.store_sales.ss_sold_date_sk FROM public.store_sales  WHERE public.store_sales.ss_addr_sk <= 14.32 ORDER BY public.store_sales.ss_sold_date_sk LIMIT 100;
2025-07-01T00:12:13.800000,SELECT public.store_sales.ss_list_price FROM public.store_sales  WHERE public.store_sales.ss_ext_list_price > 46.38 ORDER BY public.store_sales.ss_list_price LIMIT 100;
2025-07-01T00:12:14.000000,SELECT public.catalog_sales.cs_order_number FROM public.catalog_sales INNER JOIN public.store_sales ON public.catalog_sales.cs_promo_sk = public.store_sales.ss_promo_sk WHERE public.catalog_sales.cs_warehouse_sk <= 7.32 ORDER BY public.catalog_sales.cs_order_number LIMIT 100;
2025-07-01T00:12:14.200000,SELECT public.store_sales.ss_sold_date_sk FROM public.store_sales  WHERE public.store_sales.ss_addr_sk <= 78.62 ORDER BY public.store_sales.ss_sold_date_sk LIMIT 100;
2025-07-01T00:12:14.400000,SELECT public.store_sales.ss_sold_date_sk FROM public.store_sales  WHERE public.store_sales.ss_addr_sk <= 92.18 ORDER BY public.store_sales.ss_sold_date_sk LIMIT 100;
2025-07-01T00:12:14.600000,SELECT public.store_sales.ss_ext_discount_amt FROM public.store_sales  WHERE public.store_sales.ss_promo_sk < 60.74 AND public.store_sales.ss_sold_date_sk > 98.48 AND public.store_sales.ss_hdemo_sk > 36.79 ORDER BY public.store_sales.ss_ext_discount_amt LIMIT 100;
2025-07-01T00:12:14.800000,SELECT public.store_sales.ss_list_price FROM public.store_sales  WHERE public.store_sales.ss_ext_list_price > 42.36 ORDER BY public.store_sales.ss_list_price LIMIT 100;
2025-07-01T00:12:15.000000,SELECT public.catalog_sales.cs_order_number FROM public.catalog_sales INNER JOIN public.store_sales ON public.catalog_sales.cs_promo_sk = public.store_sales.ss_promo_sk WHERE public.catalog_sales.cs_warehouse_sk <= 60.71 ORDER BY public.catalog_sales.cs_order_number LIMIT 100;
2025-07-01T00:12:15.200000,SELECT public.store_sales.ss_sold_date_sk FROM public.store_sales  WHERE public.store_sales.ss_addr_sk <= 37.29 ORDER BY public.store_sales.ss_sold_date_sk LIMIT 100;
2025-07-01T00:12:15.400000,SELECT public.store_sales.ss_item_sk FROM public.store_sales  WHERE public.store_sales.ss_customer_sk > 95.34 AND public.store_sales.ss_wholesale_cost BETWEEN 60.48 AND 70.38 ORDER BY public.store_sales.ss_item_sk LIMIT 100;
2025-07-01T00:12:15.600000,SELECT public.store_sales.ss_item_sk FROM public.store_sales  WHERE public.store_sales.ss_customer_sk > 85.13 AND public.store_sales.ss_wholesale_cost BETWEEN 56.82 AND 66.72 ORDER BY public.store_sales.ss_item_sk LIMIT 100;
2025-07-01T00:12:15.800000,SELECT public.store_sales.ss_list_price FROM public.store_sales  WHERE public.store_sales.ss_ext_list_price > 12.4 ORDER BY public.store_sales.ss_list_price LIMIT 100;
2025-07-01T00:12:16.000000,SELECT public.catalog_sales.cs_order_number FROM public.catalog_sales INNER JOIN public.store_sales ON public.catalog_sales.cs_promo_sk = public.store_sales.ss_promo_sk WHERE public.catalog_sales.cs_warehouse_sk <= 46.73 ORDER BY public.catalog_sales.cs_order_number LIMIT 100;
2025-07-01T00:12:16.200000,SELECT public.catalog_sales.cs_order_number FROM public.catalog_sales INNER JOIN public.store_sales ON public.catalog_sales.cs_promo_sk = public.store_sales.ss_promo_sk WHERE public.catalog_sales.cs_warehouse_sk <= 18.75 ORDER BY public.catalog_sales.cs_order_number LIMIT 100;
2025-07-01T00:12:16.400000,SELECT public.store_sales.ss_sold_date_sk FROM public.store_sales  WHERE public.store_sales.ss_addr_sk <= 31.79 ORDER BY public.store_sales.ss_sold_date_sk LIMIT 100;
2025-07-01T00:12:16.600000,SELECT public.catalog_sales.cs_order_number FROM public.catalog_sales INNER JOIN public.store_sales ON public.catalog_sales.cs_promo_sk = public.store_sales.ss_promo_sk WHERE public.catalog_sales.cs_warehouse_sk <= 37.71 ORDER BY public.catalog_sales.cs_order_number LIMIT 100;
2025-07-01T00:12:16.800000,SELECT public.store_sales.ss_list_price FROM public.store_sales  WHERE public.store_sales.ss_ext_list_price > 57.79 ORDER BY public.store_sales.ss_list_price LIMIT 100;
2025-07-01T00:12:17.000000,SELECT public.catalog_sales.cs_order_number FROM public.catalog_sales INNER JOIN public.store_sales ON public.catalog_sales.cs_promo_sk = public.store_sales.ss_promo_sk WHERE public.catalog_sales.cs_warehouse_sk <= 24.44 ORDER BY public.catalog_sales.cs_order_number LIMIT 100;
2025-07-01T00:12:17.200000,SELECT public.store_sales.ss_ext_discount_amt FROM public.store_sales  WHERE public.store_sales.ss_promo_sk < 92.55 AND public.store_sales.ss_sold_date_sk > 82.44 AND public.store_sales.ss_hdemo_sk > 4.66 ORDER BY public.store_sales.ss_ext_discount_amt LIMIT 100;
2025-07-01T00:12:17.400000,SELECT public.catalog_sales.cs_order_number FROM public.catalog_sales INNER JOIN public.store_sales ON public.catalog_sales.cs_promo_sk = public.store_sales.ss_promo_sk WHERE public.catalog_sales.cs_warehouse_sk <= 5.88 ORDER BY public.catalog_sales.cs_order_number LIMIT 100;
2025-07-01T00:12:17.600000,SELECT public.store_sales.ss_sold_date_sk FROM public.store_sales  WHERE public.store_sales.ss_addr_sk <= 59.42 ORDER BY public.store_sales.ss_sold_date_sk LIMIT 100;
2025-07-01T00:12:17.800000,SELECT public.catalog_sales.cs_order_number FROM public.catalog_sales INNER JOIN public.store_sales ON public.catalog_sales.cs_promo_sk = public.store_sales.ss_promo_sk WHERE public.catalog_sales.cs_warehouse_sk <= 92.18 ORDER BY public.catalog_sales.cs_order_number LIMIT 100;
2025-07-01T00:12:18.000000,SELECT public.store_sales.ss_sold_date_sk FROM public.store_sales  WHERE public.store_sales.ss_addr_sk <= 9.68 ORDER BY public.store_sales.ss_sold_date_sk LIMIT 100;
2025-07-01T00:12:18.200000,SELECT public.store_sales.ss_list_price FROM public.store_sales  WHERE public.store_sales.ss_ext_list_price > 32.7 ORDER BY public.store_sales.ss_list_price LIMIT 100;
2025-07-01T00:12:18.400000,SELECT public.store_sales.ss_list_price FROM public.store_sales  WHERE public.store_sales.ss_ext_list_price > 77.25 ORDER BY public.store_sales.ss_list_price LIMIT 100;
2025-07-01T00:12:18.600000,SELECT public.store_sales.ss_item_sk FROM public.store_sales  WHERE public.store_sales.ss_customer_sk > 96.1 AND public.store_sales.ss_wholesale_cost BETWEEN 67.51 AND 77.41 ORDER BY public.store_sales.ss_item_sk LIMIT 100;
2025-07-01T00:12:18.800000,SELECT public.store_sales.ss_item_sk FROM public.store_sales  WHERE public.store_sales.ss_customer_sk > 41.42 AND public.store_sales.ss_wholesale_cost BETWEEN 70.22 AND 80.12 ORDER BY public.store_sales.ss_item_sk LIMIT 100;
2025-07-01T00:12:19.000000,SELECT public.store_sales.ss_item_sk FROM public.store_sales  WHERE public.store_sales.ss_customer_sk > 83.68 AND public.store_sales.ss_wholesale_cost BETWEEN 17.14 AND 27.04 ORDER BY public.store_sales.ss_item_sk LIMIT 100;
2025-07-01T00:12:19.200000,SELECT public.store_sales.ss_item_sk FROM public.store_sales  WHERE public.store_sales.ss_customer_sk > 21.97 AND public.store_sales.ss_wholesale_cost BETWEEN 4.96 AND 14.86 ORDER BY public.store_sales.ss_item_sk LIMIT 100;
2025-07-01T00:12:19.400000,SELECT public.store_sales.ss_list_price FROM public.store_sales  WHERE public.store_sales.ss_ext_list_price > 89.65 ORDER BY public.store_sales.ss_list_price LIMIT 100;
2025-07-01T00:12:19.600000,SELECT public.store_sales.ss_ext_discount_amt FROM public.store_sales  WHERE public.store_sales.ss_promo_sk < 60.55 AND public.store_sales.ss_sold_date_sk > 49.13 AND public.store_sales.ss_hdemo_sk > 26.76 ORDER BY public.store_sales.ss_ext_discount_amt LIMIT 100;
2025-07-01T00:12:19.800000,SELECT public.store_sales.ss_list_price FROM public.store_sales  WHERE public.store_sales.ss_ext_list_price > 5.2 ORDER BY public.store_sales.ss_list_price LIMIT 100;
2025-07-01T00:12:20.000000,SELECT public.store_sales.ss_ext_discount_amt FROM public.store_sales  WHERE public.store_sales.ss_promo_sk < 99.76 AND public.store_sales.ss_sold_date_sk > 70.39 AND public.store_sales.ss_hdemo_sk > 59.93 ORDER BY public.store_sales.ss_ext_discount_amt LIMIT 100;
2025-07-01T00:12:20.200000,SELECT public.store_sales.ss_list_price FROM public.store_sales  WHERE public.store_sales.ss_ext_list_price > 19.62 ORDER BY public.store_sales.ss_list_price LIMIT 100;
2025-07-01T00:12:20.400000,SELECT public.store_sales.ss_list_price FROM public.store_sales  WHERE public.store_sales.ss_ext_list_price > 20.61 ORDER BY public.store_sales.ss_list_price LIMIT 100;
2025-07-01T00:12:20.600000,SELECT public.store_sales.ss_item_sk FROM public.store_sales  WHERE public.store_sales.ss_customer_sk > 26.05 AND public.store_sales.ss_wholesale_cost BETWEEN 72.85 AND 82.75 ORDER BY public.store_sales.ss_item_sk LIMIT 100;
2025-07-01T00:12:20.800000,SELECT public.store_sales.ss_sold_date_sk FROM public.store_sales  WHERE public.store_sales.ss_addr_sk <= 15.37 ORDER BY public.store_sales.ss_sold_date_sk LIMIT 100;
2025-07-01T00:12:21.000000,SELECT public.store_sales.ss_list_price FROM public.store_sales  WHERE public.store_sales.ss_ext_list_price > 70.67 ORDER BY public.store_sales.ss_list_price LIMIT 100;
2025-07-01T00:12:21.200000,SELECT public.store_sales.ss_list_price FROM public.store_sales  WHERE public.store_sales.ss_ext_list_price > 6.57 ORDER BY public.store_sales.ss_list_price LIMIT 100;
2025-07-01T00:12:21.400000,SELECT public.catalog_sales.cs_order_number FROM public.catalog_sales INNER JOIN public.store_sales ON public.catalog_sales.cs_promo_sk = public.store_sales.ss_promo_sk WHERE public.catalog_sales.cs_warehouse_sk <= 86.88 ORDER BY public.catalog_sales.cs_order_number LIMIT 100;
2025-07-01T00:12:21.600000,SELECT public.store_sales.ss_item_sk FROM public.store_sales  WHERE public.store_sales.ss_customer_sk > 64.76 AND public.store_sales.ss_wholesale_cost BETWEEN 56.48 AND 66.38 ORDER BY public.store_sales.ss_item_sk LIMIT 100;
2025-07-01T00:12:21.800000,SELECT public.catalog_sales.cs_order_number FROM public.catalog_sales INNER JOIN public.store_sales ON public.catalog_sales.cs_promo_sk = public.store_sales.ss_promo_sk WHERE public.catalog_sales.cs_warehouse_sk <= 68.39 ORDER BY public.catalog_sales.cs_order_number LIMIT 100;
2025-07-01T00:12:22.000000,SELECT public.store_sales.ss_ext_discount_amt FROM public.store_sales  WHERE public.store_sales.ss_promo_sk < 78.04 AND public.store_sales.ss_sold_date_sk > 86.2 AND public.store_sales.ss_hdemo_sk > 25.42 ORDER BY public.store_sales.ss_ext_discount_amt LIMIT 100;
2025-07-01T00:12:22.200000,SELECT public.store_sales.ss_item_sk FROM public.store_sales  WHERE public.store_sales.ss_customer_sk > 6.0 AND public.store_sales.ss_wholesale_cost BETWEEN 81.92 AND 91.82 ORDER BY public.store_sales.ss_item_sk LIMIT 100;
2025-07-01T00:12:22.400000,SELECT public.store_sales.ss_ext_discount_amt FROM public.store_sales  WHERE public.store_sales.ss_promo_sk < 31.08 AND public.store_sales.ss_sold_date_sk > 87.56 AND public.store_sales.ss_hdemo_sk > 3.37 ORDER BY public.store_sales.ss_ext_discount_amt LIMIT 100;
2025-07-01T00:12:22.600000,SELECT public.store_sales.ss_sold_date_sk FROM public.store_sales  WHERE public.store_sales.ss_addr_sk <= 55.37 ORDER BY public.store_sales.ss_sold_date_sk LIMIT 100;
2025-07-01T00:12:22.800000,SELECT public.store_sales.ss_ext_discount_amt FROM public.store_sales  WHERE public.store_sales.ss_promo_sk < 98.23 AND public.store_sales.ss_sold_date_sk > 61.11 AND public.store_sales.ss_hdemo_sk > 43.07 ORDER BY public.store_sales.ss_ext_discount_amt LIMIT 100;
2025-07-01T00:12:23.000000,SELECT public.store_sales.ss_list_price FROM public.store_sales  WHERE public.store_sales.ss_ext_list_price > 29.94 ORDER BY public.store_sales.ss_list_price LIMIT 100;
2025-07-01T00:12:23.200000,SELECT public.catalog_sales.cs_order_number FROM public.catalog_sales INNER JOIN public.store_sales ON public.catalog_sales.cs_promo_sk = public.store_sales.ss_promo_sk WHERE public.catalog_sales.cs_warehouse_sk <= 32.48 ORDER BY public.catalog_sales.cs_order_number LIMIT 100;
2025-07-01T00:12:23.400000,SELECT public.store_sales.ss_ext_discount_amt FROM public.store_sales  WHERE public.store_sales.ss_promo_sk < 72.79 AND public.store_sales.ss_sold_date_sk > 71.1 AND public.store_sales.ss_hdemo_sk > 74.12 ORDER BY public.store_sales.ss_ext_discount_amt LIMIT 100;
2025-07-01T00:12:23.600000,SELECT public.store_sales.ss_item_sk FROM public.store_sales  WHERE public.store_sales.ss_customer_sk > 83.15 AND public.store_sales.ss_wholesale_cost BETWEEN 50.08 AND 59.98 ORDER BY public.store_sales.ss_item_sk LIMIT 100;
2025-07-01T00:12:23.800000,SELECT public.store_sales.ss_item_sk FROM public.store_sales  WHERE public.store_sales.ss_customer_sk > 40.76 AND public.store_sales.ss_wholesale_cost BETWEEN 22.59 AND 32.49 ORDER BY public.store_sales.ss_item_sk LIMIT 100;
2025-07-01T00:12:24.000000,SELECT public.store_sales.ss_list_price FROM public.store_sales  WHERE public.store_sales.ss_ext_list_price > 53.12 ORDER BY public.store_sales.ss_list_price LIMIT 100;
2025-07-01T00:12:24.200000,SELECT public.store_sales.ss_ext_discount_amt FROM public.store_sales  WHERE public.store_sales.ss_promo_sk < 42.45 AND public.store_sales.ss_sold_date_sk > 76.03 AND public.store_sales.ss_hdemo_sk > 82.83 ORDER BY public.store_sales.ss_ext_discount_amt LIMIT 100;
2025-07-01T00:12:24.400000,SELECT public.store_sales.ss_sold_date_sk FROM public.store_sales  WHERE public.store_sales.ss_addr_sk <= 41.0 ORDER BY public.store_sales.ss_sold_date_sk LIMIT 100;
2025-07-01T00:12:24.600000,SELECT public.store_sales.ss_ext_discount_amt FROM public.store_sales  WHERE public.store_sales.ss_promo_sk < 26.77 AND public.store_sales.ss_sold_date_sk > 32.93 AND public.store_sales.ss_hdemo_sk > 25.01 ORDER BY public.store_sales.ss_ext_discount_amt LIMIT 100;
2025-07-01T00:12:24.800000,SELECT public.store_sales.ss_sold_date_sk FROM public.store_sales  WHERE public.store_sales.ss_addr_sk <= 76.49 ORDER BY public.store_sales.ss_sold_date_sk LIMIT 100;
2025-07-01T00:12:25.000000,SELECT public.store_sales.ss_sold_date_sk FROM public.store_sales  WHERE public.store_sales.ss_addr_sk <= 20.11 ORDER BY public.store_sales.ss_sold_date_sk LIMIT 100;
2025-07-01T00:12:25.200000,SELECT public.catalog_sales.cs_order_number FROM public.catalog_sales INNER JOIN public.store_sales ON public.catalog_sales.cs_promo_sk = public.store_sales.ss_promo_sk WHERE public.catalog_sales.cs_warehouse_sk <= 10.54 ORDER BY public.catalog_sales.cs_order_number LIMIT 100;
2025-07-01T00:12:25.400000,SELECT public.store_sales.ss_list_price FROM public.store_sales  WHERE public.store_sales.ss_ext_list_price > 8.8 ORDER BY public.store_sales.ss_list_price LIMIT 100;
2025-07-01T00:12:25.600000,SELECT public.store_sales.ss_list_price FROM public.store_sales  WHERE public.store_sales.ss_ext_list_price > 76.71 ORDER BY public.store_sales.ss_list_price LIMIT 100;
2025-07-01T00:12:25.800000,SELECT public.catalog_sales.cs_order_number FROM public.catalog_sales INNER JOIN public.store_sales ON public.catalog_sales.cs_promo_sk = public.store_sales.ss_promo_sk WHERE public.catalog_sales.cs_warehouse_sk <= 64.74 ORDER BY public.catalog_sales.cs_order_number LIMIT 100;
2025-07-01T00:12:26.000000,SELECT public.store_sales.ss_sold_date_sk FROM public.store_sales  WHERE public.store_sales.ss_addr_sk <= 10.41 ORDER BY public.store_sales.ss_sold_date_sk LIMIT 100;
2025-07-01T00:12:26.200000,SELECT public.store_sales.ss_list_price FROM public.store_sales  WHERE public.store_sales.ss_ext_list_price > 19.81 ORDER BY public.store_sales.ss_list_price LIMIT 100;
2025-07-01T00:12:26.400000,SELECT public.store_sales.ss_sold_date_sk FROM public.store_sales  WHERE public.store_sales.ss_addr_sk <= 2.45 ORDER BY public.store_sales.ss_sold_date_sk LIMIT 100;
2025-07-01T00:12:26.600000,SELECT public.store_sales.ss_ext_discount_amt FROM public.store_sales  WHERE public.store_sales.ss_promo_sk < 70.87 AND public.store_sales.ss_sold_date_sk > 30.87 AND public.store_sales.ss_hdemo_sk > 90.4 ORDER BY public.store_sales.ss_ext_discount_amt LIMIT 100;
2025-07-01T00:12:26.800000,SELECT public.store_sales.ss_sold_date_sk FROM public.store_sales  WHERE public.store_sales.ss_addr_sk <= 73.24 ORDER BY public.store_sales.ss_sold_date_sk LIMIT 100;
2025-07-01T00:12:27.000000,SELECT public.store_sales.ss_ext_discount_amt FROM public.store_sales  WHERE public.store_sales.ss_promo_sk < 55.8 AND public.store_sales.ss_sold_date_sk > 40.22 AND public.store_sales.ss_hdemo_sk > 68.08 ORDER BY public.store_sales.ss_ext_discount_amt LIMIT 100;
2025-07-01T00:12:27.200000,SELECT public.store_sales.ss_list_price FROM public.store_sales  WHERE public.store_sales.ss_ext_list_price > 34.81 ORDER BY public.store_sales.ss_list_price LIMIT 100;
2025-07-01T00:12:27.400000,SELECT public.store_sales.ss_sold_date_sk FROM public.store_sales  WHERE public.store_sales.ss_addr_sk <= 45.38 ORDER BY public.store_sales.ss_sold_date_sk LIMIT 100;
2025-07-01T00:12:27.600000,SELECT public.store_sales.ss_sold_date_sk FROM public.store_sales  WHERE public.store_sales.ss_addr_sk <= 52.74 ORDER BY public.store_sales.ss_sold_date_sk LIMIT 100;
2025-07-01T00:12:27.800000,SELECT public.catalog_sales.cs_order_number FROM public.catalog_sales INNER JOIN public.store_sales ON public.catalog_sales.cs_promo_sk = public.store_sales.ss_promo_sk WHERE public.catalog_sales.cs_warehouse_sk <= 70.33 ORDER BY public.catalog_sales.cs_order_number LIMIT 100;
2025-07-01T00:12:28.000000,SELECT public.store_sales.ss_sold_date_sk FROM public.store_sales  WHERE public.store_sales.ss_addr_sk <= 34.72 ORDER BY public.store_sales.ss_sold_date_sk LIMIT 100;
2025-07-01T00:12:28.200000,SELECT public.catalog_sales.cs_order_number FROM public.catalog_sales INNER JOIN public.store_sales ON public.catalog_sales.cs_promo_sk = public.store_sales.ss_promo_sk WHERE public.catalog_sales.cs_warehouse_sk <= 42.16 ORDER BY public.catalog_sales.cs_order_number LIMIT 100;
2025-07-01T00:12:28.400000,SELECT public.store_sales.ss_item_sk FROM public.store_sales  WHERE public.store_sales.ss_customer_sk > 10.93 AND public.store_sales.ss_wholesale_cost BETWEEN 73.55 AND 83.45 ORDER BY public.store_sales.ss_item_sk LIMIT 100;
2025-07-01T00:12:28.600000,SELECT public.store_sales.ss_ext_discount_amt FROM public.store_sales  WHERE public.store_sales.ss_promo_sk < 47.37 AND public.store_sales.ss_sold_date_sk > 26.68 AND public.store_sales.ss_hdemo_sk > 5.47 ORDER BY public.store_sales.ss_ext_discount_amt LIMIT 100;
2025-07-01T00:12:28.800000,SELECT public.store_sales.ss_item_sk FROM public.store_sales  WHERE public.store_sales.ss_customer_sk > 25.32 AND public.store_sales.ss_wholesale_cost BETWEEN 18.89 AND 28.79 ORDER BY public.store_sales.ss_item_sk LIMIT 100;
2025-07-01T00:12:29.000000,SELECT public.store_sales.ss_item_sk FROM public.store_sales  WHERE public.store_sales.ss_customer_sk > 99.41 AND public.store_sales.ss_wholesale_cost BETWEEN -0.12 AND 9.78 ORDER BY public.store_sales.ss_item_sk LIMIT 100;
2025-07-01T00:12:29.200000,SELECT public.store_sales.ss_item_sk FROM public.store_sales  WHERE public.store_sales.ss_customer_sk > 2.77 AND public.store_sales.ss_wholesale_cost BETWEEN 87.62 AND 97.52 ORDER BY public.store_sales.ss_item_sk LIMIT 100;
2025-07-01T00:12:29.400000,SELECT public.catalog_sales.cs_order_number FROM public.catalog_sales INNER JOIN public.store_sales ON public.catalog_sales.cs_promo_sk = public.store_sales.ss_promo_sk WHERE public.catalog_sales.cs_warehouse_sk <= 38.04 ORDER BY public.catalog_sales.cs_order_number LIMIT 100;
2025-07-01T00:12:29.600000,SELECT public.store_sales.ss_list_price FROM public.store_sales  WHERE public.store_sales.ss_ext_list_price > 75.91 ORDER BY public.store_sales.ss_list_price LIMIT 100;
2025-07-01T00:12:29.800000,SELECT public.store_sales.ss_item_sk FROM public.store_sales  WHERE public.store_sales.ss_customer_sk > 14.37 AND public.store_sales.ss_wholesale_cost BETWEEN 64.71 AND 74.61 ORDER BY public.store_sales.ss_item_sk LIMIT 100;
2025-07-01T00:12:30.000000,SELECT public.store_sales.ss_list_price FROM public.store_sales  WHERE public.store_sales.ss_ext_list_price > 24.78 ORDER BY public.store_sales.ss_list_price LIMIT 100;
2025-07-01T00:12:30.200000,SELECT public.catalog_sales.cs_order_number FROM public.catalog_sales INNER JOIN public.store_sales ON public.catalog_sales.cs_promo_sk = public.store_sales.ss_promo_sk WHERE public.catalog_sales.cs_warehouse_sk <= 66.53 ORDER BY public.catalog_sales.cs_order_number LIMIT 100;
2025-07-01T00:12:30.400000,SELECT public.store_sales.ss_list_price FROM public.store_sales  WHERE public.store_sales.ss_ext_list_price > 56.06 ORDER BY public.store_sales.ss_list_price LIMIT 100;
2025-07-01T00:12:30.600000,SELECT public.store_sales.ss_list_price FROM public.store_sales  WHERE public.store_sales.ss_ext_list_price > 77.41 ORDER BY public.store_sales.ss_list_price LIMIT 100;
2025-07-01T00:12:30.800000,SELECT public.store_sales.ss_sold_date_sk FROM public.store_sales  WHERE public.store_sales.ss_addr_sk <= 29.11 ORDER BY public.store_sales.ss_sold_date_sk LIMIT 100;
2025-07-01T00:12:31.000000,SELECT public.store_sales.ss_sold_date_sk FROM public.store_sales  WHERE public.store_sales.ss_addr_sk <= 38.26 ORDER BY public.store_sales.ss_sold_date_sk LIMIT 100;
2025-07-01T00:12:31.200000,SELECT public.store_sales.ss_ext_discount_amt FROM public.store_sales  WHERE public.store_sales.ss_promo_sk < 58.52 AND public.store_sales.ss_sold_date_sk > 41.5 AND public.store_sales.ss_hdemo_sk > 60.58 ORDER BY public.store_sales.ss_ext_discount_amt LIMIT 100;
2025-07-01T00:12:31.400000,SELECT public.store_sales.ss_ext_discount_amt FROM public.store_sales  WHERE public.store_sales.ss_promo_sk < 94.78 AND public.store_sales.ss_sold_date_sk > 41.09 AND public.store_sales.ss_hdemo_sk > 81.09 ORDER BY public.store_sales.ss_ext_discount_amt LIMIT 100;
2025-07-01T00:12:31.600000,SELECT public.store_sales.ss_sold_date_sk FROM public.store_sales  WHERE public.store_sales.ss_addr_sk <= 94.94 ORDER BY public.store_sales.ss_sold_date_sk LIMIT 100;
2025-07-01T00:12:31.800000,SELECT public.catalog_sales.cs_order_number FROM public.catalog_sales INNER JOIN public.store_sales ON public.catalog_sales.cs_promo_sk = public.store_sales.ss_promo_sk WHERE public.catalog_sales.cs_warehouse_sk <= 47.21 ORDER BY public.catalog_sales.cs_order_number LIMIT 100;
2025-07-01T00:12:32.000000,SELECT public.store_sales.ss_list_price FROM public.store_sales  WHERE public.store_sales.ss_ext_list_price > 14.72 ORDER BY public.store_sales.ss_list_price LIMIT 100;
2025-07-01T00:12:32.200000,SELECT public.store_sales.ss_list_price FROM public.store_sales  WHERE public.store_sales.ss_ext_list_price > 65.97 ORDER BY public.store_sales.ss_list_price LIMIT 100;
2025-07-01T00:12:32.400000,SELECT public.store_sales.ss_list_price FROM public.store_sales  WHERE public.store_sales.ss_ext_list_price > 15.07 ORDER BY public.store_sales.ss_list_price LIMIT 100;
2025-07-01T00:12:32.600000,SELECT public.store_sales.ss_item_sk FROM public.store_sales  WHERE public.store_sales.ss_customer_sk > 13.96 AND public.store_sales.ss_wholesale_cost BETWEEN 1.17 AND 11.07 ORDER BY public.store_sales.ss_item_sk LIMIT 100;
2025-07-01T00:12:32.800000,SELECT public.store_sales.ss_ext_discount_amt FROM public.store_sales  WHERE public.store_sales.ss_promo_sk < 83.42 AND public.store_sales.ss_sold_date_sk > 18.46 AND public.store_sales.ss_hdemo_sk > 42.93 ORDER BY public.store_sales.ss_ext_discount_amt LIMIT 100;
2025-07-01T00:12:33.000000,SELECT public.store_sales.ss_item_sk FROM public.store_sales  WHERE public.store_sales.ss_customer_sk > 21.59 AND public.store_sales.ss_wholesale_cost BETWEEN 47.42 AND 57.32 ORDER BY public.store_sales.ss_item_sk LIMIT 100;
2025-07-01T00:12:33.200000,SELECT public.store_sales.ss_item_sk FROM public.store_sales  WHERE public.store_sales.ss_customer_sk > 66.19 AND public.store_sales.ss_wholesale_cost BETWEEN 78.18 AND 88.08 ORDER BY public.store_sales.ss_item_sk LIMIT 100;
2025-07-01T00:12:33.400000,SELECT public.store_sales.ss_ext_discount_amt FROM public.store_sales  WHERE public.store_sales.ss_promo_sk < 28.21 AND public.store_sales.ss_sold_date_sk > 88.77 AND public.store_sales.ss_hdemo_sk > 19.57 ORDER BY public.store_sales.ss_ext_discount_amt LIMIT 100;
2025-07-01T00:12:33.600000,SELECT public.catalog_sales.cs_order_number FROM public.catalog_sales INNER JOIN public.store_sales ON public.catalog_sales.cs_promo_sk = public.store_sales.ss_promo_sk WHERE public.catalog_sales.cs_warehouse_sk <= 51.99 ORDER BY public.catalog_sales.cs_order_number LIMIT 100;
2025-07-01T00:12:33.800000,SELECT public.store_sales.ss_sold_date_sk FROM public.store_sales  WHERE public.store_sales.ss_addr_sk <= 44.35 ORDER BY public.store_sales.ss_sold_date_sk LIMIT 100;
2025-07-01T00:12:34.000000,SELECT public.store_sales.ss_list_price FROM public.store_sales  WHERE public.store_sales.ss_ext_list_price > 44.82 ORDER BY public.store_sales.ss_list_price LIMIT 100;
2025-07-01T00:12:34.200000,SELECT public.store_sales.ss_item_sk FROM public.store_sales  WHERE public.store_sales.ss_customer_sk > 41.81 AND public.store_sales.ss_wholesale_cost BETWEEN 71.25 AND 81.15 ORDER BY public.store_sales.ss_item_sk LIMIT 100;
2025-07-01T00:12:34.400000,SELECT public.store_sales.ss_item_sk FROM public.store_sales  WHERE public.store_sales.ss_customer_sk > 98.02 AND public.store_sales.ss_wholesale_cost BETWEEN 83.52 AND 93.42 ORDER BY public.store_sales.ss_item_sk LIMIT 100;
2025-07-01T00:12:34.600000,SELECT public.store_sales.ss_list_price FROM public.store_sales  WHERE public.store_sales.ss_ext_list_price > 92.99 ORDER BY public.store_sales.ss_list_price LIMIT 100;
2025-07-01T00:12:34.800000,SELECT public.store_sales.ss_list_price FROM public.store_sales  WHERE public.store_sales.ss_ext_list_price > 26.2 ORDER BY public.store_sales.ss_list_price LIMIT 100;
2025-07-01T00:12:35.000000,SELECT public.store_sales.ss_item_sk FROM public.store_sales  WHERE public.store_sales.ss_customer_sk > 4.86 AND public.store_sales.ss_wholesale_cost BETWEEN 45.02 AND 54.92 ORDER BY public.store_sales.ss_item_sk LIMIT 100;
2025-07-01T00:12:35.200000,SELECT public.store_sales.ss_ext_discount_amt FROM public.store_sales  WHERE public.store_sales.ss_promo_sk < 47.51 AND public.store_sales.ss_sold_date_sk > 73.62 AND public.store_sales.ss_hdemo_sk > 87.96 ORDER BY public.store_sales.ss_ext_discount_amt LIMIT 100;
2025-07-01T00:12:35.400000,SELECT public.store_sales.ss_item_sk FROM public.store_sales  WHERE public.store_sales.ss_customer_sk > 76.54 AND public.store_sales.ss_wholesale_cost BETWEEN 92.1 AND 102.0 ORDER BY public.store_sales.ss_item_sk LIMIT 100;
2025-07-01T00:12:35.600000,SELECT public.catalog_sales.cs_order_number FROM public.catalog_sales INNER JOIN public.store_sales ON public.catalog_sales.cs_promo_sk = public.store_sales.ss_promo_sk WHERE public.catalog_sales.cs_warehouse_sk <= 59.18 ORDER BY public.catalog_sales.cs_order_number LIMIT 100;
2025-07-01T00:12:35.800000,SELECT public.store_sales.ss_ext_discount_amt FROM public.store_sales  WHERE public.store_sales.ss_promo_sk < 59.7 AND public.store_sales.ss_sold_date_sk > 23.57 AND public.store_sales.ss_hdemo_sk > 64.12 ORDER BY public.store_sales.ss_ext_discount_amt LIMIT 100;
2025-07-01T00:12:36.000000,SELECT public.store_sales.ss_list_price FROM public.store_sales  WHERE public.store_sales.ss_ext_list_price > 22.41 ORDER BY public.store_sales.ss_list_price LIMIT 100;
2025-07-01T00:12:36.200000,SELECT public.store_sales.ss_ext_discount_amt FROM public.store_sales  WHERE public.store_sales.ss_promo_sk < 44.4 AND public.store_sales.ss_sold_date_sk > 48.15 AND public.store_sales.ss_hdemo_sk > 99.48 ORDER BY public.store_sales.ss_ext_discount_amt LIMIT 100;
2025-07-01T00:12:36.400000,SELECT public.store_sales.ss_list_price FROM public.store_sales  WHERE public.store_sales.ss_ext_list_price > 31.24 ORDER BY public.store_sales.ss_list_price LIMIT 100;
2025-07-01T00:12:36.600000,SELECT public.store_sales.ss_item_sk FROM public.store_sales  WHERE public.store_sales.ss_customer_sk > 65.48 AND public.store_sales.ss_wholesale_cost BETWEEN 6.81 AND 16.71 ORDER BY public.store_sales.ss_item_sk LIMIT 100;
2025-07-01T00:12:36.800000,SELECT public.store_sales.ss_item_sk FROM public.store_sales  WHERE public.store_sales.ss_customer_sk > 73.92 AND public.store_sales.ss_wholesale_cost BETWEEN 41.56 AND 51.46 ORDER BY public.store_sales.ss_item_sk LIMIT 100;
2025-07-01T00:12:37.000000,SELECT public.catalog_sales.cs_order_number FROM public.catalog_sales INNER JOIN public.store_sales ON public.catalog_sales.cs_promo_sk = public.store_sales.ss_promo_sk WHERE public.catalog_sales.cs_warehouse_sk <= 96.78 ORDER BY public.catalog_sales.cs_order_number LIMIT 100;
2025-07-01T00:12:37.200000,SELECT public.store_sales.ss_ext_discount_amt FROM public.store_sales  WHERE public.store_sales.ss_promo_sk < 14.66 AND public.store_sales.ss_sold_date_sk > 79.28 AND public.store_sales.ss_hdemo_sk > 27.79 ORDER BY public.store_sales.ss_ext_discount_amt LIMIT 100;
2025-07-01T00:12:37.400000,SELECT public.catalog_sales.cs_order_number FROM public.catalog_sales INNER JOIN public.store_sales ON public.catalog_sales.cs_promo_sk = public.store_sales.ss_promo_sk WHERE public.catalog_sales.cs_warehouse_sk <= 83.44 ORDER BY public.catalog_sales.cs_order_number LIMIT 100;
2025-07-01T00:12:37.600000,SELECT public.store_sales.ss_ext_discount_amt FROM public.store_sales  WHERE public.store_sales.ss_promo_sk < 32.4 AND public.store_sales.ss_sold_date_sk > 89.11 AND public.store_sales.ss_hdemo_sk > 59.79 ORDER BY public.store_sales.ss_ext_discount_amt LIMIT 100;
2025-07-01T00:12:37.800000,SELECT public.catalog_sales.cs_order_number FROM public.catalog_sales INNER JOIN public.store_sales ON public.catalog_sales.cs_promo_sk = public.store_sales.ss_promo_sk WHERE public.catalog_sales.cs_warehouse_sk <= 22.24 ORDER BY public.catalog_sales.cs_order_number LIMIT 100;
2025-07-01T00:12:38.000000,SELECT public.store_sales.ss_ext_discount_amt FROM public.store_sales  WHERE public.store_sales.ss_promo_sk < 35.3 AND public.store_sales.ss_sold_date_sk > 2.88 AND public.store_sales.ss_hdemo_sk > 17.38 ORDER BY public.store_sales.ss_ext_discount_amt LIMIT 100;
2025-07-01T00:12:38.200000,SELECT public.store_sales.ss_item_sk FROM public.store_sales  WHERE public.store_sales.ss_customer_sk > 48.25 AND public.store_sales.ss_wholesale_cost BETWEEN 31.66 AND 41.56 ORDER BY public.store_sales.ss_item_sk LIMIT 100;
2025-07-01T00:12:38.400000,SELECT public.store_sales.ss_sold_date_sk FROM public.store_sales  WHERE public.store_sales.ss_addr_sk <= 49.72 ORDER BY public.store_sales.ss_sold_date_sk LIMIT 100;
2025-07-01T00:12:38.600000,SELECT public.catalog_sales.cs_order_number FROM public.catalog_sales INNER JOIN public.store_sales ON public.catalog_sales.cs_promo_sk = public.store_sales.ss_promo_sk WHERE public.catalog_sales.cs_warehouse_sk <= 66.82 ORDER BY public.catalog_sales.cs_order_number LIMIT 100;
2025-07-01T00:12:38.800000,SELECT public.store_sales.ss_list_price FROM public.store_sales  WHERE public.store_sales.ss_ext_list_price > 43.68 ORDER BY public.store_sales.ss_list_price LIMIT 100;
2025-07-01T00:12:39.000000,SELECT public.store_sales.ss_ext_discount_amt FROM public.store_sales  WHERE public.store_sales.ss_promo_sk < 34.28 AND public.store_sales.ss_sold_date_sk > 79.95 AND public.store_sales.ss_hdemo_sk > 84.08 ORDER BY public.store_sales.ss_ext_discount_amt LIMIT 100;
2025-07-01T00:12:39.200000,SELECT public.store_sales.ss_item_sk FROM public.store_sales  WHERE public.store_sales.ss_customer_sk > 34.63 AND public.store_sales.ss_wholesale_cost BETWEEN 3.1 AND 13.0 ORDER BY public.store_sales.ss_item_sk LIMIT 100;
2025-07-01T00:12:39.400000,SELECT public.store_sales.ss_item_sk FROM public.store_sales  WHERE public.store_sales.ss_customer_sk > 86.09 AND public.store_sales.ss_wholesale_cost BETWEEN 40.43 AND 50.33 ORDER BY public.store_sales.ss_item_sk LIMIT 100;
2025-07-01T00:12:39.600000,SELECT public.catalog_sales.cs_order_number FROM public.catalog_sales INNER JOIN public.store_sales ON public.catalog_sales.cs_promo_sk = public.store_sales.ss_promo_sk WHERE public.catalog_sales.cs_warehouse_sk <= 17.53 ORDER BY public.catalog_sales.cs_order_number LIMIT 100;
2025-07-01T00:12:39.800000,SELECT public.catalog_sales.cs_order_number FROM public.catalog_sales INNER JOIN public.store_sales ON public.catalog_sales.cs_promo_sk = public.store_sales.ss_promo_sk WHERE public.catalog_sales.cs_warehouse_sk <= 7.59 ORDER BY public.catalog_sales.cs_order_number LIMIT 100;
2025-07-01T00:12:40.000000,SELECT public.store_sales.ss_item_sk FROM public.store_sales  WHERE public.store_sales.ss_customer_sk > 57.61 AND public.store_sales.ss_wholesale_cost BETWEEN 11.25 AND 21.15 ORDER BY public.store_sales.ss_item_sk LIMIT 100;
2025-07-01T00:12:40.200000,SELECT public.store_sales.ss_ext_discount_amt FROM public.store_sales  WHERE public.store_sales.ss_promo_sk < 16.24 AND public.store_sales.ss_sold_date_sk > 42.86 AND public.store_sales.ss_hdemo_sk > 62.35 ORDER BY public.store_sales.ss_ext_discount_amt LIMIT 100;
2025-07-01T00:12:40.400000,SELECT public.catalog_sales.cs_order_number FROM public.catalog_sales INNER JOIN public.store_sales ON public.catalog_sales.cs_promo_sk = public.store_sales.ss_promo_sk WHERE public.catalog_sales.cs_warehouse_sk <= 57.55 ORDER BY public.catalog_sales.cs_order_number LIMIT 100;
2025-07-01T00:12:40.600000,SELECT public.store_sales.ss_ext_discount_amt FROM public.store_sales  WHERE public.store_sales.ss_promo_sk < 48.13 AND public.store_sales.ss_sold_date_sk > 93.62 AND public.store_sales.ss_hdemo_sk > 6.89 ORDER BY public.store_sales.ss_ext_discount_amt LIMIT 100;
2025-07-01T00:12:40.800000,SELECT public.store_sales.ss_ext_discount_amt FROM public.store_sales  WHERE public.store_sales.ss_promo_sk < 43.05 AND public.store_sales.ss_sold_date_sk > 6.09 AND public.store_sales.ss_hdemo_sk > 67.55 ORDER BY public.store_sales.ss_ext_discount_amt LIMIT 100;
2025-07-01T00:12:41.000000,SELECT public.store_sales.ss_sold_date_sk FROM public.store_sales  WHERE public.store_sales.ss_addr_sk <= 79.72 ORDER BY public.store_sales.ss_sold_date_sk LIMIT 100;
2025-07-01T00:12:41.200000,SELECT public.store_sales.ss_list_price FROM public.store_sales  WHERE public.store_sales.ss_ext_list_price > 99.51 ORDER BY public.store_sales.ss_list_price LIMIT 100;
2025-07-01T00:12:41.400000,SELECT public.store_sales.ss_sold_date_sk FROM public.store_sales  WHERE public.store_sales.ss_addr_sk <= 70.28 ORDER BY public.store_sales.ss_sold_date_sk LIMIT 100;
2025-07-01T00:12:41.600000,SELECT public.catalog_sales.cs_order_number FROM public.catalog_sales INNER JOIN public.store_sales ON public.catalog_sales.cs_promo_sk = public.store_sales.ss_promo_sk WHERE public.catalog_sales.cs_warehouse_sk <= 13.97 ORDER BY public.catalog_sales.cs_order_number LIMIT 100;
2025-07-01T00:12:41.800000,SELECT public.store_sales.ss_sold_date_sk FROM public.store_sales  WHERE public.store_sales.ss_addr_sk <= 61.82 ORDER BY public.store_sales.ss_sold_date_sk LIMIT 100;
2025-07-01T00:12:42.000000,SELECT public.store_sales.ss_list_price FROM public.store_sales  WHERE public.store_sales.ss_ext_list_price > 52.62 ORDER BY public.store_sales.ss_list_price LIMIT 100;
2025-07-01T00:12:42.200000,SELECT public.catalog_sales.cs_order_number FROM public.catalog_sales INNER JOIN public.store_sales ON public.catalog_sales.cs_promo_sk = public.store_sales.ss_promo_sk WHERE public.catalog_sales.cs_warehouse_sk <= 29.19 ORDER BY public.catalog_sales.cs_order_number LIMIT 100;
2025-07-01T00:12:42.400000,SELECT public.store_sales.ss_list_price FROM public.store_sales  WHERE public.store_sales.ss_ext_list_price > 7.84 ORDER BY public.store_sales.ss_list_price LIMIT 100;
2025-07-01T00:12:42.600000,SELECT public.store_sales.ss_list_price FROM public.store_sales  WHERE public.store_sales.ss_ext_list_price > 87.07 ORDER BY public.store_sales.ss_list_price LIMIT 100;
2025-07-01T00:12:42.800000,SELECT public.store_sales.ss_sold_date_sk FROM public.store_sales  WHERE public.store_sales.ss_addr_sk <= 12.8 ORDER BY public.store_sales.ss_sold_date_sk LIMIT 100;
2025-07-01T00:12:43.000000,SELECT public.store_sales.ss_list_price FROM public.store_sales  WHERE public.store_sales.ss_ext_list_price > 57.01 ORDER BY public.store_sales.ss_list_price LIMIT 100;
2025-07-01T00:12:43.200000,SELECT public.store_sales.ss_list_price FROM public.store_sales  WHERE public.store_sales.ss_ext_list_price > 43.17 ORDER BY public.store_sales.ss_list_price LIMIT 100;
2025-07-01T00:12:43.400000,SELECT public.store_sales.ss_ext_discount_amt FROM public.store_sales  WHERE public.store_sales.ss_promo_sk < 1.47 AND public.store_sales.ss_sold_date_sk > 85.48 AND public.store_sales.ss_hdemo_sk > 62.29 ORDER BY public.store_sales.ss_ext_discount_amt LIMIT 100;
2025-07-01T00:12:43.600000,SELECT public.store_sales.ss_list_price FROM public.store_sales  WHERE public.store_sales.ss_ext_list_price > 42.6 ORDER BY public.store_sales.ss_list_price LIMIT 100;
2025-07-01T00:12:43.800000,SELECT public.store_sales.ss_list_price FROM public.store_sales  WHERE public.store_sales.ss_ext_list_price > 3.35 ORDER BY public.store_sales.ss_list_price LIMIT 100;
2025-07-01T00:12:44.000000,SELECT public.store_sales.ss_item_sk FROM public.store_sales  WHERE public.store_sales.ss_customer_sk > 92.87 AND public.store_sales.ss_wholesale_cost BETWEEN 44.74 AND 54.64 ORDER BY public.store_sales.ss_item_sk LIMIT 100;
2025-07-01T00:12:44.200000,SELECT public.store_sales.ss_item_sk FROM public.store_sales  WHERE public.store_sales.ss_customer_sk > 74.24 AND public.store_sales.ss_wholesale_cost BETWEEN 3.48 AND 13.38 ORDER BY public.store_sales.ss_item_sk LIMIT 100;
2025-07-01T00:12:44.400000,SELECT public.store_sales.ss_ext_discount_amt FROM public.store_sales  WHERE public.store_sales.ss_promo_sk < 13.26 AND public.store_sales.ss_sold_date_sk > 5.05 AND public.store_sales.ss_hdemo_sk > 77.96 ORDER BY public.store_sales.ss_ext_discount_amt LIMIT 100;
2025-07-01T00:12:44.600000,SELECT public.store_sales.ss_item_sk FROM public.store_sales  WHERE public.store_sales.ss_customer_sk > 39.79 AND public.store_sales.ss_wholesale_cost BETWEEN 15.87 AND 25.77 ORDER BY public.store_sales.ss_item_sk LIMIT 100;
2025-07-01T00:12:44.800000,SELECT public.catalog_sales.cs_order_number FROM public.catalog_sales INNER JOIN public.store_sales ON public.catalog_sales.cs_promo_sk = public.store_sales.ss_promo_sk WHERE public.catalog_sales.cs_warehouse_sk <= 5.34 ORDER BY public.catalog_sales.cs_order_number LIMIT 100;
2025-07-01T00:12:45.000000,SELECT public.store_sales.ss_item_sk FROM public.store_sales  WHERE public.store_sales.ss_customer_sk > 98.74 AND public.store_sales.ss_wholesale_cost BETWEEN 10.96 AND 20.86 ORDER BY public.store_sales.ss_item_sk LIMIT 100;
2025-07-01T00:12:45.200000,SELECT public.store_sales.ss_ext_discount_amt FROM public.store_sales  WHERE public.store_sales.ss_promo_sk < 67.79 AND public.store_sales.ss_sold_date_sk > 81.65 AND public.store_sales.ss_hdemo_sk > 90.35 ORDER BY public.store_sales.ss_ext_discount_amt LIMIT 100;
2025-07-01T00:12:45.400000,SELECT public.store_sales.ss_list_price FROM public.store_sales  WHERE public.store_sales.ss_ext_list_price > 98.68 ORDER BY public.store_sales.ss_list_price LIMIT 100;
2025-07-01T00:12:45.600000,SELECT public.store_sales.ss_sold_date_sk FROM public.store_sales  WHERE public.store_sales.ss_addr_sk <= 63.83 ORDER BY public.store_sales.ss_sold_date_sk LIMIT 100;
2025-07-01T00:12:45.800000,SELECT public.catalog_sales.cs_order_number FROM public.catalog_sales INNER JOIN public.store_sales ON public.catalog_sales.cs_promo_sk = public.store_sales.ss_promo_sk WHERE public.catalog_sales.cs_warehouse_sk <= 95.34 ORDER BY public.catalog_sales.cs_order_number LIMIT 100;
2025-07-01T00:12:46.000000,SELECT public.store_sales.ss_list_price FROM public.store_sales  WHERE public.store_sales.ss_ext_list_price > 87.04 ORDER BY public.store_sales.ss_list_price LIMIT 100;
2025-07-01T00:12:46.200000,SELECT public.store_sales.ss_sold_date_sk FROM public.store_sales  WHERE public.store_sales.ss_addr_sk <= 3.87 ORDER BY public.store_sales.ss_sold_date_sk LIMIT 100;
2025-07-01T00:12:46.400000,SELECT public.store_sales.ss_list_price FROM public.store_sales  WHERE public.store_sales.ss_ext_list_price > 81.77 ORDER BY public.store_sales.ss_list_price LIMIT 100;
2025-07-01T00:12:46.600000,SELECT public.store_sales.ss_ext_discount_amt FROM public.store_sales  WHERE public.store_sales.ss_promo_sk < 38.34 AND public.store_sales.ss_sold_date_sk > 40.02 AND public.store_sales.ss_hdemo_sk > 13.98 ORDER BY public.store_sales.ss_ext_discount_amt LIMIT 100;
2025-07-01T00:12:46.800000,SELECT public.store_sales.ss_ext_discount_amt FROM public.store_sales  WHERE public.store_sales.ss_promo_sk < 86.04 AND public.store_sales.ss_sold_date_sk > 91.35 AND public.store_sales.ss_hdemo_sk > 22.0 ORDER BY public.store_sales.ss_ext_discount_amt LIMIT 100;
2025-07-01T00:12:47.000000,SELECT public.store_sales.ss_sold_date_sk FROM public.store_sales  WHERE public.store_sales.ss_addr_sk <= 78.48 ORDER BY public.store_sales.ss_sold_date_sk LIMIT 100;
2025-07-01T00:12:47.200000,SELECT public.store_sales.ss_ext_discount_amt FROM public.store_sales  WHERE public.store_sales.ss_promo_sk < 5.47 AND public.store_sales.ss_sold_date_sk > 93.65 AND public.store_sales.ss_hdemo_sk > 83.91 ORDER BY public.store_sales.ss_ext_discount_amt LIMIT 100;
2025-07-01T00:12:47.400000,SELECT public.catalog_sales.cs_order_number FROM public.catalog_sales INNER JOIN public.store_sales ON public.catalog_sales.cs_promo_sk = public.store_sales.ss_promo_sk WHERE public.catalog_sales.cs_warehouse_sk <= 68.62 ORDER BY public.catalog_sales.cs_order_number LIMIT 100;
2025-07-01T00:12:47.600000,SELECT public.store_sales.ss_list_price FROM public.store_sales  WHERE public.store_sales.ss_ext_list_price > 27.26 ORDER BY public.store_sales.ss_list_price LIMIT 100;
2025-07-01T00:12:47.800000,SELECT public.store_sales.ss_sold_date_sk FROM public.store_sales  WHERE public.store_sales.ss_addr_sk <= 98.04 ORDER BY public.store_sales.ss_sold_date_sk LIMIT 100;
2025-07-01T00:12:48.000000,SELECT public.catalog_sales.cs_order_number FROM public.catalog_sales INNER JOIN public.store_sales ON public.catalog_sales.cs_promo_sk = public.store_sales.ss_promo_sk WHERE public.catalog_sales.cs_warehouse_sk <= 85.26 ORDER BY public.catalog_sales.cs_order_number LIMIT 100;
2025-07-01T00:12:48.200000,SELECT public.store_sales.ss_item_sk FROM public.store_sales  WHERE public.store_sales.ss_customer_sk > 23.84 AND public.store_sales.ss_wholesale_cost BETWEEN 85.72 AND 95.62 ORDER BY public.store_sales.ss_item_sk LIMIT 100;
2025-07-01T00:12:48.400000,SELECT public.store_sales.ss_sold_date_sk FROM public.store_sales  WHERE public.store_sales.ss_addr_sk <= 51.76 ORDER BY public.store_sales.ss_sold_date_sk LIMIT 100;
2025-07-01T00:12:48.600000,SELECT public.catalog_sales.cs_order_number FROM public.catalog_sales INNER JOIN public.store_sales ON public.catalog_sales.cs_promo_sk = public.store_sales.ss_promo_sk WHERE public.catalog_sales.cs_warehouse_sk <= 92.56 ORDER BY public.catalog_sales.cs_order_number LIMIT 100;
2025-07-01T00:12:48.800000,SELECT public.store_sales.ss_ext_discount_amt FROM public.store_sales  WHERE public.store_sales.ss_promo_sk < 89.67 AND public.store_sales.ss_sold_date_sk > 67.49 AND public.store_sales.ss_hdemo_sk > 24.53 ORDER BY public.store_sales.ss_ext_discount_amt LIMIT 100;
2025-07-01T00:12:49.000000,SELECT public.store_sales.ss_ext_discount_amt FROM public.store_sales  WHERE public.store_sales.ss_promo_sk < 82.16 AND public.store_sales.ss_sold_date_sk > 53.08 AND public.store_sales.ss_hdemo_sk > 99.67 ORDER BY public.store_sales.ss_ext_discount_amt LIMIT 100;
2025-07-01T00:12:49.200000,SELECT public.store_sales.ss_sold_date_sk FROM public.store_sales  WHERE public.store_sales.ss_addr_sk <= 49.84 ORDER BY public.store_sales.ss_sold_date_sk LIMIT 100;
2025-07-01T00:12:49.400000,SELECT public.store_sales.ss_ext_discount_amt FROM public.store_sales  WHERE public.store_sales.ss_promo_sk < 91.12 AND public.store_sales.ss_sold_date_sk > 21.05 AND public.store_sales.ss_hdemo_sk > 54.67 ORDER BY public.store_sales.ss_ext_discount_amt LIMIT 100;
2025-07-01T00:12:49.600000,SELECT public.store_sales.ss_list_price FROM public.store_sales  WHERE public.store_sales.ss_ext_list_price > 65.72 ORDER BY public.store_sales.ss_list_price LIMIT 100;
2025-07-01T00:12:49.800000,SELECT public.store_sales.ss_sold_date_sk FROM public.store_sales  WHERE public.store_sales.ss_addr_sk <= 15.92 ORDER BY public.store_sales.ss_sold_date_sk LIMIT 100;
2025-07-01T00:12:50.000000,SELECT public.store_sales.ss_list_price FROM public.store_sales  WHERE public.store_sales.ss_ext_list_price > 7.63 ORDER BY public.store_sales.ss_list_price LIMIT 100;
2025-07-01T00:12:50.200000,SELECT public.store_sales.ss_sold_date_sk FROM public.store_sales  WHERE public.store_sales.ss_addr_sk <= 44.79 ORDER BY public.store_sales.ss_sold_date_sk LIMIT 100;
2025-07-01T00:12:50.400000,SELECT public.store_sales.ss_ext_discount_amt FROM public.store_sales  WHERE public.store_sales.ss_promo_sk < 93.36 AND public.store_sales.ss_sold_date_sk > 98.1 AND public.store_sales.ss_hdemo_sk > 7.89 ORDER BY public.store_sales.ss_ext_discount_amt LIMIT 100;
2025-07-01T00:12:50.600000,SELECT public.store_sales.ss_item_sk FROM public.store_sales  WHERE public.store_sales.ss_customer_sk > 60.34 AND public.store_sales.ss_wholesale_cost BETWEEN 90.41 AND 100.31 ORDER BY public.store_sales.ss_item_sk LIMIT 100;
2025-07-01T00:12:50.800000,SELECT public.store_sales.ss_sold_date_sk FROM public.store_sales  WHERE public.store_sales.ss_addr_sk <= 93.19 ORDER BY public.store_sales.ss_sold_date_sk LIMIT 100;
2025-07-01T00:12:51.000000,SELECT public.store_sales.ss_list_price FROM public.store_sales  WHERE public.store_sales.ss_ext_list_price > 97.23 ORDER BY public.store_sales.ss_list_price LIMIT 100;
2025-07-01T00:12:51.200000,SELECT public.store_sales.ss_item_sk FROM public.store_sales  WHERE public.store_sales.ss_customer_sk > 63.6 AND public.store_sales.ss_wholesale_cost BETWEEN 88.04 AND 97.94 ORDER BY public.store_sales.ss_item_sk LIMIT 100;
2025-07-01T00:12:51.400000,SELECT public.store_sales.ss_item_sk FROM public.store_sales  WHERE public.store_sales.ss_customer_sk > 76.74 AND public.store_sales.ss_wholesale_cost BETWEEN 26.51 AND 36.41 ORDER BY public.store_sales.ss_item_sk LIMIT 100;
2025-07-01T00:12:51.600000,SELECT public.store_sales.ss_item_sk FROM public.store_sales  WHERE public.store_sales.ss_customer_sk > 40.13 AND public.store_sales.ss_wholesale_cost BETWEEN 70.01 AND 79.91 ORDER BY public.store_sales.ss_item_sk LIMIT 100;
2025-07-01T00:12:51.800000,SELECT public.store_sales.ss_list_price FROM public.store_sales  WHERE public.store_sales.ss_ext_list_price > 89.58 ORDER BY public.store_sales.ss_list_price LIMIT 100;
2025-07-01T00:12:52.000000,SELECT public.catalog_sales.cs_order_number FROM public.catalog_sales INNER JOIN public.store_sales ON public.catalog_sales.cs_promo_sk = public.store_sales.ss_promo_sk WHERE public.catalog_sales.cs_warehouse_sk <= 76.05 ORDER BY public.catalog_sales.cs_order_number LIMIT 100;
2025-07-01T00:12:52.200000,SELECT public.store_sales.ss_list_price FROM public.store_sales  WHERE public.store_sales.ss_ext_list_price > 88.91 ORDER BY public.store_sales.ss_list_price LIMIT 100;
2025-07-01T00:12:52.400000,SELECT public.store_sales.ss_sold_date_sk FROM public.store_sales  WHERE public.store_sales.ss_addr_sk <= 98.2 ORDER BY public.store_sales.ss_sold_date_sk LIMIT 100;
2025-07-01T00:12:52.600000,SELECT public.store_sales.ss_list_price FROM public.store_sales  WHERE public.store_sales.ss_ext_list_price > 53.65 ORDER BY public.store_sales.ss_list_price LIMIT 100;
2025-07-01T00:12:52.800000,SELECT public.store_sales.ss_sold_date_sk FROM public.store_sales  WHERE public.store_sales.ss_addr_sk <= 46.4 ORDER BY public.store_sales.ss_sold_date_sk LIMIT 100;
2025-07-01T00:12:53.000000,SELECT public.store_sales.ss_list_price FROM public.store_sales  WHERE public.store_sales.ss_ext_list_price > 44.0 ORDER BY public.store_sales.ss_list_price LIMIT 100;
2025-07-01T00:12:53.200000,SELECT public.store_sales.ss_ext_discount_amt FROM public.store_sales  WHERE public.store_sales.ss_promo_sk < 52.53 AND public.store_sales.ss_sold_date_sk > 46.9 AND public.store_sales.ss_hdemo_sk > 69.32 ORDER BY public.store_sales.ss_ext_discount_amt LIMIT 100;
2025-07-01T00:12:53.400000,SELECT public.catalog_sales.cs_order_number FROM public.catalog_sales INNER JOIN public.store_sales ON public.catalog_sales.cs_promo_sk = public.store_sales.ss_promo_sk WHERE public.catalog_sales.cs_warehouse_sk <= 58.53 ORDER BY public.catalog_sales.cs_order_number LIMIT 100;
2025-07-01T00:12:53.600000,SELECT public.catalog_sales.cs_order_number FROM public.catalog_sales INNER JOIN public.store_sales ON public.catalog_sales.cs_promo_sk = public.store_sales.ss_promo_sk WHERE public.catalog_sales.cs_warehouse_sk <= 76.73 ORDER BY public.catalog_sales.cs_order_number LIMIT 100;
2025-07-01T00:12:53.800000,SELECT public.store_sales.ss_sold_date_sk FROM public.store_sales  WHERE public.store_sales.ss_addr_sk <= 80.35 ORDER BY public.store_sales.ss_sold_date_sk LIMIT 100;
2025-07-01T00:12:54.000000,SELECT public.store_sales.ss_sold_date_sk FROM public.store_sales  WHERE public.store_sales.ss_addr_sk <= 61.49 ORDER BY public.store_sales.ss_sold_date_sk LIMIT 100;
2025-07-01T00:12:54.200000,SELECT public.store_sales.ss_sold_date_sk FROM public.store_sales  WHERE public.store_sales.ss_addr_sk <= 24.05 ORDER BY public.store_sales.ss_sold_date_sk LIMIT 100;
2025-07-01T00:12:54.400000,SELECT public.store_sales.ss_list_price FROM public.store_sales  WHERE public.store_sales.ss_ext_list_price > 33.0 ORDER BY public.store_sales.ss_list_price LIMIT 100;
2025-07-01T00:12:54.600000,SELECT public.store_sales.ss_sold_date_sk FROM public.store_sales  WHERE public.store_sales.ss_addr_sk <= 77.9 ORDER BY public.store_sales.ss_sold_date_sk LIMIT 100;
2025-07-01T00:12:54.800000,SELECT public.store_sales.ss_item_sk FROM public.store_sales  WHERE public.store_sales.ss_customer_sk > 48.46 AND public.store_sales.ss_wholesale_cost BETWEEN 81.37 AND 91.27 ORDER BY public.store_sales.ss_item_sk LIMIT 100;
2025-07-01T00:12:55.000000,SELECT public.store_sales.ss_list_price FROM public.store_sales  WHERE public.store_sales.ss_ext_list_price > 50.13 ORDER BY public.store_sales.ss_list_price LIMIT 100;
2025-07-01T00:12:55.200000,SELECT public.store_sales.ss_item_sk FROM public.store_sales  WHERE public.store_sales.ss_customer_sk > 73.58 AND public.store_sales.ss_wholesale_cost BETWEEN 32.58 AND 42.48 ORDER BY public.store_sales.ss_item_sk LIMIT 100;
2025-07-01T00:12:55.400000,SELECT public.store_sales.ss_ext_discount_amt FROM public.store_sales  WHERE public.store_sales.ss_promo_sk < 21.56 AND public.store_sales.ss_sold_date_sk > 26.07 AND public.store_sales.ss_hdemo_sk > 3.98 ORDER BY public.store_sales.ss_ext_discount_amt LIMIT 100;
2025-07-01T00:12:55.600000,SELECT public.catalog_sales.cs_order_number FROM public.catalog_sales INNER JOIN public.store_sales ON public.catalog_sales.cs_promo_sk = public.store_sales.ss_promo_sk WHERE public.catalog_sales.cs_warehouse_sk <= 28.84 ORDER BY public.catalog_sales.cs_order_number LIMIT 100;
2025-07-01T00:12:55.800000,SELECT public.store_sales.ss_ext_discount_amt FROM public.store_sales  WHERE public.store_sales.ss_promo_sk < 30.31 AND public.store_sales.ss_sold_date_sk > 37.75 AND public.store_sales.ss_hdemo_sk > 41.08 ORDER BY public.store_sales.ss_ext_discount_amt LIMIT 100;
2025-07-01T00:12:56.000000,SELECT public.store_sales.ss_item_sk FROM public.store_sales  WHERE public.store_sales.ss_customer_sk > 88.92 AND public.store_sales.ss_wholesale_cost BETWEEN 76.41 AND 86.31 ORDER BY public.store_sales.ss_item_sk LIMIT 100;
2025-07-01T00:12:56.200000,SELECT public.store_sales.ss_item_sk FROM public.store_sales  WHERE public.store_sales.ss_customer_sk > 57.31 AND public.store_sales.ss_wholesale_cost BETWEEN 24.74 AND 34.64 ORDER BY public.store_sales.ss_item_sk LIMIT 100;
2025-07-01T00:12:56.400000,SELECT public.store_sales.ss_list_price FROM public.store_sales  WHERE public.store_sales.ss_ext_list_price > 13.94 ORDER BY public.store_sales.ss_list_price LIMIT 100;
2025-07-01T00:12:56.600000,SELECT public.store_sales.ss_list_price FROM public.store_sales  WHERE public.store_sales.ss_ext_list_price > 52.65 ORDER BY public.store_sales.ss_list_price LIMIT 100;
2025-07-01T00:12:56.800000,SELECT public.catalog_sales.cs_order_number FROM public.catalog_sales INNER JOIN public.store_sales ON public.catalog_sales.cs_promo_sk = public.store_sales.ss_promo_sk WHERE public.catalog_sales.cs_warehouse_sk <= 81.59 ORDER BY public.catalog_sales.cs_order_number LIMIT 100;
2025-07-01T00:12:57.000000,SELECT public.store_sales.ss_sold_date_sk FROM public.store_sales  WHERE public.store_sales.ss_addr_sk <= 90.8 ORDER BY public.store_sales.ss_sold_date_sk LIMIT 100;
2025-07-01T00:12:57.200000,SELECT public.store_sales.ss_list_price FROM public.store_sales  WHERE public.store_sales.ss_ext_list_price > 56.64 ORDER BY public.store_sales.ss_list_price LIMIT 100;
2025-07-01T00:12:57.400000,SELECT public.store_sales.ss_item_sk FROM public.store_sales  WHERE public.store_sales.ss_customer_sk > 76.24 AND public.store_sales.ss_wholesale_cost BETWEEN 8.75 AND 18.65 ORDER BY public.store_sales.ss_item_sk LIMIT 100;
2025-07-01T00:12:57.600000,SELECT public.catalog_sales.cs_order_number FROM public.catalog_sales INNER JOIN public.store_sales ON public.catalog_sales.cs_promo_sk = public.store_sales.ss_promo_sk WHERE public.catalog_sales.cs_warehouse_sk <= 87.63 ORDER BY public.catalog_sales.cs_order_number LIMIT 100;
2025-07-01T00:12:57.800000,SELECT public.store_sales.ss_item_sk FROM public.store_sales  WHERE public.store_sales.ss_customer_sk > 78.51 AND public.store_sales.ss_wholesale_cost BETWEEN 16.93 AND 26.83 ORDER BY public.store_sales.ss_item_sk LIMIT 100;
2025-07-01T00:12:58.000000,SELECT public.store_sales.ss_list_price FROM public.store_sales  WHERE public.store_sales.ss_ext_list_price > 75.85 ORDER BY public.store_sales.ss_list_price LIMIT 100;
2025-07-01T00:12:58.200000,SELECT public.store_sales.ss_ext_discount_amt FROM public.store_sales  WHERE public.store_sales.ss_promo_sk < 62.65 AND public.store_sales.ss_sold_date_sk > 75.33 AND public.store_sales.ss_hdemo_sk > 79.57 ORDER BY public.store_sales.ss_ext_discount_amt LIMIT 100;
2025-07-01T00:12:58.400000,SELECT public.store_sales.ss_item_sk FROM public.store_sales  WHERE public.store_sales.ss_customer_sk > 25.79 AND public.store_sales.ss_wholesale_cost BETWEEN 22.07 AND 31.97 ORDER BY public.store_sales.ss_item_sk LIMIT 100;
2025-07-01T00:12:58.600000,SELECT public.store_sales.ss_sold_date_sk FROM public.store_sales  WHERE public.store_sales.ss_addr_sk <= 5.19 ORDER BY public.store_sales.ss_sold_date_sk LIMIT 100;
2025-07-01T00:12:58.800000,SELECT public.catalog_sales.cs_order_number FROM public.catalog_sales INNER JOIN public.store_sales ON public.catalog_sales.cs_promo_sk = public.store_sales.ss_promo_sk WHERE public.catalog_sales.cs_warehouse_sk <= 18.97 ORDER BY public.catalog_sales.cs_order_number LIMIT 100;
2025-07-01T00:12:59.000000,SELECT public.catalog_sales.cs_order_number FROM public.catalog_sales INNER JOIN public.store_sales ON public.catalog_sales.cs_promo_sk = public.store_sales.ss_promo_sk WHERE public.catalog_sales.cs_warehouse_sk <= 61.0 ORDER BY public.catalog_sales.cs_order_number LIMIT 100;
2025-07-01T00:12:59.200000,SELECT public.store_sales.ss_ext_discount_amt FROM public.store_sales  WHERE public.store_sales.ss_promo_sk < 96.02 AND public.store_sales.ss_sold_date_sk > 11.2 AND public.store_sales.ss_hdemo_sk > 5.07 ORDER BY public.store_sales.ss_ext_discount_amt LIMIT 100;
2025-07-01T00:12:59.400000,SELECT public.store_sales.ss_sold_date_sk FROM public.store_sales  WHERE public.store_sales.ss_addr_sk <= 43.71 ORDER BY public.store_sales.ss_sold_date_sk LIMIT 100;
2025-07-01T00:12:59.600000,SELECT public.store_sales.ss_sold_date_sk FROM public.store_sales  WHERE public.store_sales.ss_addr_sk <= 64.45 ORDER BY public.store_sales.ss_sold_date_sk LIMIT 100;
2025-07-01T00:12:59.800000,SELECT public.store_sales.ss_ext_discount_amt FROM public.store_sales  WHERE public.store_sales.ss_promo_sk < 14.58 AND public.store_sales.ss_sold_date_sk > 65.7 AND public.store_sales.ss_hdemo_sk > 45.42 ORDER BY public.store_sales.ss_ext_discount_amt LIMIT 100;
2025-07-01T00:13:00.000000,SELECT public.store_sales.ss_ext_discount_amt FROM public.store_sales  WHERE public.store_sales.ss_promo_sk < 10.51 AND public.store_sales.ss_sold_date_sk > 16.2 AND public.store_sales.ss_hdemo_sk > 53.85 ORDER BY public.store_sales.ss_ext_discount_amt LIMIT 100;
2025-07-01T00:13:00.200000,SELECT public.store_sales.ss_list_price FROM public.store_sales  WHERE public.store_sales.ss_ext_list_price > 4.23 ORDER BY public.store_sales.ss_list_price LIMIT 100;
2025-07-01T00:13:00.400000,SELECT public.store_sales.ss_ext_discount_amt FROM public.store_sales  WHERE public.store_sales.ss_promo_sk < 33.74 AND public.store_sales.ss_sold_date_sk > 93.11 AND public.store_sales.ss_hdemo_sk > 5.81 ORDER BY public.store_sales.ss_ext_discount_amt LIMIT 100;
2025-07-01T00:13:00.600000,SELECT public.store_sales.ss_ext_discount_amt FROM public.store_sales  WHERE public.store_sales.ss_promo_sk < 43.68 AND public.store_sales.ss_sold_date_sk > 4.55 AND public.store_sales.ss_hdemo_sk > 53.93 ORDER BY public.store_sales.ss_ext_discount_amt LIMIT 100;
2025-07-01T00:13:00.800000,SELECT public.catalog_sales.cs_order_number FROM public.catalog_sales INNER JOIN public.store_sales ON public.catalog_sales.cs_promo_sk = public.store_sales.ss_promo_sk WHERE public.catalog_sales.cs_warehouse_sk <= 25.54 ORDER BY public.catalog_sales.cs_order_number LIMIT 100;
2025-07-01T00:13:01.000000,SELECT public.store_sales.ss_item_sk FROM public.store_sales  WHERE public.store_sales.ss_customer_sk > 68.12 AND public.store_sales.ss_wholesale_cost BETWEEN 47.84 AND 57.74 ORDER BY public.store_sales.ss_item_sk LIMIT 100;
2025-07-01T00:13:01.200000,SELECT public.catalog_sales.cs_order_number FROM public.catalog_sales INNER JOIN public.store_sales ON public.catalog_sales.cs_promo_sk = public.store_sales.ss_promo_sk WHERE public.catalog_sales.cs_warehouse_sk <= 17.39 ORDER BY public.catalog_sales.cs_order_number LIMIT 100;
2025-07-01T00:13:01.400000,SELECT public.store_sales.ss_list_price FROM public.store_sales  WHERE public.store_sales.ss_ext_list_price > 27.08 ORDER BY public.store_sales.ss_list_price LIMIT 100;
2025-07-01T00:13:01.600000,SELECT public.store_sales.ss_item_sk FROM public.store_sales  WHERE public.store_sales.ss_customer_sk > 47.35 AND public.store_sales.ss_wholesale_cost BETWEEN 15.91 AND 25.81 ORDER BY public.store_sales.ss_item_sk LIMIT 100;
2025-07-01T00:13:01.800000,SELECT public.store_sales.ss_list_price FROM public.store_sales  WHERE public.store_sales.ss_ext_list_price > 85.83 ORDER BY public.store_sales.ss_list_price LIMIT 100;
2025-07-01T00:13:02.000000,SELECT public.store_sales.ss_ext_discount_amt FROM public.store_sales  WHERE public.store_sales.ss_promo_sk < 84.49 AND public.store_sales.ss_sold_date_sk > 97.84 AND public.store_sales.ss_hdemo_sk > 74.75 ORDER BY public.store_sales.ss_ext_discount_amt LIMIT 100;
2025-07-01T00:13:02.200000,SELECT public.catalog_sales.cs_order_number FROM public.catalog_sales INNER JOIN public.store_sales ON public.catalog_sales.cs_promo_sk = public.store_sales.ss_promo_sk WHERE public.catalog_sales.cs_warehouse_sk <= 23.79 ORDER BY public.catalog_sales.cs_order_number LIMIT 100;
2025-07-01T00:13:02.400000,SELECT public.store_sales.ss_item_sk FROM public.store_sales  WHERE public.store_sales.ss_customer_sk > 16.27 AND public.store_sales.ss_wholesale_cost BETWEEN 89.22 AND 99.12 ORDER BY public.store_sales.ss_item_sk LIMIT 100;
2025-07-01T00:13:02.600000,SELECT public.store_sales.ss_item_sk FROM public.store_sales  WHERE public.store_sales.ss_customer_sk > 88.68 AND public.store_sales.ss_wholesale_cost BETWEEN 17.43 AND 27.33 ORDER BY public.store_sales.ss_item_sk LIMIT 100;
2025-07-01T00:13:02.800000,SELECT public.store_sales.ss_ext_discount_amt FROM public.store_sales  WHERE public.store_sales.ss_promo_sk < 79.68 AND public.store_sales.ss_sold_date_sk > 83.93 AND public.store_sales.ss_hdemo_sk > 29.16 ORDER BY public.store_sales.ss_ext_discount_amt LIMIT 100;
2025-07-01T00:13:03.000000,SELECT public.store_sales.ss_item_sk FROM public.store_sales  WHERE public.store_sales.ss_customer_sk > 33.07 AND public.store_sales.ss_wholesale_cost BETWEEN 43.55 AND 53.45 ORDER BY public.store_sales.ss_item_sk LIMIT 100;
2025-07-01T00:13:03.200000,SELECT public.store_sales.ss_sold_date_sk FROM public.store_sales  WHERE public.store_sales.ss_addr_sk <= 32.08 ORDER BY public.store_sales.ss_sold_date_sk LIMIT 100;
2025-07-01T00:13:03.400000,SELECT public.store_sales.ss_item_sk FROM public.store_sales  WHERE public.store_sales.ss_customer_sk > 36.41 AND public.store_sales.ss_wholesale_cost BETWEEN 43.41 AND 53.31 ORDER BY public.store_sales.ss_item_sk LIMIT 100;
2025-07-01T00:13:03.600000,SELECT public.store_sales.ss_ext_discount_amt FROM public.store_sales  WHERE public.store_sales.ss_promo_sk < 72.89 AND public.store_sales.ss_sold_date_sk > 46.65 AND public.store_sales.ss_hdemo_sk > 66.34 ORDER BY public.store_sales.ss_ext_discount_amt LIMIT 100;
2025-07-01T00:13:03.800000,SELECT public.store_sales.ss_ext_discount_amt FROM public.store_sales  WHERE public.store_sales.ss_promo_sk < 75.8 AND public.store_sales.ss_sold_date_sk > 26.48 AND public.store_sales.ss_hdemo_sk > 82.85 ORDER BY public.store_sales.ss_ext_discount_amt LIMIT 100;
2025-07-01T00:13:04.000000,SELECT public.store_sales.ss_ext_discount_amt FROM public.store_sales  WHERE public.store_sales.ss_promo_sk < 21.0 AND public.store_sales.ss_sold_date_sk > 2.75 AND public.store_sales.ss_hdemo_sk > 45.87 ORDER BY public.store_sales.ss_ext_discount_amt LIMIT 100;
2025-07-01T00:13:04.200000,SELECT public.store_sales.ss_sold_date_sk FROM public.store_sales  WHERE public.store_sales.ss_addr_sk <= 18.14 ORDER BY public.store_sales.ss_sold_date_sk LIMIT 100;
2025-07-01T00:13:04.400000,SELECT public.store_sales.ss_item_sk FROM public.store_sales  WHERE public.store_sales.ss_customer_sk > 71.11 AND public.store_sales.ss_wholesale_cost BETWEEN 13.39 AND 23.29 ORDER BY public.store_sales.ss_item_sk LIMIT 100;
2025-07-01T00:13:04.600000,SELECT public.store_sales.ss_ext_discount_amt FROM public.store_sales  WHERE public.store_sales.ss_promo_sk < 88.6 AND public.store_sales.ss_sold_date_sk > 66.68 AND public.store_sales.ss_hdemo_sk > 12.07 ORDER BY public.store_sales.ss_ext_discount_amt LIMIT 100;
2025-07-01T00:13:04.800000,SELECT public.store_sales.ss_sold_date_sk FROM public.store_sales  WHERE public.store_sales.ss_addr_sk <= 85.01 ORDER BY public.store_sales.ss_sold_date_sk LIMIT 100;
2025-07-01T00:13:05.000000,SELECT public.store_sales.ss_ext_discount_amt FROM public.store_sales  WHERE public.store_sales.ss_promo_sk < 9.4 AND public.store_sales.ss_sold_date_sk > 55.99 AND public.store_sales.ss_hdemo_sk > 80.4 ORDER BY public.store_sales.ss_ext_discount_amt LIMIT 100;
2025-07-01T00:13:05.200000,SELECT public.store_sales.ss_sold_date_sk FROM public.store_sales  WHERE public.store_sales.ss_addr_sk <= 48.77 ORDER BY public.store_sales.ss_sold_date_sk LIMIT 100;
2025-07-01T00:13:05.400000,SELECT public.store_sales.ss_item_sk FROM public.store_sales  WHERE public.store_sales.ss_customer_sk > 23.01 AND public.store_sales.ss_wholesale_cost BETWEEN 39.71 AND 49.61 ORDER BY public.store_sales.ss_item_sk LIMIT 100;
2025-07-01T00:13:05.600000,SELECT public.store_sales.ss_item_sk FROM public.store_sales  WHERE public.store_sales.ss_customer_sk > 48.03 AND public.store_sales.ss_wholesale_cost BETWEEN 55.79 AND 65.69 ORDER BY public.store_sales.ss_item_sk LIMIT 100;
2025-07-01T00:13:05.800000,SELECT public.store_sales.ss_item_sk FROM public.store_sales  WHERE public.store_sales.ss_customer_sk > 11.76 AND public.store_sales.ss_wholesale_cost BETWEEN 18.34 AND 28.24 ORDER BY public.store_sales.ss_item_sk LIMIT 100;
2025-07-01T00:13:06.000000,SELECT public.store_sales.ss_ext_discount_amt FROM public.store_sales  WHERE public.store_sales.ss_promo_sk < 5.37 AND public.store_sales.ss_sold_date_sk > 40.73 AND public.store_sales.ss_hdemo_sk > 33.07 ORDER BY public.store_sales.ss_ext_discount_amt LIMIT 100;
2025-07-01T00:13:06.200000,SELECT public.catalog_sales.cs_order_number FROM public.catalog_sales INNER JOIN public.store_sales ON public.catalog_sales.cs_promo_sk = public.store_sales.ss_promo_sk WHERE public.catalog_sales.cs_warehouse_sk <= 95.9 ORDER BY public.catalog_sales.cs_order_number LIMIT 100;
2025-07-01T00:13:06.400000,SELECT public.store_sales.ss_sold_date_sk FROM public.store_sales  WHERE public.store_sales.ss_addr_sk <= 94.12 ORDER BY public.store_sales.ss_sold_date_sk LIMIT 100;
2025-07-01T00:13:06.600000,SELECT public.store_sales.ss_list_price FROM public.store_sales  WHERE public.store_sales.ss_ext_list_price > 74.96 ORDER BY public.store_sales.ss_list_price LIMIT 100;
2025-07-01T00:13:06.800000,SELECT public.store_sales.ss_ext_discount_amt FROM public.store_sales  WHERE public.store_sales.ss_promo_sk < 19.75 AND public.store_sales.ss_sold_date_sk > 29.32 AND public.store_sales.ss_hdemo_sk > 96.47 ORDER BY public.store_sales.ss_ext_discount_amt LIMIT 100;
2025-07-01T00:13:07.000000,SELECT public.store_sales.ss_list_price FROM public.store_sales  WHERE public.store_sales.ss_ext_list_price > 24.52 ORDER BY public.store_sales.ss_list_price LIMIT 100;
2025-07-01T00:13:07.200000,SELECT public.store_sales.ss_item_sk FROM public.store_sales  WHERE public.store_sales.ss_customer_sk > 45.61 AND public.store_sales.ss_wholesale_cost BETWEEN 13.96 AND 23.86 ORDER BY public.store_sales.ss_item_sk LIMIT 100;
2025-07-01T00:13:07.400000,SELECT public.store_sales.ss_list_price FROM public.store_sales  WHERE public.store_sales.ss_ext_list_price > 19.76 ORDER BY public.store_sales.ss_list_price LIMIT 100;
2025-07-01T00:13:07.600000,SELECT public.store_sales.ss_sold_date_sk FROM public.store_sales  WHERE public.store_sales.ss_addr_sk <= 31.17 ORDER BY public.store_sales.ss_sold_date_sk LIMIT 100;
2025-07-01T00:13:07.800000,SELECT public.store_sales.ss_sold_date_sk FROM public.store_sales  WHERE public.store_sales.ss_addr_sk <= 69.08 ORDER BY public.store_sales.ss_sold_date_sk LIMIT 100;
2025-07-01T00:13:08.000000,SELECT public.store_sales.ss_ext_discount_amt FROM public.store_sales  WHERE public.store_sales.ss_promo_sk < 94.21 AND public.store_sales.ss_sold_date_sk > 12.94 AND public.store_sales.ss_hdemo_sk > 89.72 ORDER BY public.store_sales.ss_ext_discount_amt LIMIT 100;
2025-07-01T00:13:08.200000,SELECT public.store_sales.ss_ext_discount_amt FROM public.store_sales  WHERE public.store_sales.ss_promo_sk < 49.87 AND public.store_sales.ss_sold_date_sk > 97.12 AND public.store_sales.ss_hdemo_sk > 38.69 ORDER BY public.store_sales.ss_ext_discount_amt LIMIT 100;
2025-07-01T00:13:08.400000,SELECT public.catalog_sales.cs_order_number FROM public.catalog_sales INNER JOIN public.store_sales ON public.catalog_sales.cs_promo_sk = public.store_sales.ss_promo_sk WHERE public.catalog_sales.cs_warehouse_sk <= 89.19 ORDER BY public.catalog_sales.cs_order_number LIMIT 100;
2025-07-01T00:13:08.600000,SELECT public.store_sales.ss_list_price FROM public.store_sales  WHERE public.store_sales.ss_ext_list_price > 51.26 ORDER BY public.store_sales.ss_list_price LIMIT 100;
2025-07-01T00:13:08.800000,SELECT public.store_sales.ss_list_price FROM public.store_sales  WHERE public.store_sales.ss_ext_list_price > 71.11 ORDER BY public.store_sales.ss_list_price LIMIT 100;
2025-07-01T00:13:09.000000,SELECT public.store_sales.ss_ext_discount_amt FROM public.store_sales  WHERE public.store_sales.ss_promo_sk < 39.9 AND public.store_sales.ss_sold_date_sk > 87.63 AND public.store_sales.ss_hdemo_sk > 97.58 ORDER BY public.store_sales.ss_ext_discount_amt LIMIT 100;
2025-07-01T00:13:09.200000,SELECT public.catalog_sales.cs_order_number FROM public.catalog_sales INNER JOIN public.store_sales ON public.catalog_sales.cs_promo_sk = public.store_sales.ss_promo_sk WHERE public.catalog_sales.cs_warehouse_sk <= 90.36 ORDER BY public.catalog_sales.cs_order_number LIMIT 100;
2025-07-01T00:13:09.400000,SELECT public.store_sales.ss_item_sk FROM public.store_sales  WHERE public.store_sales.ss_customer_sk > 63.06 AND public.store_sales.ss_wholesale_cost BETWEEN 70.03 AND 79.93 ORDER BY public.store_sales.ss_item_sk LIMIT 100;
2025-07-01T00:13:09.600000,SELECT public.store_sales.ss_item_sk FROM public.store_sales  WHERE public.store_sales.ss_customer_sk > 22.45 AND public.store_sales.ss_wholesale_cost BETWEEN 64.25 AND 74.15 ORDER BY public.store_sales.ss_item_sk LIMIT 100;
2025-07-01T00:13:09.800000,SELECT public.store_sales.ss_ext_discount_amt FROM public.store_sales  WHERE public.store_sales.ss_promo_sk < 7.27 AND public.store_sales.ss_sold_date_sk > 20.32 AND public.store_sales.ss_hdemo_sk > 57.29 ORDER BY public.store_sales.ss_ext_discount_amt LIMIT 100;
2025-07-01T00:13:10.000000,SELECT public.store_sales.ss_ext_discount_amt FROM public.store_sales  WHERE public.store_sales.ss_promo_sk < 14.69 AND public.store_sales.ss_sold_date_sk > 77.66 AND public.store_sales.ss_hdemo_sk > 12.45 ORDER BY public.store_sales.ss_ext_discount_amt LIMIT 100;
2025-07-01T00:13:10.200000,SELECT public.store_sales.ss_item_sk FROM public.store_sales  WHERE public.store_sales.ss_customer_sk > 15.6 AND public.store_sales.ss_wholesale_cost BETWEEN 23.12 AND 33.02 ORDER BY public.store_sales.ss_item_sk LIMIT 100;
2025-07-01T00:13:10.400000,SELECT public.catalog_sales.cs_order_number FROM public.catalog_sales INNER JOIN public.store_sales ON public.catalog_sales.cs_promo_sk = public.store_sales.ss_promo_sk WHERE public.catalog_sales.cs_warehouse_sk <= 97.59 ORDER BY public.catalog_sales.cs_order_number LIMIT 100;
2025-07-01T00:13:10.600000,SELECT public.store_sales.ss_list_price FROM public.store_sales  WHERE public.store_sales.ss_ext_list_price > 55.28 ORDER BY public.store_sales.ss_list_price LIMIT 100;
2025-07-01T00:13:10.800000,SELECT public.store_sales.ss_ext_discount_amt FROM public.store_sales  WHERE public.store_sales.ss_promo_sk < 58.88 AND public.store_sales.ss_sold_date_sk > 13.56 AND public.store_sales.ss_hdemo_sk > 89.83 ORDER BY public.store_sales.ss_ext_discount_amt LIMIT 100;
2025-07-01T00:13:11.000000,SELECT public.catalog_sales.cs_order_number FROM public.catalog_sales INNER JOIN public.store_sales ON public.catalog_sales.cs_promo_sk = public.store_sales.ss_promo_sk WHERE public.catalog_sales.cs_warehouse_sk <= 89.72 ORDER BY public.catalog_sales.cs_order_number LIMIT 100;
2025-07-01T00:13:11.200000,SELECT public.catalog_sales.cs_order_number FROM public.catalog_sales INNER JOIN public.store_sales ON public.catalog_sales.cs_promo_sk = public.store_sales.ss_promo_sk WHERE public.catalog_sales.cs_warehouse_sk <= 43.16 ORDER BY public.catalog_sales.cs_order_number LIMIT 100;
2025-07-01T00:13:11.400000,SELECT public.store_sales.ss_sold_date_sk FROM public.store_sales  WHERE public.store_sales.ss_addr_sk <= 99.91 ORDER BY public.store_sales.ss_sold_date_sk LIMIT 100;
2025-07-01T00:13:11.600000,SELECT public.store_sales.ss_sold_date_sk FROM public.store_sales  WHERE public.store_sales.ss_addr_sk <= 32.13 ORDER BY public.store_sales.ss_sold_date_sk LIMIT 100;
2025-07-01T00:13:11.800000,SELECT public.store_sales.ss_list_price FROM public.store_sales  WHERE public.store_sales.ss_ext_list_price > 57.21 ORDER BY public.store_sales.ss_list_price LIMIT 100;
2025-07-01T00:13:12.000000,SELECT public.store_sales.ss_ext_discount_amt FROM public.store_sales  WHERE public.store_sales.ss_promo_sk < 10.94 AND public.store_sales.ss_sold_date_sk > 27.19 AND public.store_sales.ss_hdemo_sk > 84.8 ORDER BY public.store_sales.ss_ext_discount_amt LIMIT 100;
2025-07-01T00:13:12.200000,SELECT public.store_sales.ss_list_price FROM public.store_sales  WHERE public.store_sales.ss_ext_list_price > 43.2 ORDER BY public.store_sales.ss_list_price LIMIT 100;
2025-07-01T00:13:12.400000,SELECT public.catalog_sales.cs_order_number FROM public.catalog_sales INNER JOIN public.store_sales ON public.catalog_sales.cs_promo_sk = public.store_sales.ss_promo_sk WHERE public.catalog_sales.cs_warehouse_sk <= 31.72 ORDER BY public.catalog_sales.cs_order_number LIMIT 100;
2025-07-01T00:13:12.600000,SELECT public.store_sales.ss_sold_date_sk FROM public.store_sales  WHERE public.store_sales.ss_addr_sk <= 3.46 ORDER BY public.store_sales.ss_sold_date_sk LIMIT 100;
2025-07-01T00:13:12.800000,SELECT public.store_sales.ss_list_price FROM public.store_sales  WHERE public.store_sales.ss_ext_list_price > 61.44 ORDER BY public.store_sales.ss_list_price LIMIT 100;
2025-07-01T00:13:13.000000,SELECT public.store_sales.ss_list_price FROM public.store_sales  WHERE public.store_sales.ss_ext_list_price > 84.92 ORDER BY public.store_sales.ss_list_price LIMIT 100;
2025-07-01T00:13:13.200000,SELECT public.store_sales.ss_sold_date_sk FROM public.store_sales  WHERE public.store_sales.ss_addr_sk <= 60.99 ORDER BY public.store_sales.ss_sold_date_sk LIMIT 100;
2025-07-01T00:13:13.400000,SELECT public.store_sales.ss_item_sk FROM public.store_sales  WHERE public.store_sales.ss_customer_sk > 17.57 AND public.store_sales.ss_wholesale_cost BETWEEN 58.09 AND 67.99 ORDER BY public.store_sales.ss_item_sk LIMIT 100;
2025-07-01T00:13:13.600000,SELECT public.catalog_sales.cs_order_number FROM public.catalog_sales INNER JOIN public.store_sales ON public.catalog_sales.cs_promo_sk = public.store_sales.ss_promo_sk WHERE public.catalog_sales.cs_warehouse_sk <= 6.77 ORDER BY public.catalog_sales.cs_order_number LIMIT 100;
2025-07-01T00:13:13.800000,SELECT public.store_sales.ss_ext_discount_amt FROM public.store_sales  WHERE public.store_sales.ss_promo_sk < 44.2 AND public.store_sales.ss_sold_date_sk > 77.69 AND public.store_sales.ss_hdemo_sk > 4.45 ORDER BY public.store_sales.ss_ext_discount_amt LIMIT 100;
2025-07-01T00:13:14.000000,SELECT public.store_sales.ss_ext_discount_amt FROM public.store_sales  WHERE public.store_sales.ss_promo_sk < 83.17 AND public.store_sales.ss_sold_date_sk > 97.61 AND public.store_sales.ss_hdemo_sk > 84.37 ORDER BY public.store_sales.ss_ext_discount_amt LIMIT 100;
2025-07-01T00:13:14.200000,SELECT public.store_sales.ss_item_sk FROM public.store_sales  WHERE public.store_sales.ss_customer_sk > 33.3 AND public.store_sales.ss_wholesale_cost BETWEEN 59.56 AND 69.46 ORDER BY public.store_sales.ss_item_sk LIMIT 100;
2025-07-01T00:13:14.400000,SELECT public.store_sales.ss_sold_date_sk FROM public.store_sales  WHERE public.store_sales.ss_addr_sk <= 47.94 ORDER BY public.store_sales.ss_sold_date_sk LIMIT 100;
2025-07-01T00:13:14.600000,SELECT public.catalog_sales.cs_order_number FROM public.catalog_sales INNER JOIN public.store_sales ON public.catalog_sales.cs_promo_sk = public.store_sales.ss_promo_sk WHERE public.catalog_sales.cs_warehouse_sk <= 65.54 ORDER BY public.catalog_sales.cs_order_number LIMIT 100;
2025-07-01T00:13:14.800000,SELECT public.catalog_sales.cs_order_number FROM public.catalog_sales INNER JOIN public.store_sales ON public.catalog_sales.cs_promo_sk = public.store_sales.ss_promo_sk WHERE public.catalog_sales.cs_warehouse_sk <= 29.54 ORDER BY public.catalog_sales.cs_order_number LIMIT 100;
2025-07-01T00:13:15.000000,SELECT public.catalog_sales.cs_order_number FROM public.catalog_sales INNER JOIN public.store_sales ON public.catalog_sales.cs_promo_sk = public.store_sales.ss_promo_sk WHERE public.catalog_sales.cs_warehouse_sk <= 20.27 ORDER BY public.catalog_sales.cs_order_number LIMIT 100;
2025-07-01T00:13:15.200000,SELECT public.store_sales.ss_item_sk FROM public.store_sales  WHERE public.store_sales.ss_customer_sk > 61.82 AND public.store_sales.ss_wholesale_cost BETWEEN 33.05 AND 42.95 ORDER BY public.store_sales.ss_item_sk LIMIT 100;
2025-07-01T00:13:15.400000,SELECT public.catalog_sales.cs_order_number FROM public.catalog_sales INNER JOIN public.store_sales ON public.catalog_sales.cs_promo_sk = public.store_sales.ss_promo_sk WHERE public.catalog_sales.cs_warehouse_sk <= 15.25 ORDER BY public.catalog_sales.cs_order_number LIMIT 100;
2025-07-01T00:13:15.600000,SELECT public.store_sales.ss_ext_discount_amt FROM public.store_sales  WHERE public.store_sales.ss_promo_sk < 32.79 AND public.store_sales.ss_sold_date_sk > 20.13 AND public.store_sales.ss_hdemo_sk > 11.23 ORDER BY public.store_sales.ss_ext_discount_amt LIMIT 100;
2025-07-01T00:13:15.800000,SELECT public.catalog_sales.cs_order_number FROM public.catalog_sales INNER JOIN public.store_sales ON public.catalog_sales.cs_promo_sk = public.store_sales.ss_promo_sk WHERE public.catalog_sales.cs_warehouse_sk <= 14.89 ORDER BY public.catalog_sales.cs_order_number LIMIT 100;
2025-07-01T00:13:16.000000,SELECT public.store_sales.ss_list_price FROM public.store_sales  WHERE public.store_sales.ss_ext_list_price > 99.29 ORDER BY public.store_sales.ss_list_price LIMIT 100;
2025-07-01T00:13:16.200000,SELECT public.store_sales.ss_ext_discount_amt FROM public.store_sales  WHERE public.store_sales.ss_promo_sk < 11.36 AND public.store_sales.ss_sold_date_sk > 90.49 AND public.store_sales.ss_hdemo_sk > 86.69 ORDER BY public.store_sales.ss_ext_discount_amt LIMIT 100;
2025-07-01T00:13:16.400000,SELECT public.catalog_sales.cs_order_number FROM public.catalog_sales INNER JOIN public.store_sales ON public.catalog_sales.cs_promo_sk = public.store_sales.ss_promo_sk WHERE public.catalog_sales.cs_warehouse_sk <= 83.11 ORDER BY public.catalog_sales.cs_order_number LIMIT 100;
2025-07-01T00:13:16.600000,SELECT public.store_sales.ss_ext_discount_amt FROM public.store_sales  WHERE public.store_sales.ss_promo_sk < 39.62 AND public.store_sales.ss_sold_date_sk > 99.86 AND public.store_sales.ss_hdemo_sk > 20.07 ORDER BY public.store_sales.ss_ext_discount_amt LIMIT 100;
2025-07-01T00:13:16.800000,SELECT public.store_sales.ss_item_sk FROM public.store_sales  WHERE public.store_sales.ss_customer_sk > 90.85 AND public.store_sales.ss_wholesale_cost BETWEEN 75.52 AND 85.42 ORDER BY public.store_sales.ss_item_sk LIMIT 100;
2025-07-01T00:13:17.000000,SELECT public.store_sales.ss_ext_discount_amt FROM public.store_sales  WHERE public.store_sales.ss_promo_sk < 4.82 AND public.store_sales.ss_sold_date_sk > 68.36 AND public.store_sales.ss_hdemo_sk > 56.7 ORDER BY public.store_sales.ss_ext_discount_amt LIMIT 100;
2025-07-01T00:13:17.200000,SELECT public.catalog_sales.cs_order_number FROM public.catalog_sales INNER JOIN public.store_sales ON public.catalog_sales.cs_promo_sk = public.store_sales.ss_promo_sk WHERE public.catalog_sales.cs_warehouse_sk <= 63.4 ORDER BY public.catalog_sales.cs_order_number LIMIT 100;
2025-07-01T00:13:17.400000,SELECT public.store_sales.ss_sold_date_sk FROM public.store_sales  WHERE public.store_sales.ss_addr_sk <= 59.77 ORDER BY public.store_sales.ss_sold_date_sk LIMIT 100;
2025-07-01T00:13:17.600000,SELECT public.store_sales.ss_ext_discount_amt FROM public.store_sales  WHERE public.store_sales.ss_promo_sk < 16.39 AND public.store_sales.ss_sold_date_sk > 87.56 AND public.store_sales.ss_hdemo_sk > 29.04 ORDER BY public.store_sales.ss_ext_discount_amt LIMIT 100;
2025-07-01T00:13:17.800000,SELECT public.store_sales.ss_ext_discount_amt FROM public.store_sales  WHERE public.store_sales.ss_promo_sk < 51.31 AND public.store_sales.ss_sold_date_sk > 49.46 AND public.store_sales.ss_hdemo_sk > 33.98 ORDER BY public.store_sales.ss_ext_discount_amt LIMIT 100;
2025-07-01T00:13:18.000000,SELECT public.store_sales.ss_ext_discount_amt FROM public.store_sales  WHERE public.store_sales.ss_promo_sk < 98.36 AND public.store_sales.ss_sold_date_sk > 42.51 AND public.store_sales.ss_hdemo_sk > 51.94 ORDER BY public.store_sales.ss_ext_discount_amt LIMIT 100;
2025-07-01T00:13:18.200000,SELECT public.store_sales.ss_sold_date_sk FROM public.store_sales  WHERE public.store_sales.ss_addr_sk <= 99.55 ORDER BY public.store_sales.ss_sold_date_sk LIMIT 100;
2025-07-01T00:13:18.400000,SELECT public.catalog_sales.cs_order_number FROM public.catalog_sales INNER JOIN public.store_sales ON public.catalog_sales.cs_promo_sk = public.store_sales.ss_promo_sk WHERE public.catalog_sales.cs_warehouse_sk <= 83.51 ORDER BY public.catalog_sales.cs_order_number LIMIT 100;
2025-07-01T00:13:18.600000,SELECT public.catalog_sales.cs_order_number FROM public.catalog_sales INNER JOIN public.store_sales ON public.catalog_sales.cs_promo_sk = public.store_sales.ss_promo_sk WHERE public.catalog_sales.cs_warehouse_sk <= 72.51 ORDER BY public.catalog_sales.cs_order_number LIMIT 100;
2025-07-01T00:13:18.800000,SELECT public.store_sales.ss_ext_discount_amt FROM public.store_sales  WHERE public.store_sales.ss_promo_sk < 30.18 AND public.store_sales.ss_sold_date_sk > 66.7 AND public.store_sales.ss_hdemo_sk > 83.79 ORDER BY public.store_sales.ss_ext_discount_amt LIMIT 100;
2025-07-01T00:13:19.000000,SELECT public.catalog_sales.cs_order_number FROM public.catalog_sales INNER JOIN public.store_sales ON public.catalog_sales.cs_promo_sk = public.store_sales.ss_promo_sk WHERE public.catalog_sales.cs_warehouse_sk <= 93.67 ORDER BY public.catalog_sales.cs_order_number LIMIT 100;
2025-07-01T00:13:19.200000,SELECT public.store_sales.ss_ext_discount_amt FROM public.store_sales  WHERE public.store_sales.ss_promo_sk < 70.44 AND public.store_sales.ss_sold_date_sk > 95.34 AND public.store_sales.ss_hdemo_sk > 61.4 ORDER BY public.store_sales.ss_ext_discount_amt LIMIT 100;
2025-07-01T00:13:19.400000,SELECT public.store_sales.ss_ext_discount_amt FROM public.store_sales  WHERE public.store_sales.ss_promo_sk < 27.22 AND public.store_sales.ss_sold_date_sk > 61.44 AND public.store_sales.ss_hdemo_sk > 21.33 ORDER BY public.store_sales.ss_ext_discount_amt LIMIT 100;
2025-07-01T00:13:19.600000,SELECT public.store_sales.ss_item_sk FROM public.store_sales  WHERE public.store_sales.ss_customer_sk > 91.82 AND public.store_sales.ss_wholesale_cost BETWEEN 80.3 AND 90.2 ORDER BY public.store_sales.ss_item_sk LIMIT 100;
2025-07-01T00:13:19.800000,SELECT public.store_sales.ss_item_sk FROM public.store_sales  WHERE public.store_sales.ss_customer_sk > 47.28 AND public.store_sales.ss_wholesale_cost BETWEEN 34.86 AND 44.76 ORDER BY public.store_sales.ss_item_sk LIMIT 100;
2025-07-01T00:13:20.000000,SELECT public.store_sales.ss_ext_discount_amt FROM public.store_sales  WHERE public.store_sales.ss_promo_sk < 21.49 AND public.store_sales.ss_sold_date_sk > 42.85 AND public.store_sales.ss_hdemo_sk > 18.44 ORDER BY public.store_sales.ss_ext_discount_amt LIMIT 100;
2025-07-01T00:13:20.200000,SELECT public.store_sales.ss_item_sk FROM public.store_sales  WHERE public.store_sales.ss_customer_sk > 34.02 AND public.store_sales.ss_wholesale_cost BETWEEN 28.79 AND 38.69 ORDER BY public.store_sales.ss_item_sk LIMIT 100;
2025-07-01T00:13:20.400000,SELECT public.store_sales.ss_sold_date_sk FROM public.store_sales  WHERE public.store_sales.ss_addr_sk <= 60.48 ORDER BY public.store_sales.ss_sold_date_sk LIMIT 100;
2025-07-01T00:13:20.600000,SELECT public.catalog_sales.cs_order_number FROM public.catalog_sales INNER JOIN public.store_sales ON public.catalog_sales.cs_promo_sk = public.store_sales.ss_promo_sk WHERE public.catalog_sales.cs_warehouse_sk <= 92.83 ORDER BY public.catalog_sales.cs_order_number LIMIT 100;
2025-07-01T00:13:20.800000,SELECT public.store_sales.ss_ext_discount_amt FROM public.store_sales  WHERE public.store_sales.ss_promo_sk < 38.34 AND public.store_sales.ss_sold_date_sk > 72.21 AND public.store_sales.ss_hdemo_sk > 88.87 ORDER BY public.store_sales.ss_ext_discount_amt LIMIT 100;
2025-07-01T00:13:21.000000,SELECT public.store_sales.ss_item_sk FROM public.store_sales  WHERE public.store_sales.ss_customer_sk > 78.99 AND public.store_sales.ss_wholesale_cost BETWEEN 33.95 AND 43.85 ORDER BY public.store_sales.ss_item_sk LIMIT 100;
2025-07-01T00:13:21.200000,SELECT public.store_sales.ss_sold_date_sk FROM public.store_sales  WHERE public.store_sales.ss_addr_sk <= 71.25 ORDER BY public.store_sales.ss_sold_date_sk LIMIT 100;
2025-07-01T00:13:21.400000,SELECT public.store_sales.ss_list_price FROM public.store_sales  WHERE public.store_sales.ss_ext_list_price > 38.3 ORDER BY public.store_sales.ss_list_price LIMIT 100;
2025-07-01T00:13:21.600000,SELECT public.store_sales.ss_sold_date_sk FROM public.store_sales  WHERE public.store_sales.ss_addr_sk <= 29.53 ORDER BY public.store_sales.ss_sold_date_sk LIMIT 100;
2025-07-01T00:13:21.800000,SELECT public.store_sales.ss_ext_discount_amt FROM public.store_sales  WHERE public.store_sales.ss_promo_sk < 1.4 AND public.store_sales.ss_sold_date_sk > 2.64 AND public.store_sales.ss_hdemo_sk > 99.32 ORDER BY public.store_sales.ss_ext_discount_amt LIMIT 100;
2025-07-01T00:13:22.000000,SELECT public.store_sales.ss_ext_discount_amt FROM public.store_sales  WHERE public.store_sales.ss_promo_sk < 9.4 AND public.store_sales.ss_sold_date_sk > 34.85 AND public.store_sales.ss_hdemo_sk > 72.05 ORDER BY public.store_sales.ss_ext_discount_amt LIMIT 100;
2025-07-01T00:13:22.200000,SELECT public.store_sales.ss_sold_date_sk FROM public.store_sales  WHERE public.store_sales.ss_addr_sk <= 60.25 ORDER BY public.store_sales.ss_sold_date_sk LIMIT 100;
2025-07-01T00:13:22.400000,SELECT public.store_sales.ss_ext_discount_amt FROM public.store_sales  WHERE public.store_sales.ss_promo_sk < 56.56 AND public.store_sales.ss_sold_date_sk > 39.15 AND public.store_sales.ss_hdemo_sk > 27.8 ORDER BY public.store_sales.ss_ext_discount_amt LIMIT 100;
2025-07-01T00:13:22.600000,SELECT public.store_sales.ss_list_price FROM public.store_sales  WHERE public.store_sales.ss_ext_list_price > 83.24 ORDER BY public.store_sales.ss_list_price LIMIT 100;
2025-07-01T00:13:22.800000,SELECT public.catalog_sales.cs_order_number FROM public.catalog_sales INNER JOIN public.store_sales ON public.catalog_sales.cs_promo_sk = public.store_sales.ss_promo_sk WHERE public.catalog_sales.cs_warehouse_sk <= 74.16 ORDER BY public.catalog_sales.cs_order_number LIMIT 100;
2025-07-01T00:13:23.000000,SELECT public.catalog_sales.cs_order_number FROM public.catalog_sales INNER JOIN public.store_sales ON public.catalog_sales.cs_promo_sk = public.store_sales.ss_promo_sk WHERE public.catalog_sales.cs_warehouse_sk <= 10.81 ORDER BY public.catalog_sales.cs_order_number LIMIT 100;
2025-07-01T00:13:23.200000,SELECT public.store_sales.ss_sold_date_sk FROM public.store_sales  WHERE public.store_sales.ss_addr_sk <= 42.27 ORDER BY public.store_sales.ss_sold_date_sk LIMIT 100;
2025-07-01T00:13:23.400000,SELECT public.catalog_sales.cs_order_number FROM public.catalog_sales INNER JOIN public.store_sales ON public.catalog_sales.cs_promo_sk = public.store_sales.ss_promo_sk WHERE public.catalog_sales.cs_warehouse_sk <= 77.62 ORDER BY public.catalog_sales.cs_order_number LIMIT 100;
2025-07-01T00:13:23.600000,SELECT public.store_sales.ss_ext_discount_amt FROM public.store_sales  WHERE public.store_sales.ss_promo_sk < 17.18 AND public.store_sales.ss_sold_date_sk > 67.16 AND public.store_sales.ss_hdemo_sk > 38.3 ORDER BY public.store_sales.ss_ext_discount_amt LIMIT 100;
2025-07-01T00:13:23.800000,SELECT public.store_sales.ss_sold_date_sk FROM public.store_sales  WHERE public.store_sales.ss_addr_sk <= 25.12 ORDER BY public.store_sales.ss_sold_date_sk LIMIT 100;
2025-07-01T00:13:24.000000,SELECT public.store_sales.ss_sold_date_sk FROM public.store_sales  WHERE public.store_sales.ss_addr_sk <= 24.84 ORDER BY public.store_sales.ss_sold_date_sk LIMIT 100;
2025-07-01T00:13:24.200000,SELECT public.store_sales.ss_sold_date_sk FROM public.store_sales  WHERE public.store_sales.ss_addr_sk <= 27.38 ORDER BY public.store_sales.ss_sold_date_sk LIMIT 100;
2025-07-01T00:13:24.400000,SELECT public.store_sales.ss_sold_date_sk FROM public.store_sales  WHERE public.store_sales.ss_addr_sk <= 11.39 ORDER BY public.store_sales.ss_sold_date_sk LIMIT 100;
2025-07-01T00:13:24.600000,SELECT public.store_sales.ss_ext_discount_amt FROM public.store_sales  WHERE public.store_sales.ss_promo_sk < 29.17 AND public.store_sales.ss_sold_date_sk > 89.8 AND public.store_sales.ss_hdemo_sk > 24.27 ORDER BY public.store_sales.ss_ext_discount_amt LIMIT 100;
2025-07-01T00:13:24.800000,SELECT public.store_sales.ss_sold_date_sk FROM public.store_sales  WHERE public.store_sales.ss_addr_sk <= 76.63 ORDER BY public.store_sales.ss_sold_date_sk LIMIT 100;
2025-07-01T00:13:25.000000,SELECT public.store_sales.ss_list_price FROM public.store_sales  WHERE public.store_sales.ss_ext_list_price > 27.19 ORDER BY public.store_sales.ss_list_price LIMIT 100;
2025-07-01T00:13:25.200000,SELECT public.store_sales.ss_ext_discount_amt FROM public.store_sales  WHERE public.store_sales.ss_promo_sk < 99.36 AND public.store_sales.ss_sold_date_sk > 95.91 AND public.store_sales.ss_hdemo_sk > 5.0 ORDER BY public.store_sales.ss_ext_discount_amt LIMIT 100;
2025-07-01T00:13:25.400000,SELECT public.store_sales.ss_list_price FROM public.store_sales  WHERE public.store_sales.ss_ext_list_price > 80.83 ORDER BY public.store_sales.ss_list_price LIMIT 100;
2025-07-01T00:13:25.600000,SELECT public.catalog_sales.cs_order_number FROM public.catalog_sales INNER JOIN public.store_sales ON public.catalog_sales.cs_promo_sk = public.store_sales.ss_promo_sk WHERE public.catalog_sales.cs_warehouse_sk <= 15.47 ORDER BY public.catalog_sales.cs_order_number LIMIT 100;
2025-07-01T00:13:25.800000,SELECT public.store_sales.ss_ext_discount_amt FROM public.store_sales  WHERE public.store_sales.ss_promo_sk < 73.64 AND public.store_sales.ss_sold_date_sk > 75.25 AND public.store_sales.ss_hdemo_sk > 35.3 ORDER BY public.store_sales.ss_ext_discount_amt LIMIT 100;
2025-07-01T00:13:26.000000,SELECT public.store_sales.ss_list_price FROM public.store_sales  WHERE public.store_sales.ss_ext_list_price > 10.31 ORDER BY public.store_sales.ss_list_price LIMIT 100;
2025-07-01T00:13:26.200000,SELECT public.store_sales.ss_ext_discount_amt FROM public.store_sales  WHERE public.store_sales.ss_promo_sk < 13.48 AND public.store_sales.ss_sold_date_sk > 15.23 AND public.store_sales.ss_hdemo_sk > 69.62 ORDER BY public.store_sales.ss_ext_discount_amt LIMIT 100;
2025-07-01T00:13:26.400000,SELECT public.store_sales.ss_ext_discount_amt FROM public.store_sales  WHERE public.store_sales.ss_promo_sk < 6.21 AND public.store_sales.ss_sold_date_sk > 94.61 AND public.store_sales.ss_hdemo_sk > 39.86 ORDER BY public.store_sales.ss_ext_discount_amt LIMIT 100;
2025-07-01T00:13:26.600000,SELECT public.store_sales.ss_ext_discount_amt FROM public.store_sales  WHERE public.store_sales.ss_promo_sk < 30.64 AND public.store_sales.ss_sold_date_sk > 24.9 AND public.store_sales.ss_hdemo_sk > 32.93 ORDER BY public.store_sales.ss_ext_discount_amt LIMIT 100;
2025-07-01T00:13:26.800000,SELECT public.store_sales.ss_ext_discount_amt FROM public.store_sales  WHERE public.store_sales.ss_promo_sk < 85.95 AND public.store_sales.ss_sold_date_sk > 1.45 AND public.store_sales.ss_hdemo_sk > 51.95 ORDER BY public.store_sales.ss_ext_discount_amt LIMIT 100;
2025-07-01T00:13:27.000000,SELECT public.store_sales.ss_list_price FROM public.store_sales  WHERE public.store_sales.ss_ext_list_price > 83.72 ORDER BY public.store_sales.ss_list_price LIMIT 100;
2025-07-01T00:13:27.200000,SELECT public.store_sales.ss_item_sk FROM public.store_sales  WHERE public.store_sales.ss_customer_sk > 61.42 AND public.store_sales.ss_wholesale_cost BETWEEN 57.78 AND 67.68 ORDER BY public.store_sales.ss_item_sk LIMIT 100;
2025-07-01T00:13:27.400000,SELECT public.store_sales.ss_list_price FROM public.store_sales  WHERE public.store_sales.ss_ext_list_price > 16.03 ORDER BY public.store_sales.ss_list_price LIMIT 100;
2025-07-01T00:13:27.600000,SELECT public.catalog_sales.cs_order_number FROM public.catalog_sales INNER JOIN public.store_sales ON public.catalog_sales.cs_promo_sk = public.store_sales.ss_promo_sk WHERE public.catalog_sales.cs_warehouse_sk <= 57.6 ORDER BY public.catalog_sales.cs_order_number LIMIT 100;
2025-07-01T00:13:27.800000,SELECT public.store_sales.ss_ext_discount_amt FROM public.store_sales  WHERE public.store_sales.ss_promo_sk < 20.98 AND public.store_sales.ss_sold_date_sk > 80.26 AND public.store_sales.ss_hdemo_sk > 62.16 ORDER BY public.store_sales.ss_ext_discount_amt LIMIT 100;
2025-07-01T00:13:28.000000,SELECT public.store_sales.ss_ext_discount_amt FROM public.store_sales  WHERE public.store_sales.ss_promo_sk < 65.06 AND public.store_sales.ss_sold_date_sk > 34.89 AND public.store_sales.ss_hdemo_sk > 41.41 ORDER BY public.store_sales.ss_ext_discount_amt LIMIT 100;
2025-07-01T00:13:28.200000,SELECT public.store_sales.ss_sold_date_sk FROM public.store_sales  WHERE public.store_sales.ss_addr_sk <= 11.95 ORDER BY public.store_sales.ss_sold_date_sk LIMIT 100;
2025-07-01T00:13:28.400000,SELECT public.catalog_sales.cs_order_number FROM public.catalog_sales INNER JOIN public.store_sales ON public.catalog_sales.cs_promo_sk = public.store_sales.ss_promo_sk WHERE public.catalog_sales.cs_warehouse_sk <= 70.04 ORDER BY public.catalog_sales.cs_order_number LIMIT 100;
2025-07-01T00:13:28.600000,SELECT public.store_sales.ss_item_sk FROM public.store_sales  WHERE public.store_sales.ss_customer_sk > 55.87 AND public.store_sales.ss_wholesale_cost BETWEEN 57.61 AND 67.51 ORDER BY public.store_sales.ss_item_sk LIMIT 100;
2025-07-01T00:13:28.800000,SELECT public.store_sales.ss_item_sk FROM public.store_sales  WHERE public.store_sales.ss_customer_sk > 23.14 AND public.store_sales.ss_wholesale_cost BETWEEN 41.08 AND 50.98 ORDER BY public.store_sales.ss_item_sk LIMIT 100;
2025-07-01T00:13:29.000000,SELECT public.store_sales.ss_sold_date_sk FROM public.store_sales  WHERE public.store_sales.ss_addr_sk <= 37.85 ORDER BY public.store_sales.ss_sold_date_sk LIMIT 100;
2025-07-01T00:13:29.200000,SELECT public.store_sales.ss_list_price FROM public.store_sales  WHERE public.store_sales.ss_ext_list_price > 21.69 ORDER BY public.store_sales.ss_list_price LIMIT 100;
2025-07-01T00:13:29.400000,SELECT public.store_sales.ss_list_price FROM public.store_sales  WHERE public.store_sales.ss_ext_list_price > 70.13 ORDER BY public.store_sales.ss_list_price LIMIT 100;
2025-07-01T00:13:29.600000,SELECT public.store_sales.ss_item_sk FROM public.store_sales  WHERE public.store_sales.ss_customer_sk > 76.28 AND public.store_sales.ss_wholesale_cost BETWEEN 42.83 AND 52.73 ORDER BY public.store_sales.ss_item_sk LIMIT 100;
2025-07-01T00:13:29.800000,SELECT public.store_sales.ss_item_sk FROM public.store_sales  WHERE public.store_sales.ss_customer_sk > 91.07 AND public.store_sales.ss_wholesale_cost BETWEEN 25.26 AND 35.16 ORDER BY public.store_sales.ss_item_sk LIMIT 100;
2025-07-01T00:13:30.000000,SELECT public.store_sales.ss_ext_discount_amt FROM public.store_sales  WHERE public.store_sales.ss_promo_sk < 48.32 AND public.store_sales.ss_sold_date_sk > 42.75 AND public.store_sales.ss_hdemo_sk > 7.62 ORDER BY public.store_sales.ss_ext_discount_amt LIMIT 100;
2025-07-01T00:13:30.200000,SELECT public.store_sales.ss_item_sk FROM public.store_sales  WHERE public.store_sales.ss_customer_sk > 13.27 AND public.store_sales.ss_wholesale_cost BETWEEN 19.66 AND 29.56 ORDER BY public.store_sales.ss_item_sk LIMIT 100;
2025-07-01T00:13:30.400000,SELECT public.store_sales.ss_ext_discount_amt FROM public.store_sales  WHERE public.store_sales.ss_promo_sk < 84.73 AND public.store_sales.ss_sold_date_sk > 62.06 AND public.store_sales.ss_hdemo_sk > 54.69 ORDER BY public.store_sales.ss_ext_discount_amt LIMIT 100;
2025-07-01T00:13:30.600000,SELECT public.store_sales.ss_ext_discount_amt FROM public.store_sales  WHERE public.store_sales.ss_promo_sk < 23.64 AND public.store_sales.ss_sold_date_sk > 72.47 AND public.store_sales.ss_hdemo_sk > 17.72 ORDER BY public.store_sales.ss_ext_discount_amt LIMIT 100;
2025-07-01T00:13:30.800000,SELECT public.catalog_sales.cs_order_number FROM public.catalog_sales INNER JOIN public.store_sales ON public.catalog_sales.cs_promo_sk = public.store_sales.ss_promo_sk WHERE public.catalog_sales.cs_warehouse_sk <= 66.62 ORDER BY public.catalog_sales.cs_order_number LIMIT 100;
2025-07-01T00:13:31.000000,SELECT public.catalog_sales.cs_order_number FROM public.catalog_sales INNER JOIN public.store_sales ON public.catalog_sales.cs_promo_sk = public.store_sales.ss_promo_sk WHERE public.catalog_sales.cs_warehouse_sk <= 56.15 ORDER BY public.catalog_sales.cs_order_number LIMIT 100;
2025-07-01T00:13:31.200000,SELECT public.store_sales.ss_item_sk FROM public.store_sales  WHERE public.store_sales.ss_customer_sk > 5.69 AND public.store_sales.ss_wholesale_cost BETWEEN 24.42 AND 34.32 ORDER BY public.store_sales.ss_item_sk LIMIT 100;
2025-07-01T00:13:31.400000,SELECT public.store_sales.ss_list_price FROM public.store_sales  WHERE public.store_sales.ss_ext_list_price > 54.18 ORDER BY public.store_sales.ss_list_price LIMIT 100;
2025-07-01T00:13:31.600000,SELECT public.store_sales.ss_item_sk FROM public.store_sales  WHERE public.store_sales.ss_customer_sk > 15.53 AND public.store_sales.ss_wholesale_cost BETWEEN 29.34 AND 39.24 ORDER BY public.store_sales.ss_item_sk LIMIT 100;
2025-07-01T00:13:31.800000,SELECT public.store_sales.ss_item_sk FROM public.store_sales  WHERE public.store_sales.ss_customer_sk > 18.31 AND public.store_sales.ss_wholesale_cost BETWEEN 17.79 AND 27.69 ORDER BY public.store_sales.ss_item_sk LIMIT 100;
2025-07-01T00:13:32.000000,SELECT public.catalog_sales.cs_order_number FROM public.catalog_sales INNER JOIN public.store_sales ON public.catalog_sales.cs_promo_sk = public.store_sales.ss_promo_sk WHERE public.catalog_sales.cs_warehouse_sk <= 46.43 ORDER BY public.catalog_sales.cs_order_number LIMIT 100;
2025-07-01T00:13:32.200000,SELECT public.store_sales.ss_ext_discount_amt FROM public.store_sales  WHERE public.store_sales.ss_promo_sk < 72.85 AND public.store_sales.ss_sold_date_sk > 57.13 AND public.store_sales.ss_hdemo_sk > 76.08 ORDER BY public.store_sales.ss_ext_discount_amt LIMIT 100;
2025-07-01T00:13:32.400000,SELECT public.store_sales.ss_ext_discount_amt FROM public.store_sales  WHERE public.store_sales.ss_promo_sk < 13.07 AND public.store_sales.ss_sold_date_sk > 85.39 AND public.store_sales.ss_hdemo_sk > 75.67 ORDER BY public.store_sales.ss_ext_discount_amt LIMIT 100;
2025-07-01T00:13:32.600000,SELECT public.store_sales.ss_list_price FROM public.store_sales  WHERE public.store_sales.ss_ext_list_price > 61.63 ORDER BY public.store_sales.ss_list_price LIMIT 100;
2025-07-01T00:13:32.800000,SELECT public.store_sales.ss_ext_discount_amt FROM public.store_sales  WHERE public.store_sales.ss_promo_sk < 52.25 AND public.store_sales.ss_sold_date_sk > 49.57 AND public.store_sales.ss_hdemo_sk > 53.44 ORDER BY public.store_sales.ss_ext_discount_amt LIMIT 100;
2025-07-01T00:13:33.000000,SELECT public.store_sales.ss_sold_date_sk FROM public.store_sales  WHERE public.store_sales.ss_addr_sk <= 84.6 ORDER BY public.store_sales.ss_sold_date_sk LIMIT 100;
2025-07-01T00:13:33.200000,SELECT public.store_sales.ss_list_price FROM public.store_sales  WHERE public.store_sales.ss_ext_list_price > 37.59 ORDER BY public.store_sales.ss_list_price LIMIT 100;
2025-07-01T00:13:33.400000,SELECT public.store_sales.ss_list_price FROM public.store_sales  WHERE public.store_sales.ss_ext_list_price > 24.24 ORDER BY public.store_sales.ss_list_price LIMIT 100;
2025-07-01T00:13:33.600000,SELECT public.store_sales.ss_ext_discount_amt FROM public.store_sales  WHERE public.store_sales.ss_promo_sk < 88.16 AND public.store_sales.ss_sold_date_sk > 54.08 AND public.store_sales.ss_hdemo_sk > 62.56 ORDER BY public.store_sales.ss_ext_discount_amt LIMIT 100;
2025-07-01T00:13:33.800000,SELECT public.store_sales.ss_ext_discount_amt FROM public.store_sales  WHERE public.store_sales.ss_promo_sk < 88.95 AND public.store_sales.ss_sold_date_sk > 93.04 AND public.store_sales.ss_hdemo_sk > 10.88 ORDER BY public.store_sales.ss_ext_discount_amt LIMIT 100;
2025-07-01T00:13:34.000000,SELECT public.store_sales.ss_sold_date_sk FROM public.store_sales  WHERE public.store_sales.ss_addr_sk <= 45.98 ORDER BY public.store_sales.ss_sold_date_sk LIMIT 100;
2025-07-01T00:13:34.200000,SELECT public.catalog_sales.cs_order_number FROM public.catalog_sales INNER JOIN public.store_sales ON public.catalog_sales.cs_promo_sk = public.store_sales.ss_promo_sk WHERE public.catalog_sales.cs_warehouse_sk <= 68.57 ORDER BY public.catalog_sales.cs_order_number LIMIT 100;
2025-07-01T00:13:34.400000,SELECT public.store_sales.ss_sold_date_sk FROM public.store_sales  WHERE public.store_sales.ss_addr_sk <= 98.02 ORDER BY public.store_sales.ss_sold_date_sk LIMIT 100;
2025-07-01T00:13:34.600000,SELECT public.store_sales.ss_list_price FROM public.store_sales  WHERE public.store_sales.ss_ext_list_price > 43.41 ORDER BY public.store_sales.ss_list_price LIMIT 100;
2025-07-01T00:13:34.800000,SELECT public.store_sales.ss_ext_discount_amt FROM public.store_sales  WHERE public.store_sales.ss_promo_sk < 39.84 AND public.store_sales.ss_sold_date_sk > 91.61 AND public.store_sales.ss_hdemo_sk > 50.19 ORDER BY public.store_sales.ss_ext_discount_amt LIMIT 100;
2025-07-01T00:13:35.000000,SELECT public.store_sales.ss_ext_discount_amt FROM public.store_sales  WHERE public.store_sales.ss_promo_sk < 87.58 AND public.store_sales.ss_sold_date_sk > 34.59 AND public.store_sales.ss_hdemo_sk > 53.55 ORDER BY public.store_sales.ss_ext_discount_amt LIMIT 100;
2025-07-01T00:13:35.200000,SELECT public.store_sales.ss_item_sk FROM public.store_sales  WHERE public.store_sales.ss_customer_sk > 61.02 AND public.store_sales.ss_wholesale_cost BETWEEN 88.99 AND 98.89 ORDER BY public.store_sales.ss_item_sk LIMIT 100;
2025-07-01T00:13:35.400000,SELECT public.store_sales.ss_sold_date_sk FROM public.store_sales  WHERE public.store_sales.ss_addr_sk <= 11.54 ORDER BY public.store_sales.ss_sold_date_sk LIMIT 100;
2025-07-01T00:13:35.600000,SELECT public.store_sales.ss_sold_date_sk FROM public.store_sales  WHERE public.store_sales.ss_addr_sk <= 19.17 ORDER BY public.store_sales.ss_sold_date_sk LIMIT 100;
2025-07-01T00:13:35.800000,SELECT public.store_sales.ss_item_sk FROM public.store_sales  WHERE public.store_sales.ss_customer_sk > 37.78 AND public.store_sales.ss_wholesale_cost BETWEEN 14.74 AND 24.64 ORDER BY public.store_sales.ss_item_sk LIMIT 100;
2025-07-01T00:13:36.000000,SELECT public.catalog_sales.cs_order_number FROM public.catalog_sales INNER JOIN public.store_sales ON public.catalog_sales.cs_promo_sk = public.store_sales.ss_promo_sk WHERE public.catalog_sales.cs_warehouse_sk <= 78.61 ORDER BY public.catalog_sales.cs_order_number LIMIT 100;
2025-07-01T00:13:36.200000,SELECT public.store_sales.ss_ext_discount_amt FROM public.store_sales  WHERE public.store_sales.ss_promo_sk < 89.41 AND public.store_sales.ss_sold_date_sk > 15.25 AND public.store_sales.ss_hdemo_sk > 88.03 ORDER BY public.store_sales.ss_ext_discount_amt LIMIT 100;
2025-07-01T00:13:36.400000,SELECT public.catalog_sales.cs_order_number FROM public.catalog_sales INNER JOIN public.store_sales ON public.catalog_sales.cs_promo_sk = public.store_sales.ss_promo_sk WHERE public.catalog_sales.cs_warehouse_sk <= 49.37 ORDER BY public.catalog_sales.cs_order_number LIMIT 100;
2025-07-01T00:13:36.600000,SELECT public.store_sales.ss_list_price FROM public.store_sales  WHERE public.store_sales.ss_ext_list_price > 87.34 ORDER BY public.store_sales.ss_list_price LIMIT 100;
2025-07-01T00:13:36.800000,SELECT public.store_sales.ss_list_price FROM public.store_sales  WHERE public.store_sales.ss_ext_list_price > 53.86 ORDER BY public.store_sales.ss_list_price LIMIT 100;
2025-07-01T00:13:37.000000,SELECT public.store_sales.ss_sold_date_sk FROM public.store_sales  WHERE public.store_sales.ss_addr_sk <= 49.92 ORDER BY public.store_sales.ss_sold_date_sk LIMIT 100;
2025-07-01T00:13:37.200000,SELECT public.store_sales.ss_ext_discount_amt FROM public.store_sales  WHERE public.store_sales.ss_promo_sk < 16.9 AND public.store_sales.ss_sold_date_sk > 77.72 AND public.store_sales.ss_hdemo_sk > 50.16 ORDER BY public.store_sales.ss_ext_discount_amt LIMIT 100;
2025-07-01T00:13:37.400000,SELECT public.store_sales.ss_ext_discount_amt FROM public.store_sales  WHERE public.store_sales.ss_promo_sk < 2.23 AND public.store_sales.ss_sold_date_sk > 79.81 AND public.store_sales.ss_hdemo_sk > 52.5 ORDER BY public.store_sales.ss_ext_discount_amt LIMIT 100;
2025-07-01T00:13:37.600000,SELECT public.store_sales.ss_sold_date_sk FROM public.store_sales  WHERE public.store_sales.ss_addr_sk <= 67.45 ORDER BY public.store_sales.ss_sold_date_sk LIMIT 100;
2025-07-01T00:13:37.800000,SELECT public.catalog_sales.cs_order_number FROM public.catalog_sales INNER JOIN public.store_sales ON public.catalog_sales.cs_promo_sk = public.store_sales.ss_promo_sk WHERE public.catalog_sales.cs_warehouse_sk <= 20.79 ORDER BY public.catalog_sales.cs_order_number LIMIT 100;
2025-07-01T00:13:38.000000,SELECT public.store_sales.ss_ext_discount_amt FROM public.store_sales  WHERE public.store_sales.ss_promo_sk < 54.11 AND public.store_sales.ss_sold_date_sk > 96.58 AND public.store_sales.ss_hdemo_sk > 96.39 ORDER BY public.store_sales.ss_ext_discount_amt LIMIT 100;
2025-07-01T00:13:38.200000,SELECT public.store_sales.ss_sold_date_sk FROM public.store_sales  WHERE public.store_sales.ss_addr_sk <= 12.59 ORDER BY public.store_sales.ss_sold_date_sk LIMIT 100;
2025-07-01T00:13:38.400000,SELECT public.store_sales.ss_sold_date_sk FROM public.store_sales  WHERE public.store_sales.ss_addr_sk <= 69.79 ORDER BY public.store_sales.ss_sold_date_sk LIMIT 100;
2025-07-01T00:13:38.600000,SELECT public.store_sales.ss_list_price FROM public.store_sales  WHERE public.store_sales.ss_ext_list_price > 39.13 ORDER BY public.store_sales.ss_list_price LIMIT 100;
2025-07-01T00:13:38.800000,SELECT public.store_sales.ss_sold_date_sk FROM public.store_sales  WHERE public.store_sales.ss_addr_sk <= 38.57 ORDER BY public.store_sales.ss_sold_date_sk LIMIT 100;
2025-07-01T00:13:39.000000,SELECT public.store_sales.ss_list_price FROM public.store_sales  WHERE public.store_sales.ss_ext_list_price > 20.1 ORDER BY public.store_sales.ss_list_price LIMIT 100;
2025-07-01T00:13:39.200000,SELECT public.store_sales.ss_ext_discount_amt FROM public.store_sales  WHERE public.store_sales.ss_promo_sk < 12.78 AND public.store_sales.ss_sold_date_sk > 91.77 AND public.store_sales.ss_hdemo_sk > 32.83 ORDER BY public.store_sales.ss_ext_discount_amt LIMIT 100;
2025-07-01T00:13:39.400000,SELECT public.catalog_sales.cs_order_number FROM public.catalog_sales INNER JOIN public.store_sales ON public.catalog_sales.cs_promo_sk = public.store_sales.ss_promo_sk WHERE public.catalog_sales.cs_warehouse_sk <= 69.73 ORDER BY public.catalog_sales.cs_order_number LIMIT 100;
2025-07-01T00:13:39.600000,SELECT public.store_sales.ss_list_price FROM public.store_sales  WHERE public.store_sales.ss_ext_list_price > 50.92 ORDER BY public.store_sales.ss_list_price LIMIT 100;
2025-07-01T00:13:39.800000,SELECT public.store_sales.ss_sold_date_sk FROM public.store_sales  WHERE public.store_sales.ss_addr_sk <= 92.85 ORDER BY public.store_sales.ss_sold_date_sk LIMIT 100;
2025-07-01T00:13:40.000000,SELECT public.store_sales.ss_ext_discount_amt FROM public.store_sales  WHERE public.store_sales.ss_promo_sk < 64.26 AND public.store_sales.ss_sold_date_sk > 1.23 AND public.store_sales.ss_hdemo_sk > 99.34 ORDER BY public.store_sales.ss_ext_discount_amt LIMIT 100;
2025-07-01T00:13:40.200000,SELECT public.store_sales.ss_list_price FROM public.store_sales  WHERE public.store_sales.ss_ext_list_price > 43.09 ORDER BY public.store_sales.ss_list_price LIMIT 100;
2025-07-01T00:13:40.400000,SELECT public.store_sales.ss_ext_discount_amt FROM public.store_sales  WHERE public.store_sales.ss_promo_sk < 44.56 AND public.store_sales.ss_sold_date_sk > 13.45 AND public.store_sales.ss_hdemo_sk > 10.08 ORDER BY public.store_sales.ss_ext_discount_amt LIMIT 100;
2025-07-01T00:13:40.600000,SELECT public.store_sales.ss_ext_discount_amt FROM public.store_sales  WHERE public.store_sales.ss_promo_sk < 33.21 AND public.store_sales.ss_sold_date_sk > 91.0 AND public.store_sales.ss_hdemo_sk > 53.42 ORDER BY public.store_sales.ss_ext_discount_amt LIMIT 100;
2025-07-01T00:13:40.800000,SELECT public.catalog_sales.cs_order_number FROM public.catalog_sales INNER JOIN public.store_sales ON public.catalog_sales.cs_promo_sk = public.store_sales.ss_promo_sk WHERE public.catalog_sales.cs_warehouse_sk <= 9.91 ORDER BY public.catalog_sales.cs_order_number LIMIT 100;
2025-07-01T00:13:41.000000,SELECT public.catalog_sales.cs_order_number FROM public.catalog_sales INNER JOIN public.store_sales ON public.catalog_sales.cs_promo_sk = public.store_sales.ss_promo_sk WHERE public.catalog_sales.cs_warehouse_sk <= 82.64 ORDER BY public.catalog_sales.cs_order_number LIMIT 100;
2025-07-01T00:13:41.200000,SELECT public.store_sales.ss_ext_discount_amt FROM public.store_sales  WHERE public.store_sales.ss_promo_sk < 24.4 AND public.store_sales.ss_sold_date_sk > 5.86 AND public.store_sales.ss_hdemo_sk > 16.21 ORDER BY public.store_sales.ss_ext_discount_amt LIMIT 100;
2025-07-01T00:13:41.400000,SELECT public.store_sales.ss_sold_date_sk FROM public.store_sales  WHERE public.store_sales.ss_addr_sk <= 51.91 ORDER BY public.store_sales.ss_sold_date_sk LIMIT 100;
2025-07-01T00:13:41.600000,SELECT public.store_sales.ss_item_sk FROM public.store_sales  WHERE public.store_sales.ss_customer_sk > 84.43 AND public.store_sales.ss_wholesale_cost BETWEEN 40.24 AND 50.14 ORDER BY public.store_sales.ss_item_sk LIMIT 100;
2025-07-01T00:13:41.800000,SELECT public.catalog_sales.cs_order_number FROM public.catalog_sales INNER JOIN public.store_sales ON public.catalog_sales.cs_promo_sk = public.store_sales.ss_promo_sk WHERE public.catalog_sales.cs_warehouse_sk <= 24.16 ORDER BY public.catalog_sales.cs_order_number LIMIT 100;
2025-07-01T00:13:42.000000,SELECT public.store_sales.ss_sold_date_sk FROM public.store_sales  WHERE public.store_sales.ss_addr_sk <= 46.82 ORDER BY public.store_sales.ss_sold_date_sk LIMIT 100;
2025-07-01T00:13:42.200000,SELECT public.store_sales.ss_list_price FROM public.store_sales  WHERE public.store_sales.ss_ext_list_price > 92.92 ORDER BY public.store_sales.ss_list_price LIMIT 100;
2025-07-01T00:13:42.400000,SELECT public.store_sales.ss_list_price FROM public.store_sales  WHERE public.store_sales.ss_ext_list_price > 36.16 ORDER BY public.store_sales.ss_list_price LIMIT 100;
2025-07-01T00:13:42.600000,SELECT public.store_sales.ss_item_sk FROM public.store_sales  WHERE public.store_sales.ss_customer_sk > 81.22 AND public.store_sales.ss_wholesale_cost BETWEEN 33.46 AND 43.36 ORDER BY public.store_sales.ss_item_sk LIMIT 100;
2025-07-01T00:13:42.800000,SELECT public.store_sales.ss_ext_discount_amt FROM public.store_sales  WHERE public.store_sales.ss_promo_sk < 39.76 AND public.store_sales.ss_sold_date_sk > 9.89 AND public.store_sales.ss_hdemo_sk > 8.67 ORDER BY public.store_sales.ss_ext_discount_amt LIMIT 100;
2025-07-01T00:13:43.000000,SELECT public.store_sales.ss_item_sk FROM public.store_sales  WHERE public.store_sales.ss_customer_sk > 22.33 AND public.store_sales.ss_wholesale_cost BETWEEN 69.83 AND 79.73 ORDER BY public.store_sales.ss_item_sk LIMIT 100;
2025-07-01T00:13:43.200000,SELECT public.store_sales.ss_list_price FROM public.store_sales  WHERE public.store_sales.ss_ext_list_price > 4.84 ORDER BY public.store_sales.ss_list_price LIMIT 100;
2025-07-01T00:13:43.400000,SELECT public.store_sales.ss_sold_date_sk FROM public.store_sales  WHERE public.store_sales.ss_addr_sk <= 52.98 ORDER BY public.store_sales.ss_sold_date_sk LIMIT 100;
2025-07-01T00:13:43.600000,SELECT public.catalog_sales.cs_order_number FROM public.catalog_sales INNER JOIN public.store_sales ON public.catalog_sales.cs_promo_sk = public.store_sales.ss_promo_sk WHERE public.catalog_sales.cs_warehouse_sk <= 16.21 ORDER BY public.catalog_sales.cs_order_number LIMIT 100;
2025-07-01T00:13:43.800000,SELECT public.store_sales.ss_ext_discount_amt FROM public.store_sales  WHERE public.store_sales.ss_promo_sk < 96.19 AND public.store_sales.ss_sold_date_sk > 18.67 AND public.store_sales.ss_hdemo_sk > 20.75 ORDER BY public.store_sales.ss_ext_discount_amt LIMIT 100;
2025-07-01T00:13:44.000000,SELECT public.catalog_sales.cs_order_number FROM public.catalog_sales INNER JOIN public.store_sales ON public.catalog_sales.cs_promo_sk = public.store_sales.ss_promo_sk WHERE public.catalog_sales.cs_warehouse_sk <= 78.82 ORDER BY public.catalog_sales.cs_order_number LIMIT 100;
2025-07-01T00:13:44.200000,SELECT public.catalog_sales.cs_order_number FROM public.catalog_sales INNER JOIN public.store_sales ON public.catalog_sales.cs_promo_sk = public.store_sales.ss_promo_sk WHERE public.catalog_sales.cs_warehouse_sk <= 16.08 ORDER BY public.catalog_sales.cs_order_number LIMIT 100;
2025-07-01T00:13:44.400000,SELECT public.store_sales.ss_sold_date_sk FROM public.store_sales  WHERE public.store_sales.ss_addr_sk <= 76.53 ORDER BY public.store_sales.ss_sold_date_sk LIMIT 100;
2025-07-01T00:13:44.600000,SELECT public.store_sales.ss_list_price FROM public.store_sales  WHERE public.store_sales.ss_ext_list_price > 80.12 ORDER BY public.store_sales.ss_list_price LIMIT 100;
2025-07-01T00:13:44.800000,SELECT public.store_sales.ss_list_price FROM public.store_sales  WHERE public.store_sales.ss_ext_list_price > 50.57 ORDER BY public.store_sales.ss_list_price LIMIT 100;
2025-07-01T00:13:45.000000,SELECT public.catalog_sales.cs_order_number FROM public.catalog_sales INNER JOIN public.store_sales ON public.catalog_sales.cs_promo_sk = public.store_sales.ss_promo_sk WHERE public.catalog_sales.cs_warehouse_sk <= 78.1 ORDER BY public.catalog_sales.cs_order_number LIMIT 100;
2025-07-01T00:13:45.200000,SELECT public.store_sales.ss_list_price FROM public.store_sales  WHERE public.store_sales.ss_ext_list_price > 52.68 ORDER BY public.store_sales.ss_list_price LIMIT 100;
2025-07-01T00:13:45.400000,SELECT public.store_sales.ss_list_price FROM public.store_sales  WHERE public.store_sales.ss_ext_list_price > 42.2 ORDER BY public.store_sales.ss_list_price LIMIT 100;
2025-07-01T00:13:45.600000,SELECT public.store_sales.ss_item_sk FROM public.store_sales  WHERE public.store_sales.ss_customer_sk > 58.44 AND public.store_sales.ss_wholesale_cost BETWEEN 72.72 AND 82.62 ORDER BY public.store_sales.ss_item_sk LIMIT 100;
2025-07-01T00:13:45.800000,SELECT public.store_sales.ss_sold_date_sk FROM public.store_sales  WHERE public.store_sales.ss_addr_sk <= 98.92 ORDER BY public.store_sales.ss_sold_date_sk LIMIT 100;
2025-07-01T00:13:46.000000,SELECT public.store_sales.ss_sold_date_sk FROM public.store_sales  WHERE public.store_sales.ss_addr_sk <= 15.16 ORDER BY public.store_sales.ss_sold_date_sk LIMIT 100;
2025-07-01T00:13:46.200000,SELECT public.store_sales.ss_ext_discount_amt FROM public.store_sales  WHERE public.store_sales.ss_promo_sk < 50.06 AND public.store_sales.ss_sold_date_sk > 11.96 AND public.store_sales.ss_hdemo_sk > 25.99 ORDER BY public.store_sales.ss_ext_discount_amt LIMIT 100;
2025-07-01T00:13:46.400000,SELECT public.store_sales.ss_sold_date_sk FROM public.store_sales  WHERE public.store_sales.ss_addr_sk <= 77.44 ORDER BY public.store_sales.ss_sold_date_sk LIMIT 100;
2025-07-01T00:13:46.600000,SELECT public.store_sales.ss_sold_date_sk FROM public.store_sales  WHERE public.store_sales.ss_addr_sk <= 59.13 ORDER BY public.store_sales.ss_sold_date_sk LIMIT 100;
2025-07-01T00:13:46.800000,SELECT public.store_sales.ss_sold_date_sk FROM public.store_sales  WHERE public.store_sales.ss_addr_sk <= 49.53 ORDER BY public.store_sales.ss_sold_date_sk LIMIT 100;
2025-07-01T00:13:47.000000,SELECT public.store_sales.ss_list_price FROM public.store_sales  WHERE public.store_sales.ss_ext_list_price > 6.12 ORDER BY public.store_sales.ss_list_price LIMIT 100;
2025-07-01T00:13:47.200000,SELECT public.store_sales.ss_list_price FROM public.store_sales  WHERE public.store_sales.ss_ext_list_price > 69.29 ORDER BY public.store_sales.ss_list_price LIMIT 100;
2025-07-01T00:13:47.400000,SELECT public.catalog_sales.cs_order_number FROM public.catalog_sales INNER JOIN public.store_sales ON public.catalog_sales.cs_promo_sk = public.store_sales.ss_promo_sk WHERE public.catalog_sales.cs_warehouse_sk <= 40.36 ORDER BY public.catalog_sales.cs_order_number LIMIT 100;
2025-07-01T00:13:47.600000,SELECT public.catalog_sales.cs_order_number FROM public.catalog_sales INNER JOIN public.store_sales ON public.catalog_sales.cs_promo_sk = public.store_sales.ss_promo_sk WHERE public.catalog_sales.cs_warehouse_sk <= 47.27 ORDER BY public.catalog_sales.cs_order_number LIMIT 100;
2025-07-01T00:13:47.800000,SELECT public.store_sales.ss_list_price FROM public.store_sales  WHERE public.store_sales.ss_ext_list_price > 85.51 ORDER BY public.store_sales.ss_list_price LIMIT 100;
2025-07-01T00:13:48.000000,SELECT public.catalog_sales.cs_order_number FROM public.catalog_sales INNER JOIN public.store_sales ON public.catalog_sales.cs_promo_sk = public.store_sales.ss_promo_sk WHERE public.catalog_sales.cs_warehouse_sk <= 39.97 ORDER BY public.catalog_sales.cs_order_number LIMIT 100;
2025-07-01T00:13:48.200000,SELECT public.catalog_sales.cs_order_number FROM public.catalog_sales INNER JOIN public.store_sales ON public.catalog_sales.cs_promo_sk = public.store_sales.ss_promo_sk WHERE public.catalog_sales.cs_warehouse_sk <= 20.78 ORDER BY public.catalog_sales.cs_order_number LIMIT 100;
2025-07-01T00:13:48.400000,SELECT public.store_sales.ss_ext_discount_amt FROM public.store_sales  WHERE public.store_sales.ss_promo_sk < 86.68 AND public.store_sales.ss_sold_date_sk > 74.2 AND public.store_sales.ss_hdemo_sk > 80.29 ORDER BY public.store_sales.ss_ext_discount_amt LIMIT 100;
2025-07-01T00:13:48.600000,SELECT public.store_sales.ss_item_sk FROM public.store_sales  WHERE public.store_sales.ss_customer_sk > 31.91 AND public.store_sales.ss_wholesale_cost BETWEEN 92.03 AND 101.93 ORDER BY public.store_sales.ss_item_sk LIMIT 100;
2025-07-01T00:13:48.800000,SELECT public.catalog_sales.cs_order_number FROM public.catalog_sales INNER JOIN public.store_sales ON public.catalog_sales.cs_promo_sk = public.store_sales.ss_promo_sk WHERE public.catalog_sales.cs_warehouse_sk <= 55.9 ORDER BY public.catalog_sales.cs_order_number LIMIT 100;
2025-07-01T00:13:49.000000,SELECT public.store_sales.ss_list_price FROM public.store_sales  WHERE public.store_sales.ss_ext_list_price > 91.07 ORDER BY public.store_sales.ss_list_price LIMIT 100;
2025-07-01T00:13:49.200000,SELECT public.store_sales.ss_ext_discount_amt FROM public.store_sales  WHERE public.store_sales.ss_promo_sk < 30.6 AND public.store_sales.ss_sold_date_sk > 59.44 AND public.store_sales.ss_hdemo_sk > 40.3 ORDER BY public.store_sales.ss_ext_discount_amt LIMIT 100;
2025-07-01T00:13:49.400000,SELECT public.store_sales.ss_item_sk FROM public.store_sales  WHERE public.store_sales.ss_customer_sk > 23.22 AND public.store_sales.ss_wholesale_cost BETWEEN 0.6 AND 10.5 ORDER BY public.store_sales.ss_item_sk LIMIT 100;
2025-07-01T00:13:49.600000,SELECT public.store_sales.ss_list_price FROM public.store_sales  WHERE public.store_sales.ss_ext_list_price > 6.83 ORDER BY public.store_sales.ss_list_price LIMIT 100;
2025-07-01T00:13:49.800000,SELECT public.store_sales.ss_list_price FROM public.store_sales  WHERE public.store_sales.ss_ext_list_price > 39.21 ORDER BY public.store_sales.ss_list_price LIMIT 100;
2025-07-01T00:13:50.000000,SELECT public.store_sales.ss_sold_date_sk FROM public.store_sales  WHERE public.store_sales.ss_addr_sk <= 40.46 ORDER BY public.store_sales.ss_sold_date_sk LIMIT 100;
2025-07-01T00:13:50.200000,SELECT public.store_sales.ss_ext_discount_amt FROM public.store_sales  WHERE public.store_sales.ss_promo_sk < 3.3 AND public.store_sales.ss_sold_date_sk > 40.61 AND public.store_sales.ss_hdemo_sk > 87.64 ORDER BY public.store_sales.ss_ext_discount_amt LIMIT 100;
2025-07-01T00:13:50.400000,SELECT public.store_sales.ss_sold_date_sk FROM public.store_sales  WHERE public.store_sales.ss_addr_sk <= 73.93 ORDER BY public.store_sales.ss_sold_date_sk LIMIT 100;
2025-07-01T00:13:50.600000,SELECT public.store_sales.ss_item_sk FROM public.store_sales  WHERE public.store_sales.ss_customer_sk > 39.6 AND public.store_sales.ss_wholesale_cost BETWEEN 48.59 AND 58.49 ORDER BY public.store_sales.ss_item_sk LIMIT 100;
2025-07-01T00:13:50.800000,SELECT public.store_sales.ss_ext_discount_amt FROM public.store_sales  WHERE public.store_sales.ss_promo_sk < 18.77 AND public.store_sales.ss_sold_date_sk > 41.94 AND public.store_sales.ss_hdemo_sk > 45.54 ORDER BY public.store_sales.ss_ext_discount_amt LIMIT 100;
2025-07-01T00:13:51.000000,SELECT public.catalog_sales.cs_order_number FROM public.catalog_sales INNER JOIN public.store_sales ON public.catalog_sales.cs_promo_sk = public.store_sales.ss_promo_sk WHERE public.catalog_sales.cs_warehouse_sk <= 18.29 ORDER BY public.catalog_sales.cs_order_number LIMIT 100;
2025-07-01T00:13:51.200000,SELECT public.store_sales.ss_item_sk FROM public.store_sales  WHERE public.store_sales.ss_customer_sk > 29.2 AND public.store_sales.ss_wholesale_cost BETWEEN 74.02 AND 83.92 ORDER BY public.store_sales.ss_item_sk LIMIT 100;
2025-07-01T00:13:51.400000,SELECT public.store_sales.ss_item_sk FROM public.store_sales  WHERE public.store_sales.ss_customer_sk > 63.46 AND public.store_sales.ss_wholesale_cost BETWEEN 83.39 AND 93.29 ORDER BY public.store_sales.ss_item_sk LIMIT 100;
2025-07-01T00:13:51.600000,SELECT public.store_sales.ss_sold_date_sk FROM public.store_sales  WHERE public.store_sales.ss_addr_sk <= 13.37 ORDER BY public.store_sales.ss_sold_date_sk LIMIT 100;
2025-07-01T00:13:51.800000,SELECT public.store_sales.ss_item_sk FROM public.store_sales  WHERE public.store_sales.ss_customer_sk > 85.03 AND public.store_sales.ss_wholesale_cost BETWEEN 11.43 AND 21.33 ORDER BY public.store_sales.ss_item_sk LIMIT 100;
2025-07-01T00:13:52.000000,SELECT public.catalog_sales.cs_order_number FROM public.catalog_sales INNER JOIN public.store_sales ON public.catalog_sales.cs_promo_sk = public.store_sales.ss_promo_sk WHERE public.catalog_sales.cs_warehouse_sk <= 82.8 ORDER BY public.catalog_sales.cs_order_number LIMIT 100;
2025-07-01T00:13:52.200000,SELECT public.catalog_sales.cs_order_number FROM public.catalog_sales INNER JOIN public.store_sales ON public.catalog_sales.cs_promo_sk = public.store_sales.ss_promo_sk WHERE public.catalog_sales.cs_warehouse_sk <= 2.38 ORDER BY public.catalog_sales.cs_order_number LIMIT 100;
2025-07-01T00:13:52.400000,SELECT public.store_sales.ss_item_sk FROM public.store_sales  WHERE public.store_sales.ss_customer_sk > 49.44 AND public.store_sales.ss_wholesale_cost BETWEEN 10.07 AND 19.97 ORDER BY public.store_sales.ss_item_sk LIMIT 100;
2025-07-01T00:13:52.600000,SELECT public.store_sales.ss_item_sk FROM public.store_sales  WHERE public.store_sales.ss_customer_sk > 79.51 AND public.store_sales.ss_wholesale_cost BETWEEN 79.99 AND 89.89 ORDER BY public.store_sales.ss_item_sk LIMIT 100;
2025-07-01T00:13:52.800000,SELECT public.catalog_sales.cs_order_number FROM public.catalog_sales INNER JOIN public.store_sales ON public.catalog_sales.cs_promo_sk = public.store_sales.ss_promo_sk WHERE public.catalog_sales.cs_warehouse_sk <= 63.53 ORDER BY public.catalog_sales.cs_order_number LIMIT 100;
2025-07-01T00:13:53.000000,SELECT public.catalog_sales.cs_order_number FROM public.catalog_sales INNER JOIN public.store_sales ON public.catalog_sales.cs_promo_sk = public.store_sales.ss_promo_sk WHERE public.catalog_sales.cs_warehouse_sk <= 44.45 ORDER BY public.catalog_sales.cs_order_number LIMIT 100;
2025-07-01T00:13:53.200000,SELECT public.store_sales.ss_item_sk FROM public.store_sales  WHERE public.store_sales.ss_customer_sk > 98.78 AND public.store_sales.ss_wholesale_cost BETWEEN -2.34 AND 7.56 ORDER BY public.store_sales.ss_item_sk LIMIT 100;
2025-07-01T00:13:53.400000,SELECT public.store_sales.ss_item_sk FROM public.store_sales  WHERE public.store_sales.ss_customer_sk > 55.66 AND public.store_sales.ss_wholesale_cost BETWEEN 78.87 AND 88.77 ORDER BY public.store_sales.ss_item_sk LIMIT 100;
2025-07-01T00:13:53.600000,SELECT public.store_sales.ss_ext_discount_amt FROM public.store_sales  WHERE public.store_sales.ss_promo_sk < 5.85 AND public.store_sales.ss_sold_date_sk > 24.22 AND public.store_sales.ss_hdemo_sk > 62.57 ORDER BY public.store_sales.ss_ext_discount_amt LIMIT 100;
2025-07-01T00:13:53.800000,SELECT public.catalog_sales.cs_order_number FROM public.catalog_sales INNER JOIN public.store_sales ON public.catalog_sales.cs_promo_sk = public.store_sales.ss_promo_sk WHERE public.catalog_sales.cs_warehouse_sk <= 12.43 ORDER BY public.catalog_sales.cs_order_number LIMIT 100;
2025-07-01T00:13:54.000000,SELECT public.store_sales.ss_list_price FROM public.store_sales  WHERE public.store_sales.ss_ext_list_price > 20.78 ORDER BY public.store_sales.ss_list_price LIMIT 100;
2025-07-01T00:13:54.200000,SELECT public.store_sales.ss_list_price FROM public.store_sales  WHERE public.store_sales.ss_ext_list_price > 61.7 ORDER BY public.store_sales.ss_list_price LIMIT 100;
2025-07-01T00:13:54.400000,SELECT public.store_sales.ss_sold_date_sk FROM public.store_sales  WHERE public.store_sales.ss_addr_sk <= 57.67 ORDER BY public.store_sales.ss_sold_date_sk LIMIT 100;
2025-07-01T00:13:54.600000,SELECT public.store_sales.ss_ext_discount_amt FROM public.store_sales  WHERE public.store_sales.ss_promo_sk < 52.09 AND public.store_sales.ss_sold_date_sk > 31.94 AND public.store_sales.ss_hdemo_sk > 6.05 ORDER BY public.store_sales.ss_ext_discount_amt LIMIT 100;
2025-07-01T00:13:54.800000,SELECT public.store_sales.ss_sold_date_sk FROM public.store_sales  WHERE public.store_sales.ss_addr_sk <= 20.62 ORDER BY public.store_sales.ss_sold_date_sk LIMIT 100;
2025-07-01T00:13:55.000000,SELECT public.store_sales.ss_sold_date_sk FROM public.store_sales  WHERE public.store_sales.ss_addr_sk <= 2.06 ORDER BY public.store_sales.ss_sold_date_sk LIMIT 100;
2025-07-01T00:13:55.200000,SELECT public.store_sales.ss_ext_discount_amt FROM public.store_sales  WHERE public.store_sales.ss_promo_sk < 12.09 AND public.store_sales.ss_sold_date_sk > 86.41 AND public.store_sales.ss_hdemo_sk > 1.12 ORDER BY public.store_sales.ss_ext_discount_amt LIMIT 100;
2025-07-01T00:13:55.400000,SELECT public.store_sales.ss_item_sk FROM public.store_sales  WHERE public.store_sales.ss_customer_sk > 4.18 AND public.store_sales.ss_wholesale_cost BETWEEN 52.48 AND 62.38 ORDER BY public.store_sales.ss_item_sk LIMIT 100;
2025-07-01T00:13:55.600000,SELECT public.store_sales.ss_item_sk FROM public.store_sales  WHERE public.store_sales.ss_customer_sk > 42.02 AND public.store_sales.ss_wholesale_cost BETWEEN 47.72 AND 57.62 ORDER BY public.store_sales.ss_item_sk LIMIT 100;
2025-07-01T00:13:55.800000,SELECT public.store_sales.ss_ext_discount_amt FROM public.store_sales  WHERE public.store_sales.ss_promo_sk < 97.47 AND public.store_sales.ss_sold_date_sk > 8.99 AND public.store_sales.ss_hdemo_sk > 65.52 ORDER BY public.store_sales.ss_ext_discount_amt LIMIT 100;
2025-07-01T00:13:56.000000,SELECT public.catalog_sales.cs_order_number FROM public.catalog_sales INNER JOIN public.store_sales ON public.catalog_sales.cs_promo_sk = public.store_sales.ss_promo_sk WHERE public.catalog_sales.cs_warehouse_sk <= 81.02 ORDER BY public.catalog_sales.cs_order_number LIMIT 100;
2025-07-01T00:13:56.200000,SELECT public.catalog_sales.cs_order_number FROM public.catalog_sales INNER JOIN public.store_sales ON public.catalog_sales.cs_promo_sk = public.store_sales.ss_promo_sk WHERE public.catalog_sales.cs_warehouse_sk <= 41.23 ORDER BY public.catalog_sales.cs_order_number LIMIT 100;
2025-07-01T00:13:56.400000,SELECT public.store_sales.ss_sold_date_sk FROM public.store_sales  WHERE public.store_sales.ss_addr_sk <= 52.51 ORDER BY public.store_sales.ss_sold_date_sk LIMIT 100;
2025-07-01T00:13:56.600000,SELECT public.store_sales.ss_item_sk FROM public.store_sales  WHERE public.store_sales.ss_customer_sk > 35.14 AND public.store_sales.ss_wholesale_cost BETWEEN 37.76 AND 47.66 ORDER BY public.store_sales.ss_item_sk LIMIT 100;
2025-07-01T00:13:56.800000,SELECT public.catalog_sales.cs_order_number FROM public.catalog_sales INNER JOIN public.store_sales ON public.catalog_sales.cs_promo_sk = public.store_sales.ss_promo_sk WHERE public.catalog_sales.cs_warehouse_sk <= 86.91 ORDER BY public.catalog_sales.cs_order_number LIMIT 100;
2025-07-01T00:13:57.000000,SELECT public.store_sales.ss_ext_discount_amt FROM public.store_sales  WHERE public.store_sales.ss_promo_sk < 86.75 AND public.store_sales.ss_sold_date_sk > 59.34 AND public.store_sales.ss_hdemo_sk > 36.51 ORDER BY public.store_sales.ss_ext_discount_amt LIMIT 100;
2025-07-01T00:13:57.200000,SELECT public.store_sales.ss_sold_date_sk FROM public.store_sales  WHERE public.store_sales.ss_addr_sk <= 22.55 ORDER BY public.store_sales.ss_sold_date_sk LIMIT 100;
2025-07-01T00:13:57.400000,SELECT public.catalog_sales.cs_order_number FROM public.catalog_sales INNER JOIN public.store_sales ON public.catalog_sales.cs_promo_sk = public.store_sales.ss_promo_sk WHERE public.catalog_sales.cs_warehouse_sk <= 9.19 ORDER BY public.catalog_sales.cs_order_number LIMIT 100;
2025-07-01T00:13:57.600000,SELECT public.catalog_sales.cs_order_number FROM public.catalog_sales INNER JOIN public.store_sales ON public.catalog_sales.cs_promo_sk = public.store_sales.ss_promo_sk WHERE public.catalog_sales.cs_warehouse_sk <= 49.18 ORDER BY public.catalog_sales.cs_order_number LIMIT 100;
2025-07-01T00:13:57.800000,SELECT public.store_sales.ss_sold_date_sk FROM public.store_sales  WHERE public.store_sales.ss_addr_sk <= 55.75 ORDER BY public.store_sales.ss_sold_date_sk LIMIT 100;
2025-07-01T00:13:58.000000,SELECT public.catalog_sales.cs_order_number FROM public.catalog_sales INNER JOIN public.store_sales ON public.catalog_sales.cs_promo_sk = public.store_sales.ss_promo_sk WHERE public.catalog_sales.cs_warehouse_sk <= 55.93 ORDER BY public.catalog_sales.cs_order_number LIMIT 100;
2025-07-01T00:13:58.200000,SELECT public.store_sales.ss_item_sk FROM public.store_sales  WHERE public.store_sales.ss_customer_sk > 17.8 AND public.store_sales.ss_wholesale_cost BETWEEN 74.91 AND 84.81 ORDER BY public.store_sales.ss_item_sk LIMIT 100;
2025-07-01T00:13:58.400000,SELECT public.catalog_sales.cs_order_number FROM public.catalog_sales INNER JOIN public.store_sales ON public.catalog_sales.cs_promo_sk = public.store_sales.ss_promo_sk WHERE public.catalog_sales.cs_warehouse_sk <= 76.09 ORDER BY public.catalog_sales.cs_order_number LIMIT 100;
2025-07-01T00:13:58.600000,SELECT public.store_sales.ss_sold_date_sk FROM public.store_sales  WHERE public.store_sales.ss_addr_sk <= 33.51 ORDER BY public.store_sales.ss_sold_date_sk LIMIT 100;
2025-07-01T00:13:58.800000,SELECT public.store_sales.ss_item_sk FROM public.store_sales  WHERE public.store_sales.ss_customer_sk > 90.7 AND public.store_sales.ss_wholesale_cost BETWEEN 75.1 AND 85.0 ORDER BY public.store_sales.ss_item_sk LIMIT 100;
2025-07-01T00:13:59.000000,SELECT public.store_sales.ss_item_sk FROM public.store_sales  WHERE public.store_sales.ss_customer_sk > 90.39 AND public.store_sales.ss_wholesale_cost BETWEEN 87.32 AND 97.22 ORDER BY public.store_sales.ss_item_sk LIMIT 100;
2025-07-01T00:13:59.200000,SELECT public.store_sales.ss_item_sk FROM public.store_sales  WHERE public.store_sales.ss_customer_sk > 26.22 AND public.store_sales.ss_wholesale_cost BETWEEN 9.42 AND 19.32 ORDER BY public.store_sales.ss_item_sk LIMIT 100;
2025-07-01T00:13:59.400000,SELECT public.store_sales.ss_item_sk FROM public.store_sales  WHERE public.store_sales.ss_customer_sk > 57.62 AND public.store_sales.ss_wholesale_cost BETWEEN 17.22 AND 27.12 ORDER BY public.store_sales.ss_item_sk LIMIT 100;
2025-07-01T00:13:59.600000,SELECT public.catalog_sales.cs_order_number FROM public.catalog_sales INNER JOIN public.store_sales ON public.catalog_sales.cs_promo_sk = public.store_sales.ss_promo_sk WHERE public.catalog_sales.cs_warehouse_sk <= 27.32 ORDER BY public.catalog_sales.cs_order_number LIMIT 100;
2025-07-01T00:13:59.800000,SELECT public.catalog_sales.cs_order_number FROM public.catalog_sales INNER JOIN public.store_sales ON public.catalog_sales.cs_promo_sk = public.store_sales.ss_promo_sk WHERE public.catalog_sales.cs_warehouse_sk <= 72.23 ORDER BY public.catalog_sales.cs_order_number LIMIT 100;
2025-07-01T00:14:00.000000,SELECT public.store_sales.ss_ext_discount_amt FROM public.store_sales  WHERE public.store_sales.ss_promo_sk < 25.36 AND public.store_sales.ss_sold_date_sk > 7.49 AND public.store_sales.ss_hdemo_sk > 46.06 ORDER BY public.store_sales.ss_ext_discount_amt LIMIT 100;
2025-07-01T00:14:00.200000,SELECT public.store_sales.ss_list_price FROM public.store_sales  WHERE public.store_sales.ss_ext_list_price > 77.24 ORDER BY public.store_sales.ss_list_price LIMIT 100;
2025-07-01T00:14:00.400000,SELECT public.store_sales.ss_item_sk FROM public.store_sales  WHERE public.store_sales.ss_customer_sk > 49.91 AND public.store_sales.ss_wholesale_cost BETWEEN 25.78 AND 35.68 ORDER BY public.store_sales.ss_item_sk LIMIT 100;
2025-07-01T00:14:00.600000,SELECT public.store_sales.ss_item_sk FROM public.store_sales  WHERE public.store_sales.ss_customer_sk > 28.67 AND public.store_sales.ss_wholesale_cost BETWEEN 80.74 AND 90.64 ORDER BY public.store_sales.ss_item_sk LIMIT 100;
2025-07-01T00:14:00.800000,SELECT public.catalog_sales.cs_order_number FROM public.catalog_sales INNER JOIN public.store_sales ON public.catalog_sales.cs_promo_sk = public.store_sales.ss_promo_sk WHERE public.catalog_sales.cs_warehouse_sk <= 63.1 ORDER BY public.catalog_sales.cs_order_number LIMIT 100;
2025-07-01T00:14:01.000000,SELECT public.store_sales.ss_sold_date_sk FROM public.store_sales  WHERE public.store_sales.ss_addr_sk <= 71.28 ORDER BY public.store_sales.ss_sold_date_sk LIMIT 100;
2025-07-01T00:14:01.200000,SELECT public.store_sales.ss_ext_discount_amt FROM public.store_sales  WHERE public.store_sales.ss_promo_sk < 49.48 AND public.store_sales.ss_sold_date_sk > 98.57 AND public.store_sales.ss_hdemo_sk > 47.03 ORDER BY public.store_sales.ss_ext_discount_amt LIMIT 100;
2025-07-01T00:14:01.400000,SELECT public.store_sales.ss_sold_date_sk FROM public.store_sales  WHERE public.store_sales.ss_addr_sk <= 12.73 ORDER BY public.store_sales.ss_sold_date_sk LIMIT 100;
2025-07-01T00:14:01.600000,SELECT public.store_sales.ss_sold_date_sk FROM public.store_sales  WHERE public.store_sales.ss_addr_sk <= 68.89 ORDER BY public.store_sales.ss_sold_date_sk LIMIT 100;
2025-07-01T00:14:01.800000,SELECT public.store_sales.ss_item_sk FROM public.store_sales  WHERE public.store_sales.ss_customer_sk > 25.43 AND public.store_sales.ss_wholesale_cost BETWEEN 68.97 AND 78.87 ORDER BY public.store_sales.ss_item_sk LIMIT 100;
2025-07-01T00:14:02.000000,SELECT public.store_sales.ss_item_sk FROM public.store_sales  WHERE public.store_sales.ss_customer_sk > 46.93 AND public.store_sales.ss_wholesale_cost BETWEEN 89.36 AND 99.26 ORDER BY public.store_sales.ss_item_sk LIMIT 100;
2025-07-01T00:14:02.200000,SELECT public.store_sales.ss_list_price FROM public.store_sales  WHERE public.store_sales.ss_ext_list_price > 35.86 ORDER BY public.store_sales.ss_list_price LIMIT 100;
2025-07-01T00:14:02.400000,SELECT public.store_sales.ss_sold_date_sk FROM public.store_sales  WHERE public.store_sales.ss_addr_sk <= 91.82 ORDER BY public.store_sales.ss_sold_date_sk LIMIT 100;
2025-07-01T00:14:02.600000,SELECT public.store_sales.ss_item_sk FROM public.store_sales  WHERE public.store_sales.ss_customer_sk > 89.09 AND public.store_sales.ss_wholesale_cost BETWEEN 86.0 AND 95.9 ORDER BY public.store_sales.ss_item_sk LIMIT 100;
2025-07-01T00:14:02.800000,SELECT public.store_sales.ss_sold_date_sk FROM public.store_sales  WHERE public.store_sales.ss_addr_sk <= 99.04 ORDER BY public.store_sales.ss_sold_date_sk LIMIT 100;
2025-07-01T00:14:03.000000,SELECT public.store_sales.ss_ext_discount_amt FROM public.store_sales  WHERE public.store_sales.ss_promo_sk < 65.95 AND public.store_sales.ss_sold_date_sk > 29.62 AND public.store_sales.ss_hdemo_sk > 73.74 ORDER BY public.store_sales.ss_ext_discount_amt LIMIT 100;
2025-07-01T00:14:03.200000,SELECT public.catalog_sales.cs_order_number FROM public.catalog_sales INNER JOIN public.store_sales ON public.catalog_sales.cs_promo_sk = public.store_sales.ss_promo_sk WHERE public.catalog_sales.cs_warehouse_sk <= 10.32 ORDER BY public.catalog_sales.cs_order_number LIMIT 100;
2025-07-01T00:14:03.400000,SELECT public.store_sales.ss_ext_discount_amt FROM public.store_sales  WHERE public.store_sales.ss_promo_sk < 65.62 AND public.store_sales.ss_sold_date_sk > 99.21 AND public.store_sales.ss_hdemo_sk > 99.94 ORDER BY public.store_sales.ss_ext_discount_amt LIMIT 100;
2025-07-01T00:14:03.600000,SELECT public.store_sales.ss_sold_date_sk FROM public.store_sales  WHERE public.store_sales.ss_addr_sk <= 72.85 ORDER BY public.store_sales.ss_sold_date_sk LIMIT 100;
2025-07-01T00:14:03.800000,SELECT public.store_sales.ss_list_price FROM public.store_sales  WHERE public.store_sales.ss_ext_list_price > 82.57 ORDER BY public.store_sales.ss_list_price LIMIT 100;
2025-07-01T00:14:04.000000,SELECT public.store_sales.ss_list_price FROM public.store_sales  WHERE public.store_sales.ss_ext_list_price > 5.27 ORDER BY public.store_sales.ss_list_price LIMIT 100;
2025-07-01T00:14:04.200000,SELECT public.store_sales.ss_sold_date_sk FROM public.store_sales  WHERE public.store_sales.ss_addr_sk <= 50.95 ORDER BY public.store_sales.ss_sold_date_sk LIMIT 100;
2025-07-01T00:14:04.400000,SELECT public.store_sales.ss_item_sk FROM public.store_sales  WHERE public.store_sales.ss_customer_sk > 31.27 AND public.store_sales.ss_wholesale_cost BETWEEN 57.32 AND 67.22 ORDER BY public.store_sales.ss_item_sk LIMIT 100;
2025-07-01T00:14:04.600000,SELECT public.store_sales.ss_list_price FROM public.store_sales  WHERE public.store_sales.ss_ext_list_price > 33.45 ORDER BY public.store_sales.ss_list_price LIMIT 100;
2025-07-01T00:14:04.800000,SELECT public.store_sales.ss_ext_discount_amt FROM public.store_sales  WHERE public.store_sales.ss_promo_sk < 10.37 AND public.store_sales.ss_sold_date_sk > 17.44 AND public.store_sales.ss_hdemo_sk > 72.59 ORDER BY public.store_sales.ss_ext_discount_amt LIMIT 100;
2025-07-01T00:14:05.000000,SELECT public.store_sales.ss_sold_date_sk FROM public.store_sales  WHERE public.store_sales.ss_addr_sk <= 14.6 ORDER BY public.store_sales.ss_sold_date_sk LIMIT 100;
2025-07-01T00:14:05.200000,SELECT public.store_sales.ss_sold_date_sk FROM public.store_sales  WHERE public.store_sales.ss_addr_sk <= 4.57 ORDER BY public.store_sales.ss_sold_date_sk LIMIT 100;
2025-07-01T00:14:05.400000,SELECT public.store_sales.ss_list_price FROM public.store_sales  WHERE public.store_sales.ss_ext_list_price > 5.68 ORDER BY public.store_sales.ss_list_price LIMIT 100;
2025-07-01T00:14:05.600000,SELECT public.catalog_sales.cs_order_number FROM public.catalog_sales INNER JOIN public.store_sales ON public.catalog_sales.cs_promo_sk = public.store_sales.ss_promo_sk WHERE public.catalog_sales.cs_warehouse_sk <= 74.73 ORDER BY public.catalog_sales.cs_order_number LIMIT 100;
2025-07-01T00:14:05.800000,SELECT public.store_sales.ss_item_sk FROM public.store_sales  WHERE public.store_sales.ss_customer_sk > 15.85 AND public.store_sales.ss_wholesale_cost BETWEEN 16.13 AND 26.03 ORDER BY public.store_sales.ss_item_sk LIMIT 100;
2025-07-01T00:14:06.000000,SELECT public.catalog_sales.cs_order_number FROM public.catalog_sales INNER JOIN public.store_sales ON public.catalog_sales.cs_promo_sk = public.store_sales.ss_promo_sk WHERE public.catalog_sales.cs_warehouse_sk <= 96.95 ORDER BY public.catalog_sales.cs_order_number LIMIT 100;
2025-07-01T00:14:06.200000,SELECT public.catalog_sales.cs_order_number FROM public.catalog_sales INNER JOIN public.store_sales ON public.catalog_sales.cs_promo_sk = public.store_sales.ss_promo_sk WHERE public.catalog_sales.cs_warehouse_sk <= 77.96 ORDER BY public.catalog_sales.cs_order_number LIMIT 100;
2025-07-01T00:14:06.400000,SELECT public.store_sales.ss_item_sk FROM public.store_sales  WHERE public.store_sales.ss_customer_sk > 90.68 AND public.store_sales.ss_wholesale_cost BETWEEN 92.15 AND 102.05 ORDER BY public.store_sales.ss_item_sk LIMIT 100;
2025-07-01T00:14:06.600000,SELECT public.store_sales.ss_item_sk FROM public.store_sales  WHERE public.store_sales.ss_customer_sk > 89.57 AND public.store_sales.ss_wholesale_cost BETWEEN 23.04 AND 32.94 ORDER BY public.store_sales.ss_item_sk LIMIT 100;
2025-07-01T00:14:06.800000,SELECT public.catalog_sales.cs_order_number FROM public.catalog_sales INNER JOIN public.store_sales ON public.catalog_sales.cs_promo_sk = public.store_sales.ss_promo_sk WHERE public.catalog_sales.cs_warehouse_sk <= 11.75 ORDER BY public.catalog_sales.cs_order_number LIMIT 100;
2025-07-01T00:14:07.000000,SELECT public.store_sales.ss_sold_date_sk FROM public.store_sales  WHERE public.store_sales.ss_addr_sk <= 84.36 ORDER BY public.store_sales.ss_sold_date_sk LIMIT 100;
2025-07-01T00:14:07.200000,SELECT public.store_sales.ss_item_sk FROM public.store_sales  WHERE public.store_sales.ss_customer_sk > 83.58 AND public.store_sales.ss_wholesale_cost BETWEEN 63.5 AND 73.4 ORDER BY public.store_sales.ss_item_sk LIMIT 100;
2025-07-01T00:14:07.400000,SELECT public.store_sales.ss_list_price FROM public.store_sales  WHERE public.store_sales.ss_ext_list_price > 50.75 ORDER BY public.store_sales.ss_list_price LIMIT 100;
2025-07-01T00:14:07.600000,SELECT public.store_sales.ss_sold_date_sk FROM public.store_sales  WHERE public.store_sales.ss_addr_sk <= 15.63 ORDER BY public.store_sales.ss_sold_date_sk LIMIT 100;
2025-07-01T00:14:07.800000,SELECT public.store_sales.ss_list_price FROM public.store_sales  WHERE public.store_sales.ss_ext_list_price > 10.19 ORDER BY public.store_sales.ss_list_price LIMIT 100;
2025-07-01T00:14:08.000000,SELECT public.catalog_sales.cs_order_number FROM public.catalog_sales INNER JOIN public.store_sales ON public.catalog_sales.cs_promo_sk = public.store_sales.ss_promo_sk WHERE public.catalog_sales.cs_warehouse_sk <= 37.99 ORDER BY public.catalog_sales.cs_order_number LIMIT 100;
2025-07-01T00:14:08.200000,SELECT public.store_sales.ss_item_sk FROM public.store_sales  WHERE public.store_sales.ss_customer_sk > 78.44 AND public.store_sales.ss_wholesale_cost BETWEEN 70.1 AND 80.0 ORDER BY public.store_sales.ss_item_sk LIMIT 100;
2025-07-01T00:14:08.400000,SELECT public.store_sales.ss_list_price FROM public.store_sales  WHERE public.store_sales.ss_ext_list_price > 9.8 ORDER BY public.store_sales.ss_list_price LIMIT 100;
2025-07-01T00:14:08.600000,SELECT public.store_sales.ss_list_price FROM public.store_sales  WHERE public.store_sales.ss_ext_list_price > 42.0 ORDER BY public.store_sales.ss_list_price LIMIT 100;
2025-07-01T00:14:08.800000,SELECT public.store_sales.ss_sold_date_sk FROM public.store_sales  WHERE public.store_sales.ss_addr_sk <= 59.24 ORDER BY public.store_sales.ss_sold_date_sk LIMIT 100;
2025-07-01T00:14:09.000000,SELECT public.store_sales.ss_sold_date_sk FROM public.store_sales  WHERE public.store_sales.ss_addr_sk <= 12.47 ORDER BY public.store_sales.ss_sold_date_sk LIMIT 100;
2025-07-01T00:14:09.200000,SELECT public.catalog_sales.cs_order_number FROM public.catalog_sales INNER JOIN public.store_sales ON public.catalog_sales.cs_promo_sk = public.store_sales.ss_promo_sk WHERE public.catalog_sales.cs_warehouse_sk <= 95.61 ORDER BY public.catalog_sales.cs_order_number LIMIT 100;
2025-07-01T00:14:09.400000,SELECT public.store_sales.ss_ext_discount_amt FROM public.store_sales  WHERE public.store_sales.ss_promo_sk < 93.6 AND public.store_sales.ss_sold_date_sk > 47.3 AND public.store_sales.ss_hdemo_sk > 20.48 ORDER BY public.store_sales.ss_ext_discount_amt LIMIT 100;
2025-07-01T00:14:09.600000,SELECT public.store_sales.ss_ext_discount_amt FROM public.store_sales  WHERE public.store_sales.ss_promo_sk < 40.35 AND public.store_sales.ss_sold_date_sk > 58.89 AND public.store_sales.ss_hdemo_sk > 13.68 ORDER BY public.store_sales.ss_ext_discount_amt LIMIT 100;
2025-07-01T00:14:09.800000,SELECT public.catalog_sales.cs_order_number FROM public.catalog_sales INNER JOIN public.store_sales ON public.catalog_sales.cs_promo_sk = public.store_sales.ss_promo_sk WHERE public.catalog_sales.cs_warehouse_sk <= 5.12 ORDER BY public.catalog_sales.cs_order_number LIMIT 100;
2025-07-01T00:14:10.000000,SELECT public.catalog_sales.cs_order_number FROM public.catalog_sales INNER JOIN public.store_sales ON public.catalog_sales.cs_promo_sk = public.store_sales.ss_promo_sk WHERE public.catalog_sales.cs_warehouse_sk <= 97.21 ORDER BY public.catalog_sales.cs_order_number LIMIT 100;
2025-07-01T00:14:10.200000,SELECT public.catalog_sales.cs_order_number FROM public.catalog_sales INNER JOIN public.store_sales ON public.catalog_sales.cs_promo_sk = public.store_sales.ss_promo_sk WHERE public.catalog_sales.cs_warehouse_sk <= 46.12 ORDER BY public.catalog_sales.cs_order_number LIMIT 100;
2025-07-01T00:14:10.400000,SELECT public.store_sales.ss_item_sk FROM public.store_sales  WHERE public.store_sales.ss_customer_sk > 77.41 AND public.store_sales.ss_wholesale_cost BETWEEN 33.5 AND 43.4 ORDER BY public.store_sales.ss_item_sk LIMIT 100;
2025-07-01T00:14:10.600000,SELECT public.store_sales.ss_ext_discount_amt FROM public.store_sales  WHERE public.store_sales.ss_promo_sk < 78.88 AND public.store_sales.ss_sold_date_sk > 33.74 AND public.store_sales.ss_hdemo_sk > 88.0 ORDER BY public.store_sales.ss_ext_discount_amt LIMIT 100;
2025-07-01T00:14:10.800000,SELECT public.store_sales.ss_ext_discount_amt FROM public.store_sales  WHERE public.store_sales.ss_promo_sk < 7.25 AND public.store_sales.ss_sold_date_sk > 96.91 AND public.store_sales.ss_hdemo_sk > 31.75 ORDER BY public.store_sales.ss_ext_discount_amt LIMIT 100;
2025-07-01T00:14:11.000000,SELECT public.store_sales.ss_ext_discount_amt FROM public.store_sales  WHERE public.store_sales.ss_promo_sk < 61.2 AND public.store_sales.ss_sold_date_sk > 47.04 AND public.store_sales.ss_hdemo_sk > 40.64 ORDER BY public.store_sales.ss_ext_discount_amt LIMIT 100;
2025-07-01T00:14:11.200000,SELECT public.store_sales.ss_ext_discount_amt FROM public.store_sales  WHERE public.store_sales.ss_promo_sk < 91.33 AND public.store_sales.ss_sold_date_sk > 54.18 AND public.store_sales.ss_hdemo_sk > 62.97 ORDER BY public.store_sales.ss_ext_discount_amt LIMIT 100;
2025-07-01T00:14:11.400000,SELECT public.store_sales.ss_list_price FROM public.store_sales  WHERE public.store_sales.ss_ext_list_price > 79.76 ORDER BY public.store_sales.ss_list_price LIMIT 100;
2025-07-01T00:14:11.600000,SELECT public.catalog_sales.cs_order_number FROM public.catalog_sales INNER JOIN public.store_sales ON public.catalog_sales.cs_promo_sk = public.store_sales.ss_promo_sk WHERE public.catalog_sales.cs_warehouse_sk <= 83.28 ORDER BY public.catalog_sales.cs_order_number LIMIT 100;
2025-07-01T00:14:11.800000,SELECT public.store_sales.ss_sold_date_sk FROM public.store_sales  WHERE public.store_sales.ss_addr_sk <= 85.2 ORDER BY public.store_sales.ss_sold_date_sk LIMIT 100;
2025-07-01T00:14:12.000000,SELECT public.store_sales.ss_ext_discount_amt FROM public.store_sales  WHERE public.store_sales.ss_promo_sk < 39.52 AND public.store_sales.ss_sold_date_sk > 22.24 AND public.store_sales.ss_hdemo_sk > 56.7 ORDER BY public.store_sales.ss_ext_discount_amt LIMIT 100;
2025-07-01T00:14:12.200000,SELECT public.store_sales.ss_list_price FROM public.store_sales  WHERE public.store_sales.ss_ext_list_price > 39.88 ORDER BY public.store_sales.ss_list_price LIMIT 100;
2025-07-01T00:14:12.400000,SELECT public.store_sales.ss_sold_date_sk FROM public.store_sales  WHERE public.store_sales.ss_addr_sk <= 62.98 ORDER BY public.store_sales.ss_sold_date_sk LIMIT 100;
2025-07-01T00:14:12.600000,SELECT public.store_sales.ss_item_sk FROM public.store_sales  WHERE public.store_sales.ss_customer_sk > 40.93 AND public.store_sales.ss_wholesale_cost BETWEEN 87.46 AND 97.36 ORDER BY public.store_sales.ss_item_sk LIMIT 100;
2025-07-01T00:14:12.800000,SELECT public.store_sales.ss_item_sk FROM public.store_sales  WHERE public.store_sales.ss_customer_sk > 94.6 AND public.store_sales.ss_wholesale_cost BETWEEN 22.37 AND 32.27 ORDER BY public.store_sales.ss_item_sk LIMIT 100;
2025-07-01T00:14:13.000000,SELECT public.store_sales.ss_item_sk FROM public.store_sales  WHERE public.store_sales.ss_customer_sk > 60.54 AND public.store_sales.ss_wholesale_cost BETWEEN 71.67 AND 81.57 ORDER BY public.store_sales.ss_item_sk LIMIT 100;
2025-07-01T00:14:13.200000,SELECT public.catalog_sales.cs_order_number FROM public.catalog_sales INNER JOIN public.store_sales ON public.catalog_sales.cs_promo_sk = public.store_sales.ss_promo_sk WHERE public.catalog_sales.cs_warehouse_sk <= 6.48 ORDER BY public.catalog_sales.cs_order_number LIMIT 100;
2025-07-01T00:14:13.400000,SELECT public.store_sales.ss_list_price FROM public.store_sales  WHERE public.store_sales.ss_ext_list_price > 26.6 ORDER BY public.store_sales.ss_list_price LIMIT 100;
2025-07-01T00:14:13.600000,SELECT public.store_sales.ss_sold_date_sk FROM public.store_sales  WHERE public.store_sales.ss_addr_sk <= 74.77 ORDER BY public.store_sales.ss_sold_date_sk LIMIT 100;
2025-07-01T00:14:13.800000,SELECT public.store_sales.ss_item_sk FROM public.store_sales  WHERE public.store_sales.ss_customer_sk > 58.68 AND public.store_sales.ss_wholesale_cost BETWEEN 35.17 AND 45.07 ORDER BY public.store_sales.ss_item_sk LIMIT 100;
2025-07-01T00:14:14.000000,SELECT public.store_sales.ss_sold_date_sk FROM public.store_sales  WHERE public.store_sales.ss_addr_sk <= 34.51 ORDER BY public.store_sales.ss_sold_date_sk LIMIT 100;
2025-07-01T00:14:14.200000,SELECT public.store_sales.ss_sold_date_sk FROM public.store_sales  WHERE public.store_sales.ss_addr_sk <= 23.33 ORDER BY public.store_sales.ss_sold_date_sk LIMIT 100;
2025-07-01T00:14:14.400000,SELECT public.store_sales.ss_item_sk FROM public.store_sales  WHERE public.store_sales.ss_customer_sk > 67.8 AND public.store_sales.ss_wholesale_cost BETWEEN 63.63 AND 73.53 ORDER BY public.store_sales.ss_item_sk LIMIT 100;
2025-07-01T00:14:14.600000,SELECT public.store_sales.ss_list_price FROM public.store_sales  WHERE public.store_sales.ss_ext_list_price > 26.42 ORDER BY public.store_sales.ss_list_price LIMIT 100;
2025-07-01T00:14:14.800000,SELECT public.store_sales.ss_ext_discount_amt FROM public.store_sales  WHERE public.store_sales.ss_promo_sk < 87.51 AND public.store_sales.ss_sold_date_sk > 26.11 AND public.store_sales.ss_hdemo_sk > 61.47 ORDER BY public.store_sales.ss_ext_discount_amt LIMIT 100;
2025-07-01T00:14:15.000000,SELECT public.catalog_sales.cs_order_number FROM public.catalog_sales INNER JOIN public.store_sales ON public.catalog_sales.cs_promo_sk = public.store_sales.ss_promo_sk WHERE public.catalog_sales.cs_warehouse_sk <= 63.84 ORDER BY public.catalog_sales.cs_order_number LIMIT 100;
2025-07-01T00:14:15.200000,SELECT public.catalog_sales.cs_order_number FROM public.catalog_sales INNER JOIN public.store_sales ON public.catalog_sales.cs_promo_sk = public.store_sales.ss_promo_sk WHERE public.catalog_sales.cs_warehouse_sk <= 78.49 ORDER BY public.catalog_sales.cs_order_number LIMIT 100;
2025-07-01T00:14:15.400000,SELECT public.store_sales.ss_sold_date_sk FROM public.store_sales  WHERE public.store_sales.ss_addr_sk <= 15.7 ORDER BY public.store_sales.ss_sold_date_sk LIMIT 100;
2025-07-01T00:14:15.600000,SELECT public.catalog_sales.cs_order_number FROM public.catalog_sales INNER JOIN public.store_sales ON public.catalog_sales.cs_promo_sk = public.store_sales.ss_promo_sk WHERE public.catalog_sales.cs_warehouse_sk <= 58.83 ORDER BY public.catalog_sales.cs_order_number LIMIT 100;
2025-07-01T00:14:15.800000,SELECT public.catalog_sales.cs_order_number FROM public.catalog_sales INNER JOIN public.store_sales ON public.catalog_sales.cs_promo_sk = public.store_sales.ss_promo_sk WHERE public.catalog_sales.cs_warehouse_sk <= 27.43 ORDER BY public.catalog_sales.cs_order_number LIMIT 100;
2025-07-01T00:14:16.000000,SELECT public.catalog_sales.cs_order_number FROM public.catalog_sales INNER JOIN public.store_sales ON public.catalog_sales.cs_promo_sk = public.store_sales.ss_promo_sk WHERE public.catalog_sales.cs_warehouse_sk <= 44.9 ORDER BY public.catalog_sales.cs_order_number LIMIT 100;
2025-07-01T00:14:16.200000,SELECT public.store_sales.ss_list_price FROM public.store_sales  WHERE public.store_sales.ss_ext_list_price > 33.36 ORDER BY public.store_sales.ss_list_price LIMIT 100;
2025-07-01T00:14:16.400000,SELECT public.store_sales.ss_list_price FROM public.store_sales  WHERE public.store_sales.ss_ext_list_price > 71.33 ORDER BY public.store_sales.ss_list_price LIMIT 100;
2025-07-01T00:14:16.600000,SELECT public.store_sales.ss_sold_date_sk FROM public.store_sales  WHERE public.store_sales.ss_addr_sk <= 47.94 ORDER BY public.store_sales.ss_sold_date_sk LIMIT 100;
2025-07-01T00:14:16.800000,SELECT public.store_sales.ss_item_sk FROM public.store_sales  WHERE public.store_sales.ss_customer_sk > 47.77 AND public.store_sales.ss_wholesale_cost BETWEEN 46.52 AND 56.42 ORDER BY public.store_sales.ss_item_sk LIMIT 100;
2025-07-01T00:14:17.000000,SELECT public.store_sales.ss_list_price FROM public.store_sales  WHERE public.store_sales.ss_ext_list_price > 61.05 ORDER BY public.store_sales.ss_list_price LIMIT 100;
2025-07-01T00:14:17.200000,SELECT public.catalog_sales.cs_order_number FROM public.catalog_sales INNER JOIN public.store_sales ON public.catalog_sales.cs_promo_sk = public.store_sales.ss_promo_sk WHERE public.catalog_sales.cs_warehouse_sk <= 31.92 ORDER BY public.catalog_sales.cs_order_number LIMIT 100;
2025-07-01T00:14:17.400000,SELECT public.store_sales.ss_ext_discount_amt FROM public.store_sales  WHERE public.store_sales.ss_promo_sk < 40.07 AND public.store_sales.ss_sold_date_sk > 32.59 AND public.store_sales.ss_hdemo_sk > 61.27 ORDER BY public.store_sales.ss_ext_discount_amt LIMIT 100;
2025-07-01T00:14:17.600000,SELECT public.catalog_sales.cs_order_number FROM public.catalog_sales INNER JOIN public.store_sales ON public.catalog_sales.cs_promo_sk = public.store_sales.ss_promo_sk WHERE public.catalog_sales.cs_warehouse_sk <= 92.59 ORDER BY public.catalog_sales.cs_order_number LIMIT 100;
2025-07-01T00:14:17.800000,SELECT public.store_sales.ss_sold_date_sk FROM public.store_sales  WHERE public.store_sales.ss_addr_sk <= 57.67 ORDER BY public.store_sales.ss_sold_date_sk LIMIT 100;
2025-07-01T00:14:18.000000,SELECT public.store_sales.ss_sold_date_sk FROM public.store_sales  WHERE public.store_sales.ss_addr_sk <= 83.9 ORDER BY public.store_sales.ss_sold_date_sk LIMIT 100;
2025-07-01T00:14:18.200000,SELECT public.catalog_sales.cs_order_number FROM public.catalog_sales INNER JOIN public.store_sales ON public.catalog_sales.cs_promo_sk = public.store_sales.ss_promo_sk WHERE public.catalog_sales.cs_warehouse_sk <= 41.84 ORDER BY public.catalog_sales.cs_order_number LIMIT 100;
2025-07-01T00:14:18.400000,SELECT public.store_sales.ss_item_sk FROM public.store_sales  WHERE public.store_sales.ss_customer_sk > 32.07 AND public.store_sales.ss_wholesale_cost BETWEEN 23.06 AND 32.96 ORDER BY public.store_sales.ss_item_sk LIMIT 100;
2025-07-01T00:14:18.600000,SELECT public.store_sales.ss_item_sk FROM public.store_sales  WHERE public.store_sales.ss_customer_sk > 50.42 AND public.store_sales.ss_wholesale_cost BETWEEN 57.4 AND 67.3 ORDER BY public.store_sales.ss_item_sk LIMIT 100;
2025-07-01T00:14:18.800000,SELECT public.store_sales.ss_ext_discount_amt FROM public.store_sales  WHERE public.store_sales.ss_promo_sk < 82.4 AND public.store_sales.ss_sold_date_sk > 65.17 AND public.store_sales.ss_hdemo_sk > 78.39 ORDER BY public.store_sales.ss_ext_discount_amt LIMIT 100;
2025-07-01T00:14:19.000000,SELECT public.store_sales.ss_ext_discount_amt FROM public.store_sales  WHERE public.store_sales.ss_promo_sk < 29.64 AND public.store_sales.ss_sold_date_sk > 26.52 AND public.store_sales.ss_hdemo_sk > 59.01 ORDER BY public.store_sales.ss_ext_discount_amt LIMIT 100;
2025-07-01T00:14:19.200000,SELECT public.store_sales.ss_list_price FROM public.store_sales  WHERE public.store_sales.ss_ext_list_price > 4.61 ORDER BY public.store_sales.ss_list_price LIMIT 100;
2025-07-01T00:14:19.400000,SELECT public.store_sales.ss_ext_discount_amt FROM public.store_sales  WHERE public.store_sales.ss_promo_sk < 78.97 AND public.store_sales.ss_sold_date_sk > 19.33 AND public.store_sales.ss_hdemo_sk > 56.65 ORDER BY public.store_sales.ss_ext_discount_amt LIMIT 100;
2025-07-01T00:14:19.600000,SELECT public.store_sales.ss_sold_date_sk FROM public.store_sales  WHERE public.store_sales.ss_addr_sk <= 65.36 ORDER BY public.store_sales.ss_sold_date_sk LIMIT 100;
2025-07-01T00:14:19.800000,SELECT public.store_sales.ss_list_price FROM public.store_sales  WHERE public.store_sales.ss_ext_list_price > 76.64 ORDER BY public.store_sales.ss_list_price LIMIT 100;
2025-07-01T00:14:20.000000,SELECT public.store_sales.ss_sold_date_sk FROM public.store_sales  WHERE public.store_sales.ss_addr_sk <= 83.96 ORDER BY public.store_sales.ss_sold_date_sk LIMIT 100;
2025-07-01T00:14:20.200000,SELECT public.store_sales.ss_ext_discount_amt FROM public.store_sales  WHERE public.store_sales.ss_promo_sk < 57.18 AND public.store_sales.ss_sold_date_sk > 40.33 AND public.store_sales.ss_hdemo_sk > 45.06 ORDER BY public.store_sales.ss_ext_discount_amt LIMIT 100;
2025-07-01T00:14:20.400000,SELECT public.store_sales.ss_list_price FROM public.store_sales  WHERE public.store_sales.ss_ext_list_price > 76.92 ORDER BY public.store_sales.ss_list_price LIMIT 100;
2025-07-01T00:14:20.600000,SELECT public.store_sales.ss_item_sk FROM public.store_sales  WHERE public.store_sales.ss_customer_sk > 58.66 AND public.store_sales.ss_wholesale_cost BETWEEN 94.41 AND 104.31 ORDER BY public.store_sales.ss_item_sk LIMIT 100;
2025-07-01T00:14:20.800000,SELECT public.store_sales.ss_list_price FROM public.store_sales  WHERE public.store_sales.ss_ext_list_price > 21.23 ORDER BY public.store_sales.ss_list_price LIMIT 100;
2025-07-01T00:14:21.000000,SELECT public.store_sales.ss_sold_date_sk FROM public.store_sales  WHERE public.store_sales.ss_addr_sk <= 9.36 ORDER BY public.store_sales.ss_sold_date_sk LIMIT 100;
2025-07-01T00:14:21.200000,SELECT public.store_sales.ss_item_sk FROM public.store_sales  WHERE public.store_sales.ss_customer_sk > 95.24 AND public.store_sales.ss_wholesale_cost BETWEEN -2.76 AND 7.14 ORDER BY public.store_sales.ss_item_sk LIMIT 100;
2025-07-01T00:14:21.400000,SELECT public.store_sales.ss_item_sk FROM public.store_sales  WHERE public.store_sales.ss_customer_sk > 29.65 AND public.store_sales.ss_wholesale_cost BETWEEN 74.86 AND 84.76 ORDER BY public.store_sales.ss_item_sk LIMIT 100;
2025-07-01T00:14:21.600000,SELECT public.catalog_sales.cs_order_number FROM public.catalog_sales INNER JOIN public.store_sales ON public.catalog_sales.cs_promo_sk = public.store_sales.ss_promo_sk WHERE public.catalog_sales.cs_warehouse_sk <= 31.72 ORDER BY public.catalog_sales.cs_order_number LIMIT 100;
2025-07-01T00:14:21.800000,SELECT public.catalog_sales.cs_order_number FROM public.catalog_sales INNER JOIN public.store_sales ON public.catalog_sales.cs_promo_sk = public.store_sales.ss_promo_sk WHERE public.catalog_sales.cs_warehouse_sk <= 11.42 ORDER BY public.catalog_sales.cs_order_number LIMIT 100;
2025-07-01T00:14:22.000000,SELECT public.store_sales.ss_item_sk FROM public.store_sales  WHERE public.store_sales.ss_customer_sk > 51.04 AND public.store_sales.ss_wholesale_cost BETWEEN 59.08 AND 68.98 ORDER BY public.store_sales.ss_item_sk LIMIT 100;
2025-07-01T00:14:22.200000,SELECT public.catalog_sales.cs_order_number FROM public.catalog_sales INNER JOIN public.store_sales ON public.catalog_sales.cs_promo_sk = public.store_sales.ss_promo_sk WHERE public.catalog_sales.cs_warehouse_sk <= 49.58 ORDER BY public.catalog_sales.cs_order_number LIMIT 100;
2025-07-01T00:14:22.400000,SELECT public.store_sales.ss_item_sk FROM public.store_sales  WHERE public.store_sales.ss_customer_sk > 78.9 AND public.store_sales.ss_wholesale_cost BETWEEN 86.45 AND 96.35 ORDER BY public.store_sales.ss_item_sk LIMIT 100;
2025-07-01T00:14:22.600000,SELECT public.catalog_sales.cs_order_number FROM public.catalog_sales INNER JOIN public.store_sales ON public.catalog_sales.cs_promo_sk = public.store_sales.ss_promo_sk WHERE public.catalog_sales.cs_warehouse_sk <= 5.45 ORDER BY public.catalog_sales.cs_order_number LIMIT 100;
2025-07-01T00:14:22.800000,SELECT public.store_sales.ss_list_price FROM public.store_sales  WHERE public.store_sales.ss_ext_list_price > 7.57 ORDER BY public.store_sales.ss_list_price LIMIT 100;
2025-07-01T00:14:23.000000,SELECT public.store_sales.ss_list_price FROM public.store_sales  WHERE public.store_sales.ss_ext_list_price > 31.46 ORDER BY public.store_sales.ss_list_price LIMIT 100;
2025-07-01T00:14:23.200000,SELECT public.store_sales.ss_sold_date_sk FROM public.store_sales  WHERE public.store_sales.ss_addr_sk <= 32.31 ORDER BY public.store_sales.ss_sold_date_sk LIMIT 100;
2025-07-01T00:14:23.400000,SELECT public.catalog_sales.cs_order_number FROM public.catalog_sales INNER JOIN public.store_sales ON public.catalog_sales.cs_promo_sk = public.store_sales.ss_promo_sk WHERE public.catalog_sales.cs_warehouse_sk <= 43.78 ORDER BY public.catalog_sales.cs_order_number LIMIT 100;
2025-07-01T00:14:23.600000,SELECT public.store_sales.ss_sold_date_sk FROM public.store_sales  WHERE public.store_sales.ss_addr_sk <= 70.5 ORDER BY public.store_sales.ss_sold_date_sk LIMIT 100;
2025-07-01T00:14:23.800000,SELECT public.store_sales.ss_ext_discount_amt FROM public.store_sales  WHERE public.store_sales.ss_promo_sk < 95.96 AND public.store_sales.ss_sold_date_sk > 75.44 AND public.store_sales.ss_hdemo_sk > 54.54 ORDER BY public.store_sales.ss_ext_discount_amt LIMIT 100;
2025-07-01T00:14:24.000000,SELECT public.store_sales.ss_ext_discount_amt FROM public.store_sales  WHERE public.store_sales.ss_promo_sk < 40.91 AND public.store_sales.ss_sold_date_sk > 56.62 AND public.store_sales.ss_hdemo_sk > 72.26 ORDER BY public.store_sales.ss_ext_discount_amt LIMIT 100;
2025-07-01T00:14:24.200000,SELECT public.catalog_sales.cs_order_number FROM public.catalog_sales INNER JOIN public.store_sales ON public.catalog_sales.cs_promo_sk = public.store_sales.ss_promo_sk WHERE public.catalog_sales.cs_warehouse_sk <= 11.48 ORDER BY public.catalog_sales.cs_order_number LIMIT 100;
2025-07-01T00:14:24.400000,SELECT public.catalog_sales.cs_order_number FROM public.catalog_sales INNER JOIN public.store_sales ON public.catalog_sales.cs_promo_sk = public.store_sales.ss_promo_sk WHERE public.catalog_sales.cs_warehouse_sk <= 67.31 ORDER BY public.catalog_sales.cs_order_number LIMIT 100;
2025-07-01T00:14:24.600000,SELECT public.store_sales.ss_item_sk FROM public.store_sales  WHERE public.store_sales.ss_customer_sk > 91.87 AND public.store_sales.ss_wholesale_cost BETWEEN 93.48 AND 103.38 ORDER BY public.store_sales.ss_item_sk LIMIT 100;
2025-07-01T00:14:24.800000,SELECT public.store_sales.ss_ext_discount_amt FROM public.store_sales  WHERE public.store_sales.ss_promo_sk < 60.47 AND public.store_sales.ss_sold_date_sk > 22.42 AND public.store_sales.ss_hdemo_sk > 41.99 ORDER BY public.store_sales.ss_ext_discount_amt LIMIT 100;
2025-07-01T00:14:25.000000,SELECT public.store_sales.ss_list_price FROM public.store_sales  WHERE public.store_sales.ss_ext_list_price > 34.56 ORDER BY public.store_sales.ss_list_price LIMIT 100;
2025-07-01T00:14:25.200000,SELECT public.catalog_sales.cs_order_number FROM public.catalog_sales INNER JOIN public.store_sales ON public.catalog_sales.cs_promo_sk = public.store_sales.ss_promo_sk WHERE public.catalog_sales.cs_warehouse_sk <= 44.45 ORDER BY public.catalog_sales.cs_order_number LIMIT 100;
2025-07-01T00:14:25.400000,SELECT public.store_sales.ss_item_sk FROM public.store_sales  WHERE public.store_sales.ss_customer_sk > 98.58 AND public.store_sales.ss_wholesale_cost BETWEEN 93.57 AND 103.47 ORDER BY public.store_sales.ss_item_sk LIMIT 100;
2025-07-01T00:14:25.600000,SELECT public.store_sales.ss_item_sk FROM public.store_sales  WHERE public.store_sales.ss_customer_sk > 80.47 AND public.store_sales.ss_wholesale_cost BETWEEN 84.46 AND 94.36 ORDER BY public.store_sales.ss_item_sk LIMIT 100;
2025-07-01T00:14:25.800000,SELECT public.store_sales.ss_sold_date_sk FROM public.store_sales  WHERE public.store_sales.ss_addr_sk <= 73.75 ORDER BY public.store_sales.ss_sold_date_sk LIMIT 100;
2025-07-01T00:14:26.000000,SELECT public.store_sales.ss_ext_discount_amt FROM public.store_sales  WHERE public.store_sales.ss_promo_sk < 41.59 AND public.store_sales.ss_sold_date_sk > 22.67 AND public.store_sales.ss_hdemo_sk > 81.79 ORDER BY public.store_sales.ss_ext_discount_amt LIMIT 100;
2025-07-01T00:14:26.200000,SELECT public.store_sales.ss_list_price FROM public.store_sales  WHERE public.store_sales.ss_ext_list_price > 75.4 ORDER BY public.store_sales.ss_list_price LIMIT 100;
2025-07-01T00:14:26.400000,SELECT public.store_sales.ss_list_price FROM public.store_sales  WHERE public.store_sales.ss_ext_list_price > 60.61 ORDER BY public.store_sales.ss_list_price LIMIT 100;
2025-07-01T00:14:26.600000,SELECT public.store_sales.ss_list_price FROM public.store_sales  WHERE public.store_sales.ss_ext_list_price > 29.46 ORDER BY public.store_sales.ss_list_price LIMIT 100;
2025-07-01T00:14:26.800000,SELECT public.store_sales.ss_list_price FROM public.store_sales  WHERE public.store_sales.ss_ext_list_price > 37.47 ORDER BY public.store_sales.ss_list_price LIMIT 100;
2025-07-01T00:14:27.000000,SELECT public.store_sales.ss_list_price FROM public.store_sales  WHERE public.store_sales.ss_ext_list_price > 16.47 ORDER BY public.store_sales.ss_list_price LIMIT 100;
2025-07-01T00:14:27.200000,SELECT public.store_sales.ss_ext_discount_amt FROM public.store_sales  WHERE public.store_sales.ss_promo_sk < 37.9 AND public.store_sales.ss_sold_date_sk > 5.82 AND public.store_sales.ss_hdemo_sk > 11.82 ORDER BY public.store_sales.ss_ext_discount_amt LIMIT 100;
2025-07-01T00:14:27.400000,SELECT public.store_sales.ss_list_price FROM public.store_sales  WHERE public.store_sales.ss_ext_list_price > 78.69 ORDER BY public.store_sales.ss_list_price LIMIT 100;
2025-07-01T00:14:27.600000,SELECT public.catalog_sales.cs_order_number FROM public.catalog_sales INNER JOIN public.store_sales ON public.catalog_sales.cs_promo_sk = public.store_sales.ss_promo_sk WHERE public.catalog_sales.cs_warehouse_sk <= 13.25 ORDER BY public.catalog_sales.cs_order_number LIMIT 100;
2025-07-01T00:14:27.800000,SELECT public.store_sales.ss_item_sk FROM public.store_sales  WHERE public.store_sales.ss_customer_sk > 35.26 AND public.store_sales.ss_wholesale_cost BETWEEN 42.35 AND 52.25 ORDER BY public.store_sales.ss_item_sk LIMIT 100;
2025-07-01T00:14:28.000000,SELECT public.store_sales.ss_sold_date_sk FROM public.store_sales  WHERE public.store_sales.ss_addr_sk <= 42.44 ORDER BY public.store_sales.ss_sold_date_sk LIMIT 100;
2025-07-01T00:14:28.200000,SELECT public.store_sales.ss_item_sk FROM public.store_sales  WHERE public.store_sales.ss_customer_sk > 64.4 AND public.store_sales.ss_wholesale_cost BETWEEN 16.0 AND 25.9 ORDER BY public.store_sales.ss_item_sk LIMIT 100;
2025-07-01T00:14:28.400000,SELECT public.store_sales.ss_sold_date_sk FROM public.store_sales  WHERE public.store_sales.ss_addr_sk <= 83.79 ORDER BY public.store_sales.ss_sold_date_sk LIMIT 100;
2025-07-01T00:14:28.600000,SELECT public.catalog_sales.cs_order_number FROM public.catalog_sales INNER JOIN public.store_sales ON public.catalog_sales.cs_promo_sk = public.store_sales.ss_promo_sk WHERE public.catalog_sales.cs_warehouse_sk <= 76.35 ORDER BY public.catalog_sales.cs_order_number LIMIT 100;
2025-07-01T00:14:28.800000,SELECT public.store_sales.ss_item_sk FROM public.store_sales  WHERE public.store_sales.ss_customer_sk > 64.66 AND public.store_sales.ss_wholesale_cost BETWEEN 81.9 AND 91.8 ORDER BY public.store_sales.ss_item_sk LIMIT 100;
2025-07-01T00:14:29.000000,SELECT public.store_sales.ss_sold_date_sk FROM public.store_sales  WHERE public.store_sales.ss_addr_sk <= 54.01 ORDER BY public.store_sales.ss_sold_date_sk LIMIT 100;
2025-07-01T00:14:29.200000,SELECT public.store_sales.ss_ext_discount_amt FROM public.store_sales  WHERE public.store_sales.ss_promo_sk < 93.73 AND public.store_sales.ss_sold_date_sk > 19.6 AND public.store_sales.ss_hdemo_sk > 11.62 ORDER BY public.store_sales.ss_ext_discount_amt LIMIT 100;
2025-07-01T00:14:29.400000,SELECT public.store_sales.ss_ext_discount_amt FROM public.store_sales  WHERE public.store_sales.ss_promo_sk < 72.35 AND public.store_sales.ss_sold_date_sk > 96.36 AND public.store_sales.ss_hdemo_sk > 78.42 ORDER BY public.store_sales.ss_ext_discount_amt LIMIT 100;
2025-07-01T00:14:29.600000,SELECT public.store_sales.ss_list_price FROM public.store_sales  WHERE public.store_sales.ss_ext_list_price > 13.27 ORDER BY public.store_sales.ss_list_price LIMIT 100;
2025-07-01T00:14:29.800000,SELECT public.store_sales.ss_list_price FROM public.store_sales  WHERE public.store_sales.ss_ext_list_price > 88.75 ORDER BY public.store_sales.ss_list_price LIMIT 100;
2025-07-01T00:14:30.000000,SELECT public.store_sales.ss_list_price FROM public.store_sales  WHERE public.store_sales.ss_ext_list_price > 87.38 ORDER BY public.store_sales.ss_list_price LIMIT 100;
2025-07-01T00:14:30.200000,SELECT public.store_sales.ss_list_price FROM public.store_sales  WHERE public.store_sales.ss_ext_list_price > 92.01 ORDER BY public.store_sales.ss_list_price LIMIT 100;
2025-07-01T00:14:30.400000,SELECT public.store_sales.ss_item_sk FROM public.store_sales  WHERE public.store_sales.ss_customer_sk > 7.43 AND public.store_sales.ss_wholesale_cost BETWEEN 1.49 AND 11.39 ORDER BY public.store_sales.ss_item_sk LIMIT 100;
2025-07-01T00:14:30.600000,SELECT public.catalog_sales.cs_order_number FROM public.catalog_sales INNER JOIN public.store_sales ON public.catalog_sales.cs_promo_sk = public.store_sales.ss_promo_sk WHERE public.catalog_sales.cs_warehouse_sk <= 93.37 ORDER BY public.catalog_sales.cs_order_number LIMIT 100;
2025-07-01T00:14:30.800000,SELECT public.catalog_sales.cs_order_number FROM public.catalog_sales INNER JOIN public.store_sales ON public.catalog_sales.cs_promo_sk = public.store_sales.ss_promo_sk WHERE public.catalog_sales.cs_warehouse_sk <= 89.42 ORDER BY public.catalog_sales.cs_order_number LIMIT 100;
2025-07-01T00:14:31.000000,SELECT public.store_sales.ss_item_sk FROM public.store_sales  WHERE public.store_sales.ss_customer_sk > 73.25 AND public.store_sales.ss_wholesale_cost BETWEEN 80.1 AND 90.0 ORDER BY public.store_sales.ss_item_sk LIMIT 100;
2025-07-01T00:14:31.200000,SELECT public.store_sales.ss_sold_date_sk FROM public.store_sales  WHERE public.store_sales.ss_addr_sk <= 34.08 ORDER BY public.store_sales.ss_sold_date_sk LIMIT 100;
2025-07-01T00:14:31.400000,SELECT public.store_sales.ss_item_sk FROM public.store_sales  WHERE public.store_sales.ss_customer_sk > 93.36 AND public.store_sales.ss_wholesale_cost BETWEEN 16.23 AND 26.13 ORDER BY public.store_sales.ss_item_sk LIMIT 100;
2025-07-01T00:14:31.600000,SELECT public.store_sales.ss_item_sk FROM public.store_sales  WHERE public.store_sales.ss_customer_sk > 1.43 AND public.store_sales.ss_wholesale_cost BETWEEN 52.6 AND 62.5 ORDER BY public.store_sales.ss_item_sk LIMIT 100;
2025-07-01T00:14:31.800000,SELECT public.store_sales.ss_list_price FROM public.store_sales  WHERE public.store_sales.ss_ext_list_price > 28.12 ORDER BY public.store_sales.ss_list_price LIMIT 100;
2025-07-01T00:14:32.000000,SELECT public.store_sales.ss_ext_discount_amt FROM public.store_sales  WHERE public.store_sales.ss_promo_sk < 82.3 AND public.store_sales.ss_sold_date_sk > 42.25 AND public.store_sales.ss_hdemo_sk > 32.83 ORDER BY public.store_sales.ss_ext_discount_amt LIMIT 100;
2025-07-01T00:14:32.200000,SELECT public.store_sales.ss_ext_discount_amt FROM public.store_sales  WHERE public.store_sales.ss_promo_sk < 15.54 AND public.store_sales.ss_sold_date_sk > 86.22 AND public.store_sales.ss_hdemo_sk > 82.49 ORDER BY public.store_sales.ss_ext_discount_amt LIMIT 100;
2025-07-01T00:14:32.400000,SELECT public.catalog_sales.cs_order_number FROM public.catalog_sales INNER JOIN public.store_sales ON public.catalog_sales.cs_promo_sk = public.store_sales.ss_promo_sk WHERE public.catalog_sales.cs_warehouse_sk <= 17.89 ORDER BY public.catalog_sales.cs_order_number LIMIT 100;
2025-07-01T00:14:32.600000,SELECT public.store_sales.ss_list_price FROM public.store_sales  WHERE public.store_sales.ss_ext_list_price > 4.25 ORDER BY public.store_sales.ss_list_price LIMIT 100;
2025-07-01T00:14:32.800000,SELECT public.store_sales.ss_list_price FROM public.store_sales  WHERE public.store_sales.ss_ext_list_price > 5.44 ORDER BY public.store_sales.ss_list_price LIMIT 100;
2025-07-01T00:14:33.000000,SELECT public.store_sales.ss_sold_date_sk FROM public.store_sales  WHERE public.store_sales.ss_addr_sk <= 53.74 ORDER BY public.store_sales.ss_sold_date_sk LIMIT 100;
2025-07-01T00:14:33.200000,SELECT public.store_sales.ss_list_price FROM public.store_sales  WHERE public.store_sales.ss_ext_list_price > 17.83 ORDER BY public.store_sales.ss_list_price LIMIT 100;
2025-07-01T00:14:33.400000,SELECT public.store_sales.ss_sold_date_sk FROM public.store_sales  WHERE public.store_sales.ss_addr_sk <= 37.38 ORDER BY public.store_sales.ss_sold_date_sk LIMIT 100;
2025-07-01T00:14:33.600000,SELECT public.catalog_sales.cs_order_number FROM public.catalog_sales INNER JOIN public.store_sales ON public.catalog_sales.cs_promo_sk = public.store_sales.ss_promo_sk WHERE public.catalog_sales.cs_warehouse_sk <= 29.36 ORDER BY public.catalog_sales.cs_order_number LIMIT 100;
2025-07-01T00:14:33.800000,SELECT public.catalog_sales.cs_order_number FROM public.catalog_sales INNER JOIN public.store_sales ON public.catalog_sales.cs_promo_sk = public.store_sales.ss_promo_sk WHERE public.catalog_sales.cs_warehouse_sk <= 36.82 ORDER BY public.catalog_sales.cs_order_number LIMIT 100;
2025-07-01T00:14:34.000000,SELECT public.catalog_sales.cs_order_number FROM public.catalog_sales INNER JOIN public.store_sales ON public.catalog_sales.cs_promo_sk = public.store_sales.ss_promo_sk WHERE public.catalog_sales.cs_warehouse_sk <= 37.99 ORDER BY public.catalog_sales.cs_order_number LIMIT 100;
2025-07-01T00:14:34.200000,SELECT public.store_sales.ss_item_sk FROM public.store_sales  WHERE public.store_sales.ss_customer_sk > 3.42 AND public.store_sales.ss_wholesale_cost BETWEEN 17.85 AND 27.75 ORDER BY public.store_sales.ss_item_sk LIMIT 100;
2025-07-01T00:14:34.400000,SELECT public.store_sales.ss_item_sk FROM public.store_sales  WHERE public.store_sales.ss_customer_sk > 33.69 AND public.store_sales.ss_wholesale_cost BETWEEN 63.97 AND 73.87 ORDER BY public.store_sales.ss_item_sk LIMIT 100;
2025-07-01T00:14:34.600000,SELECT public.catalog_sales.cs_order_number FROM public.catalog_sales INNER JOIN public.store_sales ON public.catalog_sales.cs_promo_sk = public.store_sales.ss_promo_sk WHERE public.catalog_sales.cs_warehouse_sk <= 25.69 ORDER BY public.catalog_sales.cs_order_number LIMIT 100;
2025-07-01T00:14:34.800000,SELECT public.store_sales.ss_list_price FROM public.store_sales  WHERE public.store_sales.ss_ext_list_price > 44.18 ORDER BY public.store_sales.ss_list_price LIMIT 100;
2025-07-01T00:14:35.000000,SELECT public.store_sales.ss_ext_discount_amt FROM public.store_sales  WHERE public.store_sales.ss_promo_sk < 53.61 AND public.store_sales.ss_sold_date_sk > 66.34 AND public.store_sales.ss_hdemo_sk > 30.95 ORDER BY public.store_sales.ss_ext_discount_amt LIMIT 100;
2025-07-01T00:14:35.200000,SELECT public.store_sales.ss_ext_discount_amt FROM public.store_sales  WHERE public.store_sales.ss_promo_sk < 11.63 AND public.store_sales.ss_sold_date_sk > 12.42 AND public.store_sales.ss_hdemo_sk > 62.34 ORDER BY public.store_sales.ss_ext_discount_amt LIMIT 100;
2025-07-01T00:14:35.400000,SELECT public.store_sales.ss_item_sk FROM public.store_sales  WHERE public.store_sales.ss_customer_sk > 36.77 AND public.store_sales.ss_wholesale_cost BETWEEN 80.46 AND 90.36 ORDER BY public.store_sales.ss_item_sk LIMIT 100;
2025-07-01T00:14:35.600000,SELECT public.store_sales.ss_ext_discount_amt FROM public.store_sales  WHERE public.store_sales.ss_promo_sk < 61.61 AND public.store_sales.ss_sold_date_sk > 4.48 AND public.store_sales.ss_hdemo_sk > 16.59 ORDER BY public.store_sales.ss_ext_discount_amt LIMIT 100;
2025-07-01T00:14:35.800000,SELECT public.store_sales.ss_item_sk FROM public.store_sales  WHERE public.store_sales.ss_customer_sk > 90.11 AND public.store_sales.ss_wholesale_cost BETWEEN 29.97 AND 39.87 ORDER BY public.store_sales.ss_item_sk LIMIT 100;
2025-07-01T00:14:36.000000,SELECT public.store_sales.ss_sold_date_sk FROM public.store_sales  WHERE public.store_sales.ss_addr_sk <= 17.42 ORDER BY public.store_sales.ss_sold_date_sk LIMIT 100;
2025-07-01T00:14:36.200000,SELECT public.store_sales.ss_item_sk FROM public.store_sales  WHERE public.store_sales.ss_customer_sk > 44.84 AND public.store_sales.ss_wholesale_cost BETWEEN 3.16 AND 13.06 ORDER BY public.store_sales.ss_item_sk LIMIT 100;
2025-07-01T00:14:36.400000,SELECT public.store_sales.ss_list_price FROM public.store_sales  WHERE public.store_sales.ss_ext_list_price > 14.24 ORDER BY public.store_sales.ss_list_price LIMIT 100;
2025-07-01T00:14:36.600000,SELECT public.store_sales.ss_sold_date_sk FROM public.store_sales  WHERE public.store_sales.ss_addr_sk <= 80.19 ORDER BY public.store_sales.ss_sold_date_sk LIMIT 100;
2025-07-01T00:14:36.800000,SELECT public.store_sales.ss_list_price FROM public.store_sales  WHERE public.store_sales.ss_ext_list_price > 2.08 ORDER BY public.store_sales.ss_list_price LIMIT 100;
2025-07-01T00:14:37.000000,SELECT public.store_sales.ss_sold_date_sk FROM public.store_sales  WHERE public.store_sales.ss_addr_sk <= 84.07 ORDER BY public.store_sales.ss_sold_date_sk LIMIT 100;
2025-07-01T00:14:37.200000,SELECT public.catalog_sales.cs_order_number FROM public.catalog_sales INNER JOIN public.store_sales ON public.catalog_sales.cs_promo_sk = public.store_sales.ss_promo_sk WHERE public.catalog_sales.cs_warehouse_sk <= 92.56 ORDER BY public.catalog_sales.cs_order_number LIMIT 100;
2025-07-01T00:14:37.400000,SELECT public.store_sales.ss_item_sk FROM public.store_sales  WHERE public.store_sales.ss_customer_sk > 99.49 AND public.store_sales.ss_wholesale_cost BETWEEN 82.47 AND 92.37 ORDER BY public.store_sales.ss_item_sk LIMIT 100;
2025-07-01T00:14:37.600000,SELECT public.store_sales.ss_list_price FROM public.store_sales  WHERE public.store_sales.ss_ext_list_price > 12.29 ORDER BY public.store_sales.ss_list_price LIMIT 100;
2025-07-01T00:14:37.800000,SELECT public.store_sales.ss_ext_discount_amt FROM public.store_sales  WHERE public.store_sales.ss_promo_sk < 22.3 AND public.store_sales.ss_sold_date_sk > 58.99 AND public.store_sales.ss_hdemo_sk > 20.35 ORDER BY public.store_sales.ss_ext_discount_amt LIMIT 100;
2025-07-01T00:14:38.000000,SELECT public.store_sales.ss_item_sk FROM public.store_sales  WHERE public.store_sales.ss_customer_sk > 71.29 AND public.store_sales.ss_wholesale_cost BETWEEN 58.97 AND 68.87 ORDER BY public.store_sales.ss_item_sk LIMIT 100;
2025-07-01T00:14:38.200000,SELECT public.store_sales.ss_list_price FROM public.store_sales  WHERE public.store_sales.ss_ext_list_price > 37.52 ORDER BY public.store_sales.ss_list_price LIMIT 100;
2025-07-01T00:14:38.400000,SELECT public.store_sales.ss_sold_date_sk FROM public.store_sales  WHERE public.store_sales.ss_addr_sk <= 20.98 ORDER BY public.store_sales.ss_sold_date_sk LIMIT 100;
2025-07-01T00:14:38.600000,SELECT public.store_sales.ss_ext_discount_amt FROM public.store_sales  WHERE public.store_sales.ss_promo_sk < 12.05 AND public.store_sales.ss_sold_date_sk > 39.07 AND public.store_sales.ss_hdemo_sk > 6.99 ORDER BY public.store_sales.ss_ext_discount_amt LIMIT 100;
2025-07-01T00:14:38.800000,SELECT public.store_sales.ss_item_sk FROM public.store_sales  WHERE public.store_sales.ss_customer_sk > 2.36 AND public.store_sales.ss_wholesale_cost BETWEEN 20.63 AND 30.53 ORDER BY public.store_sales.ss_item_sk LIMIT 100;
2025-07-01T00:14:39.000000,SELECT public.store_sales.ss_sold_date_sk FROM public.store_sales  WHERE public.store_sales.ss_addr_sk <= 70.11 ORDER BY public.store_sales.ss_sold_date_sk LIMIT 100;
2025-07-01T00:14:39.200000,SELECT public.catalog_sales.cs_order_number FROM public.catalog_sales INNER JOIN public.store_sales ON public.catalog_sales.cs_promo_sk = public.store_sales.ss_promo_sk WHERE public.catalog_sales.cs_warehouse_sk <= 3.26 ORDER BY public.catalog_sales.cs_order_number LIMIT 100;
2025-07-01T00:14:39.400000,SELECT public.store_sales.ss_sold_date_sk FROM public.store_sales  WHERE public.store_sales.ss_addr_sk <= 75.78 ORDER BY public.store_sales.ss_sold_date_sk LIMIT 100;
2025-07-01T00:14:39.600000,SELECT public.store_sales.ss_ext_discount_amt FROM public.store_sales  WHERE public.store_sales.ss_promo_sk < 94.92 AND public.store_sales.ss_sold_date_sk > 58.11 AND public.store_sales.ss_hdemo_sk > 80.81 ORDER BY public.store_sales.ss_ext_discount_amt LIMIT 100;
2025-07-01T00:14:39.800000,SELECT public.store_sales.ss_ext_discount_amt FROM public.store_sales  WHERE public.store_sales.ss_promo_sk < 40.02 AND public.store_sales.ss_sold_date_sk > 42.24 AND public.store_sales.ss_hdemo_sk > 1.16 ORDER BY public.store_sales.ss_ext_discount_amt LIMIT 100;
2025-07-01T00:14:40.000000,SELECT public.store_sales.ss_list_price FROM public.store_sales  WHERE public.store_sales.ss_ext_list_price > 98.73 ORDER BY public.store_sales.ss_list_price LIMIT 100;
2025-07-01T00:14:40.200000,SELECT public.store_sales.ss_sold_date_sk FROM public.store_sales  WHERE public.store_sales.ss_addr_sk <= 51.33 ORDER BY public.store_sales.ss_sold_date_sk LIMIT 100;
2025-07-01T00:14:40.400000,SELECT public.catalog_sales.cs_order_number FROM public.catalog_sales INNER JOIN public.store_sales ON public.catalog_sales.cs_promo_sk = public.store_sales.ss_promo_sk WHERE public.catalog_sales.cs_warehouse_sk <= 18.5 ORDER BY public.catalog_sales.cs_order_number LIMIT 100;
2025-07-01T00:14:40.600000,SELECT public.store_sales.ss_ext_discount_amt FROM public.store_sales  WHERE public.store_sales.ss_promo_sk < 32.45 AND public.store_sales.ss_sold_date_sk > 8.73 AND public.store_sales.ss_hdemo_sk > 3.95 ORDER BY public.store_sales.ss_ext_discount_amt LIMIT 100;
2025-07-01T00:14:40.800000,SELECT public.store_sales.ss_list_price FROM public.store_sales  WHERE public.store_sales.ss_ext_list_price > 47.69 ORDER BY public.store_sales.ss_list_price LIMIT 100;
2025-07-01T00:14:41.000000,SELECT public.store_sales.ss_sold_date_sk FROM public.store_sales  WHERE public.store_sales.ss_addr_sk <= 62.01 ORDER BY public.store_sales.ss_sold_date_sk LIMIT 100;
2025-07-01T00:14:41.200000,SELECT public.store_sales.ss_item_sk FROM public.store_sales  WHERE public.store_sales.ss_customer_sk > 86.1 AND public.store_sales.ss_wholesale_cost BETWEEN 33.49 AND 43.39 ORDER BY public.store_sales.ss_item_sk LIMIT 100;
2025-07-01T00:14:41.400000,SELECT public.store_sales.ss_list_price FROM public.store_sales  WHERE public.store_sales.ss_ext_list_price > 99.98 ORDER BY public.store_sales.ss_list_price LIMIT 100;
2025-07-01T00:14:41.600000,SELECT public.store_sales.ss_sold_date_sk FROM public.store_sales  WHERE public.store_sales.ss_addr_sk <= 18.91 ORDER BY public.store_sales.ss_sold_date_sk LIMIT 100;
2025-07-01T00:14:41.800000,SELECT public.store_sales.ss_ext_discount_amt FROM public.store_sales  WHERE public.store_sales.ss_promo_sk < 52.13 AND public.store_sales.ss_sold_date_sk > 10.42 AND public.store_sales.ss_hdemo_sk > 73.06 ORDER BY public.store_sales.ss_ext_discount_amt LIMIT 100;
2025-07-01T00:14:42.000000,SELECT public.store_sales.ss_item_sk FROM public.store_sales  WHERE public.store_sales.ss_customer_sk > 94.98 AND public.store_sales.ss_wholesale_cost BETWEEN 35.94 AND 45.84 ORDER BY public.store_sales.ss_item_sk LIMIT 100;
2025-07-01T00:14:42.200000,SELECT public.store_sales.ss_sold_date_sk FROM public.store_sales  WHERE public.store_sales.ss_addr_sk <= 14.08 ORDER BY public.store_sales.ss_sold_date_sk LIMIT 100;
2025-07-01T00:14:42.400000,SELECT public.store_sales.ss_list_price FROM public.store_sales  WHERE public.store_sales.ss_ext_list_price > 99.13 ORDER BY public.store_sales.ss_list_price LIMIT 100;
2025-07-01T00:14:42.600000,SELECT public.store_sales.ss_item_sk FROM public.store_sales  WHERE public.store_sales.ss_customer_sk > 13.6 AND public.store_sales.ss_wholesale_cost BETWEEN 14.73 AND 24.63 ORDER BY public.store_sales.ss_item_sk LIMIT 100;
2025-07-01T00:14:42.800000,SELECT public.store_sales.ss_sold_date_sk FROM public.store_sales  WHERE public.store_sales.ss_addr_sk <= 62.0 ORDER BY public.store_sales.ss_sold_date_sk LIMIT 100;
2025-07-01T00:14:43.000000,SELECT public.store_sales.ss_list_price FROM public.store_sales  WHERE public.store_sales.ss_ext_list_price > 12.75 ORDER BY public.store_sales.ss_list_price LIMIT 100;
2025-07-01T00:14:43.200000,SELECT public.store_sales.ss_list_price FROM public.store_sales  WHERE public.store_sales.ss_ext_list_price > 99.43 ORDER BY public.store_sales.ss_list_price LIMIT 100;
2025-07-01T00:14:43.400000,SELECT public.catalog_sales.cs_order_number FROM public.catalog_sales INNER JOIN public.store_sales ON public.catalog_sales.cs_promo_sk = public.store_sales.ss_promo_sk WHERE public.catalog_sales.cs_warehouse_sk <= 33.83 ORDER BY public.catalog_sales.cs_order_number LIMIT 100;
2025-07-01T00:14:43.600000,SELECT public.store_sales.ss_list_price FROM public.store_sales  WHERE public.store_sales.ss_ext_list_price > 7.65 ORDER BY public.store_sales.ss_list_price LIMIT 100;
2025-07-01T00:14:43.800000,SELECT public.store_sales.ss_list_price FROM public.store_sales  WHERE public.store_sales.ss_ext_list_price > 73.22 ORDER BY public.store_sales.ss_list_price LIMIT 100;
2025-07-01T00:14:44.000000,SELECT public.store_sales.ss_sold_date_sk FROM public.store_sales  WHERE public.store_sales.ss_addr_sk <= 39.86 ORDER BY public.store_sales.ss_sold_date_sk LIMIT 100;
2025-07-01T00:14:44.200000,SELECT public.store_sales.ss_list_price FROM public.store_sales  WHERE public.store_sales.ss_ext_list_price > 75.7 ORDER BY public.store_sales.ss_list_price LIMIT 100;
2025-07-01T00:14:44.400000,SELECT public.store_sales.ss_sold_date_sk FROM public.store_sales  WHERE public.store_sales.ss_addr_sk <= 80.3 ORDER BY public.store_sales.ss_sold_date_sk LIMIT 100;
2025-07-01T00:14:44.600000,SELECT public.store_sales.ss_ext_discount_amt FROM public.store_sales  WHERE public.store_sales.ss_promo_sk < 82.01 AND public.store_sales.ss_sold_date_sk > 74.42 AND public.store_sales.ss_hdemo_sk > 47.41 ORDER BY public.store_sales.ss_ext_discount_amt LIMIT 100;
2025-07-01T00:14:44.800000,SELECT public.store_sales.ss_ext_discount_amt FROM public.store_sales  WHERE public.store_sales.ss_promo_sk < 85.54 AND public.store_sales.ss_sold_date_sk > 32.9 AND public.store_sales.ss_hdemo_sk > 54.91 ORDER BY public.store_sales.ss_ext_discount_amt LIMIT 100;
2025-07-01T00:14:45.000000,SELECT public.store_sales.ss_sold_date_sk FROM public.store_sales  WHERE public.store_sales.ss_addr_sk <= 86.21 ORDER BY public.store_sales.ss_sold_date_sk LIMIT 100;
2025-07-01T00:14:45.200000,SELECT public.store_sales.ss_ext_discount_amt FROM public.store_sales  WHERE public.store_sales.ss_promo_sk < 67.08 AND public.store_sales.ss_sold_date_sk > 65.9 AND public.store_sales.ss_hdemo_sk > 66.63 ORDER BY public.store_sales.ss_ext_discount_amt LIMIT 100;
2025-07-01T00:14:45.400000,SELECT public.store_sales.ss_list_price FROM public.store_sales  WHERE public.store_sales.ss_ext_list_price > 93.77 ORDER BY public.store_sales.ss_list_price LIMIT 100;
2025-07-01T00:14:45.600000,SELECT public.store_sales.ss_item_sk FROM public.store_sales  WHERE public.store_sales.ss_customer_sk > 93.07 AND public.store_sales.ss_wholesale_cost BETWEEN 45.35 AND 55.25 ORDER BY public.store_sales.ss_item_sk LIMIT 100;
2025-07-01T00:14:45.800000,SELECT public.store_sales.ss_list_price FROM public.store_sales  WHERE public.store_sales.ss_ext_list_price > 48.29 ORDER BY public.store_sales.ss_list_price LIMIT 100;
2025-07-01T00:14:46.000000,SELECT public.store_sales.ss_list_price FROM public.store_sales  WHERE public.store_sales.ss_ext_list_price > 49.4 ORDER BY public.store_sales.ss_list_price LIMIT 100;
2025-07-01T00:14:46.200000,SELECT public.catalog_sales.cs_order_number FROM public.catalog_sales INNER JOIN public.store_sales ON public.catalog_sales.cs_promo_sk = public.store_sales.ss_promo_sk WHERE public.catalog_sales.cs_warehouse_sk <= 14.05 ORDER BY public.catalog_sales.cs_order_number LIMIT 100;
2025-07-01T00:14:46.400000,SELECT public.store_sales.ss_list_price FROM public.store_sales  WHERE public.store_sales.ss_ext_list_price > 15.91 ORDER BY public.store_sales.ss_list_price LIMIT 100;
2025-07-01T00:14:46.600000,SELECT public.catalog_sales.cs_order_number FROM public.catalog_sales INNER JOIN public.store_sales ON public.catalog_sales.cs_promo_sk = public.store_sales.ss_promo_sk WHERE public.catalog_sales.cs_warehouse_sk <= 4.7 ORDER BY public.catalog_sales.cs_order_number LIMIT 100;
2025-07-01T00:14:46.800000,SELECT public.store_sales.ss_sold_date_sk FROM public.store_sales  WHERE public.store_sales.ss_addr_sk <= 31.45 ORDER BY public.store_sales.ss_sold_date_sk LIMIT 100;
2025-07-01T00:14:47.000000,SELECT public.store_sales.ss_sold_date_sk FROM public.store_sales  WHERE public.store_sales.ss_addr_sk <= 65.27 ORDER BY public.store_sales.ss_sold_date_sk LIMIT 100;
2025-07-01T00:14:47.200000,SELECT public.store_sales.ss_list_price FROM public.store_sales  WHERE public.store_sales.ss_ext_list_price > 96.65 ORDER BY public.store_sales.ss_list_price LIMIT 100;
2025-07-01T00:14:47.400000,SELECT public.catalog_sales.cs_order_number FROM public.catalog_sales INNER JOIN public.store_sales ON public.catalog_sales.cs_promo_sk = public.store_sales.ss_promo_sk WHERE public.catalog_sales.cs_warehouse_sk <= 38.72 ORDER BY public.catalog_sales.cs_order_number LIMIT 100;
2025-07-01T00:14:47.600000,SELECT public.catalog_sales.cs_order_number FROM public.catalog_sales INNER JOIN public.store_sales ON public.catalog_sales.cs_promo_sk = public.store_sales.ss_promo_sk WHERE public.catalog_sales.cs_warehouse_sk <= 93.84 ORDER BY public.catalog_sales.cs_order_number LIMIT 100;
2025-07-01T00:14:47.800000,SELECT public.store_sales.ss_sold_date_sk FROM public.store_sales  WHERE public.store_sales.ss_addr_sk <= 68.92 ORDER BY public.store_sales.ss_sold_date_sk LIMIT 100;
2025-07-01T00:14:48.000000,SELECT public.store_sales.ss_item_sk FROM public.store_sales  WHERE public.store_sales.ss_customer_sk > 42.94 AND public.store_sales.ss_wholesale_cost BETWEEN 88.13 AND 98.03 ORDER BY public.store_sales.ss_item_sk LIMIT 100;
2025-07-01T00:14:48.200000,SELECT public.store_sales.ss_ext_discount_amt FROM public.store_sales  WHERE public.store_sales.ss_promo_sk < 89.36 AND public.store_sales.ss_sold_date_sk > 75.21 AND public.store_sales.ss_hdemo_sk > 99.19 ORDER BY public.store_sales.ss_ext_discount_amt LIMIT 100;
2025-07-01T00:14:48.400000,SELECT public.store_sales.ss_list_price FROM public.store_sales  WHERE public.store_sales.ss_ext_list_price > 89.48 ORDER BY public.store_sales.ss_list_price LIMIT 100;
2025-07-01T00:14:48.600000,SELECT public.store_sales.ss_list_price FROM public.store_sales  WHERE public.store_sales.ss_ext_list_price > 58.83 ORDER BY public.store_sales.ss_list_price LIMIT 100;
2025-07-01T00:14:48.800000,SELECT public.store_sales.ss_ext_discount_amt FROM public.store_sales  WHERE public.store_sales.ss_promo_sk < 48.27 AND public.store_sales.ss_sold_date_sk > 76.38 AND public.store_sales.ss_hdemo_sk > 90.43 ORDER BY public.store_sales.ss_ext_discount_amt LIMIT 100;
2025-07-01T00:14:49.000000,SELECT public.store_sales.ss_item_sk FROM public.store_sales  WHERE public.store_sales.ss_customer_sk > 61.86 AND public.store_sales.ss_wholesale_cost BETWEEN 37.36 AND 47.26 ORDER BY public.store_sales.ss_item_sk LIMIT 100;
2025-07-01T00:14:49.200000,SELECT public.catalog_sales.cs_order_number FROM public.catalog_sales INNER JOIN public.store_sales ON public.catalog_sales.cs_promo_sk = public.store_sales.ss_promo_sk WHERE public.catalog_sales.cs_warehouse_sk <= 91.69 ORDER BY public.catalog_sales.cs_order_number LIMIT 100;
2025-07-01T00:14:49.400000,SELECT public.store_sales.ss_ext_discount_amt FROM public.store_sales  WHERE public.store_sales.ss_promo_sk < 55.67 AND public.store_sales.ss_sold_date_sk > 50.58 AND public.store_sales.ss_hdemo_sk > 68.93 ORDER BY public.store_sales.ss_ext_discount_amt LIMIT 100;
2025-07-01T00:14:49.600000,SELECT public.catalog_sales.cs_order_number FROM public.catalog_sales INNER JOIN public.store_sales ON public.catalog_sales.cs_promo_sk = public.store_sales.ss_promo_sk WHERE public.catalog_sales.cs_warehouse_sk <= 74.86 ORDER BY public.catalog_sales.cs_order_number LIMIT 100;
2025-07-01T00:14:49.800000,SELECT public.store_sales.ss_item_sk FROM public.store_sales  WHERE public.store_sales.ss_customer_sk > 65.93 AND public.store_sales.ss_wholesale_cost BETWEEN 23.28 AND 33.18 ORDER BY public.store_sales.ss_item_sk LIMIT 100;
2025-07-01T00:14:50.000000,SELECT public.store_sales.ss_item_sk FROM public.store_sales  WHERE public.store_sales.ss_customer_sk > 89.1 AND public.store_sales.ss_wholesale_cost BETWEEN 27.17 AND 37.07 ORDER BY public.store_sales.ss_item_sk LIMIT 100;
2025-07-01T00:14:50.200000,SELECT public.catalog_sales.cs_order_number FROM public.catalog_sales INNER JOIN public.store_sales ON public.catalog_sales.cs_promo_sk = public.store_sales.ss_promo_sk WHERE public.catalog_sales.cs_warehouse_sk <= 16.97 ORDER BY public.catalog_sales.cs_order_number LIMIT 100;
2025-07-01T00:14:50.400000,SELECT public.store_sales.ss_sold_date_sk FROM public.store_sales  WHERE public.store_sales.ss_addr_sk <= 56.04 ORDER BY public.store_sales.ss_sold_date_sk LIMIT 100;
2025-07-01T00:14:50.600000,SELECT public.store_sales.ss_list_price FROM public.store_sales  WHERE public.store_sales.ss_ext_list_price > 32.14 ORDER BY public.store_sales.ss_list_price LIMIT 100;
2025-07-01T00:14:50.800000,SELECT public.store_sales.ss_ext_discount_amt FROM public.store_sales  WHERE public.store_sales.ss_promo_sk < 90.26 AND public.store_sales.ss_sold_date_sk > 98.47 AND public.store_sales.ss_hdemo_sk > 98.25 ORDER BY public.store_sales.ss_ext_discount_amt LIMIT 100;
2025-07-01T00:14:51.000000,SELECT public.store_sales.ss_ext_discount_amt FROM public.store_sales  WHERE public.store_sales.ss_promo_sk < 39.9 AND public.store_sales.ss_sold_date_sk > 92.26 AND public.store_sales.ss_hdemo_sk > 32.6 ORDER BY public.store_sales.ss_ext_discount_amt LIMIT 100;
2025-07-01T00:14:51.200000,SELECT public.catalog_sales.cs_order_number FROM public.catalog_sales INNER JOIN public.store_sales ON public.catalog_sales.cs_promo_sk = public.store_sales.ss_promo_sk WHERE public.catalog_sales.cs_warehouse_sk <= 20.45 ORDER BY public.catalog_sales.cs_order_number LIMIT 100;
2025-07-01T00:14:51.400000,SELECT public.store_sales.ss_ext_discount_amt FROM public.store_sales  WHERE public.store_sales.ss_promo_sk < 97.69 AND public.store_sales.ss_sold_date_sk > 32.51 AND public.store_sales.ss_hdemo_sk > 46.66 ORDER BY public.store_sales.ss_ext_discount_amt LIMIT 100;
2025-07-01T00:14:51.600000,SELECT public.catalog_sales.cs_order_number FROM public.catalog_sales INNER JOIN public.store_sales ON public.catalog_sales.cs_promo_sk = public.store_sales.ss_promo_sk WHERE public.catalog_sales.cs_warehouse_sk <= 26.98 ORDER BY public.catalog_sales.cs_order_number LIMIT 100;
2025-07-01T00:14:51.800000,SELECT public.store_sales.ss_list_price FROM public.store_sales  WHERE public.store_sales.ss_ext_list_price > 36.56 ORDER BY public.store_sales.ss_list_price LIMIT 100;
2025-07-01T00:14:52.000000,SELECT public.store_sales.ss_ext_discount_amt FROM public.store_sales  WHERE public.store_sales.ss_promo_sk < 80.01 AND public.store_sales.ss_sold_date_sk > 10.89 AND public.store_sales.ss_hdemo_sk > 21.24 ORDER BY public.store_sales.ss_ext_discount_amt LIMIT 100;
2025-07-01T00:14:52.200000,SELECT public.store_sales.ss_sold_date_sk FROM public.store_sales  WHERE public.store_sales.ss_addr_sk <= 85.26 ORDER BY public.store_sales.ss_sold_date_sk LIMIT 100;
2025-07-01T00:14:52.400000,SELECT public.store_sales.ss_sold_date_sk FROM public.store_sales  WHERE public.store_sales.ss_addr_sk <= 30.39 ORDER BY public.store_sales.ss_sold_date_sk LIMIT 100;
2025-07-01T00:14:52.600000,SELECT public.store_sales.ss_list_price FROM public.store_sales  WHERE public.store_sales.ss_ext_list_price > 37.29 ORDER BY public.store_sales.ss_list_price LIMIT 100;
2025-07-01T00:14:52.800000,SELECT public.store_sales.ss_ext_discount_amt FROM public.store_sales  WHERE public.store_sales.ss_promo_sk < 17.12 AND public.store_sales.ss_sold_date_sk > 68.77 AND public.store_sales.ss_hdemo_sk > 34.61 ORDER BY public.store_sales.ss_ext_discount_amt LIMIT 100;
2025-07-01T00:14:53.000000,SELECT public.store_sales.ss_ext_discount_amt FROM public.store_sales  WHERE public.store_sales.ss_promo_sk < 16.42 AND public.store_sales.ss_sold_date_sk > 53.95 AND public.store_sales.ss_hdemo_sk > 91.66 ORDER BY public.store_sales.ss_ext_discount_amt LIMIT 100;
2025-07-01T00:14:53.200000,SELECT public.store_sales.ss_list_price FROM public.store_sales  WHERE public.store_sales.ss_ext_list_price > 50.3 ORDER BY public.store_sales.ss_list_price LIMIT 100;
2025-07-01T00:14:53.400000,SELECT public.store_sales.ss_sold_date_sk FROM public.store_sales  WHERE public.store_sales.ss_addr_sk <= 80.63 ORDER BY public.store_sales.ss_sold_date_sk LIMIT 100;
2025-07-01T00:14:53.600000,SELECT public.catalog_sales.cs_order_number FROM public.catalog_sales INNER JOIN public.store_sales ON public.catalog_sales.cs_promo_sk = public.store_sales.ss_promo_sk WHERE public.catalog_sales.cs_warehouse_sk <= 82.45 ORDER BY public.catalog_sales.cs_order_number LIMIT 100;
2025-07-01T00:14:53.800000,SELECT public.store_sales.ss_sold_date_sk FROM public.store_sales  WHERE public.store_sales.ss_addr_sk <= 54.41 ORDER BY public.store_sales.ss_sold_date_sk LIMIT 100;
2025-07-01T00:14:54.000000,SELECT public.store_sales.ss_list_price FROM public.store_sales  WHERE public.store_sales.ss_ext_list_price > 71.65 ORDER BY public.store_sales.ss_list_price LIMIT 100;
2025-07-01T00:14:54.200000,SELECT public.store_sales.ss_item_sk FROM public.store_sales  WHERE public.store_sales.ss_customer_sk > 81.69 AND public.store_sales.ss_wholesale_cost BETWEEN 40.43 AND 50.33 ORDER BY public.store_sales.ss_item_sk LIMIT 100;
2025-07-01T00:14:54.400000,SELECT public.store_sales.ss_sold_date_sk FROM public.store_sales  WHERE public.store_sales.ss_addr_sk <= 88.53 ORDER BY public.store_sales.ss_sold_date_sk LIMIT 100;
2025-07-01T00:14:54.600000,SELECT public.store_sales.ss_ext_discount_amt FROM public.store_sales  WHERE public.store_sales.ss_promo_sk < 87.27 AND public.store_sales.ss_sold_date_sk > 63.79 AND public.store_sales.ss_hdemo_sk > 43.47 ORDER BY public.store_sales.ss_ext_discount_amt LIMIT 100;
2025-07-01T00:14:54.800000,SELECT public.store_sales.ss_list_price FROM public.store_sales  WHERE public.store_sales.ss_ext_list_price > 59.62 ORDER BY public.store_sales.ss_list_price LIMIT 100;
2025-07-01T00:14:55.000000,SELECT public.store_sales.ss_list_price FROM public.store_sales  WHERE public.store_sales.ss_ext_list_price > 86.96 ORDER BY public.store_sales.ss_list_price LIMIT 100;
2025-07-01T00:14:55.200000,SELECT public.store_sales.ss_list_price FROM public.store_sales  WHERE public.store_sales.ss_ext_list_price > 34.56 ORDER BY public.store_sales.ss_list_price LIMIT 100;
2025-07-01T00:14:55.400000,SELECT public.store_sales.ss_list_price FROM public.store_sales  WHERE public.store_sales.ss_ext_list_price > 27.07 ORDER BY public.store_sales.ss_list_price LIMIT 100;
2025-07-01T00:14:55.600000,SELECT public.store_sales.ss_sold_date_sk FROM public.store_sales  WHERE public.store_sales.ss_addr_sk <= 83.85 ORDER BY public.store_sales.ss_sold_date_sk LIMIT 100;
2025-07-01T00:14:55.800000,SELECT public.store_sales.ss_item_sk FROM public.store_sales  WHERE public.store_sales.ss_customer_sk > 84.72 AND public.store_sales.ss_wholesale_cost BETWEEN 47.54 AND 57.44 ORDER BY public.store_sales.ss_item_sk LIMIT 100;
2025-07-01T00:14:56.000000,SELECT public.catalog_sales.cs_order_number FROM public.catalog_sales INNER JOIN public.store_sales ON public.catalog_sales.cs_promo_sk = public.store_sales.ss_promo_sk WHERE public.catalog_sales.cs_warehouse_sk <= 70.81 ORDER BY public.catalog_sales.cs_order_number LIMIT 100;
2025-07-01T00:14:56.200000,SELECT public.store_sales.ss_list_price FROM public.store_sales  WHERE public.store_sales.ss_ext_list_price > 99.09 ORDER BY public.store_sales.ss_list_price LIMIT 100;
2025-07-01T00:14:56.400000,SELECT public.store_sales.ss_item_sk FROM public.store_sales  WHERE public.store_sales.ss_customer_sk > 14.12 AND public.store_sales.ss_wholesale_cost BETWEEN 77.95 AND 87.85 ORDER BY public.store_sales.ss_item_sk LIMIT 100;
2025-07-01T00:14:56.600000,SELECT public.store_sales.ss_sold_date_sk FROM public.store_sales  WHERE public.store_sales.ss_addr_sk <= 43.36 ORDER BY public.store_sales.ss_sold_date_sk LIMIT 100;
2025-07-01T00:14:56.800000,SELECT public.store_sales.ss_sold_date_sk FROM public.store_sales  WHERE public.store_sales.ss_addr_sk <= 61.54 ORDER BY public.store_sales.ss_sold_date_sk LIMIT 100;
2025-07-01T00:14:57.000000,SELECT public.catalog_sales.cs_order_number FROM public.catalog_sales INNER JOIN public.store_sales ON public.catalog_sales.cs_promo_sk = public.store_sales.ss_promo_sk WHERE public.catalog_sales.cs_warehouse_sk <= 24.86 ORDER BY public.catalog_sales.cs_order_number LIMIT 100;
2025-07-01T00:14:57.200000,SELECT public.catalog_sales.cs_order_number FROM public.catalog_sales INNER JOIN public.store_sales ON public.catalog_sales.cs_promo_sk = public.store_sales.ss_promo_sk WHERE public.catalog_sales.cs_warehouse_sk <= 47.64 ORDER BY public.catalog_sales.cs_order_number LIMIT 100;
2025-07-01T00:14:57.400000,SELECT public.catalog_sales.cs_order_number FROM public.catalog_sales INNER JOIN public.store_sales ON public.catalog_sales.cs_promo_sk = public.store_sales.ss_promo_sk WHERE public.catalog_sales.cs_warehouse_sk <= 55.8 ORDER BY public.catalog_sales.cs_order_number LIMIT 100;
2025-07-01T00:14:57.600000,SELECT public.store_sales.ss_ext_discount_amt FROM public.store_sales  WHERE public.store_sales.ss_promo_sk < 12.63 AND public.store_sales.ss_sold_date_sk > 6.92 AND public.store_sales.ss_hdemo_sk > 83.64 ORDER BY public.store_sales.ss_ext_discount_amt LIMIT 100;
2025-07-01T00:14:57.800000,SELECT public.store_sales.ss_list_price FROM public.store_sales  WHERE public.store_sales.ss_ext_list_price > 17.12 ORDER BY public.store_sales.ss_list_price LIMIT 100;
2025-07-01T00:14:58.000000,SELECT public.catalog_sales.cs_order_number FROM public.catalog_sales INNER JOIN public.store_sales ON public.catalog_sales.cs_promo_sk = public.store_sales.ss_promo_sk WHERE public.catalog_sales.cs_warehouse_sk <= 89.28 ORDER BY public.catalog_sales.cs_order_number LIMIT 100;
2025-07-01T00:14:58.200000,SELECT public.store_sales.ss_item_sk FROM public.store_sales  WHERE public.store_sales.ss_customer_sk > 77.89 AND public.store_sales.ss_wholesale_cost BETWEEN 76.29 AND 86.19 ORDER BY public.store_sales.ss_item_sk LIMIT 100;
2025-07-01T00:14:58.400000,SELECT public.store_sales.ss_list_price FROM public.store_sales  WHERE public.store_sales.ss_ext_list_price > 10.26 ORDER BY public.store_sales.ss_list_price LIMIT 100;
2025-07-01T00:14:58.600000,SELECT public.catalog_sales.cs_order_number FROM public.catalog_sales INNER JOIN public.store_sales ON public.catalog_sales.cs_promo_sk = public.store_sales.ss_promo_sk WHERE public.catalog_sales.cs_warehouse_sk <= 51.13 ORDER BY public.catalog_sales.cs_order_number LIMIT 100;
2025-07-01T00:14:58.800000,SELECT public.catalog_sales.cs_order_number FROM public.catalog_sales INNER JOIN public.store_sales ON public.catalog_sales.cs_promo_sk = public.store_sales.ss_promo_sk WHERE public.catalog_sales.cs_warehouse_sk <= 42.21 ORDER BY public.catalog_sales.cs_order_number LIMIT 100;
2025-07-01T00:14:59.000000,SELECT public.store_sales.ss_sold_date_sk FROM public.store_sales  WHERE public.store_sales.ss_addr_sk <= 46.4 ORDER BY public.store_sales.ss_sold_date_sk LIMIT 100;
2025-07-01T00:14:59.200000,SELECT public.store_sales.ss_sold_date_sk FROM public.store_sales  WHERE public.store_sales.ss_addr_sk <= 88.75 ORDER BY public.store_sales.ss_sold_date_sk LIMIT 100;
2025-07-01T00:14:59.400000,SELECT public.store_sales.ss_sold_date_sk FROM public.store_sales  WHERE public.store_sales.ss_addr_sk <= 64.12 ORDER BY public.store_sales.ss_sold_date_sk LIMIT 100;
2025-07-01T00:14:59.600000,SELECT public.catalog_sales.cs_order_number FROM public.catalog_sales INNER JOIN public.store_sales ON public.catalog_sales.cs_promo_sk = public.store_sales.ss_promo_sk WHERE public.catalog_sales.cs_warehouse_sk <= 1.73 ORDER BY public.catalog_sales.cs_order_number LIMIT 100;
2025-07-01T00:14:59.800000,SELECT public.catalog_sales.cs_order_number FROM public.catalog_sales INNER JOIN public.store_sales ON public.catalog_sales.cs_promo_sk = public.store_sales.ss_promo_sk WHERE public.catalog_sales.cs_warehouse_sk <= 63.76 ORDER BY public.catalog_sales.cs_order_number LIMIT 100;
2025-07-01T00:15:00.000000,SELECT public.store_sales.ss_list_price FROM public.store_sales  WHERE public.store_sales.ss_ext_list_price > 11.31 ORDER BY public.store_sales.ss_list_price LIMIT 100;
