timestamp,sql
2025-07-01T00:05:00.200000,SELECT census_original.relationship FROM census_original  WHERE census_original.relationship != 'NULL' ORDER BY census_original.relationship LIMIT 100;
2025-07-01T00:05:00.400000,"SELECT census_original.relationship, census_original.hours_per_week FROM census_original  WHERE census_original.marital_status = 'NULL' AND census_original.education_num > 59.48 AND census_original.relationship != 'NULL' AND census_original.occupation LIKE 'sample' ORDER BY census_original.hours_per_week LIMIT 100;"
2025-07-01T00:05:00.600000,"SELECT census_original.relationship, census_original.hours_per_week FROM census_original  WHERE census_original.marital_status = 'NULL' AND census_original.education_num > 42.62 AND census_original.relationship != 'NULL' AND census_original.occupation LIKE 'sample' ORDER BY census_original.hours_per_week LIMIT 100;"
2025-07-01T00:05:00.800000,"SELECT census_original.relationship, census_original.hours_per_week FROM census_original  WHERE census_original.marital_status = 'NULL' AND census_original.education_num > 96.19 AND census_original.relationship != 'NULL' AND census_original.occupation LIKE 'sample' ORDER BY census_original.hours_per_week LIMIT 100;"
2025-07-01T00:05:01.000000,"SELECT census_original.relationship, census_original.hours_per_week FROM census_original  WHERE census_original.marital_status = 'NULL' AND census_original.education_num > 21.01 AND census_original.relationship != 'NULL' AND census_original.occupation LIKE 'sample' ORDER BY census_original.hours_per_week LIMIT 100;"
2025-07-01T00:05:01.200000,"SELECT census_original.capital_gain, census_original.age, census_original.workclass, census_original.capital_loss FROM census_original  WHERE census_original.education = 'sample' AND census_original.capital_loss < 93.36 AND census_original.occupation = 'sample' ORDER BY census_original.workclass LIMIT 100;"
2025-07-01T00:05:01.400000,SELECT census_original.relationship FROM census_original  WHERE census_original.relationship != 'NULL' ORDER BY census_original.relationship LIMIT 100;
2025-07-01T00:05:01.600000,"SELECT census_original.hours_per_week, census_original.workclass FROM census_original  WHERE census_original.education_num < 12.43 AND census_original.native_country LIKE 'sample' AND census_original.relationship = 'NULL' AND census_original.hours_per_week > 3.09 ORDER BY census_original.hours_per_week LIMIT 100;"
2025-07-01T00:05:01.800000,"SELECT census_original.capital_gain, census_original.age, census_original.workclass, census_original.capital_loss FROM census_original  WHERE census_original.education = 'sample' AND census_original.capital_loss < 79.28 AND census_original.occupation = 'sample' ORDER BY census_original.workclass LIMIT 100;"
2025-07-01T00:05:02.000000,"SELECT census_original.capital_gain, census_original.age, census_original.workclass, census_original.capital_loss FROM census_original  WHERE census_original.education = 'sample' AND census_original.capital_loss < 15.54 AND census_original.occupation = 'sample' ORDER BY census_original.workclass LIMIT 100;"
2025-07-01T00:05:02.200000,"SELECT census_original.hours_per_week, census_original.workclass FROM census_original  WHERE census_original.education_num < 24.62 AND census_original.native_country LIKE 'sample' AND census_original.relationship = 'NULL' AND census_original.hours_per_week > 85.09 ORDER BY census_original.hours_per_week LIMIT 100;"
2025-07-01T00:05:02.400000,"SELECT census_original.capital_gain, census_original.age, census_original.workclass, census_original.capital_loss FROM census_original  WHERE census_original.education = 'sample' AND census_original.capital_loss < 12.77 AND census_original.occupation = 'sample' ORDER BY census_original.workclass LIMIT 100;"
2025-07-01T00:05:02.600000,"SELECT census_original.relationship, census_original.native_country, census_original.capital_loss, census_original.education_num FROM census_original  WHERE census_original.relationship != 'NULL' AND census_original.native_country = 'sample' ORDER BY census_original.education_num LIMIT 100;"
2025-07-01T00:05:02.800000,"SELECT census_original.relationship, census_original.native_country, census_original.capital_loss, census_original.education_num FROM census_original  WHERE census_original.relationship != 'NULL' AND census_original.native_country = 'sample' ORDER BY census_original.education_num LIMIT 100;"
2025-07-01T00:05:03.000000,"SELECT census_original.relationship, census_original.hours_per_week FROM census_original  WHERE census_original.marital_status = 'NULL' AND census_original.education_num > 1.4 AND census_original.relationship != 'NULL' AND census_original.occupation LIKE 'sample' ORDER BY census_original.hours_per_week LIMIT 100;"
2025-07-01T00:05:03.200000,"SELECT census_original.relationship, census_original.hours_per_week FROM census_original  WHERE census_original.marital_status = 'NULL' AND census_original.education_num > 51.31 AND census_original.relationship != 'NULL' AND census_original.occupation LIKE 'sample' ORDER BY census_original.hours_per_week LIMIT 100;"
2025-07-01T00:05:03.400000,"SELECT census_original.relationship, census_original.native_country, census_original.capital_loss, census_original.education_num FROM census_original  WHERE census_original.relationship != 'NULL' AND census_original.native_country = 'sample' ORDER BY census_original.education_num LIMIT 100;"
2025-07-01T00:05:03.600000,"SELECT census_original.capital_gain, census_original.age, census_original.workclass, census_original.capital_loss FROM census_original  WHERE census_original.education = 'sample' AND census_original.capital_loss < 32.6 AND census_original.occupation = 'sample' ORDER BY census_original.workclass LIMIT 100;"
2025-07-01T00:05:03.800000,"SELECT census_original.relationship, census_original.native_country, census_original.capital_loss, census_original.education_num FROM census_original  WHERE census_original.relationship != 'NULL' AND census_original.native_country = 'sample' ORDER BY census_original.education_num LIMIT 100;"
2025-07-01T00:05:04.000000,"SELECT census_original.relationship, census_original.native_country, census_original.capital_loss, census_original.education_num FROM census_original  WHERE census_original.relationship != 'NULL' AND census_original.native_country = 'sample' ORDER BY census_original.education_num LIMIT 100;"
2025-07-01T00:05:04.200000,SELECT census_original.relationship FROM census_original  WHERE census_original.relationship != 'NULL' ORDER BY census_original.relationship LIMIT 100;
2025-07-01T00:05:04.400000,"SELECT census_original.relationship, census_original.hours_per_week FROM census_original  WHERE census_original.marital_status = 'NULL' AND census_original.education_num > 18.67 AND census_original.relationship != 'NULL' AND census_original.occupation LIKE 'sample' ORDER BY census_original.hours_per_week LIMIT 100;"
2025-07-01T00:05:04.600000,"SELECT census_original.hours_per_week, census_original.workclass FROM census_original  WHERE census_original.education_num < 95.9 AND census_original.native_country LIKE 'sample' AND census_original.relationship = 'NULL' AND census_original.hours_per_week > 48.75 ORDER BY census_original.hours_per_week LIMIT 100;"
2025-07-01T00:05:04.800000,SELECT census_original.relationship FROM census_original  WHERE census_original.relationship != 'NULL' ORDER BY census_original.relationship LIMIT 100;
2025-07-01T00:05:05.000000,"SELECT census_original.relationship, census_original.hours_per_week FROM census_original  WHERE census_original.marital_status = 'NULL' AND census_original.education_num > 38.53 AND census_original.relationship != 'NULL' AND census_original.occupation LIKE 'sample' ORDER BY census_original.hours_per_week LIMIT 100;"
2025-07-01T00:05:05.200000,"SELECT census_original.relationship, census_original.native_country, census_original.capital_loss, census_original.education_num FROM census_original  WHERE census_original.relationship != 'NULL' AND census_original.native_country = 'sample' ORDER BY census_original.education_num LIMIT 100;"
2025-07-01T00:05:05.400000,SELECT census_original.relationship FROM census_original  WHERE census_original.relationship != 'NULL' ORDER BY census_original.relationship LIMIT 100;
2025-07-01T00:05:05.600000,"SELECT census_original.relationship, census_original.native_country, census_original.capital_loss, census_original.education_num FROM census_original  WHERE census_original.relationship != 'NULL' AND census_original.native_country = 'sample' ORDER BY census_original.education_num LIMIT 100;"
2025-07-01T00:05:05.800000,"SELECT census_original.hours_per_week, census_original.workclass FROM census_original  WHERE census_original.education_num < 29.19 AND census_original.native_country LIKE 'sample' AND census_original.relationship = 'NULL' AND census_original.hours_per_week > 16.21 ORDER BY census_original.hours_per_week LIMIT 100;"
2025-07-01T00:05:06.000000,"SELECT census_original.relationship, census_original.hours_per_week FROM census_original  WHERE census_original.marital_status = 'NULL' AND census_original.education_num > 73.64 AND census_original.relationship != 'NULL' AND census_original.occupation LIKE 'sample' ORDER BY census_original.hours_per_week LIMIT 100;"
2025-07-01T00:05:06.200000,"SELECT census_original.relationship, census_original.hours_per_week FROM census_original  WHERE census_original.marital_status = 'NULL' AND census_original.education_num > 1.45 AND census_original.relationship != 'NULL' AND census_original.occupation LIKE 'sample' ORDER BY census_original.hours_per_week LIMIT 100;"
2025-07-01T00:05:06.400000,"SELECT census_original.relationship, census_original.hours_per_week FROM census_original  WHERE census_original.marital_status = 'NULL' AND census_original.education_num > 70.39 AND census_original.relationship != 'NULL' AND census_original.occupation LIKE 'sample' ORDER BY census_original.hours_per_week LIMIT 100;"
2025-07-01T00:05:06.600000,"SELECT census_original.hours_per_week, census_original.workclass FROM census_original  WHERE census_original.education_num < 19.97 AND census_original.native_country LIKE 'sample' AND census_original.relationship = 'NULL' AND census_original.hours_per_week > 3.46 ORDER BY census_original.hours_per_week LIMIT 100;"
2025-07-01T00:05:06.800000,SELECT census_original.relationship FROM census_original  WHERE census_original.relationship != 'NULL' ORDER BY census_original.relationship LIMIT 100;
2025-07-01T00:05:07.000000,"SELECT census_original.relationship, census_original.hours_per_week FROM census_original  WHERE census_original.marital_status = 'NULL' AND census_original.education_num > 59.98 AND census_original.relationship != 'NULL' AND census_original.occupation LIKE 'sample' ORDER BY census_original.hours_per_week LIMIT 100;"
2025-07-01T00:05:07.200000,SELECT census_original.relationship FROM census_original  WHERE census_original.relationship != 'NULL' ORDER BY census_original.relationship LIMIT 100;
2025-07-01T00:05:07.400000,"SELECT census_original.capital_gain, census_original.age, census_original.workclass, census_original.capital_loss FROM census_original  WHERE census_original.education = 'sample' AND census_original.capital_loss < 26.26 AND census_original.occupation = 'sample' ORDER BY census_original.workclass LIMIT 100;"
2025-07-01T00:05:07.600000,"SELECT census_original.relationship, census_original.hours_per_week FROM census_original  WHERE census_original.marital_status = 'NULL' AND census_original.education_num > 45.87 AND census_original.relationship != 'NULL' AND census_original.occupation LIKE 'sample' ORDER BY census_original.hours_per_week LIMIT 100;"
2025-07-01T00:05:07.800000,"SELECT census_original.capital_gain, census_original.age, census_original.workclass, census_original.capital_loss FROM census_original  WHERE census_original.education = 'sample' AND census_original.capital_loss < 92.46 AND census_original.occupation = 'sample' ORDER BY census_original.workclass LIMIT 100;"
2025-07-01T00:05:08.000000,"SELECT census_original.relationship, census_original.native_country, census_original.capital_loss, census_original.education_num FROM census_original  WHERE census_original.relationship != 'NULL' AND census_original.native_country = 'sample' ORDER BY census_original.education_num LIMIT 100;"
2025-07-01T00:05:08.200000,"SELECT census_original.relationship, census_original.hours_per_week FROM census_original  WHERE census_original.marital_status = 'NULL' AND census_original.education_num > 56.59 AND census_original.relationship != 'NULL' AND census_original.occupation LIKE 'sample' ORDER BY census_original.hours_per_week LIMIT 100;"
2025-07-01T00:05:08.400000,"SELECT census_original.relationship, census_original.native_country, census_original.capital_loss, census_original.education_num FROM census_original  WHERE census_original.relationship != 'NULL' AND census_original.native_country = 'sample' ORDER BY census_original.education_num LIMIT 100;"
2025-07-01T00:05:08.600000,SELECT census_original.relationship FROM census_original  WHERE census_original.relationship != 'NULL' ORDER BY census_original.relationship LIMIT 100;
2025-07-01T00:05:08.800000,"SELECT census_original.relationship, census_original.hours_per_week FROM census_original  WHERE census_original.marital_status = 'NULL' AND census_original.education_num > 6.99 AND census_original.relationship != 'NULL' AND census_original.occupation LIKE 'sample' ORDER BY census_original.hours_per_week LIMIT 100;"
2025-07-01T00:05:09.000000,"SELECT census_original.capital_gain, census_original.age, census_original.workclass, census_original.capital_loss FROM census_original  WHERE census_original.education = 'sample' AND census_original.capital_loss < 72.89 AND census_original.occupation = 'sample' ORDER BY census_original.workclass LIMIT 100;"
2025-07-01T00:05:09.200000,"SELECT census_original.capital_gain, census_original.age, census_original.workclass, census_original.capital_loss FROM census_original  WHERE census_original.education = 'sample' AND census_original.capital_loss < 82.1 AND census_original.occupation = 'sample' ORDER BY census_original.workclass LIMIT 100;"
2025-07-01T00:05:09.400000,"SELECT census_original.relationship, census_original.hours_per_week FROM census_original  WHERE census_original.marital_status = 'NULL' AND census_original.education_num > 89.8 AND census_original.relationship != 'NULL' AND census_original.occupation LIKE 'sample' ORDER BY census_original.hours_per_week LIMIT 100;"
2025-07-01T00:05:09.600000,"SELECT census_original.hours_per_week, census_original.workclass FROM census_original  WHERE census_original.education_num < 1.72 AND census_original.native_country LIKE 'sample' AND census_original.relationship = 'NULL' AND census_original.hours_per_week > 28.52 ORDER BY census_original.hours_per_week LIMIT 100;"
2025-07-01T00:05:09.800000,"SELECT census_original.hours_per_week, census_original.workclass FROM census_original  WHERE census_original.education_num < 37.27 AND census_original.native_country LIKE 'sample' AND census_original.relationship = 'NULL' AND census_original.hours_per_week > 33.42 ORDER BY census_original.hours_per_week LIMIT 100;"
2025-07-01T00:05:10.000000,"SELECT census_original.capital_gain, census_original.age, census_original.workclass, census_original.capital_loss FROM census_original  WHERE census_original.education = 'sample' AND census_original.capital_loss < 76.24 AND census_original.occupation = 'sample' ORDER BY census_original.workclass LIMIT 100;"
2025-07-01T00:05:10.200000,"SELECT census_original.capital_gain, census_original.age, census_original.workclass, census_original.capital_loss FROM census_original  WHERE census_original.education = 'sample' AND census_original.capital_loss < 83.42 AND census_original.occupation = 'sample' ORDER BY census_original.workclass LIMIT 100;"
2025-07-01T00:05:10.400000,"SELECT census_original.relationship, census_original.native_country, census_original.capital_loss, census_original.education_num FROM census_original  WHERE census_original.relationship != 'NULL' AND census_original.native_country = 'sample' ORDER BY census_original.education_num LIMIT 100;"
2025-07-01T00:05:10.600000,"SELECT census_original.hours_per_week, census_original.workclass FROM census_original  WHERE census_original.education_num < 66.13 AND census_original.native_country LIKE 'sample' AND census_original.relationship = 'NULL' AND census_original.hours_per_week > 42.44 ORDER BY census_original.hours_per_week LIMIT 100;"
2025-07-01T00:05:10.800000,SELECT census_original.relationship FROM census_original  WHERE census_original.relationship != 'NULL' ORDER BY census_original.relationship LIMIT 100;
2025-07-01T00:05:11.000000,"SELECT census_original.relationship, census_original.hours_per_week FROM census_original  WHERE census_original.marital_status = 'NULL' AND census_original.education_num > 58.88 AND census_original.relationship != 'NULL' AND census_original.occupation LIKE 'sample' ORDER BY census_original.hours_per_week LIMIT 100;"
2025-07-01T00:05:11.200000,SELECT census_original.relationship FROM census_original  WHERE census_original.relationship != 'NULL' ORDER BY census_original.relationship LIMIT 100;
2025-07-01T00:05:11.400000,"SELECT census_original.relationship, census_original.hours_per_week FROM census_original  WHERE census_original.marital_status = 'NULL' AND census_original.education_num > 59.93 AND census_original.relationship != 'NULL' AND census_original.occupation LIKE 'sample' ORDER BY census_original.hours_per_week LIMIT 100;"
2025-07-01T00:05:11.600000,"SELECT census_original.capital_gain, census_original.age, census_original.workclass, census_original.capital_loss FROM census_original  WHERE census_original.education = 'sample' AND census_original.capital_loss < 78.96 AND census_original.occupation = 'sample' ORDER BY census_original.workclass LIMIT 100;"
2025-07-01T00:05:11.800000,"SELECT census_original.relationship, census_original.hours_per_week FROM census_original  WHERE census_original.marital_status = 'NULL' AND census_original.education_num > 12.3 AND census_original.relationship != 'NULL' AND census_original.occupation LIKE 'sample' ORDER BY census_original.hours_per_week LIMIT 100;"
2025-07-01T00:05:12.000000,"SELECT census_original.capital_gain, census_original.age, census_original.workclass, census_original.capital_loss FROM census_original  WHERE census_original.education = 'sample' AND census_original.capital_loss < 85.34 AND census_original.occupation = 'sample' ORDER BY census_original.workclass LIMIT 100;"
2025-07-01T00:05:12.200000,"SELECT census_original.relationship, census_original.hours_per_week FROM census_original  WHERE census_original.marital_status = 'NULL' AND census_original.education_num > 41.99 AND census_original.relationship != 'NULL' AND census_original.occupation LIKE 'sample' ORDER BY census_original.hours_per_week LIMIT 100;"
2025-07-01T00:05:12.400000,SELECT census_original.relationship FROM census_original  WHERE census_original.relationship != 'NULL' ORDER BY census_original.relationship LIMIT 100;
2025-07-01T00:05:12.600000,"SELECT census_original.relationship, census_original.native_country, census_original.capital_loss, census_original.education_num FROM census_original  WHERE census_original.relationship != 'NULL' AND census_original.native_country = 'sample' ORDER BY census_original.education_num LIMIT 100;"
2025-07-01T00:05:12.800000,SELECT census_original.relationship FROM census_original  WHERE census_original.relationship != 'NULL' ORDER BY census_original.relationship LIMIT 100;
2025-07-01T00:05:13.000000,"SELECT census_original.hours_per_week, census_original.workclass FROM census_original  WHERE census_original.education_num < 60.34 AND census_original.native_country LIKE 'sample' AND census_original.relationship = 'NULL' AND census_original.hours_per_week > 87.58 ORDER BY census_original.hours_per_week LIMIT 100;"
2025-07-01T00:05:13.200000,"SELECT census_original.relationship, census_original.native_country, census_original.capital_loss, census_original.education_num FROM census_original  WHERE census_original.relationship != 'NULL' AND census_original.native_country = 'sample' ORDER BY census_original.education_num LIMIT 100;"
2025-07-01T00:05:13.400000,"SELECT census_original.relationship, census_original.native_country, census_original.capital_loss, census_original.education_num FROM census_original  WHERE census_original.relationship != 'NULL' AND census_original.native_country = 'sample' ORDER BY census_original.education_num LIMIT 100;"
2025-07-01T00:05:13.600000,"SELECT census_original.capital_gain, census_original.age, census_original.workclass, census_original.capital_loss FROM census_original  WHERE census_original.education = 'sample' AND census_original.capital_loss < 82.49 AND census_original.occupation = 'sample' ORDER BY census_original.workclass LIMIT 100;"
2025-07-01T00:05:13.800000,"SELECT census_original.hours_per_week, census_original.workclass FROM census_original  WHERE census_original.education_num < 92.18 AND census_original.native_country LIKE 'sample' AND census_original.relationship = 'NULL' AND census_original.hours_per_week > 17.39 ORDER BY census_original.hours_per_week LIMIT 100;"
2025-07-01T00:05:14.000000,"SELECT census_original.relationship, census_original.native_country, census_original.capital_loss, census_original.education_num FROM census_original  WHERE census_original.relationship != 'NULL' AND census_original.native_country = 'sample' ORDER BY census_original.education_num LIMIT 100;"
2025-07-01T00:05:14.200000,SELECT census_original.relationship FROM census_original  WHERE census_original.relationship != 'NULL' ORDER BY census_original.relationship LIMIT 100;
2025-07-01T00:05:14.400000,"SELECT census_original.relationship, census_original.native_country, census_original.capital_loss, census_original.education_num FROM census_original  WHERE census_original.relationship != 'NULL' AND census_original.native_country = 'sample' ORDER BY census_original.education_num LIMIT 100;"
2025-07-01T00:05:14.600000,"SELECT census_original.relationship, census_original.hours_per_week FROM census_original  WHERE census_original.marital_status = 'NULL' AND census_original.education_num > 68.58 AND census_original.relationship != 'NULL' AND census_original.occupation LIKE 'sample' ORDER BY census_original.hours_per_week LIMIT 100;"
2025-07-01T00:05:14.800000,"SELECT census_original.relationship, census_original.hours_per_week FROM census_original  WHERE census_original.marital_status = 'NULL' AND census_original.education_num > 40.3 AND census_original.relationship != 'NULL' AND census_original.occupation LIKE 'sample' ORDER BY census_original.hours_per_week LIMIT 100;"
2025-07-01T00:05:15.000000,"SELECT census_original.capital_gain, census_original.age, census_original.workclass, census_original.capital_loss FROM census_original  WHERE census_original.education = 'sample' AND census_original.capital_loss < 3.3 AND census_original.occupation = 'sample' ORDER BY census_original.workclass LIMIT 100;"
2025-07-01T00:05:15.200000,"SELECT census_original.relationship, census_original.hours_per_week FROM census_original  WHERE census_original.marital_status = 'NULL' AND census_original.education_num > 12.09 AND census_original.relationship != 'NULL' AND census_original.occupation LIKE 'sample' ORDER BY census_original.hours_per_week LIMIT 100;"
2025-07-01T00:05:15.400000,"SELECT census_original.relationship, census_original.hours_per_week FROM census_original  WHERE census_original.marital_status = 'NULL' AND census_original.education_num > 85.43 AND census_original.relationship != 'NULL' AND census_original.occupation LIKE 'sample' ORDER BY census_original.hours_per_week LIMIT 100;"
2025-07-01T00:05:15.600000,"SELECT census_original.capital_gain, census_original.age, census_original.workclass, census_original.capital_loss FROM census_original  WHERE census_original.education = 'sample' AND census_original.capital_loss < 40.64 AND census_original.occupation = 'sample' ORDER BY census_original.workclass LIMIT 100;"
2025-07-01T00:05:15.800000,SELECT census_original.relationship FROM census_original  WHERE census_original.relationship != 'NULL' ORDER BY census_original.relationship LIMIT 100;
2025-07-01T00:05:16.000000,"SELECT census_original.capital_gain, census_original.age, census_original.workclass, census_original.capital_loss FROM census_original  WHERE census_original.education = 'sample' AND census_original.capital_loss < 53.55 AND census_original.occupation = 'sample' ORDER BY census_original.workclass LIMIT 100;"
2025-07-01T00:05:16.200000,"SELECT census_original.relationship, census_original.native_country, census_original.capital_loss, census_original.education_num FROM census_original  WHERE census_original.relationship != 'NULL' AND census_original.native_country = 'sample' ORDER BY census_original.education_num LIMIT 100;"
2025-07-01T00:05:16.400000,"SELECT census_original.relationship, census_original.hours_per_week FROM census_original  WHERE census_original.marital_status = 'NULL' AND census_original.education_num > 30.34 AND census_original.relationship != 'NULL' AND census_original.occupation LIKE 'sample' ORDER BY census_original.hours_per_week LIMIT 100;"
2025-07-01T00:05:16.600000,SELECT census_original.relationship FROM census_original  WHERE census_original.relationship != 'NULL' ORDER BY census_original.relationship LIMIT 100;
2025-07-01T00:05:16.800000,SELECT census_original.relationship FROM census_original  WHERE census_original.relationship != 'NULL' ORDER BY census_original.relationship LIMIT 100;
2025-07-01T00:05:17.000000,"SELECT census_original.relationship, census_original.native_country, census_original.capital_loss, census_original.education_num FROM census_original  WHERE census_original.relationship != 'NULL' AND census_original.native_country = 'sample' ORDER BY census_original.education_num LIMIT 100;"
2025-07-01T00:05:17.200000,"SELECT census_original.capital_gain, census_original.age, census_original.workclass, census_original.capital_loss FROM census_original  WHERE census_original.education = 'sample' AND census_original.capital_loss < 79.95 AND census_original.occupation = 'sample' ORDER BY census_original.workclass LIMIT 100;"
2025-07-01T00:05:17.400000,SELECT census_original.relationship FROM census_original  WHERE census_original.relationship != 'NULL' ORDER BY census_original.relationship LIMIT 100;
2025-07-01T00:05:17.600000,"SELECT census_original.relationship, census_original.hours_per_week FROM census_original  WHERE census_original.marital_status = 'NULL' AND census_original.education_num > 24.9 AND census_original.relationship != 'NULL' AND census_original.occupation LIKE 'sample' ORDER BY census_original.hours_per_week LIMIT 100;"
2025-07-01T00:05:17.800000,"SELECT census_original.capital_gain, census_original.age, census_original.workclass, census_original.capital_loss FROM census_original  WHERE census_original.education = 'sample' AND census_original.capital_loss < 44.02 AND census_original.occupation = 'sample' ORDER BY census_original.workclass LIMIT 100;"
2025-07-01T00:05:18.000000,"SELECT census_original.relationship, census_original.hours_per_week FROM census_original  WHERE census_original.marital_status = 'NULL' AND census_original.education_num > 6.0 AND census_original.relationship != 'NULL' AND census_original.occupation LIKE 'sample' ORDER BY census_original.hours_per_week LIMIT 100;"
2025-07-01T00:05:18.200000,SELECT census_original.relationship FROM census_original  WHERE census_original.relationship != 'NULL' ORDER BY census_original.relationship LIMIT 100;
2025-07-01T00:05:18.400000,SELECT census_original.relationship FROM census_original  WHERE census_original.relationship != 'NULL' ORDER BY census_original.relationship LIMIT 100;
2025-07-01T00:05:18.600000,"SELECT census_original.relationship, census_original.hours_per_week FROM census_original  WHERE census_original.marital_status = 'NULL' AND census_original.education_num > 24.53 AND census_original.relationship != 'NULL' AND census_original.occupation LIKE 'sample' ORDER BY census_original.hours_per_week LIMIT 100;"
2025-07-01T00:05:18.800000,"SELECT census_original.relationship, census_original.native_country, census_original.capital_loss, census_original.education_num FROM census_original  WHERE census_original.relationship != 'NULL' AND census_original.native_country = 'sample' ORDER BY census_original.education_num LIMIT 100;"
2025-07-01T00:05:19.000000,"SELECT census_original.capital_gain, census_original.age, census_original.workclass, census_original.capital_loss FROM census_original  WHERE census_original.education = 'sample' AND census_original.capital_loss < 62.65 AND census_original.occupation = 'sample' ORDER BY census_original.workclass LIMIT 100;"
2025-07-01T00:05:19.200000,"SELECT census_original.capital_gain, census_original.age, census_original.workclass, census_original.capital_loss FROM census_original  WHERE census_original.education = 'sample' AND census_original.capital_loss < 21.98 AND census_original.occupation = 'sample' ORDER BY census_original.workclass LIMIT 100;"
2025-07-01T00:05:19.400000,"SELECT census_original.hours_per_week, census_original.workclass FROM census_original  WHERE census_original.education_num < 47.94 AND census_original.native_country LIKE 'sample' AND census_original.relationship = 'NULL' AND census_original.hours_per_week > 23.33 ORDER BY census_original.hours_per_week LIMIT 100;"
2025-07-01T00:05:19.600000,"SELECT census_original.relationship, census_original.native_country, census_original.capital_loss, census_original.education_num FROM census_original  WHERE census_original.relationship != 'NULL' AND census_original.native_country = 'sample' ORDER BY census_original.education_num LIMIT 100;"
2025-07-01T00:05:19.800000,"SELECT census_original.relationship, census_original.hours_per_week FROM census_original  WHERE census_original.marital_status = 'NULL' AND census_original.education_num > 51.95 AND census_original.relationship != 'NULL' AND census_original.occupation LIKE 'sample' ORDER BY census_original.hours_per_week LIMIT 100;"
2025-07-01T00:05:20.000000,"SELECT census_original.relationship, census_original.native_country, census_original.capital_loss, census_original.education_num FROM census_original  WHERE census_original.relationship != 'NULL' AND census_original.native_country = 'sample' ORDER BY census_original.education_num LIMIT 100;"
2025-07-01T00:05:20.200000,SELECT census_original.relationship FROM census_original  WHERE census_original.relationship != 'NULL' ORDER BY census_original.relationship LIMIT 100;
2025-07-01T00:05:20.400000,"SELECT census_original.hours_per_week, census_original.workclass FROM census_original  WHERE census_original.education_num < 38.26 AND census_original.native_country LIKE 'sample' AND census_original.relationship = 'NULL' AND census_original.hours_per_week > 98.68 ORDER BY census_original.hours_per_week LIMIT 100;"
2025-07-01T00:05:20.600000,"SELECT census_original.hours_per_week, census_original.workclass FROM census_original  WHERE census_original.education_num < 6.67 AND census_original.native_country LIKE 'sample' AND census_original.relationship = 'NULL' AND census_original.hours_per_week > 80.3 ORDER BY census_original.hours_per_week LIMIT 100;"
2025-07-01T00:05:20.800000,SELECT census_original.relationship FROM census_original  WHERE census_original.relationship != 'NULL' ORDER BY census_original.relationship LIMIT 100;
2025-07-01T00:05:21.000000,SELECT census_original.relationship FROM census_original  WHERE census_original.relationship != 'NULL' ORDER BY census_original.relationship LIMIT 100;
2025-07-01T00:05:21.200000,"SELECT census_original.relationship, census_original.hours_per_week FROM census_original  WHERE census_original.marital_status = 'NULL' AND census_original.education_num > 32.45 AND census_original.relationship != 'NULL' AND census_original.occupation LIKE 'sample' ORDER BY census_original.hours_per_week LIMIT 100;"
2025-07-01T00:05:21.400000,"SELECT census_original.relationship, census_original.hours_per_week FROM census_original  WHERE census_original.marital_status = 'NULL' AND census_original.education_num > 34.99 AND census_original.relationship != 'NULL' AND census_original.occupation LIKE 'sample' ORDER BY census_original.hours_per_week LIMIT 100;"
2025-07-01T00:05:21.600000,"SELECT census_original.hours_per_week, census_original.workclass FROM census_original  WHERE census_original.education_num < 32.4 AND census_original.native_country LIKE 'sample' AND census_original.relationship = 'NULL' AND census_original.hours_per_week > 95.34 ORDER BY census_original.hours_per_week LIMIT 100;"
2025-07-01T00:05:21.800000,"SELECT census_original.relationship, census_original.native_country, census_original.capital_loss, census_original.education_num FROM census_original  WHERE census_original.relationship != 'NULL' AND census_original.native_country = 'sample' ORDER BY census_original.education_num LIMIT 100;"
2025-07-01T00:05:22.000000,"SELECT census_original.relationship, census_original.native_country, census_original.capital_loss, census_original.education_num FROM census_original  WHERE census_original.relationship != 'NULL' AND census_original.native_country = 'sample' ORDER BY census_original.education_num LIMIT 100;"
2025-07-01T00:05:22.200000,"SELECT census_original.capital_gain, census_original.age, census_original.workclass, census_original.capital_loss FROM census_original  WHERE census_original.education = 'sample' AND census_original.capital_loss < 51.38 AND census_original.occupation = 'sample' ORDER BY census_original.workclass LIMIT 100;"
2025-07-01T00:05:22.400000,SELECT census_original.relationship FROM census_original  WHERE census_original.relationship != 'NULL' ORDER BY census_original.relationship LIMIT 100;
2025-07-01T00:05:22.600000,"SELECT census_original.relationship, census_original.hours_per_week FROM census_original  WHERE census_original.marital_status = 'NULL' AND census_original.education_num > 10.31 AND census_original.relationship != 'NULL' AND census_original.occupation LIKE 'sample' ORDER BY census_original.hours_per_week LIMIT 100;"
2025-07-01T00:05:22.800000,"SELECT census_original.hours_per_week, census_original.workclass FROM census_original  WHERE census_original.education_num < 34.03 AND census_original.native_country LIKE 'sample' AND census_original.relationship = 'NULL' AND census_original.hours_per_week > 89.94 ORDER BY census_original.hours_per_week LIMIT 100;"
2025-07-01T00:05:23.000000,"SELECT census_original.capital_gain, census_original.age, census_original.workclass, census_original.capital_loss FROM census_original  WHERE census_original.education = 'sample' AND census_original.capital_loss < 34.93 AND census_original.occupation = 'sample' ORDER BY census_original.workclass LIMIT 100;"
2025-07-01T00:05:23.200000,"SELECT census_original.capital_gain, census_original.age, census_original.workclass, census_original.capital_loss FROM census_original  WHERE census_original.education = 'sample' AND census_original.capital_loss < 25.28 AND census_original.occupation = 'sample' ORDER BY census_original.workclass LIMIT 100;"
2025-07-01T00:05:23.400000,"SELECT census_original.relationship, census_original.hours_per_week FROM census_original  WHERE census_original.marital_status = 'NULL' AND census_original.education_num > 68.64 AND census_original.relationship != 'NULL' AND census_original.occupation LIKE 'sample' ORDER BY census_original.hours_per_week LIMIT 100;"
2025-07-01T00:05:23.600000,"SELECT census_original.capital_gain, census_original.age, census_original.workclass, census_original.capital_loss FROM census_original  WHERE census_original.education = 'sample' AND census_original.capital_loss < 6.23 AND census_original.occupation = 'sample' ORDER BY census_original.workclass LIMIT 100;"
2025-07-01T00:05:23.800000,"SELECT census_original.relationship, census_original.native_country, census_original.capital_loss, census_original.education_num FROM census_original  WHERE census_original.relationship != 'NULL' AND census_original.native_country = 'sample' ORDER BY census_original.education_num LIMIT 100;"
2025-07-01T00:05:24.000000,"SELECT census_original.capital_gain, census_original.age, census_original.workclass, census_original.capital_loss FROM census_original  WHERE census_original.education = 'sample' AND census_original.capital_loss < 41.59 AND census_original.occupation = 'sample' ORDER BY census_original.workclass LIMIT 100;"
2025-07-01T00:05:24.200000,"SELECT census_original.hours_per_week, census_original.workclass FROM census_original  WHERE census_original.education_num < 77.96 AND census_original.native_country LIKE 'sample' AND census_original.relationship = 'NULL' AND census_original.hours_per_week > 97.21 ORDER BY census_original.hours_per_week LIMIT 100;"
2025-07-01T00:05:24.400000,"SELECT census_original.relationship, census_original.native_country, census_original.capital_loss, census_original.education_num FROM census_original  WHERE census_original.relationship != 'NULL' AND census_original.native_country = 'sample' ORDER BY census_original.education_num LIMIT 100;"
2025-07-01T00:05:24.600000,"SELECT census_original.hours_per_week, census_original.workclass FROM census_original  WHERE census_original.education_num < 12.59 AND census_original.native_country LIKE 'sample' AND census_original.relationship = 'NULL' AND census_original.hours_per_week > 9.68 ORDER BY census_original.hours_per_week LIMIT 100;"
2025-07-01T00:05:24.800000,"SELECT census_original.relationship, census_original.hours_per_week FROM census_original  WHERE census_original.marital_status = 'NULL' AND census_original.education_num > 16.39 AND census_original.relationship != 'NULL' AND census_original.occupation LIKE 'sample' ORDER BY census_original.hours_per_week LIMIT 100;"
2025-07-01T00:05:25.000000,"SELECT census_original.relationship, census_original.native_country, census_original.capital_loss, census_original.education_num FROM census_original  WHERE census_original.relationship != 'NULL' AND census_original.native_country = 'sample' ORDER BY census_original.education_num LIMIT 100;"
2025-07-01T00:05:25.200000,"SELECT census_original.hours_per_week, census_original.workclass FROM census_original  WHERE census_original.education_num < 66.62 AND census_original.native_country LIKE 'sample' AND census_original.relationship = 'NULL' AND census_original.hours_per_week > 95.61 ORDER BY census_original.hours_per_week LIMIT 100;"
2025-07-01T00:05:25.400000,"SELECT census_original.hours_per_week, census_original.workclass FROM census_original  WHERE census_original.education_num < 16.6 AND census_original.native_country LIKE 'sample' AND census_original.relationship = 'NULL' AND census_original.hours_per_week > 15.63 ORDER BY census_original.hours_per_week LIMIT 100;"
2025-07-01T00:05:25.600000,SELECT census_original.relationship FROM census_original  WHERE census_original.relationship != 'NULL' ORDER BY census_original.relationship LIMIT 100;
2025-07-01T00:05:25.800000,SELECT census_original.relationship FROM census_original  WHERE census_original.relationship != 'NULL' ORDER BY census_original.relationship LIMIT 100;
2025-07-01T00:05:26.000000,"SELECT census_original.capital_gain, census_original.age, census_original.workclass, census_original.capital_loss FROM census_original  WHERE census_original.education = 'sample' AND census_original.capital_loss < 97.58 AND census_original.occupation = 'sample' ORDER BY census_original.workclass LIMIT 100;"
2025-07-01T00:05:26.200000,SELECT census_original.relationship FROM census_original  WHERE census_original.relationship != 'NULL' ORDER BY census_original.relationship LIMIT 100;
2025-07-01T00:05:26.400000,"SELECT census_original.hours_per_week, census_original.workclass FROM census_original  WHERE census_original.education_num < 63.84 AND census_original.native_country LIKE 'sample' AND census_original.relationship = 'NULL' AND census_original.hours_per_week > 55.8 ORDER BY census_original.hours_per_week LIMIT 100;"
2025-07-01T00:05:26.600000,SELECT census_original.relationship FROM census_original  WHERE census_original.relationship != 'NULL' ORDER BY census_original.relationship LIMIT 100;
2025-07-01T00:05:26.800000,"SELECT census_original.relationship, census_original.hours_per_week FROM census_original  WHERE census_original.marital_status = 'NULL' AND census_original.education_num > 41.75 AND census_original.relationship != 'NULL' AND census_original.occupation LIKE 'sample' ORDER BY census_original.hours_per_week LIMIT 100;"
2025-07-01T00:05:27.000000,"SELECT census_original.capital_gain, census_original.age, census_original.workclass, census_original.capital_loss FROM census_original  WHERE census_original.education = 'sample' AND census_original.capital_loss < 90.8 AND census_original.occupation = 'sample' ORDER BY census_original.workclass LIMIT 100;"
2025-07-01T00:05:27.200000,"SELECT census_original.capital_gain, census_original.age, census_original.workclass, census_original.capital_loss FROM census_original  WHERE census_original.education = 'sample' AND census_original.capital_loss < 25.59 AND census_original.occupation = 'sample' ORDER BY census_original.workclass LIMIT 100;"
2025-07-01T00:05:27.400000,"SELECT census_original.relationship, census_original.native_country, census_original.capital_loss, census_original.education_num FROM census_original  WHERE census_original.relationship != 'NULL' AND census_original.native_country = 'sample' ORDER BY census_original.education_num LIMIT 100;"
2025-07-01T00:05:27.600000,"SELECT census_original.relationship, census_original.hours_per_week FROM census_original  WHERE census_original.marital_status = 'NULL' AND census_original.education_num > 78.51 AND census_original.relationship != 'NULL' AND census_original.occupation LIKE 'sample' ORDER BY census_original.hours_per_week LIMIT 100;"
2025-07-01T00:05:27.800000,"SELECT census_original.capital_gain, census_original.age, census_original.workclass, census_original.capital_loss FROM census_original  WHERE census_original.education = 'sample' AND census_original.capital_loss < 13.77 AND census_original.occupation = 'sample' ORDER BY census_original.workclass LIMIT 100;"
2025-07-01T00:05:28.000000,"SELECT census_original.relationship, census_original.hours_per_week FROM census_original  WHERE census_original.marital_status = 'NULL' AND census_original.education_num > 17.12 AND census_original.relationship != 'NULL' AND census_original.occupation LIKE 'sample' ORDER BY census_original.hours_per_week LIMIT 100;"
2025-07-01T00:05:28.200000,"SELECT census_original.capital_gain, census_original.age, census_original.workclass, census_original.capital_loss FROM census_original  WHERE census_original.education = 'sample' AND census_original.capital_loss < 47.0 AND census_original.occupation = 'sample' ORDER BY census_original.workclass LIMIT 100;"
2025-07-01T00:05:28.400000,"SELECT census_original.capital_gain, census_original.age, census_original.workclass, census_original.capital_loss FROM census_original  WHERE census_original.education = 'sample' AND census_original.capital_loss < 98.1 AND census_original.occupation = 'sample' ORDER BY census_original.workclass LIMIT 100;"
2025-07-01T00:05:28.600000,"SELECT census_original.relationship, census_original.hours_per_week FROM census_original  WHERE census_original.marital_status = 'NULL' AND census_original.education_num > 60.58 AND census_original.relationship != 'NULL' AND census_original.occupation LIKE 'sample' ORDER BY census_original.hours_per_week LIMIT 100;"
2025-07-01T00:05:28.800000,"SELECT census_original.hours_per_week, census_original.workclass FROM census_original  WHERE census_original.education_num < 74.73 AND census_original.native_country LIKE 'sample' AND census_original.relationship = 'NULL' AND census_original.hours_per_week > 96.78 ORDER BY census_original.hours_per_week LIMIT 100;"
2025-07-01T00:05:29.000000,"SELECT census_original.hours_per_week, census_original.workclass FROM census_original  WHERE census_original.education_num < 52.37 AND census_original.native_country LIKE 'sample' AND census_original.relationship = 'NULL' AND census_original.hours_per_week > 32.28 ORDER BY census_original.hours_per_week LIMIT 100;"
2025-07-01T00:05:29.200000,"SELECT census_original.capital_gain, census_original.age, census_original.workclass, census_original.capital_loss FROM census_original  WHERE census_original.education = 'sample' AND census_original.capital_loss < 95.27 AND census_original.occupation = 'sample' ORDER BY census_original.workclass LIMIT 100;"
2025-07-01T00:05:29.400000,"SELECT census_original.hours_per_week, census_original.workclass FROM census_original  WHERE census_original.education_num < 91.05 AND census_original.native_country LIKE 'sample' AND census_original.relationship = 'NULL' AND census_original.hours_per_week > 59.13 ORDER BY census_original.hours_per_week LIMIT 100;"
2025-07-01T00:05:29.600000,"SELECT census_original.hours_per_week, census_original.workclass FROM census_original  WHERE census_original.education_num < 55.75 AND census_original.native_country LIKE 'sample' AND census_original.relationship = 'NULL' AND census_original.hours_per_week > 93.68 ORDER BY census_original.hours_per_week LIMIT 100;"
2025-07-01T00:05:29.800000,"SELECT census_original.relationship, census_original.hours_per_week FROM census_original  WHERE census_original.marital_status = 'NULL' AND census_original.education_num > 55.76 AND census_original.relationship != 'NULL' AND census_original.occupation LIKE 'sample' ORDER BY census_original.hours_per_week LIMIT 100;"
2025-07-01T00:05:30.000000,"SELECT census_original.capital_gain, census_original.age, census_original.workclass, census_original.capital_loss FROM census_original  WHERE census_original.education = 'sample' AND census_original.capital_loss < 91.12 AND census_original.occupation = 'sample' ORDER BY census_original.workclass LIMIT 100;"
2025-07-01T00:05:30.200000,"SELECT census_original.relationship, census_original.hours_per_week FROM census_original  WHERE census_original.marital_status = 'NULL' AND census_original.education_num > 74.49 AND census_original.relationship != 'NULL' AND census_original.occupation LIKE 'sample' ORDER BY census_original.hours_per_week LIMIT 100;"
2025-07-01T00:05:30.400000,"SELECT census_original.hours_per_week, census_original.workclass FROM census_original  WHERE census_original.education_num < 3.46 AND census_original.native_country LIKE 'sample' AND census_original.relationship = 'NULL' AND census_original.hours_per_week > 55.96 ORDER BY census_original.hours_per_week LIMIT 100;"
2025-07-01T00:05:30.600000,"SELECT census_original.relationship, census_original.native_country, census_original.capital_loss, census_original.education_num FROM census_original  WHERE census_original.relationship != 'NULL' AND census_original.native_country = 'sample' ORDER BY census_original.education_num LIMIT 100;"
2025-07-01T00:05:30.800000,"SELECT census_original.relationship, census_original.native_country, census_original.capital_loss, census_original.education_num FROM census_original  WHERE census_original.relationship != 'NULL' AND census_original.native_country = 'sample' ORDER BY census_original.education_num LIMIT 100;"
2025-07-01T00:05:31.000000,"SELECT census_original.hours_per_week, census_original.workclass FROM census_original  WHERE census_original.education_num < 55.9 AND census_original.native_country LIKE 'sample' AND census_original.relationship = 'NULL' AND census_original.hours_per_week > 7.32 ORDER BY census_original.hours_per_week LIMIT 100;"
2025-07-01T00:05:31.200000,"SELECT census_original.hours_per_week, census_original.workclass FROM census_original  WHERE census_original.education_num < 93.84 AND census_original.native_country LIKE 'sample' AND census_original.relationship = 'NULL' AND census_original.hours_per_week > 57.6 ORDER BY census_original.hours_per_week LIMIT 100;"
2025-07-01T00:05:31.400000,SELECT census_original.relationship FROM census_original  WHERE census_original.relationship != 'NULL' ORDER BY census_original.relationship LIMIT 100;
2025-07-01T00:05:31.600000,"SELECT census_original.capital_gain, census_original.age, census_original.workclass, census_original.capital_loss FROM census_original  WHERE census_original.education = 'sample' AND census_original.capital_loss < 14.64 AND census_original.occupation = 'sample' ORDER BY census_original.workclass LIMIT 100;"
2025-07-01T00:05:31.800000,"SELECT census_original.relationship, census_original.hours_per_week FROM census_original  WHERE census_original.marital_status = 'NULL' AND census_original.education_num > 73.62 AND census_original.relationship != 'NULL' AND census_original.occupation LIKE 'sample' ORDER BY census_original.hours_per_week LIMIT 100;"
2025-07-01T00:05:32.000000,SELECT census_original.relationship FROM census_original  WHERE census_original.relationship != 'NULL' ORDER BY census_original.relationship LIMIT 100;
2025-07-01T00:05:32.200000,SELECT census_original.relationship FROM census_original  WHERE census_original.relationship != 'NULL' ORDER BY census_original.relationship LIMIT 100;
2025-07-01T00:05:32.400000,SELECT census_original.relationship FROM census_original  WHERE census_original.relationship != 'NULL' ORDER BY census_original.relationship LIMIT 100;
2025-07-01T00:05:32.600000,"SELECT census_original.hours_per_week, census_original.workclass FROM census_original  WHERE census_original.education_num < 71.83 AND census_original.native_country LIKE 'sample' AND census_original.relationship = 'NULL' AND census_original.hours_per_week > 74.16 ORDER BY census_original.hours_per_week LIMIT 100;"
2025-07-01T00:05:32.800000,SELECT census_original.relationship FROM census_original  WHERE census_original.relationship != 'NULL' ORDER BY census_original.relationship LIMIT 100;
2025-07-01T00:05:33.000000,"SELECT census_original.relationship, census_original.native_country, census_original.capital_loss, census_original.education_num FROM census_original  WHERE census_original.relationship != 'NULL' AND census_original.native_country = 'sample' ORDER BY census_original.education_num LIMIT 100;"
2025-07-01T00:05:33.200000,"SELECT census_original.capital_gain, census_original.age, census_original.workclass, census_original.capital_loss FROM census_original  WHERE census_original.education = 'sample' AND census_original.capital_loss < 95.06 AND census_original.occupation = 'sample' ORDER BY census_original.workclass LIMIT 100;"
2025-07-01T00:05:33.400000,"SELECT census_original.hours_per_week, census_original.workclass FROM census_original  WHERE census_original.education_num < 20.45 AND census_original.native_country LIKE 'sample' AND census_original.relationship = 'NULL' AND census_original.hours_per_week > 31.72 ORDER BY census_original.hours_per_week LIMIT 100;"
2025-07-01T00:05:33.600000,"SELECT census_original.hours_per_week, census_original.workclass FROM census_original  WHERE census_original.education_num < 4.05 AND census_original.native_country LIKE 'sample' AND census_original.relationship = 'NULL' AND census_original.hours_per_week > 44.24 ORDER BY census_original.hours_per_week LIMIT 100;"
2025-07-01T00:05:33.800000,"SELECT census_original.hours_per_week, census_original.workclass FROM census_original  WHERE census_original.education_num < 3.87 AND census_original.native_country LIKE 'sample' AND census_original.relationship = 'NULL' AND census_original.hours_per_week > 24.84 ORDER BY census_original.hours_per_week LIMIT 100;"
2025-07-01T00:05:34.000000,"SELECT census_original.capital_gain, census_original.age, census_original.workclass, census_original.capital_loss FROM census_original  WHERE census_original.education = 'sample' AND census_original.capital_loss < 97.84 AND census_original.occupation = 'sample' ORDER BY census_original.workclass LIMIT 100;"
2025-07-01T00:05:34.200000,"SELECT census_original.hours_per_week, census_original.workclass FROM census_original  WHERE census_original.education_num < 68.57 AND census_original.native_country LIKE 'sample' AND census_original.relationship = 'NULL' AND census_original.hours_per_week > 14.84 ORDER BY census_original.hours_per_week LIMIT 100;"
2025-07-01T00:05:34.400000,"SELECT census_original.capital_gain, census_original.age, census_original.workclass, census_original.capital_loss FROM census_original  WHERE census_original.education = 'sample' AND census_original.capital_loss < 26.07 AND census_original.occupation = 'sample' ORDER BY census_original.workclass LIMIT 100;"
2025-07-01T00:05:34.600000,"SELECT census_original.hours_per_week, census_original.workclass FROM census_original  WHERE census_original.education_num < 45.94 AND census_original.native_country LIKE 'sample' AND census_original.relationship = 'NULL' AND census_original.hours_per_week > 25.54 ORDER BY census_original.hours_per_week LIMIT 100;"
2025-07-01T00:05:34.800000,SELECT census_original.relationship FROM census_original  WHERE census_original.relationship != 'NULL' ORDER BY census_original.relationship LIMIT 100;
2025-07-01T00:05:35.000000,"SELECT census_original.hours_per_week, census_original.workclass FROM census_original  WHERE census_original.education_num < 82.94 AND census_original.native_country LIKE 'sample' AND census_original.relationship = 'NULL' AND census_original.hours_per_week > 63.53 ORDER BY census_original.hours_per_week LIMIT 100;"
2025-07-01T00:05:35.200000,"SELECT census_original.relationship, census_original.native_country, census_original.capital_loss, census_original.education_num FROM census_original  WHERE census_original.relationship != 'NULL' AND census_original.native_country = 'sample' ORDER BY census_original.education_num LIMIT 100;"
2025-07-01T00:05:35.400000,"SELECT census_original.relationship, census_original.hours_per_week FROM census_original  WHERE census_original.marital_status = 'NULL' AND census_original.education_num > 45.99 AND census_original.relationship != 'NULL' AND census_original.occupation LIKE 'sample' ORDER BY census_original.hours_per_week LIMIT 100;"
2025-07-01T00:05:35.600000,"SELECT census_original.relationship, census_original.native_country, census_original.capital_loss, census_original.education_num FROM census_original  WHERE census_original.relationship != 'NULL' AND census_original.native_country = 'sample' ORDER BY census_original.education_num LIMIT 100;"
2025-07-01T00:05:35.800000,"SELECT census_original.capital_gain, census_original.age, census_original.workclass, census_original.capital_loss FROM census_original  WHERE census_original.education = 'sample' AND census_original.capital_loss < 95.37 AND census_original.occupation = 'sample' ORDER BY census_original.workclass LIMIT 100;"
2025-07-01T00:05:36.000000,"SELECT census_original.relationship, census_original.hours_per_week FROM census_original  WHERE census_original.marital_status = 'NULL' AND census_original.education_num > 49.48 AND census_original.relationship != 'NULL' AND census_original.occupation LIKE 'sample' ORDER BY census_original.hours_per_week LIMIT 100;"
2025-07-01T00:05:36.200000,SELECT census_original.relationship FROM census_original  WHERE census_original.relationship != 'NULL' ORDER BY census_original.relationship LIMIT 100;
2025-07-01T00:05:36.400000,"SELECT census_original.capital_gain, census_original.age, census_original.workclass, census_original.capital_loss FROM census_original  WHERE census_original.education = 'sample' AND census_original.capital_loss < 46.37 AND census_original.occupation = 'sample' ORDER BY census_original.workclass LIMIT 100;"
2025-07-01T00:05:36.600000,"SELECT census_original.relationship, census_original.native_country, census_original.capital_loss, census_original.education_num FROM census_original  WHERE census_original.relationship != 'NULL' AND census_original.native_country = 'sample' ORDER BY census_original.education_num LIMIT 100;"
2025-07-01T00:05:36.800000,"SELECT census_original.relationship, census_original.hours_per_week FROM census_original  WHERE census_original.marital_status = 'NULL' AND census_original.education_num > 5.85 AND census_original.relationship != 'NULL' AND census_original.occupation LIKE 'sample' ORDER BY census_original.hours_per_week LIMIT 100;"
2025-07-01T00:05:37.000000,"SELECT census_original.capital_gain, census_original.age, census_original.workclass, census_original.capital_loss FROM census_original  WHERE census_original.education = 'sample' AND census_original.capital_loss < 82.3 AND census_original.occupation = 'sample' ORDER BY census_original.workclass LIMIT 100;"
2025-07-01T00:05:37.200000,"SELECT census_original.relationship, census_original.native_country, census_original.capital_loss, census_original.education_num FROM census_original  WHERE census_original.relationship != 'NULL' AND census_original.native_country = 'sample' ORDER BY census_original.education_num LIMIT 100;"
2025-07-01T00:05:37.400000,SELECT census_original.relationship FROM census_original  WHERE census_original.relationship != 'NULL' ORDER BY census_original.relationship LIMIT 100;
2025-07-01T00:05:37.600000,"SELECT census_original.relationship, census_original.native_country, census_original.capital_loss, census_original.education_num FROM census_original  WHERE census_original.relationship != 'NULL' AND census_original.native_country = 'sample' ORDER BY census_original.education_num LIMIT 100;"
2025-07-01T00:05:37.800000,"SELECT census_original.relationship, census_original.native_country, census_original.capital_loss, census_original.education_num FROM census_original  WHERE census_original.relationship != 'NULL' AND census_original.native_country = 'sample' ORDER BY census_original.education_num LIMIT 100;"
2025-07-01T00:05:38.000000,"SELECT census_original.capital_gain, census_original.age, census_original.workclass, census_original.capital_loss FROM census_original  WHERE census_original.education = 'sample' AND census_original.capital_loss < 41.41 AND census_original.occupation = 'sample' ORDER BY census_original.workclass LIMIT 100;"
2025-07-01T00:05:38.200000,"SELECT census_original.capital_gain, census_original.age, census_original.workclass, census_original.capital_loss FROM census_original  WHERE census_original.education = 'sample' AND census_original.capital_loss < 54.91 AND census_original.occupation = 'sample' ORDER BY census_original.workclass LIMIT 100;"
2025-07-01T00:05:38.400000,"SELECT census_original.relationship, census_original.native_country, census_original.capital_loss, census_original.education_num FROM census_original  WHERE census_original.relationship != 'NULL' AND census_original.native_country = 'sample' ORDER BY census_original.education_num LIMIT 100;"
2025-07-01T00:05:38.600000,SELECT census_original.relationship FROM census_original  WHERE census_original.relationship != 'NULL' ORDER BY census_original.relationship LIMIT 100;
2025-07-01T00:05:38.800000,"SELECT census_original.capital_gain, census_original.age, census_original.workclass, census_original.capital_loss FROM census_original  WHERE census_original.education = 'sample' AND census_original.capital_loss < 74.11 AND census_original.occupation = 'sample' ORDER BY census_original.workclass LIMIT 100;"
2025-07-01T00:05:39.000000,"SELECT census_original.relationship, census_original.hours_per_week FROM census_original  WHERE census_original.marital_status = 'NULL' AND census_original.education_num > 38.34 AND census_original.relationship != 'NULL' AND census_original.occupation LIKE 'sample' ORDER BY census_original.hours_per_week LIMIT 100;"
2025-07-01T00:05:39.200000,"SELECT census_original.relationship, census_original.native_country, census_original.capital_loss, census_original.education_num FROM census_original  WHERE census_original.relationship != 'NULL' AND census_original.native_country = 'sample' ORDER BY census_original.education_num LIMIT 100;"
2025-07-01T00:05:39.400000,"SELECT census_original.capital_gain, census_original.age, census_original.workclass, census_original.capital_loss FROM census_original  WHERE census_original.education = 'sample' AND census_original.capital_loss < 56.62 AND census_original.occupation = 'sample' ORDER BY census_original.workclass LIMIT 100;"
2025-07-01T00:05:39.600000,SELECT census_original.relationship FROM census_original  WHERE census_original.relationship != 'NULL' ORDER BY census_original.relationship LIMIT 100;
2025-07-01T00:05:39.800000,"SELECT census_original.capital_gain, census_original.age, census_original.workclass, census_original.capital_loss FROM census_original  WHERE census_original.education = 'sample' AND census_original.capital_loss < 98.87 AND census_original.occupation = 'sample' ORDER BY census_original.workclass LIMIT 100;"
2025-07-01T00:05:40.000000,SELECT census_original.relationship FROM census_original  WHERE census_original.relationship != 'NULL' ORDER BY census_original.relationship LIMIT 100;
2025-07-01T00:05:40.200000,"SELECT census_original.relationship, census_original.hours_per_week FROM census_original  WHERE census_original.marital_status = 'NULL' AND census_original.education_num > 89.83 AND census_original.relationship != 'NULL' AND census_original.occupation LIKE 'sample' ORDER BY census_original.hours_per_week LIMIT 100;"
2025-07-01T00:05:40.400000,"SELECT census_original.relationship, census_original.native_country, census_original.capital_loss, census_original.education_num FROM census_original  WHERE census_original.relationship != 'NULL' AND census_original.native_country = 'sample' ORDER BY census_original.education_num LIMIT 100;"
2025-07-01T00:05:40.600000,"SELECT census_original.relationship, census_original.native_country, census_original.capital_loss, census_original.education_num FROM census_original  WHERE census_original.relationship != 'NULL' AND census_original.native_country = 'sample' ORDER BY census_original.education_num LIMIT 100;"
2025-07-01T00:05:40.800000,SELECT census_original.relationship FROM census_original  WHERE census_original.relationship != 'NULL' ORDER BY census_original.relationship LIMIT 100;
2025-07-01T00:05:41.000000,"SELECT census_original.hours_per_week, census_original.workclass FROM census_original  WHERE census_original.education_num < 74.93 AND census_original.native_country LIKE 'sample' AND census_original.relationship = 'NULL' AND census_original.hours_per_week > 26.98 ORDER BY census_original.hours_per_week LIMIT 100;"
2025-07-01T00:05:41.200000,SELECT census_original.relationship FROM census_original  WHERE census_original.relationship != 'NULL' ORDER BY census_original.relationship LIMIT 100;
2025-07-01T00:05:41.400000,"SELECT census_original.relationship, census_original.native_country, census_original.capital_loss, census_original.education_num FROM census_original  WHERE census_original.relationship != 'NULL' AND census_original.native_country = 'sample' ORDER BY census_original.education_num LIMIT 100;"
2025-07-01T00:05:41.600000,"SELECT census_original.hours_per_week, census_original.workclass FROM census_original  WHERE census_original.education_num < 68.39 AND census_original.native_country LIKE 'sample' AND census_original.relationship = 'NULL' AND census_original.hours_per_week > 39.97 ORDER BY census_original.hours_per_week LIMIT 100;"
2025-07-01T00:05:41.800000,"SELECT census_original.relationship, census_original.hours_per_week FROM census_original  WHERE census_original.marital_status = 'NULL' AND census_original.education_num > 22.0 AND census_original.relationship != 'NULL' AND census_original.occupation LIKE 'sample' ORDER BY census_original.hours_per_week LIMIT 100;"
2025-07-01T00:05:42.000000,"SELECT census_original.capital_gain, census_original.age, census_original.workclass, census_original.capital_loss FROM census_original  WHERE census_original.education = 'sample' AND census_original.capital_loss < 67.08 AND census_original.occupation = 'sample' ORDER BY census_original.workclass LIMIT 100;"
2025-07-01T00:05:42.200000,"SELECT census_original.capital_gain, census_original.age, census_original.workclass, census_original.capital_loss FROM census_original  WHERE census_original.education = 'sample' AND census_original.capital_loss < 99.34 AND census_original.occupation = 'sample' ORDER BY census_original.workclass LIMIT 100;"
2025-07-01T00:05:42.400000,SELECT census_original.relationship FROM census_original  WHERE census_original.relationship != 'NULL' ORDER BY census_original.relationship LIMIT 100;
2025-07-01T00:05:42.600000,"SELECT census_original.relationship, census_original.hours_per_week FROM census_original  WHERE census_original.marital_status = 'NULL' AND census_original.education_num > 91.61 AND census_original.relationship != 'NULL' AND census_original.occupation LIKE 'sample' ORDER BY census_original.hours_per_week LIMIT 100;"
2025-07-01T00:05:42.800000,"SELECT census_original.capital_gain, census_original.age, census_original.workclass, census_original.capital_loss FROM census_original  WHERE census_original.education = 'sample' AND census_original.capital_loss < 68.86 AND census_original.occupation = 'sample' ORDER BY census_original.workclass LIMIT 100;"
2025-07-01T00:05:43.000000,"SELECT census_original.capital_gain, census_original.age, census_original.workclass, census_original.capital_loss FROM census_original  WHERE census_original.education = 'sample' AND census_original.capital_loss < 97.64 AND census_original.occupation = 'sample' ORDER BY census_original.workclass LIMIT 100;"
2025-07-01T00:05:43.200000,"SELECT census_original.capital_gain, census_original.age, census_original.workclass, census_original.capital_loss FROM census_original  WHERE census_original.education = 'sample' AND census_original.capital_loss < 75.33 AND census_original.occupation = 'sample' ORDER BY census_original.workclass LIMIT 100;"
2025-07-01T00:05:43.400000,SELECT census_original.relationship FROM census_original  WHERE census_original.relationship != 'NULL' ORDER BY census_original.relationship LIMIT 100;
2025-07-01T00:05:43.600000,"SELECT census_original.hours_per_week, census_original.workclass FROM census_original  WHERE census_original.education_num < 78.48 AND census_original.native_country LIKE 'sample' AND census_original.relationship = 'NULL' AND census_original.hours_per_week > 79.72 ORDER BY census_original.hours_per_week LIMIT 100;"
2025-07-01T00:05:43.800000,"SELECT census_original.relationship, census_original.hours_per_week FROM census_original  WHERE census_original.marital_status = 'NULL' AND census_original.education_num > 1.47 AND census_original.relationship != 'NULL' AND census_original.occupation LIKE 'sample' ORDER BY census_original.hours_per_week LIMIT 100;"
2025-07-01T00:05:44.000000,"SELECT census_original.relationship, census_original.hours_per_week FROM census_original  WHERE census_original.marital_status = 'NULL' AND census_original.education_num > 89.67 AND census_original.relationship != 'NULL' AND census_original.occupation LIKE 'sample' ORDER BY census_original.hours_per_week LIMIT 100;"
2025-07-01T00:05:44.200000,"SELECT census_original.hours_per_week, census_original.workclass FROM census_original  WHERE census_original.education_num < 18.5 AND census_original.native_country LIKE 'sample' AND census_original.relationship = 'NULL' AND census_original.hours_per_week > 85.8 ORDER BY census_original.hours_per_week LIMIT 100;"
2025-07-01T00:05:44.400000,SELECT census_original.relationship FROM census_original  WHERE census_original.relationship != 'NULL' ORDER BY census_original.relationship LIMIT 100;
2025-07-01T00:05:44.600000,"SELECT census_original.hours_per_week, census_original.workclass FROM census_original  WHERE census_original.education_num < 85.49 AND census_original.native_country LIKE 'sample' AND census_original.relationship = 'NULL' AND census_original.hours_per_week > 24.16 ORDER BY census_original.hours_per_week LIMIT 100;"
2025-07-01T00:05:44.800000,"SELECT census_original.relationship, census_original.native_country, census_original.capital_loss, census_original.education_num FROM census_original  WHERE census_original.relationship != 'NULL' AND census_original.native_country = 'sample' ORDER BY census_original.education_num LIMIT 100;"
2025-07-01T00:05:45.000000,"SELECT census_original.relationship, census_original.hours_per_week FROM census_original  WHERE census_original.marital_status = 'NULL' AND census_original.education_num > 21.0 AND census_original.relationship != 'NULL' AND census_original.occupation LIKE 'sample' ORDER BY census_original.hours_per_week LIMIT 100;"
2025-07-01T00:05:45.200000,"SELECT census_original.capital_gain, census_original.age, census_original.workclass, census_original.capital_loss FROM census_original  WHERE census_original.education = 'sample' AND census_original.capital_loss < 59.01 AND census_original.occupation = 'sample' ORDER BY census_original.workclass LIMIT 100;"
2025-07-01T00:05:45.400000,"SELECT census_original.capital_gain, census_original.age, census_original.workclass, census_original.capital_loss FROM census_original  WHERE census_original.education = 'sample' AND census_original.capital_loss < 16.08 AND census_original.occupation = 'sample' ORDER BY census_original.workclass LIMIT 100;"
2025-07-01T00:05:45.600000,"SELECT census_original.capital_gain, census_original.age, census_original.workclass, census_original.capital_loss FROM census_original  WHERE census_original.education = 'sample' AND census_original.capital_loss < 79.57 AND census_original.occupation = 'sample' ORDER BY census_original.workclass LIMIT 100;"
2025-07-01T00:05:45.800000,"SELECT census_original.relationship, census_original.hours_per_week FROM census_original  WHERE census_original.marital_status = 'NULL' AND census_original.education_num > 55.8 AND census_original.relationship != 'NULL' AND census_original.occupation LIKE 'sample' ORDER BY census_original.hours_per_week LIMIT 100;"
2025-07-01T00:05:46.000000,"SELECT census_original.capital_gain, census_original.age, census_original.workclass, census_original.capital_loss FROM census_original  WHERE census_original.education = 'sample' AND census_original.capital_loss < 8.11 AND census_original.occupation = 'sample' ORDER BY census_original.workclass LIMIT 100;"
2025-07-01T00:05:46.200000,"SELECT census_original.hours_per_week, census_original.workclass FROM census_original  WHERE census_original.education_num < 52.51 AND census_original.native_country LIKE 'sample' AND census_original.relationship = 'NULL' AND census_original.hours_per_week > 80.19 ORDER BY census_original.hours_per_week LIMIT 100;"
2025-07-01T00:05:46.400000,"SELECT census_original.relationship, census_original.native_country, census_original.capital_loss, census_original.education_num FROM census_original  WHERE census_original.relationship != 'NULL' AND census_original.native_country = 'sample' ORDER BY census_original.education_num LIMIT 100;"
2025-07-01T00:05:46.600000,SELECT census_original.relationship FROM census_original  WHERE census_original.relationship != 'NULL' ORDER BY census_original.relationship LIMIT 100;
2025-07-01T00:05:46.800000,"SELECT census_original.relationship, census_original.native_country, census_original.capital_loss, census_original.education_num FROM census_original  WHERE census_original.relationship != 'NULL' AND census_original.native_country = 'sample' ORDER BY census_original.education_num LIMIT 100;"
2025-07-01T00:05:47.000000,"SELECT census_original.capital_gain, census_original.age, census_original.workclass, census_original.capital_loss FROM census_original  WHERE census_original.education = 'sample' AND census_original.capital_loss < 83.38 AND census_original.occupation = 'sample' ORDER BY census_original.workclass LIMIT 100;"
2025-07-01T00:05:47.200000,"SELECT census_original.relationship, census_original.native_country, census_original.capital_loss, census_original.education_num FROM census_original  WHERE census_original.relationship != 'NULL' AND census_original.native_country = 'sample' ORDER BY census_original.education_num LIMIT 100;"
2025-07-01T00:05:47.400000,"SELECT census_original.relationship, census_original.native_country, census_original.capital_loss, census_original.education_num FROM census_original  WHERE census_original.relationship != 'NULL' AND census_original.native_country = 'sample' ORDER BY census_original.education_num LIMIT 100;"
2025-07-01T00:05:47.600000,SELECT census_original.relationship FROM census_original  WHERE census_original.relationship != 'NULL' ORDER BY census_original.relationship LIMIT 100;
2025-07-01T00:05:47.800000,"SELECT census_original.relationship, census_original.hours_per_week FROM census_original  WHERE census_original.marital_status = 'NULL' AND census_original.education_num > 72.79 AND census_original.relationship != 'NULL' AND census_original.occupation LIKE 'sample' ORDER BY census_original.hours_per_week LIMIT 100;"
2025-07-01T00:05:48.000000,"SELECT census_original.capital_gain, census_original.age, census_original.workclass, census_original.capital_loss FROM census_original  WHERE census_original.education = 'sample' AND census_original.capital_loss < 25.23 AND census_original.occupation = 'sample' ORDER BY census_original.workclass LIMIT 100;"
2025-07-01T00:05:48.200000,"SELECT census_original.relationship, census_original.hours_per_week FROM census_original  WHERE census_original.marital_status = 'NULL' AND census_original.education_num > 36.79 AND census_original.relationship != 'NULL' AND census_original.occupation LIKE 'sample' ORDER BY census_original.hours_per_week LIMIT 100;"
2025-07-01T00:05:48.400000,"SELECT census_original.relationship, census_original.native_country, census_original.capital_loss, census_original.education_num FROM census_original  WHERE census_original.relationship != 'NULL' AND census_original.native_country = 'sample' ORDER BY census_original.education_num LIMIT 100;"
2025-07-01T00:05:48.600000,"SELECT census_original.capital_gain, census_original.age, census_original.workclass, census_original.capital_loss FROM census_original  WHERE census_original.education = 'sample' AND census_original.capital_loss < 95.35 AND census_original.occupation = 'sample' ORDER BY census_original.workclass LIMIT 100;"
2025-07-01T00:05:48.800000,"SELECT census_original.relationship, census_original.native_country, census_original.capital_loss, census_original.education_num FROM census_original  WHERE census_original.relationship != 'NULL' AND census_original.native_country = 'sample' ORDER BY census_original.education_num LIMIT 100;"
2025-07-01T00:05:49.000000,"SELECT census_original.relationship, census_original.native_country, census_original.capital_loss, census_original.education_num FROM census_original  WHERE census_original.relationship != 'NULL' AND census_original.native_country = 'sample' ORDER BY census_original.education_num LIMIT 100;"
2025-07-01T00:05:49.200000,SELECT census_original.relationship FROM census_original  WHERE census_original.relationship != 'NULL' ORDER BY census_original.relationship LIMIT 100;
2025-07-01T00:05:49.400000,"SELECT census_original.relationship, census_original.native_country, census_original.capital_loss, census_original.education_num FROM census_original  WHERE census_original.relationship != 'NULL' AND census_original.native_country = 'sample' ORDER BY census_original.education_num LIMIT 100;"
2025-07-01T00:05:49.600000,"SELECT census_original.relationship, census_original.native_country, census_original.capital_loss, census_original.education_num FROM census_original  WHERE census_original.relationship != 'NULL' AND census_original.native_country = 'sample' ORDER BY census_original.education_num LIMIT 100;"
2025-07-01T00:05:49.800000,"SELECT census_original.hours_per_week, census_original.workclass FROM census_original  WHERE census_original.education_num < 16.97 AND census_original.native_country LIKE 'sample' AND census_original.relationship = 'NULL' AND census_original.hours_per_week > 50.6 ORDER BY census_original.hours_per_week LIMIT 100;"
2025-07-01T00:05:50.000000,"SELECT census_original.hours_per_week, census_original.workclass FROM census_original  WHERE census_original.education_num < 20.78 AND census_original.native_country LIKE 'sample' AND census_original.relationship = 'NULL' AND census_original.hours_per_week > 80.61 ORDER BY census_original.hours_per_week LIMIT 100;"
2025-07-01T00:05:50.200000,"SELECT census_original.capital_gain, census_original.age, census_original.workclass, census_original.capital_loss FROM census_original  WHERE census_original.education = 'sample' AND census_original.capital_loss < 19.54 AND census_original.occupation = 'sample' ORDER BY census_original.workclass LIMIT 100;"
2025-07-01T00:05:50.400000,"SELECT census_original.relationship, census_original.hours_per_week FROM census_original  WHERE census_original.marital_status = 'NULL' AND census_original.education_num > 88.87 AND census_original.relationship != 'NULL' AND census_original.occupation LIKE 'sample' ORDER BY census_original.hours_per_week LIMIT 100;"
2025-07-01T00:05:50.600000,SELECT census_original.relationship FROM census_original  WHERE census_original.relationship != 'NULL' ORDER BY census_original.relationship LIMIT 100;
2025-07-01T00:05:50.800000,"SELECT census_original.relationship, census_original.hours_per_week FROM census_original  WHERE census_original.marital_status = 'NULL' AND census_original.education_num > 3.95 AND census_original.relationship != 'NULL' AND census_original.occupation LIKE 'sample' ORDER BY census_original.hours_per_week LIMIT 100;"
2025-07-01T00:05:51.000000,"SELECT census_original.capital_gain, census_original.age, census_original.workclass, census_original.capital_loss FROM census_original  WHERE census_original.education = 'sample' AND census_original.capital_loss < 49.49 AND census_original.occupation = 'sample' ORDER BY census_original.workclass LIMIT 100;"
2025-07-01T00:05:51.200000,"SELECT census_original.relationship, census_original.hours_per_week FROM census_original  WHERE census_original.marital_status = 'NULL' AND census_original.education_num > 14.68 AND census_original.relationship != 'NULL' AND census_original.occupation LIKE 'sample' ORDER BY census_original.hours_per_week LIMIT 100;"
2025-07-01T00:05:51.400000,SELECT census_original.relationship FROM census_original  WHERE census_original.relationship != 'NULL' ORDER BY census_original.relationship LIMIT 100;
2025-07-01T00:05:51.600000,"SELECT census_original.relationship, census_original.native_country, census_original.capital_loss, census_original.education_num FROM census_original  WHERE census_original.relationship != 'NULL' AND census_original.native_country = 'sample' ORDER BY census_original.education_num LIMIT 100;"
2025-07-01T00:05:51.800000,SELECT census_original.relationship FROM census_original  WHERE census_original.relationship != 'NULL' ORDER BY census_original.relationship LIMIT 100;
2025-07-01T00:05:52.000000,"SELECT census_original.hours_per_week, census_original.workclass FROM census_original  WHERE census_original.education_num < 38.57 AND census_original.native_country LIKE 'sample' AND census_original.relationship = 'NULL' AND census_original.hours_per_week > 68.89 ORDER BY census_original.hours_per_week LIMIT 100;"
2025-07-01T00:05:52.200000,SELECT census_original.relationship FROM census_original  WHERE census_original.relationship != 'NULL' ORDER BY census_original.relationship LIMIT 100;
2025-07-01T00:05:52.400000,"SELECT census_original.hours_per_week, census_original.workclass FROM census_original  WHERE census_original.education_num < 12.68 AND census_original.native_country LIKE 'sample' AND census_original.relationship = 'NULL' AND census_original.hours_per_week > 96.23 ORDER BY census_original.hours_per_week LIMIT 100;"
2025-07-01T00:05:52.600000,"SELECT census_original.relationship, census_original.native_country, census_original.capital_loss, census_original.education_num FROM census_original  WHERE census_original.relationship != 'NULL' AND census_original.native_country = 'sample' ORDER BY census_original.education_num LIMIT 100;"
2025-07-01T00:05:52.800000,"SELECT census_original.relationship, census_original.native_country, census_original.capital_loss, census_original.education_num FROM census_original  WHERE census_original.relationship != 'NULL' AND census_original.native_country = 'sample' ORDER BY census_original.education_num LIMIT 100;"
2025-07-01T00:05:53.000000,"SELECT census_original.relationship, census_original.hours_per_week FROM census_original  WHERE census_original.marital_status = 'NULL' AND census_original.education_num > 51.76 AND census_original.relationship != 'NULL' AND census_original.occupation LIKE 'sample' ORDER BY census_original.hours_per_week LIMIT 100;"
2025-07-01T00:05:53.200000,"SELECT census_original.hours_per_week, census_original.workclass FROM census_original  WHERE census_original.education_num < 29.36 AND census_original.native_country LIKE 'sample' AND census_original.relationship = 'NULL' AND census_original.hours_per_week > 92.56 ORDER BY census_original.hours_per_week LIMIT 100;"
2025-07-01T00:05:53.400000,"SELECT census_original.relationship, census_original.native_country, census_original.capital_loss, census_original.education_num FROM census_original  WHERE census_original.relationship != 'NULL' AND census_original.native_country = 'sample' ORDER BY census_original.education_num LIMIT 100;"
2025-07-01T00:05:53.600000,"SELECT census_original.relationship, census_original.native_country, census_original.capital_loss, census_original.education_num FROM census_original  WHERE census_original.relationship != 'NULL' AND census_original.native_country = 'sample' ORDER BY census_original.education_num LIMIT 100;"
2025-07-01T00:05:53.800000,SELECT census_original.relationship FROM census_original  WHERE census_original.relationship != 'NULL' ORDER BY census_original.relationship LIMIT 100;
2025-07-01T00:05:54.000000,"SELECT census_original.relationship, census_original.native_country, census_original.capital_loss, census_original.education_num FROM census_original  WHERE census_original.relationship != 'NULL' AND census_original.native_country = 'sample' ORDER BY census_original.education_num LIMIT 100;"
2025-07-01T00:05:54.200000,"SELECT census_original.capital_gain, census_original.age, census_original.workclass, census_original.capital_loss FROM census_original  WHERE census_original.education = 'sample' AND census_original.capital_loss < 47.41 AND census_original.occupation = 'sample' ORDER BY census_original.workclass LIMIT 100;"
2025-07-01T00:05:54.400000,"SELECT census_original.relationship, census_original.hours_per_week FROM census_original  WHERE census_original.marital_status = 'NULL' AND census_original.education_num > 32.93 AND census_original.relationship != 'NULL' AND census_original.occupation LIKE 'sample' ORDER BY census_original.hours_per_week LIMIT 100;"
2025-07-01T00:05:54.600000,"SELECT census_original.capital_gain, census_original.age, census_original.workclass, census_original.capital_loss FROM census_original  WHERE census_original.education = 'sample' AND census_original.capital_loss < 10.51 AND census_original.occupation = 'sample' ORDER BY census_original.workclass LIMIT 100;"
2025-07-01T00:05:54.800000,"SELECT census_original.capital_gain, census_original.age, census_original.workclass, census_original.capital_loss FROM census_original  WHERE census_original.education = 'sample' AND census_original.capital_loss < 21.56 AND census_original.occupation = 'sample' ORDER BY census_original.workclass LIMIT 100;"
2025-07-01T00:05:55.000000,"SELECT census_original.hours_per_week, census_original.workclass FROM census_original  WHERE census_original.education_num < 97.1 AND census_original.native_country LIKE 'sample' AND census_original.relationship = 'NULL' AND census_original.hours_per_week > 89.42 ORDER BY census_original.hours_per_week LIMIT 100;"
2025-07-01T00:05:55.200000,"SELECT census_original.relationship, census_original.native_country, census_original.capital_loss, census_original.education_num FROM census_original  WHERE census_original.relationship != 'NULL' AND census_original.native_country = 'sample' ORDER BY census_original.education_num LIMIT 100;"
2025-07-01T00:05:55.400000,"SELECT census_original.capital_gain, census_original.age, census_original.workclass, census_original.capital_loss FROM census_original  WHERE census_original.education = 'sample' AND census_original.capital_loss < 94.06 AND census_original.occupation = 'sample' ORDER BY census_original.workclass LIMIT 100;"
2025-07-01T00:05:55.600000,"SELECT census_original.relationship, census_original.hours_per_week FROM census_original  WHERE census_original.marital_status = 'NULL' AND census_original.education_num > 85.09 AND census_original.relationship != 'NULL' AND census_original.occupation LIKE 'sample' ORDER BY census_original.hours_per_week LIMIT 100;"
2025-07-01T00:05:55.800000,"SELECT census_original.relationship, census_original.hours_per_week FROM census_original  WHERE census_original.marital_status = 'NULL' AND census_original.education_num > 95.58 AND census_original.relationship != 'NULL' AND census_original.occupation LIKE 'sample' ORDER BY census_original.hours_per_week LIMIT 100;"
2025-07-01T00:05:56.000000,"SELECT census_original.relationship, census_original.hours_per_week FROM census_original  WHERE census_original.marital_status = 'NULL' AND census_original.education_num > 95.53 AND census_original.relationship != 'NULL' AND census_original.occupation LIKE 'sample' ORDER BY census_original.hours_per_week LIMIT 100;"
2025-07-01T00:05:56.200000,SELECT census_original.relationship FROM census_original  WHERE census_original.relationship != 'NULL' ORDER BY census_original.relationship LIMIT 100;
2025-07-01T00:05:56.400000,"SELECT census_original.relationship, census_original.hours_per_week FROM census_original  WHERE census_original.marital_status = 'NULL' AND census_original.education_num > 90.35 AND census_original.relationship != 'NULL' AND census_original.occupation LIKE 'sample' ORDER BY census_original.hours_per_week LIMIT 100;"
2025-07-01T00:05:56.600000,"SELECT census_original.relationship, census_original.native_country, census_original.capital_loss, census_original.education_num FROM census_original  WHERE census_original.relationship != 'NULL' AND census_original.native_country = 'sample' ORDER BY census_original.education_num LIMIT 100;"
2025-07-01T00:05:56.800000,"SELECT census_original.relationship, census_original.native_country, census_original.capital_loss, census_original.education_num FROM census_original  WHERE census_original.relationship != 'NULL' AND census_original.native_country = 'sample' ORDER BY census_original.education_num LIMIT 100;"
2025-07-01T00:05:57.000000,"SELECT census_original.capital_gain, census_original.age, census_original.workclass, census_original.capital_loss FROM census_original  WHERE census_original.education = 'sample' AND census_original.capital_loss < 87.58 AND census_original.occupation = 'sample' ORDER BY census_original.workclass LIMIT 100;"
2025-07-01T00:05:57.200000,"SELECT census_original.relationship, census_original.native_country, census_original.capital_loss, census_original.education_num FROM census_original  WHERE census_original.relationship != 'NULL' AND census_original.native_country = 'sample' ORDER BY census_original.education_num LIMIT 100;"
2025-07-01T00:05:57.400000,"SELECT census_original.hours_per_week, census_original.workclass FROM census_original  WHERE census_original.education_num < 81.84 AND census_original.native_country LIKE 'sample' AND census_original.relationship = 'NULL' AND census_original.hours_per_week > 11.42 ORDER BY census_original.hours_per_week LIMIT 100;"
2025-07-01T00:05:57.600000,"SELECT census_original.relationship, census_original.native_country, census_original.capital_loss, census_original.education_num FROM census_original  WHERE census_original.relationship != 'NULL' AND census_original.native_country = 'sample' ORDER BY census_original.education_num LIMIT 100;"
2025-07-01T00:05:57.800000,"SELECT census_original.capital_gain, census_original.age, census_original.workclass, census_original.capital_loss FROM census_original  WHERE census_original.education = 'sample' AND census_original.capital_loss < 81.79 AND census_original.occupation = 'sample' ORDER BY census_original.workclass LIMIT 100;"
2025-07-01T00:05:58.000000,"SELECT census_original.relationship, census_original.hours_per_week FROM census_original  WHERE census_original.marital_status = 'NULL' AND census_original.education_num > 91.0 AND census_original.relationship != 'NULL' AND census_original.occupation LIKE 'sample' ORDER BY census_original.hours_per_week LIMIT 100;"
2025-07-01T00:05:58.200000,SELECT census_original.relationship FROM census_original  WHERE census_original.relationship != 'NULL' ORDER BY census_original.relationship LIMIT 100;
2025-07-01T00:05:58.400000,"SELECT census_original.hours_per_week, census_original.workclass FROM census_original  WHERE census_original.education_num < 6.77 AND census_original.native_country LIKE 'sample' AND census_original.relationship = 'NULL' AND census_original.hours_per_week > 28.86 ORDER BY census_original.hours_per_week LIMIT 100;"
2025-07-01T00:05:58.600000,"SELECT census_original.hours_per_week, census_original.workclass FROM census_original  WHERE census_original.education_num < 11.67 AND census_original.native_country LIKE 'sample' AND census_original.relationship = 'NULL' AND census_original.hours_per_week > 91.69 ORDER BY census_original.hours_per_week LIMIT 100;"
2025-07-01T00:05:58.800000,"SELECT census_original.relationship, census_original.native_country, census_original.capital_loss, census_original.education_num FROM census_original  WHERE census_original.relationship != 'NULL' AND census_original.native_country = 'sample' ORDER BY census_original.education_num LIMIT 100;"
2025-07-01T00:05:59.000000,"SELECT census_original.relationship, census_original.hours_per_week FROM census_original  WHERE census_original.marital_status = 'NULL' AND census_original.education_num > 99.76 AND census_original.relationship != 'NULL' AND census_original.occupation LIKE 'sample' ORDER BY census_original.hours_per_week LIMIT 100;"
2025-07-01T00:05:59.200000,"SELECT census_original.hours_per_week, census_original.workclass FROM census_original  WHERE census_original.education_num < 43.36 AND census_original.native_country LIKE 'sample' AND census_original.relationship = 'NULL' AND census_original.hours_per_week > 61.49 ORDER BY census_original.hours_per_week LIMIT 100;"
2025-07-01T00:05:59.400000,SELECT census_original.relationship FROM census_original  WHERE census_original.relationship != 'NULL' ORDER BY census_original.relationship LIMIT 100;
2025-07-01T00:05:59.600000,"SELECT census_original.capital_gain, census_original.age, census_original.workclass, census_original.capital_loss FROM census_original  WHERE census_original.education = 'sample' AND census_original.capital_loss < 32.83 AND census_original.occupation = 'sample' ORDER BY census_original.workclass LIMIT 100;"
2025-07-01T00:05:59.800000,"SELECT census_original.hours_per_week, census_original.workclass FROM census_original  WHERE census_original.education_num < 41.0 AND census_original.native_country LIKE 'sample' AND census_original.relationship = 'NULL' AND census_original.hours_per_week > 47.94 ORDER BY census_original.hours_per_week LIMIT 100;"
2025-07-01T00:06:00.000000,"SELECT census_original.capital_gain, census_original.age, census_original.workclass, census_original.capital_loss FROM census_original  WHERE census_original.education = 'sample' AND census_original.capital_loss < 18.36 AND census_original.occupation = 'sample' ORDER BY census_original.workclass LIMIT 100;"
2025-07-01T00:06:00.200000,"SELECT census_original.capital_gain, census_original.age, census_original.workclass, census_original.capital_loss FROM census_original  WHERE census_original.education = 'sample' AND census_original.capital_loss < 47.81 AND census_original.occupation = 'sample' ORDER BY census_original.workclass LIMIT 100;"
2025-07-01T00:06:00.400000,SELECT census_original.relationship FROM census_original  WHERE census_original.relationship != 'NULL' ORDER BY census_original.relationship LIMIT 100;
2025-07-01T00:06:00.600000,"SELECT census_original.relationship, census_original.native_country, census_original.capital_loss, census_original.education_num FROM census_original  WHERE census_original.relationship != 'NULL' AND census_original.native_country = 'sample' ORDER BY census_original.education_num LIMIT 100;"
2025-07-01T00:06:00.800000,"SELECT census_original.relationship, census_original.hours_per_week FROM census_original  WHERE census_original.marital_status = 'NULL' AND census_original.education_num > 11.36 AND census_original.relationship != 'NULL' AND census_original.occupation LIKE 'sample' ORDER BY census_original.hours_per_week LIMIT 100;"
2025-07-01T00:06:01.000000,"SELECT census_original.relationship, census_original.native_country, census_original.capital_loss, census_original.education_num FROM census_original  WHERE census_original.relationship != 'NULL' AND census_original.native_country = 'sample' ORDER BY census_original.education_num LIMIT 100;"
2025-07-01T00:06:01.200000,"SELECT census_original.capital_gain, census_original.age, census_original.workclass, census_original.capital_loss FROM census_original  WHERE census_original.education = 'sample' AND census_original.capital_loss < 86.22 AND census_original.occupation = 'sample' ORDER BY census_original.workclass LIMIT 100;"
2025-07-01T00:06:01.400000,SELECT census_original.relationship FROM census_original  WHERE census_original.relationship != 'NULL' ORDER BY census_original.relationship LIMIT 100;
2025-07-01T00:06:01.600000,"SELECT census_original.capital_gain, census_original.age, census_original.workclass, census_original.capital_loss FROM census_original  WHERE census_original.education = 'sample' AND census_original.capital_loss < 80.34 AND census_original.occupation = 'sample' ORDER BY census_original.workclass LIMIT 100;"
2025-07-01T00:06:01.800000,"SELECT census_original.hours_per_week, census_original.workclass FROM census_original  WHERE census_original.education_num < 89.28 AND census_original.native_country LIKE 'sample' AND census_original.relationship = 'NULL' AND census_original.hours_per_week > 75.11 ORDER BY census_original.hours_per_week LIMIT 100;"
2025-07-01T00:06:02.000000,SELECT census_original.relationship FROM census_original  WHERE census_original.relationship != 'NULL' ORDER BY census_original.relationship LIMIT 100;
2025-07-01T00:06:02.200000,"SELECT census_original.hours_per_week, census_original.workclass FROM census_original  WHERE census_original.education_num < 77.43 AND census_original.native_country LIKE 'sample' AND census_original.relationship = 'NULL' AND census_original.hours_per_week > 66.5 ORDER BY census_original.hours_per_week LIMIT 100;"
2025-07-01T00:06:02.400000,"SELECT census_original.relationship, census_original.hours_per_week FROM census_original  WHERE census_original.marital_status = 'NULL' AND census_original.education_num > 74.43 AND census_original.relationship != 'NULL' AND census_original.occupation LIKE 'sample' ORDER BY census_original.hours_per_week LIMIT 100;"
2025-07-01T00:06:02.600000,"SELECT census_original.capital_gain, census_original.age, census_original.workclass, census_original.capital_loss FROM census_original  WHERE census_original.education = 'sample' AND census_original.capital_loss < 14.58 AND census_original.occupation = 'sample' ORDER BY census_original.workclass LIMIT 100;"
2025-07-01T00:06:02.800000,"SELECT census_original.capital_gain, census_original.age, census_original.workclass, census_original.capital_loss FROM census_original  WHERE census_original.education = 'sample' AND census_original.capital_loss < 53.85 AND census_original.occupation = 'sample' ORDER BY census_original.workclass LIMIT 100;"
2025-07-01T00:06:03.000000,"SELECT census_original.hours_per_week, census_original.workclass FROM census_original  WHERE census_original.education_num < 65.54 AND census_original.native_country LIKE 'sample' AND census_original.relationship = 'NULL' AND census_original.hours_per_week > 86.88 ORDER BY census_original.hours_per_week LIMIT 100;"
2025-07-01T00:06:03.200000,"SELECT census_original.relationship, census_original.native_country, census_original.capital_loss, census_original.education_num FROM census_original  WHERE census_original.relationship != 'NULL' AND census_original.native_country = 'sample' ORDER BY census_original.education_num LIMIT 100;"
2025-07-01T00:06:03.400000,"SELECT census_original.hours_per_week, census_original.workclass FROM census_original  WHERE census_original.education_num < 85.26 AND census_original.native_country LIKE 'sample' AND census_original.relationship = 'NULL' AND census_original.hours_per_week > 16.37 ORDER BY census_original.hours_per_week LIMIT 100;"
2025-07-01T00:06:03.600000,SELECT census_original.relationship FROM census_original  WHERE census_original.relationship != 'NULL' ORDER BY census_original.relationship LIMIT 100;
2025-07-01T00:06:03.800000,"SELECT census_original.relationship, census_original.native_country, census_original.capital_loss, census_original.education_num FROM census_original  WHERE census_original.relationship != 'NULL' AND census_original.native_country = 'sample' ORDER BY census_original.education_num LIMIT 100;"
2025-07-01T00:06:04.000000,"SELECT census_original.capital_gain, census_original.age, census_original.workclass, census_original.capital_loss FROM census_original  WHERE census_original.education = 'sample' AND census_original.capital_loss < 61.2 AND census_original.occupation = 'sample' ORDER BY census_original.workclass LIMIT 100;"
2025-07-01T00:06:04.200000,"SELECT census_original.hours_per_week, census_original.workclass FROM census_original  WHERE census_original.education_num < 46.43 AND census_original.native_country LIKE 'sample' AND census_original.relationship = 'NULL' AND census_original.hours_per_week > 57.31 ORDER BY census_original.hours_per_week LIMIT 100;"
2025-07-01T00:06:04.400000,"SELECT census_original.hours_per_week, census_original.workclass FROM census_original  WHERE census_original.education_num < 69.79 AND census_original.native_country LIKE 'sample' AND census_original.relationship = 'NULL' AND census_original.hours_per_week > 86.21 ORDER BY census_original.hours_per_week LIMIT 100;"
2025-07-01T00:06:04.600000,SELECT census_original.relationship FROM census_original  WHERE census_original.relationship != 'NULL' ORDER BY census_original.relationship LIMIT 100;
2025-07-01T00:06:04.800000,"SELECT census_original.capital_gain, census_original.age, census_original.workclass, census_original.capital_loss FROM census_original  WHERE census_original.education = 'sample' AND census_original.capital_loss < 87.79 AND census_original.occupation = 'sample' ORDER BY census_original.workclass LIMIT 100;"
2025-07-01T00:06:05.000000,"SELECT census_original.hours_per_week, census_original.workclass FROM census_original  WHERE census_original.education_num < 39.12 AND census_original.native_country LIKE 'sample' AND census_original.relationship = 'NULL' AND census_original.hours_per_week > 64.32 ORDER BY census_original.hours_per_week LIMIT 100;"
2025-07-01T00:06:05.200000,"SELECT census_original.relationship, census_original.native_country, census_original.capital_loss, census_original.education_num FROM census_original  WHERE census_original.relationship != 'NULL' AND census_original.native_country = 'sample' ORDER BY census_original.education_num LIMIT 100;"
2025-07-01T00:06:05.400000,"SELECT census_original.hours_per_week, census_original.workclass FROM census_original  WHERE census_original.education_num < 10.08 AND census_original.native_country LIKE 'sample' AND census_original.relationship = 'NULL' AND census_original.hours_per_week > 19.17 ORDER BY census_original.hours_per_week LIMIT 100;"
2025-07-01T00:06:05.600000,SELECT census_original.relationship FROM census_original  WHERE census_original.relationship != 'NULL' ORDER BY census_original.relationship LIMIT 100;
2025-07-01T00:06:05.800000,"SELECT census_original.capital_gain, census_original.age, census_original.workclass, census_original.capital_loss FROM census_original  WHERE census_original.education = 'sample' AND census_original.capital_loss < 54.69 AND census_original.occupation = 'sample' ORDER BY census_original.workclass LIMIT 100;"
2025-07-01T00:06:06.000000,"SELECT census_original.capital_gain, census_original.age, census_original.workclass, census_original.capital_loss FROM census_original  WHERE census_original.education = 'sample' AND census_original.capital_loss < 48.58 AND census_original.occupation = 'sample' ORDER BY census_original.workclass LIMIT 100;"
2025-07-01T00:06:06.200000,"SELECT census_original.capital_gain, census_original.age, census_original.workclass, census_original.capital_loss FROM census_original  WHERE census_original.education = 'sample' AND census_original.capital_loss < 14.73 AND census_original.occupation = 'sample' ORDER BY census_original.workclass LIMIT 100;"
2025-07-01T00:06:06.400000,"SELECT census_original.relationship, census_original.native_country, census_original.capital_loss, census_original.education_num FROM census_original  WHERE census_original.relationship != 'NULL' AND census_original.native_country = 'sample' ORDER BY census_original.education_num LIMIT 100;"
2025-07-01T00:06:06.600000,"SELECT census_original.relationship, census_original.native_country, census_original.capital_loss, census_original.education_num FROM census_original  WHERE census_original.relationship != 'NULL' AND census_original.native_country = 'sample' ORDER BY census_original.education_num LIMIT 100;"
2025-07-01T00:06:06.800000,"SELECT census_original.relationship, census_original.hours_per_week FROM census_original  WHERE census_original.marital_status = 'NULL' AND census_original.education_num > 5.69 AND census_original.relationship != 'NULL' AND census_original.occupation LIKE 'sample' ORDER BY census_original.hours_per_week LIMIT 100;"
2025-07-01T00:06:07.000000,"SELECT census_original.relationship, census_original.native_country, census_original.capital_loss, census_original.education_num FROM census_original  WHERE census_original.relationship != 'NULL' AND census_original.native_country = 'sample' ORDER BY census_original.education_num LIMIT 100;"
2025-07-01T00:06:07.200000,SELECT census_original.relationship FROM census_original  WHERE census_original.relationship != 'NULL' ORDER BY census_original.relationship LIMIT 100;
2025-07-01T00:06:07.400000,"SELECT census_original.capital_gain, census_original.age, census_original.workclass, census_original.capital_loss FROM census_original  WHERE census_original.education = 'sample' AND census_original.capital_loss < 45.51 AND census_original.occupation = 'sample' ORDER BY census_original.workclass LIMIT 100;"
2025-07-01T00:06:07.600000,SELECT census_original.relationship FROM census_original  WHERE census_original.relationship != 'NULL' ORDER BY census_original.relationship LIMIT 100;
2025-07-01T00:06:07.800000,SELECT census_original.relationship FROM census_original  WHERE census_original.relationship != 'NULL' ORDER BY census_original.relationship LIMIT 100;
2025-07-01T00:06:08.000000,"SELECT census_original.relationship, census_original.native_country, census_original.capital_loss, census_original.education_num FROM census_original  WHERE census_original.relationship != 'NULL' AND census_original.native_country = 'sample' ORDER BY census_original.education_num LIMIT 100;"
2025-07-01T00:06:08.200000,SELECT census_original.relationship FROM census_original  WHERE census_original.relationship != 'NULL' ORDER BY census_original.relationship LIMIT 100;
2025-07-01T00:06:08.400000,"SELECT census_original.relationship, census_original.native_country, census_original.capital_loss, census_original.education_num FROM census_original  WHERE census_original.relationship != 'NULL' AND census_original.native_country = 'sample' ORDER BY census_original.education_num LIMIT 100;"
2025-07-01T00:06:08.600000,"SELECT census_original.relationship, census_original.hours_per_week FROM census_original  WHERE census_original.marital_status = 'NULL' AND census_original.education_num > 14.3 AND census_original.relationship != 'NULL' AND census_original.occupation LIKE 'sample' ORDER BY census_original.hours_per_week LIMIT 100;"
2025-07-01T00:06:08.800000,"SELECT census_original.hours_per_week, census_original.workclass FROM census_original  WHERE census_original.education_num < 12.73 AND census_original.native_country LIKE 'sample' AND census_original.relationship = 'NULL' AND census_original.hours_per_week > 85.2 ORDER BY census_original.hours_per_week LIMIT 100;"
2025-07-01T00:06:09.000000,"SELECT census_original.hours_per_week, census_original.workclass FROM census_original  WHERE census_original.education_num < 39.86 AND census_original.native_country LIKE 'sample' AND census_original.relationship = 'NULL' AND census_original.hours_per_week > 8.92 ORDER BY census_original.hours_per_week LIMIT 100;"
2025-07-01T00:06:09.200000,"SELECT census_original.capital_gain, census_original.age, census_original.workclass, census_original.capital_loss FROM census_original  WHERE census_original.education = 'sample' AND census_original.capital_loss < 60.37 AND census_original.occupation = 'sample' ORDER BY census_original.workclass LIMIT 100;"
2025-07-01T00:06:09.400000,SELECT census_original.relationship FROM census_original  WHERE census_original.relationship != 'NULL' ORDER BY census_original.relationship LIMIT 100;
2025-07-01T00:06:09.600000,"SELECT census_original.relationship, census_original.hours_per_week FROM census_original  WHERE census_original.marital_status = 'NULL' AND census_original.education_num > 83.79 AND census_original.relationship != 'NULL' AND census_original.occupation LIKE 'sample' ORDER BY census_original.hours_per_week LIMIT 100;"
2025-07-01T00:06:09.800000,"SELECT census_original.relationship, census_original.native_country, census_original.capital_loss, census_original.education_num FROM census_original  WHERE census_original.relationship != 'NULL' AND census_original.native_country = 'sample' ORDER BY census_original.education_num LIMIT 100;"
2025-07-01T00:06:10.000000,"SELECT census_original.relationship, census_original.native_country, census_original.capital_loss, census_original.education_num FROM census_original  WHERE census_original.relationship != 'NULL' AND census_original.native_country = 'sample' ORDER BY census_original.education_num LIMIT 100;"
2025-07-01T00:06:10.200000,"SELECT census_original.relationship, census_original.native_country, census_original.capital_loss, census_original.education_num FROM census_original  WHERE census_original.relationship != 'NULL' AND census_original.native_country = 'sample' ORDER BY census_original.education_num LIMIT 100;"
2025-07-01T00:06:10.400000,SELECT census_original.relationship FROM census_original  WHERE census_original.relationship != 'NULL' ORDER BY census_original.relationship LIMIT 100;
2025-07-01T00:06:10.600000,SELECT census_original.relationship FROM census_original  WHERE census_original.relationship != 'NULL' ORDER BY census_original.relationship LIMIT 100;
2025-07-01T00:06:10.800000,"SELECT census_original.relationship, census_original.native_country, census_original.capital_loss, census_original.education_num FROM census_original  WHERE census_original.relationship != 'NULL' AND census_original.native_country = 'sample' ORDER BY census_original.education_num LIMIT 100;"
2025-07-01T00:06:11.000000,"SELECT census_original.hours_per_week, census_original.workclass FROM census_original  WHERE census_original.education_num < 30.07 AND census_original.native_country LIKE 'sample' AND census_original.relationship = 'NULL' AND census_original.hours_per_week > 66.53 ORDER BY census_original.hours_per_week LIMIT 100;"
2025-07-01T00:06:11.200000,"SELECT census_original.relationship, census_original.native_country, census_original.capital_loss, census_original.education_num FROM census_original  WHERE census_original.relationship != 'NULL' AND census_original.native_country = 'sample' ORDER BY census_original.education_num LIMIT 100;"
2025-07-01T00:06:11.400000,"SELECT census_original.relationship, census_original.native_country, census_original.capital_loss, census_original.education_num FROM census_original  WHERE census_original.relationship != 'NULL' AND census_original.native_country = 'sample' ORDER BY census_original.education_num LIMIT 100;"
2025-07-01T00:06:11.600000,SELECT census_original.relationship FROM census_original  WHERE census_original.relationship != 'NULL' ORDER BY census_original.relationship LIMIT 100;
2025-07-01T00:06:11.800000,"SELECT census_original.capital_gain, census_original.age, census_original.workclass, census_original.capital_loss FROM census_original  WHERE census_original.education = 'sample' AND census_original.capital_loss < 26.49 AND census_original.occupation = 'sample' ORDER BY census_original.workclass LIMIT 100;"
2025-07-01T00:06:12.000000,SELECT census_original.relationship FROM census_original  WHERE census_original.relationship != 'NULL' ORDER BY census_original.relationship LIMIT 100;
2025-07-01T00:06:12.200000,"SELECT census_original.relationship, census_original.native_country, census_original.capital_loss, census_original.education_num FROM census_original  WHERE census_original.relationship != 'NULL' AND census_original.native_country = 'sample' ORDER BY census_original.education_num LIMIT 100;"
2025-07-01T00:06:12.400000,"SELECT census_original.hours_per_week, census_original.workclass FROM census_original  WHERE census_original.education_num < 17.42 AND census_original.native_country LIKE 'sample' AND census_original.relationship = 'NULL' AND census_original.hours_per_week > 83.79 ORDER BY census_original.hours_per_week LIMIT 100;"
2025-07-01T00:06:12.600000,"SELECT census_original.relationship, census_original.hours_per_week FROM census_original  WHERE census_original.marital_status = 'NULL' AND census_original.education_num > 34.85 AND census_original.relationship != 'NULL' AND census_original.occupation LIKE 'sample' ORDER BY census_original.hours_per_week LIMIT 100;"
2025-07-01T00:06:12.800000,"SELECT census_original.relationship, census_original.native_country, census_original.capital_loss, census_original.education_num FROM census_original  WHERE census_original.relationship != 'NULL' AND census_original.native_country = 'sample' ORDER BY census_original.education_num LIMIT 100;"
2025-07-01T00:06:13.000000,"SELECT census_original.relationship, census_original.native_country, census_original.capital_loss, census_original.education_num FROM census_original  WHERE census_original.relationship != 'NULL' AND census_original.native_country = 'sample' ORDER BY census_original.education_num LIMIT 100;"
2025-07-01T00:06:13.200000,"SELECT census_original.capital_gain, census_original.age, census_original.workclass, census_original.capital_loss FROM census_original  WHERE census_original.education = 'sample' AND census_original.capital_loss < 26.07 AND census_original.occupation = 'sample' ORDER BY census_original.workclass LIMIT 100;"
2025-07-01T00:06:13.400000,"SELECT census_original.relationship, census_original.hours_per_week FROM census_original  WHERE census_original.marital_status = 'NULL' AND census_original.education_num > 90.43 AND census_original.relationship != 'NULL' AND census_original.occupation LIKE 'sample' ORDER BY census_original.hours_per_week LIMIT 100;"
2025-07-01T00:06:13.600000,"SELECT census_original.relationship, census_original.native_country, census_original.capital_loss, census_original.education_num FROM census_original  WHERE census_original.relationship != 'NULL' AND census_original.native_country = 'sample' ORDER BY census_original.education_num LIMIT 100;"
2025-07-01T00:06:13.800000,SELECT census_original.relationship FROM census_original  WHERE census_original.relationship != 'NULL' ORDER BY census_original.relationship LIMIT 100;
2025-07-01T00:06:14.000000,"SELECT census_original.relationship, census_original.native_country, census_original.capital_loss, census_original.education_num FROM census_original  WHERE census_original.relationship != 'NULL' AND census_original.native_country = 'sample' ORDER BY census_original.education_num LIMIT 100;"
2025-07-01T00:06:14.200000,"SELECT census_original.relationship, census_original.hours_per_week FROM census_original  WHERE census_original.marital_status = 'NULL' AND census_original.education_num > 54.08 AND census_original.relationship != 'NULL' AND census_original.occupation LIKE 'sample' ORDER BY census_original.hours_per_week LIMIT 100;"
2025-07-01T00:06:14.400000,"SELECT census_original.relationship, census_original.native_country, census_original.capital_loss, census_original.education_num FROM census_original  WHERE census_original.relationship != 'NULL' AND census_original.native_country = 'sample' ORDER BY census_original.education_num LIMIT 100;"
2025-07-01T00:06:14.600000,SELECT census_original.relationship FROM census_original  WHERE census_original.relationship != 'NULL' ORDER BY census_original.relationship LIMIT 100;
2025-07-01T00:06:14.800000,"SELECT census_original.relationship, census_original.native_country, census_original.capital_loss, census_original.education_num FROM census_original  WHERE census_original.relationship != 'NULL' AND census_original.native_country = 'sample' ORDER BY census_original.education_num LIMIT 100;"
2025-07-01T00:06:15.000000,SELECT census_original.relationship FROM census_original  WHERE census_original.relationship != 'NULL' ORDER BY census_original.relationship LIMIT 100;
2025-07-01T00:06:15.200000,SELECT census_original.relationship FROM census_original  WHERE census_original.relationship != 'NULL' ORDER BY census_original.relationship LIMIT 100;
2025-07-01T00:06:15.400000,SELECT census_original.relationship FROM census_original  WHERE census_original.relationship != 'NULL' ORDER BY census_original.relationship LIMIT 100;
2025-07-01T00:06:15.600000,"SELECT census_original.hours_per_week, census_original.workclass FROM census_original  WHERE census_original.education_num < 4.57 AND census_original.native_country LIKE 'sample' AND census_original.relationship = 'NULL' AND census_original.hours_per_week > 42.42 ORDER BY census_original.hours_per_week LIMIT 100;"
2025-07-01T00:06:15.800000,"SELECT census_original.capital_gain, census_original.age, census_original.workclass, census_original.capital_loss FROM census_original  WHERE census_original.education = 'sample' AND census_original.capital_loss < 76.72 AND census_original.occupation = 'sample' ORDER BY census_original.workclass LIMIT 100;"
2025-07-01T00:06:16.000000,"SELECT census_original.hours_per_week, census_original.workclass FROM census_original  WHERE census_original.education_num < 83.39 AND census_original.native_country LIKE 'sample' AND census_original.relationship = 'NULL' AND census_original.hours_per_week > 80.67 ORDER BY census_original.hours_per_week LIMIT 100;"
2025-07-01T00:06:16.200000,SELECT census_original.relationship FROM census_original  WHERE census_original.relationship != 'NULL' ORDER BY census_original.relationship LIMIT 100;
2025-07-01T00:06:16.400000,SELECT census_original.relationship FROM census_original  WHERE census_original.relationship != 'NULL' ORDER BY census_original.relationship LIMIT 100;
2025-07-01T00:06:16.600000,"SELECT census_original.relationship, census_original.hours_per_week FROM census_original  WHERE census_original.marital_status = 'NULL' AND census_original.education_num > 43.86 AND census_original.relationship != 'NULL' AND census_original.occupation LIKE 'sample' ORDER BY census_original.hours_per_week LIMIT 100;"
2025-07-01T00:06:16.800000,SELECT census_original.relationship FROM census_original  WHERE census_original.relationship != 'NULL' ORDER BY census_original.relationship LIMIT 100;
2025-07-01T00:06:17.000000,"SELECT census_original.capital_gain, census_original.age, census_original.workclass, census_original.capital_loss FROM census_original  WHERE census_original.education = 'sample' AND census_original.capital_loss < 2.96 AND census_original.occupation = 'sample' ORDER BY census_original.workclass LIMIT 100;"
2025-07-01T00:06:17.200000,"SELECT census_original.relationship, census_original.hours_per_week FROM census_original  WHERE census_original.marital_status = 'NULL' AND census_original.education_num > 46.62 AND census_original.relationship != 'NULL' AND census_original.occupation LIKE 'sample' ORDER BY census_original.hours_per_week LIMIT 100;"
2025-07-01T00:06:17.400000,"SELECT census_original.relationship, census_original.native_country, census_original.capital_loss, census_original.education_num FROM census_original  WHERE census_original.relationship != 'NULL' AND census_original.native_country = 'sample' ORDER BY census_original.education_num LIMIT 100;"
2025-07-01T00:06:17.600000,"SELECT census_original.capital_gain, census_original.age, census_original.workclass, census_original.capital_loss FROM census_original  WHERE census_original.education = 'sample' AND census_original.capital_loss < 65.7 AND census_original.occupation = 'sample' ORDER BY census_original.workclass LIMIT 100;"
2025-07-01T00:06:17.800000,"SELECT census_original.relationship, census_original.native_country, census_original.capital_loss, census_original.education_num FROM census_original  WHERE census_original.relationship != 'NULL' AND census_original.native_country = 'sample' ORDER BY census_original.education_num LIMIT 100;"
2025-07-01T00:06:18.000000,SELECT census_original.relationship FROM census_original  WHERE census_original.relationship != 'NULL' ORDER BY census_original.relationship LIMIT 100;
2025-07-01T00:06:18.200000,SELECT census_original.relationship FROM census_original  WHERE census_original.relationship != 'NULL' ORDER BY census_original.relationship LIMIT 100;
2025-07-01T00:06:18.400000,"SELECT census_original.relationship, census_original.hours_per_week FROM census_original  WHERE census_original.marital_status = 'NULL' AND census_original.education_num > 29.17 AND census_original.relationship != 'NULL' AND census_original.occupation LIKE 'sample' ORDER BY census_original.hours_per_week LIMIT 100;"
2025-07-01T00:06:18.600000,"SELECT census_original.relationship, census_original.hours_per_week FROM census_original  WHERE census_original.marital_status = 'NULL' AND census_original.education_num > 96.02 AND census_original.relationship != 'NULL' AND census_original.occupation LIKE 'sample' ORDER BY census_original.hours_per_week LIMIT 100;"
2025-07-01T00:06:18.800000,"SELECT census_original.hours_per_week, census_original.workclass FROM census_original  WHERE census_original.education_num < 14.6 AND census_original.native_country LIKE 'sample' AND census_original.relationship = 'NULL' AND census_original.hours_per_week > 95.93 ORDER BY census_original.hours_per_week LIMIT 100;"
2025-07-01T00:06:19.000000,"SELECT census_original.hours_per_week, census_original.workclass FROM census_original  WHERE census_original.education_num < 56.93 AND census_original.native_country LIKE 'sample' AND census_original.relationship = 'NULL' AND census_original.hours_per_week > 57.67 ORDER BY census_original.hours_per_week LIMIT 100;"
2025-07-01T00:06:19.200000,"SELECT census_original.relationship, census_original.hours_per_week FROM census_original  WHERE census_original.marital_status = 'NULL' AND census_original.education_num > 46.06 AND census_original.relationship != 'NULL' AND census_original.occupation LIKE 'sample' ORDER BY census_original.hours_per_week LIMIT 100;"
2025-07-01T00:06:19.400000,"SELECT census_original.relationship, census_original.hours_per_week FROM census_original  WHERE census_original.marital_status = 'NULL' AND census_original.education_num > 2.8 AND census_original.relationship != 'NULL' AND census_original.occupation LIKE 'sample' ORDER BY census_original.hours_per_week LIMIT 100;"
2025-07-01T00:06:19.600000,SELECT census_original.relationship FROM census_original  WHERE census_original.relationship != 'NULL' ORDER BY census_original.relationship LIMIT 100;
2025-07-01T00:06:19.800000,"SELECT census_original.capital_gain, census_original.age, census_original.workclass, census_original.capital_loss FROM census_original  WHERE census_original.education = 'sample' AND census_original.capital_loss < 21.47 AND census_original.occupation = 'sample' ORDER BY census_original.workclass LIMIT 100;"
2025-07-01T00:06:20.000000,"SELECT census_original.capital_gain, census_original.age, census_original.workclass, census_original.capital_loss FROM census_original  WHERE census_original.education = 'sample' AND census_original.capital_loss < 12.78 AND census_original.occupation = 'sample' ORDER BY census_original.workclass LIMIT 100;"
2025-07-01T00:06:20.200000,SELECT census_original.relationship FROM census_original  WHERE census_original.relationship != 'NULL' ORDER BY census_original.relationship LIMIT 100;
2025-07-01T00:06:20.400000,"SELECT census_original.hours_per_week, census_original.workclass FROM census_original  WHERE census_original.education_num < 31.45 AND census_original.native_country LIKE 'sample' AND census_original.relationship = 'NULL' AND census_original.hours_per_week > 60.25 ORDER BY census_original.hours_per_week LIMIT 100;"
2025-07-01T00:06:20.600000,"SELECT census_original.relationship, census_original.hours_per_week FROM census_original  WHERE census_original.marital_status = 'NULL' AND census_original.education_num > 48.27 AND census_original.relationship != 'NULL' AND census_original.occupation LIKE 'sample' ORDER BY census_original.hours_per_week LIMIT 100;"
2025-07-01T00:06:20.800000,"SELECT census_original.relationship, census_original.native_country, census_original.capital_loss, census_original.education_num FROM census_original  WHERE census_original.relationship != 'NULL' AND census_original.native_country = 'sample' ORDER BY census_original.education_num LIMIT 100;"
2025-07-01T00:06:21.000000,"SELECT census_original.relationship, census_original.hours_per_week FROM census_original  WHERE census_original.marital_status = 'NULL' AND census_original.education_num > 57.91 AND census_original.relationship != 'NULL' AND census_original.occupation LIKE 'sample' ORDER BY census_original.hours_per_week LIMIT 100;"
2025-07-01T00:06:21.200000,"SELECT census_original.hours_per_week, census_original.workclass FROM census_original  WHERE census_original.education_num < 52.85 AND census_original.native_country LIKE 'sample' AND census_original.relationship = 'NULL' AND census_original.hours_per_week > 11.07 ORDER BY census_original.hours_per_week LIMIT 100;"
2025-07-01T00:06:21.400000,SELECT census_original.relationship FROM census_original  WHERE census_original.relationship != 'NULL' ORDER BY census_original.relationship LIMIT 100;
2025-07-01T00:06:21.600000,"SELECT census_original.relationship, census_original.native_country, census_original.capital_loss, census_original.education_num FROM census_original  WHERE census_original.relationship != 'NULL' AND census_original.native_country = 'sample' ORDER BY census_original.education_num LIMIT 100;"
2025-07-01T00:06:21.800000,"SELECT census_original.hours_per_week, census_original.workclass FROM census_original  WHERE census_original.education_num < 2.45 AND census_original.native_country LIKE 'sample' AND census_original.relationship = 'NULL' AND census_original.hours_per_week > 82.89 ORDER BY census_original.hours_per_week LIMIT 100;"
2025-07-01T00:06:22.000000,"SELECT census_original.relationship, census_original.native_country, census_original.capital_loss, census_original.education_num FROM census_original  WHERE census_original.relationship != 'NULL' AND census_original.native_country = 'sample' ORDER BY census_original.education_num LIMIT 100;"
2025-07-01T00:06:22.200000,"SELECT census_original.hours_per_week, census_original.workclass FROM census_original  WHERE census_original.education_num < 59.42 AND census_original.native_country LIKE 'sample' AND census_original.relationship = 'NULL' AND census_original.hours_per_week > 10.41 ORDER BY census_original.hours_per_week LIMIT 100;"
2025-07-01T00:06:22.400000,"SELECT census_original.relationship, census_original.native_country, census_original.capital_loss, census_original.education_num FROM census_original  WHERE census_original.relationship != 'NULL' AND census_original.native_country = 'sample' ORDER BY census_original.education_num LIMIT 100;"
2025-07-01T00:06:22.600000,"SELECT census_original.relationship, census_original.hours_per_week FROM census_original  WHERE census_original.marital_status = 'NULL' AND census_original.education_num > 29.04 AND census_original.relationship != 'NULL' AND census_original.occupation LIKE 'sample' ORDER BY census_original.hours_per_week LIMIT 100;"
2025-07-01T00:06:22.800000,"SELECT census_original.relationship, census_original.native_country, census_original.capital_loss, census_original.education_num FROM census_original  WHERE census_original.relationship != 'NULL' AND census_original.native_country = 'sample' ORDER BY census_original.education_num LIMIT 100;"
2025-07-01T00:06:23.000000,"SELECT census_original.capital_gain, census_original.age, census_original.workclass, census_original.capital_loss FROM census_original  WHERE census_original.education = 'sample' AND census_original.capital_loss < 25.99 AND census_original.occupation = 'sample' ORDER BY census_original.workclass LIMIT 100;"
2025-07-01T00:06:23.200000,"SELECT census_original.hours_per_week, census_original.workclass FROM census_original  WHERE census_original.education_num < 22.24 AND census_original.native_country LIKE 'sample' AND census_original.relationship = 'NULL' AND census_original.hours_per_week > 41.44 ORDER BY census_original.hours_per_week LIMIT 100;"
2025-07-01T00:06:23.400000,"SELECT census_original.hours_per_week, census_original.workclass FROM census_original  WHERE census_original.education_num < 78.49 AND census_original.native_country LIKE 'sample' AND census_original.relationship = 'NULL' AND census_original.hours_per_week > 9.19 ORDER BY census_original.hours_per_week LIMIT 100;"
2025-07-01T00:06:23.600000,"SELECT census_original.relationship, census_original.hours_per_week FROM census_original  WHERE census_original.marital_status = 'NULL' AND census_original.education_num > 2.75 AND census_original.relationship != 'NULL' AND census_original.occupation LIKE 'sample' ORDER BY census_original.hours_per_week LIMIT 100;"
2025-07-01T00:06:23.800000,SELECT census_original.relationship FROM census_original  WHERE census_original.relationship != 'NULL' ORDER BY census_original.relationship LIMIT 100;
2025-07-01T00:06:24.000000,"SELECT census_original.relationship, census_original.hours_per_week FROM census_original  WHERE census_original.marital_status = 'NULL' AND census_original.education_num > 86.81 AND census_original.relationship != 'NULL' AND census_original.occupation LIKE 'sample' ORDER BY census_original.hours_per_week LIMIT 100;"
2025-07-01T00:06:24.200000,"SELECT census_original.hours_per_week, census_original.workclass FROM census_original  WHERE census_original.education_num < 16.18 AND census_original.native_country LIKE 'sample' AND census_original.relationship = 'NULL' AND census_original.hours_per_week > 18.75 ORDER BY census_original.hours_per_week LIMIT 100;"
2025-07-01T00:06:24.400000,"SELECT census_original.relationship, census_original.native_country, census_original.capital_loss, census_original.education_num FROM census_original  WHERE census_original.relationship != 'NULL' AND census_original.native_country = 'sample' ORDER BY census_original.education_num LIMIT 100;"
2025-07-01T00:06:24.600000,"SELECT census_original.capital_gain, census_original.age, census_original.workclass, census_original.capital_loss FROM census_original  WHERE census_original.education = 'sample' AND census_original.capital_loss < 17.19 AND census_original.occupation = 'sample' ORDER BY census_original.workclass LIMIT 100;"
2025-07-01T00:06:24.800000,"SELECT census_original.relationship, census_original.native_country, census_original.capital_loss, census_original.education_num FROM census_original  WHERE census_original.relationship != 'NULL' AND census_original.native_country = 'sample' ORDER BY census_original.education_num LIMIT 100;"
2025-07-01T00:06:25.000000,"SELECT census_original.hours_per_week, census_original.workclass FROM census_original  WHERE census_original.education_num < 65.27 AND census_original.native_country LIKE 'sample' AND census_original.relationship = 'NULL' AND census_original.hours_per_week > 94.12 ORDER BY census_original.hours_per_week LIMIT 100;"
2025-07-01T00:06:25.200000,"SELECT census_original.capital_gain, census_original.age, census_original.workclass, census_original.capital_loss FROM census_original  WHERE census_original.education = 'sample' AND census_original.capital_loss < 41.08 AND census_original.occupation = 'sample' ORDER BY census_original.workclass LIMIT 100;"
2025-07-01T00:06:25.400000,"SELECT census_original.hours_per_week, census_original.workclass FROM census_original  WHERE census_original.education_num < 59.24 AND census_original.native_country LIKE 'sample' AND census_original.relationship = 'NULL' AND census_original.hours_per_week > 32.39 ORDER BY census_original.hours_per_week LIMIT 100;"
2025-07-01T00:06:25.600000,"SELECT census_original.capital_gain, census_original.age, census_original.workclass, census_original.capital_loss FROM census_original  WHERE census_original.education = 'sample' AND census_original.capital_loss < 46.19 AND census_original.occupation = 'sample' ORDER BY census_original.workclass LIMIT 100;"
2025-07-01T00:06:25.800000,"SELECT census_original.relationship, census_original.hours_per_week FROM census_original  WHERE census_original.marital_status = 'NULL' AND census_original.education_num > 7.49 AND census_original.relationship != 'NULL' AND census_original.occupation LIKE 'sample' ORDER BY census_original.hours_per_week LIMIT 100;"
2025-07-01T00:06:26.000000,"SELECT census_original.relationship, census_original.hours_per_week FROM census_original  WHERE census_original.marital_status = 'NULL' AND census_original.education_num > 61.27 AND census_original.relationship != 'NULL' AND census_original.occupation LIKE 'sample' ORDER BY census_original.hours_per_week LIMIT 100;"
2025-07-01T00:06:26.200000,SELECT census_original.relationship FROM census_original  WHERE census_original.relationship != 'NULL' ORDER BY census_original.relationship LIMIT 100;
2025-07-01T00:06:26.400000,"SELECT census_original.relationship, census_original.hours_per_week FROM census_original  WHERE census_original.marital_status = 'NULL' AND census_original.education_num > 88.77 AND census_original.relationship != 'NULL' AND census_original.occupation LIKE 'sample' ORDER BY census_original.hours_per_week LIMIT 100;"
2025-07-01T00:06:26.600000,"SELECT census_original.capital_gain, census_original.age, census_original.workclass, census_original.capital_loss FROM census_original  WHERE census_original.education = 'sample' AND census_original.capital_loss < 37.27 AND census_original.occupation = 'sample' ORDER BY census_original.workclass LIMIT 100;"
2025-07-01T00:06:26.800000,"SELECT census_original.hours_per_week, census_original.workclass FROM census_original  WHERE census_original.education_num < 78.17 AND census_original.native_country LIKE 'sample' AND census_original.relationship = 'NULL' AND census_original.hours_per_week > 64.61 ORDER BY census_original.hours_per_week LIMIT 100;"
2025-07-01T00:06:27.000000,"SELECT census_original.relationship, census_original.hours_per_week FROM census_original  WHERE census_original.marital_status = 'NULL' AND census_original.education_num > 80.94 AND census_original.relationship != 'NULL' AND census_original.occupation LIKE 'sample' ORDER BY census_original.hours_per_week LIMIT 100;"
2025-07-01T00:06:27.200000,SELECT census_original.relationship FROM census_original  WHERE census_original.relationship != 'NULL' ORDER BY census_original.relationship LIMIT 100;
2025-07-01T00:06:27.400000,"SELECT census_original.capital_gain, census_original.age, census_original.workclass, census_original.capital_loss FROM census_original  WHERE census_original.education = 'sample' AND census_original.capital_loss < 29.07 AND census_original.occupation = 'sample' ORDER BY census_original.workclass LIMIT 100;"
2025-07-01T00:06:27.600000,SELECT census_original.relationship FROM census_original  WHERE census_original.relationship != 'NULL' ORDER BY census_original.relationship LIMIT 100;
2025-07-01T00:06:27.800000,"SELECT census_original.relationship, census_original.hours_per_week FROM census_original  WHERE census_original.marital_status = 'NULL' AND census_original.education_num > 82.44 AND census_original.relationship != 'NULL' AND census_original.occupation LIKE 'sample' ORDER BY census_original.hours_per_week LIMIT 100;"
2025-07-01T00:06:28.000000,"SELECT census_original.hours_per_week, census_original.workclass FROM census_original  WHERE census_original.education_num < 58.83 AND census_original.native_country LIKE 'sample' AND census_original.relationship = 'NULL' AND census_original.hours_per_week > 65.33 ORDER BY census_original.hours_per_week LIMIT 100;"
2025-07-01T00:06:28.200000,SELECT census_original.relationship FROM census_original  WHERE census_original.relationship != 'NULL' ORDER BY census_original.relationship LIMIT 100;
2025-07-01T00:06:28.400000,"SELECT census_original.hours_per_week, census_original.workclass FROM census_original  WHERE census_original.education_num < 76.09 AND census_original.native_country LIKE 'sample' AND census_original.relationship = 'NULL' AND census_original.hours_per_week > 72.23 ORDER BY census_original.hours_per_week LIMIT 100;"
2025-07-01T00:06:28.600000,SELECT census_original.relationship FROM census_original  WHERE census_original.relationship != 'NULL' ORDER BY census_original.relationship LIMIT 100;
2025-07-01T00:06:28.800000,"SELECT census_original.hours_per_week, census_original.workclass FROM census_original  WHERE census_original.education_num < 14.89 AND census_original.native_country LIKE 'sample' AND census_original.relationship = 'NULL' AND census_original.hours_per_week > 42.49 ORDER BY census_original.hours_per_week LIMIT 100;"
2025-07-01T00:06:29.000000,SELECT census_original.relationship FROM census_original  WHERE census_original.relationship != 'NULL' ORDER BY census_original.relationship LIMIT 100;
2025-07-01T00:06:29.200000,"SELECT census_original.hours_per_week, census_original.workclass FROM census_original  WHERE census_original.education_num < 15.16 AND census_original.native_country LIKE 'sample' AND census_original.relationship = 'NULL' AND census_original.hours_per_week > 77.9 ORDER BY census_original.hours_per_week LIMIT 100;"
2025-07-01T00:06:29.400000,"SELECT census_original.relationship, census_original.native_country, census_original.capital_loss, census_original.education_num FROM census_original  WHERE census_original.relationship != 'NULL' AND census_original.native_country = 'sample' ORDER BY census_original.education_num LIMIT 100;"
2025-07-01T00:06:29.600000,"SELECT census_original.capital_gain, census_original.age, census_original.workclass, census_original.capital_loss FROM census_original  WHERE census_original.education = 'sample' AND census_original.capital_loss < 88.6 AND census_original.occupation = 'sample' ORDER BY census_original.workclass LIMIT 100;"
2025-07-01T00:06:29.800000,"SELECT census_original.relationship, census_original.native_country, census_original.capital_loss, census_original.education_num FROM census_original  WHERE census_original.relationship != 'NULL' AND census_original.native_country = 'sample' ORDER BY census_original.education_num LIMIT 100;"
2025-07-01T00:06:30.000000,"SELECT census_original.hours_per_week, census_original.workclass FROM census_original  WHERE census_original.education_num < 30.39 AND census_original.native_country LIKE 'sample' AND census_original.relationship = 'NULL' AND census_original.hours_per_week > 94.94 ORDER BY census_original.hours_per_week LIMIT 100;"
2025-07-01T00:06:30.200000,"SELECT census_original.capital_gain, census_original.age, census_original.workclass, census_original.capital_loss FROM census_original  WHERE census_original.education = 'sample' AND census_original.capital_loss < 1.74 AND census_original.occupation = 'sample' ORDER BY census_original.workclass LIMIT 100;"
2025-07-01T00:06:30.400000,SELECT census_original.relationship FROM census_original  WHERE census_original.relationship != 'NULL' ORDER BY census_original.relationship LIMIT 100;
2025-07-01T00:06:30.600000,"SELECT census_original.capital_gain, census_original.age, census_original.workclass, census_original.capital_loss FROM census_original  WHERE census_original.education = 'sample' AND census_original.capital_loss < 63.59 AND census_original.occupation = 'sample' ORDER BY census_original.workclass LIMIT 100;"
2025-07-01T00:06:30.800000,SELECT census_original.relationship FROM census_original  WHERE census_original.relationship != 'NULL' ORDER BY census_original.relationship LIMIT 100;
2025-07-01T00:06:31.000000,"SELECT census_original.capital_gain, census_original.age, census_original.workclass, census_original.capital_loss FROM census_original  WHERE census_original.education = 'sample' AND census_original.capital_loss < 65.62 AND census_original.occupation = 'sample' ORDER BY census_original.workclass LIMIT 100;"
2025-07-01T00:06:31.200000,"SELECT census_original.capital_gain, census_original.age, census_original.workclass, census_original.capital_loss FROM census_original  WHERE census_original.education = 'sample' AND census_original.capital_loss < 87.63 AND census_original.occupation = 'sample' ORDER BY census_original.workclass LIMIT 100;"
2025-07-01T00:06:31.400000,"SELECT census_original.relationship, census_original.native_country, census_original.capital_loss, census_original.education_num FROM census_original  WHERE census_original.relationship != 'NULL' AND census_original.native_country = 'sample' ORDER BY census_original.education_num LIMIT 100;"
2025-07-01T00:06:31.600000,"SELECT census_original.hours_per_week, census_original.workclass FROM census_original  WHERE census_original.education_num < 5.12 AND census_original.native_country LIKE 'sample' AND census_original.relationship = 'NULL' AND census_original.hours_per_week > 49.91 ORDER BY census_original.hours_per_week LIMIT 100;"
2025-07-01T00:06:31.800000,"SELECT census_original.capital_gain, census_original.age, census_original.workclass, census_original.capital_loss FROM census_original  WHERE census_original.education = 'sample' AND census_original.capital_loss < 44.2 AND census_original.occupation = 'sample' ORDER BY census_original.workclass LIMIT 100;"
2025-07-01T00:06:32.000000,"SELECT census_original.relationship, census_original.hours_per_week FROM census_original  WHERE census_original.marital_status = 'NULL' AND census_original.education_num > 30.6 AND census_original.relationship != 'NULL' AND census_original.occupation LIKE 'sample' ORDER BY census_original.hours_per_week LIMIT 100;"
2025-07-01T00:06:32.200000,"SELECT census_original.relationship, census_original.native_country, census_original.capital_loss, census_original.education_num FROM census_original  WHERE census_original.relationship != 'NULL' AND census_original.native_country = 'sample' ORDER BY census_original.education_num LIMIT 100;"
2025-07-01T00:06:32.400000,"SELECT census_original.relationship, census_original.native_country, census_original.capital_loss, census_original.education_num FROM census_original  WHERE census_original.relationship != 'NULL' AND census_original.native_country = 'sample' ORDER BY census_original.education_num LIMIT 100;"
2025-07-01T00:06:32.600000,"SELECT census_original.capital_gain, census_original.age, census_original.workclass, census_original.capital_loss FROM census_original  WHERE census_original.education = 'sample' AND census_original.capital_loss < 74.75 AND census_original.occupation = 'sample' ORDER BY census_original.workclass LIMIT 100;"
2025-07-01T00:06:32.800000,"SELECT census_original.hours_per_week, census_original.workclass FROM census_original  WHERE census_original.education_num < 59.5 AND census_original.native_country LIKE 'sample' AND census_original.relationship = 'NULL' AND census_original.hours_per_week > 3.26 ORDER BY census_original.hours_per_week LIMIT 100;"
2025-07-01T00:06:33.000000,"SELECT census_original.relationship, census_original.native_country, census_original.capital_loss, census_original.education_num FROM census_original  WHERE census_original.relationship != 'NULL' AND census_original.native_country = 'sample' ORDER BY census_original.education_num LIMIT 100;"
2025-07-01T00:06:33.200000,"SELECT census_original.capital_gain, census_original.age, census_original.workclass, census_original.capital_loss FROM census_original  WHERE census_original.education = 'sample' AND census_original.capital_loss < 30.31 AND census_original.occupation = 'sample' ORDER BY census_original.workclass LIMIT 100;"
2025-07-01T00:06:33.400000,SELECT census_original.relationship FROM census_original  WHERE census_original.relationship != 'NULL' ORDER BY census_original.relationship LIMIT 100;
2025-07-01T00:06:33.600000,"SELECT census_original.relationship, census_original.native_country, census_original.capital_loss, census_original.education_num FROM census_original  WHERE census_original.relationship != 'NULL' AND census_original.native_country = 'sample' ORDER BY census_original.education_num LIMIT 100;"
2025-07-01T00:06:33.800000,"SELECT census_original.relationship, census_original.native_country, census_original.capital_loss, census_original.education_num FROM census_original  WHERE census_original.relationship != 'NULL' AND census_original.native_country = 'sample' ORDER BY census_original.education_num LIMIT 100;"
2025-07-01T00:06:34.000000,"SELECT census_original.relationship, census_original.native_country, census_original.capital_loss, census_original.education_num FROM census_original  WHERE census_original.relationship != 'NULL' AND census_original.native_country = 'sample' ORDER BY census_original.education_num LIMIT 100;"
2025-07-01T00:06:34.200000,"SELECT census_original.relationship, census_original.hours_per_week FROM census_original  WHERE census_original.marital_status = 'NULL' AND census_original.education_num > 77.96 AND census_original.relationship != 'NULL' AND census_original.occupation LIKE 'sample' ORDER BY census_original.hours_per_week LIMIT 100;"
2025-07-01T00:06:34.400000,"SELECT census_original.capital_gain, census_original.age, census_original.workclass, census_original.capital_loss FROM census_original  WHERE census_original.education = 'sample' AND census_original.capital_loss < 77.46 AND census_original.occupation = 'sample' ORDER BY census_original.workclass LIMIT 100;"
2025-07-01T00:06:34.600000,"SELECT census_original.relationship, census_original.hours_per_week FROM census_original  WHERE census_original.marital_status = 'NULL' AND census_original.education_num > 95.96 AND census_original.relationship != 'NULL' AND census_original.occupation LIKE 'sample' ORDER BY census_original.hours_per_week LIMIT 100;"
2025-07-01T00:06:34.800000,"SELECT census_original.capital_gain, census_original.age, census_original.workclass, census_original.capital_loss FROM census_original  WHERE census_original.education = 'sample' AND census_original.capital_loss < 30.18 AND census_original.occupation = 'sample' ORDER BY census_original.workclass LIMIT 100;"
2025-07-01T00:06:35.000000,"SELECT census_original.relationship, census_original.hours_per_week FROM census_original  WHERE census_original.marital_status = 'NULL' AND census_original.education_num > 28.05 AND census_original.relationship != 'NULL' AND census_original.occupation LIKE 'sample' ORDER BY census_original.hours_per_week LIMIT 100;"
2025-07-01T00:06:35.200000,"SELECT census_original.capital_gain, census_original.age, census_original.workclass, census_original.capital_loss FROM census_original  WHERE census_original.education = 'sample' AND census_original.capital_loss < 65.6 AND census_original.occupation = 'sample' ORDER BY census_original.workclass LIMIT 100;"
2025-07-01T00:06:35.400000,SELECT census_original.relationship FROM census_original  WHERE census_original.relationship != 'NULL' ORDER BY census_original.relationship LIMIT 100;
2025-07-01T00:06:35.600000,"SELECT census_original.capital_gain, census_original.age, census_original.workclass, census_original.capital_loss FROM census_original  WHERE census_original.education = 'sample' AND census_original.capital_loss < 61.4 AND census_original.occupation = 'sample' ORDER BY census_original.workclass LIMIT 100;"
2025-07-01T00:06:35.800000,SELECT census_original.relationship FROM census_original  WHERE census_original.relationship != 'NULL' ORDER BY census_original.relationship LIMIT 100;
2025-07-01T00:06:36.000000,"SELECT census_original.capital_gain, census_original.age, census_original.workclass, census_original.capital_loss FROM census_original  WHERE census_original.education = 'sample' AND census_original.capital_loss < 34.9 AND census_original.occupation = 'sample' ORDER BY census_original.workclass LIMIT 100;"
2025-07-01T00:06:36.200000,"SELECT census_original.relationship, census_original.native_country, census_original.capital_loss, census_original.education_num FROM census_original  WHERE census_original.relationship != 'NULL' AND census_original.native_country = 'sample' ORDER BY census_original.education_num LIMIT 100;"
2025-07-01T00:06:36.400000,"SELECT census_original.capital_gain, census_original.age, census_original.workclass, census_original.capital_loss FROM census_original  WHERE census_original.education = 'sample' AND census_original.capital_loss < 62.92 AND census_original.occupation = 'sample' ORDER BY census_original.workclass LIMIT 100;"
2025-07-01T00:06:36.600000,"SELECT census_original.relationship, census_original.hours_per_week FROM census_original  WHERE census_original.marital_status = 'NULL' AND census_original.education_num > 67.86 AND census_original.relationship != 'NULL' AND census_original.occupation LIKE 'sample' ORDER BY census_original.hours_per_week LIMIT 100;"
2025-07-01T00:06:36.800000,"SELECT census_original.capital_gain, census_original.age, census_original.workclass, census_original.capital_loss FROM census_original  WHERE census_original.education = 'sample' AND census_original.capital_loss < 68.13 AND census_original.occupation = 'sample' ORDER BY census_original.workclass LIMIT 100;"
2025-07-01T00:06:37.000000,"SELECT census_original.relationship, census_original.hours_per_week FROM census_original  WHERE census_original.marital_status = 'NULL' AND census_original.education_num > 4.55 AND census_original.relationship != 'NULL' AND census_original.occupation LIKE 'sample' ORDER BY census_original.hours_per_week LIMIT 100;"
2025-07-01T00:06:37.200000,"SELECT census_original.hours_per_week, census_original.workclass FROM census_original  WHERE census_original.education_num < 95.88 AND census_original.native_country LIKE 'sample' AND census_original.relationship = 'NULL' AND census_original.hours_per_week > 99.55 ORDER BY census_original.hours_per_week LIMIT 100;"
2025-07-01T00:06:37.400000,"SELECT census_original.relationship, census_original.hours_per_week FROM census_original  WHERE census_original.marital_status = 'NULL' AND census_original.education_num > 40.22 AND census_original.relationship != 'NULL' AND census_original.occupation LIKE 'sample' ORDER BY census_original.hours_per_week LIMIT 100;"
2025-07-01T00:06:37.600000,SELECT census_original.relationship FROM census_original  WHERE census_original.relationship != 'NULL' ORDER BY census_original.relationship LIMIT 100;
2025-07-01T00:06:37.800000,"SELECT census_original.capital_gain, census_original.age, census_original.workclass, census_original.capital_loss FROM census_original  WHERE census_original.education = 'sample' AND census_original.capital_loss < 40.61 AND census_original.occupation = 'sample' ORDER BY census_original.workclass LIMIT 100;"
2025-07-01T00:06:38.000000,"SELECT census_original.hours_per_week, census_original.workclass FROM census_original  WHERE census_original.education_num < 43.78 AND census_original.native_country LIKE 'sample' AND census_original.relationship = 'NULL' AND census_original.hours_per_week > 63.1 ORDER BY census_original.hours_per_week LIMIT 100;"
2025-07-01T00:06:38.200000,"SELECT census_original.hours_per_week, census_original.workclass FROM census_original  WHERE census_original.education_num < 73.75 AND census_original.native_country LIKE 'sample' AND census_original.relationship = 'NULL' AND census_original.hours_per_week > 21.04 ORDER BY census_original.hours_per_week LIMIT 100;"
2025-07-01T00:06:38.400000,"SELECT census_original.relationship, census_original.native_country, census_original.capital_loss, census_original.education_num FROM census_original  WHERE census_original.relationship != 'NULL' AND census_original.native_country = 'sample' ORDER BY census_original.education_num LIMIT 100;"
2025-07-01T00:06:38.600000,SELECT census_original.relationship FROM census_original  WHERE census_original.relationship != 'NULL' ORDER BY census_original.relationship LIMIT 100;
2025-07-01T00:06:38.800000,"SELECT census_original.hours_per_week, census_original.workclass FROM census_original  WHERE census_original.education_num < 16.08 AND census_original.native_country LIKE 'sample' AND census_original.relationship = 'NULL' AND census_original.hours_per_week > 69.94 ORDER BY census_original.hours_per_week LIMIT 100;"
2025-07-01T00:06:39.000000,SELECT census_original.relationship FROM census_original  WHERE census_original.relationship != 'NULL' ORDER BY census_original.relationship LIMIT 100;
2025-07-01T00:06:39.200000,"SELECT census_original.hours_per_week, census_original.workclass FROM census_original  WHERE census_original.education_num < 13.86 AND census_original.native_country LIKE 'sample' AND census_original.relationship = 'NULL' AND census_original.hours_per_week > 48.09 ORDER BY census_original.hours_per_week LIMIT 100;"
2025-07-01T00:06:39.400000,"SELECT census_original.capital_gain, census_original.age, census_original.workclass, census_original.capital_loss FROM census_original  WHERE census_original.education = 'sample' AND census_original.capital_loss < 65.9 AND census_original.occupation = 'sample' ORDER BY census_original.workclass LIMIT 100;"
2025-07-01T00:06:39.600000,"SELECT census_original.relationship, census_original.hours_per_week FROM census_original  WHERE census_original.marital_status = 'NULL' AND census_original.education_num > 40.02 AND census_original.relationship != 'NULL' AND census_original.occupation LIKE 'sample' ORDER BY census_original.hours_per_week LIMIT 100;"
2025-07-01T00:06:39.800000,"SELECT census_original.relationship, census_original.native_country, census_original.capital_loss, census_original.education_num FROM census_original  WHERE census_original.relationship != 'NULL' AND census_original.native_country = 'sample' ORDER BY census_original.education_num LIMIT 100;"
2025-07-01T00:06:40.000000,"SELECT census_original.hours_per_week, census_original.workclass FROM census_original  WHERE census_original.education_num < 66.9 AND census_original.native_country LIKE 'sample' AND census_original.relationship = 'NULL' AND census_original.hours_per_week > 65.36 ORDER BY census_original.hours_per_week LIMIT 100;"
2025-07-01T00:06:40.200000,"SELECT census_original.relationship, census_original.hours_per_week FROM census_original  WHERE census_original.marital_status = 'NULL' AND census_original.education_num > 60.74 AND census_original.relationship != 'NULL' AND census_original.occupation LIKE 'sample' ORDER BY census_original.hours_per_week LIMIT 100;"
2025-07-01T00:06:40.400000,"SELECT census_original.relationship, census_original.hours_per_week FROM census_original  WHERE census_original.marital_status = 'NULL' AND census_original.education_num > 86.68 AND census_original.relationship != 'NULL' AND census_original.occupation LIKE 'sample' ORDER BY census_original.hours_per_week LIMIT 100;"
2025-07-01T00:06:40.600000,"SELECT census_original.hours_per_week, census_original.workclass FROM census_original  WHERE census_original.education_num < 84.51 AND census_original.native_country LIKE 'sample' AND census_original.relationship = 'NULL' AND census_original.hours_per_week > 90.36 ORDER BY census_original.hours_per_week LIMIT 100;"
2025-07-01T00:06:40.800000,"SELECT census_original.capital_gain, census_original.age, census_original.workclass, census_original.capital_loss FROM census_original  WHERE census_original.education = 'sample' AND census_original.capital_loss < 22.7 AND census_original.occupation = 'sample' ORDER BY census_original.workclass LIMIT 100;"
2025-07-01T00:06:41.000000,"SELECT census_original.relationship, census_original.native_country, census_original.capital_loss, census_original.education_num FROM census_original  WHERE census_original.relationship != 'NULL' AND census_original.native_country = 'sample' ORDER BY census_original.education_num LIMIT 100;"
2025-07-01T00:06:41.200000,"SELECT census_original.capital_gain, census_original.age, census_original.workclass, census_original.capital_loss FROM census_original  WHERE census_original.education = 'sample' AND census_original.capital_loss < 22.67 AND census_original.occupation = 'sample' ORDER BY census_original.workclass LIMIT 100;"
2025-07-01T00:06:41.400000,"SELECT census_original.hours_per_week, census_original.workclass FROM census_original  WHERE census_original.education_num < 10.41 AND census_original.native_country LIKE 'sample' AND census_original.relationship = 'NULL' AND census_original.hours_per_week > 72.85 ORDER BY census_original.hours_per_week LIMIT 100;"
2025-07-01T00:06:41.600000,"SELECT census_original.relationship, census_original.native_country, census_original.capital_loss, census_original.education_num FROM census_original  WHERE census_original.relationship != 'NULL' AND census_original.native_country = 'sample' ORDER BY census_original.education_num LIMIT 100;"
2025-07-01T00:06:41.800000,"SELECT census_original.capital_gain, census_original.age, census_original.workclass, census_original.capital_loss FROM census_original  WHERE census_original.education = 'sample' AND census_original.capital_loss < 75.21 AND census_original.occupation = 'sample' ORDER BY census_original.workclass LIMIT 100;"
2025-07-01T00:06:42.000000,"SELECT census_original.relationship, census_original.native_country, census_original.capital_loss, census_original.education_num FROM census_original  WHERE census_original.relationship != 'NULL' AND census_original.native_country = 'sample' ORDER BY census_original.education_num LIMIT 100;"
2025-07-01T00:06:42.200000,"SELECT census_original.relationship, census_original.native_country, census_original.capital_loss, census_original.education_num FROM census_original  WHERE census_original.relationship != 'NULL' AND census_original.native_country = 'sample' ORDER BY census_original.education_num LIMIT 100;"
2025-07-01T00:06:42.400000,"SELECT census_original.relationship, census_original.hours_per_week FROM census_original  WHERE census_original.marital_status = 'NULL' AND census_original.education_num > 55.99 AND census_original.relationship != 'NULL' AND census_original.occupation LIKE 'sample' ORDER BY census_original.hours_per_week LIMIT 100;"
2025-07-01T00:06:42.600000,"SELECT census_original.relationship, census_original.hours_per_week FROM census_original  WHERE census_original.marital_status = 'NULL' AND census_original.education_num > 80.29 AND census_original.relationship != 'NULL' AND census_original.occupation LIKE 'sample' ORDER BY census_original.hours_per_week LIMIT 100;"
2025-07-01T00:06:42.800000,"SELECT census_original.relationship, census_original.hours_per_week FROM census_original  WHERE census_original.marital_status = 'NULL' AND census_original.education_num > 80.01 AND census_original.relationship != 'NULL' AND census_original.occupation LIKE 'sample' ORDER BY census_original.hours_per_week LIMIT 100;"
2025-07-01T00:06:43.000000,"SELECT census_original.capital_gain, census_original.age, census_original.workclass, census_original.capital_loss FROM census_original  WHERE census_original.education = 'sample' AND census_original.capital_loss < 53.61 AND census_original.occupation = 'sample' ORDER BY census_original.workclass LIMIT 100;"
2025-07-01T00:06:43.200000,"SELECT census_original.relationship, census_original.hours_per_week FROM census_original  WHERE census_original.marital_status = 'NULL' AND census_original.education_num > 30.18 AND census_original.relationship != 'NULL' AND census_original.occupation LIKE 'sample' ORDER BY census_original.hours_per_week LIMIT 100;"
2025-07-01T00:06:43.400000,"SELECT census_original.relationship, census_original.hours_per_week FROM census_original  WHERE census_original.marital_status = 'NULL' AND census_original.education_num > 87.51 AND census_original.relationship != 'NULL' AND census_original.occupation LIKE 'sample' ORDER BY census_original.hours_per_week LIMIT 100;"
2025-07-01T00:06:43.600000,SELECT census_original.relationship FROM census_original  WHERE census_original.relationship != 'NULL' ORDER BY census_original.relationship LIMIT 100;
2025-07-01T00:06:43.800000,"SELECT census_original.relationship, census_original.native_country, census_original.capital_loss, census_original.education_num FROM census_original  WHERE census_original.relationship != 'NULL' AND census_original.native_country = 'sample' ORDER BY census_original.education_num LIMIT 100;"
2025-07-01T00:06:44.000000,"SELECT census_original.hours_per_week, census_original.workclass FROM census_original  WHERE census_original.education_num < 76.49 AND census_original.native_country LIKE 'sample' AND census_original.relationship = 'NULL' AND census_original.hours_per_week > 27.78 ORDER BY census_original.hours_per_week LIMIT 100;"
2025-07-01T00:06:44.200000,"SELECT census_original.relationship, census_original.native_country, census_original.capital_loss, census_original.education_num FROM census_original  WHERE census_original.relationship != 'NULL' AND census_original.native_country = 'sample' ORDER BY census_original.education_num LIMIT 100;"
2025-07-01T00:06:44.400000,"SELECT census_original.capital_gain, census_original.age, census_original.workclass, census_original.capital_loss FROM census_original  WHERE census_original.education = 'sample' AND census_original.capital_loss < 63.6 AND census_original.occupation = 'sample' ORDER BY census_original.workclass LIMIT 100;"
2025-07-01T00:06:44.600000,"SELECT census_original.relationship, census_original.hours_per_week FROM census_original  WHERE census_original.marital_status = 'NULL' AND census_original.education_num > 52.68 AND census_original.relationship != 'NULL' AND census_original.occupation LIKE 'sample' ORDER BY census_original.hours_per_week LIMIT 100;"
2025-07-01T00:06:44.800000,"SELECT census_original.hours_per_week, census_original.workclass FROM census_original  WHERE census_original.education_num < 49.72 AND census_original.native_country LIKE 'sample' AND census_original.relationship = 'NULL' AND census_original.hours_per_week > 60.36 ORDER BY census_original.hours_per_week LIMIT 100;"
2025-07-01T00:06:45.000000,SELECT census_original.relationship FROM census_original  WHERE census_original.relationship != 'NULL' ORDER BY census_original.relationship LIMIT 100;
2025-07-01T00:06:45.200000,"SELECT census_original.capital_gain, census_original.age, census_original.workclass, census_original.capital_loss FROM census_original  WHERE census_original.education = 'sample' AND census_original.capital_loss < 67.55 AND census_original.occupation = 'sample' ORDER BY census_original.workclass LIMIT 100;"
2025-07-01T00:06:45.400000,"SELECT census_original.hours_per_week, census_original.workclass FROM census_original  WHERE census_original.education_num < 70.33 AND census_original.native_country LIKE 'sample' AND census_original.relationship = 'NULL' AND census_original.hours_per_week > 31.92 ORDER BY census_original.hours_per_week LIMIT 100;"
2025-07-01T00:06:45.600000,SELECT census_original.relationship FROM census_original  WHERE census_original.relationship != 'NULL' ORDER BY census_original.relationship LIMIT 100;
2025-07-01T00:06:45.800000,SELECT census_original.relationship FROM census_original  WHERE census_original.relationship != 'NULL' ORDER BY census_original.relationship LIMIT 100;
2025-07-01T00:06:46.000000,SELECT census_original.relationship FROM census_original  WHERE census_original.relationship != 'NULL' ORDER BY census_original.relationship LIMIT 100;
2025-07-01T00:06:46.200000,"SELECT census_original.hours_per_week, census_original.workclass FROM census_original  WHERE census_original.education_num < 6.5 AND census_original.native_country LIKE 'sample' AND census_original.relationship = 'NULL' AND census_original.hours_per_week > 28.78 ORDER BY census_original.hours_per_week LIMIT 100;"
2025-07-01T00:06:46.400000,"SELECT census_original.relationship, census_original.native_country, census_original.capital_loss, census_original.education_num FROM census_original  WHERE census_original.relationship != 'NULL' AND census_original.native_country = 'sample' ORDER BY census_original.education_num LIMIT 100;"
2025-07-01T00:06:46.600000,"SELECT census_original.relationship, census_original.hours_per_week FROM census_original  WHERE census_original.marital_status = 'NULL' AND census_original.education_num > 86.41 AND census_original.relationship != 'NULL' AND census_original.occupation LIKE 'sample' ORDER BY census_original.hours_per_week LIMIT 100;"
2025-07-01T00:06:46.800000,"SELECT census_original.hours_per_week, census_original.workclass FROM census_original  WHERE census_original.education_num < 66.77 AND census_original.native_country LIKE 'sample' AND census_original.relationship = 'NULL' AND census_original.hours_per_week > 41.23 ORDER BY census_original.hours_per_week LIMIT 100;"
2025-07-01T00:06:47.000000,"SELECT census_original.capital_gain, census_original.age, census_original.workclass, census_original.capital_loss FROM census_original  WHERE census_original.education = 'sample' AND census_original.capital_loss < 44.56 AND census_original.occupation = 'sample' ORDER BY census_original.workclass LIMIT 100;"
2025-07-01T00:06:47.200000,"SELECT census_original.relationship, census_original.hours_per_week FROM census_original  WHERE census_original.marital_status = 'NULL' AND census_original.education_num > 78.28 AND census_original.relationship != 'NULL' AND census_original.occupation LIKE 'sample' ORDER BY census_original.hours_per_week LIMIT 100;"
2025-07-01T00:06:47.400000,SELECT census_original.relationship FROM census_original  WHERE census_original.relationship != 'NULL' ORDER BY census_original.relationship LIMIT 100;
2025-07-01T00:06:47.600000,"SELECT census_original.relationship, census_original.hours_per_week FROM census_original  WHERE census_original.marital_status = 'NULL' AND census_original.education_num > 99.32 AND census_original.relationship != 'NULL' AND census_original.occupation LIKE 'sample' ORDER BY census_original.hours_per_week LIMIT 100;"
2025-07-01T00:06:47.800000,"SELECT census_original.relationship, census_original.native_country, census_original.capital_loss, census_original.education_num FROM census_original  WHERE census_original.relationship != 'NULL' AND census_original.native_country = 'sample' ORDER BY census_original.education_num LIMIT 100;"
2025-07-01T00:06:48.000000,"SELECT census_original.relationship, census_original.hours_per_week FROM census_original  WHERE census_original.marital_status = 'NULL' AND census_original.education_num > 81.65 AND census_original.relationship != 'NULL' AND census_original.occupation LIKE 'sample' ORDER BY census_original.hours_per_week LIMIT 100;"
2025-07-01T00:06:48.200000,"SELECT census_original.relationship, census_original.hours_per_week FROM census_original  WHERE census_original.marital_status = 'NULL' AND census_original.education_num > 75.6 AND census_original.relationship != 'NULL' AND census_original.occupation LIKE 'sample' ORDER BY census_original.hours_per_week LIMIT 100;"
2025-07-01T00:06:48.400000,"SELECT census_original.relationship, census_original.hours_per_week FROM census_original  WHERE census_original.marital_status = 'NULL' AND census_original.education_num > 85.69 AND census_original.relationship != 'NULL' AND census_original.occupation LIKE 'sample' ORDER BY census_original.hours_per_week LIMIT 100;"
2025-07-01T00:06:48.600000,"SELECT census_original.hours_per_week, census_original.workclass FROM census_original  WHERE census_original.education_num < 24.43 AND census_original.native_country LIKE 'sample' AND census_original.relationship = 'NULL' AND census_original.hours_per_week > 74.86 ORDER BY census_original.hours_per_week LIMIT 100;"
2025-07-01T00:06:48.800000,SELECT census_original.relationship FROM census_original  WHERE census_original.relationship != 'NULL' ORDER BY census_original.relationship LIMIT 100;
2025-07-01T00:06:49.000000,"SELECT census_original.capital_gain, census_original.age, census_original.workclass, census_original.capital_loss FROM census_original  WHERE census_original.education = 'sample' AND census_original.capital_loss < 84.73 AND census_original.occupation = 'sample' ORDER BY census_original.workclass LIMIT 100;"
2025-07-01T00:06:49.200000,"SELECT census_original.relationship, census_original.hours_per_week FROM census_original  WHERE census_original.marital_status = 'NULL' AND census_original.education_num > 29.53 AND census_original.relationship != 'NULL' AND census_original.occupation LIKE 'sample' ORDER BY census_original.hours_per_week LIMIT 100;"
2025-07-01T00:06:49.400000,"SELECT census_original.relationship, census_original.native_country, census_original.capital_loss, census_original.education_num FROM census_original  WHERE census_original.relationship != 'NULL' AND census_original.native_country = 'sample' ORDER BY census_original.education_num LIMIT 100;"
2025-07-01T00:06:49.600000,"SELECT census_original.relationship, census_original.hours_per_week FROM census_original  WHERE census_original.marital_status = 'NULL' AND census_original.education_num > 41.5 AND census_original.relationship != 'NULL' AND census_original.occupation LIKE 'sample' ORDER BY census_original.hours_per_week LIMIT 100;"
2025-07-01T00:06:49.800000,"SELECT census_original.capital_gain, census_original.age, census_original.workclass, census_original.capital_loss FROM census_original  WHERE census_original.education = 'sample' AND census_original.capital_loss < 99.86 AND census_original.occupation = 'sample' ORDER BY census_original.workclass LIMIT 100;"
2025-07-01T00:06:50.000000,SELECT census_original.relationship FROM census_original  WHERE census_original.relationship != 'NULL' ORDER BY census_original.relationship LIMIT 100;
2025-07-01T00:06:50.200000,"SELECT census_original.hours_per_week, census_original.workclass FROM census_original  WHERE census_original.education_num < 15.02 AND census_original.native_country LIKE 'sample' AND census_original.relationship = 'NULL' AND census_original.hours_per_week > 45.38 ORDER BY census_original.hours_per_week LIMIT 100;"
2025-07-01T00:06:50.400000,"SELECT census_original.relationship, census_original.hours_per_week FROM census_original  WHERE census_original.marital_status = 'NULL' AND census_original.education_num > 28.53 AND census_original.relationship != 'NULL' AND census_original.occupation LIKE 'sample' ORDER BY census_original.hours_per_week LIMIT 100;"
2025-07-01T00:06:50.600000,"SELECT census_original.capital_gain, census_original.age, census_original.workclass, census_original.capital_loss FROM census_original  WHERE census_original.education = 'sample' AND census_original.capital_loss < 53.66 AND census_original.occupation = 'sample' ORDER BY census_original.workclass LIMIT 100;"
2025-07-01T00:06:50.800000,"SELECT census_original.relationship, census_original.native_country, census_original.capital_loss, census_original.education_num FROM census_original  WHERE census_original.relationship != 'NULL' AND census_original.native_country = 'sample' ORDER BY census_original.education_num LIMIT 100;"
2025-07-01T00:06:51.000000,"SELECT census_original.relationship, census_original.native_country, census_original.capital_loss, census_original.education_num FROM census_original  WHERE census_original.relationship != 'NULL' AND census_original.native_country = 'sample' ORDER BY census_original.education_num LIMIT 100;"
2025-07-01T00:06:51.200000,"SELECT census_original.hours_per_week, census_original.workclass FROM census_original  WHERE census_original.education_num < 99.71 AND census_original.native_country LIKE 'sample' AND census_original.relationship = 'NULL' AND census_original.hours_per_week > 88.04 ORDER BY census_original.hours_per_week LIMIT 100;"
2025-07-01T00:06:51.400000,"SELECT census_original.relationship, census_original.native_country, census_original.capital_loss, census_original.education_num FROM census_original  WHERE census_original.relationship != 'NULL' AND census_original.native_country = 'sample' ORDER BY census_original.education_num LIMIT 100;"
2025-07-01T00:06:51.600000,"SELECT census_original.hours_per_week, census_original.workclass FROM census_original  WHERE census_original.education_num < 63.83 AND census_original.native_country LIKE 'sample' AND census_original.relationship = 'NULL' AND census_original.hours_per_week > 41.77 ORDER BY census_original.hours_per_week LIMIT 100;"
2025-07-01T00:06:51.800000,"SELECT census_original.hours_per_week, census_original.workclass FROM census_original  WHERE census_original.education_num < 47.88 AND census_original.native_country LIKE 'sample' AND census_original.relationship = 'NULL' AND census_original.hours_per_week > 27.43 ORDER BY census_original.hours_per_week LIMIT 100;"
2025-07-01T00:06:52.000000,"SELECT census_original.capital_gain, census_original.age, census_original.workclass, census_original.capital_loss FROM census_original  WHERE census_original.education = 'sample' AND census_original.capital_loss < 26.68 AND census_original.occupation = 'sample' ORDER BY census_original.workclass LIMIT 100;"
2025-07-01T00:06:52.200000,"SELECT census_original.capital_gain, census_original.age, census_original.workclass, census_original.capital_loss FROM census_original  WHERE census_original.education = 'sample' AND census_original.capital_loss < 5.96 AND census_original.occupation = 'sample' ORDER BY census_original.workclass LIMIT 100;"
2025-07-01T00:06:52.400000,"SELECT census_original.hours_per_week, census_original.workclass FROM census_original  WHERE census_original.education_num < 92.82 AND census_original.native_country LIKE 'sample' AND census_original.relationship = 'NULL' AND census_original.hours_per_week > 45.37 ORDER BY census_original.hours_per_week LIMIT 100;"
2025-07-01T00:06:52.600000,"SELECT census_original.hours_per_week, census_original.workclass FROM census_original  WHERE census_original.education_num < 28.53 AND census_original.native_country LIKE 'sample' AND census_original.relationship = 'NULL' AND census_original.hours_per_week > 31.17 ORDER BY census_original.hours_per_week LIMIT 100;"
2025-07-01T00:06:52.800000,"SELECT census_original.hours_per_week, census_original.workclass FROM census_original  WHERE census_original.education_num < 56.36 AND census_original.native_country LIKE 'sample' AND census_original.relationship = 'NULL' AND census_original.hours_per_week > 31.09 ORDER BY census_original.hours_per_week LIMIT 100;"
2025-07-01T00:06:53.000000,"SELECT census_original.hours_per_week, census_original.workclass FROM census_original  WHERE census_original.education_num < 70.6 AND census_original.native_country LIKE 'sample' AND census_original.relationship = 'NULL' AND census_original.hours_per_week > 63.74 ORDER BY census_original.hours_per_week LIMIT 100;"
2025-07-01T00:06:53.200000,"SELECT census_original.relationship, census_original.native_country, census_original.capital_loss, census_original.education_num FROM census_original  WHERE census_original.relationship != 'NULL' AND census_original.native_country = 'sample' ORDER BY census_original.education_num LIMIT 100;"
2025-07-01T00:06:53.400000,"SELECT census_original.relationship, census_original.hours_per_week FROM census_original  WHERE census_original.marital_status = 'NULL' AND census_original.education_num > 38.34 AND census_original.relationship != 'NULL' AND census_original.occupation LIKE 'sample' ORDER BY census_original.hours_per_week LIMIT 100;"
2025-07-01T00:06:53.600000,"SELECT census_original.capital_gain, census_original.age, census_original.workclass, census_original.capital_loss FROM census_original  WHERE census_original.education = 'sample' AND census_original.capital_loss < 75.48 AND census_original.occupation = 'sample' ORDER BY census_original.workclass LIMIT 100;"
2025-07-01T00:06:53.800000,"SELECT census_original.hours_per_week, census_original.workclass FROM census_original  WHERE census_original.education_num < 10.32 AND census_original.native_country LIKE 'sample' AND census_original.relationship = 'NULL' AND census_original.hours_per_week > 97.59 ORDER BY census_original.hours_per_week LIMIT 100;"
2025-07-01T00:06:54.000000,"SELECT census_original.relationship, census_original.hours_per_week FROM census_original  WHERE census_original.marital_status = 'NULL' AND census_original.education_num > 72.21 AND census_original.relationship != 'NULL' AND census_original.occupation LIKE 'sample' ORDER BY census_original.hours_per_week LIMIT 100;"
2025-07-01T00:06:54.200000,"SELECT census_original.hours_per_week, census_original.workclass FROM census_original  WHERE census_original.education_num < 14.88 AND census_original.native_country LIKE 'sample' AND census_original.relationship = 'NULL' AND census_original.hours_per_week > 55.85 ORDER BY census_original.hours_per_week LIMIT 100;"
2025-07-01T00:06:54.400000,"SELECT census_original.relationship, census_original.hours_per_week FROM census_original  WHERE census_original.marital_status = 'NULL' AND census_original.education_num > 90.49 AND census_original.relationship != 'NULL' AND census_original.occupation LIKE 'sample' ORDER BY census_original.hours_per_week LIMIT 100;"
2025-07-01T00:06:54.600000,"SELECT census_original.hours_per_week, census_original.workclass FROM census_original  WHERE census_original.education_num < 47.13 AND census_original.native_country LIKE 'sample' AND census_original.relationship = 'NULL' AND census_original.hours_per_week > 52.74 ORDER BY census_original.hours_per_week LIMIT 100;"
2025-07-01T00:06:54.800000,"SELECT census_original.capital_gain, census_original.age, census_original.workclass, census_original.capital_loss FROM census_original  WHERE census_original.education = 'sample' AND census_original.capital_loss < 18.45 AND census_original.occupation = 'sample' ORDER BY census_original.workclass LIMIT 100;"
2025-07-01T00:06:55.000000,"SELECT census_original.hours_per_week, census_original.workclass FROM census_original  WHERE census_original.education_num < 91.72 AND census_original.native_country LIKE 'sample' AND census_original.relationship = 'NULL' AND census_original.hours_per_week > 48.61 ORDER BY census_original.hours_per_week LIMIT 100;"
2025-07-01T00:06:55.200000,"SELECT census_original.capital_gain, census_original.age, census_original.workclass, census_original.capital_loss FROM census_original  WHERE census_original.education = 'sample' AND census_original.capital_loss < 45.54 AND census_original.occupation = 'sample' ORDER BY census_original.workclass LIMIT 100;"
2025-07-01T00:06:55.400000,SELECT census_original.relationship FROM census_original  WHERE census_original.relationship != 'NULL' ORDER BY census_original.relationship LIMIT 100;
2025-07-01T00:06:55.600000,"SELECT census_original.relationship, census_original.native_country, census_original.capital_loss, census_original.education_num FROM census_original  WHERE census_original.relationship != 'NULL' AND census_original.native_country = 'sample' ORDER BY census_original.education_num LIMIT 100;"
2025-07-01T00:06:55.800000,SELECT census_original.relationship FROM census_original  WHERE census_original.relationship != 'NULL' ORDER BY census_original.relationship LIMIT 100;
2025-07-01T00:06:56.000000,"SELECT census_original.hours_per_week, census_original.workclass FROM census_original  WHERE census_original.education_num < 50.57 AND census_original.native_country LIKE 'sample' AND census_original.relationship = 'NULL' AND census_original.hours_per_week > 15.25 ORDER BY census_original.hours_per_week LIMIT 100;"
2025-07-01T00:06:56.200000,SELECT census_original.relationship FROM census_original  WHERE census_original.relationship != 'NULL' ORDER BY census_original.relationship LIMIT 100;
2025-07-01T00:06:56.400000,"SELECT census_original.relationship, census_original.hours_per_week FROM census_original  WHERE census_original.marital_status = 'NULL' AND census_original.education_num > 97.01 AND census_original.relationship != 'NULL' AND census_original.occupation LIKE 'sample' ORDER BY census_original.hours_per_week LIMIT 100;"
2025-07-01T00:06:56.600000,"SELECT census_original.relationship, census_original.hours_per_week FROM census_original  WHERE census_original.marital_status = 'NULL' AND census_original.education_num > 42.24 AND census_original.relationship != 'NULL' AND census_original.occupation LIKE 'sample' ORDER BY census_original.hours_per_week LIMIT 100;"
2025-07-01T00:06:56.800000,"SELECT census_original.relationship, census_original.hours_per_week FROM census_original  WHERE census_original.marital_status = 'NULL' AND census_original.education_num > 96.36 AND census_original.relationship != 'NULL' AND census_original.occupation LIKE 'sample' ORDER BY census_original.hours_per_week LIMIT 100;"
2025-07-01T00:06:57.000000,"SELECT census_original.capital_gain, census_original.age, census_original.workclass, census_original.capital_loss FROM census_original  WHERE census_original.education = 'sample' AND census_original.capital_loss < 10.6 AND census_original.occupation = 'sample' ORDER BY census_original.workclass LIMIT 100;"
2025-07-01T00:06:57.200000,"SELECT census_original.relationship, census_original.native_country, census_original.capital_loss, census_original.education_num FROM census_original  WHERE census_original.relationship != 'NULL' AND census_original.native_country = 'sample' ORDER BY census_original.education_num LIMIT 100;"
2025-07-01T00:06:57.400000,"SELECT census_original.relationship, census_original.native_country, census_original.capital_loss, census_original.education_num FROM census_original  WHERE census_original.relationship != 'NULL' AND census_original.native_country = 'sample' ORDER BY census_original.education_num LIMIT 100;"
2025-07-01T00:06:57.600000,"SELECT census_original.relationship, census_original.hours_per_week FROM census_original  WHERE census_original.marital_status = 'NULL' AND census_original.education_num > 57.13 AND census_original.relationship != 'NULL' AND census_original.occupation LIKE 'sample' ORDER BY census_original.hours_per_week LIMIT 100;"
2025-07-01T00:06:57.800000,"SELECT census_original.hours_per_week, census_original.workclass FROM census_original  WHERE census_original.education_num < 94.66 AND census_original.native_country LIKE 'sample' AND census_original.relationship = 'NULL' AND census_original.hours_per_week > 30.83 ORDER BY census_original.hours_per_week LIMIT 100;"
2025-07-01T00:06:58.000000,"SELECT census_original.relationship, census_original.hours_per_week FROM census_original  WHERE census_original.marital_status = 'NULL' AND census_original.education_num > 25.36 AND census_original.relationship != 'NULL' AND census_original.occupation LIKE 'sample' ORDER BY census_original.hours_per_week LIMIT 100;"
2025-07-01T00:06:58.200000,"SELECT census_original.capital_gain, census_original.age, census_original.workclass, census_original.capital_loss FROM census_original  WHERE census_original.education = 'sample' AND census_original.capital_loss < 32.73 AND census_original.occupation = 'sample' ORDER BY census_original.workclass LIMIT 100;"
2025-07-01T00:06:58.400000,"SELECT census_original.hours_per_week, census_original.workclass FROM census_original  WHERE census_original.education_num < 24.03 AND census_original.native_country LIKE 'sample' AND census_original.relationship = 'NULL' AND census_original.hours_per_week > 53.55 ORDER BY census_original.hours_per_week LIMIT 100;"
2025-07-01T00:06:58.600000,"SELECT census_original.hours_per_week, census_original.workclass FROM census_original  WHERE census_original.education_num < 49.92 AND census_original.native_country LIKE 'sample' AND census_original.relationship = 'NULL' AND census_original.hours_per_week > 12.47 ORDER BY census_original.hours_per_week LIMIT 100;"
2025-07-01T00:06:58.800000,"SELECT census_original.capital_gain, census_original.age, census_original.workclass, census_original.capital_loss FROM census_original  WHERE census_original.education = 'sample' AND census_original.capital_loss < 79.65 AND census_original.occupation = 'sample' ORDER BY census_original.workclass LIMIT 100;"
2025-07-01T00:06:59.000000,"SELECT census_original.capital_gain, census_original.age, census_original.workclass, census_original.capital_loss FROM census_original  WHERE census_original.education = 'sample' AND census_original.capital_loss < 18.55 AND census_original.occupation = 'sample' ORDER BY census_original.workclass LIMIT 100;"
2025-07-01T00:06:59.200000,"SELECT census_original.relationship, census_original.hours_per_week FROM census_original  WHERE census_original.marital_status = 'NULL' AND census_original.education_num > 40.07 AND census_original.relationship != 'NULL' AND census_original.occupation LIKE 'sample' ORDER BY census_original.hours_per_week LIMIT 100;"
2025-07-01T00:06:59.400000,"SELECT census_original.hours_per_week, census_original.workclass FROM census_original  WHERE census_original.education_num < 85.9 AND census_original.native_country LIKE 'sample' AND census_original.relationship = 'NULL' AND census_original.hours_per_week > 46.82 ORDER BY census_original.hours_per_week LIMIT 100;"
2025-07-01T00:06:59.600000,"SELECT census_original.hours_per_week, census_original.workclass FROM census_original  WHERE census_original.education_num < 48.31 AND census_original.native_country LIKE 'sample' AND census_original.relationship = 'NULL' AND census_original.hours_per_week > 42.27 ORDER BY census_original.hours_per_week LIMIT 100;"
2025-07-01T00:06:59.800000,SELECT census_original.relationship FROM census_original  WHERE census_original.relationship != 'NULL' ORDER BY census_original.relationship LIMIT 100;
2025-07-01T00:07:00.000000,"SELECT census_original.relationship, census_original.hours_per_week FROM census_original  WHERE census_original.marital_status = 'NULL' AND census_original.education_num > 34.61 AND census_original.relationship != 'NULL' AND census_original.occupation LIKE 'sample' ORDER BY census_original.hours_per_week LIMIT 100;"
2025-07-01T00:07:00.200000,"SELECT census_original.hours_per_week, census_original.workclass FROM census_original  WHERE census_original.education_num < 82.8 AND census_original.native_country LIKE 'sample' AND census_original.relationship = 'NULL' AND census_original.hours_per_week > 89.72 ORDER BY census_original.hours_per_week LIMIT 100;"
2025-07-01T00:07:00.400000,"SELECT census_original.relationship, census_original.hours_per_week FROM census_original  WHERE census_original.marital_status = 'NULL' AND census_original.education_num > 59.79 AND census_original.relationship != 'NULL' AND census_original.occupation LIKE 'sample' ORDER BY census_original.hours_per_week LIMIT 100;"
2025-07-01T00:07:00.600000,"SELECT census_original.relationship, census_original.hours_per_week FROM census_original  WHERE census_original.marital_status = 'NULL' AND census_original.education_num > 99.48 AND census_original.relationship != 'NULL' AND census_original.occupation LIKE 'sample' ORDER BY census_original.hours_per_week LIMIT 100;"
2025-07-01T00:07:00.800000,"SELECT census_original.hours_per_week, census_original.workclass FROM census_original  WHERE census_original.education_num < 58.53 AND census_original.native_country LIKE 'sample' AND census_original.relationship = 'NULL' AND census_original.hours_per_week > 35.34 ORDER BY census_original.hours_per_week LIMIT 100;"
2025-07-01T00:07:01.000000,"SELECT census_original.capital_gain, census_original.age, census_original.workclass, census_original.capital_loss FROM census_original  WHERE census_original.education = 'sample' AND census_original.capital_loss < 39.9 AND census_original.occupation = 'sample' ORDER BY census_original.workclass LIMIT 100;"
2025-07-01T00:07:01.200000,"SELECT census_original.relationship, census_original.hours_per_week FROM census_original  WHERE census_original.marital_status = 'NULL' AND census_original.education_num > 60.47 AND census_original.relationship != 'NULL' AND census_original.occupation LIKE 'sample' ORDER BY census_original.hours_per_week LIMIT 100;"
2025-07-01T00:07:01.400000,"SELECT census_original.relationship, census_original.native_country, census_original.capital_loss, census_original.education_num FROM census_original  WHERE census_original.relationship != 'NULL' AND census_original.native_country = 'sample' ORDER BY census_original.education_num LIMIT 100;"
2025-07-01T00:07:01.600000,"SELECT census_original.hours_per_week, census_original.workclass FROM census_original  WHERE census_original.education_num < 78.1 AND census_original.native_country LIKE 'sample' AND census_original.relationship = 'NULL' AND census_original.hours_per_week > 71.97 ORDER BY census_original.hours_per_week LIMIT 100;"
2025-07-01T00:07:01.800000,"SELECT census_original.hours_per_week, census_original.workclass FROM census_original  WHERE census_original.education_num < 93.68 AND census_original.native_country LIKE 'sample' AND census_original.relationship = 'NULL' AND census_original.hours_per_week > 44.35 ORDER BY census_original.hours_per_week LIMIT 100;"
2025-07-01T00:07:02.000000,"SELECT census_original.relationship, census_original.native_country, census_original.capital_loss, census_original.education_num FROM census_original  WHERE census_original.relationship != 'NULL' AND census_original.native_country = 'sample' ORDER BY census_original.education_num LIMIT 100;"
2025-07-01T00:07:02.200000,SELECT census_original.relationship FROM census_original  WHERE census_original.relationship != 'NULL' ORDER BY census_original.relationship LIMIT 100;
2025-07-01T00:07:02.400000,SELECT census_original.relationship FROM census_original  WHERE census_original.relationship != 'NULL' ORDER BY census_original.relationship LIMIT 100;
2025-07-01T00:07:02.600000,"SELECT census_original.relationship, census_original.hours_per_week FROM census_original  WHERE census_original.marital_status = 'NULL' AND census_original.education_num > 26.17 AND census_original.relationship != 'NULL' AND census_original.occupation LIKE 'sample' ORDER BY census_original.hours_per_week LIMIT 100;"
2025-07-01T00:07:02.800000,"SELECT census_original.hours_per_week, census_original.workclass FROM census_original  WHERE census_original.education_num < 11.39 AND census_original.native_country LIKE 'sample' AND census_original.relationship = 'NULL' AND census_original.hours_per_week > 40.46 ORDER BY census_original.hours_per_week LIMIT 100;"
2025-07-01T00:07:03.000000,"SELECT census_original.relationship, census_original.hours_per_week FROM census_original  WHERE census_original.marital_status = 'NULL' AND census_original.education_num > 13.98 AND census_original.relationship != 'NULL' AND census_original.occupation LIKE 'sample' ORDER BY census_original.hours_per_week LIMIT 100;"
2025-07-01T00:07:03.200000,"SELECT census_original.relationship, census_original.native_country, census_original.capital_loss, census_original.education_num FROM census_original  WHERE census_original.relationship != 'NULL' AND census_original.native_country = 'sample' ORDER BY census_original.education_num LIMIT 100;"
2025-07-01T00:07:03.400000,"SELECT census_original.hours_per_week, census_original.workclass FROM census_original  WHERE census_original.education_num < 69.73 AND census_original.native_country LIKE 'sample' AND census_original.relationship = 'NULL' AND census_original.hours_per_week > 58.53 ORDER BY census_original.hours_per_week LIMIT 100;"
2025-07-01T00:07:03.600000,"SELECT census_original.capital_gain, census_original.age, census_original.workclass, census_original.capital_loss FROM census_original  WHERE census_original.education = 'sample' AND census_original.capital_loss < 16.96 AND census_original.occupation = 'sample' ORDER BY census_original.workclass LIMIT 100;"
2025-07-01T00:07:03.800000,"SELECT census_original.relationship, census_original.native_country, census_original.capital_loss, census_original.education_num FROM census_original  WHERE census_original.relationship != 'NULL' AND census_original.native_country = 'sample' ORDER BY census_original.education_num LIMIT 100;"
2025-07-01T00:07:04.000000,"SELECT census_original.hours_per_week, census_original.workclass FROM census_original  WHERE census_original.education_num < 98.2 AND census_original.native_country LIKE 'sample' AND census_original.relationship = 'NULL' AND census_original.hours_per_week > 62.42 ORDER BY census_original.hours_per_week LIMIT 100;"
2025-07-01T00:07:04.200000,"SELECT census_original.relationship, census_original.native_country, census_original.capital_loss, census_original.education_num FROM census_original  WHERE census_original.relationship != 'NULL' AND census_original.native_country = 'sample' ORDER BY census_original.education_num LIMIT 100;"
2025-07-01T00:07:04.400000,"SELECT census_original.hours_per_week, census_original.workclass FROM census_original  WHERE census_original.education_num < 46.12 AND census_original.native_country LIKE 'sample' AND census_original.relationship = 'NULL' AND census_original.hours_per_week > 21.03 ORDER BY census_original.hours_per_week LIMIT 100;"
2025-07-01T00:07:04.600000,"SELECT census_original.hours_per_week, census_original.workclass FROM census_original  WHERE census_original.education_num < 45.17 AND census_original.native_country LIKE 'sample' AND census_original.relationship = 'NULL' AND census_original.hours_per_week > 38.72 ORDER BY census_original.hours_per_week LIMIT 100;"
2025-07-01T00:07:04.800000,"SELECT census_original.hours_per_week, census_original.workclass FROM census_original  WHERE census_original.education_num < 9.33 AND census_original.native_country LIKE 'sample' AND census_original.relationship = 'NULL' AND census_original.hours_per_week > 25.12 ORDER BY census_original.hours_per_week LIMIT 100;"
2025-07-01T00:07:05.000000,SELECT census_original.relationship FROM census_original  WHERE census_original.relationship != 'NULL' ORDER BY census_original.relationship LIMIT 100;
2025-07-01T00:07:05.200000,"SELECT census_original.capital_gain, census_original.age, census_original.workclass, census_original.capital_loss FROM census_original  WHERE census_original.education = 'sample' AND census_original.capital_loss < 87.41 AND census_original.occupation = 'sample' ORDER BY census_original.workclass LIMIT 100;"
2025-07-01T00:07:05.400000,SELECT census_original.relationship FROM census_original  WHERE census_original.relationship != 'NULL' ORDER BY census_original.relationship LIMIT 100;
2025-07-01T00:07:05.600000,"SELECT census_original.relationship, census_original.hours_per_week FROM census_original  WHERE census_original.marital_status = 'NULL' AND census_original.education_num > 44.57 AND census_original.relationship != 'NULL' AND census_original.occupation LIKE 'sample' ORDER BY census_original.hours_per_week LIMIT 100;"
2025-07-01T00:07:05.800000,"SELECT census_original.hours_per_week, census_original.workclass FROM census_original  WHERE census_original.education_num < 77.66 AND census_original.native_country LIKE 'sample' AND census_original.relationship = 'NULL' AND census_original.hours_per_week > 67.45 ORDER BY census_original.hours_per_week LIMIT 100;"
2025-07-01T00:07:06.000000,"SELECT census_original.relationship, census_original.hours_per_week FROM census_original  WHERE census_original.marital_status = 'NULL' AND census_original.education_num > 41.39 AND census_original.relationship != 'NULL' AND census_original.occupation LIKE 'sample' ORDER BY census_original.hours_per_week LIMIT 100;"
2025-07-01T00:07:06.200000,"SELECT census_original.hours_per_week, census_original.workclass FROM census_original  WHERE census_original.education_num < 58.22 AND census_original.native_country LIKE 'sample' AND census_original.relationship = 'NULL' AND census_original.hours_per_week > 70.28 ORDER BY census_original.hours_per_week LIMIT 100;"
2025-07-01T00:07:06.400000,"SELECT census_original.capital_gain, census_original.age, census_original.workclass, census_original.capital_loss FROM census_original  WHERE census_original.education = 'sample' AND census_original.capital_loss < 12.45 AND census_original.occupation = 'sample' ORDER BY census_original.workclass LIMIT 100;"
2025-07-01T00:07:06.600000,SELECT census_original.relationship FROM census_original  WHERE census_original.relationship != 'NULL' ORDER BY census_original.relationship LIMIT 100;
2025-07-01T00:07:06.800000,SELECT census_original.relationship FROM census_original  WHERE census_original.relationship != 'NULL' ORDER BY census_original.relationship LIMIT 100;
2025-07-01T00:07:07.000000,"SELECT census_original.hours_per_week, census_original.workclass FROM census_original  WHERE census_original.education_num < 85.18 AND census_original.native_country LIKE 'sample' AND census_original.relationship = 'NULL' AND census_original.hours_per_week > 34.72 ORDER BY census_original.hours_per_week LIMIT 100;"
2025-07-01T00:07:07.200000,SELECT census_original.relationship FROM census_original  WHERE census_original.relationship != 'NULL' ORDER BY census_original.relationship LIMIT 100;
2025-07-01T00:07:07.400000,"SELECT census_original.relationship, census_original.hours_per_week FROM census_original  WHERE census_original.marital_status = 'NULL' AND census_original.education_num > 98.36 AND census_original.relationship != 'NULL' AND census_original.occupation LIKE 'sample' ORDER BY census_original.hours_per_week LIMIT 100;"
2025-07-01T00:07:07.600000,"SELECT census_original.relationship, census_original.native_country, census_original.capital_loss, census_original.education_num FROM census_original  WHERE census_original.relationship != 'NULL' AND census_original.native_country = 'sample' ORDER BY census_original.education_num LIMIT 100;"
2025-07-01T00:07:07.800000,"SELECT census_original.capital_gain, census_original.age, census_original.workclass, census_original.capital_loss FROM census_original  WHERE census_original.education = 'sample' AND census_original.capital_loss < 47.37 AND census_original.occupation = 'sample' ORDER BY census_original.workclass LIMIT 100;"
2025-07-01T00:07:08.000000,"SELECT census_original.capital_gain, census_original.age, census_original.workclass, census_original.capital_loss FROM census_original  WHERE census_original.education = 'sample' AND census_original.capital_loss < 5.47 AND census_original.occupation = 'sample' ORDER BY census_original.workclass LIMIT 100;"
2025-07-01T00:07:08.200000,"SELECT census_original.capital_gain, census_original.age, census_original.workclass, census_original.capital_loss FROM census_original  WHERE census_original.education = 'sample' AND census_original.capital_loss < 91.35 AND census_original.occupation = 'sample' ORDER BY census_original.workclass LIMIT 100;"
2025-07-01T00:07:08.400000,"SELECT census_original.hours_per_week, census_original.workclass FROM census_original  WHERE census_original.education_num < 59.24 AND census_original.native_country LIKE 'sample' AND census_original.relationship = 'NULL' AND census_original.hours_per_week > 68.92 ORDER BY census_original.hours_per_week LIMIT 100;"
2025-07-01T00:07:08.600000,"SELECT census_original.capital_gain, census_original.age, census_original.workclass, census_original.capital_loss FROM census_original  WHERE census_original.education = 'sample' AND census_original.capital_loss < 18.46 AND census_original.occupation = 'sample' ORDER BY census_original.workclass LIMIT 100;"
2025-07-01T00:07:08.800000,SELECT census_original.relationship FROM census_original  WHERE census_original.relationship != 'NULL' ORDER BY census_original.relationship LIMIT 100;
2025-07-01T00:07:09.000000,"SELECT census_original.hours_per_week, census_original.workclass FROM census_original  WHERE census_original.education_num < 61.0 AND census_original.native_country LIKE 'sample' AND census_original.relationship = 'NULL' AND census_original.hours_per_week > 86.91 ORDER BY census_original.hours_per_week LIMIT 100;"
2025-07-01T00:07:09.200000,"SELECT census_original.capital_gain, census_original.age, census_original.workclass, census_original.capital_loss FROM census_original  WHERE census_original.education = 'sample' AND census_original.capital_loss < 49.63 AND census_original.occupation = 'sample' ORDER BY census_original.workclass LIMIT 100;"
2025-07-01T00:07:09.400000,"SELECT census_original.hours_per_week, census_original.workclass FROM census_original  WHERE census_original.education_num < 2.22 AND census_original.native_country LIKE 'sample' AND census_original.relationship = 'NULL' AND census_original.hours_per_week > 45.98 ORDER BY census_original.hours_per_week LIMIT 100;"
2025-07-01T00:07:09.600000,SELECT census_original.relationship FROM census_original  WHERE census_original.relationship != 'NULL' ORDER BY census_original.relationship LIMIT 100;
2025-07-01T00:07:09.800000,"SELECT census_original.capital_gain, census_original.age, census_original.workclass, census_original.capital_loss FROM census_original  WHERE census_original.education = 'sample' AND census_original.capital_loss < 77.66 AND census_original.occupation = 'sample' ORDER BY census_original.workclass LIMIT 100;"
2025-07-01T00:07:10.000000,SELECT census_original.relationship FROM census_original  WHERE census_original.relationship != 'NULL' ORDER BY census_original.relationship LIMIT 100;
2025-07-01T00:07:10.200000,SELECT census_original.relationship FROM census_original  WHERE census_original.relationship != 'NULL' ORDER BY census_original.relationship LIMIT 100;
2025-07-01T00:07:10.400000,"SELECT census_original.hours_per_week, census_original.workclass FROM census_original  WHERE census_original.education_num < 5.42 AND census_original.native_country LIKE 'sample' AND census_original.relationship = 'NULL' AND census_original.hours_per_week > 24.05 ORDER BY census_original.hours_per_week LIMIT 100;"
2025-07-01T00:07:10.600000,"SELECT census_original.relationship, census_original.hours_per_week FROM census_original  WHERE census_original.marital_status = 'NULL' AND census_original.education_num > 91.96 AND census_original.relationship != 'NULL' AND census_original.occupation LIKE 'sample' ORDER BY census_original.hours_per_week LIMIT 100;"
2025-07-01T00:07:10.800000,"SELECT census_original.capital_gain, census_original.age, census_original.workclass, census_original.capital_loss FROM census_original  WHERE census_original.education = 'sample' AND census_original.capital_loss < 84.75 AND census_original.occupation = 'sample' ORDER BY census_original.workclass LIMIT 100;"
2025-07-01T00:07:11.000000,"SELECT census_original.relationship, census_original.native_country, census_original.capital_loss, census_original.education_num FROM census_original  WHERE census_original.relationship != 'NULL' AND census_original.native_country = 'sample' ORDER BY census_original.education_num LIMIT 100;"
2025-07-01T00:07:11.200000,SELECT census_original.relationship FROM census_original  WHERE census_original.relationship != 'NULL' ORDER BY census_original.relationship LIMIT 100;
2025-07-01T00:07:11.400000,"SELECT census_original.capital_gain, census_original.age, census_original.workclass, census_original.capital_loss FROM census_original  WHERE census_original.education = 'sample' AND census_original.capital_loss < 41.94 AND census_original.occupation = 'sample' ORDER BY census_original.workclass LIMIT 100;"
2025-07-01T00:07:11.600000,"SELECT census_original.relationship, census_original.hours_per_week FROM census_original  WHERE census_original.marital_status = 'NULL' AND census_original.education_num > 67.49 AND census_original.relationship != 'NULL' AND census_original.occupation LIKE 'sample' ORDER BY census_original.hours_per_week LIMIT 100;"
2025-07-01T00:07:11.800000,"SELECT census_original.capital_gain, census_original.age, census_original.workclass, census_original.capital_loss FROM census_original  WHERE census_original.education = 'sample' AND census_original.capital_loss < 16.87 AND census_original.occupation = 'sample' ORDER BY census_original.workclass LIMIT 100;"
2025-07-01T00:07:12.000000,"SELECT census_original.capital_gain, census_original.age, census_original.workclass, census_original.capital_loss FROM census_original  WHERE census_original.education = 'sample' AND census_original.capital_loss < 12.07 AND census_original.occupation = 'sample' ORDER BY census_original.workclass LIMIT 100;"
2025-07-01T00:07:12.200000,"SELECT census_original.capital_gain, census_original.age, census_original.workclass, census_original.capital_loss FROM census_original  WHERE census_original.education = 'sample' AND census_original.capital_loss < 66.34 AND census_original.occupation = 'sample' ORDER BY census_original.workclass LIMIT 100;"
2025-07-01T00:07:12.400000,"SELECT census_original.capital_gain, census_original.age, census_original.workclass, census_original.capital_loss FROM census_original  WHERE census_original.education = 'sample' AND census_original.capital_loss < 34.59 AND census_original.occupation = 'sample' ORDER BY census_original.workclass LIMIT 100;"
2025-07-01T00:07:12.600000,"SELECT census_original.relationship, census_original.hours_per_week FROM census_original  WHERE census_original.marital_status = 'NULL' AND census_original.education_num > 88.22 AND census_original.relationship != 'NULL' AND census_original.occupation LIKE 'sample' ORDER BY census_original.hours_per_week LIMIT 100;"
2025-07-01T00:07:12.800000,SELECT census_original.relationship FROM census_original  WHERE census_original.relationship != 'NULL' ORDER BY census_original.relationship LIMIT 100;
2025-07-01T00:07:13.000000,SELECT census_original.relationship FROM census_original  WHERE census_original.relationship != 'NULL' ORDER BY census_original.relationship LIMIT 100;
2025-07-01T00:07:13.200000,"SELECT census_original.relationship, census_original.native_country, census_original.capital_loss, census_original.education_num FROM census_original  WHERE census_original.relationship != 'NULL' AND census_original.native_country = 'sample' ORDER BY census_original.education_num LIMIT 100;"
2025-07-01T00:07:13.400000,"SELECT census_original.hours_per_week, census_original.workclass FROM census_original  WHERE census_original.education_num < 71.25 AND census_original.native_country LIKE 'sample' AND census_original.relationship = 'NULL' AND census_original.hours_per_week > 18.14 ORDER BY census_original.hours_per_week LIMIT 100;"
2025-07-01T00:07:13.600000,"SELECT census_original.relationship, census_original.hours_per_week FROM census_original  WHERE census_original.marital_status = 'NULL' AND census_original.education_num > 76.38 AND census_original.relationship != 'NULL' AND census_original.occupation LIKE 'sample' ORDER BY census_original.hours_per_week LIMIT 100;"
2025-07-01T00:07:13.800000,SELECT census_original.relationship FROM census_original  WHERE census_original.relationship != 'NULL' ORDER BY census_original.relationship LIMIT 100;
2025-07-01T00:07:14.000000,"SELECT census_original.hours_per_week, census_original.workclass FROM census_original  WHERE census_original.education_num < 47.49 AND census_original.native_country LIKE 'sample' AND census_original.relationship = 'NULL' AND census_original.hours_per_week > 19.76 ORDER BY census_original.hours_per_week LIMIT 100;"
2025-07-01T00:07:14.200000,"SELECT census_original.relationship, census_original.hours_per_week FROM census_original  WHERE census_original.marital_status = 'NULL' AND census_original.education_num > 5.81 AND census_original.relationship != 'NULL' AND census_original.occupation LIKE 'sample' ORDER BY census_original.hours_per_week LIMIT 100;"
2025-07-01T00:07:14.400000,"SELECT census_original.relationship, census_original.hours_per_week FROM census_original  WHERE census_original.marital_status = 'NULL' AND census_original.education_num > 89.11 AND census_original.relationship != 'NULL' AND census_original.occupation LIKE 'sample' ORDER BY census_original.hours_per_week LIMIT 100;"
2025-07-01T00:07:14.600000,"SELECT census_original.relationship, census_original.native_country, census_original.capital_loss, census_original.education_num FROM census_original  WHERE census_original.relationship != 'NULL' AND census_original.native_country = 'sample' ORDER BY census_original.education_num LIMIT 100;"
2025-07-01T00:07:14.800000,SELECT census_original.relationship FROM census_original  WHERE census_original.relationship != 'NULL' ORDER BY census_original.relationship LIMIT 100;
2025-07-01T00:07:15.000000,"SELECT census_original.hours_per_week, census_original.workclass FROM census_original  WHERE census_original.education_num < 65.59 AND census_original.native_country LIKE 'sample' AND census_original.relationship = 'NULL' AND census_original.hours_per_week > 32.31 ORDER BY census_original.hours_per_week LIMIT 100;"
2025-07-01T00:07:15.200000,"SELECT census_original.relationship, census_original.hours_per_week FROM census_original  WHERE census_original.marital_status = 'NULL' AND census_original.education_num > 10.89 AND census_original.relationship != 'NULL' AND census_original.occupation LIKE 'sample' ORDER BY census_original.hours_per_week LIMIT 100;"
2025-07-01T00:07:15.400000,"SELECT census_original.capital_gain, census_original.age, census_original.workclass, census_original.capital_loss FROM census_original  WHERE census_original.education = 'sample' AND census_original.capital_loss < 88.03 AND census_original.occupation = 'sample' ORDER BY census_original.workclass LIMIT 100;"
2025-07-01T00:07:15.600000,"SELECT census_original.capital_gain, census_original.age, census_original.workclass, census_original.capital_loss FROM census_original  WHERE census_original.education = 'sample' AND census_original.capital_loss < 99.21 AND census_original.occupation = 'sample' ORDER BY census_original.workclass LIMIT 100;"
2025-07-01T00:07:15.800000,SELECT census_original.relationship FROM census_original  WHERE census_original.relationship != 'NULL' ORDER BY census_original.relationship LIMIT 100;
2025-07-01T00:07:16.000000,"SELECT census_original.hours_per_week, census_original.workclass FROM census_original  WHERE census_original.education_num < 17.3 AND census_original.native_country LIKE 'sample' AND census_original.relationship = 'NULL' AND census_original.hours_per_week > 5.45 ORDER BY census_original.hours_per_week LIMIT 100;"
2025-07-01T00:07:16.200000,"SELECT census_original.hours_per_week, census_original.workclass FROM census_original  WHERE census_original.education_num < 64.07 AND census_original.native_country LIKE 'sample' AND census_original.relationship = 'NULL' AND census_original.hours_per_week > 13.07 ORDER BY census_original.hours_per_week LIMIT 100;"
2025-07-01T00:07:16.400000,"SELECT census_original.relationship, census_original.hours_per_week FROM census_original  WHERE census_original.marital_status = 'NULL' AND census_original.education_num > 26.11 AND census_original.relationship != 'NULL' AND census_original.occupation LIKE 'sample' ORDER BY census_original.hours_per_week LIMIT 100;"
2025-07-01T00:07:16.600000,"SELECT census_original.hours_per_week, census_original.workclass FROM census_original  WHERE census_original.education_num < 76.05 AND census_original.native_country LIKE 'sample' AND census_original.relationship = 'NULL' AND census_original.hours_per_week > 36.1 ORDER BY census_original.hours_per_week LIMIT 100;"
2025-07-01T00:07:16.800000,SELECT census_original.relationship FROM census_original  WHERE census_original.relationship != 'NULL' ORDER BY census_original.relationship LIMIT 100;
2025-07-01T00:07:17.000000,"SELECT census_original.hours_per_week, census_original.workclass FROM census_original  WHERE census_original.education_num < 65.27 AND census_original.native_country LIKE 'sample' AND census_original.relationship = 'NULL' AND census_original.hours_per_week > 67.35 ORDER BY census_original.hours_per_week LIMIT 100;"
2025-07-01T00:07:17.200000,"SELECT census_original.relationship, census_original.native_country, census_original.capital_loss, census_original.education_num FROM census_original  WHERE census_original.relationship != 'NULL' AND census_original.native_country = 'sample' ORDER BY census_original.education_num LIMIT 100;"
2025-07-01T00:07:17.400000,"SELECT census_original.hours_per_week, census_original.workclass FROM census_original  WHERE census_original.education_num < 48.77 AND census_original.native_country LIKE 'sample' AND census_original.relationship = 'NULL' AND census_original.hours_per_week > 77.09 ORDER BY census_original.hours_per_week LIMIT 100;"
2025-07-01T00:07:17.600000,"SELECT census_original.relationship, census_original.hours_per_week FROM census_original  WHERE census_original.marital_status = 'NULL' AND census_original.education_num > 68.05 AND census_original.relationship != 'NULL' AND census_original.occupation LIKE 'sample' ORDER BY census_original.hours_per_week LIMIT 100;"
2025-07-01T00:07:17.800000,"SELECT census_original.hours_per_week, census_original.workclass FROM census_original  WHERE census_original.education_num < 77.44 AND census_original.native_country LIKE 'sample' AND census_original.relationship = 'NULL' AND census_original.hours_per_week > 31.79 ORDER BY census_original.hours_per_week LIMIT 100;"
2025-07-01T00:07:18.000000,"SELECT census_original.relationship, census_original.hours_per_week FROM census_original  WHERE census_original.marital_status = 'NULL' AND census_original.education_num > 9.4 AND census_original.relationship != 'NULL' AND census_original.occupation LIKE 'sample' ORDER BY census_original.hours_per_week LIMIT 100;"
2025-07-01T00:07:18.200000,SELECT census_original.relationship FROM census_original  WHERE census_original.relationship != 'NULL' ORDER BY census_original.relationship LIMIT 100;
2025-07-01T00:07:18.400000,SELECT census_original.relationship FROM census_original  WHERE census_original.relationship != 'NULL' ORDER BY census_original.relationship LIMIT 100;
2025-07-01T00:07:18.600000,"SELECT census_original.capital_gain, census_original.age, census_original.workclass, census_original.capital_loss FROM census_original  WHERE census_original.education = 'sample' AND census_original.capital_loss < 28.81 AND census_original.occupation = 'sample' ORDER BY census_original.workclass LIMIT 100;"
2025-07-01T00:07:18.800000,"SELECT census_original.capital_gain, census_original.age, census_original.workclass, census_original.capital_loss FROM census_original  WHERE census_original.education = 'sample' AND census_original.capital_loss < 64.84 AND census_original.occupation = 'sample' ORDER BY census_original.workclass LIMIT 100;"
2025-07-01T00:07:19.000000,"SELECT census_original.capital_gain, census_original.age, census_original.workclass, census_original.capital_loss FROM census_original  WHERE census_original.education = 'sample' AND census_original.capital_loss < 52.25 AND census_original.occupation = 'sample' ORDER BY census_original.workclass LIMIT 100;"
2025-07-01T00:07:19.200000,"SELECT census_original.capital_gain, census_original.age, census_original.workclass, census_original.capital_loss FROM census_original  WHERE census_original.education = 'sample' AND census_original.capital_loss < 72.26 AND census_original.occupation = 'sample' ORDER BY census_original.workclass LIMIT 100;"
2025-07-01T00:07:19.400000,SELECT census_original.relationship FROM census_original  WHERE census_original.relationship != 'NULL' ORDER BY census_original.relationship LIMIT 100;
2025-07-01T00:07:19.600000,"SELECT census_original.relationship, census_original.native_country, census_original.capital_loss, census_original.education_num FROM census_original  WHERE census_original.relationship != 'NULL' AND census_original.native_country = 'sample' ORDER BY census_original.education_num LIMIT 100;"
2025-07-01T00:07:19.800000,SELECT census_original.relationship FROM census_original  WHERE census_original.relationship != 'NULL' ORDER BY census_original.relationship LIMIT 100;
2025-07-01T00:07:20.000000,"SELECT census_original.relationship, census_original.native_country, census_original.capital_loss, census_original.education_num FROM census_original  WHERE census_original.relationship != 'NULL' AND census_original.native_country = 'sample' ORDER BY census_original.education_num LIMIT 100;"
2025-07-01T00:07:20.200000,SELECT census_original.relationship FROM census_original  WHERE census_original.relationship != 'NULL' ORDER BY census_original.relationship LIMIT 100;
2025-07-01T00:07:20.400000,SELECT census_original.relationship FROM census_original  WHERE census_original.relationship != 'NULL' ORDER BY census_original.relationship LIMIT 100;
2025-07-01T00:07:20.600000,"SELECT census_original.capital_gain, census_original.age, census_original.workclass, census_original.capital_loss FROM census_original  WHERE census_original.education = 'sample' AND census_original.capital_loss < 88.91 AND census_original.occupation = 'sample' ORDER BY census_original.workclass LIMIT 100;"
2025-07-01T00:07:20.800000,"SELECT census_original.relationship, census_original.hours_per_week FROM census_original  WHERE census_original.marital_status = 'NULL' AND census_original.education_num > 15.89 AND census_original.relationship != 'NULL' AND census_original.occupation LIKE 'sample' ORDER BY census_original.hours_per_week LIMIT 100;"
2025-07-01T00:07:21.000000,SELECT census_original.relationship FROM census_original  WHERE census_original.relationship != 'NULL' ORDER BY census_original.relationship LIMIT 100;
2025-07-01T00:07:21.200000,SELECT census_original.relationship FROM census_original  WHERE census_original.relationship != 'NULL' ORDER BY census_original.relationship LIMIT 100;
2025-07-01T00:07:21.400000,"SELECT census_original.hours_per_week, census_original.workclass FROM census_original  WHERE census_original.education_num < 92.18 AND census_original.native_country LIKE 'sample' AND census_original.relationship = 'NULL' AND census_original.hours_per_week > 50.86 ORDER BY census_original.hours_per_week LIMIT 100;"
2025-07-01T00:07:21.600000,"SELECT census_original.capital_gain, census_original.age, census_original.workclass, census_original.capital_loss FROM census_original  WHERE census_original.education = 'sample' AND census_original.capital_loss < 7.89 AND census_original.occupation = 'sample' ORDER BY census_original.workclass LIMIT 100;"
2025-07-01T00:07:21.800000,"SELECT census_original.hours_per_week, census_original.workclass FROM census_original  WHERE census_original.education_num < 75.78 AND census_original.native_country LIKE 'sample' AND census_original.relationship = 'NULL' AND census_original.hours_per_week > 43.94 ORDER BY census_original.hours_per_week LIMIT 100;"
2025-07-01T00:07:22.000000,"SELECT census_original.relationship, census_original.native_country, census_original.capital_loss, census_original.education_num FROM census_original  WHERE census_original.relationship != 'NULL' AND census_original.native_country = 'sample' ORDER BY census_original.education_num LIMIT 100;"
2025-07-01T00:07:22.200000,"SELECT census_original.capital_gain, census_original.age, census_original.workclass, census_original.capital_loss FROM census_original  WHERE census_original.education = 'sample' AND census_original.capital_loss < 16.13 AND census_original.occupation = 'sample' ORDER BY census_original.workclass LIMIT 100;"
2025-07-01T00:07:22.400000,"SELECT census_original.relationship, census_original.native_country, census_original.capital_loss, census_original.education_num FROM census_original  WHERE census_original.relationship != 'NULL' AND census_original.native_country = 'sample' ORDER BY census_original.education_num LIMIT 100;"
2025-07-01T00:07:22.600000,"SELECT census_original.relationship, census_original.hours_per_week FROM census_original  WHERE census_original.marital_status = 'NULL' AND census_original.education_num > 35.3 AND census_original.relationship != 'NULL' AND census_original.occupation LIKE 'sample' ORDER BY census_original.hours_per_week LIMIT 100;"
2025-07-01T00:07:22.800000,"SELECT census_original.relationship, census_original.native_country, census_original.capital_loss, census_original.education_num FROM census_original  WHERE census_original.relationship != 'NULL' AND census_original.native_country = 'sample' ORDER BY census_original.education_num LIMIT 100;"
2025-07-01T00:07:23.000000,SELECT census_original.relationship FROM census_original  WHERE census_original.relationship != 'NULL' ORDER BY census_original.relationship LIMIT 100;
2025-07-01T00:07:23.200000,"SELECT census_original.hours_per_week, census_original.workclass FROM census_original  WHERE census_original.education_num < 18.91 AND census_original.native_country LIKE 'sample' AND census_original.relationship = 'NULL' AND census_original.hours_per_week > 90.8 ORDER BY census_original.hours_per_week LIMIT 100;"
2025-07-01T00:07:23.400000,"SELECT census_original.relationship, census_original.native_country, census_original.capital_loss, census_original.education_num FROM census_original  WHERE census_original.relationship != 'NULL' AND census_original.native_country = 'sample' ORDER BY census_original.education_num LIMIT 100;"
2025-07-01T00:07:23.600000,"SELECT census_original.capital_gain, census_original.age, census_original.workclass, census_original.capital_loss FROM census_original  WHERE census_original.education = 'sample' AND census_original.capital_loss < 21.05 AND census_original.occupation = 'sample' ORDER BY census_original.workclass LIMIT 100;"
2025-07-01T00:07:23.800000,"SELECT census_original.capital_gain, census_original.age, census_original.workclass, census_original.capital_loss FROM census_original  WHERE census_original.education = 'sample' AND census_original.capital_loss < 84.8 AND census_original.occupation = 'sample' ORDER BY census_original.workclass LIMIT 100;"
2025-07-01T00:07:24.000000,SELECT census_original.relationship FROM census_original  WHERE census_original.relationship != 'NULL' ORDER BY census_original.relationship LIMIT 100;
2025-07-01T00:07:24.200000,"SELECT census_original.relationship, census_original.native_country, census_original.capital_loss, census_original.education_num FROM census_original  WHERE census_original.relationship != 'NULL' AND census_original.native_country = 'sample' ORDER BY census_original.education_num LIMIT 100;"
2025-07-01T00:07:24.400000,"SELECT census_original.relationship, census_original.hours_per_week FROM census_original  WHERE census_original.marital_status = 'NULL' AND census_original.education_num > 24.92 AND census_original.relationship != 'NULL' AND census_original.occupation LIKE 'sample' ORDER BY census_original.hours_per_week LIMIT 100;"
2025-07-01T00:07:24.600000,"SELECT census_original.relationship, census_original.native_country, census_original.capital_loss, census_original.education_num FROM census_original  WHERE census_original.relationship != 'NULL' AND census_original.native_country = 'sample' ORDER BY census_original.education_num LIMIT 100;"
2025-07-01T00:07:24.800000,"SELECT census_original.relationship, census_original.hours_per_week FROM census_original  WHERE census_original.marital_status = 'NULL' AND census_original.education_num > 14.55 AND census_original.relationship != 'NULL' AND census_original.occupation LIKE 'sample' ORDER BY census_original.hours_per_week LIMIT 100;"
2025-07-01T00:07:25.000000,"SELECT census_original.relationship, census_original.hours_per_week FROM census_original  WHERE census_original.marital_status = 'NULL' AND census_original.education_num > 1.12 AND census_original.relationship != 'NULL' AND census_original.occupation LIKE 'sample' ORDER BY census_original.hours_per_week LIMIT 100;"
2025-07-01T00:07:25.200000,"SELECT census_original.hours_per_week, census_original.workclass FROM census_original  WHERE census_original.education_num < 13.97 AND census_original.native_country LIKE 'sample' AND census_original.relationship = 'NULL' AND census_original.hours_per_week > 13.25 ORDER BY census_original.hours_per_week LIMIT 100;"
2025-07-01T00:07:25.400000,SELECT census_original.relationship FROM census_original  WHERE census_original.relationship != 'NULL' ORDER BY census_original.relationship LIMIT 100;
2025-07-01T00:07:25.600000,SELECT census_original.relationship FROM census_original  WHERE census_original.relationship != 'NULL' ORDER BY census_original.relationship LIMIT 100;
2025-07-01T00:07:25.800000,"SELECT census_original.hours_per_week, census_original.workclass FROM census_original  WHERE census_original.education_num < 78.06 AND census_original.native_country LIKE 'sample' AND census_original.relationship = 'NULL' AND census_original.hours_per_week > 20.27 ORDER BY census_original.hours_per_week LIMIT 100;"
2025-07-01T00:07:26.000000,"SELECT census_original.relationship, census_original.hours_per_week FROM census_original  WHERE census_original.marital_status = 'NULL' AND census_original.education_num > 3.93 AND census_original.relationship != 'NULL' AND census_original.occupation LIKE 'sample' ORDER BY census_original.hours_per_week LIMIT 100;"
2025-07-01T00:07:26.200000,SELECT census_original.relationship FROM census_original  WHERE census_original.relationship != 'NULL' ORDER BY census_original.relationship LIMIT 100;
2025-07-01T00:07:26.400000,"SELECT census_original.relationship, census_original.hours_per_week FROM census_original  WHERE census_original.marital_status = 'NULL' AND census_original.education_num > 62.56 AND census_original.relationship != 'NULL' AND census_original.occupation LIKE 'sample' ORDER BY census_original.hours_per_week LIMIT 100;"
2025-07-01T00:07:26.600000,"SELECT census_original.relationship, census_original.native_country, census_original.capital_loss, census_original.education_num FROM census_original  WHERE census_original.relationship != 'NULL' AND census_original.native_country = 'sample' ORDER BY census_original.education_num LIMIT 100;"
2025-07-01T00:07:26.800000,"SELECT census_original.relationship, census_original.hours_per_week FROM census_original  WHERE census_original.marital_status = 'NULL' AND census_original.education_num > 37.17 AND census_original.relationship != 'NULL' AND census_original.occupation LIKE 'sample' ORDER BY census_original.hours_per_week LIMIT 100;"
2025-07-01T00:07:27.000000,"SELECT census_original.relationship, census_original.native_country, census_original.capital_loss, census_original.education_num FROM census_original  WHERE census_original.relationship != 'NULL' AND census_original.native_country = 'sample' ORDER BY census_original.education_num LIMIT 100;"
2025-07-01T00:07:27.200000,SELECT census_original.relationship FROM census_original  WHERE census_original.relationship != 'NULL' ORDER BY census_original.relationship LIMIT 100;
2025-07-01T00:07:27.400000,"SELECT census_original.relationship, census_original.hours_per_week FROM census_original  WHERE census_original.marital_status = 'NULL' AND census_original.education_num > 89.08 AND census_original.relationship != 'NULL' AND census_original.occupation LIKE 'sample' ORDER BY census_original.hours_per_week LIMIT 100;"
2025-07-01T00:07:27.600000,"SELECT census_original.relationship, census_original.hours_per_week FROM census_original  WHERE census_original.marital_status = 'NULL' AND census_original.education_num > 35.46 AND census_original.relationship != 'NULL' AND census_original.occupation LIKE 'sample' ORDER BY census_original.hours_per_week LIMIT 100;"
2025-07-01T00:07:27.800000,"SELECT census_original.hours_per_week, census_original.workclass FROM census_original  WHERE census_original.education_num < 3.25 AND census_original.native_country LIKE 'sample' AND census_original.relationship = 'NULL' AND census_original.hours_per_week > 9.91 ORDER BY census_original.hours_per_week LIMIT 100;"
2025-07-01T00:07:28.000000,"SELECT census_original.relationship, census_original.hours_per_week FROM census_original  WHERE census_original.marital_status = 'NULL' AND census_original.education_num > 58.52 AND census_original.relationship != 'NULL' AND census_original.occupation LIKE 'sample' ORDER BY census_original.hours_per_week LIMIT 100;"
2025-07-01T00:07:28.200000,"SELECT census_original.hours_per_week, census_original.workclass FROM census_original  WHERE census_original.education_num < 60.71 AND census_original.native_country LIKE 'sample' AND census_original.relationship = 'NULL' AND census_original.hours_per_week > 41.84 ORDER BY census_original.hours_per_week LIMIT 100;"
2025-07-01T00:07:28.400000,"SELECT census_original.capital_gain, census_original.age, census_original.workclass, census_original.capital_loss FROM census_original  WHERE census_original.education = 'sample' AND census_original.capital_loss < 54.36 AND census_original.occupation = 'sample' ORDER BY census_original.workclass LIMIT 100;"
2025-07-01T00:07:28.600000,"SELECT census_original.relationship, census_original.native_country, census_original.capital_loss, census_original.education_num FROM census_original  WHERE census_original.relationship != 'NULL' AND census_original.native_country = 'sample' ORDER BY census_original.education_num LIMIT 100;"
2025-07-01T00:07:28.800000,"SELECT census_original.capital_gain, census_original.age, census_original.workclass, census_original.capital_loss FROM census_original  WHERE census_original.education = 'sample' AND census_original.capital_loss < 89.36 AND census_original.occupation = 'sample' ORDER BY census_original.workclass LIMIT 100;"
2025-07-01T00:07:29.000000,"SELECT census_original.capital_gain, census_original.age, census_original.workclass, census_original.capital_loss FROM census_original  WHERE census_original.education = 'sample' AND census_original.capital_loss < 53.44 AND census_original.occupation = 'sample' ORDER BY census_original.workclass LIMIT 100;"
2025-07-01T00:07:29.200000,"SELECT census_original.capital_gain, census_original.age, census_original.workclass, census_original.capital_loss FROM census_original  WHERE census_original.education = 'sample' AND census_original.capital_loss < 42.93 AND census_original.occupation = 'sample' ORDER BY census_original.workclass LIMIT 100;"
2025-07-01T00:07:29.400000,"SELECT census_original.hours_per_week, census_original.workclass FROM census_original  WHERE census_original.education_num < 43.71 AND census_original.native_country LIKE 'sample' AND census_original.relationship = 'NULL' AND census_original.hours_per_week > 62.98 ORDER BY census_original.hours_per_week LIMIT 100;"
2025-07-01T00:07:29.600000,SELECT census_original.relationship FROM census_original  WHERE census_original.relationship != 'NULL' ORDER BY census_original.relationship LIMIT 100;
2025-07-01T00:07:29.800000,"SELECT census_original.capital_gain, census_original.age, census_original.workclass, census_original.capital_loss FROM census_original  WHERE census_original.education = 'sample' AND census_original.capital_loss < 13.81 AND census_original.occupation = 'sample' ORDER BY census_original.workclass LIMIT 100;"
2025-07-01T00:07:30.000000,SELECT census_original.relationship FROM census_original  WHERE census_original.relationship != 'NULL' ORDER BY census_original.relationship LIMIT 100;
2025-07-01T00:07:30.200000,"SELECT census_original.hours_per_week, census_original.workclass FROM census_original  WHERE census_original.education_num < 11.75 AND census_original.native_country LIKE 'sample' AND census_original.relationship = 'NULL' AND census_original.hours_per_week > 67.55 ORDER BY census_original.hours_per_week LIMIT 100;"
2025-07-01T00:07:30.400000,SELECT census_original.relationship FROM census_original  WHERE census_original.relationship != 'NULL' ORDER BY census_original.relationship LIMIT 100;
2025-07-01T00:07:30.600000,SELECT census_original.relationship FROM census_original  WHERE census_original.relationship != 'NULL' ORDER BY census_original.relationship LIMIT 100;
2025-07-01T00:07:30.800000,"SELECT census_original.relationship, census_original.hours_per_week FROM census_original  WHERE census_original.marital_status = 'NULL' AND census_original.education_num > 79.41 AND census_original.relationship != 'NULL' AND census_original.occupation LIKE 'sample' ORDER BY census_original.hours_per_week LIMIT 100;"
2025-07-01T00:07:31.000000,"SELECT census_original.relationship, census_original.hours_per_week FROM census_original  WHERE census_original.marital_status = 'NULL' AND census_original.education_num > 63.82 AND census_original.relationship != 'NULL' AND census_original.occupation LIKE 'sample' ORDER BY census_original.hours_per_week LIMIT 100;"
2025-07-01T00:07:31.200000,"SELECT census_original.relationship, census_original.native_country, census_original.capital_loss, census_original.education_num FROM census_original  WHERE census_original.relationship != 'NULL' AND census_original.native_country = 'sample' ORDER BY census_original.education_num LIMIT 100;"
2025-07-01T00:07:31.400000,"SELECT census_original.relationship, census_original.native_country, census_original.capital_loss, census_original.education_num FROM census_original  WHERE census_original.relationship != 'NULL' AND census_original.native_country = 'sample' ORDER BY census_original.education_num LIMIT 100;"
2025-07-01T00:07:31.600000,"SELECT census_original.relationship, census_original.hours_per_week FROM census_original  WHERE census_original.marital_status = 'NULL' AND census_original.education_num > 5.05 AND census_original.relationship != 'NULL' AND census_original.occupation LIKE 'sample' ORDER BY census_original.hours_per_week LIMIT 100;"
2025-07-01T00:07:31.800000,"SELECT census_original.hours_per_week, census_original.workclass FROM census_original  WHERE census_original.education_num < 78.91 AND census_original.native_country LIKE 'sample' AND census_original.relationship = 'NULL' AND census_original.hours_per_week > 66.82 ORDER BY census_original.hours_per_week LIMIT 100;"
2025-07-01T00:07:32.000000,SELECT census_original.relationship FROM census_original  WHERE census_original.relationship != 'NULL' ORDER BY census_original.relationship LIMIT 100;
2025-07-01T00:07:32.200000,SELECT census_original.relationship FROM census_original  WHERE census_original.relationship != 'NULL' ORDER BY census_original.relationship LIMIT 100;
2025-07-01T00:07:32.400000,SELECT census_original.relationship FROM census_original  WHERE census_original.relationship != 'NULL' ORDER BY census_original.relationship LIMIT 100;
2025-07-01T00:07:32.600000,"SELECT census_original.capital_gain, census_original.age, census_original.workclass, census_original.capital_loss FROM census_original  WHERE census_original.education = 'sample' AND census_original.capital_loss < 21.63 AND census_original.occupation = 'sample' ORDER BY census_original.workclass LIMIT 100;"
2025-07-01T00:07:32.800000,"SELECT census_original.relationship, census_original.native_country, census_original.capital_loss, census_original.education_num FROM census_original  WHERE census_original.relationship != 'NULL' AND census_original.native_country = 'sample' ORDER BY census_original.education_num LIMIT 100;"
2025-07-01T00:07:33.000000,"SELECT census_original.capital_gain, census_original.age, census_original.workclass, census_original.capital_loss FROM census_original  WHERE census_original.education = 'sample' AND census_original.capital_loss < 54.12 AND census_original.occupation = 'sample' ORDER BY census_original.workclass LIMIT 100;"
2025-07-01T00:07:33.200000,"SELECT census_original.capital_gain, census_original.age, census_original.workclass, census_original.capital_loss FROM census_original  WHERE census_original.education = 'sample' AND census_original.capital_loss < 46.65 AND census_original.occupation = 'sample' ORDER BY census_original.workclass LIMIT 100;"
2025-07-01T00:07:33.400000,"SELECT census_original.relationship, census_original.native_country, census_original.capital_loss, census_original.education_num FROM census_original  WHERE census_original.relationship != 'NULL' AND census_original.native_country = 'sample' ORDER BY census_original.education_num LIMIT 100;"
2025-07-01T00:07:33.600000,"SELECT census_original.hours_per_week, census_original.workclass FROM census_original  WHERE census_original.education_num < 80.29 AND census_original.native_country LIKE 'sample' AND census_original.relationship = 'NULL' AND census_original.hours_per_week > 59.77 ORDER BY census_original.hours_per_week LIMIT 100;"
2025-07-01T00:07:33.800000,"SELECT census_original.relationship, census_original.hours_per_week FROM census_original  WHERE census_original.marital_status = 'NULL' AND census_original.education_num > 50.19 AND census_original.relationship != 'NULL' AND census_original.occupation LIKE 'sample' ORDER BY census_original.hours_per_week LIMIT 100;"
2025-07-01T00:07:34.000000,SELECT census_original.relationship FROM census_original  WHERE census_original.relationship != 'NULL' ORDER BY census_original.relationship LIMIT 100;
2025-07-01T00:07:34.200000,"SELECT census_original.capital_gain, census_original.age, census_original.workclass, census_original.capital_loss FROM census_original  WHERE census_original.education = 'sample' AND census_original.capital_loss < 85.54 AND census_original.occupation = 'sample' ORDER BY census_original.workclass LIMIT 100;"
2025-07-01T00:07:34.400000,"SELECT census_original.capital_gain, census_original.age, census_original.workclass, census_original.capital_loss FROM census_original  WHERE census_original.education = 'sample' AND census_original.capital_loss < 92.26 AND census_original.occupation = 'sample' ORDER BY census_original.workclass LIMIT 100;"
2025-07-01T00:07:34.600000,SELECT census_original.relationship FROM census_original  WHERE census_original.relationship != 'NULL' ORDER BY census_original.relationship LIMIT 100;
2025-07-01T00:07:34.800000,SELECT census_original.relationship FROM census_original  WHERE census_original.relationship != 'NULL' ORDER BY census_original.relationship LIMIT 100;
2025-07-01T00:07:35.000000,"SELECT census_original.capital_gain, census_original.age, census_original.workclass, census_original.capital_loss FROM census_original  WHERE census_original.education = 'sample' AND census_original.capital_loss < 29.62 AND census_original.occupation = 'sample' ORDER BY census_original.workclass LIMIT 100;"
2025-07-01T00:07:35.200000,"SELECT census_original.relationship, census_original.native_country, census_original.capital_loss, census_original.education_num FROM census_original  WHERE census_original.relationship != 'NULL' AND census_original.native_country = 'sample' ORDER BY census_original.education_num LIMIT 100;"
2025-07-01T00:07:35.400000,"SELECT census_original.capital_gain, census_original.age, census_original.workclass, census_original.capital_loss FROM census_original  WHERE census_original.education = 'sample' AND census_original.capital_loss < 50.58 AND census_original.occupation = 'sample' ORDER BY census_original.workclass LIMIT 100;"
2025-07-01T00:07:35.600000,"SELECT census_original.hours_per_week, census_original.workclass FROM census_original  WHERE census_original.education_num < 7.59 AND census_original.native_country LIKE 'sample' AND census_original.relationship = 'NULL' AND census_original.hours_per_week > 59.85 ORDER BY census_original.hours_per_week LIMIT 100;"
2025-07-01T00:07:35.800000,"SELECT census_original.relationship, census_original.native_country, census_original.capital_loss, census_original.education_num FROM census_original  WHERE census_original.relationship != 'NULL' AND census_original.native_country = 'sample' ORDER BY census_original.education_num LIMIT 100;"
2025-07-01T00:07:36.000000,SELECT census_original.relationship FROM census_original  WHERE census_original.relationship != 'NULL' ORDER BY census_original.relationship LIMIT 100;
2025-07-01T00:07:36.200000,"SELECT census_original.relationship, census_original.native_country, census_original.capital_loss, census_original.education_num FROM census_original  WHERE census_original.relationship != 'NULL' AND census_original.native_country = 'sample' ORDER BY census_original.education_num LIMIT 100;"
2025-07-01T00:07:36.400000,SELECT census_original.relationship FROM census_original  WHERE census_original.relationship != 'NULL' ORDER BY census_original.relationship LIMIT 100;
2025-07-01T00:07:36.600000,"SELECT census_original.capital_gain, census_original.age, census_original.workclass, census_original.capital_loss FROM census_original  WHERE census_original.education = 'sample' AND census_original.capital_loss < 4.45 AND census_original.occupation = 'sample' ORDER BY census_original.workclass LIMIT 100;"
2025-07-01T00:07:36.800000,"SELECT census_original.capital_gain, census_original.age, census_original.workclass, census_original.capital_loss FROM census_original  WHERE census_original.education = 'sample' AND census_original.capital_loss < 48.67 AND census_original.occupation = 'sample' ORDER BY census_original.workclass LIMIT 100;"
2025-07-01T00:07:37.000000,"SELECT census_original.hours_per_week, census_original.workclass FROM census_original  WHERE census_original.education_num < 56.96 AND census_original.native_country LIKE 'sample' AND census_original.relationship = 'NULL' AND census_original.hours_per_week > 76.73 ORDER BY census_original.hours_per_week LIMIT 100;"
2025-07-01T00:07:37.200000,"SELECT census_original.relationship, census_original.native_country, census_original.capital_loss, census_original.education_num FROM census_original  WHERE census_original.relationship != 'NULL' AND census_original.native_country = 'sample' ORDER BY census_original.education_num LIMIT 100;"
2025-07-01T00:07:37.400000,"SELECT census_original.hours_per_week, census_original.workclass FROM census_original  WHERE census_original.education_num < 81.59 AND census_original.native_country LIKE 'sample' AND census_original.relationship = 'NULL' AND census_original.hours_per_week > 17.53 ORDER BY census_original.hours_per_week LIMIT 100;"
2025-07-01T00:07:37.600000,"SELECT census_original.relationship, census_original.native_country, census_original.capital_loss, census_original.education_num FROM census_original  WHERE census_original.relationship != 'NULL' AND census_original.native_country = 'sample' ORDER BY census_original.education_num LIMIT 100;"
2025-07-01T00:07:37.800000,"SELECT census_original.hours_per_week, census_original.workclass FROM census_original  WHERE census_original.education_num < 49.18 AND census_original.native_country LIKE 'sample' AND census_original.relationship = 'NULL' AND census_original.hours_per_week > 49.58 ORDER BY census_original.hours_per_week LIMIT 100;"
2025-07-01T00:07:38.000000,"SELECT census_original.relationship, census_original.native_country, census_original.capital_loss, census_original.education_num FROM census_original  WHERE census_original.relationship != 'NULL' AND census_original.native_country = 'sample' ORDER BY census_original.education_num LIMIT 100;"
2025-07-01T00:07:38.200000,"SELECT census_original.capital_gain, census_original.age, census_original.workclass, census_original.capital_loss FROM census_original  WHERE census_original.education = 'sample' AND census_original.capital_loss < 42.86 AND census_original.occupation = 'sample' ORDER BY census_original.workclass LIMIT 100;"
2025-07-01T00:07:38.400000,"SELECT census_original.relationship, census_original.hours_per_week FROM census_original  WHERE census_original.marital_status = 'NULL' AND census_original.education_num > 59.44 AND census_original.relationship != 'NULL' AND census_original.occupation LIKE 'sample' ORDER BY census_original.hours_per_week LIMIT 100;"
2025-07-01T00:07:38.600000,"SELECT census_original.hours_per_week, census_original.workclass FROM census_original  WHERE census_original.education_num < 45.49 AND census_original.native_country LIKE 'sample' AND census_original.relationship = 'NULL' AND census_original.hours_per_week > 27.95 ORDER BY census_original.hours_per_week LIMIT 100;"
2025-07-01T00:07:38.800000,SELECT census_original.relationship FROM census_original  WHERE census_original.relationship != 'NULL' ORDER BY census_original.relationship LIMIT 100;
2025-07-01T00:07:39.000000,"SELECT census_original.relationship, census_original.native_country, census_original.capital_loss, census_original.education_num FROM census_original  WHERE census_original.relationship != 'NULL' AND census_original.native_country = 'sample' ORDER BY census_original.education_num LIMIT 100;"
2025-07-01T00:07:39.200000,"SELECT census_original.capital_gain, census_original.age, census_original.workclass, census_original.capital_loss FROM census_original  WHERE census_original.education = 'sample' AND census_original.capital_loss < 75.13 AND census_original.occupation = 'sample' ORDER BY census_original.workclass LIMIT 100;"
2025-07-01T00:07:39.400000,"SELECT census_original.capital_gain, census_original.age, census_original.workclass, census_original.capital_loss FROM census_original  WHERE census_original.education = 'sample' AND census_original.capital_loss < 82.49 AND census_original.occupation = 'sample' ORDER BY census_original.workclass LIMIT 100;"
2025-07-01T00:07:39.600000,"SELECT census_original.hours_per_week, census_original.workclass FROM census_original  WHERE census_original.education_num < 83.15 AND census_original.native_country LIKE 'sample' AND census_original.relationship = 'NULL' AND census_original.hours_per_week > 81.02 ORDER BY census_original.hours_per_week LIMIT 100;"
2025-07-01T00:07:39.800000,"SELECT census_original.hours_per_week, census_original.workclass FROM census_original  WHERE census_original.education_num < 32.08 AND census_original.native_country LIKE 'sample' AND census_original.relationship = 'NULL' AND census_original.hours_per_week > 74.53 ORDER BY census_original.hours_per_week LIMIT 100;"
2025-07-01T00:07:40.000000,"SELECT census_original.capital_gain, census_original.age, census_original.workclass, census_original.capital_loss FROM census_original  WHERE census_original.education = 'sample' AND census_original.capital_loss < 52.13 AND census_original.occupation = 'sample' ORDER BY census_original.workclass LIMIT 100;"
2025-07-01T00:07:40.200000,"SELECT census_original.relationship, census_original.native_country, census_original.capital_loss, census_original.education_num FROM census_original  WHERE census_original.relationship != 'NULL' AND census_original.native_country = 'sample' ORDER BY census_original.education_num LIMIT 100;"
2025-07-01T00:07:40.400000,"SELECT census_original.hours_per_week, census_original.workclass FROM census_original  WHERE census_original.education_num < 37.29 AND census_original.native_country LIKE 'sample' AND census_original.relationship = 'NULL' AND census_original.hours_per_week > 54.41 ORDER BY census_original.hours_per_week LIMIT 100;"
2025-07-01T00:07:40.600000,"SELECT census_original.relationship, census_original.native_country, census_original.capital_loss, census_original.education_num FROM census_original  WHERE census_original.relationship != 'NULL' AND census_original.native_country = 'sample' ORDER BY census_original.education_num LIMIT 100;"
2025-07-01T00:07:40.800000,"SELECT census_original.relationship, census_original.native_country, census_original.capital_loss, census_original.education_num FROM census_original  WHERE census_original.relationship != 'NULL' AND census_original.native_country = 'sample' ORDER BY census_original.education_num LIMIT 100;"
2025-07-01T00:07:41.000000,"SELECT census_original.relationship, census_original.hours_per_week FROM census_original  WHERE census_original.marital_status = 'NULL' AND census_original.education_num > 85.95 AND census_original.relationship != 'NULL' AND census_original.occupation LIKE 'sample' ORDER BY census_original.hours_per_week LIMIT 100;"
2025-07-01T00:07:41.200000,SELECT census_original.relationship FROM census_original  WHERE census_original.relationship != 'NULL' ORDER BY census_original.relationship LIMIT 100;
2025-07-01T00:07:41.400000,"SELECT census_original.relationship, census_original.hours_per_week FROM census_original  WHERE census_original.marital_status = 'NULL' AND census_original.education_num > 1.92 AND census_original.relationship != 'NULL' AND census_original.occupation LIKE 'sample' ORDER BY census_original.hours_per_week LIMIT 100;"
2025-07-01T00:07:41.600000,"SELECT census_original.hours_per_week, census_original.workclass FROM census_original  WHERE census_original.education_num < 70.11 AND census_original.native_country LIKE 'sample' AND census_original.relationship = 'NULL' AND census_original.hours_per_week > 83.96 ORDER BY census_original.hours_per_week LIMIT 100;"
2025-07-01T00:07:41.800000,"SELECT census_original.relationship, census_original.hours_per_week FROM census_original  WHERE census_original.marital_status = 'NULL' AND census_original.education_num > 11.82 AND census_original.relationship != 'NULL' AND census_original.occupation LIKE 'sample' ORDER BY census_original.hours_per_week LIMIT 100;"
2025-07-01T00:07:42.000000,SELECT census_original.relationship FROM census_original  WHERE census_original.relationship != 'NULL' ORDER BY census_original.relationship LIMIT 100;
2025-07-01T00:07:42.200000,"SELECT census_original.hours_per_week, census_original.workclass FROM census_original  WHERE census_original.education_num < 39.4 AND census_original.native_country LIKE 'sample' AND census_original.relationship = 'NULL' AND census_original.hours_per_week > 64.45 ORDER BY census_original.hours_per_week LIMIT 100;"
2025-07-01T00:07:42.400000,SELECT census_original.relationship FROM census_original  WHERE census_original.relationship != 'NULL' ORDER BY census_original.relationship LIMIT 100;
2025-07-01T00:07:42.600000,SELECT census_original.relationship FROM census_original  WHERE census_original.relationship != 'NULL' ORDER BY census_original.relationship LIMIT 100;
2025-07-01T00:07:42.800000,"SELECT census_original.relationship, census_original.hours_per_week FROM census_original  WHERE census_original.marital_status = 'NULL' AND census_original.education_num > 59.43 AND census_original.relationship != 'NULL' AND census_original.occupation LIKE 'sample' ORDER BY census_original.hours_per_week LIMIT 100;"
2025-07-01T00:07:43.000000,SELECT census_original.relationship FROM census_original  WHERE census_original.relationship != 'NULL' ORDER BY census_original.relationship LIMIT 100;
2025-07-01T00:07:43.200000,SELECT census_original.relationship FROM census_original  WHERE census_original.relationship != 'NULL' ORDER BY census_original.relationship LIMIT 100;
2025-07-01T00:07:43.400000,"SELECT census_original.relationship, census_original.native_country, census_original.capital_loss, census_original.education_num FROM census_original  WHERE census_original.relationship != 'NULL' AND census_original.native_country = 'sample' ORDER BY census_original.education_num LIMIT 100;"
2025-07-01T00:07:43.600000,SELECT census_original.relationship FROM census_original  WHERE census_original.relationship != 'NULL' ORDER BY census_original.relationship LIMIT 100;
2025-07-01T00:07:43.800000,SELECT census_original.relationship FROM census_original  WHERE census_original.relationship != 'NULL' ORDER BY census_original.relationship LIMIT 100;
2025-07-01T00:07:44.000000,"SELECT census_original.capital_gain, census_original.age, census_original.workclass, census_original.capital_loss FROM census_original  WHERE census_original.education = 'sample' AND census_original.capital_loss < 95.34 AND census_original.occupation = 'sample' ORDER BY census_original.workclass LIMIT 100;"
2025-07-01T00:07:44.200000,"SELECT census_original.capital_gain, census_original.age, census_original.workclass, census_original.capital_loss FROM census_original  WHERE census_original.education = 'sample' AND census_original.capital_loss < 10.42 AND census_original.occupation = 'sample' ORDER BY census_original.workclass LIMIT 100;"
2025-07-01T00:07:44.400000,"SELECT census_original.relationship, census_original.native_country, census_original.capital_loss, census_original.education_num FROM census_original  WHERE census_original.relationship != 'NULL' AND census_original.native_country = 'sample' ORDER BY census_original.education_num LIMIT 100;"
2025-07-01T00:07:44.600000,"SELECT census_original.capital_gain, census_original.age, census_original.workclass, census_original.capital_loss FROM census_original  WHERE census_original.education = 'sample' AND census_original.capital_loss < 45.42 AND census_original.occupation = 'sample' ORDER BY census_original.workclass LIMIT 100;"
2025-07-01T00:07:44.800000,"SELECT census_original.hours_per_week, census_original.workclass FROM census_original  WHERE census_original.education_num < 70.81 AND census_original.native_country LIKE 'sample' AND census_original.relationship = 'NULL' AND census_original.hours_per_week > 78.29 ORDER BY census_original.hours_per_week LIMIT 100;"
2025-07-01T00:07:45.000000,"SELECT census_original.capital_gain, census_original.age, census_original.workclass, census_original.capital_loss FROM census_original  WHERE census_original.education = 'sample' AND census_original.capital_loss < 42.25 AND census_original.occupation = 'sample' ORDER BY census_original.workclass LIMIT 100;"
2025-07-01T00:07:45.200000,"SELECT census_original.relationship, census_original.native_country, census_original.capital_loss, census_original.education_num FROM census_original  WHERE census_original.relationship != 'NULL' AND census_original.native_country = 'sample' ORDER BY census_original.education_num LIMIT 100;"
2025-07-01T00:07:45.400000,SELECT census_original.relationship FROM census_original  WHERE census_original.relationship != 'NULL' ORDER BY census_original.relationship LIMIT 100;
2025-07-01T00:07:45.600000,"SELECT census_original.relationship, census_original.hours_per_week FROM census_original  WHERE census_original.marital_status = 'NULL' AND census_original.education_num > 77.52 AND census_original.relationship != 'NULL' AND census_original.occupation LIKE 'sample' ORDER BY census_original.hours_per_week LIMIT 100;"
2025-07-01T00:07:45.800000,"SELECT census_original.hours_per_week, census_original.workclass FROM census_original  WHERE census_original.education_num < 9.36 AND census_original.native_country LIKE 'sample' AND census_original.relationship = 'NULL' AND census_original.hours_per_week > 93.66 ORDER BY census_original.hours_per_week LIMIT 100;"
2025-07-01T00:07:46.000000,SELECT census_original.relationship FROM census_original  WHERE census_original.relationship != 'NULL' ORDER BY census_original.relationship LIMIT 100;
2025-07-01T00:07:46.200000,"SELECT census_original.relationship, census_original.hours_per_week FROM census_original  WHERE census_original.marital_status = 'NULL' AND census_original.education_num > 78.97 AND census_original.relationship != 'NULL' AND census_original.occupation LIKE 'sample' ORDER BY census_original.hours_per_week LIMIT 100;"
2025-07-01T00:07:46.400000,SELECT census_original.relationship FROM census_original  WHERE census_original.relationship != 'NULL' ORDER BY census_original.relationship LIMIT 100;
2025-07-01T00:07:46.600000,"SELECT census_original.relationship, census_original.native_country, census_original.capital_loss, census_original.education_num FROM census_original  WHERE census_original.relationship != 'NULL' AND census_original.native_country = 'sample' ORDER BY census_original.education_num LIMIT 100;"
2025-07-01T00:07:46.800000,"SELECT census_original.relationship, census_original.native_country, census_original.capital_loss, census_original.education_num FROM census_original  WHERE census_original.relationship != 'NULL' AND census_original.native_country = 'sample' ORDER BY census_original.education_num LIMIT 100;"
2025-07-01T00:07:47.000000,"SELECT census_original.relationship, census_original.hours_per_week FROM census_original  WHERE census_original.marital_status = 'NULL' AND census_original.education_num > 62.57 AND census_original.relationship != 'NULL' AND census_original.occupation LIKE 'sample' ORDER BY census_original.hours_per_week LIMIT 100;"
2025-07-01T00:07:47.200000,"SELECT census_original.relationship, census_original.native_country, census_original.capital_loss, census_original.education_num FROM census_original  WHERE census_original.relationship != 'NULL' AND census_original.native_country = 'sample' ORDER BY census_original.education_num LIMIT 100;"
2025-07-01T00:07:47.400000,"SELECT census_original.hours_per_week, census_original.workclass FROM census_original  WHERE census_original.education_num < 14.84 AND census_original.native_country LIKE 'sample' AND census_original.relationship = 'NULL' AND census_original.hours_per_week > 12.34 ORDER BY census_original.hours_per_week LIMIT 100;"
2025-07-01T00:07:47.600000,SELECT census_original.relationship FROM census_original  WHERE census_original.relationship != 'NULL' ORDER BY census_original.relationship LIMIT 100;
2025-07-01T00:07:47.800000,"SELECT census_original.relationship, census_original.hours_per_week FROM census_original  WHERE census_original.marital_status = 'NULL' AND census_original.education_num > 33.98 AND census_original.relationship != 'NULL' AND census_original.occupation LIKE 'sample' ORDER BY census_original.hours_per_week LIMIT 100;"
2025-07-01T00:07:48.000000,"SELECT census_original.hours_per_week, census_original.workclass FROM census_original  WHERE census_original.education_num < 59.06 AND census_original.native_country LIKE 'sample' AND census_original.relationship = 'NULL' AND census_original.hours_per_week > 49.84 ORDER BY census_original.hours_per_week LIMIT 100;"
2025-07-01T00:07:48.200000,"SELECT census_original.capital_gain, census_original.age, census_original.workclass, census_original.capital_loss FROM census_original  WHERE census_original.education = 'sample' AND census_original.capital_loss < 32.9 AND census_original.occupation = 'sample' ORDER BY census_original.workclass LIMIT 100;"
2025-07-01T00:07:48.400000,"SELECT census_original.relationship, census_original.hours_per_week FROM census_original  WHERE census_original.marital_status = 'NULL' AND census_original.education_num > 71.1 AND census_original.relationship != 'NULL' AND census_original.occupation LIKE 'sample' ORDER BY census_original.hours_per_week LIMIT 100;"
2025-07-01T00:07:48.600000,"SELECT census_original.hours_per_week, census_original.workclass FROM census_original  WHERE census_original.education_num < 5.19 AND census_original.native_country LIKE 'sample' AND census_original.relationship = 'NULL' AND census_original.hours_per_week > 88.53 ORDER BY census_original.hours_per_week LIMIT 100;"
2025-07-01T00:07:48.800000,"SELECT census_original.relationship, census_original.native_country, census_original.capital_loss, census_original.education_num FROM census_original  WHERE census_original.relationship != 'NULL' AND census_original.native_country = 'sample' ORDER BY census_original.education_num LIMIT 100;"
2025-07-01T00:07:49.000000,"SELECT census_original.relationship, census_original.native_country, census_original.capital_loss, census_original.education_num FROM census_original  WHERE census_original.relationship != 'NULL' AND census_original.native_country = 'sample' ORDER BY census_original.education_num LIMIT 100;"
2025-07-01T00:07:49.200000,"SELECT census_original.relationship, census_original.hours_per_week FROM census_original  WHERE census_original.marital_status = 'NULL' AND census_original.education_num > 52.18 AND census_original.relationship != 'NULL' AND census_original.occupation LIKE 'sample' ORDER BY census_original.hours_per_week LIMIT 100;"
2025-07-01T00:07:49.400000,"SELECT census_original.relationship, census_original.native_country, census_original.capital_loss, census_original.education_num FROM census_original  WHERE census_original.relationship != 'NULL' AND census_original.native_country = 'sample' ORDER BY census_original.education_num LIMIT 100;"
2025-07-01T00:07:49.600000,SELECT census_original.relationship FROM census_original  WHERE census_original.relationship != 'NULL' ORDER BY census_original.relationship LIMIT 100;
2025-07-01T00:07:49.800000,"SELECT census_original.relationship, census_original.hours_per_week FROM census_original  WHERE census_original.marital_status = 'NULL' AND census_original.education_num > 20.75 AND census_original.relationship != 'NULL' AND census_original.occupation LIKE 'sample' ORDER BY census_original.hours_per_week LIMIT 100;"
2025-07-01T00:07:50.000000,SELECT census_original.relationship FROM census_original  WHERE census_original.relationship != 'NULL' ORDER BY census_original.relationship LIMIT 100;
2025-07-01T00:07:50.200000,"SELECT census_original.relationship, census_original.hours_per_week FROM census_original  WHERE census_original.marital_status = 'NULL' AND census_original.education_num > 30.64 AND census_original.relationship != 'NULL' AND census_original.occupation LIKE 'sample' ORDER BY census_original.hours_per_week LIMIT 100;"
2025-07-01T00:07:50.400000,"SELECT census_original.relationship, census_original.native_country, census_original.capital_loss, census_original.education_num FROM census_original  WHERE census_original.relationship != 'NULL' AND census_original.native_country = 'sample' ORDER BY census_original.education_num LIMIT 100;"
2025-07-01T00:07:50.600000,"SELECT census_original.capital_gain, census_original.age, census_original.workclass, census_original.capital_loss FROM census_original  WHERE census_original.education = 'sample' AND census_original.capital_loss < 20.07 AND census_original.occupation = 'sample' ORDER BY census_original.workclass LIMIT 100;"
2025-07-01T00:07:50.800000,"SELECT census_original.relationship, census_original.hours_per_week FROM census_original  WHERE census_original.marital_status = 'NULL' AND census_original.education_num > 28.21 AND census_original.relationship != 'NULL' AND census_original.occupation LIKE 'sample' ORDER BY census_original.hours_per_week LIMIT 100;"
2025-07-01T00:07:51.000000,SELECT census_original.relationship FROM census_original  WHERE census_original.relationship != 'NULL' ORDER BY census_original.relationship LIMIT 100;
2025-07-01T00:07:51.200000,"SELECT census_original.capital_gain, census_original.age, census_original.workclass, census_original.capital_loss FROM census_original  WHERE census_original.education = 'sample' AND census_original.capital_loss < 74.04 AND census_original.occupation = 'sample' ORDER BY census_original.workclass LIMIT 100;"
2025-07-01T00:07:51.400000,"SELECT census_original.capital_gain, census_original.age, census_original.workclass, census_original.capital_loss FROM census_original  WHERE census_original.education = 'sample' AND census_original.capital_loss < 33.33 AND census_original.occupation = 'sample' ORDER BY census_original.workclass LIMIT 100;"
2025-07-01T00:07:51.600000,"SELECT census_original.capital_gain, census_original.age, census_original.workclass, census_original.capital_loss FROM census_original  WHERE census_original.education = 'sample' AND census_original.capital_loss < 14.04 AND census_original.occupation = 'sample' ORDER BY census_original.workclass LIMIT 100;"
2025-07-01T00:07:51.800000,SELECT census_original.relationship FROM census_original  WHERE census_original.relationship != 'NULL' ORDER BY census_original.relationship LIMIT 100;
2025-07-01T00:07:52.000000,"SELECT census_original.hours_per_week, census_original.workclass FROM census_original  WHERE census_original.education_num < 44.28 AND census_original.native_country LIKE 'sample' AND census_original.relationship = 'NULL' AND census_original.hours_per_week > 83.44 ORDER BY census_original.hours_per_week LIMIT 100;"
2025-07-01T00:07:52.200000,SELECT census_original.relationship FROM census_original  WHERE census_original.relationship != 'NULL' ORDER BY census_original.relationship LIMIT 100;
2025-07-01T00:07:52.400000,"SELECT census_original.relationship, census_original.hours_per_week FROM census_original  WHERE census_original.marital_status = 'NULL' AND census_original.education_num > 19.39 AND census_original.relationship != 'NULL' AND census_original.occupation LIKE 'sample' ORDER BY census_original.hours_per_week LIMIT 100;"
2025-07-01T00:07:52.600000,SELECT census_original.relationship FROM census_original  WHERE census_original.relationship != 'NULL' ORDER BY census_original.relationship LIMIT 100;
2025-07-01T00:07:52.800000,"SELECT census_original.relationship, census_original.hours_per_week FROM census_original  WHERE census_original.marital_status = 'NULL' AND census_original.education_num > 65.69 AND census_original.relationship != 'NULL' AND census_original.occupation LIKE 'sample' ORDER BY census_original.hours_per_week LIMIT 100;"
2025-07-01T00:07:53.000000,SELECT census_original.relationship FROM census_original  WHERE census_original.relationship != 'NULL' ORDER BY census_original.relationship LIMIT 100;
2025-07-01T00:07:53.200000,"SELECT census_original.relationship, census_original.native_country, census_original.capital_loss, census_original.education_num FROM census_original  WHERE census_original.relationship != 'NULL' AND census_original.native_country = 'sample' ORDER BY census_original.education_num LIMIT 100;"
2025-07-01T00:07:53.400000,"SELECT census_original.hours_per_week, census_original.workclass FROM census_original  WHERE census_original.education_num < 1.54 AND census_original.native_country LIKE 'sample' AND census_original.relationship = 'NULL' AND census_original.hours_per_week > 6.11 ORDER BY census_original.hours_per_week LIMIT 100;"
2025-07-01T00:07:53.600000,"SELECT census_original.hours_per_week, census_original.workclass FROM census_original  WHERE census_original.education_num < 33.66 AND census_original.native_country LIKE 'sample' AND census_original.relationship = 'NULL' AND census_original.hours_per_week > 15.31 ORDER BY census_original.hours_per_week LIMIT 100;"
2025-07-01T00:07:53.800000,"SELECT census_original.relationship, census_original.hours_per_week FROM census_original  WHERE census_original.marital_status = 'NULL' AND census_original.education_num > 5.07 AND census_original.relationship != 'NULL' AND census_original.occupation LIKE 'sample' ORDER BY census_original.hours_per_week LIMIT 100;"
2025-07-01T00:07:54.000000,"SELECT census_original.relationship, census_original.hours_per_week FROM census_original  WHERE census_original.marital_status = 'NULL' AND census_original.education_num > 17.11 AND census_original.relationship != 'NULL' AND census_original.occupation LIKE 'sample' ORDER BY census_original.hours_per_week LIMIT 100;"
2025-07-01T00:07:54.200000,"SELECT census_original.relationship, census_original.hours_per_week FROM census_original  WHERE census_original.marital_status = 'NULL' AND census_original.education_num > 47.51 AND census_original.relationship != 'NULL' AND census_original.occupation LIKE 'sample' ORDER BY census_original.hours_per_week LIMIT 100;"
2025-07-01T00:07:54.400000,SELECT census_original.relationship FROM census_original  WHERE census_original.relationship != 'NULL' ORDER BY census_original.relationship LIMIT 100;
2025-07-01T00:07:54.600000,"SELECT census_original.relationship, census_original.hours_per_week FROM census_original  WHERE census_original.marital_status = 'NULL' AND census_original.education_num > 11.09 AND census_original.relationship != 'NULL' AND census_original.occupation LIKE 'sample' ORDER BY census_original.hours_per_week LIMIT 100;"
2025-07-01T00:07:54.800000,"SELECT census_original.capital_gain, census_original.age, census_original.workclass, census_original.capital_loss FROM census_original  WHERE census_original.education = 'sample' AND census_original.capital_loss < 48.72 AND census_original.occupation = 'sample' ORDER BY census_original.workclass LIMIT 100;"
2025-07-01T00:07:55.000000,SELECT census_original.relationship FROM census_original  WHERE census_original.relationship != 'NULL' ORDER BY census_original.relationship LIMIT 100;
2025-07-01T00:07:55.200000,"SELECT census_original.capital_gain, census_original.age, census_original.workclass, census_original.capital_loss FROM census_original  WHERE census_original.education = 'sample' AND census_original.capital_loss < 46.66 AND census_original.occupation = 'sample' ORDER BY census_original.workclass LIMIT 100;"
2025-07-01T00:07:55.400000,"SELECT census_original.relationship, census_original.native_country, census_original.capital_loss, census_original.education_num FROM census_original  WHERE census_original.relationship != 'NULL' AND census_original.native_country = 'sample' ORDER BY census_original.education_num LIMIT 100;"
2025-07-01T00:07:55.600000,"SELECT census_original.hours_per_week, census_original.workclass FROM census_original  WHERE census_original.education_num < 24.02 AND census_original.native_country LIKE 'sample' AND census_original.relationship = 'NULL' AND census_original.hours_per_week > 37.38 ORDER BY census_original.hours_per_week LIMIT 100;"
2025-07-01T00:07:55.800000,"SELECT census_original.relationship, census_original.native_country, census_original.capital_loss, census_original.education_num FROM census_original  WHERE census_original.relationship != 'NULL' AND census_original.native_country = 'sample' ORDER BY census_original.education_num LIMIT 100;"
2025-07-01T00:07:56.000000,"SELECT census_original.capital_gain, census_original.age, census_original.workclass, census_original.capital_loss FROM census_original  WHERE census_original.education = 'sample' AND census_original.capital_loss < 94.81 AND census_original.occupation = 'sample' ORDER BY census_original.workclass LIMIT 100;"
2025-07-01T00:07:56.200000,"SELECT census_original.capital_gain, census_original.age, census_original.workclass, census_original.capital_loss FROM census_original  WHERE census_original.education = 'sample' AND census_original.capital_loss < 86.2 AND census_original.occupation = 'sample' ORDER BY census_original.workclass LIMIT 100;"
2025-07-01T00:07:56.400000,SELECT census_original.relationship FROM census_original  WHERE census_original.relationship != 'NULL' ORDER BY census_original.relationship LIMIT 100;
2025-07-01T00:07:56.600000,SELECT census_original.relationship FROM census_original  WHERE census_original.relationship != 'NULL' ORDER BY census_original.relationship LIMIT 100;
2025-07-01T00:07:56.800000,"SELECT census_original.hours_per_week, census_original.workclass FROM census_original  WHERE census_original.education_num < 55.93 AND census_original.native_country LIKE 'sample' AND census_original.relationship = 'NULL' AND census_original.hours_per_week > 37.72 ORDER BY census_original.hours_per_week LIMIT 100;"
2025-07-01T00:07:57.000000,"SELECT census_original.relationship, census_original.hours_per_week FROM census_original  WHERE census_original.marital_status = 'NULL' AND census_original.education_num > 91.35 AND census_original.relationship != 'NULL' AND census_original.occupation LIKE 'sample' ORDER BY census_original.hours_per_week LIMIT 100;"
2025-07-01T00:07:57.200000,SELECT census_original.relationship FROM census_original  WHERE census_original.relationship != 'NULL' ORDER BY census_original.relationship LIMIT 100;
2025-07-01T00:07:57.400000,"SELECT census_original.capital_gain, census_original.age, census_original.workclass, census_original.capital_loss FROM census_original  WHERE census_original.education = 'sample' AND census_original.capital_loss < 34.8 AND census_original.occupation = 'sample' ORDER BY census_original.workclass LIMIT 100;"
2025-07-01T00:07:57.600000,"SELECT census_original.hours_per_week, census_original.workclass FROM census_original  WHERE census_original.education_num < 29.91 AND census_original.native_country LIKE 'sample' AND census_original.relationship = 'NULL' AND census_original.hours_per_week > 49.53 ORDER BY census_original.hours_per_week LIMIT 100;"
2025-07-01T00:07:57.800000,"SELECT census_original.capital_gain, census_original.age, census_original.workclass, census_original.capital_loss FROM census_original  WHERE census_original.education = 'sample' AND census_original.capital_loss < 82.01 AND census_original.occupation = 'sample' ORDER BY census_original.workclass LIMIT 100;"
2025-07-01T00:07:58.000000,SELECT census_original.relationship FROM census_original  WHERE census_original.relationship != 'NULL' ORDER BY census_original.relationship LIMIT 100;
2025-07-01T00:07:58.200000,"SELECT census_original.relationship, census_original.native_country, census_original.capital_loss, census_original.education_num FROM census_original  WHERE census_original.relationship != 'NULL' AND census_original.native_country = 'sample' ORDER BY census_original.education_num LIMIT 100;"
2025-07-01T00:07:58.400000,"SELECT census_original.capital_gain, census_original.age, census_original.workclass, census_original.capital_loss FROM census_original  WHERE census_original.education = 'sample' AND census_original.capital_loss < 34.08 AND census_original.occupation = 'sample' ORDER BY census_original.workclass LIMIT 100;"
2025-07-01T00:07:58.600000,"SELECT census_original.relationship, census_original.hours_per_week FROM census_original  WHERE census_original.marital_status = 'NULL' AND census_original.education_num > 26.77 AND census_original.relationship != 'NULL' AND census_original.occupation LIKE 'sample' ORDER BY census_original.hours_per_week LIMIT 100;"
2025-07-01T00:07:58.800000,"SELECT census_original.hours_per_week, census_original.workclass FROM census_original  WHERE census_original.education_num < 84.52 AND census_original.native_country LIKE 'sample' AND census_original.relationship = 'NULL' AND census_original.hours_per_week > 64.12 ORDER BY census_original.hours_per_week LIMIT 100;"
2025-07-01T00:07:59.000000,"SELECT census_original.hours_per_week, census_original.workclass FROM census_original  WHERE census_original.education_num < 57.67 AND census_original.native_country LIKE 'sample' AND census_original.relationship = 'NULL' AND census_original.hours_per_week > 57.01 ORDER BY census_original.hours_per_week LIMIT 100;"
2025-07-01T00:07:59.200000,"SELECT census_original.relationship, census_original.native_country, census_original.capital_loss, census_original.education_num FROM census_original  WHERE census_original.relationship != 'NULL' AND census_original.native_country = 'sample' ORDER BY census_original.education_num LIMIT 100;"
2025-07-01T00:07:59.400000,"SELECT census_original.relationship, census_original.hours_per_week FROM census_original  WHERE census_original.marital_status = 'NULL' AND census_original.education_num > 2.88 AND census_original.relationship != 'NULL' AND census_original.occupation LIKE 'sample' ORDER BY census_original.hours_per_week LIMIT 100;"
2025-07-01T00:07:59.600000,"SELECT census_original.relationship, census_original.hours_per_week FROM census_original  WHERE census_original.marital_status = 'NULL' AND census_original.education_num > 68.08 AND census_original.relationship != 'NULL' AND census_original.occupation LIKE 'sample' ORDER BY census_original.hours_per_week LIMIT 100;"
2025-07-01T00:07:59.800000,"SELECT census_original.relationship, census_original.native_country, census_original.capital_loss, census_original.education_num FROM census_original  WHERE census_original.relationship != 'NULL' AND census_original.native_country = 'sample' ORDER BY census_original.education_num LIMIT 100;"
2025-07-01T00:08:00.000000,"SELECT census_original.relationship, census_original.native_country, census_original.capital_loss, census_original.education_num FROM census_original  WHERE census_original.relationship != 'NULL' AND census_original.native_country = 'sample' ORDER BY census_original.education_num LIMIT 100;"
2025-07-01T00:08:00.200000,SELECT census_original.relationship FROM census_original  WHERE census_original.relationship != 'NULL' ORDER BY census_original.relationship LIMIT 100;
2025-07-01T00:08:00.400000,"SELECT census_original.relationship, census_original.native_country, census_original.capital_loss, census_original.education_num FROM census_original  WHERE census_original.relationship != 'NULL' AND census_original.native_country = 'sample' ORDER BY census_original.education_num LIMIT 100;"
2025-07-01T00:08:00.600000,"SELECT census_original.relationship, census_original.native_country, census_original.capital_loss, census_original.education_num FROM census_original  WHERE census_original.relationship != 'NULL' AND census_original.native_country = 'sample' ORDER BY census_original.education_num LIMIT 100;"
2025-07-01T00:08:00.800000,"SELECT census_original.hours_per_week, census_original.workclass FROM census_original  WHERE census_original.education_num < 32.13 AND census_original.native_country LIKE 'sample' AND census_original.relationship = 'NULL' AND census_original.hours_per_week > 83.9 ORDER BY census_original.hours_per_week LIMIT 100;"
2025-07-01T00:08:01.000000,"SELECT census_original.capital_gain, census_original.age, census_original.workclass, census_original.capital_loss FROM census_original  WHERE census_original.education = 'sample' AND census_original.capital_loss < 1.23 AND census_original.occupation = 'sample' ORDER BY census_original.workclass LIMIT 100;"
2025-07-01T00:08:01.200000,"SELECT census_original.hours_per_week, census_original.workclass FROM census_original  WHERE census_original.education_num < 69.08 AND census_original.native_country LIKE 'sample' AND census_original.relationship = 'NULL' AND census_original.hours_per_week > 70.84 ORDER BY census_original.hours_per_week LIMIT 100;"
2025-07-01T00:08:01.400000,SELECT census_original.relationship FROM census_original  WHERE census_original.relationship != 'NULL' ORDER BY census_original.relationship LIMIT 100;
2025-07-01T00:08:01.600000,"SELECT census_original.capital_gain, census_original.age, census_original.workclass, census_original.capital_loss FROM census_original  WHERE census_original.education = 'sample' AND census_original.capital_loss < 3.98 AND census_original.occupation = 'sample' ORDER BY census_original.workclass LIMIT 100;"
2025-07-01T00:08:01.800000,SELECT census_original.relationship FROM census_original  WHERE census_original.relationship != 'NULL' ORDER BY census_original.relationship LIMIT 100;
2025-07-01T00:08:02.000000,"SELECT census_original.relationship, census_original.native_country, census_original.capital_loss, census_original.education_num FROM census_original  WHERE census_original.relationship != 'NULL' AND census_original.native_country = 'sample' ORDER BY census_original.education_num LIMIT 100;"
2025-07-01T00:08:02.200000,"SELECT census_original.hours_per_week, census_original.workclass FROM census_original  WHERE census_original.education_num < 85.01 AND census_original.native_country LIKE 'sample' AND census_original.relationship = 'NULL' AND census_original.hours_per_week > 65.61 ORDER BY census_original.hours_per_week LIMIT 100;"
2025-07-01T00:08:02.400000,"SELECT census_original.capital_gain, census_original.age, census_original.workclass, census_original.capital_loss FROM census_original  WHERE census_original.education = 'sample' AND census_original.capital_loss < 61.41 AND census_original.occupation = 'sample' ORDER BY census_original.workclass LIMIT 100;"
2025-07-01T00:08:02.600000,"SELECT census_original.capital_gain, census_original.age, census_original.workclass, census_original.capital_loss FROM census_original  WHERE census_original.education = 'sample' AND census_original.capital_loss < 4.99 AND census_original.occupation = 'sample' ORDER BY census_original.workclass LIMIT 100;"
2025-07-01T00:08:02.800000,"SELECT census_original.relationship, census_original.native_country, census_original.capital_loss, census_original.education_num FROM census_original  WHERE census_original.relationship != 'NULL' AND census_original.native_country = 'sample' ORDER BY census_original.education_num LIMIT 100;"
2025-07-01T00:08:03.000000,"SELECT census_original.capital_gain, census_original.age, census_original.workclass, census_original.capital_loss FROM census_original  WHERE census_original.education = 'sample' AND census_original.capital_loss < 37.42 AND census_original.occupation = 'sample' ORDER BY census_original.workclass LIMIT 100;"
2025-07-01T00:08:03.200000,"SELECT census_original.relationship, census_original.hours_per_week FROM census_original  WHERE census_original.marital_status = 'NULL' AND census_original.education_num > 88.16 AND census_original.relationship != 'NULL' AND census_original.occupation LIKE 'sample' ORDER BY census_original.hours_per_week LIMIT 100;"
2025-07-01T00:08:03.400000,"SELECT census_original.capital_gain, census_original.age, census_original.workclass, census_original.capital_loss FROM census_original  WHERE census_original.education = 'sample' AND census_original.capital_loss < 98.47 AND census_original.occupation = 'sample' ORDER BY census_original.workclass LIMIT 100;"
2025-07-01T00:08:03.600000,"SELECT census_original.relationship, census_original.native_country, census_original.capital_loss, census_original.education_num FROM census_original  WHERE census_original.relationship != 'NULL' AND census_original.native_country = 'sample' ORDER BY census_original.education_num LIMIT 100;"
2025-07-01T00:08:03.800000,"SELECT census_original.relationship, census_original.native_country, census_original.capital_loss, census_original.education_num FROM census_original  WHERE census_original.relationship != 'NULL' AND census_original.native_country = 'sample' ORDER BY census_original.education_num LIMIT 100;"
2025-07-01T00:08:04.000000,"SELECT census_original.relationship, census_original.native_country, census_original.capital_loss, census_original.education_num FROM census_original  WHERE census_original.relationship != 'NULL' AND census_original.native_country = 'sample' ORDER BY census_original.education_num LIMIT 100;"
2025-07-01T00:08:04.200000,"SELECT census_original.relationship, census_original.hours_per_week FROM census_original  WHERE census_original.marital_status = 'NULL' AND census_original.education_num > 48.51 AND census_original.relationship != 'NULL' AND census_original.occupation LIKE 'sample' ORDER BY census_original.hours_per_week LIMIT 100;"
2025-07-01T00:08:04.400000,"SELECT census_original.capital_gain, census_original.age, census_original.workclass, census_original.capital_loss FROM census_original  WHERE census_original.education = 'sample' AND census_original.capital_loss < 90.26 AND census_original.occupation = 'sample' ORDER BY census_original.workclass LIMIT 100;"
2025-07-01T00:08:04.600000,"SELECT census_original.relationship, census_original.native_country, census_original.capital_loss, census_original.education_num FROM census_original  WHERE census_original.relationship != 'NULL' AND census_original.native_country = 'sample' ORDER BY census_original.education_num LIMIT 100;"
2025-07-01T00:08:04.800000,"SELECT census_original.relationship, census_original.hours_per_week FROM census_original  WHERE census_original.marital_status = 'NULL' AND census_original.education_num > 97.81 AND census_original.relationship != 'NULL' AND census_original.occupation LIKE 'sample' ORDER BY census_original.hours_per_week LIMIT 100;"
2025-07-01T00:08:05.000000,"SELECT census_original.relationship, census_original.native_country, census_original.capital_loss, census_original.education_num FROM census_original  WHERE census_original.relationship != 'NULL' AND census_original.native_country = 'sample' ORDER BY census_original.education_num LIMIT 100;"
2025-07-01T00:08:05.200000,"SELECT census_original.relationship, census_original.hours_per_week FROM census_original  WHERE census_original.marital_status = 'NULL' AND census_original.education_num > 97.94 AND census_original.relationship != 'NULL' AND census_original.occupation LIKE 'sample' ORDER BY census_original.hours_per_week LIMIT 100;"
2025-07-01T00:08:05.400000,"SELECT census_original.capital_gain, census_original.age, census_original.workclass, census_original.capital_loss FROM census_original  WHERE census_original.education = 'sample' AND census_original.capital_loss < 67.8 AND census_original.occupation = 'sample' ORDER BY census_original.workclass LIMIT 100;"
2025-07-01T00:08:05.600000,"SELECT census_original.capital_gain, census_original.age, census_original.workclass, census_original.capital_loss FROM census_original  WHERE census_original.education = 'sample' AND census_original.capital_loss < 27.79 AND census_original.occupation = 'sample' ORDER BY census_original.workclass LIMIT 100;"
2025-07-01T00:08:05.800000,"SELECT census_original.capital_gain, census_original.age, census_original.workclass, census_original.capital_loss FROM census_original  WHERE census_original.education = 'sample' AND census_original.capital_loss < 12.94 AND census_original.occupation = 'sample' ORDER BY census_original.workclass LIMIT 100;"
2025-07-01T00:08:06.000000,"SELECT census_original.relationship, census_original.native_country, census_original.capital_loss, census_original.education_num FROM census_original  WHERE census_original.relationship != 'NULL' AND census_original.native_country = 'sample' ORDER BY census_original.education_num LIMIT 100;"
2025-07-01T00:08:06.200000,"SELECT census_original.hours_per_week, census_original.workclass FROM census_original  WHERE census_original.education_num < 6.28 AND census_original.native_country LIKE 'sample' AND census_original.relationship = 'NULL' AND census_original.hours_per_week > 59.52 ORDER BY census_original.hours_per_week LIMIT 100;"
2025-07-01T00:08:06.400000,"SELECT census_original.relationship, census_original.hours_per_week FROM census_original  WHERE census_original.marital_status = 'NULL' AND census_original.education_num > 4.1 AND census_original.relationship != 'NULL' AND census_original.occupation LIKE 'sample' ORDER BY census_original.hours_per_week LIMIT 100;"
2025-07-01T00:08:06.600000,SELECT census_original.relationship FROM census_original  WHERE census_original.relationship != 'NULL' ORDER BY census_original.relationship LIMIT 100;
2025-07-01T00:08:06.800000,"SELECT census_original.relationship, census_original.native_country, census_original.capital_loss, census_original.education_num FROM census_original  WHERE census_original.relationship != 'NULL' AND census_original.native_country = 'sample' ORDER BY census_original.education_num LIMIT 100;"
2025-07-01T00:08:07.000000,SELECT census_original.relationship FROM census_original  WHERE census_original.relationship != 'NULL' ORDER BY census_original.relationship LIMIT 100;
2025-07-01T00:08:07.200000,"SELECT census_original.capital_gain, census_original.age, census_original.workclass, census_original.capital_loss FROM census_original  WHERE census_original.education = 'sample' AND census_original.capital_loss < 40.57 AND census_original.occupation = 'sample' ORDER BY census_original.workclass LIMIT 100;"
2025-07-01T00:08:07.400000,SELECT census_original.relationship FROM census_original  WHERE census_original.relationship != 'NULL' ORDER BY census_original.relationship LIMIT 100;
2025-07-01T00:08:07.600000,"SELECT census_original.relationship, census_original.hours_per_week FROM census_original  WHERE census_original.marital_status = 'NULL' AND census_original.education_num > 85.48 AND census_original.relationship != 'NULL' AND census_original.occupation LIKE 'sample' ORDER BY census_original.hours_per_week LIMIT 100;"
2025-07-01T00:08:07.800000,"SELECT census_original.relationship, census_original.hours_per_week FROM census_original  WHERE census_original.marital_status = 'NULL' AND census_original.education_num > 61.47 AND census_original.relationship != 'NULL' AND census_original.occupation LIKE 'sample' ORDER BY census_original.hours_per_week LIMIT 100;"
2025-07-01T00:08:08.000000,"SELECT census_original.relationship, census_original.native_country, census_original.capital_loss, census_original.education_num FROM census_original  WHERE census_original.relationship != 'NULL' AND census_original.native_country = 'sample' ORDER BY census_original.education_num LIMIT 100;"
2025-07-01T00:08:08.200000,"SELECT census_original.relationship, census_original.native_country, census_original.capital_loss, census_original.education_num FROM census_original  WHERE census_original.relationship != 'NULL' AND census_original.native_country = 'sample' ORDER BY census_original.education_num LIMIT 100;"
2025-07-01T00:08:08.400000,"SELECT census_original.hours_per_week, census_original.workclass FROM census_original  WHERE census_original.education_num < 93.19 AND census_original.native_country LIKE 'sample' AND census_original.relationship = 'NULL' AND census_original.hours_per_week > 12.85 ORDER BY census_original.hours_per_week LIMIT 100;"
2025-07-01T00:08:08.600000,SELECT census_original.relationship FROM census_original  WHERE census_original.relationship != 'NULL' ORDER BY census_original.relationship LIMIT 100;
2025-07-01T00:08:08.800000,SELECT census_original.relationship FROM census_original  WHERE census_original.relationship != 'NULL' ORDER BY census_original.relationship LIMIT 100;
2025-07-01T00:08:09.000000,"SELECT census_original.relationship, census_original.native_country, census_original.capital_loss, census_original.education_num FROM census_original  WHERE census_original.relationship != 'NULL' AND census_original.native_country = 'sample' ORDER BY census_original.education_num LIMIT 100;"
2025-07-01T00:08:09.200000,"SELECT census_original.hours_per_week, census_original.workclass FROM census_original  WHERE census_original.education_num < 92.83 AND census_original.native_country LIKE 'sample' AND census_original.relationship = 'NULL' AND census_original.hours_per_week > 40.36 ORDER BY census_original.hours_per_week LIMIT 100;"
2025-07-01T00:08:09.400000,"SELECT census_original.capital_gain, census_original.age, census_original.workclass, census_original.capital_loss FROM census_original  WHERE census_original.education = 'sample' AND census_original.capital_loss < 50.06 AND census_original.occupation = 'sample' ORDER BY census_original.workclass LIMIT 100;"
2025-07-01T00:08:09.600000,"SELECT census_original.capital_gain, census_original.age, census_original.workclass, census_original.capital_loss FROM census_original  WHERE census_original.education = 'sample' AND census_original.capital_loss < 20.58 AND census_original.occupation = 'sample' ORDER BY census_original.workclass LIMIT 100;"
2025-07-01T00:08:09.800000,"SELECT census_original.relationship, census_original.native_country, census_original.capital_loss, census_original.education_num FROM census_original  WHERE census_original.relationship != 'NULL' AND census_original.native_country = 'sample' ORDER BY census_original.education_num LIMIT 100;"
2025-07-01T00:08:10.000000,"SELECT census_original.relationship, census_original.native_country, census_original.capital_loss, census_original.education_num FROM census_original  WHERE census_original.relationship != 'NULL' AND census_original.native_country = 'sample' ORDER BY census_original.education_num LIMIT 100;"
2025-07-01T00:08:10.200000,"SELECT census_original.capital_gain, census_original.age, census_original.workclass, census_original.capital_loss FROM census_original  WHERE census_original.education = 'sample' AND census_original.capital_loss < 98.25 AND census_original.occupation = 'sample' ORDER BY census_original.workclass LIMIT 100;"
2025-07-01T00:08:10.400000,"SELECT census_original.hours_per_week, census_original.workclass FROM census_original  WHERE census_original.education_num < 37.71 AND census_original.native_country LIKE 'sample' AND census_original.relationship = 'NULL' AND census_original.hours_per_week > 92.75 ORDER BY census_original.hours_per_week LIMIT 100;"
2025-07-01T00:08:10.600000,SELECT census_original.relationship FROM census_original  WHERE census_original.relationship != 'NULL' ORDER BY census_original.relationship LIMIT 100;
2025-07-01T00:08:10.800000,"SELECT census_original.relationship, census_original.native_country, census_original.capital_loss, census_original.education_num FROM census_original  WHERE census_original.relationship != 'NULL' AND census_original.native_country = 'sample' ORDER BY census_original.education_num LIMIT 100;"
2025-07-01T00:08:11.000000,"SELECT census_original.hours_per_week, census_original.workclass FROM census_original  WHERE census_original.education_num < 54.07 AND census_original.native_country LIKE 'sample' AND census_original.relationship = 'NULL' AND census_original.hours_per_week > 51.91 ORDER BY census_original.hours_per_week LIMIT 100;"
2025-07-01T00:08:11.200000,"SELECT census_original.hours_per_week, census_original.workclass FROM census_original  WHERE census_original.education_num < 36.71 AND census_original.native_country LIKE 'sample' AND census_original.relationship = 'NULL' AND census_original.hours_per_week > 51.76 ORDER BY census_original.hours_per_week LIMIT 100;"
2025-07-01T00:08:11.400000,"SELECT census_original.relationship, census_original.hours_per_week FROM census_original  WHERE census_original.marital_status = 'NULL' AND census_original.education_num > 48.15 AND census_original.relationship != 'NULL' AND census_original.occupation LIKE 'sample' ORDER BY census_original.hours_per_week LIMIT 100;"
2025-07-01T00:08:11.600000,"SELECT census_original.relationship, census_original.hours_per_week FROM census_original  WHERE census_original.marital_status = 'NULL' AND census_original.education_num > 69.62 AND census_original.relationship != 'NULL' AND census_original.occupation LIKE 'sample' ORDER BY census_original.hours_per_week LIMIT 100;"
2025-07-01T00:08:11.800000,SELECT census_original.relationship FROM census_original  WHERE census_original.relationship != 'NULL' ORDER BY census_original.relationship LIMIT 100;
2025-07-01T00:08:12.000000,"SELECT census_original.relationship, census_original.native_country, census_original.capital_loss, census_original.education_num FROM census_original  WHERE census_original.relationship != 'NULL' AND census_original.native_country = 'sample' ORDER BY census_original.education_num LIMIT 100;"
2025-07-01T00:08:12.200000,SELECT census_original.relationship FROM census_original  WHERE census_original.relationship != 'NULL' ORDER BY census_original.relationship LIMIT 100;
2025-07-01T00:08:12.400000,"SELECT census_original.hours_per_week, census_original.workclass FROM census_original  WHERE census_original.education_num < 46.4 AND census_original.native_country LIKE 'sample' AND census_original.relationship = 'NULL' AND census_original.hours_per_week > 44.79 ORDER BY census_original.hours_per_week LIMIT 100;"
2025-07-01T00:08:12.600000,"SELECT census_original.relationship, census_original.hours_per_week FROM census_original  WHERE census_original.marital_status = 'NULL' AND census_original.education_num > 68.77 AND census_original.relationship != 'NULL' AND census_original.occupation LIKE 'sample' ORDER BY census_original.hours_per_week LIMIT 100;"
2025-07-01T00:08:12.800000,SELECT census_original.relationship FROM census_original  WHERE census_original.relationship != 'NULL' ORDER BY census_original.relationship LIMIT 100;
2025-07-01T00:08:13.000000,SELECT census_original.relationship FROM census_original  WHERE census_original.relationship != 'NULL' ORDER BY census_original.relationship LIMIT 100;
2025-07-01T00:08:13.200000,"SELECT census_original.relationship, census_original.hours_per_week FROM census_original  WHERE census_original.marital_status = 'NULL' AND census_original.education_num > 11.2 AND census_original.relationship != 'NULL' AND census_original.occupation LIKE 'sample' ORDER BY census_original.hours_per_week LIMIT 100;"
2025-07-01T00:08:13.400000,"SELECT census_original.capital_gain, census_original.age, census_original.workclass, census_original.capital_loss FROM census_original  WHERE census_original.education = 'sample' AND census_original.capital_loss < 44.95 AND census_original.occupation = 'sample' ORDER BY census_original.workclass LIMIT 100;"
2025-07-01T00:08:13.600000,"SELECT census_original.hours_per_week, census_original.workclass FROM census_original  WHERE census_original.education_num < 44.45 AND census_original.native_country LIKE 'sample' AND census_original.relationship = 'NULL' AND census_original.hours_per_week > 3.14 ORDER BY census_original.hours_per_week LIMIT 100;"
2025-07-01T00:08:13.800000,"SELECT census_original.relationship, census_original.native_country, census_original.capital_loss, census_original.education_num FROM census_original  WHERE census_original.relationship != 'NULL' AND census_original.native_country = 'sample' ORDER BY census_original.education_num LIMIT 100;"
2025-07-01T00:08:14.000000,"SELECT census_original.relationship, census_original.native_country, census_original.capital_loss, census_original.education_num FROM census_original  WHERE census_original.relationship != 'NULL' AND census_original.native_country = 'sample' ORDER BY census_original.education_num LIMIT 100;"
2025-07-01T00:08:14.200000,"SELECT census_original.capital_gain, census_original.age, census_original.workclass, census_original.capital_loss FROM census_original  WHERE census_original.education = 'sample' AND census_original.capital_loss < 93.66 AND census_original.occupation = 'sample' ORDER BY census_original.workclass LIMIT 100;"
2025-07-01T00:08:14.400000,"SELECT census_original.relationship, census_original.hours_per_week FROM census_original  WHERE census_original.marital_status = 'NULL' AND census_original.education_num > 81.5 AND census_original.relationship != 'NULL' AND census_original.occupation LIKE 'sample' ORDER BY census_original.hours_per_week LIMIT 100;"
2025-07-01T00:08:14.600000,"SELECT census_original.hours_per_week, census_original.workclass FROM census_original  WHERE census_original.education_num < 73.93 AND census_original.native_country LIKE 'sample' AND census_original.relationship = 'NULL' AND census_original.hours_per_week > 88.75 ORDER BY census_original.hours_per_week LIMIT 100;"
2025-07-01T00:08:14.800000,"SELECT census_original.hours_per_week, census_original.workclass FROM census_original  WHERE census_original.education_num < 30.85 AND census_original.native_country LIKE 'sample' AND census_original.relationship = 'NULL' AND census_original.hours_per_week > 63.4 ORDER BY census_original.hours_per_week LIMIT 100;"
2025-07-01T00:08:15.000000,"SELECT census_original.hours_per_week, census_original.workclass FROM census_original  WHERE census_original.education_num < 20.79 AND census_original.native_country LIKE 'sample' AND census_original.relationship = 'NULL' AND census_original.hours_per_week > 1.73 ORDER BY census_original.hours_per_week LIMIT 100;"
2025-07-01T00:08:15.200000,"SELECT census_original.capital_gain, census_original.age, census_original.workclass, census_original.capital_loss FROM census_original  WHERE census_original.education = 'sample' AND census_original.capital_loss < 77.69 AND census_original.occupation = 'sample' ORDER BY census_original.workclass LIMIT 100;"
2025-07-01T00:08:15.400000,"SELECT census_original.hours_per_week, census_original.workclass FROM census_original  WHERE census_original.education_num < 29.11 AND census_original.native_country LIKE 'sample' AND census_original.relationship = 'NULL' AND census_original.hours_per_week > 83.85 ORDER BY census_original.hours_per_week LIMIT 100;"
2025-07-01T00:08:15.600000,"SELECT census_original.relationship, census_original.native_country, census_original.capital_loss, census_original.education_num FROM census_original  WHERE census_original.relationship != 'NULL' AND census_original.native_country = 'sample' ORDER BY census_original.education_num LIMIT 100;"
2025-07-01T00:08:15.800000,"SELECT census_original.hours_per_week, census_original.workclass FROM census_original  WHERE census_original.education_num < 57.67 AND census_original.native_country LIKE 'sample' AND census_original.relationship = 'NULL' AND census_original.hours_per_week > 15.37 ORDER BY census_original.hours_per_week LIMIT 100;"
2025-07-01T00:08:16.000000,SELECT census_original.relationship FROM census_original  WHERE census_original.relationship != 'NULL' ORDER BY census_original.relationship LIMIT 100;
2025-07-01T00:08:16.200000,"SELECT census_original.relationship, census_original.native_country, census_original.capital_loss, census_original.education_num FROM census_original  WHERE census_original.relationship != 'NULL' AND census_original.native_country = 'sample' ORDER BY census_original.education_num LIMIT 100;"
2025-07-01T00:08:16.400000,"SELECT census_original.hours_per_week, census_original.workclass FROM census_original  WHERE census_original.education_num < 41.47 AND census_original.native_country LIKE 'sample' AND census_original.relationship = 'NULL' AND census_original.hours_per_week > 22.55 ORDER BY census_original.hours_per_week LIMIT 100;"
2025-07-01T00:08:16.600000,"SELECT census_original.relationship, census_original.native_country, census_original.capital_loss, census_original.education_num FROM census_original  WHERE census_original.relationship != 'NULL' AND census_original.native_country = 'sample' ORDER BY census_original.education_num LIMIT 100;"
2025-07-01T00:08:16.800000,"SELECT census_original.capital_gain, census_original.age, census_original.workclass, census_original.capital_loss FROM census_original  WHERE census_original.education = 'sample' AND census_original.capital_loss < 32.83 AND census_original.occupation = 'sample' ORDER BY census_original.workclass LIMIT 100;"
2025-07-01T00:08:17.000000,"SELECT census_original.relationship, census_original.native_country, census_original.capital_loss, census_original.education_num FROM census_original  WHERE census_original.relationship != 'NULL' AND census_original.native_country = 'sample' ORDER BY census_original.education_num LIMIT 100;"
2025-07-01T00:08:17.200000,"SELECT census_original.hours_per_week, census_original.workclass FROM census_original  WHERE census_original.education_num < 93.74 AND census_original.native_country LIKE 'sample' AND census_original.relationship = 'NULL' AND census_original.hours_per_week > 24.86 ORDER BY census_original.hours_per_week LIMIT 100;"
2025-07-01T00:08:17.400000,"SELECT census_original.relationship, census_original.hours_per_week FROM census_original  WHERE census_original.marital_status = 'NULL' AND census_original.education_num > 24.22 AND census_original.relationship != 'NULL' AND census_original.occupation LIKE 'sample' ORDER BY census_original.hours_per_week LIMIT 100;"
2025-07-01T00:08:17.600000,"SELECT census_original.relationship, census_original.native_country, census_original.capital_loss, census_original.education_num FROM census_original  WHERE census_original.relationship != 'NULL' AND census_original.native_country = 'sample' ORDER BY census_original.education_num LIMIT 100;"
2025-07-01T00:08:17.800000,"SELECT census_original.relationship, census_original.native_country, census_original.capital_loss, census_original.education_num FROM census_original  WHERE census_original.relationship != 'NULL' AND census_original.native_country = 'sample' ORDER BY census_original.education_num LIMIT 100;"
2025-07-01T00:08:18.000000,"SELECT census_original.relationship, census_original.native_country, census_original.capital_loss, census_original.education_num FROM census_original  WHERE census_original.relationship != 'NULL' AND census_original.native_country = 'sample' ORDER BY census_original.education_num LIMIT 100;"
2025-07-01T00:08:18.200000,"SELECT census_original.relationship, census_original.hours_per_week FROM census_original  WHERE census_original.marital_status = 'NULL' AND census_original.education_num > 23.9 AND census_original.relationship != 'NULL' AND census_original.occupation LIKE 'sample' ORDER BY census_original.hours_per_week LIMIT 100;"
2025-07-01T00:08:18.400000,"SELECT census_original.hours_per_week, census_original.workclass FROM census_original  WHERE census_original.education_num < 50.38 AND census_original.native_country LIKE 'sample' AND census_original.relationship = 'NULL' AND census_original.hours_per_week > 53.61 ORDER BY census_original.hours_per_week LIMIT 100;"
2025-07-01T00:08:18.600000,"SELECT census_original.hours_per_week, census_original.workclass FROM census_original  WHERE census_original.education_num < 26.34 AND census_original.native_country LIKE 'sample' AND census_original.relationship = 'NULL' AND census_original.hours_per_week > 93.67 ORDER BY census_original.hours_per_week LIMIT 100;"
2025-07-01T00:08:18.800000,"SELECT census_original.relationship, census_original.native_country, census_original.capital_loss, census_original.education_num FROM census_original  WHERE census_original.relationship != 'NULL' AND census_original.native_country = 'sample' ORDER BY census_original.education_num LIMIT 100;"
2025-07-01T00:08:19.000000,"SELECT census_original.hours_per_week, census_original.workclass FROM census_original  WHERE census_original.education_num < 94.66 AND census_original.native_country LIKE 'sample' AND census_original.relationship = 'NULL' AND census_original.hours_per_week > 26.08 ORDER BY census_original.hours_per_week LIMIT 100;"
2025-07-01T00:08:19.200000,"SELECT census_original.relationship, census_original.native_country, census_original.capital_loss, census_original.education_num FROM census_original  WHERE census_original.relationship != 'NULL' AND census_original.native_country = 'sample' ORDER BY census_original.education_num LIMIT 100;"
2025-07-01T00:08:19.400000,"SELECT census_original.relationship, census_original.native_country, census_original.capital_loss, census_original.education_num FROM census_original  WHERE census_original.relationship != 'NULL' AND census_original.native_country = 'sample' ORDER BY census_original.education_num LIMIT 100;"
2025-07-01T00:08:19.600000,"SELECT census_original.capital_gain, census_original.age, census_original.workclass, census_original.capital_loss FROM census_original  WHERE census_original.education = 'sample' AND census_original.capital_loss < 74.42 AND census_original.occupation = 'sample' ORDER BY census_original.workclass LIMIT 100;"
2025-07-01T00:08:19.800000,"SELECT census_original.capital_gain, census_original.age, census_original.workclass, census_original.capital_loss FROM census_original  WHERE census_original.education = 'sample' AND census_original.capital_loss < 62.06 AND census_original.occupation = 'sample' ORDER BY census_original.workclass LIMIT 100;"
2025-07-01T00:08:20.000000,"SELECT census_original.relationship, census_original.native_country, census_original.capital_loss, census_original.education_num FROM census_original  WHERE census_original.relationship != 'NULL' AND census_original.native_country = 'sample' ORDER BY census_original.education_num LIMIT 100;"
2025-07-01T00:08:20.200000,"SELECT census_original.capital_gain, census_original.age, census_original.workclass, census_original.capital_loss FROM census_original  WHERE census_original.education = 'sample' AND census_original.capital_loss < 29.64 AND census_original.occupation = 'sample' ORDER BY census_original.workclass LIMIT 100;"
2025-07-01T00:08:20.400000,"SELECT census_original.relationship, census_original.hours_per_week FROM census_original  WHERE census_original.marital_status = 'NULL' AND census_original.education_num > 66.7 AND census_original.relationship != 'NULL' AND census_original.occupation LIKE 'sample' ORDER BY census_original.hours_per_week LIMIT 100;"
2025-07-01T00:08:20.600000,"SELECT census_original.hours_per_week, census_original.workclass FROM census_original  WHERE census_original.education_num < 13.37 AND census_original.native_country LIKE 'sample' AND census_original.relationship = 'NULL' AND census_original.hours_per_week > 50.95 ORDER BY census_original.hours_per_week LIMIT 100;"
2025-07-01T00:08:20.800000,"SELECT census_original.relationship, census_original.native_country, census_original.capital_loss, census_original.education_num FROM census_original  WHERE census_original.relationship != 'NULL' AND census_original.native_country = 'sample' ORDER BY census_original.education_num LIMIT 100;"
2025-07-01T00:08:21.000000,"SELECT census_original.capital_gain, census_original.age, census_original.workclass, census_original.capital_loss FROM census_original  WHERE census_original.education = 'sample' AND census_original.capital_loss < 39.9 AND census_original.occupation = 'sample' ORDER BY census_original.workclass LIMIT 100;"
2025-07-01T00:08:21.200000,"SELECT census_original.relationship, census_original.hours_per_week FROM census_original  WHERE census_original.marital_status = 'NULL' AND census_original.education_num > 25.01 AND census_original.relationship != 'NULL' AND census_original.occupation LIKE 'sample' ORDER BY census_original.hours_per_week LIMIT 100;"
2025-07-01T00:08:21.400000,SELECT census_original.relationship FROM census_original  WHERE census_original.relationship != 'NULL' ORDER BY census_original.relationship LIMIT 100;
2025-07-01T00:08:21.600000,"SELECT census_original.relationship, census_original.hours_per_week FROM census_original  WHERE census_original.marital_status = 'NULL' AND census_original.education_num > 80.4 AND census_original.relationship != 'NULL' AND census_original.occupation LIKE 'sample' ORDER BY census_original.hours_per_week LIMIT 100;"
2025-07-01T00:08:21.800000,"SELECT census_original.relationship, census_original.native_country, census_original.capital_loss, census_original.education_num FROM census_original  WHERE census_original.relationship != 'NULL' AND census_original.native_country = 'sample' ORDER BY census_original.education_num LIMIT 100;"
2025-07-01T00:08:22.000000,"SELECT census_original.relationship, census_original.native_country, census_original.capital_loss, census_original.education_num FROM census_original  WHERE census_original.relationship != 'NULL' AND census_original.native_country = 'sample' ORDER BY census_original.education_num LIMIT 100;"
2025-07-01T00:08:22.200000,"SELECT census_original.relationship, census_original.hours_per_week FROM census_original  WHERE census_original.marital_status = 'NULL' AND census_original.education_num > 10.79 AND census_original.relationship != 'NULL' AND census_original.occupation LIKE 'sample' ORDER BY census_original.hours_per_week LIMIT 100;"
2025-07-01T00:08:22.400000,"SELECT census_original.relationship, census_original.native_country, census_original.capital_loss, census_original.education_num FROM census_original  WHERE census_original.relationship != 'NULL' AND census_original.native_country = 'sample' ORDER BY census_original.education_num LIMIT 100;"
2025-07-01T00:08:22.600000,SELECT census_original.relationship FROM census_original  WHERE census_original.relationship != 'NULL' ORDER BY census_original.relationship LIMIT 100;
2025-07-01T00:08:22.800000,"SELECT census_original.hours_per_week, census_original.workclass FROM census_original  WHERE census_original.education_num < 92.85 AND census_original.native_country LIKE 'sample' AND census_original.relationship = 'NULL' AND census_original.hours_per_week > 77.44 ORDER BY census_original.hours_per_week LIMIT 100;"
2025-07-01T00:08:23.000000,"SELECT census_original.hours_per_week, census_original.workclass FROM census_original  WHERE census_original.education_num < 18.57 AND census_original.native_country LIKE 'sample' AND census_original.relationship = 'NULL' AND census_original.hours_per_week > 34.55 ORDER BY census_original.hours_per_week LIMIT 100;"
2025-07-01T00:08:23.200000,"SELECT census_original.relationship, census_original.hours_per_week FROM census_original  WHERE census_original.marital_status = 'NULL' AND census_original.education_num > 65.76 AND census_original.relationship != 'NULL' AND census_original.occupation LIKE 'sample' ORDER BY census_original.hours_per_week LIMIT 100;"
2025-07-01T00:08:23.400000,"SELECT census_original.hours_per_week, census_original.workclass FROM census_original  WHERE census_original.education_num < 77.62 AND census_original.native_country LIKE 'sample' AND census_original.relationship = 'NULL' AND census_original.hours_per_week > 44.45 ORDER BY census_original.hours_per_week LIMIT 100;"
2025-07-01T00:08:23.600000,"SELECT census_original.relationship, census_original.native_country, census_original.capital_loss, census_original.education_num FROM census_original  WHERE census_original.relationship != 'NULL' AND census_original.native_country = 'sample' ORDER BY census_original.education_num LIMIT 100;"
2025-07-01T00:08:23.800000,"SELECT census_original.relationship, census_original.hours_per_week FROM census_original  WHERE census_original.marital_status = 'NULL' AND census_original.education_num > 73.38 AND census_original.relationship != 'NULL' AND census_original.occupation LIKE 'sample' ORDER BY census_original.hours_per_week LIMIT 100;"
2025-07-01T00:08:24.000000,"SELECT census_original.relationship, census_original.hours_per_week FROM census_original  WHERE census_original.marital_status = 'NULL' AND census_original.education_num > 19.33 AND census_original.relationship != 'NULL' AND census_original.occupation LIKE 'sample' ORDER BY census_original.hours_per_week LIMIT 100;"
2025-07-01T00:08:24.200000,"SELECT census_original.relationship, census_original.hours_per_week FROM census_original  WHERE census_original.marital_status = 'NULL' AND census_original.education_num > 73.51 AND census_original.relationship != 'NULL' AND census_original.occupation LIKE 'sample' ORDER BY census_original.hours_per_week LIMIT 100;"
2025-07-01T00:08:24.400000,"SELECT census_original.relationship, census_original.hours_per_week FROM census_original  WHERE census_original.marital_status = 'NULL' AND census_original.education_num > 93.6 AND census_original.relationship != 'NULL' AND census_original.occupation LIKE 'sample' ORDER BY census_original.hours_per_week LIMIT 100;"
2025-07-01T00:08:24.600000,"SELECT census_original.relationship, census_original.native_country, census_original.capital_loss, census_original.education_num FROM census_original  WHERE census_original.relationship != 'NULL' AND census_original.native_country = 'sample' ORDER BY census_original.education_num LIMIT 100;"
2025-07-01T00:08:24.800000,"SELECT census_original.relationship, census_original.hours_per_week FROM census_original  WHERE census_original.marital_status = 'NULL' AND census_original.education_num > 85.48 AND census_original.relationship != 'NULL' AND census_original.occupation LIKE 'sample' ORDER BY census_original.hours_per_week LIMIT 100;"
2025-07-01T00:08:25.000000,SELECT census_original.relationship FROM census_original  WHERE census_original.relationship != 'NULL' ORDER BY census_original.relationship LIMIT 100;
2025-07-01T00:08:25.200000,"SELECT census_original.relationship, census_original.native_country, census_original.capital_loss, census_original.education_num FROM census_original  WHERE census_original.relationship != 'NULL' AND census_original.native_country = 'sample' ORDER BY census_original.education_num LIMIT 100;"
2025-07-01T00:08:25.400000,SELECT census_original.relationship FROM census_original  WHERE census_original.relationship != 'NULL' ORDER BY census_original.relationship LIMIT 100;
2025-07-01T00:08:25.600000,"SELECT census_original.hours_per_week, census_original.workclass FROM census_original  WHERE census_original.education_num < 85.8 AND census_original.native_country LIKE 'sample' AND census_original.relationship = 'NULL' AND census_original.hours_per_week > 37.85 ORDER BY census_original.hours_per_week LIMIT 100;"
2025-07-01T00:08:25.800000,"SELECT census_original.relationship, census_original.native_country, census_original.capital_loss, census_original.education_num FROM census_original  WHERE census_original.relationship != 'NULL' AND census_original.native_country = 'sample' ORDER BY census_original.education_num LIMIT 100;"
2025-07-01T00:08:26.000000,SELECT census_original.relationship FROM census_original  WHERE census_original.relationship != 'NULL' ORDER BY census_original.relationship LIMIT 100;
2025-07-01T00:08:26.200000,"SELECT census_original.relationship, census_original.native_country, census_original.capital_loss, census_original.education_num FROM census_original  WHERE census_original.relationship != 'NULL' AND census_original.native_country = 'sample' ORDER BY census_original.education_num LIMIT 100;"
2025-07-01T00:08:26.400000,"SELECT census_original.relationship, census_original.native_country, census_original.capital_loss, census_original.education_num FROM census_original  WHERE census_original.relationship != 'NULL' AND census_original.native_country = 'sample' ORDER BY census_original.education_num LIMIT 100;"
2025-07-01T00:08:26.600000,"SELECT census_original.relationship, census_original.native_country, census_original.capital_loss, census_original.education_num FROM census_original  WHERE census_original.relationship != 'NULL' AND census_original.native_country = 'sample' ORDER BY census_original.education_num LIMIT 100;"
2025-07-01T00:08:26.800000,"SELECT census_original.relationship, census_original.native_country, census_original.capital_loss, census_original.education_num FROM census_original  WHERE census_original.relationship != 'NULL' AND census_original.native_country = 'sample' ORDER BY census_original.education_num LIMIT 100;"
2025-07-01T00:08:27.000000,SELECT census_original.relationship FROM census_original  WHERE census_original.relationship != 'NULL' ORDER BY census_original.relationship LIMIT 100;
2025-07-01T00:08:27.200000,"SELECT census_original.capital_gain, census_original.age, census_original.workclass, census_original.capital_loss FROM census_original  WHERE census_original.education = 'sample' AND census_original.capital_loss < 67.12 AND census_original.occupation = 'sample' ORDER BY census_original.workclass LIMIT 100;"
2025-07-01T00:08:27.400000,SELECT census_original.relationship FROM census_original  WHERE census_original.relationship != 'NULL' ORDER BY census_original.relationship LIMIT 100;
2025-07-01T00:08:27.600000,"SELECT census_original.hours_per_week, census_original.workclass FROM census_original  WHERE census_original.education_num < 5.88 AND census_original.native_country LIKE 'sample' AND census_original.relationship = 'NULL' AND census_original.hours_per_week > 37.99 ORDER BY census_original.hours_per_week LIMIT 100;"
2025-07-01T00:08:27.800000,"SELECT census_original.relationship, census_original.native_country, census_original.capital_loss, census_original.education_num FROM census_original  WHERE census_original.relationship != 'NULL' AND census_original.native_country = 'sample' ORDER BY census_original.education_num LIMIT 100;"
2025-07-01T00:08:28.000000,"SELECT census_original.relationship, census_original.native_country, census_original.capital_loss, census_original.education_num FROM census_original  WHERE census_original.relationship != 'NULL' AND census_original.native_country = 'sample' ORDER BY census_original.education_num LIMIT 100;"
2025-07-01T00:08:28.200000,"SELECT census_original.relationship, census_original.hours_per_week FROM census_original  WHERE census_original.marital_status = 'NULL' AND census_original.education_num > 87.56 AND census_original.relationship != 'NULL' AND census_original.occupation LIKE 'sample' ORDER BY census_original.hours_per_week LIMIT 100;"
2025-07-01T00:08:28.400000,"SELECT census_original.hours_per_week, census_original.workclass FROM census_original  WHERE census_original.education_num < 76.35 AND census_original.native_country LIKE 'sample' AND census_original.relationship = 'NULL' AND census_original.hours_per_week > 78.82 ORDER BY census_original.hours_per_week LIMIT 100;"
2025-07-01T00:08:28.600000,"SELECT census_original.capital_gain, census_original.age, census_original.workclass, census_original.capital_loss FROM census_original  WHERE census_original.education = 'sample' AND census_original.capital_loss < 25.42 AND census_original.occupation = 'sample' ORDER BY census_original.workclass LIMIT 100;"
2025-07-01T00:08:28.800000,"SELECT census_original.capital_gain, census_original.age, census_original.workclass, census_original.capital_loss FROM census_original  WHERE census_original.education = 'sample' AND census_original.capital_loss < 66.68 AND census_original.occupation = 'sample' ORDER BY census_original.workclass LIMIT 100;"
2025-07-01T00:08:29.000000,"SELECT census_original.relationship, census_original.hours_per_week FROM census_original  WHERE census_original.marital_status = 'NULL' AND census_original.education_num > 59.86 AND census_original.relationship != 'NULL' AND census_original.occupation LIKE 'sample' ORDER BY census_original.hours_per_week LIMIT 100;"
2025-07-01T00:08:29.200000,SELECT census_original.relationship FROM census_original  WHERE census_original.relationship != 'NULL' ORDER BY census_original.relationship LIMIT 100;
2025-07-01T00:08:29.400000,SELECT census_original.relationship FROM census_original  WHERE census_original.relationship != 'NULL' ORDER BY census_original.relationship LIMIT 100;
2025-07-01T00:08:29.600000,"SELECT census_original.capital_gain, census_original.age, census_original.workclass, census_original.capital_loss FROM census_original  WHERE census_original.education = 'sample' AND census_original.capital_loss < 54.67 AND census_original.occupation = 'sample' ORDER BY census_original.workclass LIMIT 100;"
2025-07-01T00:08:29.800000,"SELECT census_original.capital_gain, census_original.age, census_original.workclass, census_original.capital_loss FROM census_original  WHERE census_original.education = 'sample' AND census_original.capital_loss < 78.04 AND census_original.occupation = 'sample' ORDER BY census_original.workclass LIMIT 100;"
2025-07-01T00:08:30.000000,"SELECT census_original.relationship, census_original.native_country, census_original.capital_loss, census_original.education_num FROM census_original  WHERE census_original.relationship != 'NULL' AND census_original.native_country = 'sample' ORDER BY census_original.education_num LIMIT 100;"
2025-07-01T00:08:30.200000,"SELECT census_original.capital_gain, census_original.age, census_original.workclass, census_original.capital_loss FROM census_original  WHERE census_original.education = 'sample' AND census_original.capital_loss < 73.74 AND census_original.occupation = 'sample' ORDER BY census_original.workclass LIMIT 100;"
2025-07-01T00:08:30.400000,"SELECT census_original.relationship, census_original.native_country, census_original.capital_loss, census_original.education_num FROM census_original  WHERE census_original.relationship != 'NULL' AND census_original.native_country = 'sample' ORDER BY census_original.education_num LIMIT 100;"
2025-07-01T00:08:30.600000,"SELECT census_original.relationship, census_original.native_country, census_original.capital_loss, census_original.education_num FROM census_original  WHERE census_original.relationship != 'NULL' AND census_original.native_country = 'sample' ORDER BY census_original.education_num LIMIT 100;"
2025-07-01T00:08:30.800000,"SELECT census_original.hours_per_week, census_original.workclass FROM census_original  WHERE census_original.education_num < 27.81 AND census_original.native_country LIKE 'sample' AND census_original.relationship = 'NULL' AND census_original.hours_per_week > 71.28 ORDER BY census_original.hours_per_week LIMIT 100;"
2025-07-01T00:08:31.000000,"SELECT census_original.hours_per_week, census_original.workclass FROM census_original  WHERE census_original.education_num < 28.84 AND census_original.native_country LIKE 'sample' AND census_original.relationship = 'NULL' AND census_original.hours_per_week > 66.28 ORDER BY census_original.hours_per_week LIMIT 100;"
2025-07-01T00:08:31.200000,"SELECT census_original.capital_gain, census_original.age, census_original.workclass, census_original.capital_loss FROM census_original  WHERE census_original.education = 'sample' AND census_original.capital_loss < 7.68 AND census_original.occupation = 'sample' ORDER BY census_original.workclass LIMIT 100;"
2025-07-01T00:08:31.400000,SELECT census_original.relationship FROM census_original  WHERE census_original.relationship != 'NULL' ORDER BY census_original.relationship LIMIT 100;
2025-07-01T00:08:31.600000,"SELECT census_original.capital_gain, census_original.age, census_original.workclass, census_original.capital_loss FROM census_original  WHERE census_original.education = 'sample' AND census_original.capital_loss < 50.91 AND census_original.occupation = 'sample' ORDER BY census_original.workclass LIMIT 100;"
2025-07-01T00:08:31.800000,"SELECT census_original.capital_gain, census_original.age, census_original.workclass, census_original.capital_loss FROM census_original  WHERE census_original.education = 'sample' AND census_original.capital_loss < 43.05 AND census_original.occupation = 'sample' ORDER BY census_original.workclass LIMIT 100;"
2025-07-01T00:08:32.000000,"SELECT census_original.hours_per_week, census_original.workclass FROM census_original  WHERE census_original.education_num < 31.29 AND census_original.native_country LIKE 'sample' AND census_original.relationship = 'NULL' AND census_original.hours_per_week > 58.34 ORDER BY census_original.hours_per_week LIMIT 100;"
2025-07-01T00:08:32.200000,"SELECT census_original.relationship, census_original.native_country, census_original.capital_loss, census_original.education_num FROM census_original  WHERE census_original.relationship != 'NULL' AND census_original.native_country = 'sample' ORDER BY census_original.education_num LIMIT 100;"
2025-07-01T00:08:32.400000,"SELECT census_original.relationship, census_original.native_country, census_original.capital_loss, census_original.education_num FROM census_original  WHERE census_original.relationship != 'NULL' AND census_original.native_country = 'sample' ORDER BY census_original.education_num LIMIT 100;"
2025-07-01T00:08:32.600000,SELECT census_original.relationship FROM census_original  WHERE census_original.relationship != 'NULL' ORDER BY census_original.relationship LIMIT 100;
2025-07-01T00:08:32.800000,"SELECT census_original.relationship, census_original.native_country, census_original.capital_loss, census_original.education_num FROM census_original  WHERE census_original.relationship != 'NULL' AND census_original.native_country = 'sample' ORDER BY census_original.education_num LIMIT 100;"
2025-07-01T00:08:33.000000,"SELECT census_original.relationship, census_original.hours_per_week FROM census_original  WHERE census_original.marital_status = 'NULL' AND census_original.education_num > 3.29 AND census_original.relationship != 'NULL' AND census_original.occupation LIKE 'sample' ORDER BY census_original.hours_per_week LIMIT 100;"
2025-07-01T00:08:33.200000,SELECT census_original.relationship FROM census_original  WHERE census_original.relationship != 'NULL' ORDER BY census_original.relationship LIMIT 100;
2025-07-01T00:08:33.400000,SELECT census_original.relationship FROM census_original  WHERE census_original.relationship != 'NULL' ORDER BY census_original.relationship LIMIT 100;
2025-07-01T00:08:33.600000,"SELECT census_original.relationship, census_original.native_country, census_original.capital_loss, census_original.education_num FROM census_original  WHERE census_original.relationship != 'NULL' AND census_original.native_country = 'sample' ORDER BY census_original.education_num LIMIT 100;"
2025-07-01T00:08:33.800000,"SELECT census_original.relationship, census_original.native_country, census_original.capital_loss, census_original.education_num FROM census_original  WHERE census_original.relationship != 'NULL' AND census_original.native_country = 'sample' ORDER BY census_original.education_num LIMIT 100;"
2025-07-01T00:08:34.000000,"SELECT census_original.relationship, census_original.hours_per_week FROM census_original  WHERE census_original.marital_status = 'NULL' AND census_original.education_num > 53.42 AND census_original.relationship != 'NULL' AND census_original.occupation LIKE 'sample' ORDER BY census_original.hours_per_week LIMIT 100;"
2025-07-01T00:08:34.200000,"SELECT census_original.hours_per_week, census_original.workclass FROM census_original  WHERE census_original.education_num < 36.82 AND census_original.native_country LIKE 'sample' AND census_original.relationship = 'NULL' AND census_original.hours_per_week > 9.68 ORDER BY census_original.hours_per_week LIMIT 100;"
2025-07-01T00:08:34.400000,"SELECT census_original.relationship, census_original.hours_per_week FROM census_original  WHERE census_original.marital_status = 'NULL' AND census_original.education_num > 33.74 AND census_original.relationship != 'NULL' AND census_original.occupation LIKE 'sample' ORDER BY census_original.hours_per_week LIMIT 100;"
2025-07-01T00:08:34.600000,SELECT census_original.relationship FROM census_original  WHERE census_original.relationship != 'NULL' ORDER BY census_original.relationship LIMIT 100;
2025-07-01T00:08:34.800000,"SELECT census_original.relationship, census_original.native_country, census_original.capital_loss, census_original.education_num FROM census_original  WHERE census_original.relationship != 'NULL' AND census_original.native_country = 'sample' ORDER BY census_original.education_num LIMIT 100;"
2025-07-01T00:08:35.000000,"SELECT census_original.relationship, census_original.native_country, census_original.capital_loss, census_original.education_num FROM census_original  WHERE census_original.relationship != 'NULL' AND census_original.native_country = 'sample' ORDER BY census_original.education_num LIMIT 100;"
2025-07-01T00:08:35.200000,"SELECT census_original.capital_gain, census_original.age, census_original.workclass, census_original.capital_loss FROM census_original  WHERE census_original.education = 'sample' AND census_original.capital_loss < 18.77 AND census_original.occupation = 'sample' ORDER BY census_original.workclass LIMIT 100;"
2025-07-01T00:08:35.400000,"SELECT census_original.relationship, census_original.hours_per_week FROM census_original  WHERE census_original.marital_status = 'NULL' AND census_original.education_num > 44.4 AND census_original.relationship != 'NULL' AND census_original.occupation LIKE 'sample' ORDER BY census_original.hours_per_week LIMIT 100;"
2025-07-01T00:08:35.600000,"SELECT census_original.relationship, census_original.hours_per_week FROM census_original  WHERE census_original.marital_status = 'NULL' AND census_original.education_num > 23.6 AND census_original.relationship != 'NULL' AND census_original.occupation LIKE 'sample' ORDER BY census_original.hours_per_week LIMIT 100;"
2025-07-01T00:08:35.800000,"SELECT census_original.capital_gain, census_original.age, census_original.workclass, census_original.capital_loss FROM census_original  WHERE census_original.education = 'sample' AND census_original.capital_loss < 13.44 AND census_original.occupation = 'sample' ORDER BY census_original.workclass LIMIT 100;"
2025-07-01T00:08:36.000000,"SELECT census_original.hours_per_week, census_original.workclass FROM census_original  WHERE census_original.education_num < 72.97 AND census_original.native_country LIKE 'sample' AND census_original.relationship = 'NULL' AND census_original.hours_per_week > 77.1 ORDER BY census_original.hours_per_week LIMIT 100;"
2025-07-01T00:08:36.200000,"SELECT census_original.relationship, census_original.native_country, census_original.capital_loss, census_original.education_num FROM census_original  WHERE census_original.relationship != 'NULL' AND census_original.native_country = 'sample' ORDER BY census_original.education_num LIMIT 100;"
2025-07-01T00:08:36.400000,"SELECT census_original.hours_per_week, census_original.workclass FROM census_original  WHERE census_original.education_num < 73.73 AND census_original.native_country LIKE 'sample' AND census_original.relationship = 'NULL' AND census_original.hours_per_week > 20.11 ORDER BY census_original.hours_per_week LIMIT 100;"
2025-07-01T00:08:36.600000,SELECT census_original.relationship FROM census_original  WHERE census_original.relationship != 'NULL' ORDER BY census_original.relationship LIMIT 100;
2025-07-01T00:08:36.800000,SELECT census_original.relationship FROM census_original  WHERE census_original.relationship != 'NULL' ORDER BY census_original.relationship LIMIT 100;
2025-07-01T00:08:37.000000,"SELECT census_original.relationship, census_original.hours_per_week FROM census_original  WHERE census_original.marital_status = 'NULL' AND census_original.education_num > 51.22 AND census_original.relationship != 'NULL' AND census_original.occupation LIKE 'sample' ORDER BY census_original.hours_per_week LIMIT 100;"
2025-07-01T00:08:37.200000,"SELECT census_original.relationship, census_original.native_country, census_original.capital_loss, census_original.education_num FROM census_original  WHERE census_original.relationship != 'NULL' AND census_original.native_country = 'sample' ORDER BY census_original.education_num LIMIT 100;"
2025-07-01T00:08:37.400000,"SELECT census_original.relationship, census_original.native_country, census_original.capital_loss, census_original.education_num FROM census_original  WHERE census_original.relationship != 'NULL' AND census_original.native_country = 'sample' ORDER BY census_original.education_num LIMIT 100;"
2025-07-01T00:08:37.600000,"SELECT census_original.relationship, census_original.hours_per_week FROM census_original  WHERE census_original.marital_status = 'NULL' AND census_original.education_num > 99.88 AND census_original.relationship != 'NULL' AND census_original.occupation LIKE 'sample' ORDER BY census_original.hours_per_week LIMIT 100;"
2025-07-01T00:08:37.800000,"SELECT census_original.hours_per_week, census_original.workclass FROM census_original  WHERE census_original.education_num < 90.95 AND census_original.native_country LIKE 'sample' AND census_original.relationship = 'NULL' AND census_original.hours_per_week > 70.27 ORDER BY census_original.hours_per_week LIMIT 100;"
2025-07-01T00:08:38.000000,"SELECT census_original.relationship, census_original.native_country, census_original.capital_loss, census_original.education_num FROM census_original  WHERE census_original.relationship != 'NULL' AND census_original.native_country = 'sample' ORDER BY census_original.education_num LIMIT 100;"
2025-07-01T00:08:38.200000,"SELECT census_original.relationship, census_original.hours_per_week FROM census_original  WHERE census_original.marital_status = 'NULL' AND census_original.education_num > 19.57 AND census_original.relationship != 'NULL' AND census_original.occupation LIKE 'sample' ORDER BY census_original.hours_per_week LIMIT 100;"
2025-07-01T00:08:38.400000,"SELECT census_original.relationship, census_original.hours_per_week FROM census_original  WHERE census_original.marital_status = 'NULL' AND census_original.education_num > 4.66 AND census_original.relationship != 'NULL' AND census_original.occupation LIKE 'sample' ORDER BY census_original.hours_per_week LIMIT 100;"
2025-07-01T00:08:38.600000,SELECT census_original.relationship FROM census_original  WHERE census_original.relationship != 'NULL' ORDER BY census_original.relationship LIMIT 100;
2025-07-01T00:08:38.800000,"SELECT census_original.relationship, census_original.hours_per_week FROM census_original  WHERE census_original.marital_status = 'NULL' AND census_original.education_num > 75.25 AND census_original.relationship != 'NULL' AND census_original.occupation LIKE 'sample' ORDER BY census_original.hours_per_week LIMIT 100;"
2025-07-01T00:08:39.000000,SELECT census_original.relationship FROM census_original  WHERE census_original.relationship != 'NULL' ORDER BY census_original.relationship LIMIT 100;
2025-07-01T00:08:39.200000,"SELECT census_original.relationship, census_original.native_country, census_original.capital_loss, census_original.education_num FROM census_original  WHERE census_original.relationship != 'NULL' AND census_original.native_country = 'sample' ORDER BY census_original.education_num LIMIT 100;"
2025-07-01T00:08:39.400000,"SELECT census_original.hours_per_week, census_original.workclass FROM census_original  WHERE census_original.education_num < 65.97 AND census_original.native_country LIKE 'sample' AND census_original.relationship = 'NULL' AND census_original.hours_per_week > 4.58 ORDER BY census_original.hours_per_week LIMIT 100;"
2025-07-01T00:08:39.600000,SELECT census_original.relationship FROM census_original  WHERE census_original.relationship != 'NULL' ORDER BY census_original.relationship LIMIT 100;
2025-07-01T00:08:39.800000,"SELECT census_original.relationship, census_original.hours_per_week FROM census_original  WHERE census_original.marital_status = 'NULL' AND census_original.education_num > 31.94 AND census_original.relationship != 'NULL' AND census_original.occupation LIKE 'sample' ORDER BY census_original.hours_per_week LIMIT 100;"
2025-07-01T00:08:40.000000,"SELECT census_original.relationship, census_original.native_country, census_original.capital_loss, census_original.education_num FROM census_original  WHERE census_original.relationship != 'NULL' AND census_original.native_country = 'sample' ORDER BY census_original.education_num LIMIT 100;"
2025-07-01T00:08:40.200000,SELECT census_original.relationship FROM census_original  WHERE census_original.relationship != 'NULL' ORDER BY census_original.relationship LIMIT 100;
2025-07-01T00:08:40.400000,"SELECT census_original.relationship, census_original.native_country, census_original.capital_loss, census_original.education_num FROM census_original  WHERE census_original.relationship != 'NULL' AND census_original.native_country = 'sample' ORDER BY census_original.education_num LIMIT 100;"
2025-07-01T00:08:40.600000,"SELECT census_original.relationship, census_original.native_country, census_original.capital_loss, census_original.education_num FROM census_original  WHERE census_original.relationship != 'NULL' AND census_original.native_country = 'sample' ORDER BY census_original.education_num LIMIT 100;"
2025-07-01T00:08:40.800000,"SELECT census_original.hours_per_week, census_original.workclass FROM census_original  WHERE census_original.education_num < 29.8 AND census_original.native_country LIKE 'sample' AND census_original.relationship = 'NULL' AND census_original.hours_per_week > 51.99 ORDER BY census_original.hours_per_week LIMIT 100;"
2025-07-01T00:08:41.000000,"SELECT census_original.hours_per_week, census_original.workclass FROM census_original  WHERE census_original.education_num < 16.21 AND census_original.native_country LIKE 'sample' AND census_original.relationship = 'NULL' AND census_original.hours_per_week > 60.48 ORDER BY census_original.hours_per_week LIMIT 100;"
2025-07-01T00:08:41.200000,"SELECT census_original.relationship, census_original.native_country, census_original.capital_loss, census_original.education_num FROM census_original  WHERE census_original.relationship != 'NULL' AND census_original.native_country = 'sample' ORDER BY census_original.education_num LIMIT 100;"
2025-07-01T00:08:41.400000,"SELECT census_original.relationship, census_original.hours_per_week FROM census_original  WHERE census_original.marital_status = 'NULL' AND census_original.education_num > 72.35 AND census_original.relationship != 'NULL' AND census_original.occupation LIKE 'sample' ORDER BY census_original.hours_per_week LIMIT 100;"
2025-07-01T00:08:41.600000,"SELECT census_original.capital_gain, census_original.age, census_original.workclass, census_original.capital_loss FROM census_original  WHERE census_original.education = 'sample' AND census_original.capital_loss < 15.25 AND census_original.occupation = 'sample' ORDER BY census_original.workclass LIMIT 100;"
2025-07-01T00:08:41.800000,"SELECT census_original.hours_per_week, census_original.workclass FROM census_original  WHERE census_original.education_num < 33.83 AND census_original.native_country LIKE 'sample' AND census_original.relationship = 'NULL' AND census_original.hours_per_week > 52.55 ORDER BY census_original.hours_per_week LIMIT 100;"
2025-07-01T00:08:42.000000,"SELECT census_original.relationship, census_original.hours_per_week FROM census_original  WHERE census_original.marital_status = 'NULL' AND census_original.education_num > 78.42 AND census_original.relationship != 'NULL' AND census_original.occupation LIKE 'sample' ORDER BY census_original.hours_per_week LIMIT 100;"
2025-07-01T00:08:42.200000,SELECT census_original.relationship FROM census_original  WHERE census_original.relationship != 'NULL' ORDER BY census_original.relationship LIMIT 100;
2025-07-01T00:08:42.400000,SELECT census_original.relationship FROM census_original  WHERE census_original.relationship != 'NULL' ORDER BY census_original.relationship LIMIT 100;
2025-07-01T00:08:42.600000,"SELECT census_original.capital_gain, census_original.age, census_original.workclass, census_original.capital_loss FROM census_original  WHERE census_original.education = 'sample' AND census_original.capital_loss < 17.63 AND census_original.occupation = 'sample' ORDER BY census_original.workclass LIMIT 100;"
2025-07-01T00:08:42.800000,"SELECT census_original.relationship, census_original.native_country, census_original.capital_loss, census_original.education_num FROM census_original  WHERE census_original.relationship != 'NULL' AND census_original.native_country = 'sample' ORDER BY census_original.education_num LIMIT 100;"
2025-07-01T00:08:43.000000,"SELECT census_original.capital_gain, census_original.age, census_original.workclass, census_original.capital_loss FROM census_original  WHERE census_original.education = 'sample' AND census_original.capital_loss < 95.97 AND census_original.occupation = 'sample' ORDER BY census_original.workclass LIMIT 100;"
2025-07-01T00:08:43.200000,SELECT census_original.relationship FROM census_original  WHERE census_original.relationship != 'NULL' ORDER BY census_original.relationship LIMIT 100;
2025-07-01T00:08:43.400000,"SELECT census_original.relationship, census_original.hours_per_week FROM census_original  WHERE census_original.marital_status = 'NULL' AND census_original.education_num > 76.08 AND census_original.relationship != 'NULL' AND census_original.occupation LIKE 'sample' ORDER BY census_original.hours_per_week LIMIT 100;"
2025-07-01T00:08:43.600000,"SELECT census_original.hours_per_week, census_original.workclass FROM census_original  WHERE census_original.education_num < 2.06 AND census_original.native_country LIKE 'sample' AND census_original.relationship = 'NULL' AND census_original.hours_per_week > 21.7 ORDER BY census_original.hours_per_week LIMIT 100;"
2025-07-01T00:08:43.800000,"SELECT census_original.relationship, census_original.native_country, census_original.capital_loss, census_original.education_num FROM census_original  WHERE census_original.relationship != 'NULL' AND census_original.native_country = 'sample' ORDER BY census_original.education_num LIMIT 100;"
2025-07-01T00:08:44.000000,"SELECT census_original.hours_per_week, census_original.workclass FROM census_original  WHERE census_original.education_num < 44.9 AND census_original.native_country LIKE 'sample' AND census_original.relationship = 'NULL' AND census_original.hours_per_week > 23.5 ORDER BY census_original.hours_per_week LIMIT 100;"
2025-07-01T00:08:44.200000,"SELECT census_original.hours_per_week, census_original.workclass FROM census_original  WHERE census_original.education_num < 89.19 AND census_original.native_country LIKE 'sample' AND census_original.relationship = 'NULL' AND census_original.hours_per_week > 89.45 ORDER BY census_original.hours_per_week LIMIT 100;"
2025-07-01T00:08:44.400000,"SELECT census_original.relationship, census_original.hours_per_week FROM census_original  WHERE census_original.marital_status = 'NULL' AND census_original.education_num > 86.69 AND census_original.relationship != 'NULL' AND census_original.occupation LIKE 'sample' ORDER BY census_original.hours_per_week LIMIT 100;"
2025-07-01T00:08:44.600000,SELECT census_original.relationship FROM census_original  WHERE census_original.relationship != 'NULL' ORDER BY census_original.relationship LIMIT 100;
2025-07-01T00:08:44.800000,SELECT census_original.relationship FROM census_original  WHERE census_original.relationship != 'NULL' ORDER BY census_original.relationship LIMIT 100;
2025-07-01T00:08:45.000000,"SELECT census_original.hours_per_week, census_original.workclass FROM census_original  WHERE census_original.education_num < 13.06 AND census_original.native_country LIKE 'sample' AND census_original.relationship = 'NULL' AND census_original.hours_per_week > 51.13 ORDER BY census_original.hours_per_week LIMIT 100;"
2025-07-01T00:08:45.200000,SELECT census_original.relationship FROM census_original  WHERE census_original.relationship != 'NULL' ORDER BY census_original.relationship LIMIT 100;
2025-07-01T00:08:45.400000,SELECT census_original.relationship FROM census_original  WHERE census_original.relationship != 'NULL' ORDER BY census_original.relationship LIMIT 100;
2025-07-01T00:08:45.600000,"SELECT census_original.capital_gain, census_original.age, census_original.workclass, census_original.capital_loss FROM census_original  WHERE census_original.education = 'sample' AND census_original.capital_loss < 65.06 AND census_original.occupation = 'sample' ORDER BY census_original.workclass LIMIT 100;"
2025-07-01T00:08:45.800000,"SELECT census_original.relationship, census_original.hours_per_week FROM census_original  WHERE census_original.marital_status = 'NULL' AND census_original.education_num > 2.23 AND census_original.relationship != 'NULL' AND census_original.occupation LIKE 'sample' ORDER BY census_original.hours_per_week LIMIT 100;"
2025-07-01T00:08:46.000000,"SELECT census_original.relationship, census_original.hours_per_week FROM census_original  WHERE census_original.marital_status = 'NULL' AND census_original.education_num > 56.65 AND census_original.relationship != 'NULL' AND census_original.occupation LIKE 'sample' ORDER BY census_original.hours_per_week LIMIT 100;"
2025-07-01T00:08:46.200000,"SELECT census_original.relationship, census_original.native_country, census_original.capital_loss, census_original.education_num FROM census_original  WHERE census_original.relationship != 'NULL' AND census_original.native_country = 'sample' ORDER BY census_original.education_num LIMIT 100;"
2025-07-01T00:08:46.400000,"SELECT census_original.relationship, census_original.hours_per_week FROM census_original  WHERE census_original.marital_status = 'NULL' AND census_original.education_num > 6.05 AND census_original.relationship != 'NULL' AND census_original.occupation LIKE 'sample' ORDER BY census_original.hours_per_week LIMIT 100;"
2025-07-01T00:08:46.600000,"SELECT census_original.relationship, census_original.hours_per_week FROM census_original  WHERE census_original.marital_status = 'NULL' AND census_original.education_num > 32.59 AND census_original.relationship != 'NULL' AND census_original.occupation LIKE 'sample' ORDER BY census_original.hours_per_week LIMIT 100;"
2025-07-01T00:08:46.800000,"SELECT census_original.relationship, census_original.hours_per_week FROM census_original  WHERE census_original.marital_status = 'NULL' AND census_original.education_num > 87.96 AND census_original.relationship != 'NULL' AND census_original.occupation LIKE 'sample' ORDER BY census_original.hours_per_week LIMIT 100;"
2025-07-01T00:08:47.000000,SELECT census_original.relationship FROM census_original  WHERE census_original.relationship != 'NULL' ORDER BY census_original.relationship LIMIT 100;
2025-07-01T00:08:47.200000,SELECT census_original.relationship FROM census_original  WHERE census_original.relationship != 'NULL' ORDER BY census_original.relationship LIMIT 100;
2025-07-01T00:08:47.400000,"SELECT census_original.hours_per_week, census_original.workclass FROM census_original  WHERE census_original.education_num < 74.77 AND census_original.native_country LIKE 'sample' AND census_original.relationship = 'NULL' AND census_original.hours_per_week > 63.37 ORDER BY census_original.hours_per_week LIMIT 100;"
2025-07-01T00:08:47.600000,"SELECT census_original.hours_per_week, census_original.workclass FROM census_original  WHERE census_original.education_num < 12.8 AND census_original.native_country LIKE 'sample' AND census_original.relationship = 'NULL' AND census_original.hours_per_week > 14.28 ORDER BY census_original.hours_per_week LIMIT 100;"
2025-07-01T00:08:47.800000,SELECT census_original.relationship FROM census_original  WHERE census_original.relationship != 'NULL' ORDER BY census_original.relationship LIMIT 100;
2025-07-01T00:08:48.000000,"SELECT census_original.hours_per_week, census_original.workclass FROM census_original  WHERE census_original.education_num < 47.46 AND census_original.native_country LIKE 'sample' AND census_original.relationship = 'NULL' AND census_original.hours_per_week > 15.92 ORDER BY census_original.hours_per_week LIMIT 100;"
2025-07-01T00:08:48.200000,"SELECT census_original.hours_per_week, census_original.workclass FROM census_original  WHERE census_original.education_num < 60.99 AND census_original.native_country LIKE 'sample' AND census_original.relationship = 'NULL' AND census_original.hours_per_week > 80.35 ORDER BY census_original.hours_per_week LIMIT 100;"
2025-07-01T00:08:48.400000,"SELECT census_original.relationship, census_original.native_country, census_original.capital_loss, census_original.education_num FROM census_original  WHERE census_original.relationship != 'NULL' AND census_original.native_country = 'sample' ORDER BY census_original.education_num LIMIT 100;"
2025-07-01T00:08:48.600000,"SELECT census_original.capital_gain, census_original.age, census_original.workclass, census_original.capital_loss FROM census_original  WHERE census_original.education = 'sample' AND census_original.capital_loss < 32.51 AND census_original.occupation = 'sample' ORDER BY census_original.workclass LIMIT 100;"
2025-07-01T00:08:48.800000,"SELECT census_original.hours_per_week, census_original.workclass FROM census_original  WHERE census_original.education_num < 33.26 AND census_original.native_country LIKE 'sample' AND census_original.relationship = 'NULL' AND census_original.hours_per_week > 37.68 ORDER BY census_original.hours_per_week LIMIT 100;"
2025-07-01T00:08:49.000000,SELECT census_original.relationship FROM census_original  WHERE census_original.relationship != 'NULL' ORDER BY census_original.relationship LIMIT 100;
2025-07-01T00:08:49.200000,"SELECT census_original.relationship, census_original.native_country, census_original.capital_loss, census_original.education_num FROM census_original  WHERE census_original.relationship != 'NULL' AND census_original.native_country = 'sample' ORDER BY census_original.education_num LIMIT 100;"
2025-07-01T00:08:49.400000,"SELECT census_original.capital_gain, census_original.age, census_original.workclass, census_original.capital_loss FROM census_original  WHERE census_original.education = 'sample' AND census_original.capital_loss < 62.35 AND census_original.occupation = 'sample' ORDER BY census_original.workclass LIMIT 100;"
2025-07-01T00:08:49.600000,SELECT census_original.relationship FROM census_original  WHERE census_original.relationship != 'NULL' ORDER BY census_original.relationship LIMIT 100;
2025-07-01T00:08:49.800000,SELECT census_original.relationship FROM census_original  WHERE census_original.relationship != 'NULL' ORDER BY census_original.relationship LIMIT 100;
2025-07-01T00:08:50.000000,"SELECT census_original.relationship, census_original.hours_per_week FROM census_original  WHERE census_original.marital_status = 'NULL' AND census_original.education_num > 47.3 AND census_original.relationship != 'NULL' AND census_original.occupation LIKE 'sample' ORDER BY census_original.hours_per_week LIMIT 100;"
2025-07-01T00:08:50.200000,"SELECT census_original.relationship, census_original.native_country, census_original.capital_loss, census_original.education_num FROM census_original  WHERE census_original.relationship != 'NULL' AND census_original.native_country = 'sample' ORDER BY census_original.education_num LIMIT 100;"
2025-07-01T00:08:50.400000,"SELECT census_original.relationship, census_original.hours_per_week FROM census_original  WHERE census_original.marital_status = 'NULL' AND census_original.education_num > 74.12 AND census_original.relationship != 'NULL' AND census_original.occupation LIKE 'sample' ORDER BY census_original.hours_per_week LIMIT 100;"
2025-07-01T00:08:50.600000,"SELECT census_original.capital_gain, census_original.age, census_original.workclass, census_original.capital_loss FROM census_original  WHERE census_original.education = 'sample' AND census_original.capital_loss < 99.05 AND census_original.occupation = 'sample' ORDER BY census_original.workclass LIMIT 100;"
2025-07-01T00:08:50.800000,"SELECT census_original.relationship, census_original.native_country, census_original.capital_loss, census_original.education_num FROM census_original  WHERE census_original.relationship != 'NULL' AND census_original.native_country = 'sample' ORDER BY census_original.education_num LIMIT 100;"
2025-07-01T00:08:51.000000,"SELECT census_original.hours_per_week, census_original.workclass FROM census_original  WHERE census_original.education_num < 84.07 AND census_original.native_country LIKE 'sample' AND census_original.relationship = 'NULL' AND census_original.hours_per_week > 99.04 ORDER BY census_original.hours_per_week LIMIT 100;"
2025-07-01T00:08:51.200000,"SELECT census_original.capital_gain, census_original.age, census_original.workclass, census_original.capital_loss FROM census_original  WHERE census_original.education = 'sample' AND census_original.capital_loss < 40.05 AND census_original.occupation = 'sample' ORDER BY census_original.workclass LIMIT 100;"
2025-07-01T00:08:51.400000,"SELECT census_original.capital_gain, census_original.age, census_original.workclass, census_original.capital_loss FROM census_original  WHERE census_original.education = 'sample' AND census_original.capital_loss < 34.89 AND census_original.occupation = 'sample' ORDER BY census_original.workclass LIMIT 100;"
2025-07-01T00:08:51.600000,"SELECT census_original.relationship, census_original.hours_per_week FROM census_original  WHERE census_original.marital_status = 'NULL' AND census_original.education_num > 21.5 AND census_original.relationship != 'NULL' AND census_original.occupation LIKE 'sample' ORDER BY census_original.hours_per_week LIMIT 100;"
2025-07-01T00:08:51.800000,"SELECT census_original.capital_gain, census_original.age, census_original.workclass, census_original.capital_loss FROM census_original  WHERE census_original.education = 'sample' AND census_original.capital_loss < 34.28 AND census_original.occupation = 'sample' ORDER BY census_original.workclass LIMIT 100;"
2025-07-01T00:08:52.000000,"SELECT census_original.hours_per_week, census_original.workclass FROM census_original  WHERE census_original.education_num < 78.12 AND census_original.native_country LIKE 'sample' AND census_original.relationship = 'NULL' AND census_original.hours_per_week > 14.32 ORDER BY census_original.hours_per_week LIMIT 100;"
2025-07-01T00:08:52.200000,"SELECT census_original.hours_per_week, census_original.workclass FROM census_original  WHERE census_original.education_num < 11.54 AND census_original.native_country LIKE 'sample' AND census_original.relationship = 'NULL' AND census_original.hours_per_week > 99.91 ORDER BY census_original.hours_per_week LIMIT 100;"
2025-07-01T00:08:52.400000,"SELECT census_original.capital_gain, census_original.age, census_original.workclass, census_original.capital_loss FROM census_original  WHERE census_original.education = 'sample' AND census_original.capital_loss < 16.2 AND census_original.occupation = 'sample' ORDER BY census_original.workclass LIMIT 100;"
2025-07-01T00:08:52.600000,"SELECT census_original.capital_gain, census_original.age, census_original.workclass, census_original.capital_loss FROM census_original  WHERE census_original.education = 'sample' AND census_original.capital_loss < 89.72 AND census_original.occupation = 'sample' ORDER BY census_original.workclass LIMIT 100;"
2025-07-01T00:08:52.800000,"SELECT census_original.hours_per_week, census_original.workclass FROM census_original  WHERE census_original.education_num < 23.46 AND census_original.native_country LIKE 'sample' AND census_original.relationship = 'NULL' AND census_original.hours_per_week > 67.31 ORDER BY census_original.hours_per_week LIMIT 100;"
2025-07-01T00:08:53.000000,"SELECT census_original.hours_per_week, census_original.workclass FROM census_original  WHERE census_original.education_num < 97.98 AND census_original.native_country LIKE 'sample' AND census_original.relationship = 'NULL' AND census_original.hours_per_week > 80.4 ORDER BY census_original.hours_per_week LIMIT 100;"
2025-07-01T00:08:53.200000,"SELECT census_original.capital_gain, census_original.age, census_original.workclass, census_original.capital_loss FROM census_original  WHERE census_original.education = 'sample' AND census_original.capital_loss < 75.28 AND census_original.occupation = 'sample' ORDER BY census_original.workclass LIMIT 100;"
2025-07-01T00:08:53.400000,"SELECT census_original.capital_gain, census_original.age, census_original.workclass, census_original.capital_loss FROM census_original  WHERE census_original.education = 'sample' AND census_original.capital_loss < 94.21 AND census_original.occupation = 'sample' ORDER BY census_original.workclass LIMIT 100;"
2025-07-01T00:08:53.600000,"SELECT census_original.relationship, census_original.native_country, census_original.capital_loss, census_original.education_num FROM census_original  WHERE census_original.relationship != 'NULL' AND census_original.native_country = 'sample' ORDER BY census_original.education_num LIMIT 100;"
2025-07-01T00:08:53.800000,"SELECT census_original.hours_per_week, census_original.workclass FROM census_original  WHERE census_original.education_num < 52.98 AND census_original.native_country LIKE 'sample' AND census_original.relationship = 'NULL' AND census_original.hours_per_week > 17.21 ORDER BY census_original.hours_per_week LIMIT 100;"
2025-07-01T00:08:54.000000,SELECT census_original.relationship FROM census_original  WHERE census_original.relationship != 'NULL' ORDER BY census_original.relationship LIMIT 100;
2025-07-01T00:08:54.200000,SELECT census_original.relationship FROM census_original  WHERE census_original.relationship != 'NULL' ORDER BY census_original.relationship LIMIT 100;
2025-07-01T00:08:54.400000,"SELECT census_original.relationship, census_original.hours_per_week FROM census_original  WHERE census_original.marital_status = 'NULL' AND census_original.education_num > 80.12 AND census_original.relationship != 'NULL' AND census_original.occupation LIKE 'sample' ORDER BY census_original.hours_per_week LIMIT 100;"
2025-07-01T00:08:54.600000,"SELECT census_original.relationship, census_original.native_country, census_original.capital_loss, census_original.education_num FROM census_original  WHERE census_original.relationship != 'NULL' AND census_original.native_country = 'sample' ORDER BY census_original.education_num LIMIT 100;"
2025-07-01T00:08:54.800000,"SELECT census_original.relationship, census_original.hours_per_week FROM census_original  WHERE census_original.marital_status = 'NULL' AND census_original.education_num > 65.64 AND census_original.relationship != 'NULL' AND census_original.occupation LIKE 'sample' ORDER BY census_original.hours_per_week LIMIT 100;"
2025-07-01T00:08:55.000000,"SELECT census_original.relationship, census_original.hours_per_week FROM census_original  WHERE census_original.marital_status = 'NULL' AND census_original.education_num > 72.85 AND census_original.relationship != 'NULL' AND census_original.occupation LIKE 'sample' ORDER BY census_original.hours_per_week LIMIT 100;"
2025-07-01T00:08:55.200000,"SELECT census_original.relationship, census_original.native_country, census_original.capital_loss, census_original.education_num FROM census_original  WHERE census_original.relationship != 'NULL' AND census_original.native_country = 'sample' ORDER BY census_original.education_num LIMIT 100;"
2025-07-01T00:08:55.400000,"SELECT census_original.capital_gain, census_original.age, census_original.workclass, census_original.capital_loss FROM census_original  WHERE census_original.education = 'sample' AND census_original.capital_loss < 87.64 AND census_original.occupation = 'sample' ORDER BY census_original.workclass LIMIT 100;"
2025-07-01T00:08:55.600000,"SELECT census_original.capital_gain, census_original.age, census_original.workclass, census_original.capital_loss FROM census_original  WHERE census_original.education = 'sample' AND census_original.capital_loss < 1.05 AND census_original.occupation = 'sample' ORDER BY census_original.workclass LIMIT 100;"
2025-07-01T00:08:55.800000,"SELECT census_original.relationship, census_original.native_country, census_original.capital_loss, census_original.education_num FROM census_original  WHERE census_original.relationship != 'NULL' AND census_original.native_country = 'sample' ORDER BY census_original.education_num LIMIT 100;"
2025-07-01T00:08:56.000000,"SELECT census_original.hours_per_week, census_original.workclass FROM census_original  WHERE census_original.education_num < 14.08 AND census_original.native_country LIKE 'sample' AND census_original.relationship = 'NULL' AND census_original.hours_per_week > 61.82 ORDER BY census_original.hours_per_week LIMIT 100;"
2025-07-01T00:08:56.200000,"SELECT census_original.hours_per_week, census_original.workclass FROM census_original  WHERE census_original.education_num < 23.79 AND census_original.native_country LIKE 'sample' AND census_original.relationship = 'NULL' AND census_original.hours_per_week > 4.7 ORDER BY census_original.hours_per_week LIMIT 100;"
2025-07-01T00:08:56.400000,"SELECT census_original.relationship, census_original.hours_per_week FROM census_original  WHERE census_original.marital_status = 'NULL' AND census_original.education_num > 13.48 AND census_original.relationship != 'NULL' AND census_original.occupation LIKE 'sample' ORDER BY census_original.hours_per_week LIMIT 100;"
2025-07-01T00:08:56.600000,"SELECT census_original.capital_gain, census_original.age, census_original.workclass, census_original.capital_loss FROM census_original  WHERE census_original.education = 'sample' AND census_original.capital_loss < 82.49 AND census_original.occupation = 'sample' ORDER BY census_original.workclass LIMIT 100;"
2025-07-01T00:08:56.800000,"SELECT census_original.hours_per_week, census_original.workclass FROM census_original  WHERE census_original.education_num < 70.5 AND census_original.native_country LIKE 'sample' AND census_original.relationship = 'NULL' AND census_original.hours_per_week > 65.15 ORDER BY census_original.hours_per_week LIMIT 100;"
2025-07-01T00:08:57.000000,"SELECT census_original.relationship, census_original.native_country, census_original.capital_loss, census_original.education_num FROM census_original  WHERE census_original.relationship != 'NULL' AND census_original.native_country = 'sample' ORDER BY census_original.education_num LIMIT 100;"
2025-07-01T00:08:57.200000,"SELECT census_original.relationship, census_original.hours_per_week FROM census_original  WHERE census_original.marital_status = 'NULL' AND census_original.education_num > 91.96 AND census_original.relationship != 'NULL' AND census_original.occupation LIKE 'sample' ORDER BY census_original.hours_per_week LIMIT 100;"
2025-07-01T00:08:57.400000,"SELECT census_original.hours_per_week, census_original.workclass FROM census_original  WHERE census_original.education_num < 87.63 AND census_original.native_country LIKE 'sample' AND census_original.relationship = 'NULL' AND census_original.hours_per_week > 85.26 ORDER BY census_original.hours_per_week LIMIT 100;"
2025-07-01T00:08:57.600000,"SELECT census_original.hours_per_week, census_original.workclass FROM census_original  WHERE census_original.education_num < 5.3 AND census_original.native_country LIKE 'sample' AND census_original.relationship = 'NULL' AND census_original.hours_per_week > 18.97 ORDER BY census_original.hours_per_week LIMIT 100;"
2025-07-01T00:08:57.800000,"SELECT census_original.relationship, census_original.hours_per_week FROM census_original  WHERE census_original.marital_status = 'NULL' AND census_original.education_num > 7.65 AND census_original.relationship != 'NULL' AND census_original.occupation LIKE 'sample' ORDER BY census_original.hours_per_week LIMIT 100;"
2025-07-01T00:08:58.000000,"SELECT census_original.hours_per_week, census_original.workclass FROM census_original  WHERE census_original.education_num < 63.66 AND census_original.native_country LIKE 'sample' AND census_original.relationship = 'NULL' AND census_original.hours_per_week > 29.53 ORDER BY census_original.hours_per_week LIMIT 100;"
2025-07-01T00:08:58.200000,"SELECT census_original.capital_gain, census_original.age, census_original.workclass, census_original.capital_loss FROM census_original  WHERE census_original.education = 'sample' AND census_original.capital_loss < 10.08 AND census_original.occupation = 'sample' ORDER BY census_original.workclass LIMIT 100;"
2025-07-01T00:08:58.400000,"SELECT census_original.hours_per_week, census_original.workclass FROM census_original  WHERE census_original.education_num < 96.66 AND census_original.native_country LIKE 'sample' AND census_original.relationship = 'NULL' AND census_original.hours_per_week > 60.01 ORDER BY census_original.hours_per_week LIMIT 100;"
2025-07-01T00:08:58.600000,"SELECT census_original.relationship, census_original.hours_per_week FROM census_original  WHERE census_original.marital_status = 'NULL' AND census_original.education_num > 98.57 AND census_original.relationship != 'NULL' AND census_original.occupation LIKE 'sample' ORDER BY census_original.hours_per_week LIMIT 100;"
2025-07-01T00:08:58.800000,"SELECT census_original.capital_gain, census_original.age, census_original.workclass, census_original.capital_loss FROM census_original  WHERE census_original.education = 'sample' AND census_original.capital_loss < 76.5 AND census_original.occupation = 'sample' ORDER BY census_original.workclass LIMIT 100;"
2025-07-01T00:08:59.000000,"SELECT census_original.capital_gain, census_original.age, census_original.workclass, census_original.capital_loss FROM census_original  WHERE census_original.education = 'sample' AND census_original.capital_loss < 40.91 AND census_original.occupation = 'sample' ORDER BY census_original.workclass LIMIT 100;"
2025-07-01T00:08:59.200000,"SELECT census_original.capital_gain, census_original.age, census_original.workclass, census_original.capital_loss FROM census_original  WHERE census_original.education = 'sample' AND census_original.capital_loss < 47.04 AND census_original.occupation = 'sample' ORDER BY census_original.workclass LIMIT 100;"
2025-07-01T00:08:59.400000,"SELECT census_original.capital_gain, census_original.age, census_original.workclass, census_original.capital_loss FROM census_original  WHERE census_original.education = 'sample' AND census_original.capital_loss < 22.86 AND census_original.occupation = 'sample' ORDER BY census_original.workclass LIMIT 100;"
2025-07-01T00:08:59.600000,"SELECT census_original.hours_per_week, census_original.workclass FROM census_original  WHERE census_original.education_num < 2.38 AND census_original.native_country LIKE 'sample' AND census_original.relationship = 'NULL' AND census_original.hours_per_week > 23.74 ORDER BY census_original.hours_per_week LIMIT 100;"
2025-07-01T00:08:59.800000,"SELECT census_original.hours_per_week, census_original.workclass FROM census_original  WHERE census_original.education_num < 93.37 AND census_original.native_country LIKE 'sample' AND census_original.relationship = 'NULL' AND census_original.hours_per_week > 80.63 ORDER BY census_original.hours_per_week LIMIT 100;"
2025-07-01T00:09:00.000000,"SELECT census_original.relationship, census_original.native_country, census_original.capital_loss, census_original.education_num FROM census_original  WHERE census_original.relationship != 'NULL' AND census_original.native_country = 'sample' ORDER BY census_original.education_num LIMIT 100;"
2025-07-01T00:09:00.200000,SELECT census_original.relationship FROM census_original  WHERE census_original.relationship != 'NULL' ORDER BY census_original.relationship LIMIT 100;
2025-07-01T00:09:00.400000,"SELECT census_original.capital_gain, census_original.age, census_original.workclass, census_original.capital_loss FROM census_original  WHERE census_original.education = 'sample' AND census_original.capital_loss < 16.24 AND census_original.occupation = 'sample' ORDER BY census_original.workclass LIMIT 100;"
2025-07-01T00:09:00.600000,"SELECT census_original.capital_gain, census_original.age, census_original.workclass, census_original.capital_loss FROM census_original  WHERE census_original.education = 'sample' AND census_original.capital_loss < 40.45 AND census_original.occupation = 'sample' ORDER BY census_original.workclass LIMIT 100;"
2025-07-01T00:09:00.800000,"SELECT census_original.hours_per_week, census_original.workclass FROM census_original  WHERE census_original.education_num < 2.77 AND census_original.native_country LIKE 'sample' AND census_original.relationship = 'NULL' AND census_original.hours_per_week > 11.81 ORDER BY census_original.hours_per_week LIMIT 100;"
2025-07-01T00:09:01.000000,"SELECT census_original.relationship, census_original.hours_per_week FROM census_original  WHERE census_original.marital_status = 'NULL' AND census_original.education_num > 49.46 AND census_original.relationship != 'NULL' AND census_original.occupation LIKE 'sample' ORDER BY census_original.hours_per_week LIMIT 100;"
2025-07-01T00:09:01.200000,"SELECT census_original.relationship, census_original.native_country, census_original.capital_loss, census_original.education_num FROM census_original  WHERE census_original.relationship != 'NULL' AND census_original.native_country = 'sample' ORDER BY census_original.education_num LIMIT 100;"
2025-07-01T00:09:01.400000,"SELECT census_original.relationship, census_original.hours_per_week FROM census_original  WHERE census_original.marital_status = 'NULL' AND census_original.education_num > 75.44 AND census_original.relationship != 'NULL' AND census_original.occupation LIKE 'sample' ORDER BY census_original.hours_per_week LIMIT 100;"
2025-07-01T00:09:01.600000,"SELECT census_original.relationship, census_original.hours_per_week FROM census_original  WHERE census_original.marital_status = 'NULL' AND census_original.education_num > 35.3 AND census_original.relationship != 'NULL' AND census_original.occupation LIKE 'sample' ORDER BY census_original.hours_per_week LIMIT 100;"
2025-07-01T00:09:01.800000,"SELECT census_original.capital_gain, census_original.age, census_original.workclass, census_original.capital_loss FROM census_original  WHERE census_original.education = 'sample' AND census_original.capital_loss < 64.26 AND census_original.occupation = 'sample' ORDER BY census_original.workclass LIMIT 100;"
2025-07-01T00:09:02.000000,"SELECT census_original.capital_gain, census_original.age, census_original.workclass, census_original.capital_loss FROM census_original  WHERE census_original.education = 'sample' AND census_original.capital_loss < 6.09 AND census_original.occupation = 'sample' ORDER BY census_original.workclass LIMIT 100;"
2025-07-01T00:09:02.200000,SELECT census_original.relationship FROM census_original  WHERE census_original.relationship != 'NULL' ORDER BY census_original.relationship LIMIT 100;
2025-07-01T00:09:02.400000,"SELECT census_original.relationship, census_original.hours_per_week FROM census_original  WHERE census_original.marital_status = 'NULL' AND census_original.education_num > 20.48 AND census_original.relationship != 'NULL' AND census_original.occupation LIKE 'sample' ORDER BY census_original.hours_per_week LIMIT 100;"
2025-07-01T00:09:02.600000,"SELECT census_original.capital_gain, census_original.age, census_original.workclass, census_original.capital_loss FROM census_original  WHERE census_original.education = 'sample' AND census_original.capital_loss < 37.75 AND census_original.occupation = 'sample' ORDER BY census_original.workclass LIMIT 100;"
2025-07-01T00:09:02.800000,"SELECT census_original.relationship, census_original.hours_per_week FROM census_original  WHERE census_original.marital_status = 'NULL' AND census_original.education_num > 41.39 AND census_original.relationship != 'NULL' AND census_original.occupation LIKE 'sample' ORDER BY census_original.hours_per_week LIMIT 100;"
2025-07-01T00:09:03.000000,"SELECT census_original.relationship, census_original.native_country, census_original.capital_loss, census_original.education_num FROM census_original  WHERE census_original.relationship != 'NULL' AND census_original.native_country = 'sample' ORDER BY census_original.education_num LIMIT 100;"
2025-07-01T00:09:03.200000,"SELECT census_original.hours_per_week, census_original.workclass FROM census_original  WHERE census_original.education_num < 13.68 AND census_original.native_country LIKE 'sample' AND census_original.relationship = 'NULL' AND census_original.hours_per_week > 45.59 ORDER BY census_original.hours_per_week LIMIT 100;"
2025-07-01T00:09:03.400000,"SELECT census_original.relationship, census_original.native_country, census_original.capital_loss, census_original.education_num FROM census_original  WHERE census_original.relationship != 'NULL' AND census_original.native_country = 'sample' ORDER BY census_original.education_num LIMIT 100;"
2025-07-01T00:09:03.600000,"SELECT census_original.relationship, census_original.hours_per_week FROM census_original  WHERE census_original.marital_status = 'NULL' AND census_original.education_num > 71.61 AND census_original.relationship != 'NULL' AND census_original.occupation LIKE 'sample' ORDER BY census_original.hours_per_week LIMIT 100;"
2025-07-01T00:09:03.800000,SELECT census_original.relationship FROM census_original  WHERE census_original.relationship != 'NULL' ORDER BY census_original.relationship LIMIT 100;
2025-07-01T00:09:04.000000,SELECT census_original.relationship FROM census_original  WHERE census_original.relationship != 'NULL' ORDER BY census_original.relationship LIMIT 100;
2025-07-01T00:09:04.200000,"SELECT census_original.relationship, census_original.hours_per_week FROM census_original  WHERE census_original.marital_status = 'NULL' AND census_original.education_num > 30.91 AND census_original.relationship != 'NULL' AND census_original.occupation LIKE 'sample' ORDER BY census_original.hours_per_week LIMIT 100;"
2025-07-01T00:09:04.400000,"SELECT census_original.capital_gain, census_original.age, census_original.workclass, census_original.capital_loss FROM census_original  WHERE census_original.education = 'sample' AND census_original.capital_loss < 92.15 AND census_original.occupation = 'sample' ORDER BY census_original.workclass LIMIT 100;"
2025-07-01T00:09:04.600000,SELECT census_original.relationship FROM census_original  WHERE census_original.relationship != 'NULL' ORDER BY census_original.relationship LIMIT 100;
2025-07-01T00:09:04.800000,"SELECT census_original.relationship, census_original.native_country, census_original.capital_loss, census_original.education_num FROM census_original  WHERE census_original.relationship != 'NULL' AND census_original.native_country = 'sample' ORDER BY census_original.education_num LIMIT 100;"
2025-07-01T00:09:05.000000,"SELECT census_original.relationship, census_original.hours_per_week FROM census_original  WHERE census_original.marital_status = 'NULL' AND census_original.education_num > 74.2 AND census_original.relationship != 'NULL' AND census_original.occupation LIKE 'sample' ORDER BY census_original.hours_per_week LIMIT 100;"
2025-07-01T00:09:05.200000,"SELECT census_original.relationship, census_original.hours_per_week FROM census_original  WHERE census_original.marital_status = 'NULL' AND census_original.education_num > 98.48 AND census_original.relationship != 'NULL' AND census_original.occupation LIKE 'sample' ORDER BY census_original.hours_per_week LIMIT 100;"
2025-07-01T00:09:05.400000,SELECT census_original.relationship FROM census_original  WHERE census_original.relationship != 'NULL' ORDER BY census_original.relationship LIMIT 100;
2025-07-01T00:09:05.600000,"SELECT census_original.hours_per_week, census_original.workclass FROM census_original  WHERE census_original.education_num < 67.17 AND census_original.native_country LIKE 'sample' AND census_original.relationship = 'NULL' AND census_original.hours_per_week > 47.64 ORDER BY census_original.hours_per_week LIMIT 100;"
2025-07-01T00:09:05.800000,"SELECT census_original.capital_gain, census_original.age, census_original.workclass, census_original.capital_loss FROM census_original  WHERE census_original.education = 'sample' AND census_original.capital_loss < 39.62 AND census_original.occupation = 'sample' ORDER BY census_original.workclass LIMIT 100;"
2025-07-01T00:09:06.000000,"SELECT census_original.hours_per_week, census_original.workclass FROM census_original  WHERE census_original.education_num < 14.05 AND census_original.native_country LIKE 'sample' AND census_original.relationship = 'NULL' AND census_original.hours_per_week > 68.09 ORDER BY census_original.hours_per_week LIMIT 100;"
2025-07-01T00:09:06.200000,"SELECT census_original.hours_per_week, census_original.workclass FROM census_original  WHERE census_original.education_num < 30.89 AND census_original.native_country LIKE 'sample' AND census_original.relationship = 'NULL' AND census_original.hours_per_week > 91.93 ORDER BY census_original.hours_per_week LIMIT 100;"
2025-07-01T00:09:06.400000,"SELECT census_original.capital_gain, census_original.age, census_original.workclass, census_original.capital_loss FROM census_original  WHERE census_original.education = 'sample' AND census_original.capital_loss < 68.93 AND census_original.occupation = 'sample' ORDER BY census_original.workclass LIMIT 100;"
2025-07-01T00:09:06.600000,"SELECT census_original.capital_gain, census_original.age, census_original.workclass, census_original.capital_loss FROM census_original  WHERE census_original.education = 'sample' AND census_original.capital_loss < 11.96 AND census_original.occupation = 'sample' ORDER BY census_original.workclass LIMIT 100;"
2025-07-01T00:09:06.800000,"SELECT census_original.hours_per_week, census_original.workclass FROM census_original  WHERE census_original.education_num < 27.38 AND census_original.native_country LIKE 'sample' AND census_original.relationship = 'NULL' AND census_original.hours_per_week > 14.84 ORDER BY census_original.hours_per_week LIMIT 100;"
2025-07-01T00:09:07.000000,"SELECT census_original.relationship, census_original.hours_per_week FROM census_original  WHERE census_original.marital_status = 'NULL' AND census_original.education_num > 2.64 AND census_original.relationship != 'NULL' AND census_original.occupation LIKE 'sample' ORDER BY census_original.hours_per_week LIMIT 100;"
2025-07-01T00:09:07.200000,"SELECT census_original.capital_gain, census_original.age, census_original.workclass, census_original.capital_loss FROM census_original  WHERE census_original.education = 'sample' AND census_original.capital_loss < 85.28 AND census_original.occupation = 'sample' ORDER BY census_original.workclass LIMIT 100;"
2025-07-01T00:09:07.400000,SELECT census_original.relationship FROM census_original  WHERE census_original.relationship != 'NULL' ORDER BY census_original.relationship LIMIT 100;
2025-07-01T00:09:07.600000,"SELECT census_original.relationship, census_original.hours_per_week FROM census_original  WHERE census_original.marital_status = 'NULL' AND census_original.education_num > 39.84 AND census_original.relationship != 'NULL' AND census_original.occupation LIKE 'sample' ORDER BY census_original.hours_per_week LIMIT 100;"
2025-07-01T00:09:07.800000,SELECT census_original.relationship FROM census_original  WHERE census_original.relationship != 'NULL' ORDER BY census_original.relationship LIMIT 100;
2025-07-01T00:09:08.000000,"SELECT census_original.hours_per_week, census_original.workclass FROM census_original  WHERE census_original.education_num < 85.35 AND census_original.native_country LIKE 'sample' AND census_original.relationship = 'NULL' AND census_original.hours_per_week > 50.97 ORDER BY census_original.hours_per_week LIMIT 100;"
2025-07-01T00:09:08.200000,"SELECT census_original.capital_gain, census_original.age, census_original.workclass, census_original.capital_loss FROM census_original  WHERE census_original.education = 'sample' AND census_original.capital_loss < 31.14 AND census_original.occupation = 'sample' ORDER BY census_original.workclass LIMIT 100;"
2025-07-01T00:09:08.400000,SELECT census_original.relationship FROM census_original  WHERE census_original.relationship != 'NULL' ORDER BY census_original.relationship LIMIT 100;
2025-07-01T00:09:08.600000,SELECT census_original.relationship FROM census_original  WHERE census_original.relationship != 'NULL' ORDER BY census_original.relationship LIMIT 100;
2025-07-01T00:09:08.800000,"SELECT census_original.relationship, census_original.hours_per_week FROM census_original  WHERE census_original.marital_status = 'NULL' AND census_original.education_num > 24.27 AND census_original.relationship != 'NULL' AND census_original.occupation LIKE 'sample' ORDER BY census_original.hours_per_week LIMIT 100;"
2025-07-01T00:09:09.000000,"SELECT census_original.relationship, census_original.hours_per_week FROM census_original  WHERE census_original.marital_status = 'NULL' AND census_original.education_num > 99.19 AND census_original.relationship != 'NULL' AND census_original.occupation LIKE 'sample' ORDER BY census_original.hours_per_week LIMIT 100;"
2025-07-01T00:09:09.200000,"SELECT census_original.hours_per_week, census_original.workclass FROM census_original  WHERE census_original.education_num < 98.04 AND census_original.native_country LIKE 'sample' AND census_original.relationship = 'NULL' AND census_original.hours_per_week > 61.54 ORDER BY census_original.hours_per_week LIMIT 100;"
2025-07-01T00:09:09.400000,"SELECT census_original.relationship, census_original.native_country, census_original.capital_loss, census_original.education_num FROM census_original  WHERE census_original.relationship != 'NULL' AND census_original.native_country = 'sample' ORDER BY census_original.education_num LIMIT 100;"
2025-07-01T00:09:09.600000,"SELECT census_original.relationship, census_original.native_country, census_original.capital_loss, census_original.education_num FROM census_original  WHERE census_original.relationship != 'NULL' AND census_original.native_country = 'sample' ORDER BY census_original.education_num LIMIT 100;"
2025-07-01T00:09:09.800000,"SELECT census_original.hours_per_week, census_original.workclass FROM census_original  WHERE census_original.education_num < 38.04 AND census_original.native_country LIKE 'sample' AND census_original.relationship = 'NULL' AND census_original.hours_per_week > 43.16 ORDER BY census_original.hours_per_week LIMIT 100;"
2025-07-01T00:09:10.000000,"SELECT census_original.hours_per_week, census_original.workclass FROM census_original  WHERE census_original.education_num < 78.35 AND census_original.native_country LIKE 'sample' AND census_original.relationship = 'NULL' AND census_original.hours_per_week > 11.95 ORDER BY census_original.hours_per_week LIMIT 100;"
2025-07-01T00:09:10.200000,"SELECT census_original.hours_per_week, census_original.workclass FROM census_original  WHERE census_original.education_num < 30.79 AND census_original.native_country LIKE 'sample' AND census_original.relationship = 'NULL' AND census_original.hours_per_week > 49.37 ORDER BY census_original.hours_per_week LIMIT 100;"
2025-07-01T00:09:10.400000,"SELECT census_original.capital_gain, census_original.age, census_original.workclass, census_original.capital_loss FROM census_original  WHERE census_original.education = 'sample' AND census_original.capital_loss < 77.96 AND census_original.occupation = 'sample' ORDER BY census_original.workclass LIMIT 100;"
2025-07-01T00:09:10.600000,"SELECT census_original.relationship, census_original.native_country, census_original.capital_loss, census_original.education_num FROM census_original  WHERE census_original.relationship != 'NULL' AND census_original.native_country = 'sample' ORDER BY census_original.education_num LIMIT 100;"
2025-07-01T00:09:10.800000,"SELECT census_original.relationship, census_original.native_country, census_original.capital_loss, census_original.education_num FROM census_original  WHERE census_original.relationship != 'NULL' AND census_original.native_country = 'sample' ORDER BY census_original.education_num LIMIT 100;"
2025-07-01T00:09:11.000000,"SELECT census_original.relationship, census_original.native_country, census_original.capital_loss, census_original.education_num FROM census_original  WHERE census_original.relationship != 'NULL' AND census_original.native_country = 'sample' ORDER BY census_original.education_num LIMIT 100;"
2025-07-01T00:09:11.200000,"SELECT census_original.relationship, census_original.native_country, census_original.capital_loss, census_original.education_num FROM census_original  WHERE census_original.relationship != 'NULL' AND census_original.native_country = 'sample' ORDER BY census_original.education_num LIMIT 100;"
2025-07-01T00:09:11.400000,SELECT census_original.relationship FROM census_original  WHERE census_original.relationship != 'NULL' ORDER BY census_original.relationship LIMIT 100;
2025-07-01T00:09:11.600000,"SELECT census_original.hours_per_week, census_original.workclass FROM census_original  WHERE census_original.education_num < 72.06 AND census_original.native_country LIKE 'sample' AND census_original.relationship = 'NULL' AND census_original.hours_per_week > 95.17 ORDER BY census_original.hours_per_week LIMIT 100;"
2025-07-01T00:09:11.800000,"SELECT census_original.relationship, census_original.hours_per_week FROM census_original  WHERE census_original.marital_status = 'NULL' AND census_original.education_num > 54.54 AND census_original.relationship != 'NULL' AND census_original.occupation LIKE 'sample' ORDER BY census_original.hours_per_week LIMIT 100;"
2025-07-01T00:09:12.000000,"SELECT census_original.relationship, census_original.native_country, census_original.capital_loss, census_original.education_num FROM census_original  WHERE census_original.relationship != 'NULL' AND census_original.native_country = 'sample' ORDER BY census_original.education_num LIMIT 100;"
2025-07-01T00:09:12.200000,SELECT census_original.relationship FROM census_original  WHERE census_original.relationship != 'NULL' ORDER BY census_original.relationship LIMIT 100;
2025-07-01T00:09:12.400000,"SELECT census_original.relationship, census_original.hours_per_week FROM census_original  WHERE census_original.marital_status = 'NULL' AND census_original.education_num > 17.38 AND census_original.relationship != 'NULL' AND census_original.occupation LIKE 'sample' ORDER BY census_original.hours_per_week LIMIT 100;"
2025-07-01T00:09:12.600000,"SELECT census_original.capital_gain, census_original.age, census_original.workclass, census_original.capital_loss FROM census_original  WHERE census_original.education = 'sample' AND census_original.capital_loss < 55.89 AND census_original.occupation = 'sample' ORDER BY census_original.workclass LIMIT 100;"
2025-07-01T00:09:12.800000,"SELECT census_original.capital_gain, census_original.age, census_original.workclass, census_original.capital_loss FROM census_original  WHERE census_original.education = 'sample' AND census_original.capital_loss < 75.4 AND census_original.occupation = 'sample' ORDER BY census_original.workclass LIMIT 100;"
2025-07-01T00:09:13.000000,"SELECT census_original.capital_gain, census_original.age, census_original.workclass, census_original.capital_loss FROM census_original  WHERE census_original.education = 'sample' AND census_original.capital_loss < 10.18 AND census_original.occupation = 'sample' ORDER BY census_original.workclass LIMIT 100;"
2025-07-01T00:09:13.200000,"SELECT census_original.hours_per_week, census_original.workclass FROM census_original  WHERE census_original.education_num < 98.92 AND census_original.native_country LIKE 'sample' AND census_original.relationship = 'NULL' AND census_original.hours_per_week > 56.04 ORDER BY census_original.hours_per_week LIMIT 100;"
2025-07-01T00:09:13.400000,SELECT census_original.relationship FROM census_original  WHERE census_original.relationship != 'NULL' ORDER BY census_original.relationship LIMIT 100;
2025-07-01T00:09:13.600000,"SELECT census_original.relationship, census_original.hours_per_week FROM census_original  WHERE census_original.marital_status = 'NULL' AND census_original.education_num > 40.02 AND census_original.relationship != 'NULL' AND census_original.occupation LIKE 'sample' ORDER BY census_original.hours_per_week LIMIT 100;"
2025-07-01T00:09:13.800000,"SELECT census_original.capital_gain, census_original.age, census_original.workclass, census_original.capital_loss FROM census_original  WHERE census_original.education = 'sample' AND census_original.capital_loss < 92.45 AND census_original.occupation = 'sample' ORDER BY census_original.workclass LIMIT 100;"
2025-07-01T00:09:14.000000,"SELECT census_original.relationship, census_original.hours_per_week FROM census_original  WHERE census_original.marital_status = 'NULL' AND census_original.education_num > 74.62 AND census_original.relationship != 'NULL' AND census_original.occupation LIKE 'sample' ORDER BY census_original.hours_per_week LIMIT 100;"
2025-07-01T00:09:14.200000,"SELECT census_original.relationship, census_original.hours_per_week FROM census_original  WHERE census_original.marital_status = 'NULL' AND census_original.education_num > 32.52 AND census_original.relationship != 'NULL' AND census_original.occupation LIKE 'sample' ORDER BY census_original.hours_per_week LIMIT 100;"
2025-07-01T00:09:14.400000,"SELECT census_original.capital_gain, census_original.age, census_original.workclass, census_original.capital_loss FROM census_original  WHERE census_original.education = 'sample' AND census_original.capital_loss < 28.24 AND census_original.occupation = 'sample' ORDER BY census_original.workclass LIMIT 100;"
2025-07-01T00:09:14.600000,SELECT census_original.relationship FROM census_original  WHERE census_original.relationship != 'NULL' ORDER BY census_original.relationship LIMIT 100;
2025-07-01T00:09:14.800000,"SELECT census_original.relationship, census_original.native_country, census_original.capital_loss, census_original.education_num FROM census_original  WHERE census_original.relationship != 'NULL' AND census_original.native_country = 'sample' ORDER BY census_original.education_num LIMIT 100;"
2025-07-01T00:09:15.000000,"SELECT census_original.hours_per_week, census_original.workclass FROM census_original  WHERE census_original.education_num < 11.24 AND census_original.native_country LIKE 'sample' AND census_original.relationship = 'NULL' AND census_original.hours_per_week > 59.18 ORDER BY census_original.hours_per_week LIMIT 100;"
2025-07-01T00:09:15.200000,"SELECT census_original.hours_per_week, census_original.workclass FROM census_original  WHERE census_original.education_num < 32.48 AND census_original.native_country LIKE 'sample' AND census_original.relationship = 'NULL' AND census_original.hours_per_week > 50.95 ORDER BY census_original.hours_per_week LIMIT 100;"
2025-07-01T00:09:15.400000,"SELECT census_original.relationship, census_original.hours_per_week FROM census_original  WHERE census_original.marital_status = 'NULL' AND census_original.education_num > 11.95 AND census_original.relationship != 'NULL' AND census_original.occupation LIKE 'sample' ORDER BY census_original.hours_per_week LIMIT 100;"
2025-07-01T00:09:15.600000,"SELECT census_original.hours_per_week, census_original.workclass FROM census_original  WHERE census_original.education_num < 83.11 AND census_original.native_country LIKE 'sample' AND census_original.relationship = 'NULL' AND census_original.hours_per_week > 79.88 ORDER BY census_original.hours_per_week LIMIT 100;"
2025-07-01T00:09:15.800000,"SELECT census_original.hours_per_week, census_original.workclass FROM census_original  WHERE census_original.education_num < 83.51 AND census_original.native_country LIKE 'sample' AND census_original.relationship = 'NULL' AND census_original.hours_per_week > 6.14 ORDER BY census_original.hours_per_week LIMIT 100;"
2025-07-01T00:09:16.000000,"SELECT census_original.hours_per_week, census_original.workclass FROM census_original  WHERE census_original.education_num < 16.27 AND census_original.native_country LIKE 'sample' AND census_original.relationship = 'NULL' AND census_original.hours_per_week > 68.62 ORDER BY census_original.hours_per_week LIMIT 100;"
2025-07-01T00:09:16.200000,SELECT census_original.relationship FROM census_original  WHERE census_original.relationship != 'NULL' ORDER BY census_original.relationship LIMIT 100;
2025-07-01T00:09:16.400000,SELECT census_original.relationship FROM census_original  WHERE census_original.relationship != 'NULL' ORDER BY census_original.relationship LIMIT 100;
2025-07-01T00:09:16.600000,"SELECT census_original.relationship, census_original.hours_per_week FROM census_original  WHERE census_original.marital_status = 'NULL' AND census_original.education_num > 57.35 AND census_original.relationship != 'NULL' AND census_original.occupation LIKE 'sample' ORDER BY census_original.hours_per_week LIMIT 100;"
2025-07-01T00:09:16.800000,"SELECT census_original.capital_gain, census_original.age, census_original.workclass, census_original.capital_loss FROM census_original  WHERE census_original.education = 'sample' AND census_original.capital_loss < 97.69 AND census_original.occupation = 'sample' ORDER BY census_original.workclass LIMIT 100;"
2025-07-01T00:09:17.000000,SELECT census_original.relationship FROM census_original  WHERE census_original.relationship != 'NULL' ORDER BY census_original.relationship LIMIT 100;
2025-07-01T00:09:17.200000,"SELECT census_original.hours_per_week, census_original.workclass FROM census_original  WHERE census_original.education_num < 72.51 AND census_original.native_country LIKE 'sample' AND census_original.relationship = 'NULL' AND census_original.hours_per_week > 46.73 ORDER BY census_original.hours_per_week LIMIT 100;"
2025-07-01T00:09:17.400000,"SELECT census_original.relationship, census_original.native_country, census_original.capital_loss, census_original.education_num FROM census_original  WHERE census_original.relationship != 'NULL' AND census_original.native_country = 'sample' ORDER BY census_original.education_num LIMIT 100;"
2025-07-01T00:09:17.600000,"SELECT census_original.hours_per_week, census_original.workclass FROM census_original  WHERE census_original.education_num < 31.72 AND census_original.native_country LIKE 'sample' AND census_original.relationship = 'NULL' AND census_original.hours_per_week > 15.24 ORDER BY census_original.hours_per_week LIMIT 100;"
2025-07-01T00:09:17.800000,"SELECT census_original.relationship, census_original.hours_per_week FROM census_original  WHERE census_original.marital_status = 'NULL' AND census_original.education_num > 71.44 AND census_original.relationship != 'NULL' AND census_original.occupation LIKE 'sample' ORDER BY census_original.hours_per_week LIMIT 100;"
2025-07-01T00:09:18.000000,"SELECT census_original.relationship, census_original.hours_per_week FROM census_original  WHERE census_original.marital_status = 'NULL' AND census_original.education_num > 18.12 AND census_original.relationship != 'NULL' AND census_original.occupation LIKE 'sample' ORDER BY census_original.hours_per_week LIMIT 100;"
2025-07-01T00:09:18.200000,"SELECT census_original.hours_per_week, census_original.workclass FROM census_original  WHERE census_original.education_num < 78.96 AND census_original.native_country LIKE 'sample' AND census_original.relationship = 'NULL' AND census_original.hours_per_week > 55.37 ORDER BY census_original.hours_per_week LIMIT 100;"
2025-07-01T00:09:18.400000,"SELECT census_original.capital_gain, census_original.age, census_original.workclass, census_original.capital_loss FROM census_original  WHERE census_original.education = 'sample' AND census_original.capital_loss < 17.37 AND census_original.occupation = 'sample' ORDER BY census_original.workclass LIMIT 100;"
2025-07-01T00:09:18.600000,"SELECT census_original.capital_gain, census_original.age, census_original.workclass, census_original.capital_loss FROM census_original  WHERE census_original.education = 'sample' AND census_original.capital_loss < 70.44 AND census_original.occupation = 'sample' ORDER BY census_original.workclass LIMIT 100;"
2025-07-01T00:09:18.800000,"SELECT census_original.relationship, census_original.native_country, census_original.capital_loss, census_original.education_num FROM census_original  WHERE census_original.relationship != 'NULL' AND census_original.native_country = 'sample' ORDER BY census_original.education_num LIMIT 100;"
2025-07-01T00:09:19.000000,"SELECT census_original.relationship, census_original.native_country, census_original.capital_loss, census_original.education_num FROM census_original  WHERE census_original.relationship != 'NULL' AND census_original.native_country = 'sample' ORDER BY census_original.education_num LIMIT 100;"
2025-07-01T00:09:19.200000,SELECT census_original.relationship FROM census_original  WHERE census_original.relationship != 'NULL' ORDER BY census_original.relationship LIMIT 100;
2025-07-01T00:09:19.400000,"SELECT census_original.relationship, census_original.native_country, census_original.capital_loss, census_original.education_num FROM census_original  WHERE census_original.relationship != 'NULL' AND census_original.native_country = 'sample' ORDER BY census_original.education_num LIMIT 100;"
2025-07-01T00:09:19.600000,"SELECT census_original.relationship, census_original.hours_per_week FROM census_original  WHERE census_original.marital_status = 'NULL' AND census_original.education_num > 67.79 AND census_original.relationship != 'NULL' AND census_original.occupation LIKE 'sample' ORDER BY census_original.hours_per_week LIMIT 100;"
2025-07-01T00:09:19.800000,SELECT census_original.relationship FROM census_original  WHERE census_original.relationship != 'NULL' ORDER BY census_original.relationship LIMIT 100;
2025-07-01T00:09:20.000000,"SELECT census_original.relationship, census_original.hours_per_week FROM census_original  WHERE census_original.marital_status = 'NULL' AND census_original.education_num > 39.07 AND census_original.relationship != 'NULL' AND census_original.occupation LIKE 'sample' ORDER BY census_original.hours_per_week LIMIT 100;"
2025-07-01T00:09:20.200000,"SELECT census_original.relationship, census_original.native_country, census_original.capital_loss, census_original.education_num FROM census_original  WHERE census_original.relationship != 'NULL' AND census_original.native_country = 'sample' ORDER BY census_original.education_num LIMIT 100;"
2025-07-01T00:09:20.400000,SELECT census_original.relationship FROM census_original  WHERE census_original.relationship != 'NULL' ORDER BY census_original.relationship LIMIT 100;
2025-07-01T00:09:20.600000,"SELECT census_original.capital_gain, census_original.age, census_original.workclass, census_original.capital_loss FROM census_original  WHERE census_original.education = 'sample' AND census_original.capital_loss < 25.18 AND census_original.occupation = 'sample' ORDER BY census_original.workclass LIMIT 100;"
2025-07-01T00:09:20.800000,SELECT census_original.relationship FROM census_original  WHERE census_original.relationship != 'NULL' ORDER BY census_original.relationship LIMIT 100;
2025-07-01T00:09:21.000000,"SELECT census_original.relationship, census_original.hours_per_week FROM census_original  WHERE census_original.marital_status = 'NULL' AND census_original.education_num > 77.6 AND census_original.relationship != 'NULL' AND census_original.occupation LIKE 'sample' ORDER BY census_original.hours_per_week LIMIT 100;"
2025-07-01T00:09:21.200000,"SELECT census_original.capital_gain, census_original.age, census_original.workclass, census_original.capital_loss FROM census_original  WHERE census_original.education = 'sample' AND census_original.capital_loss < 55.67 AND census_original.occupation = 'sample' ORDER BY census_original.workclass LIMIT 100;"
2025-07-01T00:09:21.400000,"SELECT census_original.capital_gain, census_original.age, census_original.workclass, census_original.capital_loss FROM census_original  WHERE census_original.education = 'sample' AND census_original.capital_loss < 91.77 AND census_original.occupation = 'sample' ORDER BY census_original.workclass LIMIT 100;"
2025-07-01T00:09:21.600000,"SELECT census_original.hours_per_week, census_original.workclass FROM census_original  WHERE census_original.education_num < 12.85 AND census_original.native_country LIKE 'sample' AND census_original.relationship = 'NULL' AND census_original.hours_per_week > 37.13 ORDER BY census_original.hours_per_week LIMIT 100;"
2025-07-01T00:09:21.800000,"SELECT census_original.hours_per_week, census_original.workclass FROM census_original  WHERE census_original.education_num < 34.08 AND census_original.native_country LIKE 'sample' AND census_original.relationship = 'NULL' AND census_original.hours_per_week > 18.13 ORDER BY census_original.hours_per_week LIMIT 100;"
2025-07-01T00:09:22.000000,"SELECT census_original.capital_gain, census_original.age, census_original.workclass, census_original.capital_loss FROM census_original  WHERE census_original.education = 'sample' AND census_original.capital_loss < 24.78 AND census_original.occupation = 'sample' ORDER BY census_original.workclass LIMIT 100;"
2025-07-01T00:09:22.200000,"SELECT census_original.hours_per_week, census_original.workclass FROM census_original  WHERE census_original.education_num < 24.44 AND census_original.native_country LIKE 'sample' AND census_original.relationship = 'NULL' AND census_original.hours_per_week > 25.69 ORDER BY census_original.hours_per_week LIMIT 100;"
2025-07-01T00:09:22.400000,"SELECT census_original.capital_gain, census_original.age, census_original.workclass, census_original.capital_loss FROM census_original  WHERE census_original.education = 'sample' AND census_original.capital_loss < 44.36 AND census_original.occupation = 'sample' ORDER BY census_original.workclass LIMIT 100;"
2025-07-01T00:09:22.600000,"SELECT census_original.hours_per_week, census_original.workclass FROM census_original  WHERE census_original.education_num < 62.0 AND census_original.native_country LIKE 'sample' AND census_original.relationship = 'NULL' AND census_original.hours_per_week > 17.96 ORDER BY census_original.hours_per_week LIMIT 100;"
2025-07-01T00:09:22.800000,SELECT census_original.relationship FROM census_original  WHERE census_original.relationship != 'NULL' ORDER BY census_original.relationship LIMIT 100;
2025-07-01T00:09:23.000000,SELECT census_original.relationship FROM census_original  WHERE census_original.relationship != 'NULL' ORDER BY census_original.relationship LIMIT 100;
2025-07-01T00:09:23.200000,"SELECT census_original.relationship, census_original.hours_per_week FROM census_original  WHERE census_original.marital_status = 'NULL' AND census_original.education_num > 8.73 AND census_original.relationship != 'NULL' AND census_original.occupation LIKE 'sample' ORDER BY census_original.hours_per_week LIMIT 100;"
2025-07-01T00:09:23.400000,"SELECT census_original.hours_per_week, census_original.workclass FROM census_original  WHERE census_original.education_num < 47.27 AND census_original.native_country LIKE 'sample' AND census_original.relationship = 'NULL' AND census_original.hours_per_week > 78.69 ORDER BY census_original.hours_per_week LIMIT 100;"
2025-07-01T00:09:23.600000,"SELECT census_original.relationship, census_original.hours_per_week FROM census_original  WHERE census_original.marital_status = 'NULL' AND census_original.education_num > 22.42 AND census_original.relationship != 'NULL' AND census_original.occupation LIKE 'sample' ORDER BY census_original.hours_per_week LIMIT 100;"
2025-07-01T00:09:23.800000,"SELECT census_original.relationship, census_original.native_country, census_original.capital_loss, census_original.education_num FROM census_original  WHERE census_original.relationship != 'NULL' AND census_original.native_country = 'sample' ORDER BY census_original.education_num LIMIT 100;"
2025-07-01T00:09:24.000000,"SELECT census_original.relationship, census_original.native_country, census_original.capital_loss, census_original.education_num FROM census_original  WHERE census_original.relationship != 'NULL' AND census_original.native_country = 'sample' ORDER BY census_original.education_num LIMIT 100;"
2025-07-01T00:09:24.200000,"SELECT census_original.hours_per_week, census_original.workclass FROM census_original  WHERE census_original.education_num < 78.62 AND census_original.native_country LIKE 'sample' AND census_original.relationship = 'NULL' AND census_original.hours_per_week > 64.0 ORDER BY census_original.hours_per_week LIMIT 100;"
2025-07-01T00:09:24.400000,"SELECT census_original.hours_per_week, census_original.workclass FROM census_original  WHERE census_original.education_num < 56.15 AND census_original.native_country LIKE 'sample' AND census_original.relationship = 'NULL' AND census_original.hours_per_week > 78.61 ORDER BY census_original.hours_per_week LIMIT 100;"
2025-07-01T00:09:24.600000,"SELECT census_original.capital_gain, census_original.age, census_original.workclass, census_original.capital_loss FROM census_original  WHERE census_original.education = 'sample' AND census_original.capital_loss < 7.14 AND census_original.occupation = 'sample' ORDER BY census_original.workclass LIMIT 100;"
2025-07-01T00:09:24.800000,"SELECT census_original.relationship, census_original.native_country, census_original.capital_loss, census_original.education_num FROM census_original  WHERE census_original.relationship != 'NULL' AND census_original.native_country = 'sample' ORDER BY census_original.education_num LIMIT 100;"
2025-07-01T00:09:25.000000,SELECT census_original.relationship FROM census_original  WHERE census_original.relationship != 'NULL' ORDER BY census_original.relationship LIMIT 100;
2025-07-01T00:09:25.200000,"SELECT census_original.hours_per_week, census_original.workclass FROM census_original  WHERE census_original.education_num < 86.0 AND census_original.native_country LIKE 'sample' AND census_original.relationship = 'NULL' AND census_original.hours_per_week > 70.04 ORDER BY census_original.hours_per_week LIMIT 100;"
2025-07-01T00:09:25.400000,"SELECT census_original.capital_gain, census_original.age, census_original.workclass, census_original.capital_loss FROM census_original  WHERE census_original.education = 'sample' AND census_original.capital_loss < 76.7 AND census_original.occupation = 'sample' ORDER BY census_original.workclass LIMIT 100;"
2025-07-01T00:09:25.600000,"SELECT census_original.capital_gain, census_original.age, census_original.workclass, census_original.capital_loss FROM census_original  WHERE census_original.education = 'sample' AND census_original.capital_loss < 14.69 AND census_original.occupation = 'sample' ORDER BY census_original.workclass LIMIT 100;"
2025-07-01T00:09:25.800000,"SELECT census_original.relationship, census_original.hours_per_week FROM census_original  WHERE census_original.marital_status = 'NULL' AND census_original.education_num > 92.55 AND census_original.relationship != 'NULL' AND census_original.occupation LIKE 'sample' ORDER BY census_original.hours_per_week LIMIT 100;"
2025-07-01T00:09:26.000000,"SELECT census_original.relationship, census_original.native_country, census_original.capital_loss, census_original.education_num FROM census_original  WHERE census_original.relationship != 'NULL' AND census_original.native_country = 'sample' ORDER BY census_original.education_num LIMIT 100;"
2025-07-01T00:09:26.200000,SELECT census_original.relationship FROM census_original  WHERE census_original.relationship != 'NULL' ORDER BY census_original.relationship LIMIT 100;
2025-07-01T00:09:26.400000,SELECT census_original.relationship FROM census_original  WHERE census_original.relationship != 'NULL' ORDER BY census_original.relationship LIMIT 100;
2025-07-01T00:09:26.600000,SELECT census_original.relationship FROM census_original  WHERE census_original.relationship != 'NULL' ORDER BY census_original.relationship LIMIT 100;
2025-07-01T00:09:26.800000,SELECT census_original.relationship FROM census_original  WHERE census_original.relationship != 'NULL' ORDER BY census_original.relationship LIMIT 100;
2025-07-01T00:09:27.000000,SELECT census_original.relationship FROM census_original  WHERE census_original.relationship != 'NULL' ORDER BY census_original.relationship LIMIT 100;
2025-07-01T00:09:27.200000,"SELECT census_original.relationship, census_original.native_country, census_original.capital_loss, census_original.education_num FROM census_original  WHERE census_original.relationship != 'NULL' AND census_original.native_country = 'sample' ORDER BY census_original.education_num LIMIT 100;"
2025-07-01T00:09:27.400000,SELECT census_original.relationship FROM census_original  WHERE census_original.relationship != 'NULL' ORDER BY census_original.relationship LIMIT 100;
2025-07-01T00:09:27.600000,"SELECT census_original.hours_per_week, census_original.workclass FROM census_original  WHERE census_original.education_num < 4.97 AND census_original.native_country LIKE 'sample' AND census_original.relationship = 'NULL' AND census_original.hours_per_week > 20.98 ORDER BY census_original.hours_per_week LIMIT 100;"
2025-07-01T00:09:27.800000,"SELECT census_original.capital_gain, census_original.age, census_original.workclass, census_original.capital_loss FROM census_original  WHERE census_original.education = 'sample' AND census_original.capital_loss < 13.45 AND census_original.occupation = 'sample' ORDER BY census_original.workclass LIMIT 100;"
2025-07-01T00:09:28.000000,"SELECT census_original.relationship, census_original.hours_per_week FROM census_original  WHERE census_original.marital_status = 'NULL' AND census_original.education_num > 72.05 AND census_original.relationship != 'NULL' AND census_original.occupation LIKE 'sample' ORDER BY census_original.hours_per_week LIMIT 100;"
2025-07-01T00:09:28.200000,"SELECT census_original.capital_gain, census_original.age, census_original.workclass, census_original.capital_loss FROM census_original  WHERE census_original.education = 'sample' AND census_original.capital_loss < 30.95 AND census_original.occupation = 'sample' ORDER BY census_original.workclass LIMIT 100;"
2025-07-01T00:09:28.400000,"SELECT census_original.relationship, census_original.hours_per_week FROM census_original  WHERE census_original.marital_status = 'NULL' AND census_original.education_num > 51.94 AND census_original.relationship != 'NULL' AND census_original.occupation LIKE 'sample' ORDER BY census_original.hours_per_week LIMIT 100;"
2025-07-01T00:09:28.600000,"SELECT census_original.hours_per_week, census_original.workclass FROM census_original  WHERE census_original.education_num < 64.74 AND census_original.native_country LIKE 'sample' AND census_original.relationship = 'NULL' AND census_original.hours_per_week > 82.45 ORDER BY census_original.hours_per_week LIMIT 100;"
2025-07-01T00:09:28.800000,"SELECT census_original.capital_gain, census_original.age, census_original.workclass, census_original.capital_loss FROM census_original  WHERE census_original.education = 'sample' AND census_original.capital_loss < 73.78 AND census_original.occupation = 'sample' ORDER BY census_original.workclass LIMIT 100;"
2025-07-01T00:09:29.000000,"SELECT census_original.relationship, census_original.hours_per_week FROM census_original  WHERE census_original.marital_status = 'NULL' AND census_original.education_num > 47.03 AND census_original.relationship != 'NULL' AND census_original.occupation LIKE 'sample' ORDER BY census_original.hours_per_week LIMIT 100;"
2025-07-01T00:09:29.200000,"SELECT census_original.relationship, census_original.native_country, census_original.capital_loss, census_original.education_num FROM census_original  WHERE census_original.relationship != 'NULL' AND census_original.native_country = 'sample' ORDER BY census_original.education_num LIMIT 100;"
2025-07-01T00:09:29.400000,"SELECT census_original.relationship, census_original.native_country, census_original.capital_loss, census_original.education_num FROM census_original  WHERE census_original.relationship != 'NULL' AND census_original.native_country = 'sample' ORDER BY census_original.education_num LIMIT 100;"
2025-07-01T00:09:29.600000,SELECT census_original.relationship FROM census_original  WHERE census_original.relationship != 'NULL' ORDER BY census_original.relationship LIMIT 100;
2025-07-01T00:09:29.800000,SELECT census_original.relationship FROM census_original  WHERE census_original.relationship != 'NULL' ORDER BY census_original.relationship LIMIT 100;
2025-07-01T00:09:30.000000,SELECT census_original.relationship FROM census_original  WHERE census_original.relationship != 'NULL' ORDER BY census_original.relationship LIMIT 100;
2025-07-01T00:09:30.200000,SELECT census_original.relationship FROM census_original  WHERE census_original.relationship != 'NULL' ORDER BY census_original.relationship LIMIT 100;
2025-07-01T00:09:30.400000,"SELECT census_original.capital_gain, census_original.age, census_original.workclass, census_original.capital_loss FROM census_original  WHERE census_original.education = 'sample' AND census_original.capital_loss < 17.6 AND census_original.occupation = 'sample' ORDER BY census_original.workclass LIMIT 100;"
2025-07-01T00:09:30.600000,"SELECT census_original.hours_per_week, census_original.workclass FROM census_original  WHERE census_original.education_num < 15.7 AND census_original.native_country LIKE 'sample' AND census_original.relationship = 'NULL' AND census_original.hours_per_week > 51.33 ORDER BY census_original.hours_per_week LIMIT 100;"
2025-07-01T00:09:30.800000,"SELECT census_original.hours_per_week, census_original.workclass FROM census_original  WHERE census_original.education_num < 39.36 AND census_original.native_country LIKE 'sample' AND census_original.relationship = 'NULL' AND census_original.hours_per_week > 29.54 ORDER BY census_original.hours_per_week LIMIT 100;"
2025-07-01T00:09:31.000000,"SELECT census_original.capital_gain, census_original.age, census_original.workclass, census_original.capital_loss FROM census_original  WHERE census_original.education = 'sample' AND census_original.capital_loss < 73.06 AND census_original.occupation = 'sample' ORDER BY census_original.workclass LIMIT 100;"
2025-07-01T00:09:31.200000,"SELECT census_original.relationship, census_original.hours_per_week FROM census_original  WHERE census_original.marital_status = 'NULL' AND census_original.education_num > 13.56 AND census_original.relationship != 'NULL' AND census_original.occupation LIKE 'sample' ORDER BY census_original.hours_per_week LIMIT 100;"
2025-07-01T00:09:31.400000,"SELECT census_original.capital_gain, census_original.age, census_original.workclass, census_original.capital_loss FROM census_original  WHERE census_original.education = 'sample' AND census_original.capital_loss < 84.49 AND census_original.occupation = 'sample' ORDER BY census_original.workclass LIMIT 100;"
2025-07-01T00:09:31.600000,"SELECT census_original.capital_gain, census_original.age, census_original.workclass, census_original.capital_loss FROM census_original  WHERE census_original.education = 'sample' AND census_original.capital_loss < 49.57 AND census_original.occupation = 'sample' ORDER BY census_original.workclass LIMIT 100;"
2025-07-01T00:09:31.800000,SELECT census_original.relationship FROM census_original  WHERE census_original.relationship != 'NULL' ORDER BY census_original.relationship LIMIT 100;
2025-07-01T00:09:32.000000,"SELECT census_original.relationship, census_original.native_country, census_original.capital_loss, census_original.education_num FROM census_original  WHERE census_original.relationship != 'NULL' AND census_original.native_country = 'sample' ORDER BY census_original.education_num LIMIT 100;"
2025-07-01T00:09:32.200000,"SELECT census_original.relationship, census_original.native_country, census_original.capital_loss, census_original.education_num FROM census_original  WHERE census_original.relationship != 'NULL' AND census_original.native_country = 'sample' ORDER BY census_original.education_num LIMIT 100;"
2025-07-01T00:09:32.400000,"SELECT census_original.hours_per_week, census_original.workclass FROM census_original  WHERE census_original.education_num < 15.47 AND census_original.native_country LIKE 'sample' AND census_original.relationship = 'NULL' AND census_original.hours_per_week > 82.64 ORDER BY census_original.hours_per_week LIMIT 100;"
2025-07-01T00:09:32.600000,SELECT census_original.relationship FROM census_original  WHERE census_original.relationship != 'NULL' ORDER BY census_original.relationship LIMIT 100;
2025-07-01T00:09:32.800000,SELECT census_original.relationship FROM census_original  WHERE census_original.relationship != 'NULL' ORDER BY census_original.relationship LIMIT 100;
2025-07-01T00:09:33.000000,"SELECT census_original.relationship, census_original.hours_per_week FROM census_original  WHERE census_original.marital_status = 'NULL' AND census_original.education_num > 9.4 AND census_original.relationship != 'NULL' AND census_original.occupation LIKE 'sample' ORDER BY census_original.hours_per_week LIMIT 100;"
2025-07-01T00:09:33.200000,SELECT census_original.relationship FROM census_original  WHERE census_original.relationship != 'NULL' ORDER BY census_original.relationship LIMIT 100;
2025-07-01T00:09:33.400000,"SELECT census_original.relationship, census_original.hours_per_week FROM census_original  WHERE census_original.marital_status = 'NULL' AND census_original.education_num > 98.47 AND census_original.relationship != 'NULL' AND census_original.occupation LIKE 'sample' ORDER BY census_original.hours_per_week LIMIT 100;"
2025-07-01T00:09:33.600000,"SELECT census_original.hours_per_week, census_original.workclass FROM census_original  WHERE census_original.education_num < 6.4 AND census_original.native_country LIKE 'sample' AND census_original.relationship = 'NULL' AND census_original.hours_per_week > 62.01 ORDER BY census_original.hours_per_week LIMIT 100;"
2025-07-01T00:09:33.800000,"SELECT census_original.hours_per_week, census_original.workclass FROM census_original  WHERE census_original.education_num < 13.15 AND census_original.native_country LIKE 'sample' AND census_original.relationship = 'NULL' AND census_original.hours_per_week > 83.28 ORDER BY census_original.hours_per_week LIMIT 100;"
2025-07-01T00:09:34.000000,"SELECT census_original.hours_per_week, census_original.workclass FROM census_original  WHERE census_original.education_num < 37.06 AND census_original.native_country LIKE 'sample' AND census_original.relationship = 'NULL' AND census_original.hours_per_week > 32.13 ORDER BY census_original.hours_per_week LIMIT 100;"
2025-07-01T00:09:34.200000,"SELECT census_original.capital_gain, census_original.age, census_original.workclass, census_original.capital_loss FROM census_original  WHERE census_original.education = 'sample' AND census_original.capital_loss < 66.34 AND census_original.occupation = 'sample' ORDER BY census_original.workclass LIMIT 100;"
2025-07-01T00:09:34.400000,"SELECT census_original.capital_gain, census_original.age, census_original.workclass, census_original.capital_loss FROM census_original  WHERE census_original.education = 'sample' AND census_original.capital_loss < 66.63 AND census_original.occupation = 'sample' ORDER BY census_original.workclass LIMIT 100;"
2025-07-01T00:09:34.600000,"SELECT census_original.hours_per_week, census_original.workclass FROM census_original  WHERE census_original.education_num < 76.53 AND census_original.native_country LIKE 'sample' AND census_original.relationship = 'NULL' AND census_original.hours_per_week > 6.75 ORDER BY census_original.hours_per_week LIMIT 100;"
2025-07-01T00:09:34.800000,SELECT census_original.relationship FROM census_original  WHERE census_original.relationship != 'NULL' ORDER BY census_original.relationship LIMIT 100;
2025-07-01T00:09:35.000000,"SELECT census_original.relationship, census_original.native_country, census_original.capital_loss, census_original.education_num FROM census_original  WHERE census_original.relationship != 'NULL' AND census_original.native_country = 'sample' ORDER BY census_original.education_num LIMIT 100;"
2025-07-01T00:09:35.200000,"SELECT census_original.relationship, census_original.native_country, census_original.capital_loss, census_original.education_num FROM census_original  WHERE census_original.relationship != 'NULL' AND census_original.native_country = 'sample' ORDER BY census_original.education_num LIMIT 100;"
2025-07-01T00:09:35.400000,"SELECT census_original.capital_gain, census_original.age, census_original.workclass, census_original.capital_loss FROM census_original  WHERE census_original.education = 'sample' AND census_original.capital_loss < 20.04 AND census_original.occupation = 'sample' ORDER BY census_original.workclass LIMIT 100;"
2025-07-01T00:09:35.600000,"SELECT census_original.relationship, census_original.native_country, census_original.capital_loss, census_original.education_num FROM census_original  WHERE census_original.relationship != 'NULL' AND census_original.native_country = 'sample' ORDER BY census_original.education_num LIMIT 100;"
2025-07-01T00:09:35.800000,"SELECT census_original.capital_gain, census_original.age, census_original.workclass, census_original.capital_loss FROM census_original  WHERE census_original.education = 'sample' AND census_original.capital_loss < 65.95 AND census_original.occupation = 'sample' ORDER BY census_original.workclass LIMIT 100;"
2025-07-01T00:09:36.000000,"SELECT census_original.relationship, census_original.hours_per_week FROM census_original  WHERE census_original.marital_status = 'NULL' AND census_original.education_num > 42.51 AND census_original.relationship != 'NULL' AND census_original.occupation LIKE 'sample' ORDER BY census_original.hours_per_week LIMIT 100;"
2025-07-01T00:09:36.200000,"SELECT census_original.capital_gain, census_original.age, census_original.workclass, census_original.capital_loss FROM census_original  WHERE census_original.education = 'sample' AND census_original.capital_loss < 84.08 AND census_original.occupation = 'sample' ORDER BY census_original.workclass LIMIT 100;"
2025-07-01T00:09:36.400000,SELECT census_original.relationship FROM census_original  WHERE census_original.relationship != 'NULL' ORDER BY census_original.relationship LIMIT 100;
2025-07-01T00:09:36.600000,"SELECT census_original.relationship, census_original.hours_per_week FROM census_original  WHERE census_original.marital_status = 'NULL' AND census_original.education_num > 15.23 AND census_original.relationship != 'NULL' AND census_original.occupation LIKE 'sample' ORDER BY census_original.hours_per_week LIMIT 100;"
2025-07-01T00:09:36.800000,SELECT census_original.relationship FROM census_original  WHERE census_original.relationship != 'NULL' ORDER BY census_original.relationship LIMIT 100;
2025-07-01T00:09:37.000000,"SELECT census_original.relationship, census_original.hours_per_week FROM census_original  WHERE census_original.marital_status = 'NULL' AND census_original.education_num > 52.5 AND census_original.relationship != 'NULL' AND census_original.occupation LIKE 'sample' ORDER BY census_original.hours_per_week LIMIT 100;"
2025-07-01T00:09:37.200000,"SELECT census_original.hours_per_week, census_original.workclass FROM census_original  WHERE census_original.education_num < 91.82 AND census_original.native_country LIKE 'sample' AND census_original.relationship = 'NULL' AND census_original.hours_per_week > 63.45 ORDER BY census_original.hours_per_week LIMIT 100;"
2025-07-01T00:09:37.400000,"SELECT census_original.capital_gain, census_original.age, census_original.workclass, census_original.capital_loss FROM census_original  WHERE census_original.education = 'sample' AND census_original.capital_loss < 10.94 AND census_original.occupation = 'sample' ORDER BY census_original.workclass LIMIT 100;"
2025-07-01T00:09:37.600000,SELECT census_original.relationship FROM census_original  WHERE census_original.relationship != 'NULL' ORDER BY census_original.relationship LIMIT 100;
2025-07-01T00:09:37.800000,"SELECT census_original.relationship, census_original.native_country, census_original.capital_loss, census_original.education_num FROM census_original  WHERE census_original.relationship != 'NULL' AND census_original.native_country = 'sample' ORDER BY census_original.education_num LIMIT 100;"
2025-07-01T00:09:38.000000,"SELECT census_original.capital_gain, census_original.age, census_original.workclass, census_original.capital_loss FROM census_original  WHERE census_original.education = 'sample' AND census_original.capital_loss < 99.19 AND census_original.occupation = 'sample' ORDER BY census_original.workclass LIMIT 100;"
2025-07-01T00:09:38.200000,SELECT census_original.relationship FROM census_original  WHERE census_original.relationship != 'NULL' ORDER BY census_original.relationship LIMIT 100;
2025-07-01T00:09:38.400000,"SELECT census_original.relationship, census_original.hours_per_week FROM census_original  WHERE census_original.marital_status = 'NULL' AND census_original.education_num > 70.12 AND census_original.relationship != 'NULL' AND census_original.occupation LIKE 'sample' ORDER BY census_original.hours_per_week LIMIT 100;"
2025-07-01T00:09:38.600000,"SELECT census_original.relationship, census_original.native_country, census_original.capital_loss, census_original.education_num FROM census_original  WHERE census_original.relationship != 'NULL' AND census_original.native_country = 'sample' ORDER BY census_original.education_num LIMIT 100;"
2025-07-01T00:09:38.800000,"SELECT census_original.capital_gain, census_original.age, census_original.workclass, census_original.capital_loss FROM census_original  WHERE census_original.education = 'sample' AND census_original.capital_loss < 65.57 AND census_original.occupation = 'sample' ORDER BY census_original.workclass LIMIT 100;"
2025-07-01T00:09:39.000000,"SELECT census_original.relationship, census_original.hours_per_week FROM census_original  WHERE census_original.marital_status = 'NULL' AND census_original.education_num > 12.05 AND census_original.relationship != 'NULL' AND census_original.occupation LIKE 'sample' ORDER BY census_original.hours_per_week LIMIT 100;"
2025-07-01T00:09:39.200000,"SELECT census_original.hours_per_week, census_original.workclass FROM census_original  WHERE census_original.education_num < 6.48 AND census_original.native_country LIKE 'sample' AND census_original.relationship = 'NULL' AND census_original.hours_per_week > 18.29 ORDER BY census_original.hours_per_week LIMIT 100;"
2025-07-01T00:09:39.400000,"SELECT census_original.relationship, census_original.hours_per_week FROM census_original  WHERE census_original.marital_status = 'NULL' AND census_original.education_num > 15.79 AND census_original.relationship != 'NULL' AND census_original.occupation LIKE 'sample' ORDER BY census_original.hours_per_week LIMIT 100;"
2025-07-01T00:09:39.600000,"SELECT census_original.relationship, census_original.native_country, census_original.capital_loss, census_original.education_num FROM census_original  WHERE census_original.relationship != 'NULL' AND census_original.native_country = 'sample' ORDER BY census_original.education_num LIMIT 100;"
2025-07-01T00:09:39.800000,"SELECT census_original.relationship, census_original.native_country, census_original.capital_loss, census_original.education_num FROM census_original  WHERE census_original.relationship != 'NULL' AND census_original.native_country = 'sample' ORDER BY census_original.education_num LIMIT 100;"
2025-07-01T00:09:40.000000,SELECT census_original.relationship FROM census_original  WHERE census_original.relationship != 'NULL' ORDER BY census_original.relationship LIMIT 100;
2025-07-01T00:09:40.200000,"SELECT census_original.relationship, census_original.hours_per_week FROM census_original  WHERE census_original.marital_status = 'NULL' AND census_original.education_num > 62.39 AND census_original.relationship != 'NULL' AND census_original.occupation LIKE 'sample' ORDER BY census_original.hours_per_week LIMIT 100;"
2025-07-01T00:09:40.400000,"SELECT census_original.hours_per_week, census_original.workclass FROM census_original  WHERE census_original.education_num < 63.76 AND census_original.native_country LIKE 'sample' AND census_original.relationship = 'NULL' AND census_original.hours_per_week > 11.48 ORDER BY census_original.hours_per_week LIMIT 100;"
2025-07-01T00:09:40.600000,"SELECT census_original.relationship, census_original.native_country, census_original.capital_loss, census_original.education_num FROM census_original  WHERE census_original.relationship != 'NULL' AND census_original.native_country = 'sample' ORDER BY census_original.education_num LIMIT 100;"
2025-07-01T00:09:40.800000,SELECT census_original.relationship FROM census_original  WHERE census_original.relationship != 'NULL' ORDER BY census_original.relationship LIMIT 100;
2025-07-01T00:09:41.000000,"SELECT census_original.relationship, census_original.hours_per_week FROM census_original  WHERE census_original.marital_status = 'NULL' AND census_original.education_num > 84.28 AND census_original.relationship != 'NULL' AND census_original.occupation LIKE 'sample' ORDER BY census_original.hours_per_week LIMIT 100;"
2025-07-01T00:09:41.200000,"SELECT census_original.capital_gain, census_original.age, census_original.workclass, census_original.capital_loss FROM census_original  WHERE census_original.education = 'sample' AND census_original.capital_loss < 35.98 AND census_original.occupation = 'sample' ORDER BY census_original.workclass LIMIT 100;"
2025-07-01T00:09:41.400000,SELECT census_original.relationship FROM census_original  WHERE census_original.relationship != 'NULL' ORDER BY census_original.relationship LIMIT 100;
2025-07-01T00:09:41.600000,"SELECT census_original.relationship, census_original.hours_per_week FROM census_original  WHERE census_original.marital_status = 'NULL' AND census_original.education_num > 86.04 AND census_original.relationship != 'NULL' AND census_original.occupation LIKE 'sample' ORDER BY census_original.hours_per_week LIMIT 100;"
2025-07-01T00:09:41.800000,"SELECT census_original.relationship, census_original.native_country, census_original.capital_loss, census_original.education_num FROM census_original  WHERE census_original.relationship != 'NULL' AND census_original.native_country = 'sample' ORDER BY census_original.education_num LIMIT 100;"
2025-07-01T00:09:42.000000,"SELECT census_original.capital_gain, census_original.age, census_original.workclass, census_original.capital_loss FROM census_original  WHERE census_original.education = 'sample' AND census_original.capital_loss < 71.31 AND census_original.occupation = 'sample' ORDER BY census_original.workclass LIMIT 100;"
2025-07-01T00:09:42.200000,"SELECT census_original.relationship, census_original.hours_per_week FROM census_original  WHERE census_original.marital_status = 'NULL' AND census_original.education_num > 5.82 AND census_original.relationship != 'NULL' AND census_original.occupation LIKE 'sample' ORDER BY census_original.hours_per_week LIMIT 100;"
2025-07-01T00:09:42.400000,SELECT census_original.relationship FROM census_original  WHERE census_original.relationship != 'NULL' ORDER BY census_original.relationship LIMIT 100;
2025-07-01T00:09:42.600000,"SELECT census_original.capital_gain, census_original.age, census_original.workclass, census_original.capital_loss FROM census_original  WHERE census_original.education = 'sample' AND census_original.capital_loss < 26.52 AND census_original.occupation = 'sample' ORDER BY census_original.workclass LIMIT 100;"
2025-07-01T00:09:42.800000,"SELECT census_original.relationship, census_original.hours_per_week FROM census_original  WHERE census_original.marital_status = 'NULL' AND census_original.education_num > 40.73 AND census_original.relationship != 'NULL' AND census_original.occupation LIKE 'sample' ORDER BY census_original.hours_per_week LIMIT 100;"
2025-07-01T00:09:43.000000,SELECT census_original.relationship FROM census_original  WHERE census_original.relationship != 'NULL' ORDER BY census_original.relationship LIMIT 100;
2025-07-01T00:09:43.200000,SELECT census_original.relationship FROM census_original  WHERE census_original.relationship != 'NULL' ORDER BY census_original.relationship LIMIT 100;
2025-07-01T00:09:43.400000,"SELECT census_original.hours_per_week, census_original.workclass FROM census_original  WHERE census_original.education_num < 92.56 AND census_original.native_country LIKE 'sample' AND census_original.relationship = 'NULL' AND census_original.hours_per_week > 10.81 ORDER BY census_original.hours_per_week LIMIT 100;"
2025-07-01T00:09:43.600000,SELECT census_original.relationship FROM census_original  WHERE census_original.relationship != 'NULL' ORDER BY census_original.relationship LIMIT 100;
2025-07-01T00:09:43.800000,SELECT census_original.relationship FROM census_original  WHERE census_original.relationship != 'NULL' ORDER BY census_original.relationship LIMIT 100;
2025-07-01T00:09:44.000000,"SELECT census_original.relationship, census_original.hours_per_week FROM census_original  WHERE census_original.marital_status = 'NULL' AND census_original.education_num > 40.11 AND census_original.relationship != 'NULL' AND census_original.occupation LIKE 'sample' ORDER BY census_original.hours_per_week LIMIT 100;"
2025-07-01T00:09:44.200000,SELECT census_original.relationship FROM census_original  WHERE census_original.relationship != 'NULL' ORDER BY census_original.relationship LIMIT 100;
2025-07-01T00:09:44.400000,"SELECT census_original.relationship, census_original.hours_per_week FROM census_original  WHERE census_original.marital_status = 'NULL' AND census_original.education_num > 52.09 AND census_original.relationship != 'NULL' AND census_original.occupation LIKE 'sample' ORDER BY census_original.hours_per_week LIMIT 100;"
2025-07-01T00:09:44.600000,"SELECT census_original.relationship, census_original.native_country, census_original.capital_loss, census_original.education_num FROM census_original  WHERE census_original.relationship != 'NULL' AND census_original.native_country = 'sample' ORDER BY census_original.education_num LIMIT 100;"
2025-07-01T00:09:44.800000,"SELECT census_original.relationship, census_original.native_country, census_original.capital_loss, census_original.education_num FROM census_original  WHERE census_original.relationship != 'NULL' AND census_original.native_country = 'sample' ORDER BY census_original.education_num LIMIT 100;"
2025-07-01T00:09:45.000000,"SELECT census_original.relationship, census_original.hours_per_week FROM census_original  WHERE census_original.marital_status = 'NULL' AND census_original.education_num > 37.9 AND census_original.relationship != 'NULL' AND census_original.occupation LIKE 'sample' ORDER BY census_original.hours_per_week LIMIT 100;"
2025-07-01T00:09:45.200000,"SELECT census_original.relationship, census_original.native_country, census_original.capital_loss, census_original.education_num FROM census_original  WHERE census_original.relationship != 'NULL' AND census_original.native_country = 'sample' ORDER BY census_original.education_num LIMIT 100;"
2025-07-01T00:09:45.400000,SELECT census_original.relationship FROM census_original  WHERE census_original.relationship != 'NULL' ORDER BY census_original.relationship LIMIT 100;
2025-07-01T00:09:45.600000,"SELECT census_original.capital_gain, census_original.age, census_original.workclass, census_original.capital_loss FROM census_original  WHERE census_original.education = 'sample' AND census_original.capital_loss < 58.84 AND census_original.occupation = 'sample' ORDER BY census_original.workclass LIMIT 100;"
2025-07-01T00:09:45.800000,SELECT census_original.relationship FROM census_original  WHERE census_original.relationship != 'NULL' ORDER BY census_original.relationship LIMIT 100;
2025-07-01T00:09:46.000000,SELECT census_original.relationship FROM census_original  WHERE census_original.relationship != 'NULL' ORDER BY census_original.relationship LIMIT 100;
2025-07-01T00:09:46.200000,"SELECT census_original.hours_per_week, census_original.workclass FROM census_original  WHERE census_original.education_num < 9.95 AND census_original.native_country LIKE 'sample' AND census_original.relationship = 'NULL' AND census_original.hours_per_week > 89.81 ORDER BY census_original.hours_per_week LIMIT 100;"
2025-07-01T00:09:46.400000,SELECT census_original.relationship FROM census_original  WHERE census_original.relationship != 'NULL' ORDER BY census_original.relationship LIMIT 100;
2025-07-01T00:09:46.600000,"SELECT census_original.hours_per_week, census_original.workclass FROM census_original  WHERE census_original.education_num < 80.63 AND census_original.native_country LIKE 'sample' AND census_original.relationship = 'NULL' AND census_original.hours_per_week > 53.74 ORDER BY census_original.hours_per_week LIMIT 100;"
2025-07-01T00:09:46.800000,"SELECT census_original.relationship, census_original.hours_per_week FROM census_original  WHERE census_original.marital_status = 'NULL' AND census_original.education_num > 25.12 AND census_original.relationship != 'NULL' AND census_original.occupation LIKE 'sample' ORDER BY census_original.hours_per_week LIMIT 100;"
2025-07-01T00:09:47.000000,"SELECT census_original.relationship, census_original.hours_per_week FROM census_original  WHERE census_original.marital_status = 'NULL' AND census_original.education_num > 19.64 AND census_original.relationship != 'NULL' AND census_original.occupation LIKE 'sample' ORDER BY census_original.hours_per_week LIMIT 100;"
2025-07-01T00:09:47.200000,SELECT census_original.relationship FROM census_original  WHERE census_original.relationship != 'NULL' ORDER BY census_original.relationship LIMIT 100;
2025-07-01T00:09:47.400000,"SELECT census_original.hours_per_week, census_original.workclass FROM census_original  WHERE census_original.education_num < 37.99 AND census_original.native_country LIKE 'sample' AND census_original.relationship = 'NULL' AND census_original.hours_per_week > 10.35 ORDER BY census_original.hours_per_week LIMIT 100;"
2025-07-01T00:09:47.600000,"SELECT census_original.hours_per_week, census_original.workclass FROM census_original  WHERE census_original.education_num < 57.55 AND census_original.native_country LIKE 'sample' AND census_original.relationship = 'NULL' AND census_original.hours_per_week > 42.21 ORDER BY census_original.hours_per_week LIMIT 100;"
2025-07-01T00:09:47.800000,"SELECT census_original.relationship, census_original.hours_per_week FROM census_original  WHERE census_original.marital_status = 'NULL' AND census_original.education_num > 33.21 AND census_original.relationship != 'NULL' AND census_original.occupation LIKE 'sample' ORDER BY census_original.hours_per_week LIMIT 100;"
2025-07-01T00:09:48.000000,"SELECT census_original.capital_gain, census_original.age, census_original.workclass, census_original.capital_loss FROM census_original  WHERE census_original.education = 'sample' AND census_original.capital_loss < 9.51 AND census_original.occupation = 'sample' ORDER BY census_original.workclass LIMIT 100;"
2025-07-01T00:09:48.200000,"SELECT census_original.relationship, census_original.native_country, census_original.capital_loss, census_original.education_num FROM census_original  WHERE census_original.relationship != 'NULL' AND census_original.native_country = 'sample' ORDER BY census_original.education_num LIMIT 100;"
2025-07-01T00:09:48.400000,SELECT census_original.relationship FROM census_original  WHERE census_original.relationship != 'NULL' ORDER BY census_original.relationship LIMIT 100;
2025-07-01T00:09:48.600000,SELECT census_original.relationship FROM census_original  WHERE census_original.relationship != 'NULL' ORDER BY census_original.relationship LIMIT 100;
2025-07-01T00:09:48.800000,"SELECT census_original.relationship, census_original.native_country, census_original.capital_loss, census_original.education_num FROM census_original  WHERE census_original.relationship != 'NULL' AND census_original.native_country = 'sample' ORDER BY census_original.education_num LIMIT 100;"
2025-07-01T00:09:49.000000,"SELECT census_original.capital_gain, census_original.age, census_original.workclass, census_original.capital_loss FROM census_original  WHERE census_original.education = 'sample' AND census_original.capital_loss < 99.94 AND census_original.occupation = 'sample' ORDER BY census_original.workclass LIMIT 100;"
2025-07-01T00:09:49.200000,"SELECT census_original.hours_per_week, census_original.workclass FROM census_original  WHERE census_original.education_num < 33.51 AND census_original.native_country LIKE 'sample' AND census_original.relationship = 'NULL' AND census_original.hours_per_week > 54.01 ORDER BY census_original.hours_per_week LIMIT 100;"
2025-07-01T00:09:49.400000,"SELECT census_original.relationship, census_original.native_country, census_original.capital_loss, census_original.education_num FROM census_original  WHERE census_original.relationship != 'NULL' AND census_original.native_country = 'sample' ORDER BY census_original.education_num LIMIT 100;"
2025-07-01T00:09:49.600000,"SELECT census_original.hours_per_week, census_original.workclass FROM census_original  WHERE census_original.education_num < 8.13 AND census_original.native_country LIKE 'sample' AND census_original.relationship = 'NULL' AND census_original.hours_per_week > 84.36 ORDER BY census_original.hours_per_week LIMIT 100;"
2025-07-01T00:09:49.800000,"SELECT census_original.capital_gain, census_original.age, census_original.workclass, census_original.capital_loss FROM census_original  WHERE census_original.education = 'sample' AND census_original.capital_loss < 86.2 AND census_original.occupation = 'sample' ORDER BY census_original.workclass LIMIT 100;"
2025-07-01T00:09:50.000000,"SELECT census_original.capital_gain, census_original.age, census_original.workclass, census_original.capital_loss FROM census_original  WHERE census_original.education = 'sample' AND census_original.capital_loss < 27.19 AND census_original.occupation = 'sample' ORDER BY census_original.workclass LIMIT 100;"
2025-07-01T00:09:50.200000,"SELECT census_original.hours_per_week, census_original.workclass FROM census_original  WHERE census_original.education_num < 44.07 AND census_original.native_country LIKE 'sample' AND census_original.relationship = 'NULL' AND census_original.hours_per_week > 99.25 ORDER BY census_original.hours_per_week LIMIT 100;"
2025-07-01T00:09:50.400000,"SELECT census_original.relationship, census_original.hours_per_week FROM census_original  WHERE census_original.marital_status = 'NULL' AND census_original.education_num > 79.81 AND census_original.relationship != 'NULL' AND census_original.occupation LIKE 'sample' ORDER BY census_original.hours_per_week LIMIT 100;"
2025-07-01T00:09:50.600000,SELECT census_original.relationship FROM census_original  WHERE census_original.relationship != 'NULL' ORDER BY census_original.relationship LIMIT 100;
2025-07-01T00:09:50.800000,"SELECT census_original.relationship, census_original.native_country, census_original.capital_loss, census_original.education_num FROM census_original  WHERE census_original.relationship != 'NULL' AND census_original.native_country = 'sample' ORDER BY census_original.education_num LIMIT 100;"
2025-07-01T00:09:51.000000,"SELECT census_original.relationship, census_original.native_country, census_original.capital_loss, census_original.education_num FROM census_original  WHERE census_original.relationship != 'NULL' AND census_original.native_country = 'sample' ORDER BY census_original.education_num LIMIT 100;"
2025-07-01T00:09:51.200000,"SELECT census_original.hours_per_week, census_original.workclass FROM census_original  WHERE census_original.education_num < 82.71 AND census_original.native_country LIKE 'sample' AND census_original.relationship = 'NULL' AND census_original.hours_per_week > 30.24 ORDER BY census_original.hours_per_week LIMIT 100;"
2025-07-01T00:09:51.400000,"SELECT census_original.relationship, census_original.native_country, census_original.capital_loss, census_original.education_num FROM census_original  WHERE census_original.relationship != 'NULL' AND census_original.native_country = 'sample' ORDER BY census_original.education_num LIMIT 100;"
2025-07-01T00:09:51.600000,"SELECT census_original.hours_per_week, census_original.workclass FROM census_original  WHERE census_original.education_num < 38.95 AND census_original.native_country LIKE 'sample' AND census_original.relationship = 'NULL' AND census_original.hours_per_week > 73.24 ORDER BY census_original.hours_per_week LIMIT 100;"
2025-07-01T00:09:51.800000,SELECT census_original.relationship FROM census_original  WHERE census_original.relationship != 'NULL' ORDER BY census_original.relationship LIMIT 100;
2025-07-01T00:09:52.000000,"SELECT census_original.relationship, census_original.native_country, census_original.capital_loss, census_original.education_num FROM census_original  WHERE census_original.relationship != 'NULL' AND census_original.native_country = 'sample' ORDER BY census_original.education_num LIMIT 100;"
2025-07-01T00:09:52.200000,"SELECT census_original.relationship, census_original.hours_per_week FROM census_original  WHERE census_original.marital_status = 'NULL' AND census_original.education_num > 1.16 AND census_original.relationship != 'NULL' AND census_original.occupation LIKE 'sample' ORDER BY census_original.hours_per_week LIMIT 100;"
2025-07-01T00:09:52.400000,"SELECT census_original.relationship, census_original.hours_per_week FROM census_original  WHERE census_original.marital_status = 'NULL' AND census_original.education_num > 13.26 AND census_original.relationship != 'NULL' AND census_original.occupation LIKE 'sample' ORDER BY census_original.hours_per_week LIMIT 100;"
2025-07-01T00:09:52.600000,SELECT census_original.relationship FROM census_original  WHERE census_original.relationship != 'NULL' ORDER BY census_original.relationship LIMIT 100;
2025-07-01T00:09:52.800000,"SELECT census_original.relationship, census_original.native_country, census_original.capital_loss, census_original.education_num FROM census_original  WHERE census_original.relationship != 'NULL' AND census_original.native_country = 'sample' ORDER BY census_original.education_num LIMIT 100;"
2025-07-01T00:09:53.000000,"SELECT census_original.relationship, census_original.native_country, census_original.capital_loss, census_original.education_num FROM census_original  WHERE census_original.relationship != 'NULL' AND census_original.native_country = 'sample' ORDER BY census_original.education_num LIMIT 100;"
2025-07-01T00:09:53.200000,SELECT census_original.relationship FROM census_original  WHERE census_original.relationship != 'NULL' ORDER BY census_original.relationship LIMIT 100;
2025-07-01T00:09:53.400000,"SELECT census_original.relationship, census_original.hours_per_week FROM census_original  WHERE census_original.marital_status = 'NULL' AND census_original.education_num > 79.57 AND census_original.relationship != 'NULL' AND census_original.occupation LIKE 'sample' ORDER BY census_original.hours_per_week LIMIT 100;"
2025-07-01T00:09:53.600000,"SELECT census_original.hours_per_week, census_original.workclass FROM census_original  WHERE census_original.education_num < 47.21 AND census_original.native_country LIKE 'sample' AND census_original.relationship = 'NULL' AND census_original.hours_per_week > 5.34 ORDER BY census_original.hours_per_week LIMIT 100;"
2025-07-01T00:09:53.800000,"SELECT census_original.relationship, census_original.hours_per_week FROM census_original  WHERE census_original.marital_status = 'NULL' AND census_original.education_num > 21.24 AND census_original.relationship != 'NULL' AND census_original.occupation LIKE 'sample' ORDER BY census_original.hours_per_week LIMIT 100;"
2025-07-01T00:09:54.000000,SELECT census_original.relationship FROM census_original  WHERE census_original.relationship != 'NULL' ORDER BY census_original.relationship LIMIT 100;
2025-07-01T00:09:54.200000,"SELECT census_original.capital_gain, census_original.age, census_original.workclass, census_original.capital_loss FROM census_original  WHERE census_original.education = 'sample' AND census_original.capital_loss < 55.74 AND census_original.occupation = 'sample' ORDER BY census_original.workclass LIMIT 100;"
2025-07-01T00:09:54.400000,"SELECT census_original.relationship, census_original.hours_per_week FROM census_original  WHERE census_original.marital_status = 'NULL' AND census_original.education_num > 32.93 AND census_original.relationship != 'NULL' AND census_original.occupation LIKE 'sample' ORDER BY census_original.hours_per_week LIMIT 100;"
2025-07-01T00:09:54.600000,"SELECT census_original.relationship, census_original.native_country, census_original.capital_loss, census_original.education_num FROM census_original  WHERE census_original.relationship != 'NULL' AND census_original.native_country = 'sample' ORDER BY census_original.education_num LIMIT 100;"
2025-07-01T00:09:54.800000,SELECT census_original.relationship FROM census_original  WHERE census_original.relationship != 'NULL' ORDER BY census_original.relationship LIMIT 100;
2025-07-01T00:09:55.000000,SELECT census_original.relationship FROM census_original  WHERE census_original.relationship != 'NULL' ORDER BY census_original.relationship LIMIT 100;
2025-07-01T00:09:55.200000,SELECT census_original.relationship FROM census_original  WHERE census_original.relationship != 'NULL' ORDER BY census_original.relationship LIMIT 100;
2025-07-01T00:09:55.400000,SELECT census_original.relationship FROM census_original  WHERE census_original.relationship != 'NULL' ORDER BY census_original.relationship LIMIT 100;
2025-07-01T00:09:55.600000,"SELECT census_original.relationship, census_original.hours_per_week FROM census_original  WHERE census_original.marital_status = 'NULL' AND census_original.education_num > 78.6 AND census_original.relationship != 'NULL' AND census_original.occupation LIKE 'sample' ORDER BY census_original.hours_per_week LIMIT 100;"
2025-07-01T00:09:55.800000,"SELECT census_original.capital_gain, census_original.age, census_original.workclass, census_original.capital_loss FROM census_original  WHERE census_original.education = 'sample' AND census_original.capital_loss < 89.41 AND census_original.occupation = 'sample' ORDER BY census_original.workclass LIMIT 100;"
2025-07-01T00:09:56.000000,"SELECT census_original.hours_per_week, census_original.workclass FROM census_original  WHERE census_original.education_num < 10.54 AND census_original.native_country LIKE 'sample' AND census_original.relationship = 'NULL' AND census_original.hours_per_week > 90.36 ORDER BY census_original.hours_per_week LIMIT 100;"
2025-07-01T00:09:56.200000,SELECT census_original.relationship FROM census_original  WHERE census_original.relationship != 'NULL' ORDER BY census_original.relationship LIMIT 100;
2025-07-01T00:09:56.400000,"SELECT census_original.capital_gain, census_original.age, census_original.workclass, census_original.capital_loss FROM census_original  WHERE census_original.education = 'sample' AND census_original.capital_loss < 42.51 AND census_original.occupation = 'sample' ORDER BY census_original.workclass LIMIT 100;"
2025-07-01T00:09:56.600000,"SELECT census_original.relationship, census_original.hours_per_week FROM census_original  WHERE census_original.marital_status = 'NULL' AND census_original.education_num > 62.29 AND census_original.relationship != 'NULL' AND census_original.occupation LIKE 'sample' ORDER BY census_original.hours_per_week LIMIT 100;"
2025-07-01T00:09:56.800000,"SELECT census_original.relationship, census_original.hours_per_week FROM census_original  WHERE census_original.marital_status = 'NULL' AND census_original.education_num > 43.7 AND census_original.relationship != 'NULL' AND census_original.occupation LIKE 'sample' ORDER BY census_original.hours_per_week LIMIT 100;"
2025-07-01T00:09:57.000000,"SELECT census_original.hours_per_week, census_original.workclass FROM census_original  WHERE census_original.education_num < 78.25 AND census_original.native_country LIKE 'sample' AND census_original.relationship = 'NULL' AND census_original.hours_per_week > 48.46 ORDER BY census_original.hours_per_week LIMIT 100;"
2025-07-01T00:09:57.200000,"SELECT census_original.hours_per_week, census_original.workclass FROM census_original  WHERE census_original.education_num < 9.36 AND census_original.native_country LIKE 'sample' AND census_original.relationship = 'NULL' AND census_original.hours_per_week > 42.16 ORDER BY census_original.hours_per_week LIMIT 100;"
2025-07-01T00:09:57.400000,"SELECT census_original.hours_per_week, census_original.workclass FROM census_original  WHERE census_original.education_num < 17.89 AND census_original.native_country LIKE 'sample' AND census_original.relationship = 'NULL' AND census_original.hours_per_week > 92.59 ORDER BY census_original.hours_per_week LIMIT 100;"
2025-07-01T00:09:57.600000,"SELECT census_original.relationship, census_original.native_country, census_original.capital_loss, census_original.education_num FROM census_original  WHERE census_original.relationship != 'NULL' AND census_original.native_country = 'sample' ORDER BY census_original.education_num LIMIT 100;"
2025-07-01T00:09:57.800000,SELECT census_original.relationship FROM census_original  WHERE census_original.relationship != 'NULL' ORDER BY census_original.relationship LIMIT 100;
2025-07-01T00:09:58.000000,"SELECT census_original.hours_per_week, census_original.workclass FROM census_original  WHERE census_original.education_num < 76.63 AND census_original.native_country LIKE 'sample' AND census_original.relationship = 'NULL' AND census_original.hours_per_week > 80.13 ORDER BY census_original.hours_per_week LIMIT 100;"
2025-07-01T00:09:58.200000,"SELECT census_original.capital_gain, census_original.age, census_original.workclass, census_original.capital_loss FROM census_original  WHERE census_original.education = 'sample' AND census_original.capital_loss < 14.66 AND census_original.occupation = 'sample' ORDER BY census_original.workclass LIMIT 100;"
2025-07-01T00:09:58.400000,SELECT census_original.relationship FROM census_original  WHERE census_original.relationship != 'NULL' ORDER BY census_original.relationship LIMIT 100;
2025-07-01T00:09:58.600000,"SELECT census_original.hours_per_week, census_original.workclass FROM census_original  WHERE census_original.education_num < 20.62 AND census_original.native_country LIKE 'sample' AND census_original.relationship = 'NULL' AND census_original.hours_per_week > 91.15 ORDER BY census_original.hours_per_week LIMIT 100;"
2025-07-01T00:09:58.800000,"SELECT census_original.hours_per_week, census_original.workclass FROM census_original  WHERE census_original.education_num < 34.51 AND census_original.native_country LIKE 'sample' AND census_original.relationship = 'NULL' AND census_original.hours_per_week > 84.6 ORDER BY census_original.hours_per_week LIMIT 100;"
2025-07-01T00:09:59.000000,"SELECT census_original.relationship, census_original.hours_per_week FROM census_original  WHERE census_original.marital_status = 'NULL' AND census_original.education_num > 93.11 AND census_original.relationship != 'NULL' AND census_original.occupation LIKE 'sample' ORDER BY census_original.hours_per_week LIMIT 100;"
2025-07-01T00:09:59.200000,"SELECT census_original.relationship, census_original.hours_per_week FROM census_original  WHERE census_original.marital_status = 'NULL' AND census_original.education_num > 32.4 AND census_original.relationship != 'NULL' AND census_original.occupation LIKE 'sample' ORDER BY census_original.hours_per_week LIMIT 100;"
2025-07-01T00:09:59.400000,"SELECT census_original.relationship, census_original.hours_per_week FROM census_original  WHERE census_original.marital_status = 'NULL' AND census_original.education_num > 57.42 AND census_original.relationship != 'NULL' AND census_original.occupation LIKE 'sample' ORDER BY census_original.hours_per_week LIMIT 100;"
2025-07-01T00:09:59.600000,"SELECT census_original.hours_per_week, census_original.workclass FROM census_original  WHERE census_original.education_num < 27.32 AND census_original.native_country LIKE 'sample' AND census_original.relationship = 'NULL' AND census_original.hours_per_week > 96.95 ORDER BY census_original.hours_per_week LIMIT 100;"
2025-07-01T00:09:59.800000,"SELECT census_original.hours_per_week, census_original.workclass FROM census_original  WHERE census_original.education_num < 98.02 AND census_original.native_country LIKE 'sample' AND census_original.relationship = 'NULL' AND census_original.hours_per_week > 46.4 ORDER BY census_original.hours_per_week LIMIT 100;"
2025-07-01T00:10:00.000000,SELECT census_original.relationship FROM census_original  WHERE census_original.relationship != 'NULL' ORDER BY census_original.relationship LIMIT 100;
