row_id,age,workclass,education,education_num,marital_status,occupation,relationship,race,sex,capital_gain,capital_loss,hours_per_week,native_country
18118,41,Private,HS-grad,9,Divorced,Craft-repair,Not-in-family,White,Male,0,0,40,United-States
46466,41,State-gov,HS-grad,9,Divorced,Prof-specialty,Own-child,White,Male,0,0,40,United-States
35622,43,Private,Some-college,10,Married-civ-spouse,Handlers-cleaners,Wife,White,Female,0,0,40,?
29130,41,Self-emp-inc,HS-grad,9,Married-civ-spouse,Craft-repair,Husband,White,Male,0,0,50,United-States
7451,47,Private,HS-grad,9,Married-civ-spouse,Adm-clerical,Wife,White,Female,0,0,20,United-States
7433,46,Private,Some-college,10,Married-civ-spouse,Tech-support,Husband,White,Male,0,1887,45,United-States
2659,49,Private,HS-grad,9,Married-civ-spouse,Transport-moving,Husband,White,Male,0,0,50,United-States
42334,46,Self-emp-not-inc,Bachelors,13,Married-civ-spouse,Tech-support,Husband,White,Male,0,0,40,United-States
29262,42,Private,Assoc-voc,11,Married-civ-spouse,Prof-specialty,Husband,Black,Male,0,0,40,United-States
34374,40,Private,Bachelors,13,Never-married,Prof-specialty,Not-in-family,White,Female,0,0,40,United-States
975,44,Private,HS-grad,9,Never-married,Transport-moving,Unmarried,White,Male,0,0,70,United-States
47392,49,Self-emp-not-inc,Masters,14,Married-civ-spouse,Exec-managerial,Husband,White,Male,5178,0,40,United-States
40644,40,Local-gov,Bachelors,13,Divorced,Prof-specialty,Unmarried,White,Female,0,0,35,United-States
10244,42,Self-emp-not-inc,Some-college,10,Married-civ-spouse,Craft-repair,Husband,White,Male,0,0,40,United-States
8675,41,Self-emp-not-inc,Assoc-voc,11,Married-civ-spouse,Farming-fishing,Husband,White,Male,0,0,70,United-States
8749,46,Private,Some-college,10,Married-civ-spouse,Machine-op-inspct,Husband,White,Male,0,0,40,United-States
14628,43,Private,Assoc-acdm,12,Married-civ-spouse,Handlers-cleaners,Husband,White,Male,0,0,60,United-States
25367,44,Private,7th-8th,4,Married-civ-spouse,Machine-op-inspct,Husband,Other,Male,0,0,40,Nicaragua
20864,42,Private,Some-college,10,Divorced,Machine-op-inspct,Not-in-family,White,Male,0,0,45,United-States
13965,49,Private,HS-grad,9,Never-married,Craft-repair,Unmarried,White,Female,0,0,40,Puerto-Rico
29770,42,Private,Bachelors,13,Married-civ-spouse,Sales,Husband,White,Male,0,0,40,United-States
6646,43,Self-emp-not-inc,HS-grad,9,Married-civ-spouse,Sales,Husband,White,Male,0,0,45,United-States
13998,48,Private,Masters,14,Divorced,Exec-managerial,Not-in-family,White,Male,99999,0,50,United-States
17711,48,?,HS-grad,9,Never-married,?,Own-child,White,Female,0,0,18,United-States
22157,44,Local-gov,HS-grad,9,Married-civ-spouse,Protective-serv,Husband,White,Male,0,0,52,United-States
38353,43,Private,Bachelors,13,Married-civ-spouse,Tech-support,Husband,White,Male,7298,0,40,United-States
9567,49,Private,11th,7,Never-married,Other-service,Not-in-family,White,Male,0,0,60,United-States
24868,48,Private,Assoc-acdm,12,Divorced,Other-service,Not-in-family,White,Male,0,0,44,United-States
28833,45,Private,Doctorate,16,Married-civ-spouse,Prof-specialty,Husband,White,Male,0,0,40,Poland
2084,42,Private,HS-grad,9,Divorced,Machine-op-inspct,Not-in-family,White,Male,0,0,45,United-States
29568,45,Private,Bachelors,13,Married-civ-spouse,Transport-moving,Husband,White,Male,0,0,40,United-States
8117,41,Self-emp-not-inc,Bachelors,13,Separated,Craft-repair,Not-in-family,White,Male,0,0,35,United-States
2959,40,Private,Some-college,10,Divorced,Exec-managerial,Not-in-family,White,Female,0,0,40,United-States
46364,47,Private,7th-8th,4,Separated,Other-service,Not-in-family,White,Female,0,0,38,United-States
47191,44,Private,Assoc-voc,11,Divorced,Other-service,Not-in-family,White,Male,0,0,20,United-States
39474,49,Self-emp-not-inc,HS-grad,9,Married-civ-spouse,Farming-fishing,Husband,White,Male,0,0,50,United-States
14652,43,Local-gov,HS-grad,9,Divorced,Tech-support,Not-in-family,Black,Female,0,0,40,United-States
4600,46,Self-emp-inc,Bachelors,13,Married-civ-spouse,Machine-op-inspct,Husband,White,Male,7298,0,40,?
33263,40,Private,Bachelors,13,Married-civ-spouse,Exec-managerial,Husband,White,Male,0,0,50,United-States
21262,45,Private,Assoc-voc,11,Married-civ-spouse,Craft-repair,Husband,White,Male,15024,0,40,United-States
5770,48,Private,Assoc-acdm,12,Married-civ-spouse,Transport-moving,Husband,White,Male,0,0,50,United-States
23920,46,Private,Some-college,10,Married-civ-spouse,Adm-clerical,Wife,White,Female,0,0,40,United-States
1528,48,Private,HS-grad,9,Married-civ-spouse,Machine-op-inspct,Husband,White,Male,0,0,40,United-States
44518,41,Self-emp-not-inc,Some-college,10,Married-civ-spouse,Machine-op-inspct,Husband,White,Male,0,0,40,United-States
12451,41,Self-emp-not-inc,Some-college,10,Married-civ-spouse,Farming-fishing,Husband,White,Male,7688,0,50,United-States
32172,40,Private,HS-grad,9,Divorced,Transport-moving,Not-in-family,White,Male,0,0,35,United-States
15038,46,Self-emp-not-inc,Bachelors,13,Divorced,Other-service,Unmarried,Asian-Pac-Islander,Female,0,0,60,South
25148,43,Private,Bachelors,13,Married-civ-spouse,Prof-specialty,Husband,White,Male,0,0,50,United-States
26405,50,Private,HS-grad,9,Married-civ-spouse,Sales,Wife,Black,Female,0,0,40,United-States
8840,43,Private,9th,5,Divorced,Handlers-cleaners,Unmarried,White,Female,0,0,40,United-States
47379,49,Federal-gov,Bachelors,13,Married-civ-spouse,Exec-managerial,Husband,White,Male,0,0,45,United-States
37827,45,Self-emp-inc,Bachelors,13,Married-civ-spouse,Exec-managerial,Husband,Black,Male,0,0,45,United-States
45855,44,Federal-gov,Bachelors,13,Married-civ-spouse,Prof-specialty,Husband,White,Male,0,0,45,United-States
43735,47,Private,HS-grad,9,Married-civ-spouse,Tech-support,Husband,White,Male,0,0,40,United-States
29081,45,Private,Bachelors,13,Divorced,Exec-managerial,Not-in-family,White,Male,0,0,45,United-States
45095,41,Private,HS-grad,9,Married-civ-spouse,Craft-repair,Husband,White,Male,0,0,40,United-States
4107,40,Private,Bachelors,13,Never-married,Sales,Not-in-family,White,Female,0,0,45,United-States
9436,45,Private,Some-college,10,Married-civ-spouse,Transport-moving,Husband,White,Male,0,0,55,United-States
1996,44,Private,Some-college,10,Divorced,Machine-op-inspct,Not-in-family,White,Male,0,0,50,United-States
15745,47,Private,Assoc-voc,11,Married-civ-spouse,Prof-specialty,Husband,White,Male,0,0,40,United-States
18850,41,Private,HS-grad,9,Never-married,Handlers-cleaners,Not-in-family,White,Male,0,0,40,United-States
13058,43,Private,9th,5,Never-married,Machine-op-inspct,Not-in-family,White,Female,0,0,20,United-States
40483,45,Private,Assoc-voc,11,Married-civ-spouse,Craft-repair,Husband,White,Male,0,0,40,United-States
17236,49,Private,7th-8th,4,Widowed,Machine-op-inspct,Not-in-family,White,Female,0,0,40,United-States
13490,42,Federal-gov,HS-grad,9,Divorced,Adm-clerical,Unmarried,Black,Female,0,0,40,United-States
26204,50,Private,10th,6,Married-civ-spouse,Transport-moving,Husband,White,Male,0,0,60,United-States
6738,42,Private,HS-grad,9,Married-civ-spouse,Other-service,Husband,White,Male,0,0,40,?
39192,48,Private,Masters,14,Divorced,Exec-managerial,Not-in-family,White,Male,0,0,40,United-States
3374,40,Private,HS-grad,9,Divorced,Tech-support,Unmarried,White,Female,0,0,40,United-States
48173,48,Local-gov,Some-college,10,Married-civ-spouse,Prof-specialty,Husband,White,Male,0,0,40,United-States
37709,48,Private,HS-grad,9,Married-civ-spouse,Handlers-cleaners,Husband,Black,Male,0,0,40,United-States
9543,47,Private,Some-college,10,Divorced,Other-service,Unmarried,White,Female,0,0,40,United-States
249,40,Private,Assoc-acdm,12,Married-civ-spouse,Tech-support,Husband,White,Male,0,1977,60,United-States
39827,41,Private,Some-college,10,Divorced,Craft-repair,Not-in-family,White,Male,0,0,40,United-States
34331,48,State-gov,Masters,14,Married-civ-spouse,Exec-managerial,Husband,White,Male,0,0,55,United-States
35465,42,Private,Bachelors,13,Married-civ-spouse,Adm-clerical,Husband,White,Male,0,0,40,United-States
37662,41,Self-emp-not-inc,Some-college,10,Never-married,Sales,Own-child,White,Male,0,0,40,United-States
3343,40,Private,HS-grad,9,Separated,Other-service,Unmarried,White,Female,0,0,47,United-States
17342,43,Private,Some-college,10,Never-married,Handlers-cleaners,Own-child,Asian-Pac-Islander,Female,1055,0,40,United-States
5485,49,Private,7th-8th,4,Married-civ-spouse,Prof-specialty,Husband,White,Male,0,0,32,United-States
42177,48,Private,Some-college,10,Divorced,Exec-managerial,Not-in-family,White,Male,0,1564,50,United-States
30342,50,State-gov,HS-grad,9,Divorced,Adm-clerical,Own-child,White,Female,0,0,40,United-States
16028,48,Self-emp-not-inc,Some-college,10,Divorced,Handlers-cleaners,Own-child,White,Female,0,0,40,United-States
2895,48,Private,Bachelors,13,Married-civ-spouse,Exec-managerial,Husband,White,Male,0,0,45,United-States
15000,50,State-gov,Bachelors,13,Married-civ-spouse,Exec-managerial,Husband,White,Male,0,0,38,United-States
15740,43,Private,Masters,14,Married-civ-spouse,Prof-specialty,Husband,White,Male,0,0,55,United-States
35486,46,Self-emp-not-inc,HS-grad,9,Married-spouse-absent,Craft-repair,Not-in-family,Asian-Pac-Islander,Male,0,0,45,India
31047,50,Self-emp-not-inc,Bachelors,13,Married-civ-spouse,Farming-fishing,Husband,White,Male,0,0,80,United-States
43396,45,Private,HS-grad,9,Married-civ-spouse,Craft-repair,Husband,White,Male,0,0,84,United-States
22864,47,State-gov,Bachelors,13,Married-civ-spouse,Other-service,Husband,White,Male,0,0,40,United-States
5691,45,Private,11th,7,Married-civ-spouse,Craft-repair,Husband,White,Male,0,0,40,United-States
34644,48,Private,Bachelors,13,Married-civ-spouse,Exec-managerial,Husband,White,Male,0,0,40,United-States
37092,48,Private,Some-college,10,Divorced,Exec-managerial,Not-in-family,White,Female,0,0,65,United-States
27162,43,Private,HS-grad,9,Married-civ-spouse,Exec-managerial,Husband,White,Male,0,0,40,United-States
37657,40,Private,Some-college,10,Married-civ-spouse,Prof-specialty,Husband,White,Male,0,0,60,United-States
23875,50,Private,Masters,14,Married-civ-spouse,Sales,Husband,White,Male,0,0,40,United-States
25279,46,Local-gov,Bachelors,13,Married-civ-spouse,Transport-moving,Husband,Black,Male,0,0,40,United-States
20671,40,Federal-gov,HS-grad,9,Married-civ-spouse,Adm-clerical,Husband,White,Male,0,0,40,United-States
1157,46,Private,HS-grad,9,Married-civ-spouse,Exec-managerial,Husband,White,Male,0,0,45,United-States
5059,44,Private,Assoc-voc,11,Married-civ-spouse,Exec-managerial,Husband,Black,Male,0,0,40,United-States
1412,43,Self-emp-inc,HS-grad,9,Married-civ-spouse,Other-service,Husband,Asian-Pac-Islander,Male,0,0,78,Thailand
30977,48,Private,Assoc-acdm,12,Divorced,Adm-clerical,Unmarried,White,Female,0,0,40,United-States
15178,44,Self-emp-not-inc,HS-grad,9,Married-civ-spouse,Farming-fishing,Husband,Asian-Pac-Islander,Male,0,0,42,Japan
24579,43,Private,HS-grad,9,Married-civ-spouse,Craft-repair,Husband,Black,Male,0,0,40,United-States
44425,49,Self-emp-not-inc,Assoc-voc,11,Never-married,Adm-clerical,Not-in-family,White,Female,0,0,60,United-States
11953,43,Self-emp-not-inc,HS-grad,9,Married-civ-spouse,Adm-clerical,Wife,White,Female,0,0,20,United-States
19867,50,Self-emp-not-inc,Masters,14,Married-civ-spouse,Sales,Husband,White,Male,7688,0,55,United-States
36792,46,?,Some-college,10,Never-married,?,Own-child,White,Female,0,0,15,United-States
11079,48,Private,Bachelors,13,Married-civ-spouse,Exec-managerial,Husband,White,Male,7688,0,65,United-States
3468,50,Private,7th-8th,4,Married-civ-spouse,Machine-op-inspct,Husband,White,Male,0,0,40,United-States
13891,47,Private,HS-grad,9,Married-civ-spouse,Other-service,Husband,Asian-Pac-Islander,Male,0,0,25,Philippines
7706,49,Private,5th-6th,3,Married-civ-spouse,Craft-repair,Husband,White,Male,0,0,40,United-States
45448,48,Private,10th,6,Married-civ-spouse,Transport-moving,Husband,Black,Male,0,0,40,United-States
39467,40,Private,9th,5,Never-married,Craft-repair,Other-relative,Black,Male,0,0,40,United-States
30810,46,Private,Some-college,10,Divorced,Adm-clerical,Not-in-family,White,Female,0,0,40,United-States
42626,40,Private,HS-grad,9,Married-civ-spouse,Craft-repair,Husband,White,Male,0,0,40,United-States
39284,50,Private,Bachelors,13,Divorced,Adm-clerical,Not-in-family,White,Female,0,0,40,United-States
8910,42,Private,Doctorate,16,Never-married,Prof-specialty,Not-in-family,White,Male,0,0,36,United-States
43619,48,Private,HS-grad,9,Married-civ-spouse,Transport-moving,Husband,White,Male,0,0,50,United-States
26064,46,Private,HS-grad,9,Married-civ-spouse,Other-service,Wife,White,Female,0,0,40,United-States
39441,45,Private,HS-grad,9,Widowed,Farming-fishing,Unmarried,White,Male,0,0,65,United-States
43806,47,Private,1st-4th,2,Married-civ-spouse,Machine-op-inspct,Husband,White,Male,0,0,40,Mexico
15393,46,Local-gov,Masters,14,Widowed,Exec-managerial,Unmarried,Black,Female,0,0,35,United-States
5158,49,Private,HS-grad,9,Married-civ-spouse,Adm-clerical,Wife,White,Female,0,0,30,United-States
11045,47,State-gov,Bachelors,13,Married-civ-spouse,Prof-specialty,Husband,White,Male,0,0,60,United-States
20646,44,Private,Bachelors,13,Married-civ-spouse,Sales,Husband,White,Male,0,0,60,United-States
39961,44,Private,11th,7,Divorced,Machine-op-inspct,Unmarried,Black,Female,0,0,40,United-States
42032,43,Private,Bachelors,13,Married-civ-spouse,Exec-managerial,Husband,White,Male,0,0,47,United-States
306,43,Private,HS-grad,9,Divorced,Adm-clerical,Not-in-family,White,Female,0,0,40,United-States
24686,44,Private,Some-college,10,Divorced,Adm-clerical,Unmarried,White,Female,0,0,38,United-States
20240,43,Private,Some-college,10,Divorced,Adm-clerical,Not-in-family,White,Female,0,0,44,United-States
10726,48,Private,Masters,14,Married-civ-spouse,Transport-moving,Husband,White,Male,0,0,55,United-States
5701,49,Private,7th-8th,4,Married-civ-spouse,Machine-op-inspct,Husband,White,Male,0,0,48,United-States
16410,45,Self-emp-not-inc,Bachelors,13,Married-civ-spouse,Sales,Husband,White,Male,0,0,40,United-States
46058,43,Private,HS-grad,9,Never-married,Adm-clerical,Unmarried,Black,Female,0,0,40,United-States
15638,43,Private,Some-college,10,Married-civ-spouse,Craft-repair,Husband,Black,Male,0,0,40,United-States
25101,48,Private,Preschool,1,Separated,Other-service,Unmarried,White,Female,0,0,40,El-Salvador
34128,45,Local-gov,HS-grad,9,Married-civ-spouse,Protective-serv,Husband,White,Male,0,0,40,United-States
17590,40,Local-gov,HS-grad,9,Never-married,Craft-repair,Other-relative,Amer-Indian-Eskimo,Male,0,0,40,United-States
47482,40,Private,Bachelors,13,Married-civ-spouse,Craft-repair,Husband,White,Male,0,0,31,United-States
47021,47,Self-emp-not-inc,Masters,14,Never-married,Prof-specialty,Not-in-family,Amer-Indian-Eskimo,Female,0,0,60,United-States
12060,40,Local-gov,HS-grad,9,Married-spouse-absent,Farming-fishing,Own-child,Black,Male,0,0,40,United-States
24026,40,Local-gov,Assoc-acdm,12,Divorced,Exec-managerial,Not-in-family,White,Male,8614,0,50,United-States
14428,41,State-gov,HS-grad,9,Divorced,Protective-serv,Not-in-family,White,Male,0,0,40,United-States
13660,42,Local-gov,HS-grad,9,Widowed,Transport-moving,Unmarried,White,Female,0,0,40,United-States
1643,48,Private,Masters,14,Married-civ-spouse,Prof-specialty,Husband,White,Male,15024,0,40,United-States
29659,41,State-gov,Some-college,10,Divorced,Adm-clerical,Not-in-family,White,Female,0,0,40,United-States
24312,42,Private,Some-college,10,Never-married,Transport-moving,Unmarried,Black,Female,0,0,40,United-States
2287,41,Private,Masters,14,Married-civ-spouse,Prof-specialty,Husband,Asian-Pac-Islander,Male,0,0,55,Taiwan
13398,49,Local-gov,Masters,14,Divorced,Prof-specialty,Not-in-family,White,Female,0,0,60,United-States
44457,40,Private,7th-8th,4,Never-married,Other-service,Not-in-family,White,Male,0,0,20,United-States
11563,41,Private,Bachelors,13,Married-civ-spouse,Craft-repair,Husband,White,Male,0,0,40,United-States
6927,45,Private,Bachelors,13,Never-married,Prof-specialty,Own-child,White,Male,0,0,40,United-States
23686,41,Private,Assoc-voc,11,Married-civ-spouse,Tech-support,Wife,White,Female,0,0,38,United-States
48129,41,Private,Some-college,10,Separated,Handlers-cleaners,Not-in-family,White,Male,0,0,40,United-States
11682,48,Private,Some-college,10,Married-civ-spouse,Transport-moving,Husband,White,Male,0,0,60,United-States
32631,43,Private,HS-grad,9,Married-civ-spouse,Sales,Husband,White,Male,0,0,48,United-States
37126,41,Private,HS-grad,9,Separated,Adm-clerical,Unmarried,Black,Female,0,0,40,United-States
11484,50,Private,Some-college,10,Married-civ-spouse,Adm-clerical,Husband,Asian-Pac-Islander,Male,0,0,40,Philippines
35433,46,Private,Bachelors,13,Never-married,Prof-specialty,Not-in-family,Black,Female,0,0,44,United-States
17786,42,Private,HS-grad,9,Divorced,Handlers-cleaners,Unmarried,Black,Female,0,0,40,United-States
30759,50,Private,Bachelors,13,Married-civ-spouse,Sales,Husband,White,Male,0,0,40,United-States
30819,50,Private,Some-college,10,Divorced,Adm-clerical,Unmarried,White,Female,0,0,40,United-States
25896,43,Private,HS-grad,9,Married-civ-spouse,Machine-op-inspct,Husband,White,Male,0,0,40,United-States
4215,41,Self-emp-not-inc,HS-grad,9,Divorced,Craft-repair,Not-in-family,White,Male,0,0,40,United-States
40785,41,?,HS-grad,9,Divorced,?,Not-in-family,White,Male,0,0,40,United-States
15542,48,Self-emp-inc,Some-college,10,Divorced,Exec-managerial,Not-in-family,White,Male,0,0,40,United-States
8907,46,Self-emp-not-inc,HS-grad,9,Married-civ-spouse,Farming-fishing,Husband,White,Male,0,1672,50,United-States
1780,43,Private,Some-college,10,Married-civ-spouse,Sales,Husband,White,Male,7688,0,40,United-States
28785,49,Self-emp-not-inc,10th,6,Never-married,Craft-repair,Not-in-family,Black,Male,0,0,32,United-States
32901,48,Private,Bachelors,13,Divorced,Exec-managerial,Unmarried,White,Female,0,0,48,United-States
784,41,Self-emp-not-inc,Some-college,10,Married-civ-spouse,Exec-managerial,Husband,White,Male,0,0,60,United-States
24779,45,Self-emp-not-inc,Bachelors,13,Married-civ-spouse,Prof-specialty,Husband,White,Male,0,0,40,United-States
10956,43,?,HS-grad,9,Married-civ-spouse,?,Husband,White,Male,0,0,40,United-States
31413,47,Private,Some-college,10,Separated,Adm-clerical,Unmarried,White,Female,0,0,50,United-States
8305,40,Private,HS-grad,9,Divorced,Other-service,Not-in-family,Black,Male,0,0,40,United-States
33576,48,Private,HS-grad,9,Married-civ-spouse,Machine-op-inspct,Husband,White,Male,0,0,40,Dominican-Republic
18747,43,Private,Some-college,10,Divorced,Adm-clerical,Not-in-family,White,Female,0,0,40,United-States
45745,43,?,HS-grad,9,Divorced,?,Not-in-family,Amer-Indian-Eskimo,Male,0,0,45,United-States
6574,42,Self-emp-inc,Bachelors,13,Married-civ-spouse,Exec-managerial,Husband,White,Male,0,0,60,United-States
16573,45,State-gov,HS-grad,9,Divorced,Protective-serv,Unmarried,Black,Female,0,0,40,United-States
5335,49,Private,HS-grad,9,Married-civ-spouse,Exec-managerial,Husband,White,Male,0,0,40,United-States
45217,42,Private,HS-grad,9,Married-civ-spouse,Handlers-cleaners,Husband,White,Male,0,0,60,United-States
42909,45,Self-emp-inc,Bachelors,13,Married-civ-spouse,Exec-managerial,Husband,White,Male,0,0,50,United-States
12403,50,Private,Some-college,10,Divorced,Sales,Not-in-family,White,Female,0,0,40,United-States
32080,40,Private,Bachelors,13,Married-civ-spouse,Handlers-cleaners,Husband,White,Male,0,0,80,United-States
39918,46,Private,Masters,14,Married-civ-spouse,Exec-managerial,Husband,Black,Male,99999,0,60,United-States
26844,47,Private,HS-grad,9,Married-civ-spouse,Craft-repair,Husband,White,Male,0,1977,45,United-States
25596,50,Self-emp-inc,Bachelors,13,Married-civ-spouse,Sales,Husband,White,Male,0,0,60,United-States
11678,41,Private,Masters,14,Married-civ-spouse,Machine-op-inspct,Husband,White,Male,0,0,40,United-States
4357,50,Federal-gov,Some-college,10,Divorced,Exec-managerial,Unmarried,White,Male,0,0,40,United-States
43852,48,Private,Bachelors,13,Married-civ-spouse,Exec-managerial,Husband,White,Male,7688,0,40,United-States
44047,50,Private,HS-grad,9,Married-civ-spouse,Craft-repair,Husband,White,Male,0,0,40,United-States
30801,41,Local-gov,HS-grad,9,Separated,Other-service,Unmarried,Black,Female,0,0,40,United-States
16457,46,?,HS-grad,9,Divorced,?,Not-in-family,White,Female,0,0,15,United-States
16934,41,Private,HS-grad,9,Married-civ-spouse,Other-service,Husband,White,Male,0,0,40,United-States
35320,47,Private,HS-grad,9,Divorced,Adm-clerical,Unmarried,White,Female,0,0,40,United-States
43848,42,Self-emp-not-inc,Bachelors,13,Married-civ-spouse,Exec-managerial,Husband,White,Male,0,0,45,United-States
43394,42,State-gov,Masters,14,Married-civ-spouse,Prof-specialty,Husband,White,Male,0,0,38,United-States
38068,41,Self-emp-inc,HS-grad,9,Married-civ-spouse,Exec-managerial,Husband,Asian-Pac-Islander,Male,0,1887,70,South
31261,49,Self-emp-not-inc,Bachelors,13,Widowed,Sales,Unmarried,White,Female,0,0,40,United-States
3889,46,Self-emp-not-inc,HS-grad,9,Separated,Craft-repair,Unmarried,White,Male,0,0,40,United-States
7719,50,Private,Some-college,10,Married-civ-spouse,Exec-managerial,Husband,White,Male,0,0,50,United-States
43909,41,Private,HS-grad,9,Married-civ-spouse,Other-service,Husband,White,Male,0,0,40,?
29537,42,Private,Some-college,10,Married-civ-spouse,Machine-op-inspct,Husband,White,Male,0,0,60,United-States
406,41,Private,Masters,14,Married-civ-spouse,Exec-managerial,Husband,White,Male,0,1977,65,United-States
4802,50,?,Masters,14,Never-married,?,Not-in-family,White,Male,0,0,40,United-States
32197,41,Self-emp-inc,HS-grad,9,Married-civ-spouse,Farming-fishing,Husband,White,Male,0,0,50,United-States
219,45,Private,Bachelors,13,Married-civ-spouse,Prof-specialty,Husband,White,Male,0,0,55,United-States
7672,47,Private,Masters,14,Divorced,Prof-specialty,Not-in-family,White,Male,0,0,40,United-States
26528,44,Private,Assoc-voc,11,Divorced,Sales,Not-in-family,White,Male,0,0,45,United-States
33640,44,Private,Bachelors,13,Married-civ-spouse,Craft-repair,Husband,White,Male,0,0,50,United-States
31725,45,Local-gov,HS-grad,9,Divorced,Adm-clerical,Unmarried,White,Female,0,0,35,United-States
10831,47,Private,HS-grad,9,Divorced,Machine-op-inspct,Unmarried,White,Female,0,0,40,United-States
34577,43,Private,Some-college,10,Married-civ-spouse,Transport-moving,Husband,White,Male,3103,0,70,United-States
11454,44,Private,7th-8th,4,Married-civ-spouse,Transport-moving,Husband,White,Male,0,0,80,United-States
15750,49,Federal-gov,Bachelors,13,Married-civ-spouse,Prof-specialty,Husband,White,Male,0,0,40,United-States
36376,45,Private,HS-grad,9,Married-civ-spouse,Sales,Husband,White,Male,0,0,55,United-States
31615,49,Private,Doctorate,16,Married-civ-spouse,Sales,Husband,White,Male,0,0,60,United-States
41457,40,Private,Bachelors,13,Divorced,Exec-managerial,Not-in-family,White,Male,0,2559,55,United-States
31973,43,Self-emp-inc,Prof-school,15,Married-civ-spouse,Exec-managerial,Husband,White,Male,99999,0,40,United-States
27526,45,Private,Bachelors,13,Married-civ-spouse,Prof-specialty,Wife,Asian-Pac-Islander,Female,5178,0,40,Philippines
4382,48,Self-emp-not-inc,Bachelors,13,Married-spouse-absent,Exec-managerial,Not-in-family,Black,Male,0,0,40,Jamaica
17782,42,Private,Doctorate,16,Married-spouse-absent,Prof-specialty,Unmarried,Amer-Indian-Eskimo,Female,0,0,40,United-States
12733,50,Private,Masters,14,Married-civ-spouse,Exec-managerial,Husband,Asian-Pac-Islander,Male,7298,0,40,Philippines
11754,45,Private,Masters,14,Married-civ-spouse,Exec-managerial,Husband,White,Male,0,0,40,United-States
47526,40,Private,Bachelors,13,Never-married,Adm-clerical,Unmarried,Black,Female,0,0,65,United-States
19035,44,Private,HS-grad,9,Divorced,Other-service,Unmarried,White,Female,0,0,33,United-States
43591,48,Private,HS-grad,9,Married-civ-spouse,Sales,Husband,White,Male,0,0,60,United-States
30696,47,Private,HS-grad,9,Married-civ-spouse,Sales,Husband,White,Male,0,0,30,United-States
38814,44,Private,HS-grad,9,Never-married,Other-service,Unmarried,Black,Female,0,0,40,United-States
24311,43,Self-emp-not-inc,HS-grad,9,Married-civ-spouse,Exec-managerial,Wife,White,Female,0,0,40,United-States
28042,48,Private,HS-grad,9,Married-civ-spouse,Machine-op-inspct,Wife,White,Female,0,0,50,United-States
23824,41,Private,HS-grad,9,Never-married,Adm-clerical,Not-in-family,White,Female,0,0,40,United-States
9393,46,Private,Masters,14,Married-civ-spouse,Exec-managerial,Husband,White,Male,0,0,50,United-States
35106,50,State-gov,Some-college,10,Divorced,Adm-clerical,Not-in-family,White,Female,0,0,39,United-States
13485,43,Self-emp-not-inc,HS-grad,9,Married-civ-spouse,Other-service,Wife,White,Female,0,0,16,United-States
1110,41,Private,Assoc-voc,11,Married-civ-spouse,Transport-moving,Husband,White,Male,0,0,55,United-States
31422,42,?,HS-grad,9,Separated,?,Unmarried,White,Male,0,0,40,United-States
8422,47,Self-emp-not-inc,Some-college,10,Divorced,Exec-managerial,Not-in-family,White,Female,0,0,65,United-States
45922,45,Local-gov,Masters,14,Married-civ-spouse,Prof-specialty,Husband,White,Male,0,0,40,Italy
46630,43,Private,Some-college,10,Married-civ-spouse,Prof-specialty,Husband,White,Male,0,0,40,United-States
44719,41,Local-gov,HS-grad,9,Divorced,Protective-serv,Unmarried,Black,Female,0,0,40,United-States
17910,50,Private,5th-6th,3,Divorced,Other-service,Not-in-family,White,Male,0,0,37,Cuba
726,43,Private,Bachelors,13,Never-married,Prof-specialty,Not-in-family,White,Male,0,0,40,?
45376,45,Self-emp-not-inc,Some-college,10,Married-civ-spouse,Craft-repair,Husband,White,Male,0,0,60,United-States
20687,42,?,Some-college,10,Never-married,?,Not-in-family,White,Male,0,0,45,United-States
47237,42,State-gov,HS-grad,9,Married-civ-spouse,Craft-repair,Husband,White,Male,0,0,40,United-States
47083,43,Self-emp-inc,Some-college,10,Married-civ-spouse,Exec-managerial,Husband,White,Male,0,0,65,United-States
41628,42,Private,HS-grad,9,Divorced,Craft-repair,Not-in-family,White,Male,0,0,50,United-States
14127,44,Private,HS-grad,9,Married-civ-spouse,Protective-serv,Husband,White,Male,0,0,40,Canada
18658,45,Private,HS-grad,9,Married-civ-spouse,Other-service,Husband,Asian-Pac-Islander,Male,0,0,84,Japan
41542,40,Self-emp-not-inc,Masters,14,Married-civ-spouse,Prof-specialty,Husband,White,Male,0,0,50,United-States
15350,46,Federal-gov,Bachelors,13,Married-civ-spouse,Prof-specialty,Husband,White,Male,7688,0,45,United-States
8068,50,Private,Bachelors,13,Divorced,Sales,Unmarried,Black,Male,0,0,40,United-States
26937,46,Self-emp-inc,Prof-school,15,Married-civ-spouse,Prof-specialty,Husband,White,Male,0,0,60,United-States
45724,44,Private,Assoc-acdm,12,Married-civ-spouse,Prof-specialty,Husband,Black,Male,0,0,60,United-States
33799,48,Private,HS-grad,9,Married-civ-spouse,Handlers-cleaners,Husband,White,Male,0,0,35,United-States
27647,44,Private,Some-college,10,Married-civ-spouse,Sales,Husband,White,Male,0,0,60,United-States
4560,47,Self-emp-not-inc,HS-grad,9,Married-civ-spouse,Exec-managerial,Husband,White,Male,0,2415,50,United-States
29892,40,Private,Doctorate,16,Married-civ-spouse,Prof-specialty,Wife,White,Female,0,0,30,United-States
48336,45,Self-emp-not-inc,HS-grad,9,Married-civ-spouse,Craft-repair,Husband,White,Male,0,0,60,United-States
6687,47,Private,HS-grad,9,Married-civ-spouse,Exec-managerial,Wife,White,Female,0,0,40,United-States
25083,41,Private,Some-college,10,Married-civ-spouse,Sales,Husband,White,Male,0,0,40,United-States
36083,44,Self-emp-inc,Assoc-voc,11,Married-civ-spouse,Farming-fishing,Husband,White,Male,0,0,40,United-States
33840,45,State-gov,Some-college,10,Divorced,Adm-clerical,Not-in-family,White,Female,0,0,45,United-States
34093,47,Self-emp-not-inc,Bachelors,13,Married-civ-spouse,Sales,Husband,White,Male,0,0,60,United-States
17394,40,Private,Masters,14,Married-civ-spouse,Exec-managerial,Husband,White,Male,0,0,65,United-States
14043,40,Private,Masters,14,Married-civ-spouse,Exec-managerial,Husband,White,Male,0,0,50,United-States
39504,48,Local-gov,Bachelors,13,Married-civ-spouse,Prof-specialty,Husband,White,Male,0,0,40,United-States
39552,40,Private,Masters,14,Never-married,Prof-specialty,Not-in-family,White,Male,0,0,50,United-States
42413,50,Private,HS-grad,9,Married-civ-spouse,Sales,Husband,White,Male,0,0,50,United-States
44671,44,Local-gov,Some-college,10,Married-civ-spouse,Protective-serv,Husband,White,Male,0,0,40,United-States
24710,48,Private,HS-grad,9,Married-civ-spouse,Machine-op-inspct,Husband,White,Male,3103,0,46,United-States
24221,40,Self-emp-not-inc,Prof-school,15,Married-civ-spouse,Prof-specialty,Wife,White,Female,15024,0,40,United-States
39025,50,Local-gov,HS-grad,9,Married-civ-spouse,Machine-op-inspct,Husband,White,Male,4386,0,48,United-States
31632,45,Private,Bachelors,13,Married-civ-spouse,Prof-specialty,Husband,White,Male,0,0,50,United-States
34066,43,Private,Some-college,10,Married-civ-spouse,Exec-managerial,Husband,White,Male,0,0,40,United-States
38865,48,Private,10th,6,Never-married,Priv-house-serv,Other-relative,White,Female,0,0,40,United-States
43504,44,Self-emp-not-inc,Some-college,10,Married-civ-spouse,Farming-fishing,Husband,White,Male,0,0,99,United-States
16418,43,Private,Bachelors,13,Married-civ-spouse,Exec-managerial,Wife,Black,Female,0,0,40,?
18163,41,Self-emp-not-inc,HS-grad,9,Married-civ-spouse,Machine-op-inspct,Husband,White,Male,0,0,25,United-States
4405,47,Private,Some-college,10,Married-civ-spouse,Craft-repair,Husband,White,Male,0,0,40,United-States
28126,44,Private,7th-8th,4,Married-civ-spouse,Other-service,Wife,White,Female,0,0,55,United-States
1605,46,State-gov,HS-grad,9,Married-civ-spouse,Tech-support,Husband,White,Male,0,0,40,United-States
22547,45,Private,Assoc-voc,11,Married-civ-spouse,Craft-repair,Husband,White,Male,0,0,40,Canada
13750,43,Private,HS-grad,9,Divorced,Other-service,Not-in-family,Black,Female,0,1762,35,United-States
28779,50,Self-emp-not-inc,Bachelors,13,Married-civ-spouse,Craft-repair,Husband,White,Male,0,0,45,United-States
1377,44,Self-emp-not-inc,HS-grad,9,Married-civ-spouse,Transport-moving,Husband,White,Male,0,0,55,United-States
1662,44,Private,Bachelors,13,Married-civ-spouse,Exec-managerial,Husband,White,Male,0,0,40,United-States
40179,49,Private,10th,6,Divorced,Exec-managerial,Unmarried,White,Female,0,0,40,United-States
17422,41,Private,Bachelors,13,Married-civ-spouse,Exec-managerial,Husband,White,Male,0,0,60,United-States
6056,45,Self-emp-inc,HS-grad,9,Divorced,Exec-managerial,Not-in-family,White,Male,0,0,42,United-States
25262,50,Self-emp-inc,Doctorate,16,Married-civ-spouse,Prof-specialty,Husband,White,Male,15024,0,60,United-States
37604,45,Private,HS-grad,9,Married-civ-spouse,Prof-specialty,Husband,White,Male,0,0,45,United-States
10400,46,Private,Bachelors,13,Never-married,Adm-clerical,Unmarried,Asian-Pac-Islander,Female,0,0,40,Philippines
30313,42,Private,7th-8th,4,Divorced,Sales,Not-in-family,White,Female,0,0,40,United-States
3949,40,Private,HS-grad,9,Married-civ-spouse,Exec-managerial,Husband,White,Male,0,0,40,United-States
2290,42,Self-emp-not-inc,HS-grad,9,Married-civ-spouse,Craft-repair,Husband,White,Male,0,0,24,United-States
25689,50,Private,HS-grad,9,Married-civ-spouse,Exec-managerial,Husband,White,Male,0,0,40,United-States
26123,47,Private,HS-grad,9,Married-civ-spouse,Craft-repair,Husband,White,Male,0,0,40,United-States
31020,41,Private,HS-grad,9,Separated,Handlers-cleaners,Not-in-family,Black,Male,0,0,40,United-States
35332,41,Private,11th,7,Married-civ-spouse,Craft-repair,Husband,White,Male,0,0,50,United-States
47644,44,Private,Assoc-acdm,12,Married-civ-spouse,Craft-repair,Husband,White,Male,0,0,40,United-States
24982,43,Self-emp-inc,Bachelors,13,Married-civ-spouse,Sales,Other-relative,Asian-Pac-Islander,Male,0,0,45,India
15636,45,Private,HS-grad,9,Widowed,Craft-repair,Not-in-family,White,Female,0,0,40,United-States
38839,48,Local-gov,HS-grad,9,Divorced,Other-service,Not-in-family,White,Female,0,0,35,United-States
13034,44,Self-emp-inc,Bachelors,13,Married-civ-spouse,Exec-managerial,Husband,White,Male,0,0,60,United-States
21207,50,Private,Masters,14,Married-civ-spouse,Exec-managerial,Husband,White,Male,0,0,50,United-States
3543,46,Private,Bachelors,13,Never-married,Sales,Not-in-family,White,Female,0,0,35,United-States
1155,43,State-gov,HS-grad,9,Married-civ-spouse,Protective-serv,Husband,White,Male,0,0,40,United-States
47036,48,Private,HS-grad,9,Divorced,Protective-serv,Not-in-family,White,Male,0,0,40,United-States
40814,48,Private,Bachelors,13,Married-civ-spouse,Exec-managerial,Husband,White,Male,0,0,48,United-States
19787,47,?,Bachelors,13,Married-civ-spouse,?,Husband,White,Male,0,0,18,United-States
8269,45,Self-emp-not-inc,Bachelors,13,Married-civ-spouse,Exec-managerial,Husband,White,Male,0,0,50,United-States
7486,43,Private,Masters,14,Married-civ-spouse,Prof-specialty,Wife,White,Female,0,0,45,United-States
11986,43,Local-gov,Masters,14,Married-civ-spouse,Prof-specialty,Wife,White,Female,0,0,40,United-States
26558,42,Private,HS-grad,9,Married-civ-spouse,Exec-managerial,Husband,White,Male,0,0,40,United-States
34712,42,Private,Bachelors,13,Married-civ-spouse,Prof-specialty,Husband,White,Male,0,0,40,United-States
32083,49,Private,Some-college,10,Married-civ-spouse,Adm-clerical,Husband,White,Male,0,0,40,United-States
13446,44,Private,HS-grad,9,Married-civ-spouse,Adm-clerical,Wife,White,Female,0,0,38,United-States
46663,43,Self-emp-not-inc,Prof-school,15,Married-civ-spouse,Prof-specialty,Husband,White,Male,0,0,60,United-States
35949,50,Private,Some-college,10,Divorced,Tech-support,Not-in-family,White,Female,0,0,40,United-States
26802,41,Private,HS-grad,9,Married-civ-spouse,Adm-clerical,Wife,White,Female,0,0,40,United-States
29760,46,Private,HS-grad,9,Married-civ-spouse,Machine-op-inspct,Husband,White,Male,0,0,50,United-States
20316,40,Private,10th,6,Divorced,Machine-op-inspct,Unmarried,White,Female,0,0,40,United-States
11898,47,Private,Some-college,10,Married-civ-spouse,Sales,Husband,White,Male,0,0,50,United-States
17216,43,Private,HS-grad,9,Never-married,Adm-clerical,Unmarried,White,Female,0,0,60,United-States
36933,44,Self-emp-inc,Some-college,10,Married-civ-spouse,Exec-managerial,Husband,White,Male,0,0,50,United-States
671,48,Federal-gov,Some-college,10,Divorced,Exec-managerial,Not-in-family,White,Male,0,0,40,United-States
5499,43,Private,Bachelors,13,Divorced,Other-service,Not-in-family,White,Female,0,0,40,United-States
2064,42,Local-gov,Masters,14,Married-civ-spouse,Exec-managerial,Husband,White,Male,0,1977,40,United-States
41758,42,Self-emp-not-inc,Prof-school,15,Never-married,Prof-specialty,Not-in-family,White,Male,0,0,38,United-States
34175,40,Private,Some-college,10,Married-civ-spouse,Prof-specialty,Husband,White,Male,0,0,40,United-States
22969,47,Federal-gov,Bachelors,13,Married-civ-spouse,Prof-specialty,Husband,White,Male,0,0,40,United-States
4602,44,Private,11th,7,Separated,Other-service,Unmarried,Black,Female,0,0,60,United-States
23792,48,Private,HS-grad,9,Divorced,Handlers-cleaners,Not-in-family,White,Male,0,0,40,United-States
22939,40,Private,HS-grad,9,Widowed,Machine-op-inspct,Own-child,White,Female,0,0,30,United-States
8267,46,Private,Bachelors,13,Married-civ-spouse,Exec-managerial,Husband,White,Male,15024,0,40,United-States
20943,44,Private,Some-college,10,Separated,Prof-specialty,Unmarried,Black,Female,0,0,40,United-States
19286,46,State-gov,HS-grad,9,Separated,Adm-clerical,Unmarried,White,Female,0,0,37,United-States
29926,43,Private,HS-grad,9,Married-civ-spouse,Machine-op-inspct,Husband,White,Male,0,0,40,United-States
30922,50,Private,HS-grad,9,Married-civ-spouse,Handlers-cleaners,Husband,White,Male,0,0,40,United-States
1997,49,Private,HS-grad,9,Married-civ-spouse,Sales,Husband,White,Male,0,0,60,United-States
18122,45,Local-gov,Some-college,10,Married-civ-spouse,Protective-serv,Husband,White,Male,0,0,40,United-States
30458,43,Local-gov,Bachelors,13,Never-married,Prof-specialty,Not-in-family,White,Male,0,0,40,United-States
24325,41,Local-gov,Some-college,10,Divorced,Protective-serv,Not-in-family,White,Male,0,0,20,United-States
41797,41,Private,HS-grad,9,Married-civ-spouse,Craft-repair,Husband,White,Male,0,0,40,United-States
32016,46,Private,Bachelors,13,Never-married,Other-service,Not-in-family,White,Male,0,0,40,United-States
7787,49,Local-gov,Masters,14,Married-civ-spouse,Protective-serv,Husband,White,Male,0,0,40,United-States
3177,49,Private,Bachelors,13,Married-civ-spouse,Adm-clerical,Wife,White,Female,0,0,40,United-States
31279,49,Private,Assoc-voc,11,Married-civ-spouse,Sales,Husband,White,Male,0,0,25,United-States
1200,50,Private,HS-grad,9,Married-civ-spouse,Craft-repair,Husband,White,Male,4386,0,40,?
28526,47,Local-gov,Some-college,10,Divorced,Prof-specialty,Not-in-family,White,Female,0,1876,40,United-States
45914,40,State-gov,Some-college,10,Married-civ-spouse,Protective-serv,Husband,White,Male,0,0,40,United-States
27925,42,Private,Assoc-voc,11,Married-civ-spouse,Machine-op-inspct,Husband,White,Male,0,0,40,United-States
18814,47,State-gov,HS-grad,9,Divorced,Adm-clerical,Unmarried,Asian-Pac-Islander,Female,0,0,40,United-States
31309,43,Private,Some-college,10,Divorced,Adm-clerical,Unmarried,Black,Female,0,0,35,United-States
22253,45,Local-gov,Masters,14,Married-civ-spouse,Exec-managerial,Husband,White,Male,7688,0,50,United-States
26353,50,State-gov,Bachelors,13,Married-civ-spouse,Exec-managerial,Husband,White,Male,0,0,40,United-States
45964,40,Local-gov,Masters,14,Married-civ-spouse,Exec-managerial,Husband,Black,Male,0,0,55,United-States
18711,49,Private,11th,7,Married-civ-spouse,Other-service,Husband,White,Male,0,0,50,United-States
46977,41,Private,Prof-school,15,Never-married,Exec-managerial,Not-in-family,White,Male,4787,0,60,United-States
44326,43,Private,Some-college,10,Married-civ-spouse,Sales,Husband,White,Male,0,0,50,Cuba
9425,50,Local-gov,Some-college,10,Divorced,Adm-clerical,Not-in-family,Black,Female,0,0,40,United-States
3137,45,Self-emp-not-inc,Some-college,10,Never-married,Farming-fishing,Not-in-family,White,Male,0,0,50,United-States
4774,44,Self-emp-not-inc,Some-college,10,Never-married,Farming-fishing,Own-child,White,Male,0,0,60,United-States
853,46,Self-emp-not-inc,HS-grad,9,Married-civ-spouse,Sales,Husband,White,Male,0,0,50,United-States
4433,40,Self-emp-not-inc,Assoc-acdm,12,Divorced,Exec-managerial,Not-in-family,White,Male,0,0,30,United-States
33214,50,Self-emp-not-inc,HS-grad,9,Married-civ-spouse,Other-service,Wife,White,Female,15024,0,20,United-States
3221,47,Self-emp-inc,Bachelors,13,Divorced,Exec-managerial,Not-in-family,White,Male,0,0,70,United-States
15436,47,Private,Bachelors,13,Married-civ-spouse,Sales,Husband,White,Male,0,0,60,United-States
41237,48,Private,Bachelors,13,Married-civ-spouse,Exec-managerial,Husband,White,Male,0,0,55,United-States
1074,48,State-gov,Doctorate,16,Married-civ-spouse,Prof-specialty,Wife,White,Female,0,1902,46,United-States
39763,45,Private,HS-grad,9,Never-married,Sales,Own-child,White,Female,0,0,35,United-States
13529,48,Private,Bachelors,13,Married-civ-spouse,Exec-managerial,Husband,White,Male,15024,0,50,United-States
5624,41,?,5th-6th,3,Married-civ-spouse,?,Husband,Other,Male,0,0,40,United-States
33831,44,Private,Some-college,10,Divorced,Sales,Unmarried,White,Male,0,625,50,United-States
30609,41,Private,10th,6,Married-spouse-absent,Craft-repair,Not-in-family,White,Female,0,0,40,United-States
42914,43,Private,11th,7,Separated,Sales,Unmarried,White,Female,0,0,40,United-States
35806,42,State-gov,HS-grad,9,Married-civ-spouse,Machine-op-inspct,Husband,White,Male,0,0,40,United-States
39278,42,Self-emp-inc,HS-grad,9,Married-civ-spouse,Craft-repair,Husband,White,Male,0,0,40,United-States
13534,44,Private,Masters,14,Married-civ-spouse,Prof-specialty,Wife,White,Female,0,0,45,United-States
8438,43,Private,Bachelors,13,Married-civ-spouse,Exec-managerial,Husband,White,Male,3103,0,40,United-States
36546,43,Private,Prof-school,15,Divorced,Prof-specialty,Unmarried,White,Female,15020,0,35,United-States
39407,43,Private,Some-college,10,Divorced,Sales,Not-in-family,White,Male,0,0,42,United-States
48380,50,Self-emp-not-inc,Some-college,10,Married-civ-spouse,Other-service,Husband,White,Male,0,0,25,United-States
20024,43,?,Assoc-acdm,12,Divorced,?,Not-in-family,White,Female,0,0,35,United-States
18006,47,Private,Some-college,10,Married-civ-spouse,Adm-clerical,Wife,Black,Female,0,0,48,United-States
37918,42,Private,Some-college,10,Married-civ-spouse,Craft-repair,Husband,White,Male,0,1887,40,United-States
16554,40,Private,HS-grad,9,Married-civ-spouse,Craft-repair,Husband,White,Male,0,0,40,United-States
45478,49,Private,Assoc-acdm,12,Married-civ-spouse,Adm-clerical,Own-child,White,Female,0,0,38,United-States
41900,49,Private,Masters,14,Divorced,Sales,Unmarried,Other,Female,0,0,20,Peru
20724,46,Private,HS-grad,9,Married-civ-spouse,Sales,Husband,White,Male,0,0,65,United-States
36555,43,Self-emp-not-inc,Prof-school,15,Married-civ-spouse,Prof-specialty,Wife,White,Female,0,0,5,United-States
36764,50,Private,Masters,14,Married-civ-spouse,Exec-managerial,Husband,White,Male,0,0,40,United-States
4878,47,Federal-gov,Some-college,10,Divorced,Adm-clerical,Unmarried,Black,Female,0,0,40,United-States
44183,42,Self-emp-inc,11th,7,Married-civ-spouse,Exec-managerial,Husband,White,Male,0,0,40,United-States
24426,47,Private,Some-college,10,Divorced,Machine-op-inspct,Not-in-family,White,Female,0,0,40,United-States
40365,50,Private,Assoc-voc,11,Married-civ-spouse,Sales,Husband,White,Male,0,0,50,United-States
15516,47,Private,Bachelors,13,Married-civ-spouse,Tech-support,Husband,White,Male,15024,0,40,United-States
43778,43,Private,Bachelors,13,Married-civ-spouse,Sales,Husband,White,Male,0,0,40,United-States
18882,43,Private,HS-grad,9,Married-civ-spouse,Transport-moving,Husband,Asian-Pac-Islander,Male,0,0,99,United-States
484,41,Private,HS-grad,9,Married-spouse-absent,Craft-repair,Unmarried,White,Female,0,0,40,United-States
4268,49,Private,Bachelors,13,Married-civ-spouse,Craft-repair,Husband,White,Male,0,1902,40,United-States
15471,42,Private,Assoc-voc,11,Married-civ-spouse,Exec-managerial,Wife,White,Female,7298,0,35,United-States
46422,40,Federal-gov,Bachelors,13,Never-married,Tech-support,Own-child,White,Male,0,0,40,United-States
46461,45,State-gov,Assoc-voc,11,Married-civ-spouse,Prof-specialty,Wife,Asian-Pac-Islander,Female,0,0,40,Philippines
27799,44,Private,Some-college,10,Divorced,Craft-repair,Not-in-family,White,Male,0,0,42,United-States
30735,49,Private,HS-grad,9,Married-civ-spouse,Craft-repair,Husband,White,Male,0,0,40,United-States
21723,49,Private,Preschool,1,Married-civ-spouse,Other-service,Husband,White,Male,0,0,40,?
14033,48,Private,HS-grad,9,Widowed,Machine-op-inspct,Unmarried,White,Female,0,0,36,United-States
15896,45,Private,Some-college,10,Married-civ-spouse,Craft-repair,Husband,White,Male,0,0,40,United-States
32640,50,Private,HS-grad,9,Married-civ-spouse,Transport-moving,Husband,White,Male,0,0,40,United-States
36624,47,Private,7th-8th,4,Married-civ-spouse,Transport-moving,Husband,White,Male,0,0,40,United-States
38653,40,Self-emp-not-inc,Some-college,10,Married-civ-spouse,Craft-repair,Husband,White,Male,0,0,60,United-States
38598,42,Private,Some-college,10,Married-civ-spouse,Craft-repair,Husband,White,Male,0,0,52,United-States
4265,49,Private,Bachelors,13,Married-civ-spouse,Exec-managerial,Husband,White,Male,0,0,40,United-States
23895,46,Private,Bachelors,13,Divorced,Sales,Unmarried,White,Male,0,0,40,United-States
2633,40,?,Some-college,10,Married-civ-spouse,?,Wife,White,Female,0,0,20,United-States
26565,43,Private,HS-grad,9,Married-civ-spouse,Handlers-cleaners,Husband,White,Male,0,0,40,United-States
21338,40,Local-gov,Masters,14,Divorced,Prof-specialty,Unmarried,White,Female,0,0,44,United-States
43415,40,Private,HS-grad,9,Divorced,Adm-clerical,Not-in-family,White,Female,0,0,40,United-States
17003,42,Private,Bachelors,13,Married-civ-spouse,Adm-clerical,Husband,White,Male,0,0,55,United-States
5548,43,Private,Some-college,10,Married-civ-spouse,Sales,Husband,White,Male,7298,0,40,United-States
6855,43,Private,Some-college,10,Never-married,Adm-clerical,Not-in-family,White,Female,0,0,50,United-States
37116,40,State-gov,Bachelors,13,Never-married,Exec-managerial,Own-child,White,Female,0,0,40,United-States
30019,49,Private,Some-college,10,Never-married,Exec-managerial,Unmarried,White,Female,0,0,40,United-States
4791,40,Self-emp-not-inc,Some-college,10,Married-civ-spouse,Prof-specialty,Husband,White,Male,0,0,20,United-States
3880,43,Private,5th-6th,3,Married-civ-spouse,Machine-op-inspct,Wife,Asian-Pac-Islander,Female,0,0,40,Vietnam
34031,40,State-gov,Prof-school,15,Never-married,Prof-specialty,Own-child,White,Female,0,0,40,United-States
3283,45,Private,Some-college,10,Never-married,Farming-fishing,Other-relative,White,Male,0,0,50,United-States
40155,42,Private,HS-grad,9,Married-civ-spouse,Machine-op-inspct,Husband,White,Male,0,0,40,United-States
34288,42,Private,Bachelors,13,Married-civ-spouse,Exec-managerial,Husband,White,Male,0,0,40,United-States
3723,43,Private,Some-college,10,Never-married,Adm-clerical,Unmarried,White,Male,0,0,48,United-States
3926,45,Self-emp-inc,Some-college,10,Married-civ-spouse,Sales,Husband,White,Male,0,0,30,United-States
48167,40,Private,Some-college,10,Never-married,Sales,Not-in-family,Black,Female,0,0,40,United-States
18114,44,Private,Bachelors,13,Never-married,Adm-clerical,Not-in-family,White,Female,0,1617,20,United-States
17925,45,Private,Masters,14,Married-civ-spouse,Prof-specialty,Husband,White,Male,0,0,50,United-States
39660,46,State-gov,HS-grad,9,Married-civ-spouse,Handlers-cleaners,Husband,White,Male,0,0,40,United-States
46294,45,Private,HS-grad,9,Divorced,Craft-repair,Unmarried,White,Male,0,0,44,United-States
48143,50,Federal-gov,HS-grad,9,Married-civ-spouse,Other-service,Husband,White,Male,0,0,40,United-States
36690,47,Self-emp-inc,Some-college,10,Married-civ-spouse,Exec-managerial,Husband,White,Male,4386,0,40,United-States
18184,48,Private,Doctorate,16,Married-civ-spouse,Prof-specialty,Husband,White,Male,0,1902,50,United-States
3851,45,Private,Assoc-voc,11,Married-civ-spouse,Sales,Husband,White,Male,0,1977,50,United-States
37961,48,Private,Some-college,10,Married-civ-spouse,Machine-op-inspct,Husband,White,Male,0,0,40,United-States
27009,40,State-gov,Masters,14,Divorced,Exec-managerial,Unmarried,White,Female,1506,0,40,United-States
20508,47,Private,Bachelors,13,Married-civ-spouse,Prof-specialty,Husband,White,Male,15024,0,40,United-States
44370,47,Private,Bachelors,13,Never-married,Sales,Own-child,White,Male,0,0,40,United-States
5201,43,Federal-gov,Bachelors,13,Never-married,Exec-managerial,Not-in-family,White,Male,0,0,40,United-States
23831,45,Self-emp-not-inc,Some-college,10,Married-civ-spouse,Other-service,Wife,White,Female,0,0,99,United-States
509,47,Local-gov,HS-grad,9,Separated,Adm-clerical,Unmarried,Black,Female,0,0,40,United-States
22666,40,Federal-gov,Some-college,10,Married-civ-spouse,Adm-clerical,Husband,Black,Male,0,0,40,United-States
2582,40,Private,1st-4th,2,Married-spouse-absent,Machine-op-inspct,Unmarried,White,Female,0,0,40,Dominican-Republic
5645,48,Private,10th,6,Divorced,Sales,Not-in-family,White,Female,0,0,38,United-States
5577,45,Private,Bachelors,13,Never-married,Transport-moving,Not-in-family,White,Male,0,0,30,United-States
31585,40,Private,Some-college,10,Never-married,Exec-managerial,Unmarried,White,Female,0,0,40,United-States
36354,49,Private,Some-college,10,Married-civ-spouse,Adm-clerical,Husband,White,Male,0,0,40,United-States
28363,47,Private,Bachelors,13,Married-civ-spouse,Exec-managerial,Husband,White,Male,0,0,40,United-States
47012,40,Self-emp-inc,Doctorate,16,Never-married,Prof-specialty,Not-in-family,White,Male,99999,0,55,United-States
18131,40,Private,HS-grad,9,Divorced,Adm-clerical,Unmarried,White,Female,0,0,45,England
13696,50,Private,Masters,14,Married-civ-spouse,Sales,Husband,White,Male,15024,0,40,United-States
42479,44,Private,Bachelors,13,Married-civ-spouse,Sales,Husband,White,Male,0,0,50,United-States
10800,45,Local-gov,Doctorate,16,Married-civ-spouse,Exec-managerial,Husband,White,Male,7688,0,45,United-States
47072,41,Self-emp-not-inc,Masters,14,Married-civ-spouse,Exec-managerial,Wife,White,Female,99999,0,50,United-States
551,46,Self-emp-not-inc,Some-college,10,Divorced,Exec-managerial,Not-in-family,White,Male,0,0,50,United-States
47390,48,Private,Some-college,10,Married-civ-spouse,Sales,Wife,White,Female,0,0,40,United-States
1897,45,Private,Bachelors,13,Married-civ-spouse,Sales,Husband,White,Male,0,0,55,United-States
43558,48,Private,Some-college,10,Married-civ-spouse,Machine-op-inspct,Husband,White,Male,7298,0,40,United-States
25511,46,Private,5th-6th,3,Married-civ-spouse,Machine-op-inspct,Husband,White,Male,0,0,40,Mexico
48493,49,Self-emp-inc,Some-college,10,Married-civ-spouse,Exec-managerial,Husband,White,Male,0,0,45,United-States
3329,45,Private,Bachelors,13,Married-civ-spouse,Prof-specialty,Husband,White,Male,0,0,60,United-States
26767,49,Private,Masters,14,Married-civ-spouse,Sales,Husband,White,Male,0,0,45,United-States
47367,42,State-gov,HS-grad,9,Married-civ-spouse,Protective-serv,Husband,White,Male,0,0,72,United-States
25294,40,Private,Some-college,10,Divorced,Exec-managerial,Not-in-family,White,Male,0,0,40,United-States
30636,42,Private,10th,6,Never-married,Transport-moving,Not-in-family,Black,Male,0,0,40,United-States
33788,41,Private,Bachelors,13,Married-civ-spouse,Craft-repair,Husband,White,Male,99999,0,40,United-States
22078,47,Private,Assoc-voc,11,Divorced,Sales,Unmarried,Black,Female,0,0,25,United-States
30551,43,Self-emp-not-inc,Masters,14,Divorced,Other-service,Unmarried,White,Female,0,0,30,United-States
28434,42,Private,Masters,14,Married-civ-spouse,Prof-specialty,Husband,Asian-Pac-Islander,Male,0,1902,55,India
44113,43,Private,Assoc-acdm,12,Married-civ-spouse,Handlers-cleaners,Husband,White,Male,0,0,40,United-States
2027,47,Private,Assoc-voc,11,Married-civ-spouse,Machine-op-inspct,Husband,White,Male,0,0,40,United-States
46445,47,Private,HS-grad,9,Married-civ-spouse,Machine-op-inspct,Husband,White,Male,0,0,50,Portugal
43511,43,Private,HS-grad,9,Married-civ-spouse,Transport-moving,Husband,White,Male,0,0,60,United-States
22130,49,Local-gov,Some-college,10,Married-civ-spouse,Protective-serv,Husband,White,Male,0,0,44,United-States
30126,42,Local-gov,Some-college,10,Divorced,Tech-support,Not-in-family,White,Female,3325,0,40,United-States
13328,49,Private,HS-grad,9,Never-married,Adm-clerical,Own-child,Asian-Pac-Islander,Female,0,0,40,United-States
8983,42,Self-emp-inc,HS-grad,9,Married-civ-spouse,Sales,Husband,White,Male,0,0,43,United-States
22479,40,Private,Some-college,10,Married-civ-spouse,Machine-op-inspct,Husband,White,Male,0,2179,40,United-States
17117,44,Self-emp-not-inc,Bachelors,13,Married-civ-spouse,Exec-managerial,Husband,White,Male,0,2415,50,United-States
28381,40,Private,Some-college,10,Never-married,Craft-repair,Own-child,Black,Male,0,0,40,United-States
3501,46,Private,Bachelors,13,Married-civ-spouse,Tech-support,Husband,White,Male,0,0,40,United-States
47586,48,Self-emp-inc,Bachelors,13,Never-married,Exec-managerial,Not-in-family,White,Female,0,0,55,Canada
48153,40,Private,HS-grad,9,Separated,Handlers-cleaners,Unmarried,Amer-Indian-Eskimo,Male,0,0,45,United-States
33919,49,Private,Some-college,10,Married-civ-spouse,Prof-specialty,Husband,White,Male,0,0,40,United-States
25909,41,Self-emp-not-inc,Masters,14,Married-civ-spouse,Exec-managerial,Husband,White,Male,7298,0,70,United-States
14910,41,Private,5th-6th,3,Married-spouse-absent,Farming-fishing,Not-in-family,White,Male,0,0,35,Mexico
39711,40,Private,Masters,14,Divorced,Exec-managerial,Unmarried,White,Female,0,0,38,United-States
33284,47,Self-emp-not-inc,Some-college,10,Married-spouse-absent,Exec-managerial,Not-in-family,White,Female,0,0,60,United-States
7765,42,Private,9th,5,Married-civ-spouse,Craft-repair,Husband,White,Male,0,0,40,Mexico
44571,40,Self-emp-inc,Bachelors,13,Married-civ-spouse,Tech-support,Husband,Other,Male,0,0,40,France
46402,47,Local-gov,Bachelors,13,Married-civ-spouse,Prof-specialty,Husband,White,Male,7298,0,40,United-States
35311,42,Private,HS-grad,9,Married-civ-spouse,Craft-repair,Husband,White,Male,0,0,60,United-States
29833,41,Private,Assoc-voc,11,Married-civ-spouse,Craft-repair,Husband,White,Male,0,0,43,United-States
20276,43,Private,Some-college,10,Married-spouse-absent,Sales,Not-in-family,White,Male,0,0,45,Mexico
45575,48,Private,Bachelors,13,Married-civ-spouse,Tech-support,Husband,White,Male,0,0,40,United-States
42326,50,Self-emp-not-inc,HS-grad,9,Married-civ-spouse,Exec-managerial,Husband,White,Male,0,0,50,United-States
1192,48,Private,Some-college,10,Married-civ-spouse,Craft-repair,Husband,White,Male,0,0,40,United-States
18208,44,Private,Bachelors,13,Married-spouse-absent,Exec-managerial,Unmarried,White,Female,0,0,40,United-States
39569,48,Self-emp-not-inc,Bachelors,13,Never-married,Prof-specialty,Not-in-family,White,Male,0,0,35,United-States
48202,41,Private,9th,5,Married-civ-spouse,Tech-support,Wife,White,Female,0,0,80,United-States
7191,46,Private,HS-grad,9,Separated,Machine-op-inspct,Own-child,Black,Female,0,0,40,United-States
28910,41,Private,Some-college,10,Married-civ-spouse,Sales,Husband,White,Male,0,0,50,United-States
18411,43,Self-emp-not-inc,HS-grad,9,Married-civ-spouse,Farming-fishing,Husband,White,Male,0,0,50,United-States
41077,41,Local-gov,Masters,14,Married-civ-spouse,Prof-specialty,Husband,White,Male,0,0,55,United-States
40916,47,Private,Masters,14,Divorced,Prof-specialty,Not-in-family,White,Male,0,0,45,United-States
22669,40,Local-gov,Masters,14,Married-civ-spouse,Prof-specialty,Husband,White,Male,7298,0,35,United-States
20123,46,Private,7th-8th,4,Never-married,Handlers-cleaners,Not-in-family,White,Male,0,0,50,United-States
13129,42,Local-gov,Bachelors,13,Married-civ-spouse,Prof-specialty,Husband,White,Male,5178,0,40,United-States
2584,41,Private,Bachelors,13,Married-civ-spouse,Exec-managerial,Husband,White,Male,7298,0,50,United-States
42263,48,Private,Prof-school,15,Married-civ-spouse,Prof-specialty,Husband,White,Male,99999,0,50,United-States
39661,48,Federal-gov,Some-college,10,Divorced,Adm-clerical,Unmarried,Black,Male,5455,0,40,United-States
48827,50,Local-gov,Masters,14,Married-civ-spouse,Prof-specialty,Wife,White,Female,0,0,40,?
48658,47,Self-emp-not-inc,Assoc-voc,11,Separated,Exec-managerial,Unmarried,White,Female,0,0,40,United-States
26854,46,Private,HS-grad,9,Divorced,Craft-repair,Not-in-family,White,Male,0,1741,40,United-States
37559,40,Private,HS-grad,9,Divorced,Exec-managerial,Not-in-family,White,Female,0,0,60,United-States
46151,40,Private,Bachelors,13,Married-civ-spouse,Exec-managerial,Husband,White,Male,7688,0,40,United-States
41469,43,Private,Assoc-acdm,12,Married-civ-spouse,Other-service,Husband,Black,Male,0,0,40,Haiti
11886,40,Private,Assoc-acdm,12,Never-married,Adm-clerical,Not-in-family,White,Female,0,0,40,United-States
21856,45,Self-emp-inc,Prof-school,15,Divorced,Prof-specialty,Unmarried,White,Male,25236,0,36,United-States
6160,41,Private,HS-grad,9,Never-married,Other-service,Not-in-family,White,Female,0,0,40,United-States
46634,48,Private,Some-college,10,Divorced,Exec-managerial,Not-in-family,White,Female,0,0,40,Germany
29532,44,Private,Assoc-acdm,12,Divorced,Tech-support,Unmarried,White,Female,0,0,40,United-States
11074,47,Self-emp-not-inc,Bachelors,13,Never-married,Craft-repair,Not-in-family,White,Female,0,0,40,United-States
32620,42,Self-emp-inc,HS-grad,9,Married-civ-spouse,Exec-managerial,Husband,White,Male,5178,0,50,United-States
30018,46,Private,Some-college,10,Divorced,Adm-clerical,Unmarried,Black,Female,0,0,35,Trinadad&Tobago
17331,47,Private,Masters,14,Married-civ-spouse,Exec-managerial,Husband,White,Male,99999,0,50,United-States
5336,49,Private,Assoc-acdm,12,Divorced,Exec-managerial,Not-in-family,White,Female,0,0,40,United-States
32592,46,State-gov,Some-college,10,Married-civ-spouse,Exec-managerial,Husband,Black,Male,7688,0,38,United-States
25157,40,Self-emp-not-inc,Bachelors,13,Married-civ-spouse,Adm-clerical,Husband,White,Male,0,0,40,England
37710,40,Private,Bachelors,13,Married-civ-spouse,Exec-managerial,Husband,White,Male,0,0,50,?
25152,40,Self-emp-not-inc,Some-college,10,Married-civ-spouse,Prof-specialty,Wife,White,Female,0,0,40,United-States
41585,42,Private,Some-college,10,Married-civ-spouse,Craft-repair,Husband,White,Male,0,0,45,United-States
26675,42,Private,Bachelors,13,Married-civ-spouse,Sales,Husband,White,Male,0,0,60,United-States
27148,41,State-gov,HS-grad,9,Never-married,Other-service,Not-in-family,White,Female,0,0,40,United-States
42882,46,Self-emp-inc,Prof-school,15,Married-civ-spouse,Prof-specialty,Husband,White,Male,0,0,50,United-States
19507,41,Private,Masters,14,Married-civ-spouse,Prof-specialty,Husband,White,Male,0,0,55,United-States
6384,46,Self-emp-inc,Masters,14,Married-civ-spouse,Exec-managerial,Husband,White,Male,0,2392,50,United-States
1290,50,Private,HS-grad,9,Married-civ-spouse,Craft-repair,Husband,White,Male,0,0,40,United-States
36782,48,Private,Some-college,10,Separated,Adm-clerical,Unmarried,White,Female,0,0,40,United-States
30140,43,Private,HS-grad,9,Divorced,Sales,Not-in-family,White,Male,0,0,20,United-States
34190,41,Self-emp-not-inc,Some-college,10,Married-civ-spouse,Craft-repair,Husband,White,Male,0,0,55,United-States
10270,40,Self-emp-not-inc,Prof-school,15,Married-civ-spouse,Prof-specialty,Husband,Amer-Indian-Eskimo,Male,0,1977,60,United-States
6515,45,Private,Bachelors,13,Married-civ-spouse,Handlers-cleaners,Husband,White,Male,0,0,37,United-States
688,45,Local-gov,Bachelors,13,Married-civ-spouse,Prof-specialty,Wife,White,Female,0,0,55,United-States
16988,40,Private,Bachelors,13,Divorced,Sales,Not-in-family,White,Male,14084,0,40,United-States
28707,42,Self-emp-not-inc,Some-college,10,Married-civ-spouse,Exec-managerial,Husband,White,Male,0,0,55,United-States
18990,40,?,HS-grad,9,Divorced,?,Not-in-family,Black,Female,0,0,32,United-States
21163,49,Self-emp-inc,Bachelors,13,Divorced,Prof-specialty,Unmarried,White,Male,6497,0,45,United-States
44257,41,Private,Some-college,10,Married-civ-spouse,Adm-clerical,Wife,Black,Female,0,0,40,United-States
16886,46,Private,Some-college,10,Separated,Sales,Not-in-family,White,Male,0,0,42,United-States
24863,42,Private,HS-grad,9,Married-civ-spouse,Craft-repair,Husband,White,Male,0,0,40,United-States
38260,42,Local-gov,HS-grad,9,Divorced,Exec-managerial,Unmarried,White,Male,0,0,40,United-States
19168,45,Federal-gov,HS-grad,9,Never-married,Transport-moving,Unmarried,Asian-Pac-Islander,Female,0,0,40,United-States
30245,50,Self-emp-inc,Prof-school,15,Married-civ-spouse,Prof-specialty,Husband,White,Male,99999,0,55,United-States
42132,43,Private,Assoc-voc,11,Married-civ-spouse,Prof-specialty,Wife,White,Female,0,0,36,United-States
46379,43,Self-emp-inc,Bachelors,13,Married-civ-spouse,Sales,Husband,White,Male,99999,0,40,United-States
7024,50,Private,Prof-school,15,Married-civ-spouse,Prof-specialty,Husband,White,Male,0,0,36,United-States
45294,50,Private,Masters,14,Married-civ-spouse,Prof-specialty,Wife,White,Female,0,0,38,United-States
23809,47,Private,11th,7,Divorced,Other-service,Unmarried,Black,Female,0,0,40,United-States
12432,43,Private,HS-grad,9,Married-civ-spouse,Craft-repair,Husband,White,Male,0,0,40,United-States
22294,45,Self-emp-not-inc,Bachelors,13,Married-civ-spouse,Farming-fishing,Husband,White,Male,0,1485,70,United-States
47841,40,Private,Some-college,10,Never-married,Craft-repair,Not-in-family,White,Male,0,0,40,United-States
15903,45,Federal-gov,Assoc-acdm,12,Divorced,Adm-clerical,Unmarried,Asian-Pac-Islander,Male,0,2080,40,Philippines
11598,41,Local-gov,Masters,14,Married-civ-spouse,Prof-specialty,Wife,Asian-Pac-Islander,Female,0,0,40,Taiwan
3413,41,Private,HS-grad,9,Married-civ-spouse,Machine-op-inspct,Husband,White,Male,2885,0,40,United-States
6134,46,Federal-gov,Some-college,10,Divorced,Tech-support,Not-in-family,White,Male,0,0,40,United-States
6104,41,Private,Some-college,10,Married-civ-spouse,Craft-repair,Husband,White,Male,0,0,40,United-States
7258,40,Self-emp-not-inc,HS-grad,9,Married-civ-spouse,Craft-repair,Husband,White,Male,3411,0,40,United-States
6629,49,Private,11th,7,Married-civ-spouse,Transport-moving,Husband,White,Male,0,0,75,United-States
31213,47,Self-emp-not-inc,Assoc-acdm,12,Married-civ-spouse,Craft-repair,Husband,White,Male,0,1672,65,United-States
16783,45,Private,Bachelors,13,Married-civ-spouse,Transport-moving,Husband,White,Male,0,0,50,United-States
43831,45,Self-emp-inc,Some-college,10,Separated,Adm-clerical,Not-in-family,White,Male,0,0,40,United-States
22962,46,Self-emp-not-inc,HS-grad,9,Divorced,Craft-repair,Own-child,White,Male,0,0,50,United-States
32377,40,Private,HS-grad,9,Divorced,Craft-repair,Not-in-family,Asian-Pac-Islander,Female,0,0,40,Japan
8231,40,Self-emp-not-inc,HS-grad,9,Married-civ-spouse,Farming-fishing,Husband,White,Male,0,0,50,United-States
9238,50,Private,Bachelors,13,Married-civ-spouse,Adm-clerical,Husband,White,Male,0,1902,50,?
1786,42,Local-gov,Bachelors,13,Married-spouse-absent,Prof-specialty,Not-in-family,White,Female,8614,0,45,United-States
8040,46,Self-emp-inc,Assoc-voc,11,Married-civ-spouse,Exec-managerial,Husband,White,Male,0,0,60,United-States
13396,42,Private,Bachelors,13,Never-married,Exec-managerial,Not-in-family,White,Male,0,0,55,United-States
8415,45,Private,Some-college,10,Married-civ-spouse,Craft-repair,Other-relative,Asian-Pac-Islander,Male,0,0,40,Philippines
4122,49,Private,HS-grad,9,Married-civ-spouse,Adm-clerical,Husband,White,Male,0,0,40,United-States
5728,45,Private,Masters,14,Divorced,Transport-moving,Not-in-family,White,Male,14344,0,48,United-States
22371,49,Private,7th-8th,4,Never-married,Other-service,Other-relative,White,Male,0,0,35,United-States
9921,47,Self-emp-not-inc,Bachelors,13,Never-married,Exec-managerial,Not-in-family,Black,Male,10520,0,45,United-States
17624,43,Private,Some-college,10,Divorced,Tech-support,Not-in-family,White,Male,0,0,40,?
24333,41,Private,Some-college,10,Divorced,Other-service,Not-in-family,White,Male,0,0,21,United-States
33556,42,Private,Some-college,10,Divorced,Other-service,Not-in-family,White,Female,8614,0,52,United-States
1729,49,Private,Masters,14,Married-civ-spouse,Prof-specialty,Wife,White,Female,0,0,50,United-States
39077,42,Self-emp-not-inc,Masters,14,Married-civ-spouse,Exec-managerial,Husband,White,Male,0,0,50,United-States
30567,47,Private,Masters,14,Married-civ-spouse,Exec-managerial,Husband,White,Male,0,0,40,United-States
3753,47,Private,HS-grad,9,Married-civ-spouse,Machine-op-inspct,Husband,White,Male,0,0,40,United-States
42722,41,Private,1st-4th,2,Married-civ-spouse,Machine-op-inspct,Husband,White,Male,0,0,40,Mexico
45040,41,Private,11th,7,Never-married,Machine-op-inspct,Not-in-family,Black,Male,0,0,40,United-States
2776,49,State-gov,Doctorate,16,Married-civ-spouse,Prof-specialty,Husband,Black,Male,0,1902,60,?
13302,41,Private,Some-college,10,Married-civ-spouse,Adm-clerical,Husband,White,Male,0,0,50,United-States
39383,44,Self-emp-not-inc,HS-grad,9,Married-civ-spouse,Craft-repair,Husband,White,Male,0,0,35,Germany
36473,46,Federal-gov,11th,7,Never-married,Other-service,Other-relative,Black,Male,0,0,40,United-States
8822,41,Self-emp-not-inc,7th-8th,4,Married-civ-spouse,Craft-repair,Husband,White,Male,0,2179,40,United-States
10070,45,Private,HS-grad,9,Married-civ-spouse,Craft-repair,Husband,White,Male,0,0,40,United-States
17920,40,Private,Bachelors,13,Never-married,Tech-support,Not-in-family,White,Male,0,0,40,United-States
23480,49,Local-gov,Some-college,10,Married-civ-spouse,Exec-managerial,Husband,White,Male,0,0,46,United-States
17845,46,Private,Some-college,10,Never-married,Machine-op-inspct,Not-in-family,White,Female,0,0,45,United-States
22433,50,Self-emp-not-inc,HS-grad,9,Married-civ-spouse,Exec-managerial,Husband,White,Male,7688,0,50,United-States
36424,43,Private,Some-college,10,Divorced,Tech-support,Unmarried,Black,Female,0,0,35,United-States
1633,40,State-gov,Assoc-acdm,12,Married-civ-spouse,Adm-clerical,Husband,White,Male,0,0,40,United-States
12097,49,Private,7th-8th,4,Married-civ-spouse,Machine-op-inspct,Wife,White,Female,0,0,40,Hong
34651,41,Federal-gov,Assoc-acdm,12,Married-civ-spouse,Protective-serv,Husband,White,Male,0,0,92,United-States
43760,47,Private,HS-grad,9,Married-civ-spouse,Exec-managerial,Husband,White,Male,0,0,65,United-States
24744,48,Self-emp-not-inc,Some-college,10,Married-civ-spouse,Transport-moving,Husband,White,Male,0,0,40,United-States
25727,43,?,HS-grad,9,Never-married,?,Other-relative,White,Female,0,0,40,United-States
5023,42,Private,HS-grad,9,Married-civ-spouse,Transport-moving,Husband,Amer-Indian-Eskimo,Male,0,0,60,United-States
21668,41,Local-gov,HS-grad,9,Divorced,Exec-managerial,Own-child,White,Male,0,0,45,United-States
25746,41,Self-emp-inc,Some-college,10,Divorced,Machine-op-inspct,Not-in-family,White,Female,0,0,40,Honduras
11706,45,Private,HS-grad,9,Divorced,Adm-clerical,Unmarried,White,Female,0,0,40,United-States
12932,45,Private,HS-grad,9,Married-civ-spouse,Exec-managerial,Husband,Asian-Pac-Islander,Male,0,0,40,United-States
18248,41,Private,Bachelors,13,Married-civ-spouse,Exec-managerial,Husband,White,Male,0,0,40,Yugoslavia
951,44,State-gov,HS-grad,9,Married-civ-spouse,Prof-specialty,Wife,White,Female,0,0,40,United-States
15588,48,Private,HS-grad,9,Never-married,Tech-support,Unmarried,Black,Female,0,0,33,Jamaica
10186,48,Self-emp-not-inc,Some-college,10,Married-civ-spouse,Farming-fishing,Husband,White,Male,7298,0,60,United-States
15846,46,Private,HS-grad,9,Never-married,Adm-clerical,Not-in-family,White,Female,0,0,37,United-States
5695,44,Private,Assoc-voc,11,Married-civ-spouse,Tech-support,Husband,White,Male,0,0,40,United-States
43518,45,Local-gov,Masters,14,Married-civ-spouse,Prof-specialty,Wife,White,Female,2580,0,18,United-States
28882,45,Private,Some-college,10,Married-civ-spouse,Prof-specialty,Husband,White,Male,0,0,40,United-States
32958,45,Private,Bachelors,13,Married-civ-spouse,Exec-managerial,Husband,Asian-Pac-Islander,Male,0,0,45,Japan
38576,47,Private,Some-college,10,Married-civ-spouse,Sales,Husband,White,Male,0,0,45,United-States
24075,42,Local-gov,Bachelors,13,Divorced,Transport-moving,Not-in-family,White,Male,0,0,33,United-States
4005,44,Private,Prof-school,15,Never-married,Prof-specialty,Not-in-family,White,Female,0,0,40,United-States
25953,48,Self-emp-not-inc,HS-grad,9,Married-civ-spouse,Sales,Husband,White,Male,0,0,50,United-States
28577,44,Private,Some-college,10,Widowed,Adm-clerical,Unmarried,White,Female,0,0,32,United-States
36327,44,Local-gov,Bachelors,13,Married-civ-spouse,Prof-specialty,Other-relative,Black,Female,0,0,40,United-States
20851,46,Self-emp-not-inc,Bachelors,13,Married-civ-spouse,Sales,Husband,White,Male,0,2415,40,United-States
6071,48,Self-emp-not-inc,HS-grad,9,Married-civ-spouse,Farming-fishing,Husband,White,Male,0,0,98,United-States
13628,47,Private,HS-grad,9,Married-spouse-absent,Sales,Unmarried,White,Female,0,0,20,Cuba
17578,43,Private,HS-grad,9,Married-civ-spouse,Craft-repair,Husband,White,Male,0,0,48,United-States
31462,49,Private,HS-grad,9,Married-civ-spouse,Craft-repair,Husband,White,Male,0,0,45,United-States
27673,45,Private,Bachelors,13,Never-married,Craft-repair,Not-in-family,White,Male,0,0,40,United-States
17223,50,Private,HS-grad,9,Married-civ-spouse,Transport-moving,Husband,White,Male,0,0,40,United-States
48160,49,State-gov,Some-college,10,Divorced,Exec-managerial,Unmarried,White,Male,0,0,40,United-States
29511,46,Private,Some-college,10,Married-civ-spouse,Transport-moving,Husband,White,Male,0,1887,40,United-States
4809,49,State-gov,Bachelors,13,Married-civ-spouse,Adm-clerical,Husband,White,Male,0,0,40,United-States
7287,47,Self-emp-inc,HS-grad,9,Married-civ-spouse,Exec-managerial,Husband,White,Male,0,0,42,United-States
11837,49,Federal-gov,Bachelors,13,Married-civ-spouse,Exec-managerial,Husband,White,Male,7298,0,40,United-States
7667,45,Self-emp-not-inc,Masters,14,Divorced,Prof-specialty,Not-in-family,White,Female,0,0,15,United-States
13670,42,Private,HS-grad,9,Married-civ-spouse,Transport-moving,Husband,White,Male,0,0,50,United-States
8271,43,Private,Bachelors,13,Married-civ-spouse,Prof-specialty,Husband,White,Male,0,1977,50,United-States
3677,44,Private,HS-grad,9,Married-civ-spouse,Machine-op-inspct,Husband,Amer-Indian-Eskimo,Male,0,0,40,United-States
25357,45,Private,Masters,14,Married-civ-spouse,Exec-managerial,Husband,White,Male,15024,0,60,United-States
47982,41,Private,Some-college,10,Married-civ-spouse,Transport-moving,Husband,Black,Male,0,0,55,?
5246,48,Federal-gov,Bachelors,13,Divorced,Exec-managerial,Not-in-family,White,Male,0,0,45,United-States
19252,45,Private,Some-college,10,Divorced,Exec-managerial,Not-in-family,White,Female,0,0,40,United-States
47377,49,?,7th-8th,4,Married-civ-spouse,?,Husband,White,Male,4386,0,99,United-States
42298,42,State-gov,HS-grad,9,Married-civ-spouse,Sales,Wife,White,Female,0,0,40,United-States
39896,49,Private,HS-grad,9,Widowed,Adm-clerical,Not-in-family,White,Female,0,1876,35,United-States
8151,45,Private,Prof-school,15,Married-civ-spouse,Prof-specialty,Husband,White,Male,0,0,60,United-States
32434,41,Self-emp-not-inc,Bachelors,13,Married-civ-spouse,Prof-specialty,Husband,White,Male,0,0,50,United-States
45428,48,Private,Some-college,10,Divorced,Prof-specialty,Not-in-family,White,Male,0,0,40,United-States
26936,48,Private,11th,7,Divorced,Other-service,Not-in-family,White,Female,0,0,31,United-States
27714,45,Private,5th-6th,3,Never-married,Machine-op-inspct,Own-child,White,Female,0,0,35,United-States
37578,41,Self-emp-not-inc,Assoc-acdm,12,Married-civ-spouse,Craft-repair,Husband,White,Male,0,0,60,United-States
8930,43,Private,Bachelors,13,Married-civ-spouse,Exec-managerial,Husband,White,Male,0,0,50,United-States
15679,42,Self-emp-not-inc,Bachelors,13,Never-married,Prof-specialty,Not-in-family,White,Male,0,0,50,?
20567,45,Private,HS-grad,9,Married-civ-spouse,Other-service,Wife,White,Female,0,0,35,United-States
24546,46,Private,Assoc-acdm,12,Divorced,Prof-specialty,Not-in-family,White,Female,0,0,50,United-States
11703,44,Private,HS-grad,9,Divorced,Machine-op-inspct,Own-child,White,Male,0,0,40,United-States
5431,46,Private,Assoc-voc,11,Married-civ-spouse,Craft-repair,Husband,White,Male,0,0,42,United-States
29730,40,Private,HS-grad,9,Married-civ-spouse,Transport-moving,Husband,White,Male,0,0,35,United-States
13853,40,Private,Assoc-acdm,12,Never-married,Other-service,Other-relative,White,Male,0,0,25,United-States
28258,47,Local-gov,Doctorate,16,Never-married,Prof-specialty,Unmarried,White,Female,0,0,40,United-States
7368,49,Federal-gov,Some-college,10,Married-civ-spouse,Tech-support,Husband,White,Male,0,0,40,United-States
23287,41,Private,5th-6th,3,Married-civ-spouse,Farming-fishing,Husband,White,Male,3411,0,40,Mexico
25744,46,Local-gov,Prof-school,15,Married-civ-spouse,Prof-specialty,Husband,Asian-Pac-Islander,Male,0,0,40,Philippines
2299,41,Self-emp-not-inc,HS-grad,9,Married-civ-spouse,Other-service,Husband,White,Male,0,0,60,United-States
16359,50,Private,HS-grad,9,Married-civ-spouse,Machine-op-inspct,Husband,White,Male,0,0,50,United-States
6406,40,Private,9th,5,Divorced,Other-service,Not-in-family,White,Female,0,0,40,United-States
2884,45,Private,Masters,14,Divorced,Exec-managerial,Not-in-family,White,Female,0,0,50,United-States
48335,41,Private,Some-college,10,Never-married,Other-service,Own-child,White,Male,0,0,50,United-States
15605,50,Private,Bachelors,13,Married-civ-spouse,Exec-managerial,Husband,White,Male,99999,0,55,United-States
39539,44,Local-gov,Assoc-voc,11,Married-civ-spouse,Farming-fishing,Husband,White,Male,0,0,40,United-States
12241,46,State-gov,HS-grad,9,Never-married,Transport-moving,Not-in-family,Black,Male,0,0,40,United-States
33122,43,Private,HS-grad,9,Separated,Adm-clerical,Unmarried,Black,Female,0,0,40,United-States
37064,44,Private,Some-college,10,Married-spouse-absent,Adm-clerical,Unmarried,White,Female,0,0,40,United-States
28982,42,Private,9th,5,Married-civ-spouse,Transport-moving,Husband,White,Male,0,0,40,United-States
22813,45,Private,Bachelors,13,Married-civ-spouse,Prof-specialty,Husband,White,Male,0,0,40,United-States
19978,49,Private,HS-grad,9,Married-civ-spouse,Craft-repair,Husband,White,Male,5013,0,60,United-States
16920,42,Private,Bachelors,13,Married-civ-spouse,Exec-managerial,Wife,White,Female,0,0,40,United-States
45437,49,?,HS-grad,9,Married-civ-spouse,?,Husband,White,Male,7688,0,50,United-States
40566,40,Private,HS-grad,9,Divorced,Adm-clerical,Not-in-family,White,Female,0,0,40,United-States
47156,45,State-gov,Some-college,10,Never-married,Adm-clerical,Not-in-family,White,Female,0,0,40,United-States
5886,43,Self-emp-inc,HS-grad,9,Married-civ-spouse,Craft-repair,Husband,White,Male,0,0,40,United-States
35549,46,Private,Assoc-acdm,12,Married-civ-spouse,Tech-support,Husband,White,Male,7298,0,40,United-States
45822,42,Private,Assoc-acdm,12,Never-married,Exec-managerial,Not-in-family,White,Male,0,0,45,United-States
8645,42,Private,Some-college,10,Never-married,Machine-op-inspct,Unmarried,Black,Female,0,0,40,United-States
3034,40,?,HS-grad,9,Divorced,?,Not-in-family,White,Male,0,0,25,United-States
36094,43,Private,Some-college,10,Married-civ-spouse,Craft-repair,Husband,White,Male,0,0,40,United-States
27872,40,Private,10th,6,Married-civ-spouse,Craft-repair,Husband,White,Male,0,0,40,United-States
41061,41,Self-emp-not-inc,Prof-school,15,Married-civ-spouse,Prof-specialty,Husband,White,Male,0,0,45,United-States
6660,46,Private,HS-grad,9,Married-civ-spouse,Sales,Husband,White,Male,5013,0,50,United-States
38846,47,Self-emp-not-inc,Some-college,10,Married-civ-spouse,Farming-fishing,Husband,White,Male,0,0,72,United-States
9657,41,Local-gov,Bachelors,13,Divorced,Prof-specialty,Unmarried,White,Male,0,0,65,United-States
7818,42,Private,HS-grad,9,Divorced,Prof-specialty,Not-in-family,White,Female,0,0,45,United-States
7849,45,Local-gov,Bachelors,13,Married-civ-spouse,Protective-serv,Husband,White,Male,0,0,50,United-States
39773,50,Private,HS-grad,9,Married-civ-spouse,Transport-moving,Husband,White,Male,0,0,40,United-States
32269,42,Private,HS-grad,9,Married-civ-spouse,Sales,Husband,White,Male,0,0,40,United-States
17357,43,State-gov,HS-grad,9,Never-married,Transport-moving,Not-in-family,White,Male,0,0,60,United-States
42903,44,Private,HS-grad,9,Married-civ-spouse,Prof-specialty,Husband,White,Male,0,0,40,United-States
18999,45,Federal-gov,Bachelors,13,Never-married,Adm-clerical,Not-in-family,White,Male,0,0,55,United-States
39876,40,Private,HS-grad,9,Married-civ-spouse,Exec-managerial,Husband,White,Male,0,1485,40,United-States
21217,42,State-gov,Bachelors,13,Married-civ-spouse,Exec-managerial,Husband,White,Male,0,0,48,United-States
18230,42,Self-emp-not-inc,Bachelors,13,Married-civ-spouse,Farming-fishing,Husband,White,Male,0,0,65,United-States
22435,45,Private,Masters,14,Divorced,Prof-specialty,Not-in-family,White,Male,0,0,40,United-States
14453,49,Self-emp-inc,Assoc-acdm,12,Married-civ-spouse,Craft-repair,Husband,White,Male,0,0,40,United-States
36427,46,State-gov,Bachelors,13,Never-married,Prof-specialty,Not-in-family,White,Male,0,0,40,United-States
11196,45,Self-emp-inc,HS-grad,9,Married-civ-spouse,Sales,Husband,White,Male,0,0,32,United-States
43980,50,Local-gov,Masters,14,Divorced,Prof-specialty,Unmarried,White,Female,0,0,65,United-States
18599,46,Self-emp-not-inc,Prof-school,15,Married-civ-spouse,Prof-specialty,Husband,White,Male,15024,0,40,United-States
26246,43,Federal-gov,Some-college,10,Never-married,Adm-clerical,Other-relative,White,Male,2174,0,40,United-States
44377,42,Self-emp-not-inc,Masters,14,Never-married,Prof-specialty,Not-in-family,White,Male,0,0,45,United-States
30375,42,State-gov,Masters,14,Divorced,Prof-specialty,Not-in-family,White,Male,0,0,40,United-States
5543,40,Self-emp-inc,Assoc-acdm,12,Married-civ-spouse,Exec-managerial,Wife,White,Female,0,0,40,United-States
45874,45,Private,HS-grad,9,Divorced,Other-service,Not-in-family,White,Female,0,0,40,United-States
30563,43,Private,Bachelors,13,Divorced,Exec-managerial,Not-in-family,White,Female,0,0,40,United-States
16264,40,Private,HS-grad,9,Married-civ-spouse,Sales,Husband,White,Male,0,0,60,United-States
6643,46,Private,Assoc-acdm,12,Never-married,Adm-clerical,Not-in-family,White,Male,0,0,40,United-States
38773,50,Private,Bachelors,13,Widowed,Prof-specialty,Unmarried,White,Female,0,0,40,United-States
30121,44,Private,Some-college,10,Divorced,Adm-clerical,Unmarried,White,Female,0,0,57,United-States
25797,46,Private,Doctorate,16,Married-civ-spouse,Prof-specialty,Husband,White,Male,0,2415,55,United-States
43700,50,Self-emp-not-inc,HS-grad,9,Married-civ-spouse,Sales,Husband,White,Male,0,0,50,United-States
38541,49,Private,11th,7,Widowed,Craft-repair,Not-in-family,White,Male,2174,0,40,United-States
7251,49,Private,Some-college,10,Divorced,Craft-repair,Not-in-family,White,Female,0,0,40,United-States
11927,43,Private,Some-college,10,Divorced,Adm-clerical,Unmarried,White,Female,0,0,40,United-States
36241,50,Private,HS-grad,9,Divorced,Sales,Not-in-family,White,Female,0,0,40,United-States
1481,43,Self-emp-not-inc,HS-grad,9,Married-spouse-absent,Craft-repair,Not-in-family,White,Male,0,0,40,United-States
27636,44,Self-emp-inc,Bachelors,13,Married-civ-spouse,Exec-managerial,Husband,White,Male,99999,0,70,United-States
37159,47,?,Some-college,10,Divorced,?,Unmarried,White,Female,0,0,42,United-States
42883,41,Private,HS-grad,9,Never-married,Tech-support,Not-in-family,Black,Female,0,0,40,United-States
16623,42,Local-gov,Some-college,10,Divorced,Transport-moving,Not-in-family,White,Male,0,0,65,United-States
40128,41,?,HS-grad,9,Married-civ-spouse,?,Husband,White,Male,0,0,20,Canada
5179,41,Local-gov,HS-grad,9,Divorced,Transport-moving,Not-in-family,Black,Female,0,0,38,United-States
41340,46,Private,Some-college,10,Divorced,Prof-specialty,Not-in-family,Black,Female,0,0,40,United-States
6067,47,Local-gov,Some-college,10,Married-civ-spouse,Prof-specialty,Husband,Black,Male,7688,0,50,United-States
19223,48,Private,HS-grad,9,Separated,Adm-clerical,Unmarried,White,Female,914,0,40,United-States
38953,47,Self-emp-inc,HS-grad,9,Married-civ-spouse,Craft-repair,Husband,White,Male,0,0,60,United-States
7148,41,Private,Masters,14,Married-civ-spouse,Prof-specialty,Husband,White,Male,0,0,40,United-States
11093,40,Private,Bachelors,13,Married-civ-spouse,Prof-specialty,Husband,White,Male,0,0,40,United-States
35097,48,Private,Some-college,10,Separated,Craft-repair,Unmarried,White,Female,0,0,40,United-States
34996,46,Self-emp-inc,Bachelors,13,Married-civ-spouse,Exec-managerial,Husband,White,Male,0,0,10,United-States
31222,48,Private,Some-college,10,Married-civ-spouse,Craft-repair,Husband,White,Male,0,0,40,United-States
33726,50,Private,HS-grad,9,Divorced,Adm-clerical,Unmarried,White,Female,0,0,40,United-States
26208,40,Private,Bachelors,13,Married-civ-spouse,Prof-specialty,Husband,White,Male,0,0,44,United-States
8665,43,Federal-gov,Bachelors,13,Divorced,Adm-clerical,Unmarried,White,Female,0,0,40,United-States
44460,48,Private,Some-college,10,Divorced,Exec-managerial,Not-in-family,White,Female,0,0,40,United-States
19398,46,Private,Some-college,10,Divorced,Exec-managerial,Unmarried,White,Female,0,0,70,United-States
22411,40,Private,Some-college,10,Divorced,Transport-moving,Not-in-family,Black,Female,0,0,40,United-States
46298,41,Private,Bachelors,13,Married-civ-spouse,Exec-managerial,Husband,White,Male,0,0,50,United-States
7336,40,Private,Assoc-voc,11,Divorced,Craft-repair,Unmarried,White,Female,0,0,40,United-States
28547,42,Private,Some-college,10,Divorced,Adm-clerical,Unmarried,White,Female,0,0,35,United-States
24466,42,Private,Masters,14,Married-civ-spouse,Sales,Husband,White,Male,15024,0,50,?
29754,45,Self-emp-not-inc,Bachelors,13,Married-civ-spouse,Prof-specialty,Husband,White,Male,0,0,30,United-States
846,43,Private,Some-college,10,Divorced,Prof-specialty,Not-in-family,White,Male,0,0,40,United-States
42652,40,Private,Bachelors,13,Married-civ-spouse,Adm-clerical,Husband,Black,Male,0,0,60,United-States
45551,49,Private,7th-8th,4,Married-civ-spouse,Handlers-cleaners,Husband,White,Male,0,0,40,?
27352,46,Private,Assoc-voc,11,Divorced,Tech-support,Unmarried,Black,Female,0,625,40,United-States
33829,50,Private,HS-grad,9,Divorced,Priv-house-serv,Unmarried,Black,Female,0,0,12,United-States
45118,42,Private,9th,5,Never-married,Farming-fishing,Not-in-family,White,Male,0,0,40,Puerto-Rico
34338,46,Private,HS-grad,9,Divorced,Farming-fishing,Not-in-family,White,Male,0,0,50,United-States
7275,47,Self-emp-inc,HS-grad,9,Married-civ-spouse,Exec-managerial,Husband,White,Male,2885,0,32,United-States
27984,46,Private,HS-grad,9,Married-civ-spouse,Craft-repair,Husband,White,Male,0,0,50,United-States
29543,43,Private,Some-college,10,Divorced,Craft-repair,Unmarried,White,Male,0,0,42,United-States
20507,49,Private,HS-grad,9,Divorced,Machine-op-inspct,Other-relative,White,Female,0,0,55,United-States
35882,46,Federal-gov,HS-grad,9,Divorced,Exec-managerial,Not-in-family,White,Male,0,0,42,United-States
45651,40,Private,Doctorate,16,Married-civ-spouse,Exec-managerial,Husband,White,Male,0,0,40,United-States
45257,41,Private,Assoc-voc,11,Married-civ-spouse,Tech-support,Husband,White,Male,0,0,40,United-States
21871,49,Self-emp-not-inc,HS-grad,9,Divorced,Farming-fishing,Not-in-family,White,Female,0,0,28,United-States
5320,49,Private,Bachelors,13,Married-civ-spouse,Craft-repair,Husband,White,Male,0,0,40,United-States
48095,46,Private,HS-grad,9,Married-civ-spouse,Craft-repair,Husband,White,Male,0,0,42,United-States
40935,48,Private,Some-college,10,Married-civ-spouse,Exec-managerial,Husband,White,Male,0,0,45,United-States
5925,43,Private,Bachelors,13,Separated,Prof-specialty,Unmarried,White,Male,0,0,45,United-States
42566,46,Private,HS-grad,9,Married-civ-spouse,Sales,Husband,White,Male,0,0,68,United-States
25105,43,Private,HS-grad,9,Married-civ-spouse,Transport-moving,Husband,White,Male,0,0,70,United-States
28798,45,Private,HS-grad,9,Divorced,Other-service,Unmarried,White,Female,0,0,40,United-States
19307,49,Self-emp-not-inc,HS-grad,9,Divorced,Sales,Not-in-family,White,Male,0,0,40,United-States
2485,40,Private,Doctorate,16,Married-civ-spouse,Prof-specialty,Husband,White,Male,0,0,40,United-States
16270,50,Self-emp-not-inc,Prof-school,15,Married-civ-spouse,Prof-specialty,Husband,White,Male,0,0,50,United-States
39232,44,Self-emp-inc,Some-college,10,Married-civ-spouse,Exec-managerial,Husband,White,Male,0,0,60,United-States
195,41,Federal-gov,Bachelors,13,Married-civ-spouse,Tech-support,Husband,White,Male,0,0,24,United-States
16166,50,Private,HS-grad,9,Married-civ-spouse,Exec-managerial,Husband,Black,Male,0,1887,55,United-States
19275,45,Local-gov,Masters,14,Divorced,Prof-specialty,Unmarried,Black,Female,0,0,40,United-States
25967,50,Self-emp-inc,Masters,14,Married-civ-spouse,Prof-specialty,Husband,White,Male,0,0,55,United-States
44968,42,Self-emp-not-inc,Bachelors,13,Divorced,Prof-specialty,Unmarried,White,Female,0,0,30,United-States
16812,46,Local-gov,Bachelors,13,Married-civ-spouse,Prof-specialty,Wife,White,Female,0,0,40,United-States
16833,49,Private,Bachelors,13,Married-civ-spouse,Exec-managerial,Husband,White,Male,0,0,55,United-States
35927,42,Self-emp-inc,Bachelors,13,Never-married,Prof-specialty,Not-in-family,White,Male,0,0,40,United-States
21949,45,Private,9th,5,Never-married,Other-service,Not-in-family,White,Female,0,0,15,United-States
10850,45,Private,Bachelors,13,Married-civ-spouse,Exec-managerial,Husband,White,Male,0,0,38,United-States
21957,48,State-gov,HS-grad,9,Married-civ-spouse,Adm-clerical,Husband,White,Male,0,0,35,United-States
6736,44,State-gov,Masters,14,Married-civ-spouse,Prof-specialty,Husband,White,Male,0,0,40,United-States
8395,41,Self-emp-not-inc,HS-grad,9,Married-civ-spouse,Exec-managerial,Husband,White,Male,0,0,40,United-States
20293,40,Private,Bachelors,13,Married-civ-spouse,Other-service,Wife,Asian-Pac-Islander,Female,7688,0,52,Japan
17563,46,Private,Bachelors,13,Divorced,Prof-specialty,Unmarried,White,Female,0,0,40,United-States
28245,43,Private,Bachelors,13,Separated,Exec-managerial,Unmarried,White,Male,8614,0,40,United-States
30756,50,Local-gov,HS-grad,9,Widowed,Transport-moving,Unmarried,White,Female,0,0,40,United-States
620,46,Private,Prof-school,15,Married-civ-spouse,Prof-specialty,Husband,White,Male,15024,0,45,United-States
32202,49,?,HS-grad,9,Married-civ-spouse,?,Wife,White,Female,0,0,60,United-States
8468,44,State-gov,Masters,14,Married-civ-spouse,Prof-specialty,Husband,White,Male,0,0,40,United-States
46970,50,State-gov,HS-grad,9,Never-married,Adm-clerical,Not-in-family,White,Female,0,0,37,United-States
7092,45,Private,Some-college,10,Divorced,Other-service,Unmarried,Black,Female,0,0,40,United-States
20119,44,Private,Some-college,10,Divorced,Craft-repair,Not-in-family,White,Male,0,0,55,United-States
48662,47,State-gov,Bachelors,13,Married-civ-spouse,Adm-clerical,Husband,White,Male,0,0,80,United-States
24290,43,State-gov,Some-college,10,Divorced,Adm-clerical,Not-in-family,Black,Male,0,0,50,United-States
28974,46,State-gov,Some-college,10,Divorced,Protective-serv,Unmarried,Amer-Indian-Eskimo,Female,0,0,40,United-States
3055,42,Self-emp-not-inc,HS-grad,9,Married-civ-spouse,Exec-managerial,Husband,White,Male,0,0,50,United-States
36519,50,Federal-gov,HS-grad,9,Never-married,Adm-clerical,Own-child,White,Male,0,0,40,United-States
10097,42,Self-emp-not-inc,Bachelors,13,Married-civ-spouse,Prof-specialty,Husband,White,Male,0,0,21,United-States
43892,42,Self-emp-not-inc,Masters,14,Divorced,Prof-specialty,Not-in-family,White,Female,0,0,32,United-States
9847,43,Self-emp-not-inc,Some-college,10,Never-married,Transport-moving,Not-in-family,Black,Male,0,0,30,United-States
9151,47,Federal-gov,HS-grad,9,Married-civ-spouse,Craft-repair,Husband,White,Male,0,0,40,United-States
1624,44,Private,Some-college,10,Married-civ-spouse,Exec-managerial,Husband,White,Male,0,0,40,United-States
22848,42,Private,Some-college,10,Married-civ-spouse,Sales,Husband,White,Male,0,1887,50,United-States
27341,40,Private,Some-college,10,Divorced,Craft-repair,Not-in-family,White,Male,0,0,60,United-States
2993,49,Private,Assoc-voc,11,Never-married,Exec-managerial,Unmarried,White,Female,0,0,35,Columbia
37844,45,Private,Masters,14,Divorced,Adm-clerical,Unmarried,White,Female,0,0,40,United-States
22001,46,Self-emp-not-inc,Prof-school,15,Married-civ-spouse,Prof-specialty,Husband,White,Male,0,2415,80,United-States
25349,46,Private,Bachelors,13,Married-civ-spouse,Exec-managerial,Husband,White,Male,0,0,51,United-States
21292,47,Self-emp-inc,Bachelors,13,Married-civ-spouse,Sales,Husband,White,Male,0,0,40,United-States
19386,40,Self-emp-not-inc,HS-grad,9,Married-civ-spouse,Craft-repair,Husband,White,Male,0,0,30,United-States
27076,40,Self-emp-not-inc,Bachelors,13,Married-AF-spouse,Prof-specialty,Husband,White,Male,7298,0,50,United-States
7400,42,Local-gov,Masters,14,Never-married,Prof-specialty,Not-in-family,White,Male,0,0,22,United-States
8692,48,Local-gov,HS-grad,9,Married-civ-spouse,Craft-repair,Husband,White,Male,0,0,40,United-States
42105,50,Private,7th-8th,4,Never-married,Machine-op-inspct,Not-in-family,White,Male,0,0,50,United-States
46232,42,Private,Some-college,10,Married-civ-spouse,Sales,Husband,White,Male,0,0,50,United-States
18067,46,Private,Some-college,10,Married-civ-spouse,Transport-moving,Husband,White,Male,3103,0,40,United-States
13025,43,Private,11th,7,Married-civ-spouse,Handlers-cleaners,Wife,White,Female,0,0,25,United-States
31345,45,Private,Some-college,10,Never-married,Other-service,Not-in-family,White,Male,0,0,40,United-States
19774,49,Self-emp-not-inc,Some-college,10,Married-civ-spouse,Exec-managerial,Husband,White,Male,0,0,40,United-States
7460,40,Private,HS-grad,9,Never-married,Adm-clerical,Unmarried,Black,Female,0,0,35,United-States
34776,42,Private,HS-grad,9,Divorced,Priv-house-serv,Unmarried,White,Female,0,0,60,Columbia
32022,46,Private,Assoc-acdm,12,Married-civ-spouse,Transport-moving,Husband,Other,Male,0,0,36,United-States
1228,42,Self-emp-not-inc,Some-college,10,Married-civ-spouse,Farming-fishing,Husband,White,Male,0,0,60,United-States
10713,46,Federal-gov,HS-grad,9,Never-married,Adm-clerical,Not-in-family,Amer-Indian-Eskimo,Male,0,0,40,United-States
11172,46,Private,HS-grad,9,Married-civ-spouse,Machine-op-inspct,Husband,White,Male,0,1887,40,United-States
32627,41,Private,Bachelors,13,Never-married,Other-service,Not-in-family,White,Female,0,0,40,?
938,41,Private,Prof-school,15,Married-civ-spouse,Prof-specialty,Husband,White,Male,0,2415,40,United-States
4909,44,Local-gov,Assoc-voc,11,Married-civ-spouse,Craft-repair,Husband,White,Male,0,0,40,United-States
39101,47,Private,HS-grad,9,Never-married,Exec-managerial,Own-child,White,Male,0,0,41,United-States
8496,47,Self-emp-not-inc,Doctorate,16,Married-civ-spouse,Craft-repair,Husband,White,Male,0,0,50,United-States
31748,42,Private,Bachelors,13,Divorced,Exec-managerial,Not-in-family,White,Female,0,0,55,United-States
11514,47,Private,Bachelors,13,Married-civ-spouse,Prof-specialty,Husband,White,Male,0,0,60,United-States
4667,45,Private,HS-grad,9,Married-civ-spouse,Prof-specialty,Husband,Amer-Indian-Eskimo,Male,0,0,8,United-States
11727,40,Private,Assoc-acdm,12,Married-civ-spouse,Exec-managerial,Husband,White,Male,0,0,40,United-States
35100,47,Federal-gov,Some-college,10,Divorced,Adm-clerical,Not-in-family,White,Female,0,0,25,United-States
41769,46,Private,Some-college,10,Divorced,Machine-op-inspct,Not-in-family,White,Male,0,0,40,United-States
40546,41,Private,Bachelors,13,Married-civ-spouse,Exec-managerial,Husband,White,Male,0,1887,50,United-States
19215,41,Private,Bachelors,13,Married-civ-spouse,Prof-specialty,Husband,White,Male,0,0,40,United-States
32400,42,Private,Bachelors,13,Married-civ-spouse,Sales,Husband,White,Male,7298,0,40,United-States
9843,46,Self-emp-inc,Bachelors,13,Married-civ-spouse,Sales,Husband,White,Male,0,0,70,United-States
14031,40,Private,Some-college,10,Married-civ-spouse,Sales,Husband,White,Male,0,0,60,Puerto-Rico
43812,47,Private,Prof-school,15,Married-civ-spouse,Prof-specialty,Husband,White,Male,0,1977,60,United-States
618,50,Self-emp-not-inc,HS-grad,9,Married-civ-spouse,Exec-managerial,Husband,White,Male,0,0,32,United-States
3954,44,Private,Some-college,10,Married-civ-spouse,Transport-moving,Husband,Black,Male,0,0,40,United-States
9993,44,Private,HS-grad,9,Divorced,Machine-op-inspct,Own-child,Black,Female,0,0,40,United-States
8653,44,Private,Bachelors,13,Divorced,Adm-clerical,Unmarried,White,Female,0,0,32,United-States
28346,46,Private,HS-grad,9,Divorced,Adm-clerical,Not-in-family,White,Female,0,0,44,United-States
20387,40,Private,Masters,14,Married-civ-spouse,Prof-specialty,Husband,White,Male,7688,0,40,United-States
43628,50,Private,Some-college,10,Married-civ-spouse,Other-service,Husband,White,Male,0,0,33,United-States
39926,46,Self-emp-inc,Bachelors,13,Married-civ-spouse,Prof-specialty,Husband,White,Male,0,1977,60,United-States
16608,40,Private,Bachelors,13,Married-civ-spouse,Sales,Husband,White,Male,0,0,45,United-States
12482,44,Private,HS-grad,9,Never-married,Other-service,Other-relative,Black,Male,0,0,32,United-States
18355,45,Private,HS-grad,9,Widowed,Sales,Unmarried,White,Female,0,0,45,United-States
28743,41,Private,12th,8,Divorced,Adm-clerical,Not-in-family,Amer-Indian-Eskimo,Male,0,0,40,United-States
12864,44,Federal-gov,HS-grad,9,Never-married,Craft-repair,Own-child,Black,Female,0,0,40,United-States
30373,48,Private,HS-grad,9,Married-civ-spouse,Craft-repair,Husband,White,Male,0,0,40,United-States
19807,42,Private,HS-grad,9,Divorced,Machine-op-inspct,Not-in-family,Black,Male,0,0,40,United-States
26680,41,Private,7th-8th,4,Married-civ-spouse,Exec-managerial,Husband,White,Male,0,0,60,United-States
21077,45,Federal-gov,Assoc-acdm,12,Never-married,Adm-clerical,Not-in-family,White,Male,0,0,40,Columbia
46351,40,Private,11th,7,Married-civ-spouse,Craft-repair,Husband,White,Male,0,0,50,United-States
37224,50,?,HS-grad,9,Separated,?,Unmarried,Asian-Pac-Islander,Female,0,0,40,Philippines
42474,47,Private,HS-grad,9,Married-civ-spouse,Transport-moving,Husband,White,Male,0,0,85,United-States
23614,44,Private,Bachelors,13,Married-civ-spouse,Exec-managerial,Husband,White,Male,0,0,40,United-States
43727,47,Private,Masters,14,Married-civ-spouse,Tech-support,Husband,White,Male,0,0,40,United-States
39097,46,Private,Assoc-acdm,12,Married-civ-spouse,Exec-managerial,Husband,White,Male,0,0,60,United-States
20562,43,Private,HS-grad,9,Married-civ-spouse,Other-service,Husband,Asian-Pac-Islander,Male,2829,0,60,China
1029,48,Private,10th,6,Married-civ-spouse,Adm-clerical,Wife,White,Female,0,0,40,United-States
12899,48,Private,HS-grad,9,Married-civ-spouse,Other-service,Husband,White,Male,0,0,40,Mexico
26162,49,State-gov,Bachelors,13,Married-civ-spouse,Prof-specialty,Husband,White,Male,0,0,50,United-States
12399,43,Local-gov,Masters,14,Divorced,Prof-specialty,Unmarried,White,Female,0,0,40,United-States
6644,43,Private,Bachelors,13,Divorced,Prof-specialty,Not-in-family,White,Male,0,0,40,United-States
40746,49,Private,Bachelors,13,Married-civ-spouse,Exec-managerial,Husband,White,Male,0,0,40,United-States
48067,41,Self-emp-inc,10th,6,Married-civ-spouse,Exec-managerial,Husband,White,Male,0,0,50,United-States
25408,41,Private,9th,5,Divorced,Other-service,Other-relative,White,Female,0,0,35,United-States
8189,43,Private,Some-college,10,Married-civ-spouse,Adm-clerical,Husband,White,Male,5013,0,40,United-States
13096,42,?,Masters,14,Married-civ-spouse,?,Husband,White,Male,0,0,50,United-States
860,49,Private,Bachelors,13,Never-married,Exec-managerial,Not-in-family,White,Female,0,0,56,United-States
44706,42,Self-emp-not-inc,HS-grad,9,Married-civ-spouse,Farming-fishing,Husband,White,Male,0,0,50,United-States
5582,44,Private,HS-grad,9,Married-civ-spouse,Craft-repair,Husband,White,Male,0,0,40,United-States
27987,40,Private,HS-grad,9,Married-civ-spouse,Machine-op-inspct,Husband,White,Male,0,0,55,United-States
13150,47,Private,HS-grad,9,Divorced,Sales,Unmarried,White,Female,0,0,45,United-States
26782,42,Private,HS-grad,9,Married-civ-spouse,Other-service,Wife,Black,Female,0,0,35,United-States
31693,48,Private,Some-college,10,Never-married,Other-service,Unmarried,Black,Female,0,0,40,United-States
40533,42,Private,HS-grad,9,Married-civ-spouse,Transport-moving,Husband,White,Male,7298,0,40,United-States
9922,44,Private,HS-grad,9,Divorced,Craft-repair,Not-in-family,White,Male,0,0,40,United-States
491,40,Private,HS-grad,9,Never-married,Other-service,Not-in-family,White,Female,0,0,35,United-States
6539,44,Self-emp-not-inc,Some-college,10,Divorced,Machine-op-inspct,Not-in-family,White,Male,0,2205,35,United-States
44015,46,Private,HS-grad,9,Divorced,Craft-repair,Not-in-family,White,Male,0,0,40,United-States
42735,48,Private,Some-college,10,Divorced,Sales,Not-in-family,White,Female,0,0,16,United-States
29049,48,Private,Some-college,10,Divorced,Exec-managerial,Not-in-family,White,Female,0,0,40,United-States
29229,50,Private,Some-college,10,Married-civ-spouse,Craft-repair,Husband,White,Male,0,0,48,United-States
32257,41,Private,Doctorate,16,Never-married,Machine-op-inspct,Not-in-family,White,Female,0,0,40,United-States
8359,42,Private,HS-grad,9,Divorced,Other-service,Unmarried,White,Female,0,0,30,United-States
44708,46,Private,Bachelors,13,Married-civ-spouse,Farming-fishing,Husband,White,Male,0,0,40,United-States
20290,40,Private,9th,5,Never-married,Craft-repair,Other-relative,Black,Male,0,0,49,United-States
18538,44,Private,9th,5,Never-married,Machine-op-inspct,Not-in-family,White,Male,0,0,40,United-States
25108,43,State-gov,HS-grad,9,Married-civ-spouse,Prof-specialty,Husband,White,Male,0,0,40,United-States
2112,46,Private,Some-college,10,Separated,Adm-clerical,Unmarried,White,Female,0,0,40,United-States
7953,48,Private,Bachelors,13,Divorced,Prof-specialty,Not-in-family,Black,Female,0,0,40,United-States
35954,46,Private,Bachelors,13,Separated,Prof-specialty,Unmarried,White,Female,0,0,42,United-States
3832,48,Private,Bachelors,13,Married-civ-spouse,Prof-specialty,Husband,White,Male,0,1485,40,United-States
29364,46,Self-emp-inc,Prof-school,15,Married-civ-spouse,Prof-specialty,Husband,White,Male,15024,0,60,United-States
11818,40,Private,HS-grad,9,Divorced,Adm-clerical,Unmarried,White,Female,0,0,50,United-States
18883,43,Private,Prof-school,15,Married-civ-spouse,Prof-specialty,Husband,White,Male,99999,0,60,United-States
17208,50,Private,Some-college,10,Married-civ-spouse,Sales,Husband,Asian-Pac-Islander,Male,0,0,50,United-States
34937,47,Private,Bachelors,13,Never-married,Exec-managerial,Not-in-family,White,Female,0,0,50,United-States
14247,42,Self-emp-inc,1st-4th,2,Married-civ-spouse,Sales,Husband,White,Male,0,0,60,?
27393,43,Private,Bachelors,13,Divorced,Sales,Not-in-family,White,Female,0,0,50,United-States
23071,44,Self-emp-not-inc,5th-6th,3,Married-civ-spouse,Craft-repair,Husband,White,Male,0,0,40,United-States
32213,45,Private,Assoc-voc,11,Divorced,Handlers-cleaners,Not-in-family,White,Female,0,0,40,United-States
45746,44,Private,Assoc-acdm,12,Married-civ-spouse,Sales,Husband,White,Male,0,0,40,United-States
35660,42,Private,HS-grad,9,Divorced,Adm-clerical,Unmarried,White,Female,0,0,40,United-States
10368,42,Private,Some-college,10,Married-civ-spouse,Prof-specialty,Husband,White,Male,0,0,40,United-States
1403,50,Private,HS-grad,9,Divorced,Adm-clerical,Not-in-family,White,Female,0,0,40,United-States
12617,49,Private,5th-6th,3,Married-civ-spouse,Craft-repair,Husband,White,Male,0,0,40,United-States
28951,43,State-gov,Some-college,10,Divorced,Adm-clerical,Unmarried,White,Female,0,0,40,United-States
23980,44,Private,Some-college,10,Married-civ-spouse,Prof-specialty,Husband,White,Male,0,0,40,United-States
29029,48,Private,Some-college,10,Married-civ-spouse,Handlers-cleaners,Husband,White,Male,0,0,40,United-States
16216,48,Private,HS-grad,9,Never-married,Handlers-cleaners,Not-in-family,White,Male,0,0,40,United-States
37656,44,Private,Bachelors,13,Never-married,Prof-specialty,Not-in-family,White,Male,27828,0,40,United-States
4998,47,Self-emp-inc,HS-grad,9,Married-civ-spouse,Craft-repair,Husband,White,Male,0,0,40,United-States
3389,46,Self-emp-not-inc,Bachelors,13,Married-civ-spouse,Farming-fishing,Husband,White,Male,0,0,40,United-States
35427,46,Private,HS-grad,9,Separated,Craft-repair,Not-in-family,White,Male,0,0,2,Italy
23931,42,Private,Bachelors,13,Divorced,Exec-managerial,Unmarried,White,Female,0,0,45,United-States
33450,47,Federal-gov,Some-college,10,Divorced,Adm-clerical,Not-in-family,White,Male,0,1876,40,United-States
21003,42,Private,Bachelors,13,Married-civ-spouse,Prof-specialty,Husband,White,Male,5013,0,40,United-States
11853,50,Self-emp-not-inc,Masters,14,Married-civ-spouse,Prof-specialty,Wife,White,Female,0,0,40,Canada
40025,41,Self-emp-not-inc,Some-college,10,Never-married,Craft-repair,Not-in-family,White,Male,0,0,40,United-States
33748,44,Private,1st-4th,2,Married-civ-spouse,Transport-moving,Wife,White,Female,3908,0,60,United-States
13093,46,Local-gov,Bachelors,13,Married-civ-spouse,Protective-serv,Husband,White,Male,0,0,40,United-States
28735,41,Local-gov,Assoc-acdm,12,Separated,Craft-repair,Not-in-family,White,Male,0,0,50,United-States
17466,43,Private,HS-grad,9,Married-civ-spouse,Machine-op-inspct,Wife,White,Female,0,0,40,Nicaragua
4280,46,Private,HS-grad,9,Divorced,Prof-specialty,Unmarried,White,Female,0,0,40,United-States
44830,43,Private,Bachelors,13,Married-civ-spouse,Exec-managerial,Husband,Black,Male,0,1977,40,United-States
6533,49,Private,Some-college,10,Married-civ-spouse,Craft-repair,Husband,White,Male,0,0,50,Canada
46436,41,Private,Assoc-voc,11,Married-civ-spouse,Craft-repair,Husband,White,Male,0,0,40,United-States
21567,44,Federal-gov,Assoc-voc,11,Married-civ-spouse,Protective-serv,Husband,White,Male,7298,0,48,United-States
8858,46,Private,Bachelors,13,Never-married,Exec-managerial,Not-in-family,White,Male,0,0,55,United-States
26174,42,State-gov,Masters,14,Married-civ-spouse,Adm-clerical,Husband,Amer-Indian-Eskimo,Male,0,0,40,United-States
42695,47,Private,Bachelors,13,Married-civ-spouse,Exec-managerial,Husband,White,Male,0,0,60,United-States
35630,44,Private,12th,8,Divorced,Machine-op-inspct,Unmarried,Asian-Pac-Islander,Female,0,0,40,South
39401,47,?,Some-college,10,Married-civ-spouse,?,Wife,White,Female,0,0,8,United-States
32018,50,Private,Masters,14,Divorced,Prof-specialty,Not-in-family,White,Female,0,0,35,United-States
33649,48,Private,10th,6,Married-civ-spouse,Transport-moving,Husband,White,Male,0,0,70,United-States
11972,46,Private,HS-grad,9,Married-civ-spouse,Transport-moving,Husband,White,Male,0,0,40,United-States
10669,44,State-gov,Bachelors,13,Married-civ-spouse,Adm-clerical,Husband,White,Male,5013,0,40,United-States
48232,48,Private,1st-4th,2,Separated,Machine-op-inspct,Other-relative,Black,Male,0,0,48,United-States
46118,41,Private,HS-grad,9,Married-civ-spouse,Transport-moving,Husband,Black,Male,0,0,40,United-States
1732,46,Private,Some-college,10,Never-married,Exec-managerial,Not-in-family,Black,Male,0,0,40,United-States
34266,41,Self-emp-not-inc,Bachelors,13,Never-married,Exec-managerial,Not-in-family,White,Male,0,0,40,United-States
45239,46,Local-gov,Bachelors,13,Divorced,Craft-repair,Not-in-family,White,Male,0,0,40,United-States
8594,40,Local-gov,HS-grad,9,Never-married,Other-service,Own-child,White,Male,0,0,40,United-States
27507,44,Private,Bachelors,13,Never-married,Other-service,Not-in-family,White,Male,0,0,48,United-States
44738,50,State-gov,9th,5,Married-civ-spouse,Prof-specialty,Husband,White,Male,0,2002,40,United-States
1510,42,State-gov,Some-college,10,Married-civ-spouse,Adm-clerical,Husband,Black,Male,0,0,40,United-States
33877,42,Private,Assoc-acdm,12,Never-married,Adm-clerical,Not-in-family,White,Male,0,0,46,United-States
14266,47,Private,11th,7,Married-civ-spouse,Craft-repair,Husband,White,Male,7298,0,40,United-States
45202,40,Federal-gov,HS-grad,9,Married-civ-spouse,Adm-clerical,Husband,White,Male,7298,0,50,United-States
47443,43,Private,11th,7,Never-married,Other-service,Not-in-family,Black,Male,0,0,40,United-States
46140,41,Private,HS-grad,9,Divorced,Handlers-cleaners,Unmarried,White,Female,0,0,60,United-States
22970,44,State-gov,Prof-school,15,Married-civ-spouse,Prof-specialty,Husband,White,Male,15024,0,75,United-States
42124,50,Private,Masters,14,Married-civ-spouse,Sales,Husband,White,Male,0,0,60,United-States
41227,46,Self-emp-not-inc,10th,6,Married-civ-spouse,Farming-fishing,Husband,White,Male,0,0,99,United-States
15454,47,State-gov,HS-grad,9,Married-civ-spouse,Adm-clerical,Wife,White,Female,0,0,40,United-States
40491,41,State-gov,Masters,14,Married-civ-spouse,Exec-managerial,Wife,Black,Female,0,0,40,United-States
1655,41,Private,HS-grad,9,Married-civ-spouse,Craft-repair,Husband,Black,Male,0,0,40,United-States
28996,46,Private,HS-grad,9,Married-civ-spouse,Machine-op-inspct,Husband,Asian-Pac-Islander,Male,0,0,40,Cambodia
11121,41,Federal-gov,HS-grad,9,Never-married,Adm-clerical,Not-in-family,White,Female,0,1980,40,United-States
5722,40,Private,HS-grad,9,Divorced,Craft-repair,Unmarried,White,Male,0,0,40,United-States
3455,49,Local-gov,Bachelors,13,Divorced,Prof-specialty,Unmarried,Black,Female,0,0,40,United-States
33804,42,Private,9th,5,Divorced,Other-service,Unmarried,White,Female,0,0,40,United-States
16508,44,Private,HS-grad,9,Married-civ-spouse,Machine-op-inspct,Husband,White,Male,0,0,40,United-States
35209,42,Private,Bachelors,13,Divorced,Other-service,Unmarried,White,Male,0,0,60,United-States
2980,40,State-gov,Some-college,10,Divorced,Adm-clerical,Unmarried,Black,Female,0,0,35,United-States
15242,40,Private,12th,8,Divorced,Craft-repair,Not-in-family,White,Male,0,0,40,United-States
26075,47,Self-emp-inc,Bachelors,13,Married-civ-spouse,Exec-managerial,Husband,White,Male,0,0,50,Cuba
38633,49,Local-gov,HS-grad,9,Married-civ-spouse,Machine-op-inspct,Husband,White,Male,0,2179,40,United-States
15419,48,Private,Bachelors,13,Married-civ-spouse,Exec-managerial,Husband,White,Male,0,0,45,United-States
30460,42,Private,5th-6th,3,Married-civ-spouse,Craft-repair,Husband,White,Male,0,0,60,United-States
43343,41,Private,10th,6,Married-civ-spouse,Adm-clerical,Wife,White,Female,0,0,30,United-States
11243,50,Local-gov,Some-college,10,Married-civ-spouse,Farming-fishing,Husband,White,Male,0,0,40,Mexico
1118,41,Private,HS-grad,9,Married-civ-spouse,Transport-moving,Husband,White,Male,0,0,50,United-States
42571,44,Self-emp-not-inc,Assoc-acdm,12,Never-married,Sales,Own-child,White,Male,0,0,50,United-States
992,41,Private,Assoc-voc,11,Married-civ-spouse,Machine-op-inspct,Husband,White,Male,0,0,40,United-States
42770,44,Private,Doctorate,16,Married-civ-spouse,Prof-specialty,Husband,White,Male,0,0,50,United-States
25576,47,Self-emp-not-inc,HS-grad,9,Married-civ-spouse,Exec-managerial,Husband,White,Male,0,0,50,United-States
45844,46,Private,Bachelors,13,Never-married,Exec-managerial,Not-in-family,Asian-Pac-Islander,Male,0,0,40,Philippines
39038,47,Private,11th,7,Divorced,Sales,Unmarried,White,Female,0,0,28,United-States
48714,47,Local-gov,HS-grad,9,Married-civ-spouse,Exec-managerial,Husband,White,Male,0,0,40,United-States
16990,50,Private,Masters,14,Married-civ-spouse,Prof-specialty,Husband,White,Male,0,0,40,United-States
37442,48,Private,Some-college,10,Married-civ-spouse,Exec-managerial,Husband,White,Male,0,0,50,United-States
19443,44,Local-gov,Assoc-acdm,12,Married-civ-spouse,Prof-specialty,Husband,White,Male,0,0,48,United-States
23220,43,Private,HS-grad,9,Never-married,Prof-specialty,Not-in-family,White,Male,4650,0,40,United-States
30547,47,Private,Some-college,10,Married-civ-spouse,Exec-managerial,Husband,White,Male,0,0,40,United-States
42724,40,Self-emp-not-inc,5th-6th,3,Married-civ-spouse,Farming-fishing,Husband,White,Male,0,0,10,Mexico
48054,49,Private,HS-grad,9,Married-civ-spouse,Machine-op-inspct,Husband,White,Male,5178,0,40,United-States
37513,42,Private,HS-grad,9,Married-civ-spouse,Craft-repair,Husband,White,Male,0,0,50,Portugal
20256,49,Private,Bachelors,13,Married-civ-spouse,Exec-managerial,Husband,White,Male,0,0,50,United-States
20378,47,Private,Some-college,10,Married-civ-spouse,Exec-managerial,Husband,White,Male,0,0,40,United-States
35932,40,Private,HS-grad,9,Married-civ-spouse,Transport-moving,Husband,Black,Male,0,0,50,United-States
11526,43,Private,Masters,14,Divorced,Exec-managerial,Unmarried,White,Female,0,2547,40,United-States
5170,41,Self-emp-not-inc,HS-grad,9,Married-civ-spouse,Farming-fishing,Husband,White,Male,7688,0,40,United-States
17166,44,Self-emp-inc,Some-college,10,Married-civ-spouse,Exec-managerial,Husband,White,Male,0,0,80,United-States
13784,47,Private,Some-college,10,Divorced,Adm-clerical,Other-relative,White,Female,0,0,40,United-States
14233,47,Private,Some-college,10,Married-civ-spouse,Transport-moving,Husband,White,Male,0,0,50,United-States
11286,45,Private,HS-grad,9,Married-spouse-absent,Craft-repair,Not-in-family,White,Male,0,0,72,Mexico
1834,42,State-gov,Masters,14,Divorced,Prof-specialty,Not-in-family,White,Female,0,0,38,United-States
831,42,?,11th,7,Married-civ-spouse,?,Husband,White,Male,0,0,15,United-States
20674,44,Private,12th,8,Divorced,Machine-op-inspct,Unmarried,White,Female,0,0,40,United-States
18630,43,Self-emp-not-inc,Bachelors,13,Married-civ-spouse,Prof-specialty,Wife,White,Female,0,0,35,United-States
33000,45,Self-emp-not-inc,HS-grad,9,Married-civ-spouse,Exec-managerial,Husband,White,Male,0,0,60,United-States
10536,49,State-gov,Bachelors,13,Married-civ-spouse,Prof-specialty,Husband,White,Male,0,0,42,United-States
46407,45,Private,Assoc-voc,11,Married-civ-spouse,Craft-repair,Husband,White,Male,0,0,40,United-States
38406,43,Private,Some-college,10,Divorced,Tech-support,Not-in-family,White,Male,0,0,45,United-States
4154,47,Self-emp-inc,Bachelors,13,Never-married,Sales,Not-in-family,White,Male,3325,0,60,United-States
20246,41,State-gov,HS-grad,9,Divorced,Exec-managerial,Not-in-family,White,Female,0,0,40,United-States
42995,42,Private,7th-8th,4,Married-civ-spouse,Handlers-cleaners,Husband,White,Male,0,0,99,United-States
22600,47,Federal-gov,HS-grad,9,Married-civ-spouse,Adm-clerical,Husband,White,Male,0,0,70,United-States
7984,50,Private,HS-grad,9,Married-civ-spouse,Tech-support,Husband,White,Male,0,1848,40,United-States
48402,50,Self-emp-inc,Some-college,10,Married-civ-spouse,Exec-managerial,Husband,White,Male,7298,0,45,United-States
11186,46,Private,Bachelors,13,Married-civ-spouse,Exec-managerial,Husband,White,Male,0,1902,50,United-States
46038,46,Private,7th-8th,4,Married-civ-spouse,Sales,Wife,White,Female,0,0,30,United-States
29577,45,Self-emp-not-inc,Bachelors,13,Married-civ-spouse,Transport-moving,Husband,White,Male,0,0,40,United-States
24807,42,Self-emp-not-inc,Some-college,10,Married-civ-spouse,Craft-repair,Husband,White,Male,0,0,45,United-States
11142,45,Private,HS-grad,9,Separated,Craft-repair,Unmarried,Black,Female,0,0,40,United-States
8397,45,Private,HS-grad,9,Married-civ-spouse,Craft-repair,Husband,White,Male,0,0,45,United-States
10648,42,Local-gov,Doctorate,16,Married-civ-spouse,Exec-managerial,Husband,White,Male,0,0,43,?
8904,40,Self-emp-inc,Bachelors,13,Married-civ-spouse,Sales,Husband,White,Male,0,0,40,?
38061,43,Private,Some-college,10,Married-civ-spouse,Exec-managerial,Husband,Black,Male,0,0,40,United-States
16967,47,?,7th-8th,4,Married-civ-spouse,?,Husband,White,Male,0,0,10,United-States
2646,46,Private,Some-college,10,Married-civ-spouse,Craft-repair,Husband,White,Male,0,0,40,United-States
47360,42,Federal-gov,Assoc-voc,11,Divorced,Exec-managerial,Unmarried,White,Male,0,323,40,United-States
43207,40,Private,Assoc-voc,11,Divorced,Sales,Not-in-family,White,Male,13550,0,50,United-States
45337,40,Local-gov,Bachelors,13,Married-civ-spouse,Prof-specialty,Husband,White,Male,0,2051,30,United-States
48589,44,Private,10th,6,Married-civ-spouse,Machine-op-inspct,Husband,White,Male,0,0,40,Greece
8288,46,Private,5th-6th,3,Separated,Handlers-cleaners,Not-in-family,White,Male,0,0,50,Mexico
19163,44,Private,9th,5,Married-civ-spouse,Machine-op-inspct,Husband,Black,Male,0,0,40,United-States
36955,46,Local-gov,Masters,14,Never-married,Prof-specialty,Not-in-family,White,Female,0,1564,45,United-States
7348,46,Local-gov,Bachelors,13,Divorced,Adm-clerical,Not-in-family,White,Female,99999,0,40,United-States
39836,50,Private,HS-grad,9,Married-civ-spouse,Sales,Wife,Black,Female,0,1485,37,United-States
10842,50,Private,HS-grad,9,Married-civ-spouse,Craft-repair,Husband,White,Male,0,0,2,United-States
10815,44,Private,Bachelors,13,Married-civ-spouse,Exec-managerial,Husband,White,Male,0,0,40,United-States
25948,42,Private,HS-grad,9,Married-civ-spouse,Machine-op-inspct,Wife,White,Female,0,0,40,United-States
28866,47,Private,Bachelors,13,Married-civ-spouse,Exec-managerial,Husband,White,Male,15024,0,50,United-States
28220,44,Private,Some-college,10,Widowed,Exec-managerial,Not-in-family,Black,Female,0,0,40,United-States
4276,44,Private,Some-college,10,Married-civ-spouse,Handlers-cleaners,Husband,White,Male,0,0,40,United-States
12753,42,Private,HS-grad,9,Married-civ-spouse,Craft-repair,Husband,White,Male,0,0,50,United-States
6187,43,Private,Bachelors,13,Married-civ-spouse,Other-service,Wife,White,Female,0,0,35,?
43462,49,Private,HS-grad,9,Married-civ-spouse,Other-service,Husband,White,Male,0,0,40,United-States
46704,47,Private,Some-college,10,Married-civ-spouse,Craft-repair,Husband,White,Male,0,0,43,United-States
42126,41,Self-emp-inc,Bachelors,13,Married-civ-spouse,Sales,Husband,White,Male,0,0,40,United-States
39518,41,Private,Some-college,10,Married-civ-spouse,Exec-managerial,Husband,White,Male,0,1902,40,United-States
31885,41,Self-emp-inc,Masters,14,Married-civ-spouse,Exec-managerial,Husband,White,Male,0,0,50,United-States
26612,45,Local-gov,Masters,14,Never-married,Prof-specialty,Not-in-family,White,Female,0,0,40,United-States
4009,40,Private,HS-grad,9,Married-civ-spouse,Handlers-cleaners,Husband,White,Male,0,0,40,United-States
19747,41,Private,HS-grad,9,Married-civ-spouse,Farming-fishing,Husband,White,Male,0,0,40,United-States
18032,44,Private,HS-grad,9,Divorced,Adm-clerical,Not-in-family,Asian-Pac-Islander,Female,0,0,40,Vietnam
12513,46,Private,Some-college,10,Married-civ-spouse,Machine-op-inspct,Husband,White,Male,0,1628,40,United-States
35145,47,Self-emp-not-inc,HS-grad,9,Married-civ-spouse,Farming-fishing,Husband,White,Male,3103,0,60,United-States
23968,46,Private,HS-grad,9,Married-civ-spouse,Exec-managerial,Wife,White,Female,0,0,28,United-States
3714,41,Private,HS-grad,9,Divorced,Protective-serv,Own-child,White,Male,0,0,40,United-States
10638,45,Private,Bachelors,13,Married-civ-spouse,Exec-managerial,Husband,White,Male,0,0,40,United-States
33222,45,Private,Some-college,10,Married-civ-spouse,Adm-clerical,Wife,White,Female,0,1902,20,United-States
3424,43,Private,Bachelors,13,Married-spouse-absent,Prof-specialty,Not-in-family,White,Male,3325,0,40,United-States
41548,44,Private,HS-grad,9,Married-civ-spouse,Sales,Husband,Black,Male,0,0,40,United-States
23914,44,Private,Assoc-acdm,12,Married-civ-spouse,Craft-repair,Husband,White,Male,0,0,40,United-States
23241,44,Private,Some-college,10,Married-spouse-absent,Handlers-cleaners,Unmarried,White,Male,0,0,40,Poland
40279,43,Private,HS-grad,9,Married-civ-spouse,Craft-repair,Husband,White,Male,0,0,40,United-States
16868,49,Private,Assoc-voc,11,Married-civ-spouse,Adm-clerical,Husband,White,Male,0,0,40,United-States
32929,45,Self-emp-not-inc,Some-college,10,Married-civ-spouse,Sales,Husband,White,Male,0,0,60,United-States
27378,40,Self-emp-not-inc,HS-grad,9,Married-civ-spouse,Craft-repair,Husband,White,Male,0,1672,40,United-States
12809,48,Private,Some-college,10,Divorced,Other-service,Unmarried,White,Female,0,0,32,United-States
42963,40,Private,HS-grad,9,Never-married,Handlers-cleaners,Own-child,White,Male,0,0,44,United-States
38965,46,Private,5th-6th,3,Widowed,Machine-op-inspct,Unmarried,White,Female,0,0,40,Mexico
31997,40,Self-emp-not-inc,Assoc-acdm,12,Married-civ-spouse,Farming-fishing,Husband,White,Male,0,0,50,United-States
41521,46,Private,Bachelors,13,Married-civ-spouse,Adm-clerical,Husband,White,Male,0,0,40,United-States
42422,50,Private,Some-college,10,Married-spouse-absent,Transport-moving,Unmarried,White,Male,0,0,40,United-States
34380,42,State-gov,Doctorate,16,Divorced,Prof-specialty,Unmarried,Black,Female,0,0,36,Jamaica
40858,42,Self-emp-not-inc,Bachelors,13,Divorced,Craft-repair,Not-in-family,White,Male,0,0,65,United-States
33015,45,Private,HS-grad,9,Never-married,Adm-clerical,Not-in-family,White,Male,0,0,44,United-States
30028,43,Private,Some-college,10,Married-civ-spouse,Exec-managerial,Husband,White,Male,0,0,49,United-States
36633,50,Private,HS-grad,9,Married-civ-spouse,Sales,Husband,White,Male,0,0,60,United-States
7598,48,State-gov,Some-college,10,Never-married,Prof-specialty,Not-in-family,Black,Female,0,0,24,United-States
43099,49,Private,11th,7,Married-civ-spouse,Transport-moving,Husband,White,Male,0,0,40,United-States
42644,44,Private,HS-grad,9,Married-civ-spouse,Adm-clerical,Husband,White,Male,0,0,40,United-States
1310,49,Private,HS-grad,9,Married-civ-spouse,Craft-repair,Wife,White,Female,0,0,40,United-States
40325,42,Federal-gov,Bachelors,13,Married-civ-spouse,Exec-managerial,Husband,White,Male,0,0,40,United-States
36222,43,Private,Some-college,10,Married-civ-spouse,Adm-clerical,Husband,White,Male,0,0,35,United-States
40626,46,State-gov,Some-college,10,Married-civ-spouse,Exec-managerial,Husband,White,Male,0,0,40,United-States
24538,50,Private,HS-grad,9,Divorced,Sales,Unmarried,White,Female,0,0,65,United-States
277,44,Private,Some-college,10,Married-civ-spouse,Craft-repair,Husband,White,Male,7298,0,40,United-States
13768,42,Private,Some-college,10,Married-civ-spouse,Machine-op-inspct,Husband,White,Male,3908,0,40,United-States
29977,45,Local-gov,HS-grad,9,Married-civ-spouse,Transport-moving,Wife,White,Female,5178,0,40,United-States
47901,46,Private,Masters,14,Married-civ-spouse,Sales,Husband,White,Male,0,0,40,United-States
12516,42,Private,Some-college,10,Divorced,Sales,Unmarried,White,Female,0,0,43,United-States
30840,42,Private,Bachelors,13,Married-civ-spouse,Exec-managerial,Husband,White,Male,0,0,40,United-States
26101,40,Self-emp-not-inc,Bachelors,13,Married-civ-spouse,Sales,Husband,White,Male,0,0,45,United-States
5014,48,Local-gov,Masters,14,Married-civ-spouse,Prof-specialty,Husband,White,Male,0,0,40,United-States
37104,43,Private,Bachelors,13,Divorced,Sales,Unmarried,White,Female,0,0,50,United-States
26137,44,Private,Bachelors,13,Widowed,Prof-specialty,Unmarried,White,Female,0,0,32,United-States
47047,41,Private,HS-grad,9,Married-civ-spouse,Transport-moving,Wife,White,Female,0,0,15,United-States
16615,49,Self-emp-not-inc,Doctorate,16,Married-civ-spouse,Prof-specialty,Husband,White,Male,0,0,60,United-States
30770,45,Local-gov,Some-college,10,Married-civ-spouse,Craft-repair,Husband,White,Male,0,1887,40,Mexico
45550,45,Private,Assoc-voc,11,Married-civ-spouse,Craft-repair,Husband,White,Male,0,0,40,United-States
4859,43,Private,Some-college,10,Married-civ-spouse,Transport-moving,Husband,White,Male,0,0,60,United-States
45759,40,Private,Some-college,10,Divorced,Machine-op-inspct,Unmarried,White,Female,0,0,48,United-States
33423,42,Self-emp-not-inc,HS-grad,9,Married-civ-spouse,Sales,Husband,White,Male,0,0,48,United-States
3088,46,Local-gov,HS-grad,9,Divorced,Adm-clerical,Unmarried,White,Female,0,0,25,United-States
14438,43,Private,Assoc-voc,11,Married-civ-spouse,Craft-repair,Husband,White,Male,0,0,40,United-States
34376,41,Private,Assoc-acdm,12,Married-civ-spouse,Prof-specialty,Wife,White,Female,0,0,40,United-States
3063,43,Private,Some-college,10,Married-civ-spouse,Craft-repair,Husband,White,Male,0,0,40,United-States
28303,50,Private,HS-grad,9,Never-married,Machine-op-inspct,Not-in-family,White,Male,0,0,40,United-States
16786,44,Private,Assoc-acdm,12,Married-civ-spouse,Prof-specialty,Husband,White,Male,0,0,40,United-States
30171,40,Private,12th,8,Married-civ-spouse,Other-service,Husband,White,Male,0,0,40,?
2039,49,State-gov,Some-college,10,Married-civ-spouse,Prof-specialty,Husband,White,Male,0,0,40,United-States
42632,46,Private,Masters,14,Never-married,Prof-specialty,Not-in-family,White,Male,0,0,40,United-States
47545,49,Private,Assoc-voc,11,Divorced,Other-service,Unmarried,White,Female,0,0,20,United-States
47334,44,Private,HS-grad,9,Married-civ-spouse,Other-service,Husband,Asian-Pac-Islander,Male,0,2377,35,Hong
36507,43,Self-emp-inc,Doctorate,16,Never-married,Prof-specialty,Not-in-family,White,Male,99999,0,45,United-States
6207,40,Private,Some-college,10,Married-civ-spouse,Other-service,Husband,White,Male,0,0,40,United-States
36962,40,Local-gov,HS-grad,9,Never-married,Adm-clerical,Other-relative,Black,Female,0,0,40,United-States
1125,48,Private,Some-college,10,Divorced,Other-service,Unmarried,Black,Female,0,0,35,United-States
1021,41,Private,Some-college,10,Never-married,Craft-repair,Not-in-family,White,Male,0,0,50,Japan
15678,48,Private,HS-grad,9,Married-civ-spouse,Exec-managerial,Wife,White,Female,0,0,40,United-States
23649,46,Private,HS-grad,9,Divorced,Exec-managerial,Not-in-family,White,Female,0,0,40,United-States
37632,40,Private,Masters,14,Married-civ-spouse,Prof-specialty,Husband,White,Male,0,0,55,United-States
33227,43,Private,Assoc-acdm,12,Never-married,Prof-specialty,Not-in-family,White,Female,0,0,32,?
21565,41,Private,Some-college,10,Married-civ-spouse,Sales,Husband,White,Male,0,0,65,United-States
13135,41,State-gov,Masters,14,Never-married,Prof-specialty,Own-child,White,Female,0,0,35,United-States
48669,42,Private,Bachelors,13,Never-married,Sales,Not-in-family,White,Male,0,0,40,United-States
20607,42,Self-emp-not-inc,HS-grad,9,Married-civ-spouse,Craft-repair,Husband,White,Male,0,2042,48,United-States
21899,40,Private,HS-grad,9,Married-civ-spouse,Other-service,Husband,White,Male,0,0,30,United-States
33718,48,?,5th-6th,3,Divorced,?,Not-in-family,White,Male,0,0,99,United-States
10657,40,Private,HS-grad,9,Married-civ-spouse,Machine-op-inspct,Husband,White,Male,0,0,40,United-States
3791,47,Private,Bachelors,13,Divorced,Sales,Not-in-family,White,Male,0,0,45,United-States
33028,47,Federal-gov,Masters,14,Married-civ-spouse,Exec-managerial,Husband,Black,Male,0,0,40,United-States
31843,42,Private,Some-college,10,Married-civ-spouse,Transport-moving,Husband,Black,Male,7688,0,45,United-States
13124,43,Local-gov,Masters,14,Married-civ-spouse,Exec-managerial,Husband,White,Male,0,0,40,United-States
46493,42,Private,Bachelors,13,Married-civ-spouse,Handlers-cleaners,Husband,White,Male,0,0,50,United-States
7220,47,Self-emp-not-inc,Some-college,10,Married-civ-spouse,Prof-specialty,Husband,White,Male,0,0,20,United-States
20873,46,Local-gov,Masters,14,Never-married,Prof-specialty,Not-in-family,White,Female,0,0,43,United-States
46090,44,Private,Some-college,10,Married-civ-spouse,Priv-house-serv,Husband,White,Male,0,0,2,United-States
20317,47,Local-gov,HS-grad,9,Divorced,Exec-managerial,Not-in-family,White,Female,0,0,40,United-States
31078,46,Self-emp-not-inc,Masters,14,Married-civ-spouse,Exec-managerial,Husband,White,Male,0,0,50,United-States
19246,41,Private,12th,8,Married-civ-spouse,Protective-serv,Husband,Black,Male,0,0,40,?
13152,41,Local-gov,HS-grad,9,Divorced,Adm-clerical,Not-in-family,White,Female,0,0,40,United-States
48052,41,Local-gov,Assoc-voc,11,Separated,Craft-repair,Unmarried,Black,Male,0,0,40,United-States
19805,47,Self-emp-inc,HS-grad,9,Married-civ-spouse,Exec-managerial,Husband,White,Male,0,0,80,United-States
43707,47,Private,5th-6th,3,Separated,Other-service,Unmarried,White,Female,0,0,40,United-States
10275,41,Private,Some-college,10,Married-civ-spouse,Craft-repair,Husband,White,Male,0,0,40,Italy
1401,40,Private,HS-grad,9,Never-married,Adm-clerical,Not-in-family,White,Female,0,0,40,United-States
31705,45,Private,HS-grad,9,Married-civ-spouse,Craft-repair,Husband,White,Male,0,0,40,United-States
17811,43,Private,5th-6th,3,Divorced,Priv-house-serv,Unmarried,White,Female,0,0,40,Mexico
42248,42,Private,Assoc-voc,11,Married-civ-spouse,Machine-op-inspct,Husband,White,Male,0,0,40,United-States
22907,47,Local-gov,Masters,14,Married-civ-spouse,Prof-specialty,Husband,White,Male,0,0,40,United-States
47298,43,Self-emp-not-inc,Bachelors,13,Married-civ-spouse,Sales,Husband,White,Male,0,0,50,United-States
8869,40,Private,HS-grad,9,Divorced,Craft-repair,Own-child,White,Male,0,0,40,United-States
37927,40,Private,Some-college,10,Divorced,Craft-repair,Unmarried,White,Male,0,0,40,United-States
41236,45,Self-emp-not-inc,HS-grad,9,Married-civ-spouse,Exec-managerial,Husband,White,Male,0,0,40,United-States
30478,44,Private,Bachelors,13,Married-civ-spouse,Prof-specialty,Husband,White,Male,0,0,45,United-States
6262,41,Private,HS-grad,9,Separated,Adm-clerical,Unmarried,White,Female,0,0,40,United-States
1447,45,Self-emp-not-inc,Some-college,10,Married-civ-spouse,Sales,Husband,White,Male,5013,0,40,United-States
29970,48,Private,HS-grad,9,Never-married,Other-service,Not-in-family,White,Female,0,0,32,Columbia
38900,46,Private,Bachelors,13,Married-civ-spouse,Craft-repair,Husband,White,Male,0,0,50,United-States
23312,50,Self-emp-inc,HS-grad,9,Married-spouse-absent,Sales,Not-in-family,White,Male,0,0,60,United-States
5569,47,Private,Some-college,10,Married-civ-spouse,Craft-repair,Husband,Black,Male,7688,0,40,United-States
5956,42,Private,Some-college,10,Married-civ-spouse,Machine-op-inspct,Wife,White,Female,0,0,37,United-States
33311,49,Federal-gov,HS-grad,9,Married-civ-spouse,Transport-moving,Husband,Asian-Pac-Islander,Male,0,0,40,Philippines
20787,50,Private,HS-grad,9,Married-civ-spouse,Craft-repair,Husband,White,Male,7688,0,40,United-States
9602,41,Private,Some-college,10,Married-civ-spouse,Sales,Husband,White,Male,3942,0,40,United-States
2924,42,Self-emp-not-inc,Assoc-voc,11,Married-civ-spouse,Exec-managerial,Husband,White,Male,0,0,60,United-States
28301,40,Private,Assoc-acdm,12,Married-civ-spouse,Tech-support,Husband,White,Male,0,0,42,United-States
12914,45,Private,Bachelors,13,Widowed,Other-service,Own-child,Asian-Pac-Islander,Female,0,0,40,Philippines
38967,42,Self-emp-not-inc,HS-grad,9,Married-civ-spouse,Sales,Husband,White,Male,0,0,40,United-States
14969,47,Private,HS-grad,9,Married-civ-spouse,Machine-op-inspct,Husband,Black,Male,0,0,40,United-States
22115,44,Private,HS-grad,9,Married-civ-spouse,Sales,Husband,White,Male,0,0,24,United-States
525,44,Private,Some-college,10,Divorced,Machine-op-inspct,Unmarried,White,Male,0,0,58,United-States
3256,47,?,Assoc-voc,11,Divorced,?,Not-in-family,White,Male,0,0,40,United-States
19003,47,Private,Prof-school,15,Married-civ-spouse,Prof-specialty,Husband,White,Male,15024,0,55,United-States
23225,42,Private,Bachelors,13,Divorced,Adm-clerical,Unmarried,White,Male,9562,0,45,United-States
29190,40,Private,Masters,14,Divorced,Prof-specialty,Not-in-family,White,Male,0,0,20,United-States
13981,40,Self-emp-not-inc,Some-college,10,Never-married,Craft-repair,Own-child,White,Male,0,0,40,United-States
33763,49,Private,10th,6,Never-married,Machine-op-inspct,Not-in-family,Black,Female,0,0,40,United-States
42003,43,Private,Assoc-acdm,12,Married-civ-spouse,Prof-specialty,Husband,White,Male,0,0,30,United-States
1743,50,Private,7th-8th,4,Divorced,Craft-repair,Not-in-family,White,Female,0,0,30,United-States
4944,41,Private,Assoc-voc,11,Married-civ-spouse,Exec-managerial,Husband,White,Male,0,0,40,United-States
6832,45,Private,Masters,14,Divorced,Prof-specialty,Unmarried,White,Female,0,0,50,United-States
24120,49,Private,Bachelors,13,Married-civ-spouse,Exec-managerial,Husband,White,Male,0,0,40,United-States
442,45,Private,HS-grad,9,Divorced,Adm-clerical,Not-in-family,White,Female,0,0,28,United-States
15791,47,Self-emp-not-inc,Masters,14,Never-married,Exec-managerial,Not-in-family,Black,Male,0,0,25,United-States
25048,47,Private,HS-grad,9,Divorced,Prof-specialty,Unmarried,Amer-Indian-Eskimo,Female,0,0,40,United-States
4059,46,Private,Assoc-acdm,12,Married-civ-spouse,Craft-repair,Husband,White,Male,0,0,40,United-States
1465,40,Private,10th,6,Divorced,Craft-repair,Not-in-family,Amer-Indian-Eskimo,Male,0,0,40,United-States
3544,43,Local-gov,Some-college,10,Married-civ-spouse,Adm-clerical,Wife,White,Female,0,1902,40,United-States
19203,46,Private,Some-college,10,Married-civ-spouse,Adm-clerical,Wife,White,Female,0,0,40,United-States
6341,42,Private,Some-college,10,Divorced,Exec-managerial,Own-child,White,Female,0,0,40,United-States
27473,47,Self-emp-not-inc,Bachelors,13,Divorced,Sales,Not-in-family,White,Male,0,0,50,United-States
33503,48,Private,Some-college,10,Married-civ-spouse,Sales,Husband,Black,Male,0,0,60,United-States
39126,42,Private,Assoc-voc,11,Married-civ-spouse,Tech-support,Husband,White,Male,7298,0,40,United-States
9590,45,State-gov,Masters,14,Married-civ-spouse,Prof-specialty,Husband,White,Male,0,0,60,United-States
7999,47,Self-emp-not-inc,HS-grad,9,Married-civ-spouse,Machine-op-inspct,Wife,White,Female,0,0,20,United-States
4924,42,Private,Some-college,10,Married-civ-spouse,Sales,Husband,White,Male,0,0,40,United-States
30978,44,?,Bachelors,13,Divorced,?,Not-in-family,White,Male,0,0,50,United-States
34302,44,Local-gov,HS-grad,9,Married-civ-spouse,Protective-serv,Own-child,White,Male,0,0,40,United-States
1422,40,Private,Assoc-voc,11,Married-civ-spouse,Handlers-cleaners,Husband,Black,Male,0,0,40,United-States
2302,45,Private,HS-grad,9,Separated,Sales,Not-in-family,White,Female,0,0,40,United-States
34411,47,Private,Some-college,10,Divorced,Transport-moving,Unmarried,White,Male,0,0,40,United-States
42600,48,Private,Assoc-voc,11,Married-civ-spouse,Craft-repair,Husband,White,Male,0,0,40,United-States
34699,44,Private,HS-grad,9,Divorced,Sales,Not-in-family,Asian-Pac-Islander,Female,0,0,40,United-States
39170,46,Private,HS-grad,9,Divorced,Adm-clerical,Unmarried,Black,Female,0,0,40,United-States
16474,42,Private,HS-grad,9,Divorced,Other-service,Own-child,White,Female,0,0,15,United-States
39797,42,State-gov,Some-college,10,Separated,Prof-specialty,Unmarried,Black,Female,0,0,40,United-States
3673,43,Private,Masters,14,Married-civ-spouse,Prof-specialty,Husband,Other,Male,0,0,50,United-States
43732,48,Self-emp-not-inc,HS-grad,9,Married-civ-spouse,Other-service,Husband,White,Male,3411,0,70,United-States
26471,40,Private,Prof-school,15,Married-civ-spouse,Prof-specialty,Husband,White,Male,0,0,40,United-States
39924,47,Self-emp-not-inc,7th-8th,4,Married-civ-spouse,Exec-managerial,Husband,White,Male,0,0,55,United-States
21950,46,Private,Bachelors,13,Married-civ-spouse,Adm-clerical,Husband,Asian-Pac-Islander,Male,0,2415,35,Philippines
31327,40,Private,HS-grad,9,Married-civ-spouse,Craft-repair,Wife,White,Female,0,1628,45,United-States
25430,50,Private,HS-grad,9,Married-civ-spouse,Transport-moving,Husband,White,Male,7298,0,40,United-States
35603,49,Private,Some-college,10,Divorced,Other-service,Unmarried,White,Female,0,0,43,United-States
3752,41,Private,HS-grad,9,Married-civ-spouse,Tech-support,Husband,White,Male,0,0,40,United-States
2748,46,Private,11th,7,Married-civ-spouse,Machine-op-inspct,Husband,White,Male,0,0,40,United-States
11879,44,Private,Some-college,10,Married-civ-spouse,Sales,Husband,White,Male,0,0,45,United-States
7625,43,Federal-gov,Bachelors,13,Married-civ-spouse,Adm-clerical,Husband,White,Male,7298,0,40,United-States
42642,47,Self-emp-not-inc,Masters,14,Divorced,Transport-moving,Not-in-family,White,Male,0,2258,50,United-States
10584,43,Private,Bachelors,13,Married-civ-spouse,Exec-managerial,Husband,White,Male,0,0,50,United-States
16372,41,Private,Some-college,10,Married-civ-spouse,Other-service,Husband,White,Male,0,0,48,United-States
8699,44,Self-emp-not-inc,Masters,14,Married-civ-spouse,Farming-fishing,Husband,White,Male,0,0,40,United-States
38603,40,Private,Assoc-acdm,12,Never-married,Prof-specialty,Not-in-family,White,Male,0,0,40,United-States
24073,42,Private,HS-grad,9,Married-civ-spouse,Craft-repair,Husband,White,Male,0,0,50,United-States
26851,44,Self-emp-inc,HS-grad,9,Divorced,Craft-repair,Not-in-family,White,Male,0,0,60,Portugal
34946,42,Private,Assoc-acdm,12,Divorced,Adm-clerical,Not-in-family,White,Male,0,0,40,United-States
11068,49,Local-gov,HS-grad,9,Divorced,Other-service,Unmarried,White,Female,0,0,40,United-States
48649,48,Federal-gov,Some-college,10,Married-civ-spouse,Craft-repair,Husband,White,Male,0,0,40,United-States
47599,41,Private,HS-grad,9,Married-civ-spouse,Transport-moving,Husband,White,Male,0,0,40,United-States
31648,43,Private,HS-grad,9,Divorced,Adm-clerical,Unmarried,White,Female,0,0,58,United-States
9560,42,Private,Doctorate,16,Married-spouse-absent,Other-service,Not-in-family,White,Male,27828,0,60,?
33022,50,State-gov,HS-grad,9,Married-civ-spouse,Other-service,Wife,White,Female,0,0,39,United-States
3251,49,State-gov,11th,7,Married-civ-spouse,Adm-clerical,Husband,White,Male,0,0,40,United-States
1388,40,Self-emp-not-inc,Some-college,10,Divorced,Exec-managerial,Other-relative,White,Male,0,1564,70,Iran
12395,50,State-gov,Doctorate,16,Married-civ-spouse,Prof-specialty,Husband,White,Male,0,1902,45,United-States
22434,46,Private,HS-grad,9,Married-civ-spouse,Machine-op-inspct,Husband,Black,Male,0,0,40,United-States
42467,45,Self-emp-inc,Prof-school,15,Married-civ-spouse,Prof-specialty,Husband,White,Male,0,0,50,United-States
35395,42,Federal-gov,Some-college,10,Married-civ-spouse,Craft-repair,Husband,White,Male,7688,0,45,United-States
36146,40,Private,HS-grad,9,Never-married,Craft-repair,Not-in-family,White,Male,0,0,40,United-States
20578,40,Local-gov,HS-grad,9,Married-civ-spouse,Adm-clerical,Wife,White,Female,0,0,40,United-States
16794,50,Private,11th,7,Married-civ-spouse,Craft-repair,Husband,White,Male,0,0,40,United-States
17967,40,Self-emp-not-inc,Bachelors,13,Married-civ-spouse,Prof-specialty,Husband,White,Male,0,0,40,United-States
48228,46,State-gov,10th,6,Married-civ-spouse,Farming-fishing,Husband,White,Male,0,0,38,United-States
1757,47,Self-emp-not-inc,Bachelors,13,Divorced,Exec-managerial,Not-in-family,Asian-Pac-Islander,Male,0,0,60,Japan
42404,40,Local-gov,Masters,14,Married-civ-spouse,Prof-specialty,Wife,Black,Female,0,0,36,United-States
28142,41,Private,HS-grad,9,Divorced,Handlers-cleaners,Unmarried,White,Male,0,0,48,United-States
21191,42,Local-gov,Masters,14,Never-married,Prof-specialty,Not-in-family,White,Female,0,0,40,United-States
35257,50,Private,Bachelors,13,Divorced,Exec-managerial,Not-in-family,White,Female,0,0,50,United-States
23571,47,Local-gov,Masters,14,Married-civ-spouse,Prof-specialty,Husband,White,Male,0,0,48,United-States
42716,43,State-gov,Some-college,10,Married-civ-spouse,Protective-serv,Husband,Asian-Pac-Islander,Male,0,0,40,United-States
44076,41,State-gov,Some-college,10,Married-civ-spouse,Adm-clerical,Husband,Black,Male,0,0,40,United-States
20397,41,?,12th,8,Divorced,?,Not-in-family,White,Female,0,0,40,Canada
13300,44,Private,HS-grad,9,Married-civ-spouse,Machine-op-inspct,Husband,White,Male,0,0,45,United-States
28832,49,Private,10th,6,Married-civ-spouse,Machine-op-inspct,Husband,White,Male,0,0,50,United-States
44638,43,Private,Some-college,10,Divorced,Other-service,Unmarried,White,Female,0,0,38,United-States
10128,45,Private,HS-grad,9,Married-civ-spouse,Sales,Husband,White,Male,0,0,50,United-States
30316,42,Private,HS-grad,9,Married-civ-spouse,Sales,Wife,White,Female,0,0,40,United-States
30725,46,Private,HS-grad,9,Married-civ-spouse,Adm-clerical,Husband,White,Male,0,0,40,United-States
35678,41,Private,Bachelors,13,Married-civ-spouse,Exec-managerial,Husband,White,Male,7688,0,45,United-States
6292,50,Private,HS-grad,9,Married-civ-spouse,Adm-clerical,Husband,White,Male,7298,0,45,United-States
34768,40,Private,HS-grad,9,Married-civ-spouse,Craft-repair,Husband,White,Male,0,0,40,United-States
44506,47,Private,Bachelors,13,Married-civ-spouse,Machine-op-inspct,Husband,White,Male,0,0,40,Peru
8562,43,Federal-gov,Bachelors,13,Divorced,Exec-managerial,Not-in-family,White,Male,0,0,40,United-States
11468,44,Self-emp-not-inc,HS-grad,9,Married-civ-spouse,Farming-fishing,Husband,White,Male,0,0,40,United-States
47469,45,Federal-gov,Bachelors,13,Married-civ-spouse,Prof-specialty,Husband,White,Male,0,0,40,United-States
8619,50,Federal-gov,Some-college,10,Married-civ-spouse,Exec-managerial,Husband,White,Male,0,0,40,United-States
41708,45,Private,Assoc-voc,11,Divorced,Machine-op-inspct,Own-child,White,Female,0,0,40,United-States
23814,40,Local-gov,Bachelors,13,Divorced,Prof-specialty,Unmarried,White,Female,0,0,70,United-States
11884,44,Private,7th-8th,4,Divorced,Handlers-cleaners,Not-in-family,White,Male,0,0,48,United-States
42589,42,Private,Masters,14,Never-married,Prof-specialty,Not-in-family,White,Male,0,0,48,United-States
21539,47,Self-emp-not-inc,HS-grad,9,Married-civ-spouse,Farming-fishing,Husband,White,Male,2829,0,65,United-States
24897,43,Private,Some-college,10,Never-married,Adm-clerical,Unmarried,Black,Female,0,0,40,United-States
17381,41,Local-gov,Assoc-voc,11,Divorced,Adm-clerical,Unmarried,White,Female,0,0,44,United-States
7814,47,Private,11th,7,Married-civ-spouse,Adm-clerical,Husband,White,Male,0,1485,58,United-States
18948,50,Private,Assoc-voc,11,Married-civ-spouse,Craft-repair,Husband,White,Male,0,0,50,United-States
47368,44,Private,HS-grad,9,Never-married,Adm-clerical,Not-in-family,White,Female,0,0,43,United-States
12421,41,Self-emp-not-inc,HS-grad,9,Never-married,Other-service,Not-in-family,Black,Male,0,0,60,Jamaica
31939,49,Self-emp-not-inc,Bachelors,13,Married-civ-spouse,Prof-specialty,Husband,White,Male,0,0,60,United-States
37762,42,State-gov,Bachelors,13,Divorced,Prof-specialty,Unmarried,White,Female,0,0,40,United-States
6246,44,Self-emp-inc,HS-grad,9,Married-civ-spouse,Craft-repair,Husband,White,Male,0,0,60,United-States
22025,41,Private,Bachelors,13,Widowed,Sales,Unmarried,Black,Male,0,0,50,United-States
11395,45,Private,HS-grad,9,Married-civ-spouse,Handlers-cleaners,Husband,Black,Male,7298,0,40,United-States
3317,47,Local-gov,Some-college,10,Never-married,Protective-serv,Not-in-family,Black,Male,0,0,40,United-States
8077,50,Self-emp-inc,HS-grad,9,Married-civ-spouse,Farming-fishing,Husband,White,Male,0,0,50,United-States
25140,50,Private,Assoc-voc,11,Married-civ-spouse,Tech-support,Husband,White,Male,0,0,38,United-States
16374,46,Private,Assoc-acdm,12,Widowed,Prof-specialty,Unmarried,White,Female,0,0,27,United-States
40489,46,Private,HS-grad,9,Divorced,Sales,Not-in-family,White,Female,0,0,40,United-States
20804,40,?,Masters,14,Married-civ-spouse,?,Husband,White,Male,0,0,60,United-States
11934,43,Federal-gov,Bachelors,13,Married-civ-spouse,Sales,Husband,White,Male,0,0,60,United-States
29980,41,Private,HS-grad,9,Married-civ-spouse,Craft-repair,Husband,White,Male,0,0,72,United-States
34326,45,Private,Some-college,10,Never-married,Exec-managerial,Not-in-family,White,Female,0,1340,50,United-States
7985,40,Private,Bachelors,13,Married-civ-spouse,Sales,Husband,White,Male,0,1977,60,United-States
8002,45,Private,Some-college,10,Divorced,Adm-clerical,Not-in-family,White,Female,0,0,40,United-States
35881,43,Private,Bachelors,13,Married-civ-spouse,Transport-moving,Husband,White,Male,0,0,70,United-States
32223,50,Private,Doctorate,16,Married-civ-spouse,Prof-specialty,Husband,White,Male,0,0,40,United-States
22995,41,Private,9th,5,Married-civ-spouse,Transport-moving,Husband,White,Male,0,0,35,United-States
41189,41,Federal-gov,HS-grad,9,Never-married,Handlers-cleaners,Not-in-family,White,Male,0,1980,40,United-States
39364,46,Private,HS-grad,9,Divorced,Sales,Not-in-family,White,Female,0,0,33,United-States
28495,41,Private,9th,5,Married-civ-spouse,Other-service,Husband,White,Male,0,0,55,Outlying-US(Guam-USVI-etc)
9885,50,Self-emp-inc,Masters,14,Divorced,Exec-managerial,Not-in-family,White,Male,0,0,80,United-States
5244,50,Private,Assoc-voc,11,Separated,Prof-specialty,Unmarried,White,Female,0,0,40,United-States
12975,40,Private,HS-grad,9,Married-civ-spouse,Craft-repair,Husband,White,Male,0,0,40,United-States
2620,40,Self-emp-inc,HS-grad,9,Married-civ-spouse,Handlers-cleaners,Husband,White,Male,0,0,40,United-States
25665,47,Private,Some-college,10,Divorced,Sales,Unmarried,White,Male,0,0,50,United-States
45740,50,Self-emp-inc,Some-college,10,Married-civ-spouse,Sales,Husband,White,Male,99999,0,55,United-States
5772,46,Private,Masters,14,Married-civ-spouse,Tech-support,Husband,Asian-Pac-Islander,Male,0,0,40,Philippines
21948,49,Private,Prof-school,15,Married-civ-spouse,Prof-specialty,Husband,White,Male,0,0,48,United-States
45627,40,Self-emp-not-inc,7th-8th,4,Married-civ-spouse,Farming-fishing,Husband,White,Male,0,0,72,United-States
15292,44,Private,7th-8th,4,Married-civ-spouse,Craft-repair,Husband,White,Male,0,0,40,United-States
24530,48,Private,9th,5,Divorced,Sales,Not-in-family,White,Female,0,0,40,United-States
1815,49,Private,HS-grad,9,Married-civ-spouse,Sales,Husband,White,Male,0,0,40,United-States
7085,44,Local-gov,Masters,14,Married-civ-spouse,Prof-specialty,Husband,White,Male,0,0,40,United-States
47158,45,Self-emp-not-inc,HS-grad,9,Married-civ-spouse,Other-service,Husband,White,Male,3411,0,40,United-States
217,50,Private,Assoc-acdm,12,Divorced,Sales,Not-in-family,White,Female,0,0,40,United-States
46551,44,?,HS-grad,9,Married-civ-spouse,?,Wife,White,Female,0,0,40,United-States
31111,40,Private,Some-college,10,Married-civ-spouse,Adm-clerical,Wife,White,Female,0,0,40,United-States
42461,42,Self-emp-not-inc,HS-grad,9,Married-civ-spouse,Prof-specialty,Husband,White,Male,0,0,50,United-States
22086,44,Private,Some-college,10,Married-civ-spouse,Exec-managerial,Husband,White,Male,0,0,40,United-States
24942,48,Federal-gov,HS-grad,9,Married-spouse-absent,Adm-clerical,Unmarried,White,Female,1471,0,40,United-States
23654,43,Private,HS-grad,9,Married-civ-spouse,Transport-moving,Husband,White,Male,0,0,30,Dominican-Republic
32356,45,Self-emp-not-inc,Assoc-voc,11,Married-civ-spouse,Prof-specialty,Husband,White,Male,0,0,20,United-States
6659,47,Local-gov,HS-grad,9,Married-civ-spouse,Other-service,Husband,White,Male,4386,0,40,United-States
1366,49,Self-emp-inc,HS-grad,9,Divorced,Exec-managerial,Unmarried,White,Female,0,0,40,United-States
14809,48,Private,Bachelors,13,Never-married,Prof-specialty,Not-in-family,White,Female,0,0,45,Mexico
34231,40,State-gov,Some-college,10,Never-married,Other-service,Own-child,Amer-Indian-Eskimo,Male,0,0,84,United-States
9674,49,Self-emp-not-inc,Prof-school,15,Married-civ-spouse,Prof-specialty,Husband,White,Male,99999,0,35,United-States
32681,43,Private,Bachelors,13,Divorced,Sales,Unmarried,White,Female,0,0,40,United-States
4402,48,Local-gov,Some-college,10,Married-civ-spouse,Exec-managerial,Wife,White,Female,5178,0,40,United-States
32642,45,Self-emp-inc,Some-college,10,Married-civ-spouse,Machine-op-inspct,Husband,White,Male,0,0,50,United-States
21457,42,Private,Masters,14,Divorced,Tech-support,Unmarried,Black,Female,4687,0,35,United-States
42464,43,Private,Some-college,10,Married-civ-spouse,Sales,Husband,White,Male,0,0,45,United-States
8423,40,Self-emp-inc,HS-grad,9,Married-civ-spouse,Exec-managerial,Husband,White,Male,0,0,50,United-States
33681,40,Private,Some-college,10,Married-civ-spouse,Craft-repair,Husband,Black,Male,0,0,40,United-States
40908,47,?,7th-8th,4,Married-civ-spouse,?,Husband,White,Male,0,0,40,United-States
46147,47,Private,Bachelors,13,Married-spouse-absent,Exec-managerial,Not-in-family,White,Female,27828,0,60,United-States
24011,42,Self-emp-inc,Masters,14,Married-civ-spouse,Exec-managerial,Husband,White,Male,0,0,40,United-States
29999,41,Private,HS-grad,9,Separated,Craft-repair,Not-in-family,White,Male,0,0,40,United-States
42501,47,Private,Some-college,10,Married-civ-spouse,Exec-managerial,Husband,White,Male,0,0,45,United-States
27664,44,Local-gov,Bachelors,13,Married-civ-spouse,Prof-specialty,Husband,White,Male,0,0,40,United-States
1376,41,Private,HS-grad,9,Divorced,Sales,Unmarried,Black,Female,0,0,40,United-States
45486,42,Private,Bachelors,13,Married-civ-spouse,Prof-specialty,Husband,White,Male,0,0,50,United-States
33514,40,Private,HS-grad,9,Married-civ-spouse,Machine-op-inspct,Wife,White,Female,0,0,40,United-States
32835,46,State-gov,Masters,14,Never-married,Exec-managerial,Not-in-family,White,Male,0,0,38,United-States
10394,47,Self-emp-not-inc,Prof-school,15,Never-married,Prof-specialty,Not-in-family,White,Male,0,0,40,United-States
19073,43,Private,Some-college,10,Married-civ-spouse,Sales,Husband,White,Male,0,0,50,United-States
31687,47,Private,Some-college,10,Widowed,Transport-moving,Unmarried,White,Female,0,0,25,Outlying-US(Guam-USVI-etc)
31979,41,Private,HS-grad,9,Married-civ-spouse,Craft-repair,Husband,White,Male,0,0,52,United-States
48812,49,Self-emp-inc,HS-grad,9,Married-civ-spouse,Exec-managerial,Husband,White,Male,0,0,40,Canada
2154,44,Private,Masters,14,Married-civ-spouse,Prof-specialty,Husband,White,Male,0,1887,35,United-States
47713,41,Private,Some-college,10,Married-civ-spouse,Craft-repair,Husband,White,Male,0,1977,60,United-States
19676,40,Private,Some-college,10,Married-civ-spouse,Machine-op-inspct,Husband,White,Male,0,0,45,United-States
42596,50,Private,Some-college,10,Married-civ-spouse,Sales,Husband,White,Male,0,0,50,United-States
38215,50,Private,HS-grad,9,Divorced,Machine-op-inspct,Not-in-family,White,Female,0,0,40,United-States
27442,40,Private,Bachelors,13,Married-civ-spouse,Adm-clerical,Husband,White,Male,0,0,40,Mexico
35975,44,?,Some-college,10,Divorced,?,Unmarried,Amer-Indian-Eskimo,Male,0,0,50,United-States
42961,44,Federal-gov,Bachelors,13,Married-civ-spouse,Adm-clerical,Husband,Asian-Pac-Islander,Male,0,1977,40,Philippines
19543,45,Private,HS-grad,9,Married-civ-spouse,Craft-repair,Husband,Asian-Pac-Islander,Male,0,0,40,Vietnam
15815,45,State-gov,HS-grad,9,Divorced,Transport-moving,Not-in-family,White,Male,0,0,48,United-States
32381,48,State-gov,Some-college,10,Divorced,Exec-managerial,Not-in-family,White,Female,0,0,40,United-States
39458,40,Local-gov,Bachelors,13,Divorced,Prof-specialty,Unmarried,Amer-Indian-Eskimo,Female,0,0,40,United-States
37147,45,?,HS-grad,9,Never-married,?,Other-relative,White,Male,0,0,25,United-States
38991,41,Local-gov,Bachelors,13,Married-civ-spouse,Prof-specialty,Husband,White,Male,0,0,50,United-States
21035,44,Self-emp-not-inc,Some-college,10,Married-civ-spouse,Craft-repair,Husband,White,Male,0,0,40,United-States
39953,45,Private,HS-grad,9,Married-civ-spouse,Craft-repair,Husband,White,Male,15024,0,49,United-States
5711,41,Private,Some-college,10,Married-civ-spouse,Adm-clerical,Husband,White,Male,0,0,46,United-States
26284,50,Private,HS-grad,9,Divorced,Craft-repair,Unmarried,White,Male,0,1408,50,United-States
251,41,Private,Prof-school,15,Married-civ-spouse,Prof-specialty,Wife,White,Female,0,0,40,United-States
15721,47,Self-emp-not-inc,HS-grad,9,Married-spouse-absent,Craft-repair,Not-in-family,White,Male,0,0,40,United-States
17719,43,Private,HS-grad,9,Divorced,Machine-op-inspct,Own-child,White,Female,0,0,40,Cuba
19160,40,Private,10th,6,Divorced,Machine-op-inspct,Not-in-family,Black,Female,0,0,40,United-States
33784,46,Private,Assoc-acdm,12,Married-civ-spouse,Sales,Husband,White,Male,15024,0,45,United-States
18842,44,Private,5th-6th,3,Married-civ-spouse,Handlers-cleaners,Husband,White,Male,0,0,40,Mexico
21732,45,Self-emp-not-inc,Bachelors,13,Never-married,Exec-managerial,Not-in-family,White,Female,0,0,40,United-States
18063,47,Private,Doctorate,16,Married-civ-spouse,Prof-specialty,Husband,White,Male,0,0,60,United-States
11021,49,Private,Some-college,10,Divorced,Exec-managerial,Not-in-family,White,Male,3325,0,50,United-States
3306,50,Self-emp-not-inc,Bachelors,13,Divorced,Exec-managerial,Not-in-family,White,Male,0,0,30,United-States
29373,42,Private,HS-grad,9,Never-married,Other-service,Not-in-family,White,Female,0,0,40,United-States
32403,42,Private,Some-college,10,Married-civ-spouse,Craft-repair,Husband,White,Male,0,0,89,United-States
30110,48,Private,Assoc-voc,11,Married-spouse-absent,Prof-specialty,Not-in-family,White,Male,0,0,40,United-States
22469,42,Self-emp-not-inc,HS-grad,9,Married-civ-spouse,Sales,Husband,White,Male,0,0,60,United-States
18356,43,Private,HS-grad,9,Separated,Handlers-cleaners,Unmarried,Black,Female,0,0,45,United-States
42190,44,State-gov,Doctorate,16,Divorced,Prof-specialty,Not-in-family,White,Female,0,1092,40,United-States
25111,40,Private,HS-grad,9,Married-civ-spouse,Prof-specialty,Husband,White,Male,0,1902,40,United-States
23178,50,Local-gov,Prof-school,15,Married-civ-spouse,Adm-clerical,Husband,Asian-Pac-Islander,Male,0,0,40,Laos
1170,40,Private,HS-grad,9,Divorced,Transport-moving,Not-in-family,White,Male,0,0,40,United-States
16586,44,Private,Bachelors,13,Married-civ-spouse,Prof-specialty,Husband,White,Male,0,1848,40,United-States
18395,45,Private,Bachelors,13,Divorced,Prof-specialty,Not-in-family,White,Male,0,0,50,United-States
19295,42,Private,HS-grad,9,Married-civ-spouse,Craft-repair,Husband,White,Male,0,0,40,United-States
28224,42,State-gov,Bachelors,13,Divorced,Adm-clerical,Unmarried,Black,Female,2977,0,40,United-States
25807,49,?,7th-8th,4,Married-civ-spouse,?,Husband,White,Male,0,0,99,United-States
29584,47,Private,Some-college,10,Married-civ-spouse,Craft-repair,Husband,White,Male,0,0,40,United-States
37291,50,Private,Preschool,1,Married-civ-spouse,Farming-fishing,Husband,Black,Male,0,0,40,Haiti
39672,40,Private,Bachelors,13,Never-married,Prof-specialty,Not-in-family,White,Female,0,0,60,United-States
34891,50,Private,Masters,14,Married-civ-spouse,Exec-managerial,Husband,White,Male,0,0,55,United-States
46700,42,Private,HS-grad,9,Married-civ-spouse,Craft-repair,Husband,White,Male,7688,0,50,United-States
338,49,Private,Masters,14,Never-married,Prof-specialty,Not-in-family,White,Male,0,0,60,United-States
31511,42,Private,Bachelors,13,Married-civ-spouse,Tech-support,Husband,White,Male,0,0,50,United-States
11738,47,Private,HS-grad,9,Married-civ-spouse,Transport-moving,Husband,White,Male,0,0,40,United-States
45315,40,Private,HS-grad,9,Married-civ-spouse,Adm-clerical,Wife,White,Female,4064,0,12,United-States
2745,43,Private,Some-college,10,Married-civ-spouse,Sales,Husband,White,Male,7688,0,40,United-States
45652,50,Private,10th,6,Divorced,Adm-clerical,Unmarried,White,Female,0,0,40,United-States
17034,49,Private,Some-college,10,Married-civ-spouse,Sales,Husband,White,Male,0,0,44,United-States
4798,46,Self-emp-inc,Bachelors,13,Married-civ-spouse,Sales,Husband,White,Male,0,0,50,United-States
23541,43,Private,HS-grad,9,Married-civ-spouse,Craft-repair,Husband,White,Male,0,0,55,United-States
12339,47,State-gov,Doctorate,16,Divorced,Prof-specialty,Unmarried,White,Male,0,0,50,France
14782,48,Private,Masters,14,Married-civ-spouse,Exec-managerial,Wife,White,Female,0,1902,38,United-States
39236,43,Private,Masters,14,Divorced,Prof-specialty,Not-in-family,White,Male,0,0,40,Canada
26055,43,Private,HS-grad,9,Divorced,Tech-support,Unmarried,Black,Female,0,0,35,United-States
15022,40,Federal-gov,Bachelors,13,Never-married,Prof-specialty,Not-in-family,White,Female,0,0,45,United-States
29718,49,Local-gov,Masters,14,Married-civ-spouse,Adm-clerical,Husband,White,Male,0,0,40,Italy
34778,50,Private,Bachelors,13,Married-civ-spouse,Sales,Husband,White,Male,7688,0,40,United-States
13101,50,Private,Some-college,10,Married-civ-spouse,Sales,Husband,White,Male,0,0,40,United-States
20067,42,Private,Some-college,10,Divorced,Adm-clerical,Unmarried,White,Female,0,0,12,United-States
5768,50,Private,Some-college,10,Married-civ-spouse,Craft-repair,Husband,White,Male,0,0,40,United-States
8644,43,?,Some-college,10,Married-civ-spouse,?,Husband,White,Male,0,0,45,United-States
33099,44,Private,Some-college,10,Married-civ-spouse,Craft-repair,Husband,White,Male,5178,0,40,United-States
25383,49,Local-gov,Masters,14,Separated,Prof-specialty,Unmarried,White,Female,0,0,70,United-States
34405,42,Private,HS-grad,9,Never-married,Machine-op-inspct,Unmarried,Black,Female,0,0,40,United-States
5009,42,Private,Bachelors,13,Married-civ-spouse,Transport-moving,Husband,White,Male,0,0,40,United-States
27469,48,Private,Prof-school,15,Divorced,Sales,Not-in-family,White,Male,0,0,13,United-States
12326,45,Private,Assoc-acdm,12,Married-civ-spouse,Handlers-cleaners,Husband,White,Male,0,0,40,United-States
47042,48,Private,Some-college,10,Married-civ-spouse,Other-service,Husband,Black,Male,0,0,40,United-States
23431,43,Self-emp-inc,HS-grad,9,Married-civ-spouse,Craft-repair,Husband,White,Male,0,0,60,United-States
39376,45,Private,Bachelors,13,Married-civ-spouse,Exec-managerial,Husband,White,Male,0,0,60,United-States
26592,43,Private,Masters,14,Married-civ-spouse,Exec-managerial,Wife,White,Female,15024,0,32,United-States
1915,41,Self-emp-not-inc,Some-college,10,Divorced,Craft-repair,Not-in-family,White,Male,0,0,40,United-States
30804,47,Private,HS-grad,9,Married-civ-spouse,Machine-op-inspct,Husband,White,Male,0,0,40,United-States
46530,46,Private,Some-college,10,Married-civ-spouse,Prof-specialty,Husband,White,Male,0,0,40,United-States
29294,46,Private,HS-grad,9,Separated,Craft-repair,Not-in-family,White,Male,0,0,37,United-States
40027,50,Private,HS-grad,9,Never-married,Exec-managerial,Not-in-family,White,Male,0,0,40,United-States
43239,43,Self-emp-not-inc,Bachelors,13,Married-civ-spouse,Exec-managerial,Husband,White,Male,0,0,60,United-States
11048,43,Private,Some-college,10,Divorced,Tech-support,Own-child,White,Female,0,1617,72,United-States
10212,44,State-gov,Bachelors,13,Married-civ-spouse,Protective-serv,Husband,White,Male,0,0,44,United-States
29742,50,Private,Masters,14,Married-civ-spouse,Prof-specialty,Husband,White,Male,7688,0,50,United-States
19925,40,Private,11th,7,Married-civ-spouse,Machine-op-inspct,Husband,White,Male,0,0,30,United-States
40975,42,Private,Bachelors,13,Married-civ-spouse,Other-service,Husband,Black,Male,0,0,35,United-States
17120,44,Private,HS-grad,9,Divorced,Handlers-cleaners,Not-in-family,White,Female,0,0,48,United-States
11435,46,Private,HS-grad,9,Married-civ-spouse,Transport-moving,Husband,White,Male,0,0,40,United-States
38113,47,Private,HS-grad,9,Separated,Craft-repair,Other-relative,White,Female,0,0,40,United-States
13190,43,Private,Some-college,10,Married-civ-spouse,Prof-specialty,Husband,White,Male,0,0,48,United-States
40184,48,Local-gov,HS-grad,9,Married-civ-spouse,Craft-repair,Husband,White,Male,0,0,40,United-States
20492,43,Self-emp-inc,Bachelors,13,Married-civ-spouse,Sales,Husband,White,Male,0,0,60,United-States
4475,50,Self-emp-not-inc,Prof-school,15,Married-civ-spouse,Prof-specialty,Husband,White,Male,0,0,40,United-States
30358,41,Local-gov,Assoc-voc,11,Divorced,Craft-repair,Unmarried,White,Female,0,0,45,United-States
21924,40,Private,11th,7,Divorced,Other-service,Other-relative,White,Female,0,0,20,United-States
28564,42,Self-emp-inc,Bachelors,13,Married-civ-spouse,Exec-managerial,Husband,White,Male,0,0,45,United-States
8014,45,Private,Some-college,10,Married-civ-spouse,Sales,Husband,White,Male,0,0,65,United-States
35902,43,Private,Some-college,10,Married-civ-spouse,Craft-repair,Husband,White,Male,0,0,44,United-States
42160,46,Self-emp-not-inc,Bachelors,13,Never-married,Farming-fishing,Not-in-family,White,Female,0,0,40,United-States
10464,41,Private,Some-college,10,Divorced,Adm-clerical,Unmarried,Black,Female,0,0,37,United-States
4496,50,State-gov,Bachelors,13,Married-civ-spouse,Exec-managerial,Husband,White,Male,0,0,40,United-States
1084,41,Local-gov,Some-college,10,Married-civ-spouse,Protective-serv,Husband,White,Male,0,0,40,United-States
31260,42,Private,HS-grad,9,Never-married,Other-service,Not-in-family,White,Female,0,0,65,United-States
29555,48,Self-emp-not-inc,Some-college,10,Married-civ-spouse,Exec-managerial,Husband,Asian-Pac-Islander,Male,0,0,65,United-States
11192,47,Local-gov,Masters,14,Married-civ-spouse,Prof-specialty,Husband,White,Male,7688,0,45,United-States
18942,50,Private,Some-college,10,Married-civ-spouse,Adm-clerical,Husband,White,Male,0,0,45,United-States
28925,42,Private,Bachelors,13,Married-civ-spouse,Adm-clerical,Husband,Asian-Pac-Islander,Male,0,0,40,Philippines
23997,42,Private,HS-grad,9,Separated,Other-service,Unmarried,White,Female,0,0,25,United-States
48239,50,Private,HS-grad,9,Divorced,Other-service,Not-in-family,White,Female,0,0,32,United-States
6517,40,Private,Some-college,10,Divorced,Adm-clerical,Unmarried,White,Female,0,0,40,United-States
33769,46,Private,Masters,14,Divorced,Exec-managerial,Unmarried,White,Female,0,0,8,United-States
19559,43,Private,11th,7,Never-married,Transport-moving,Not-in-family,White,Male,0,0,42,United-States
34858,40,Private,Some-college,10,Divorced,Sales,Unmarried,Asian-Pac-Islander,Female,0,0,40,United-States
33668,43,Private,Some-college,10,Never-married,Adm-clerical,Not-in-family,White,Female,0,0,40,United-States
48404,47,State-gov,Some-college,10,Divorced,Tech-support,Unmarried,Black,Female,0,0,48,United-States
6121,48,Federal-gov,Masters,14,Married-spouse-absent,Exec-managerial,Not-in-family,White,Female,10520,0,50,United-States
35189,40,Self-emp-not-inc,HS-grad,9,Never-married,Farming-fishing,Own-child,White,Male,0,0,85,United-States
28130,41,Local-gov,Bachelors,13,Married-civ-spouse,Prof-specialty,Husband,White,Male,0,0,35,United-States
13151,48,Local-gov,HS-grad,9,Married-civ-spouse,Other-service,Husband,White,Male,0,0,40,United-States
3635,41,Private,HS-grad,9,Divorced,Craft-repair,Not-in-family,White,Male,0,0,40,United-States
3955,40,Private,HS-grad,9,Married-civ-spouse,Sales,Husband,White,Male,0,0,24,United-States
43714,49,Private,Bachelors,13,Married-civ-spouse,Handlers-cleaners,Husband,White,Male,0,0,40,United-States
9222,47,Private,11th,7,Divorced,Handlers-cleaners,Not-in-family,White,Male,0,0,40,United-States
15652,45,Private,Bachelors,13,Married-civ-spouse,Craft-repair,Husband,White,Male,0,0,72,United-States
10958,44,Private,Bachelors,13,Married-civ-spouse,Prof-specialty,Husband,White,Male,0,0,3,United-States
17171,40,Private,Bachelors,13,Never-married,Exec-managerial,Not-in-family,White,Male,0,0,30,Canada
3141,44,Private,HS-grad,9,Married-civ-spouse,Craft-repair,Husband,White,Male,0,0,65,United-States
25109,44,Private,Masters,14,Married-civ-spouse,Prof-specialty,Husband,White,Male,7298,0,40,United-States
3070,48,Private,11th,7,Divorced,Other-service,Unmarried,Black,Female,0,0,40,United-States
39122,41,Private,7th-8th,4,Married-civ-spouse,Craft-repair,Husband,White,Male,0,0,40,United-States
11294,44,Private,Bachelors,13,Never-married,Adm-clerical,Own-child,White,Female,0,0,37,United-States
43042,42,State-gov,HS-grad,9,Divorced,Adm-clerical,Not-in-family,White,Male,0,0,40,United-States
31672,40,Federal-gov,Assoc-voc,11,Married-civ-spouse,Prof-specialty,Wife,White,Female,0,0,65,United-States
25761,48,State-gov,HS-grad,9,Divorced,Craft-repair,Own-child,White,Male,8614,0,40,United-States
15710,44,Self-emp-not-inc,HS-grad,9,Married-civ-spouse,Exec-managerial,Husband,White,Male,0,0,84,United-States
16146,42,Private,Masters,14,Married-civ-spouse,Sales,Husband,White,Male,0,0,40,Ecuador
32481,41,Private,Masters,14,Married-civ-spouse,Exec-managerial,Husband,White,Male,0,0,40,United-States
48556,49,Private,HS-grad,9,Divorced,Sales,Not-in-family,White,Female,0,0,36,United-States
32139,50,Self-emp-inc,11th,7,Never-married,Exec-managerial,Other-relative,White,Male,0,2444,40,United-States
26964,50,Private,Assoc-voc,11,Married-civ-spouse,Prof-specialty,Wife,White,Female,0,1887,36,United-States
35540,41,Federal-gov,Masters,14,Divorced,Exec-managerial,Unmarried,White,Female,0,0,40,United-States
22532,40,Private,Preschool,1,Married-spouse-absent,Adm-clerical,Own-child,White,Male,0,0,40,United-States
2743,42,Private,HS-grad,9,Divorced,Other-service,Unmarried,Black,Male,0,0,35,United-States
27212,41,Self-emp-not-inc,HS-grad,9,Married-civ-spouse,Farming-fishing,Husband,White,Male,0,0,38,United-States
46797,43,Private,HS-grad,9,Married-civ-spouse,Adm-clerical,Wife,White,Female,0,0,40,United-States
8350,46,State-gov,HS-grad,9,Never-married,Other-service,Not-in-family,Black,Female,0,0,40,United-States
33534,40,Self-emp-not-inc,Some-college,10,Married-civ-spouse,Craft-repair,Husband,White,Male,0,0,45,United-States
9630,43,Private,Masters,14,Married-civ-spouse,Exec-managerial,Husband,White,Male,0,0,35,United-States
25897,42,Private,Some-college,10,Divorced,Farming-fishing,Not-in-family,White,Male,0,0,40,United-States
4536,48,Private,10th,6,Married-civ-spouse,Sales,Husband,White,Male,0,0,70,United-States
21838,40,Self-emp-not-inc,Masters,14,Separated,Exec-managerial,Unmarried,White,Female,0,0,20,United-States
36823,48,Self-emp-not-inc,11th,7,Married-civ-spouse,Exec-managerial,Wife,White,Female,0,0,30,United-States
16853,42,Private,Some-college,10,Never-married,Adm-clerical,Own-child,White,Female,0,0,40,United-States
32254,42,Self-emp-not-inc,Bachelors,13,Never-married,Farming-fishing,Own-child,White,Male,0,0,35,United-States
38849,47,Self-emp-inc,Masters,14,Married-civ-spouse,Sales,Husband,White,Male,0,0,50,United-States
45319,45,Private,10th,6,Married-civ-spouse,Adm-clerical,Husband,Black,Male,0,0,40,United-States
11337,41,State-gov,Bachelors,13,Never-married,Protective-serv,Not-in-family,Black,Male,0,1590,40,Puerto-Rico
19328,41,Private,12th,8,Separated,Craft-repair,Not-in-family,Black,Male,0,0,40,United-States
7273,49,Local-gov,Bachelors,13,Married-civ-spouse,Protective-serv,Husband,Black,Male,15024,0,40,United-States
48468,41,Private,Some-college,10,Married-civ-spouse,Craft-repair,Husband,White,Male,0,0,40,United-States
45307,47,Private,Some-college,10,Married-civ-spouse,Tech-support,Husband,White,Male,0,0,40,United-States
41072,47,State-gov,Masters,14,Married-civ-spouse,Prof-specialty,Husband,White,Male,0,0,45,United-States
25197,45,Private,Bachelors,13,Married-spouse-absent,Exec-managerial,Unmarried,White,Male,0,0,40,United-States
30347,47,Private,HS-grad,9,Married-civ-spouse,Adm-clerical,Wife,White,Female,0,0,40,Hungary
4137,44,Private,Bachelors,13,Married-civ-spouse,Exec-managerial,Husband,White,Male,0,0,50,United-States
36785,40,Private,HS-grad,9,Divorced,Exec-managerial,Not-in-family,White,Female,0,0,40,United-States
6078,42,Private,Masters,14,Never-married,Prof-specialty,Not-in-family,White,Female,0,0,40,United-States
40342,46,Local-gov,Assoc-acdm,12,Divorced,Protective-serv,Not-in-family,White,Male,0,0,40,United-States
38181,40,Private,11th,7,Married-civ-spouse,Handlers-cleaners,Husband,White,Male,0,0,40,United-States
34393,41,Self-emp-inc,Some-college,10,Married-civ-spouse,Craft-repair,Husband,White,Male,0,0,40,?
1613,45,Private,Masters,14,Married-civ-spouse,Prof-specialty,Husband,White,Male,0,0,36,England
14587,46,Local-gov,Bachelors,13,Married-civ-spouse,Exec-managerial,Husband,Black,Male,0,0,40,United-States
12658,41,Private,HS-grad,9,Married-civ-spouse,Machine-op-inspct,Husband,White,Male,0,0,48,United-States
17416,47,Local-gov,HS-grad,9,Married-civ-spouse,Other-service,Wife,White,Female,0,0,7,United-States
4048,50,Private,HS-grad,9,Widowed,Other-service,Unmarried,White,Female,0,0,40,United-States
45748,40,Local-gov,HS-grad,9,Married-civ-spouse,Protective-serv,Wife,Black,Female,0,0,75,United-States
26766,50,Local-gov,Masters,14,Married-civ-spouse,Exec-managerial,Husband,White,Male,0,0,60,United-States
14699,44,Private,Masters,14,Divorced,Sales,Not-in-family,White,Male,0,0,24,Iran
19208,46,State-gov,Some-college,10,Never-married,Other-service,Own-child,Black,Female,0,0,40,United-States
21646,47,Private,Some-college,10,Divorced,Other-service,Unmarried,White,Female,0,0,40,United-States
29236,45,Self-emp-not-inc,Bachelors,13,Married-civ-spouse,Craft-repair,Husband,White,Male,0,0,20,United-States
24944,41,Private,Bachelors,13,Married-civ-spouse,Sales,Husband,White,Male,7688,0,50,United-States
44928,50,Local-gov,Masters,14,Never-married,Prof-specialty,Not-in-family,White,Female,0,0,50,United-States
24003,41,Private,HS-grad,9,Divorced,Craft-repair,Unmarried,White,Female,0,0,50,United-States
48447,48,Private,Assoc-acdm,12,Married-spouse-absent,Craft-repair,Not-in-family,White,Male,0,0,55,United-States
41558,48,Private,Bachelors,13,Never-married,Craft-repair,Not-in-family,White,Male,99999,0,60,United-States
10026,45,Local-gov,Bachelors,13,Married-civ-spouse,Prof-specialty,Husband,White,Male,0,0,37,United-States
45474,42,Private,HS-grad,9,Divorced,Craft-repair,Not-in-family,White,Male,0,0,43,United-States
5517,43,Self-emp-not-inc,HS-grad,9,Married-civ-spouse,Craft-repair,Husband,White,Male,0,0,30,United-States
18406,46,Private,10th,6,Married-civ-spouse,Transport-moving,Husband,White,Male,0,0,40,United-States
42945,43,Private,Some-college,10,Married-civ-spouse,Prof-specialty,Husband,White,Male,0,0,40,United-States
42462,41,Private,Bachelors,13,Married-civ-spouse,Prof-specialty,Wife,White,Female,0,0,40,United-States
39375,45,State-gov,Bachelors,13,Divorced,Adm-clerical,Not-in-family,White,Female,0,0,40,United-States
38614,41,Self-emp-inc,Bachelors,13,Widowed,Exec-managerial,Not-in-family,Black,Female,0,0,45,United-States
14659,42,Self-emp-not-inc,Bachelors,13,Married-civ-spouse,Exec-managerial,Husband,White,Male,0,0,60,United-States
3710,41,Local-gov,Bachelors,13,Married-civ-spouse,Prof-specialty,Wife,White,Female,0,1740,20,United-States
19483,46,Self-emp-not-inc,Some-college,10,Separated,Prof-specialty,Not-in-family,White,Male,0,0,20,United-States
8274,48,Private,5th-6th,3,Never-married,Handlers-cleaners,Not-in-family,White,Male,0,0,40,Mexico
16805,42,Self-emp-not-inc,HS-grad,9,Separated,Other-service,Not-in-family,White,Female,0,0,22,United-States
47639,48,Local-gov,Some-college,10,Divorced,Exec-managerial,Not-in-family,White,Female,0,0,52,United-States
31216,49,Private,Some-college,10,Separated,Exec-managerial,Unmarried,Black,Female,0,0,60,United-States
40178,42,Private,Bachelors,13,Married-civ-spouse,Adm-clerical,Wife,White,Female,0,0,40,United-States
6337,42,Local-gov,Masters,14,Divorced,Prof-specialty,Unmarried,White,Female,0,0,45,United-States
42117,47,Self-emp-not-inc,HS-grad,9,Married-civ-spouse,Exec-managerial,Husband,White,Male,0,0,40,United-States
45126,50,Self-emp-not-inc,10th,6,Married-civ-spouse,Exec-managerial,Husband,White,Male,0,0,60,United-States
23599,42,Private,Bachelors,13,Married-civ-spouse,Exec-managerial,Husband,White,Male,0,0,45,United-States
29535,43,State-gov,Doctorate,16,Never-married,Prof-specialty,Not-in-family,White,Female,0,0,40,United-States
8329,46,Private,Bachelors,13,Never-married,Prof-specialty,Not-in-family,White,Female,0,0,40,United-States
24308,42,Private,HS-grad,9,Never-married,Adm-clerical,Other-relative,Black,Female,0,2339,40,Trinadad&Tobago
19292,50,Self-emp-not-inc,Prof-school,15,Married-civ-spouse,Prof-specialty,Husband,White,Male,0,0,50,United-States
7002,45,Local-gov,Bachelors,13,Married-civ-spouse,Prof-specialty,Husband,Black,Male,0,0,40,United-States
17773,46,Private,HS-grad,9,Married-civ-spouse,Machine-op-inspct,Husband,White,Male,0,0,40,United-States
3095,46,Local-gov,Bachelors,13,Married-civ-spouse,Prof-specialty,Wife,White,Female,0,0,70,United-States
1175,47,Private,HS-grad,9,Married-civ-spouse,Other-service,Husband,White,Male,0,0,40,United-States
6436,40,Private,HS-grad,9,Widowed,Machine-op-inspct,Unmarried,Black,Female,0,0,37,United-States
47063,48,Private,HS-grad,9,Divorced,Transport-moving,Other-relative,White,Male,0,0,60,United-States
47202,47,Federal-gov,Bachelors,13,Married-civ-spouse,Adm-clerical,Husband,White,Male,0,0,48,United-States
20876,43,Private,HS-grad,9,Separated,Exec-managerial,Unmarried,Black,Female,0,0,40,United-States
15057,50,Private,Some-college,10,Married-civ-spouse,Craft-repair,Husband,White,Male,0,0,40,United-States
24476,41,?,HS-grad,9,Divorced,?,Not-in-family,Black,Female,0,0,28,United-States
21227,47,Private,Masters,14,Married-civ-spouse,Prof-specialty,Husband,White,Male,0,0,40,?
4964,47,Private,Masters,14,Never-married,Prof-specialty,Not-in-family,White,Female,0,0,35,United-States
10416,48,Private,HS-grad,9,Married-civ-spouse,Adm-clerical,Wife,White,Female,0,0,40,Germany
30112,41,Federal-gov,Prof-school,15,Married-civ-spouse,Prof-specialty,Husband,White,Male,0,0,50,India
31637,41,Private,Bachelors,13,Married-civ-spouse,Exec-managerial,Wife,White,Female,0,0,40,United-States
7259,42,State-gov,Prof-school,15,Married-civ-spouse,Prof-specialty,Husband,Asian-Pac-Islander,Male,0,0,72,India
2797,47,Self-emp-inc,Prof-school,15,Married-civ-spouse,Prof-specialty,Husband,White,Male,0,1977,60,United-States
38123,46,Private,Some-college,10,Married-civ-spouse,Adm-clerical,Husband,White,Male,0,0,40,United-States
22321,42,Local-gov,Masters,14,Never-married,Prof-specialty,Not-in-family,White,Female,0,1741,35,United-States
2661,48,Private,HS-grad,9,Married-civ-spouse,Craft-repair,Husband,White,Male,0,0,45,United-States
2644,47,Private,Assoc-voc,11,Married-civ-spouse,Craft-repair,Husband,White,Male,7688,0,40,United-States
33765,41,Private,Some-college,10,Never-married,Sales,Not-in-family,White,Male,0,0,40,United-States
48037,49,Local-gov,Bachelors,13,Married-civ-spouse,Exec-managerial,Husband,White,Male,0,0,40,United-States
11540,42,Private,HS-grad,9,Married-civ-spouse,Craft-repair,Husband,White,Male,0,0,50,United-States
6819,44,Private,HS-grad,9,Married-civ-spouse,Machine-op-inspct,Husband,Black,Male,0,0,40,United-States
5751,47,Private,HS-grad,9,Divorced,Exec-managerial,Unmarried,Black,Female,0,0,40,United-States
14590,42,Self-emp-not-inc,Bachelors,13,Married-civ-spouse,Farming-fishing,Husband,White,Male,0,0,50,United-States
4790,41,Federal-gov,HS-grad,9,Married-civ-spouse,Other-service,Husband,White,Male,0,0,40,United-States
33648,45,Self-emp-inc,Bachelors,13,Married-civ-spouse,Exec-managerial,Husband,White,Male,15024,0,48,United-States
2841,44,Private,Prof-school,15,Never-married,Prof-specialty,Not-in-family,White,Male,14084,0,40,United-States
24617,41,Private,Bachelors,13,Married-civ-spouse,Prof-specialty,Husband,White,Male,0,0,56,United-States
39723,45,Private,Bachelors,13,Married-civ-spouse,Sales,Husband,White,Male,0,0,55,United-States
29902,41,Private,HS-grad,9,Married-civ-spouse,Craft-repair,Husband,White,Male,0,0,60,United-States
14733,47,Private,Some-college,10,Married-civ-spouse,Craft-repair,Husband,Amer-Indian-Eskimo,Male,0,0,40,United-States
25464,41,Private,HS-grad,9,Never-married,Exec-managerial,Not-in-family,Asian-Pac-Islander,Male,0,0,60,United-States
20604,49,Self-emp-not-inc,Bachelors,13,Married-civ-spouse,Craft-repair,Husband,White,Male,0,0,50,United-States
6240,48,Private,Some-college,10,Separated,Adm-clerical,Other-relative,Black,Female,0,0,40,United-States
43361,44,Self-emp-inc,Some-college,10,Married-civ-spouse,Sales,Husband,White,Male,0,0,45,United-States
21798,44,Self-emp-not-inc,Bachelors,13,Divorced,Exec-managerial,Not-in-family,White,Male,0,0,40,United-States
9360,43,Private,HS-grad,9,Married-civ-spouse,Handlers-cleaners,Husband,White,Male,0,0,50,United-States
20081,45,Private,Assoc-voc,11,Married-civ-spouse,Craft-repair,Husband,White,Male,0,0,40,United-States
40425,45,Private,HS-grad,9,Divorced,Exec-managerial,Unmarried,White,Female,0,0,30,United-States
35708,42,Private,Some-college,10,Married-civ-spouse,Farming-fishing,Husband,White,Male,0,0,40,Guatemala
37569,50,Private,Prof-school,15,Married-civ-spouse,Exec-managerial,Husband,White,Male,15024,0,50,United-States
20194,49,Private,Doctorate,16,Married-civ-spouse,Prof-specialty,Husband,Other,Male,0,0,50,United-States
23292,43,Self-emp-not-inc,HS-grad,9,Divorced,Craft-repair,Unmarried,Amer-Indian-Eskimo,Male,0,0,30,United-States
897,47,Private,Some-college,10,Divorced,Sales,Own-child,White,Male,0,0,55,United-States
6555,40,Local-gov,HS-grad,9,Married-civ-spouse,Transport-moving,Husband,White,Male,0,0,40,United-States
25882,50,Self-emp-inc,Bachelors,13,Married-civ-spouse,Adm-clerical,Husband,White,Male,0,0,40,United-States
10378,44,Self-emp-inc,HS-grad,9,Married-civ-spouse,Transport-moving,Husband,White,Male,0,0,96,United-States
11656,46,Federal-gov,HS-grad,9,Never-married,Handlers-cleaners,Not-in-family,White,Male,0,0,40,United-States
39161,49,Private,HS-grad,9,Married-civ-spouse,Adm-clerical,Husband,White,Male,5178,0,40,United-States
46903,47,Self-emp-not-inc,HS-grad,9,Married-civ-spouse,Craft-repair,Husband,White,Male,0,0,40,United-States
23630,43,Local-gov,12th,8,Married-civ-spouse,Transport-moving,Husband,White,Male,0,1579,40,United-States
5140,40,State-gov,Assoc-voc,11,Married-civ-spouse,Other-service,Husband,Black,Male,0,0,30,United-States
26486,45,Private,HS-grad,9,Married-civ-spouse,Machine-op-inspct,Husband,Black,Male,0,0,40,United-States
22068,48,Private,Some-college,10,Never-married,Craft-repair,Not-in-family,Black,Female,0,0,40,United-States
41212,42,Private,Assoc-voc,11,Married-civ-spouse,Craft-repair,Husband,White,Male,0,0,52,United-States
4609,43,Private,HS-grad,9,Divorced,Exec-managerial,Not-in-family,White,Female,0,0,40,United-States
23643,50,State-gov,Bachelors,13,Married-spouse-absent,Prof-specialty,Not-in-family,White,Male,6849,0,40,United-States
7163,42,Federal-gov,HS-grad,9,Divorced,Adm-clerical,Not-in-family,Black,Male,0,0,40,United-States
15722,45,Private,HS-grad,9,Married-civ-spouse,Prof-specialty,Wife,White,Female,0,0,14,United-States
35920,45,Private,Assoc-voc,11,Divorced,Sales,Not-in-family,White,Male,0,0,50,United-States
18170,41,State-gov,HS-grad,9,Married-civ-spouse,Adm-clerical,Wife,White,Female,0,0,40,United-States
19096,40,Private,HS-grad,9,Divorced,Handlers-cleaners,Not-in-family,Black,Male,0,0,35,United-States
22306,44,Private,Some-college,10,Divorced,Adm-clerical,Unmarried,White,Female,0,0,40,United-States
38341,43,Private,Bachelors,13,Never-married,Adm-clerical,Not-in-family,Black,Male,0,0,50,Outlying-US(Guam-USVI-etc)
43595,49,Private,Some-college,10,Divorced,Adm-clerical,Unmarried,White,Female,0,0,32,United-States
46690,41,Private,Assoc-voc,11,Married-civ-spouse,Sales,Husband,White,Male,0,0,63,United-States
38436,45,Private,Some-college,10,Married-civ-spouse,Sales,Husband,White,Male,0,0,60,United-States
15245,49,Private,Some-college,10,Married-civ-spouse,Sales,Husband,White,Male,7688,0,40,United-States
33435,50,?,HS-grad,9,Married-civ-spouse,?,Husband,Black,Male,0,0,45,Haiti
21164,42,Private,Assoc-acdm,12,Married-civ-spouse,Sales,Husband,White,Male,0,0,55,United-States
41001,40,Private,Bachelors,13,Married-civ-spouse,Exec-managerial,Husband,White,Male,0,1977,60,United-States
1695,44,Private,Some-college,10,Married-civ-spouse,Sales,Husband,White,Male,0,0,50,United-States
44138,48,Private,Assoc-voc,11,Married-civ-spouse,Adm-clerical,Husband,White,Male,0,0,40,United-States
22391,50,Private,Masters,14,Married-civ-spouse,Craft-repair,Husband,White,Male,0,1902,45,United-States
31015,49,Private,7th-8th,4,Married-civ-spouse,Transport-moving,Husband,White,Male,2407,0,50,United-States
32036,40,Private,Preschool,1,Married-civ-spouse,Other-service,Husband,White,Male,0,1672,40,Mexico
43759,50,Local-gov,HS-grad,9,Married-civ-spouse,Transport-moving,Husband,White,Male,0,0,40,United-States
30982,43,Private,Bachelors,13,Divorced,Sales,Not-in-family,White,Male,0,0,40,United-States
29858,40,Private,Assoc-acdm,12,Married-civ-spouse,Sales,Husband,White,Male,0,0,60,United-States
3039,44,Local-gov,12th,8,Married-civ-spouse,Craft-repair,Husband,White,Male,0,0,55,United-States
25086,46,Self-emp-not-inc,HS-grad,9,Married-civ-spouse,Exec-managerial,Husband,White,Male,0,0,50,United-States
7177,44,Self-emp-inc,HS-grad,9,Married-civ-spouse,Transport-moving,Husband,White,Male,0,0,60,?
35926,41,Self-emp-inc,Some-college,10,Married-civ-spouse,Farming-fishing,Husband,White,Male,0,0,60,United-States
24780,43,?,HS-grad,9,Married-civ-spouse,?,Husband,White,Male,0,0,40,United-States
1817,46,Local-gov,HS-grad,9,Married-civ-spouse,Craft-repair,Husband,White,Male,0,1902,40,United-States
3925,50,Private,Assoc-acdm,12,Married-civ-spouse,Adm-clerical,Husband,White,Male,0,0,60,Columbia
34780,49,Private,Some-college,10,Married-civ-spouse,Exec-managerial,Husband,White,Male,0,0,46,United-States
3249,46,Self-emp-inc,Bachelors,13,Married-civ-spouse,Sales,Husband,White,Male,0,0,45,United-States
46757,43,Local-gov,Bachelors,13,Divorced,Adm-clerical,Not-in-family,White,Female,0,0,34,United-States
17115,40,Private,HS-grad,9,Widowed,Machine-op-inspct,Unmarried,White,Female,0,0,40,United-States
14235,44,Private,HS-grad,9,Married-civ-spouse,Exec-managerial,Wife,Asian-Pac-Islander,Female,0,0,40,?
16955,42,Local-gov,Some-college,10,Married-civ-spouse,Transport-moving,Husband,White,Male,0,0,40,United-States
37815,40,Private,HS-grad,9,Divorced,Priv-house-serv,Unmarried,White,Female,0,0,32,United-States
32128,50,Private,11th,7,Divorced,Sales,Not-in-family,White,Female,0,0,40,United-States
8859,40,Private,Bachelors,13,Married-civ-spouse,Prof-specialty,Husband,White,Male,0,0,40,United-States
8291,50,Private,HS-grad,9,Married-civ-spouse,Transport-moving,Husband,White,Male,0,0,50,United-States
4623,49,Private,Bachelors,13,Married-civ-spouse,Exec-managerial,Husband,White,Male,0,0,45,United-States
32085,48,Private,9th,5,Widowed,Transport-moving,Unmarried,White,Male,0,0,40,United-States
37264,45,Private,Some-college,10,Divorced,Sales,Not-in-family,White,Male,0,0,40,United-States
12724,46,Self-emp-not-inc,Prof-school,15,Married-civ-spouse,Prof-specialty,Husband,White,Male,0,0,65,United-States
987,41,Private,HS-grad,9,Never-married,Craft-repair,Own-child,Black,Female,0,0,35,United-States
3777,40,Federal-gov,Some-college,10,Divorced,Adm-clerical,Not-in-family,White,Female,0,0,50,United-States
47291,41,Private,Masters,14,Divorced,Other-service,Unmarried,Black,Female,0,0,30,United-States
14203,49,Private,Assoc-voc,11,Divorced,Exec-managerial,Not-in-family,White,Male,0,0,45,United-States
37565,43,Self-emp-inc,Bachelors,13,Married-civ-spouse,Farming-fishing,Wife,White,Female,0,0,60,United-States
30401,50,Self-emp-inc,Some-college,10,Married-civ-spouse,Machine-op-inspct,Husband,White,Male,0,0,70,Germany
18468,44,Private,11th,7,Separated,Other-service,Unmarried,Black,Female,0,0,30,United-States
9883,43,Private,Some-college,10,Divorced,Tech-support,Not-in-family,White,Female,0,0,50,United-States
29896,40,Private,Some-college,10,Never-married,Exec-managerial,Not-in-family,White,Male,0,0,50,United-States
31339,46,Private,Bachelors,13,Divorced,Prof-specialty,Not-in-family,White,Male,0,0,45,England
25619,45,Federal-gov,Bachelors,13,Married-civ-spouse,Exec-managerial,Husband,White,Male,0,0,50,United-States
1833,46,Local-gov,Some-college,10,Married-civ-spouse,Prof-specialty,Husband,White,Male,0,0,24,United-States
47312,46,Private,Assoc-acdm,12,Married-civ-spouse,Adm-clerical,Wife,White,Female,0,0,56,United-States
14018,40,Self-emp-inc,Bachelors,13,Married-civ-spouse,Exec-managerial,Husband,White,Male,0,0,50,United-States
47840,44,Private,Some-college,10,Married-civ-spouse,Sales,Husband,Black,Male,0,0,50,United-States
29304,48,Private,Some-college,10,Married-civ-spouse,Exec-managerial,Husband,White,Male,0,0,65,United-States
28315,45,Self-emp-not-inc,HS-grad,9,Married-civ-spouse,Exec-managerial,Husband,White,Male,0,0,50,United-States
36466,41,Self-emp-not-inc,Bachelors,13,Divorced,Sales,Not-in-family,White,Male,0,0,45,United-States
39610,42,Private,Some-college,10,Married-civ-spouse,Craft-repair,Husband,White,Male,0,0,50,United-States
31933,47,Self-emp-not-inc,Some-college,10,Never-married,Farming-fishing,Not-in-family,White,Male,0,0,60,United-States
16423,50,Self-emp-inc,Prof-school,15,Married-civ-spouse,Prof-specialty,Husband,White,Male,99999,0,80,United-States
45357,49,Private,10th,6,Divorced,Machine-op-inspct,Not-in-family,White,Female,0,0,32,United-States
18011,46,?,HS-grad,9,Married-spouse-absent,?,Not-in-family,Asian-Pac-Islander,Male,0,0,40,Philippines
20865,44,State-gov,Bachelors,13,Married-civ-spouse,Adm-clerical,Husband,White,Male,0,0,46,United-States
21224,46,Self-emp-not-inc,HS-grad,9,Married-civ-spouse,Sales,Own-child,White,Female,7298,0,40,United-States
29803,47,Private,Bachelors,13,Married-civ-spouse,Craft-repair,Husband,White,Male,0,0,40,United-States
46066,45,Private,Bachelors,13,Married-civ-spouse,Exec-managerial,Husband,White,Male,0,0,45,United-States
11625,49,Local-gov,Masters,14,Married-civ-spouse,Adm-clerical,Husband,White,Male,0,0,40,United-States
5755,48,Private,Bachelors,13,Married-civ-spouse,Prof-specialty,Husband,White,Male,0,0,45,Canada
9492,46,Private,Bachelors,13,Married-civ-spouse,Exec-managerial,Husband,White,Male,0,0,44,United-States
43380,49,Self-emp-not-inc,HS-grad,9,Divorced,Sales,Not-in-family,White,Female,0,0,30,United-States
31456,40,Local-gov,Bachelors,13,Married-civ-spouse,Prof-specialty,Husband,White,Male,0,0,20,United-States
13705,48,Private,11th,7,Married-civ-spouse,Farming-fishing,Husband,White,Male,0,0,50,United-States
39837,49,Self-emp-not-inc,HS-grad,9,Married-civ-spouse,Sales,Husband,White,Male,0,0,40,United-States
42077,45,Self-emp-inc,HS-grad,9,Married-civ-spouse,Sales,Husband,White,Male,0,0,55,United-States
41341,48,Private,Some-college,10,Divorced,Sales,Unmarried,White,Female,0,0,55,United-States
44903,46,Local-gov,Prof-school,15,Separated,Prof-specialty,Not-in-family,Black,Male,4650,0,40,United-States
12085,40,State-gov,Assoc-voc,11,Never-married,Craft-repair,Not-in-family,White,Male,0,0,40,United-States
36774,43,Local-gov,Assoc-voc,11,Divorced,Prof-specialty,Unmarried,White,Female,0,0,36,United-States
22362,43,Private,Doctorate,16,Married-civ-spouse,Prof-specialty,Husband,White,Male,99999,0,55,United-States
41069,50,Self-emp-not-inc,Masters,14,Married-civ-spouse,Exec-managerial,Husband,White,Male,0,0,60,United-States
35445,47,Private,Some-college,10,Married-civ-spouse,Sales,Husband,White,Male,0,0,40,United-States
37925,46,Private,HS-grad,9,Married-civ-spouse,Craft-repair,Husband,White,Male,0,0,50,United-States
31920,44,Private,7th-8th,4,Married-civ-spouse,Machine-op-inspct,Wife,White,Female,0,0,40,Dominican-Republic
26302,42,Private,11th,7,Married-civ-spouse,Machine-op-inspct,Husband,White,Male,0,0,40,United-States
48083,42,Self-emp-not-inc,HS-grad,9,Married-civ-spouse,Sales,Husband,White,Male,0,0,60,United-States
45768,50,Local-gov,Some-college,10,Divorced,Adm-clerical,Own-child,White,Male,0,0,43,United-States
7884,47,Self-emp-not-inc,Some-college,10,Married-civ-spouse,Craft-repair,Husband,White,Male,0,0,40,United-States
6298,50,Local-gov,Some-college,10,Separated,Other-service,Unmarried,Black,Female,0,0,28,United-States
35327,47,Private,Some-college,10,Never-married,Craft-repair,Not-in-family,White,Male,0,0,40,United-States
10313,48,Private,Some-college,10,Separated,Other-service,Not-in-family,White,Female,0,0,25,Peru
24462,49,?,HS-grad,9,Married-civ-spouse,?,Husband,White,Male,0,0,60,United-States
40997,43,Private,Assoc-acdm,12,Married-civ-spouse,Exec-managerial,Husband,White,Male,0,2002,44,United-States
35671,45,State-gov,Some-college,10,Married-civ-spouse,Protective-serv,Husband,White,Male,0,0,40,United-States
26191,45,Self-emp-inc,Prof-school,15,Married-civ-spouse,Prof-specialty,Husband,White,Male,0,1485,50,United-States
28749,48,Private,Masters,14,Married-civ-spouse,Exec-managerial,Husband,White,Male,0,0,50,United-States
24566,49,State-gov,Masters,14,Married-civ-spouse,Prof-specialty,Husband,White,Male,0,0,45,United-States
14278,42,Federal-gov,Masters,14,Married-civ-spouse,Prof-specialty,Husband,White,Male,0,1902,40,United-States
27347,41,Private,Masters,14,Married-civ-spouse,Exec-managerial,Husband,White,Male,0,0,45,United-States
33468,50,Self-emp-inc,HS-grad,9,Married-civ-spouse,Exec-managerial,Husband,White,Male,0,0,60,United-States
42715,41,Local-gov,Masters,14,Married-civ-spouse,Prof-specialty,Husband,White,Male,0,0,35,United-States
30976,40,Private,Doctorate,16,Married-civ-spouse,Prof-specialty,Husband,Asian-Pac-Islander,Male,0,1977,45,Hong
37110,40,Private,HS-grad,9,Married-civ-spouse,Craft-repair,Husband,White,Male,0,0,45,United-States
7651,43,Private,11th,7,Married-civ-spouse,Sales,Husband,White,Male,0,0,60,United-States
22393,40,Local-gov,HS-grad,9,Married-civ-spouse,Craft-repair,Husband,Black,Male,0,0,35,United-States
411,41,Local-gov,Some-college,10,Divorced,Other-service,Not-in-family,Black,Female,0,0,24,United-States
11869,49,State-gov,10th,6,Married-civ-spouse,Other-service,Husband,White,Male,0,0,40,United-States
35353,45,Private,Some-college,10,Never-married,Exec-managerial,Not-in-family,White,Female,6849,0,43,United-States
48433,41,State-gov,Bachelors,13,Married-civ-spouse,Prof-specialty,Husband,White,Male,0,0,50,United-States
4650,48,Private,Some-college,10,Separated,Sales,Unmarried,Black,Female,0,0,35,United-States
19423,41,Local-gov,Masters,14,Divorced,Prof-specialty,Unmarried,White,Female,0,0,40,United-States
39106,41,Private,HS-grad,9,Married-civ-spouse,Craft-repair,Husband,White,Male,0,0,40,United-States
9794,45,State-gov,Masters,14,Married-civ-spouse,Adm-clerical,Husband,White,Male,0,0,40,India
26841,47,Self-emp-not-inc,Bachelors,13,Married-civ-spouse,Sales,Husband,White,Male,0,0,40,United-States
29929,47,Self-emp-not-inc,Doctorate,16,Married-civ-spouse,Transport-moving,Husband,White,Male,0,2002,45,United-States
8982,47,Private,Masters,14,Married-civ-spouse,Exec-managerial,Husband,White,Male,0,0,65,United-States
17181,45,Private,Some-college,10,Divorced,Sales,Own-child,White,Male,0,0,45,United-States
38265,45,Private,Bachelors,13,Married-civ-spouse,Craft-repair,Husband,White,Male,0,0,50,United-States
26786,42,Private,11th,7,Divorced,Craft-repair,Not-in-family,White,Male,0,0,40,United-States
237,40,State-gov,Some-college,10,Never-married,Adm-clerical,Not-in-family,White,Female,0,0,38,United-States
37101,48,Private,Bachelors,13,Married-civ-spouse,Other-service,Wife,White,Female,0,1902,40,?
1565,42,Federal-gov,HS-grad,9,Separated,Other-service,Other-relative,Black,Female,0,0,40,United-States
36342,40,Self-emp-inc,Some-college,10,Married-civ-spouse,Exec-managerial,Husband,White,Male,7298,0,65,United-States
9719,49,Self-emp-not-inc,Prof-school,15,Married-civ-spouse,Prof-specialty,Husband,White,Male,0,0,85,United-States
46833,44,Private,Bachelors,13,Divorced,Sales,Unmarried,White,Female,0,0,75,United-States
17790,42,Self-emp-not-inc,Prof-school,15,Married-civ-spouse,Prof-specialty,Husband,White,Male,99999,0,50,United-States
15807,45,Self-emp-inc,Assoc-acdm,12,Married-civ-spouse,Prof-specialty,Husband,White,Male,0,0,50,United-States
7097,46,Private,Bachelors,13,Divorced,Machine-op-inspct,Not-in-family,White,Male,0,1590,40,?
17803,43,Private,HS-grad,9,Separated,Transport-moving,Not-in-family,White,Male,0,0,40,United-States
21727,41,Private,HS-grad,9,Married-civ-spouse,Craft-repair,Husband,White,Male,0,1485,40,United-States
35092,47,Private,Assoc-voc,11,Married-civ-spouse,Tech-support,Husband,White,Male,0,0,52,United-States
43355,44,Private,HS-grad,9,Divorced,Machine-op-inspct,Not-in-family,White,Female,0,0,40,United-States
28867,43,State-gov,Bachelors,13,Married-civ-spouse,Prof-specialty,Husband,White,Male,0,0,37,United-States
18960,47,Private,HS-grad,9,Married-civ-spouse,Transport-moving,Husband,White,Male,0,0,40,United-States
33786,45,Private,Some-college,10,Separated,Other-service,Unmarried,White,Female,0,0,40,United-States
137,43,Self-emp-not-inc,HS-grad,9,Married-civ-spouse,Craft-repair,Husband,White,Male,0,0,60,United-States
17202,44,Local-gov,Masters,14,Divorced,Prof-specialty,Unmarried,White,Female,0,0,16,?
38780,44,Private,Some-college,10,Married-civ-spouse,Sales,Wife,White,Female,4386,0,40,United-States
4340,46,Federal-gov,Bachelors,13,Married-civ-spouse,Prof-specialty,Husband,White,Male,0,0,40,United-States
28635,41,Private,HS-grad,9,Never-married,Other-service,Own-child,White,Male,0,0,40,Peru
23280,50,Private,Masters,14,Divorced,Sales,Not-in-family,White,Female,0,0,40,United-States
31275,49,Private,HS-grad,9,Married-civ-spouse,Craft-repair,Husband,White,Male,0,0,42,United-States
2952,48,Private,Some-college,10,Widowed,Exec-managerial,Unmarried,Black,Female,0,1669,38,United-States
28217,47,Local-gov,12th,8,Married-civ-spouse,Adm-clerical,Husband,White,Male,0,0,35,Puerto-Rico
27166,45,Federal-gov,Masters,14,Divorced,Exec-managerial,Not-in-family,White,Male,0,0,40,United-States
27135,40,State-gov,Masters,14,Divorced,Prof-specialty,Unmarried,White,Female,0,0,20,United-States
29374,41,Private,Masters,14,Divorced,Exec-managerial,Unmarried,White,Female,0,0,40,United-States
39339,43,Private,HS-grad,9,Married-civ-spouse,Craft-repair,Husband,White,Male,0,0,40,United-States
12978,44,Private,HS-grad,9,Married-civ-spouse,Transport-moving,Husband,White,Male,0,0,40,United-States
40292,41,Private,Masters,14,Married-civ-spouse,Exec-managerial,Husband,White,Male,0,0,50,United-States
3470,50,Private,Some-college,10,Married-civ-spouse,Sales,Husband,White,Male,0,0,60,United-States
2670,49,Private,Some-college,10,Widowed,Exec-managerial,Not-in-family,White,Female,0,0,40,United-States
38331,43,Private,HS-grad,9,Never-married,Sales,Not-in-family,White,Female,0,0,40,United-States
34359,45,Private,HS-grad,9,Never-married,Machine-op-inspct,Own-child,Black,Female,0,0,40,United-States
38544,41,Private,11th,7,Married-civ-spouse,Craft-repair,Husband,Black,Male,0,0,40,United-States
25028,42,Private,Assoc-acdm,12,Married-civ-spouse,Sales,Husband,White,Male,0,0,40,United-States
7044,41,Private,Doctorate,16,Divorced,Sales,Unmarried,White,Female,0,0,50,United-States
15879,40,Private,Prof-school,15,Married-civ-spouse,Prof-specialty,Husband,White,Male,15024,0,45,United-States
20956,40,Private,11th,7,Separated,Machine-op-inspct,Not-in-family,Black,Male,0,0,36,United-States
4112,43,Private,Some-college,10,Divorced,Transport-moving,Not-in-family,White,Male,0,0,45,United-States
10653,43,Local-gov,Assoc-acdm,12,Married-civ-spouse,Tech-support,Husband,White,Male,0,0,43,United-States
29101,43,Private,12th,8,Married-civ-spouse,Craft-repair,Husband,White,Male,0,0,40,United-States
35837,50,Private,HS-grad,9,Never-married,Exec-managerial,Unmarried,White,Male,0,0,51,United-States
48720,46,Private,Some-college,10,Married-civ-spouse,Exec-managerial,Husband,White,Male,0,1902,50,United-States
45588,48,Self-emp-not-inc,Bachelors,13,Separated,Tech-support,Not-in-family,White,Male,0,0,50,United-States
31282,46,Self-emp-not-inc,HS-grad,9,Married-civ-spouse,Exec-managerial,Husband,White,Male,0,0,40,United-States
20377,42,Self-emp-not-inc,Prof-school,15,Divorced,Prof-specialty,Unmarried,White,Female,7430,0,44,United-States
30972,41,Local-gov,Some-college,10,Married-civ-spouse,Protective-serv,Husband,White,Male,0,0,45,United-States
38374,45,Private,Bachelors,13,Married-civ-spouse,Sales,Husband,White,Male,0,0,50,United-States
5630,46,Private,Some-college,10,Married-civ-spouse,Craft-repair,Other-relative,Asian-Pac-Islander,Male,0,0,40,India
19831,42,?,HS-grad,9,Married-spouse-absent,?,Not-in-family,White,Male,0,0,35,United-States
18589,43,Self-emp-inc,HS-grad,9,Married-civ-spouse,Sales,Husband,White,Male,0,0,55,United-States
27719,42,Private,Some-college,10,Married-civ-spouse,Exec-managerial,Husband,White,Male,0,0,65,United-States
28608,40,Private,Assoc-acdm,12,Married-civ-spouse,Sales,Husband,White,Male,7688,0,50,United-States
17547,49,Private,HS-grad,9,Married-civ-spouse,Machine-op-inspct,Husband,White,Male,0,0,40,United-States
16238,43,Federal-gov,HS-grad,9,Married-civ-spouse,Machine-op-inspct,Husband,White,Male,0,0,40,United-States
1182,40,Private,Bachelors,13,Divorced,Exec-managerial,Not-in-family,White,Female,0,0,45,United-States
1109,41,Private,Bachelors,13,Married-civ-spouse,Craft-repair,Husband,White,Male,3103,0,40,United-States
40606,47,Private,HS-grad,9,Married-civ-spouse,Sales,Husband,White,Male,0,0,50,United-States
13116,43,Private,HS-grad,9,Married-civ-spouse,Sales,Other-relative,White,Female,0,0,44,Poland
25064,47,Private,HS-grad,9,Married-civ-spouse,Craft-repair,Husband,White,Male,5178,0,40,United-States
14329,43,Self-emp-not-inc,Bachelors,13,Divorced,Prof-specialty,Not-in-family,White,Male,0,0,70,United-States
45929,48,Federal-gov,Some-college,10,Married-spouse-absent,Exec-managerial,Not-in-family,White,Female,0,0,40,United-States
12479,41,State-gov,HS-grad,9,Married-civ-spouse,Tech-support,Husband,White,Male,0,0,40,United-States
20754,44,Self-emp-not-inc,HS-grad,9,Married-civ-spouse,Craft-repair,Husband,White,Male,0,0,55,United-States
42683,41,Self-emp-not-inc,Masters,14,Married-civ-spouse,Exec-managerial,Wife,White,Female,0,0,10,United-States
8891,44,Private,HS-grad,9,Divorced,Transport-moving,Unmarried,White,Male,0,0,50,United-States
39217,49,Local-gov,Bachelors,13,Never-married,Prof-specialty,Unmarried,White,Male,0,0,60,United-States
22252,50,Private,HS-grad,9,Married-civ-spouse,Machine-op-inspct,Husband,White,Male,0,0,45,United-States
23410,46,Private,HS-grad,9,Married-civ-spouse,Priv-house-serv,Wife,White,Female,0,0,40,United-States
6371,44,Private,Bachelors,13,Never-married,Adm-clerical,Unmarried,Black,Female,0,0,40,United-States
3699,44,Self-emp-not-inc,Some-college,10,Married-civ-spouse,Exec-managerial,Husband,White,Male,0,0,50,United-States
35422,40,Private,HS-grad,9,Married-civ-spouse,Craft-repair,Husband,White,Male,0,0,40,United-States
23988,40,Private,Bachelors,13,Married-civ-spouse,Exec-managerial,Husband,White,Male,0,1977,50,United-States
21135,42,Local-gov,Bachelors,13,Divorced,Prof-specialty,Not-in-family,White,Male,0,0,50,?
35481,48,Private,10th,6,Never-married,Machine-op-inspct,Not-in-family,White,Male,0,0,40,United-States
37352,43,Local-gov,Masters,14,Widowed,Prof-specialty,Unmarried,Black,Female,0,0,40,United-States
7602,50,Private,Some-college,10,Never-married,Prof-specialty,Not-in-family,White,Male,0,0,40,United-States
29717,47,Private,Some-college,10,Married-civ-spouse,Craft-repair,Husband,White,Male,0,0,40,United-States
6454,42,Federal-gov,Masters,14,Never-married,Exec-managerial,Not-in-family,White,Female,14084,0,60,United-States
36590,41,Self-emp-inc,Masters,14,Married-civ-spouse,Prof-specialty,Husband,White,Male,0,0,70,United-States
31947,49,Private,Masters,14,Married-civ-spouse,Prof-specialty,Husband,White,Male,0,0,43,United-States
46762,40,Private,Assoc-voc,11,Never-married,Prof-specialty,Unmarried,White,Female,0,0,24,United-States
3131,41,Private,11th,7,Divorced,Other-service,Unmarried,Other,Female,0,0,40,United-States
13549,42,Private,Assoc-voc,11,Married-civ-spouse,Adm-clerical,Husband,White,Male,2407,0,40,United-States
12595,44,State-gov,Some-college,10,Divorced,Adm-clerical,Not-in-family,Black,Female,0,1590,40,United-States
11874,42,Private,Masters,14,Married-civ-spouse,Prof-specialty,Husband,White,Male,0,0,40,United-States
44361,40,Private,Bachelors,13,Never-married,Exec-managerial,Not-in-family,White,Female,0,0,55,United-States
11966,46,Private,Some-college,10,Divorced,Adm-clerical,Unmarried,White,Female,0,0,40,United-States
13072,46,Private,Some-college,10,Married-civ-spouse,Farming-fishing,Wife,White,Female,0,0,20,United-States
37011,47,Local-gov,Masters,14,Married-civ-spouse,Prof-specialty,Husband,White,Male,0,0,50,United-States
21797,40,Self-emp-not-inc,Bachelors,13,Married-civ-spouse,Sales,Husband,White,Male,0,0,50,United-States
37931,48,Private,Some-college,10,Married-civ-spouse,Transport-moving,Husband,White,Male,2407,0,40,United-States
23616,48,Private,1st-4th,2,Married-civ-spouse,Other-service,Husband,White,Male,0,0,40,United-States
1485,43,Local-gov,Bachelors,13,Married-civ-spouse,Prof-specialty,Husband,Black,Male,0,0,40,United-States
2857,46,?,HS-grad,9,Married-civ-spouse,?,Husband,White,Male,0,0,40,United-States
44373,48,Local-gov,Masters,14,Divorced,Prof-specialty,Unmarried,Asian-Pac-Islander,Female,0,0,50,Nicaragua
6640,43,Self-emp-inc,Prof-school,15,Married-civ-spouse,Prof-specialty,Husband,White,Male,0,1977,40,United-States
25741,41,Private,HS-grad,9,Widowed,Machine-op-inspct,Not-in-family,White,Female,0,0,40,United-States
19941,47,Private,HS-grad,9,Divorced,Machine-op-inspct,Unmarried,White,Female,0,0,30,United-States
16840,49,Private,Some-college,10,Divorced,Tech-support,Not-in-family,White,Male,0,0,40,United-States
44006,42,Self-emp-inc,Bachelors,13,Married-civ-spouse,Exec-managerial,Husband,White,Male,0,0,70,United-States
1002,50,Private,Doctorate,16,Married-civ-spouse,Prof-specialty,Husband,White,Male,0,1902,65,United-States
47078,43,Private,HS-grad,9,Widowed,Machine-op-inspct,Not-in-family,White,Female,0,0,40,United-States
27117,43,Private,Bachelors,13,Married-civ-spouse,Tech-support,Husband,White,Male,0,0,24,United-States
2312,42,Private,Some-college,10,Married-spouse-absent,Prof-specialty,Not-in-family,White,Male,0,0,40,United-States
12532,43,Private,Bachelors,13,Divorced,Exec-managerial,Not-in-family,Black,Female,0,0,40,United-States
47916,50,Private,Bachelors,13,Married-civ-spouse,Prof-specialty,Husband,White,Male,0,0,30,United-States
31828,46,Private,Some-college,10,Married-civ-spouse,Exec-managerial,Husband,White,Male,0,0,50,United-States
9517,40,Private,HS-grad,9,Married-civ-spouse,Sales,Husband,White,Male,0,0,72,United-States
27366,42,Self-emp-inc,Bachelors,13,Married-civ-spouse,Sales,Husband,White,Male,0,0,60,United-States
22495,49,Self-emp-not-inc,Some-college,10,Married-civ-spouse,Craft-repair,Husband,White,Male,0,0,40,United-States
47490,42,Local-gov,Assoc-voc,11,Divorced,Prof-specialty,Unmarried,White,Female,0,0,50,United-States
29613,48,Private,Some-college,10,Divorced,Adm-clerical,Not-in-family,Black,Male,0,0,40,United-States
16939,40,Local-gov,Bachelors,13,Married-civ-spouse,Prof-specialty,Husband,White,Male,7688,0,40,United-States
5377,43,Private,Assoc-voc,11,Married-civ-spouse,Craft-repair,Husband,White,Male,0,0,99,United-States
7233,41,Private,HS-grad,9,Divorced,Tech-support,Unmarried,White,Female,0,0,40,United-States
10885,45,Private,HS-grad,9,Never-married,Other-service,Unmarried,Black,Female,0,0,40,United-States
12015,41,Local-gov,Bachelors,13,Divorced,Protective-serv,Unmarried,White,Female,0,0,40,United-States
27160,50,Self-emp-inc,Masters,14,Married-civ-spouse,Prof-specialty,Husband,White,Male,7298,0,50,United-States
25311,42,Private,Some-college,10,Divorced,Adm-clerical,Own-child,White,Female,0,0,40,United-States
42004,47,Private,HS-grad,9,Married-civ-spouse,Transport-moving,Husband,White,Male,0,0,65,United-States
35122,40,Local-gov,Bachelors,13,Never-married,Protective-serv,Not-in-family,White,Female,0,0,40,United-States
3081,40,State-gov,Prof-school,15,Married-civ-spouse,Prof-specialty,Husband,White,Male,0,0,38,United-States
34360,48,Private,Assoc-acdm,12,Married-civ-spouse,Craft-repair,Husband,White,Male,0,0,48,United-States
23485,47,Private,Bachelors,13,Divorced,Craft-repair,Not-in-family,White,Female,0,0,50,United-States
7932,45,Private,Bachelors,13,Married-civ-spouse,Exec-managerial,Husband,White,Male,0,0,50,United-States
46214,47,Private,Bachelors,13,Never-married,Sales,Other-relative,White,Female,0,0,40,United-States
41492,48,Private,1st-4th,2,Married-civ-spouse,Adm-clerical,Husband,White,Male,0,0,52,Dominican-Republic
32455,50,Private,Some-college,10,Divorced,Adm-clerical,Not-in-family,White,Female,0,0,40,United-States
22429,46,Private,11th,7,Married-civ-spouse,Craft-repair,Husband,White,Male,0,1902,40,United-States
19973,44,Local-gov,Masters,14,Never-married,Prof-specialty,Not-in-family,White,Female,0,0,40,United-States
31674,41,Private,Bachelors,13,Married-civ-spouse,Adm-clerical,Husband,Asian-Pac-Islander,Male,3103,0,35,Philippines
26338,45,Local-gov,Some-college,10,Married-civ-spouse,Exec-managerial,Husband,White,Male,0,0,40,United-States
24790,41,Private,Assoc-acdm,12,Divorced,Exec-managerial,Unmarried,Black,Female,0,0,50,United-States
39398,40,Self-emp-inc,Bachelors,13,Married-civ-spouse,Sales,Husband,Asian-Pac-Islander,Male,0,0,45,South
22302,42,State-gov,Assoc-voc,11,Married-civ-spouse,Protective-serv,Husband,White,Male,0,0,40,United-States
38404,44,Private,9th,5,Never-married,Priv-house-serv,Unmarried,White,Female,0,0,50,Puerto-Rico
9649,43,Private,Bachelors,13,Married-civ-spouse,Handlers-cleaners,Husband,Black,Male,0,0,40,Haiti
12442,50,Self-emp-not-inc,Bachelors,13,Never-married,Craft-repair,Not-in-family,White,Male,4416,0,45,United-States
7876,47,Federal-gov,HS-grad,9,Married-civ-spouse,Transport-moving,Husband,Black,Male,0,0,40,United-States
16010,48,Private,HS-grad,9,Married-civ-spouse,Sales,Husband,White,Male,2885,0,15,United-States
36862,49,Local-gov,Assoc-voc,11,Married-civ-spouse,Protective-serv,Husband,White,Male,0,0,56,United-States
25130,47,Private,HS-grad,9,Married-civ-spouse,Machine-op-inspct,Husband,White,Male,0,0,40,Cuba
9833,46,Private,HS-grad,9,Married-civ-spouse,Craft-repair,Husband,White,Male,0,0,40,United-States
42944,49,Self-emp-inc,Bachelors,13,Never-married,Sales,Not-in-family,White,Male,0,0,60,United-States
43018,40,Federal-gov,HS-grad,9,Married-civ-spouse,Sales,Husband,White,Male,0,0,40,United-States
42587,42,Private,HS-grad,9,Divorced,Craft-repair,Unmarried,Black,Male,0,0,45,United-States
21890,42,Private,Some-college,10,Divorced,Machine-op-inspct,Not-in-family,White,Female,0,0,40,United-States
48098,49,Private,12th,8,Divorced,Other-service,Unmarried,White,Female,0,0,45,United-States
37702,43,Private,9th,5,Married-civ-spouse,Adm-clerical,Husband,White,Male,0,0,84,United-States
2963,42,Private,Assoc-voc,11,Married-civ-spouse,Prof-specialty,Husband,White,Male,0,0,40,United-States
44511,46,Private,HS-grad,9,Divorced,Exec-managerial,Unmarried,White,Female,0,0,40,United-States
26036,44,Private,HS-grad,9,Never-married,Sales,Other-relative,White,Female,0,0,15,United-States
24037,46,Private,Some-college,10,Married-civ-spouse,Craft-repair,Husband,White,Male,4386,0,38,United-States
4954,49,Private,Some-college,10,Married-civ-spouse,Adm-clerical,Husband,White,Male,0,1902,50,United-States
31940,41,Private,HS-grad,9,Married-civ-spouse,Exec-managerial,Husband,White,Male,0,1485,40,United-States
40167,40,Self-emp-inc,Bachelors,13,Married-civ-spouse,Exec-managerial,Wife,White,Female,0,0,55,United-States
18402,42,Local-gov,Masters,14,Married-civ-spouse,Prof-specialty,Wife,White,Female,0,0,38,United-States
37849,48,Private,Some-college,10,Married-civ-spouse,Craft-repair,Husband,White,Male,0,0,40,United-States
47129,40,Self-emp-not-inc,Assoc-acdm,12,Married-civ-spouse,Farming-fishing,Husband,White,Male,0,0,60,United-States
9781,49,Federal-gov,Assoc-voc,11,Married-civ-spouse,Craft-repair,Husband,Asian-Pac-Islander,Male,0,0,40,United-States
25310,42,Private,Some-college,10,Divorced,Exec-managerial,Not-in-family,White,Female,0,1741,50,United-States
13771,40,Private,Assoc-acdm,12,Divorced,Exec-managerial,Not-in-family,White,Female,0,0,40,United-States
38706,41,Local-gov,Some-college,10,Married-civ-spouse,Protective-serv,Husband,Black,Male,0,0,64,United-States
28089,48,Private,Bachelors,13,Married-civ-spouse,Tech-support,Husband,Asian-Pac-Islander,Male,0,0,45,Philippines
30865,44,State-gov,Bachelors,13,Married-civ-spouse,Prof-specialty,Husband,Amer-Indian-Eskimo,Male,0,0,38,United-States
38992,45,Federal-gov,HS-grad,9,Never-married,Other-service,Not-in-family,Black,Female,0,0,40,United-States
19151,41,Private,HS-grad,9,Divorced,Transport-moving,Not-in-family,White,Male,0,0,40,United-States
44721,50,Self-emp-not-inc,Some-college,10,Married-civ-spouse,Sales,Husband,White,Male,99999,0,45,United-States
25767,46,Local-gov,Bachelors,13,Married-civ-spouse,Prof-specialty,Husband,Asian-Pac-Islander,Male,0,0,40,Philippines
7576,42,Self-emp-not-inc,Assoc-voc,11,Married-civ-spouse,Prof-specialty,Husband,White,Male,0,0,50,United-States
33795,43,Local-gov,Assoc-voc,11,Married-civ-spouse,Protective-serv,Husband,White,Male,0,0,56,United-States
38743,42,Private,HS-grad,9,Divorced,Sales,Not-in-family,White,Male,0,0,20,United-States
15340,41,Private,Bachelors,13,Never-married,Prof-specialty,Not-in-family,Black,Male,0,0,40,United-States
41820,43,Private,Bachelors,13,Married-civ-spouse,Prof-specialty,Husband,White,Male,0,0,40,United-States
44353,49,Self-emp-inc,Bachelors,13,Married-civ-spouse,Sales,Husband,White,Male,99999,0,40,United-States
48036,43,Private,Some-college,10,Separated,Sales,Not-in-family,White,Female,0,0,35,United-States
6725,40,Self-emp-not-inc,Some-college,10,Married-civ-spouse,Prof-specialty,Husband,White,Male,0,0,60,United-States
9701,44,Private,Assoc-voc,11,Married-civ-spouse,Handlers-cleaners,Husband,Black,Male,0,0,40,United-States
8808,49,Local-gov,Bachelors,13,Never-married,Prof-specialty,Not-in-family,White,Female,0,0,50,United-States
43704,40,Private,Assoc-acdm,12,Divorced,Exec-managerial,Unmarried,White,Male,0,0,45,United-States
31832,43,Local-gov,HS-grad,9,Married-civ-spouse,Exec-managerial,Husband,Other,Male,0,1887,40,United-States
7264,50,Federal-gov,Assoc-acdm,12,Married-civ-spouse,Exec-managerial,Husband,White,Male,0,0,60,United-States
21275,43,?,Bachelors,13,Married-civ-spouse,?,Wife,White,Female,0,0,7,United-States
29910,43,Self-emp-not-inc,Some-college,10,Married-civ-spouse,Exec-managerial,Husband,White,Male,0,1902,15,United-States
43157,45,Private,Assoc-voc,11,Married-civ-spouse,Prof-specialty,Husband,White,Male,0,1902,40,United-States
39280,46,Self-emp-inc,HS-grad,9,Divorced,Other-service,Not-in-family,White,Female,0,0,60,United-States
47253,49,Self-emp-inc,HS-grad,9,Married-civ-spouse,Prof-specialty,Husband,White,Male,0,0,60,United-States
32394,43,Private,Bachelors,13,Never-married,Adm-clerical,Not-in-family,White,Male,0,1741,40,United-States
30873,46,Private,Assoc-acdm,12,Widowed,Tech-support,Unmarried,White,Female,6497,0,40,United-States
7935,43,Private,Some-college,10,Married-civ-spouse,Other-service,Husband,White,Male,0,0,48,United-States
43140,42,?,HS-grad,9,Married-civ-spouse,?,Husband,White,Male,0,0,52,United-States
20658,46,Self-emp-inc,12th,8,Married-civ-spouse,Craft-repair,Husband,White,Male,0,0,45,?
7738,49,Self-emp-not-inc,Some-college,10,Widowed,Craft-repair,Unmarried,White,Female,0,0,30,United-States
598,42,Self-emp-not-inc,Prof-school,15,Married-civ-spouse,Prof-specialty,Husband,White,Male,0,1902,50,United-States
27077,45,Private,HS-grad,9,Married-civ-spouse,Handlers-cleaners,Husband,White,Male,0,0,40,United-States
25478,43,Private,HS-grad,9,Married-civ-spouse,Craft-repair,Husband,White,Male,0,0,40,United-States
34966,40,Private,Some-college,10,Married-civ-spouse,Tech-support,Husband,White,Male,0,0,40,United-States
35601,48,Private,Bachelors,13,Divorced,Prof-specialty,Not-in-family,White,Male,0,0,30,United-States
8952,46,Private,Some-college,10,Never-married,Exec-managerial,Unmarried,White,Female,0,0,45,United-States
41886,44,Private,HS-grad,9,Divorced,Sales,Unmarried,White,Female,0,0,60,United-States
40014,49,Private,Assoc-voc,11,Divorced,Craft-repair,Not-in-family,White,Male,0,0,40,United-States
26125,43,State-gov,HS-grad,9,Married-civ-spouse,Craft-repair,Husband,White,Male,0,0,40,United-States
34477,41,Self-emp-not-inc,Bachelors,13,Married-civ-spouse,Adm-clerical,Wife,White,Female,0,0,40,United-States
22784,50,Self-emp-inc,Masters,14,Never-married,Prof-specialty,Not-in-family,Black,Male,0,0,50,Trinadad&Tobago
40140,47,Private,Bachelors,13,Married-civ-spouse,Exec-managerial,Husband,White,Male,0,0,43,United-States
17319,50,Local-gov,Prof-school,15,Married-civ-spouse,Prof-specialty,Husband,White,Male,0,0,40,United-States
23892,49,Private,Masters,14,Married-spouse-absent,Protective-serv,Not-in-family,Asian-Pac-Islander,Male,0,0,40,India
40458,41,Private,HS-grad,9,Married-spouse-absent,Adm-clerical,Unmarried,White,Female,0,0,40,United-States
16274,41,Private,Assoc-voc,11,Married-civ-spouse,Exec-managerial,Husband,White,Male,0,0,40,United-States
8282,48,State-gov,Bachelors,13,Never-married,Exec-managerial,Not-in-family,White,Female,0,0,50,United-States
34563,41,Private,Some-college,10,Divorced,Adm-clerical,Unmarried,White,Female,0,0,40,United-States
40337,43,?,HS-grad,9,Widowed,?,Own-child,Black,Male,0,0,40,United-States
4755,50,Self-emp-inc,HS-grad,9,Divorced,Exec-managerial,Unmarried,White,Female,0,0,40,United-States
11588,40,Private,Some-college,10,Married-civ-spouse,Craft-repair,Husband,White,Male,5178,0,40,United-States
6813,40,Private,Bachelors,13,Never-married,Prof-specialty,Own-child,White,Female,0,0,60,United-States
16870,43,Private,Some-college,10,Married-civ-spouse,Adm-clerical,Husband,White,Male,0,0,40,United-States
36488,47,Local-gov,Masters,14,Married-civ-spouse,Prof-specialty,Husband,White,Male,0,0,40,United-States
31682,43,Private,HS-grad,9,Married-civ-spouse,Craft-repair,Husband,White,Male,0,1902,99,United-States
17081,48,Private,HS-grad,9,Never-married,Machine-op-inspct,Not-in-family,Black,Female,2174,0,40,United-States
41035,45,Private,Bachelors,13,Married-spouse-absent,Prof-specialty,Unmarried,White,Female,0,0,38,United-States
22803,42,Private,Some-college,10,Married-civ-spouse,Machine-op-inspct,Husband,White,Male,0,0,40,United-States
47786,46,Private,Assoc-acdm,12,Married-civ-spouse,Craft-repair,Husband,White,Male,0,0,45,United-States
30846,46,Private,Some-college,10,Divorced,Adm-clerical,Unmarried,White,Female,0,0,40,United-States
6010,41,Private,HS-grad,9,Never-married,Machine-op-inspct,Not-in-family,White,Male,0,0,40,United-States
32810,47,Private,HS-grad,9,Married-civ-spouse,Transport-moving,Husband,White,Male,0,0,70,United-States
15736,44,Federal-gov,HS-grad,9,Divorced,Craft-repair,Not-in-family,White,Male,0,0,40,United-States
33357,46,State-gov,Bachelors,13,Married-civ-spouse,Prof-specialty,Husband,White,Male,0,0,10,United-States
3146,41,Private,HS-grad,9,Married-civ-spouse,Sales,Husband,White,Male,0,0,40,United-States
11019,43,Private,Assoc-voc,11,Married-civ-spouse,Craft-repair,Husband,White,Male,0,0,40,United-States
40860,40,Private,Bachelors,13,Never-married,Prof-specialty,Not-in-family,White,Female,0,0,40,United-States
13422,50,Private,Some-college,10,Divorced,Machine-op-inspct,Not-in-family,Black,Female,0,0,40,United-States
31300,42,Private,HS-grad,9,Divorced,Handlers-cleaners,Not-in-family,White,Female,0,0,40,United-States
33729,45,?,11th,7,Divorced,?,Unmarried,Black,Female,0,0,16,United-States
24805,40,Self-emp-inc,Bachelors,13,Never-married,Prof-specialty,Own-child,White,Male,0,0,40,United-States
14682,46,Self-emp-not-inc,HS-grad,9,Married-civ-spouse,Prof-specialty,Husband,White,Male,0,0,60,United-States
10261,42,Self-emp-not-inc,HS-grad,9,Never-married,Farming-fishing,Own-child,White,Male,0,0,85,United-States
14613,49,Private,11th,7,Married-civ-spouse,Other-service,Wife,White,Female,0,0,6,United-States
31780,47,Private,Assoc-acdm,12,Never-married,Adm-clerical,Not-in-family,White,Female,0,0,40,United-States
45819,45,Private,HS-grad,9,Married-civ-spouse,Transport-moving,Husband,White,Male,0,0,70,United-States
42610,40,Private,Bachelors,13,Divorced,Other-service,Unmarried,Asian-Pac-Islander,Female,0,0,40,Philippines
37382,45,Private,Some-college,10,Married-civ-spouse,Craft-repair,Husband,White,Male,0,0,46,United-States
38540,42,Private,Bachelors,13,Married-civ-spouse,Exec-managerial,Husband,White,Male,0,0,40,United-States
12534,50,Self-emp-not-inc,HS-grad,9,Divorced,Exec-managerial,Not-in-family,White,Female,99999,0,35,United-States
44409,40,Private,Some-college,10,Married-civ-spouse,Handlers-cleaners,Husband,White,Male,7298,0,40,United-States
32550,43,State-gov,Some-college,10,Divorced,Adm-clerical,Other-relative,White,Female,0,0,40,United-States
27122,41,Private,HS-grad,9,Divorced,Priv-house-serv,Other-relative,Black,Female,0,0,40,United-States
5197,40,State-gov,Doctorate,16,Married-civ-spouse,Prof-specialty,Husband,Asian-Pac-Islander,Male,0,0,40,Taiwan
21639,45,Private,Bachelors,13,Married-civ-spouse,Sales,Husband,White,Male,0,2002,55,United-States
22359,45,Private,9th,5,Separated,Other-service,Unmarried,Other,Female,0,0,40,Trinadad&Tobago
42260,41,Local-gov,Prof-school,15,Married-civ-spouse,Prof-specialty,Husband,White,Male,0,0,40,?
26395,46,Local-gov,Some-college,10,Divorced,Adm-clerical,Unmarried,White,Female,0,0,45,United-States
18397,49,Self-emp-not-inc,HS-grad,9,Married-civ-spouse,Farming-fishing,Husband,White,Male,0,1672,98,United-States
47701,46,Private,Some-college,10,Divorced,Machine-op-inspct,Not-in-family,Black,Female,0,0,40,United-States
5180,49,Local-gov,Masters,14,Married-civ-spouse,Prof-specialty,Wife,White,Female,0,0,50,United-States
20426,42,Private,HS-grad,9,Married-civ-spouse,Other-service,Husband,White,Male,0,0,40,United-States
36042,49,Private,HS-grad,9,Separated,Adm-clerical,Unmarried,Black,Female,0,0,40,United-States
44867,46,Private,Some-college,10,Never-married,Machine-op-inspct,Not-in-family,White,Female,2354,0,40,United-States
13452,40,State-gov,Doctorate,16,Married-civ-spouse,Prof-specialty,Husband,White,Male,0,0,50,United-States
41895,44,Private,Bachelors,13,Married-civ-spouse,Craft-repair,Husband,White,Male,0,0,40,United-States
13999,42,Private,Bachelors,13,Married-civ-spouse,Exec-managerial,Husband,White,Male,0,0,40,United-States
44567,43,Self-emp-not-inc,Bachelors,13,Married-civ-spouse,Prof-specialty,Husband,White,Male,0,1977,40,United-States
36739,44,Private,Masters,14,Divorced,Exec-managerial,Not-in-family,White,Male,0,0,50,United-States
39333,42,Private,Bachelors,13,Divorced,Exec-managerial,Unmarried,White,Female,0,0,40,United-States
838,41,Private,Bachelors,13,Divorced,Prof-specialty,Not-in-family,White,Female,0,0,50,United-States
47039,41,Self-emp-inc,Assoc-voc,11,Never-married,Exec-managerial,Not-in-family,White,Male,0,0,48,United-States
35372,43,Private,HS-grad,9,Divorced,Adm-clerical,Not-in-family,White,Female,0,0,45,United-States
14661,41,Private,HS-grad,9,Divorced,Handlers-cleaners,Unmarried,White,Male,0,0,40,United-States
40515,41,Self-emp-not-inc,Some-college,10,Married-civ-spouse,Craft-repair,Husband,White,Male,0,0,45,United-States
13520,49,Private,HS-grad,9,Never-married,Craft-repair,Not-in-family,Black,Male,0,0,40,United-States
42691,44,Private,Masters,14,Married-civ-spouse,Prof-specialty,Husband,White,Male,0,0,40,United-States
5285,44,Private,Some-college,10,Never-married,Sales,Own-child,White,Male,0,0,50,United-States
26124,40,Private,Some-college,10,Married-civ-spouse,Transport-moving,Husband,White,Male,0,0,50,United-States
4527,47,Private,7th-8th,4,Married-civ-spouse,Machine-op-inspct,Wife,Black,Female,0,0,35,United-States
568,45,Private,7th-8th,4,Separated,Other-service,Unmarried,White,Female,0,0,40,Mexico
22673,50,Private,HS-grad,9,Married-civ-spouse,Prof-specialty,Husband,White,Male,0,0,40,United-States
14448,40,Self-emp-inc,Masters,14,Married-civ-spouse,Craft-repair,Husband,White,Male,0,0,50,United-States
29104,47,Private,HS-grad,9,Married-civ-spouse,Sales,Husband,White,Male,0,0,55,United-States
14259,48,Private,12th,8,Widowed,Handlers-cleaners,Unmarried,White,Female,0,0,50,United-States
14384,50,Private,Bachelors,13,Divorced,Sales,Not-in-family,White,Female,0,0,50,United-States
36176,42,Private,Some-college,10,Divorced,Adm-clerical,Unmarried,White,Female,0,0,38,United-States
2142,49,Private,HS-grad,9,Widowed,Tech-support,Unmarried,White,Male,0,0,40,United-States
44195,49,Private,HS-grad,9,Married-civ-spouse,Craft-repair,Husband,White,Male,0,0,40,United-States
41590,46,Self-emp-inc,Prof-school,15,Married-civ-spouse,Prof-specialty,Husband,White,Male,0,0,45,United-States
32389,40,Private,Assoc-acdm,12,Separated,Tech-support,Unmarried,White,Female,1471,0,32,United-States
28876,42,Private,Some-college,10,Never-married,Tech-support,Not-in-family,White,Female,0,0,40,United-States
43601,42,Private,Bachelors,13,Divorced,Adm-clerical,Not-in-family,White,Female,0,0,40,United-States
8862,42,Private,Some-college,10,Separated,Adm-clerical,Unmarried,Black,Female,0,0,41,United-States
3600,40,Private,Some-college,10,Married-civ-spouse,Tech-support,Husband,White,Male,0,0,48,United-States
11549,47,Local-gov,Bachelors,13,Married-civ-spouse,Prof-specialty,Wife,White,Female,0,0,45,United-States
38803,47,Federal-gov,Assoc-acdm,12,Married-civ-spouse,Adm-clerical,Husband,White,Male,0,0,55,United-States
1533,48,Private,Masters,14,Divorced,Exec-managerial,Unmarried,White,Female,0,0,40,United-States
28339,47,Private,Masters,14,Divorced,Prof-specialty,Unmarried,White,Female,0,0,40,United-States
48622,46,Private,Masters,14,Married-civ-spouse,Exec-managerial,Husband,White,Male,0,0,50,United-States
25218,45,Local-gov,HS-grad,9,Married-spouse-absent,Adm-clerical,Unmarried,Black,Female,0,0,40,United-States
2896,45,Private,Some-college,10,Separated,Adm-clerical,Unmarried,White,Female,0,0,27,United-States
40593,47,Federal-gov,Bachelors,13,Married-civ-spouse,Prof-specialty,Husband,White,Male,0,0,60,United-States
29140,40,Self-emp-not-inc,HS-grad,9,Married-civ-spouse,Farming-fishing,Husband,White,Male,0,0,70,United-States
5438,45,Federal-gov,Some-college,10,Married-civ-spouse,Exec-managerial,Husband,White,Male,7688,0,40,United-States
4391,48,Self-emp-not-inc,Bachelors,13,Married-civ-spouse,Prof-specialty,Wife,White,Female,0,0,20,United-States
44521,47,Private,Assoc-voc,11,Married-civ-spouse,Transport-moving,Husband,White,Male,0,0,40,United-States
32471,50,Private,Doctorate,16,Divorced,Prof-specialty,Not-in-family,White,Female,0,0,50,United-States
40510,49,Private,7th-8th,4,Married-civ-spouse,Craft-repair,Husband,White,Male,0,0,50,United-States
42988,45,Private,Assoc-voc,11,Divorced,Sales,Not-in-family,White,Female,0,0,44,United-States
27718,43,Private,Some-college,10,Never-married,Other-service,Not-in-family,White,Male,2174,0,45,United-States
25036,49,Self-emp-not-inc,Bachelors,13,Married-civ-spouse,Prof-specialty,Husband,White,Male,0,0,40,United-States
20796,47,State-gov,Bachelors,13,Married-civ-spouse,Exec-managerial,Husband,White,Male,0,0,40,United-States
20989,50,Private,HS-grad,9,Married-civ-spouse,Transport-moving,Husband,White,Male,0,0,70,United-States
37786,48,Private,Masters,14,Never-married,Prof-specialty,Not-in-family,White,Male,0,0,60,United-States
29310,45,State-gov,Masters,14,Never-married,Adm-clerical,Not-in-family,Black,Male,0,0,38,United-States
21440,47,Federal-gov,Bachelors,13,Married-spouse-absent,Exec-managerial,Not-in-family,White,Female,0,0,40,United-States
30703,47,Private,Some-college,10,Divorced,Exec-managerial,Unmarried,White,Female,0,0,40,United-States
28818,48,Private,Some-college,10,Married-civ-spouse,Craft-repair,Husband,White,Male,0,0,45,United-States
34098,41,Private,Some-college,10,Married-civ-spouse,Sales,Husband,White,Male,0,0,40,United-States
11466,49,Private,HS-grad,9,Married-civ-spouse,Craft-repair,Husband,White,Male,0,0,40,United-States
24787,46,Private,HS-grad,9,Divorced,Craft-repair,Not-in-family,White,Male,0,0,30,United-States
4911,41,Private,HS-grad,9,Married-civ-spouse,Machine-op-inspct,Husband,White,Male,0,0,48,United-States
18633,47,Private,Bachelors,13,Married-civ-spouse,Prof-specialty,Husband,White,Male,15024,0,50,United-States
23621,47,Local-gov,Assoc-voc,11,Divorced,Adm-clerical,Not-in-family,White,Female,0,0,40,United-States
31731,50,Private,Some-college,10,Married-civ-spouse,Sales,Husband,White,Male,0,0,40,United-States
46450,40,Self-emp-not-inc,Bachelors,13,Married-civ-spouse,Prof-specialty,Husband,White,Male,0,0,60,United-States
29239,41,Private,Some-college,10,Never-married,Handlers-cleaners,Not-in-family,White,Male,0,0,40,United-States
36225,46,Local-gov,Bachelors,13,Married-civ-spouse,Prof-specialty,Wife,White,Female,0,0,40,United-States
24478,43,Private,HS-grad,9,Married-civ-spouse,Craft-repair,Husband,White,Male,0,1902,40,United-States
3207,45,Local-gov,Bachelors,13,Married-civ-spouse,Exec-managerial,Husband,White,Male,0,1977,50,United-States
12229,40,Private,Some-college,10,Divorced,Sales,Not-in-family,White,Male,0,0,40,United-States
17520,41,Private,Some-college,10,Never-married,Other-service,Not-in-family,Black,Male,0,0,20,United-States
22875,49,Self-emp-not-inc,Some-college,10,Married-civ-spouse,Sales,Husband,White,Male,0,0,50,United-States
2038,50,Private,10th,6,Married-civ-spouse,Craft-repair,Husband,White,Male,0,0,38,United-States
6678,41,Private,Bachelors,13,Married-civ-spouse,Tech-support,Wife,White,Female,0,0,25,United-States
47476,46,Self-emp-not-inc,Masters,14,Divorced,Prof-specialty,Not-in-family,White,Female,0,0,45,United-States
16070,44,Private,HS-grad,9,Married-civ-spouse,Exec-managerial,Husband,White,Male,0,0,40,Mexico
23342,46,Private,HS-grad,9,Divorced,Exec-managerial,Not-in-family,White,Male,0,0,48,United-States
9442,47,Private,HS-grad,9,Widowed,Priv-house-serv,Not-in-family,Asian-Pac-Islander,Female,0,0,45,Thailand
29733,44,Private,HS-grad,9,Married-civ-spouse,Other-service,Husband,White,Male,0,0,25,Mexico
13481,44,Private,11th,7,Married-civ-spouse,Sales,Husband,White,Male,0,0,40,United-States
9963,47,Private,Bachelors,13,Married-civ-spouse,Prof-specialty,Husband,White,Male,0,0,60,United-States
24994,49,Private,HS-grad,9,Married-civ-spouse,Sales,Husband,White,Male,0,0,50,United-States
242,41,Self-emp-not-inc,HS-grad,9,Married-civ-spouse,Other-service,Wife,White,Female,0,0,20,United-States
340,45,Private,HS-grad,9,Married-civ-spouse,Other-service,Husband,Black,Male,0,0,40,United-States
10581,48,Self-emp-inc,Bachelors,13,Divorced,Sales,Not-in-family,White,Male,0,0,60,United-States
5061,40,Private,Some-college,10,Married-civ-spouse,Transport-moving,Husband,White,Male,0,0,43,United-States
16451,49,Private,HS-grad,9,Divorced,Adm-clerical,Unmarried,White,Female,0,0,38,United-States
39216,47,Self-emp-not-inc,Some-college,10,Married-civ-spouse,Sales,Husband,White,Male,0,0,40,United-States
27729,42,Private,HS-grad,9,Widowed,Transport-moving,Unmarried,White,Male,0,0,40,United-States
14042,50,Self-emp-inc,Prof-school,15,Married-civ-spouse,Prof-specialty,Husband,Asian-Pac-Islander,Male,0,0,40,India
45516,47,Private,Some-college,10,Divorced,Machine-op-inspct,Unmarried,White,Female,0,0,40,United-States
4012,40,Private,Some-college,10,Never-married,Sales,Not-in-family,White,Female,0,0,44,United-States
29978,45,Local-gov,Masters,14,Married-civ-spouse,Prof-specialty,Husband,White,Male,0,0,37,United-States
5365,43,Self-emp-not-inc,HS-grad,9,Married-civ-spouse,Sales,Husband,White,Male,0,0,40,United-States
16758,43,Federal-gov,Some-college,10,Married-civ-spouse,Exec-managerial,Husband,White,Male,0,0,40,United-States
24537,46,Private,Bachelors,13,Married-civ-spouse,Sales,Husband,White,Male,0,0,55,United-States
42756,44,Private,Bachelors,13,Married-civ-spouse,Exec-managerial,Husband,White,Male,15024,0,48,United-States
23859,41,Self-emp-not-inc,HS-grad,9,Married-civ-spouse,Exec-managerial,Husband,White,Male,0,0,50,United-States
34078,44,Private,HS-grad,9,Married-civ-spouse,Craft-repair,Husband,White,Male,0,0,72,United-States
48480,48,Federal-gov,HS-grad,9,Married-civ-spouse,Handlers-cleaners,Husband,White,Male,0,0,40,United-States
6285,41,?,HS-grad,9,Never-married,?,Not-in-family,White,Female,0,0,30,United-States
13188,45,Local-gov,HS-grad,9,Married-civ-spouse,Craft-repair,Husband,Black,Male,0,0,40,United-States
19106,40,Private,Some-college,10,Married-civ-spouse,Exec-managerial,Husband,White,Male,0,0,45,United-States
20402,42,Self-emp-not-inc,Some-college,10,Separated,Other-service,Unmarried,Black,Female,0,0,50,United-States
44426,40,Private,Prof-school,15,Married-civ-spouse,Prof-specialty,Wife,Asian-Pac-Islander,Female,0,0,40,China
34692,41,Local-gov,Bachelors,13,Married-civ-spouse,Sales,Husband,White,Male,0,0,40,United-States
14895,50,Private,Bachelors,13,Divorced,Exec-managerial,Not-in-family,White,Female,0,0,50,United-States
40238,47,Private,Some-college,10,Married-civ-spouse,Machine-op-inspct,Husband,White,Male,0,0,40,?
46668,49,Private,HS-grad,9,Married-civ-spouse,Exec-managerial,Husband,White,Male,0,0,60,United-States
40122,40,Private,HS-grad,9,Never-married,Craft-repair,Own-child,White,Female,0,0,40,United-States
57,46,Private,5th-6th,3,Married-civ-spouse,Machine-op-inspct,Husband,White,Male,0,0,40,Mexico
2274,41,Private,Some-college,10,Married-civ-spouse,Sales,Husband,White,Male,0,0,40,United-States
12394,41,Private,Bachelors,13,Married-civ-spouse,Sales,Husband,White,Male,0,0,70,United-States
2711,50,Private,Some-college,10,Married-civ-spouse,Tech-support,Husband,White,Male,0,0,45,United-States
29394,47,Private,HS-grad,9,Married-civ-spouse,Craft-repair,Husband,Asian-Pac-Islander,Male,0,0,60,Japan
33367,40,Private,Some-college,10,Divorced,Exec-managerial,Not-in-family,White,Male,0,1408,48,United-States
5395,43,State-gov,Bachelors,13,Married-civ-spouse,Prof-specialty,Husband,White,Male,0,0,40,United-States
22162,42,Private,Bachelors,13,Divorced,Adm-clerical,Unmarried,White,Male,0,0,30,United-States
17849,40,Private,Assoc-voc,11,Separated,Prof-specialty,Other-relative,White,Female,0,0,40,United-States
5735,49,Private,1st-4th,2,Married-civ-spouse,Craft-repair,Husband,White,Male,0,0,40,Portugal
36586,40,Private,Some-college,10,Married-civ-spouse,Prof-specialty,Husband,White,Male,0,0,40,United-States
17167,43,Private,HS-grad,9,Divorced,Craft-repair,Not-in-family,White,Male,0,0,40,United-States
45975,43,Private,Some-college,10,Married-civ-spouse,Craft-repair,Husband,White,Male,0,0,40,United-States
32428,41,Private,HS-grad,9,Divorced,Other-service,Unmarried,White,Female,0,0,32,United-States
32949,40,Private,11th,7,Widowed,Adm-clerical,Unmarried,White,Female,0,0,40,United-States
17530,40,State-gov,Bachelors,13,Divorced,Prof-specialty,Not-in-family,White,Male,0,0,40,United-States
28890,41,Self-emp-not-inc,HS-grad,9,Married-civ-spouse,Exec-managerial,Husband,White,Male,0,0,45,Mexico
454,42,Private,Assoc-acdm,12,Married-civ-spouse,Exec-managerial,Husband,Black,Male,0,0,40,?
30965,48,Private,HS-grad,9,Married-civ-spouse,Adm-clerical,Husband,White,Male,0,0,70,United-States
29795,47,Private,Some-college,10,Divorced,Adm-clerical,Not-in-family,White,Female,0,0,40,United-States
42731,40,Private,HS-grad,9,Married-civ-spouse,Craft-repair,Husband,Black,Male,0,0,40,Haiti
35161,43,Private,HS-grad,9,Married-civ-spouse,Craft-repair,Husband,White,Male,0,1902,40,United-States
44181,46,Private,Masters,14,Divorced,Prof-specialty,Not-in-family,White,Male,4650,0,44,United-States
25821,45,State-gov,HS-grad,9,Divorced,Adm-clerical,Other-relative,White,Female,0,0,40,United-States
6817,47,Local-gov,Bachelors,13,Never-married,Prof-specialty,Not-in-family,White,Female,0,0,50,United-States
527,42,Private,Bachelors,13,Married-civ-spouse,Exec-managerial,Husband,White,Male,0,0,40,United-States
20412,48,Self-emp-not-inc,Prof-school,15,Married-civ-spouse,Craft-repair,Husband,White,Male,0,0,60,United-States
14171,49,Private,Some-college,10,Divorced,Other-service,Not-in-family,White,Female,0,0,40,United-States
23546,50,Self-emp-not-inc,HS-grad,9,Married-civ-spouse,Exec-managerial,Husband,White,Male,0,0,45,United-States
28065,47,Local-gov,Some-college,10,Married-civ-spouse,Other-service,Husband,White,Male,0,0,40,United-States
1923,44,Private,Some-college,10,Married-civ-spouse,Tech-support,Husband,White,Male,0,0,18,United-States
5813,44,Private,HS-grad,9,Divorced,Transport-moving,Not-in-family,Black,Male,0,0,20,Haiti
27022,49,Private,HS-grad,9,Married-civ-spouse,Farming-fishing,Husband,White,Male,0,0,25,United-States
16673,40,Private,10th,6,Married-civ-spouse,Craft-repair,Husband,Black,Male,0,0,40,United-States
35469,44,Private,Assoc-acdm,12,Divorced,Exec-managerial,Not-in-family,White,Male,0,0,60,United-States
31734,41,Private,Assoc-acdm,12,Married-civ-spouse,Prof-specialty,Husband,White,Male,15024,0,60,United-States
41294,41,Private,HS-grad,9,Never-married,Other-service,Not-in-family,White,Female,0,0,40,United-States
20760,43,Private,HS-grad,9,Divorced,Craft-repair,Unmarried,White,Male,0,0,40,United-States
32653,49,Federal-gov,7th-8th,4,Never-married,Other-service,Not-in-family,Black,Male,0,0,20,United-States
13222,47,Self-emp-not-inc,Some-college,10,Divorced,Prof-specialty,Unmarried,Black,Female,0,0,40,United-States
14734,45,Federal-gov,Some-college,10,Married-civ-spouse,Transport-moving,Husband,White,Male,0,0,65,United-States
38572,40,Private,Assoc-voc,11,Married-civ-spouse,Handlers-cleaners,Own-child,Asian-Pac-Islander,Male,0,0,40,Philippines
21603,45,Private,Masters,14,Married-civ-spouse,Exec-managerial,Husband,Black,Male,0,0,40,United-States
39026,45,Private,Masters,14,Never-married,Exec-managerial,Not-in-family,White,Female,0,1408,40,United-States
40176,44,Self-emp-not-inc,Masters,14,Married-civ-spouse,Prof-specialty,Husband,White,Male,0,0,54,United-States
41849,48,Private,Masters,14,Divorced,Exec-managerial,Unmarried,White,Female,0,0,40,United-States
44797,40,Local-gov,HS-grad,9,Married-civ-spouse,Exec-managerial,Husband,White,Male,0,0,48,United-States
20822,42,Private,HS-grad,9,Never-married,Transport-moving,Unmarried,Black,Female,0,0,38,United-States
15423,42,Private,HS-grad,9,Separated,Machine-op-inspct,Not-in-family,White,Male,0,0,15,United-States
17968,50,Private,Some-college,10,Divorced,Prof-specialty,Unmarried,White,Female,0,0,40,United-States
7971,50,Self-emp-not-inc,10th,6,Divorced,Sales,Not-in-family,White,Female,0,0,50,United-States
20798,41,?,11th,7,Widowed,?,Other-relative,Black,Female,0,0,40,United-States
6833,48,Private,Some-college,10,Widowed,Adm-clerical,Not-in-family,White,Female,0,0,40,United-States
43509,44,Federal-gov,Masters,14,Married-civ-spouse,Armed-Forces,Husband,White,Male,0,0,40,United-States
7371,42,Private,Bachelors,13,Divorced,Prof-specialty,Not-in-family,White,Male,0,0,40,United-States
31458,40,Private,Some-college,10,Divorced,Tech-support,Not-in-family,White,Male,0,0,30,Guatemala
30996,40,Self-emp-not-inc,Assoc-acdm,12,Married-civ-spouse,Exec-managerial,Husband,White,Male,0,0,60,United-States
16538,42,Private,HS-grad,9,Divorced,Other-service,Unmarried,White,Female,0,0,40,United-States
3239,44,Private,Bachelors,13,Married-civ-spouse,Exec-managerial,Husband,Other,Male,0,0,40,Puerto-Rico
19811,46,Local-gov,Doctorate,16,Married-civ-spouse,Prof-specialty,Wife,White,Female,0,1902,52,United-States
15018,48,Private,HS-grad,9,Married-civ-spouse,Machine-op-inspct,Husband,White,Male,0,0,40,United-States
32875,44,Private,Bachelors,13,Divorced,Exec-managerial,Unmarried,White,Female,4934,0,45,United-States
17636,41,?,Some-college,10,Widowed,?,Not-in-family,White,Female,0,0,20,United-States
10516,48,Federal-gov,HS-grad,9,Married-civ-spouse,Adm-clerical,Husband,White,Male,0,0,36,United-States
48246,46,Private,11th,7,Married-civ-spouse,Other-service,Wife,White,Female,0,0,40,?
22034,42,?,HS-grad,9,Married-civ-spouse,?,Husband,White,Male,0,0,60,Dominican-Republic
33444,44,Private,Prof-school,15,Married-civ-spouse,Prof-specialty,Husband,White,Male,99999,0,60,United-States
6721,48,Self-emp-not-inc,Some-college,10,Married-civ-spouse,Prof-specialty,Husband,White,Male,5013,0,45,United-States
23520,46,Local-gov,HS-grad,9,Married-civ-spouse,Protective-serv,Husband,White,Male,7688,0,96,United-States
1240,42,Private,Some-college,10,Never-married,Adm-clerical,Own-child,White,Female,0,0,40,United-States
24437,46,Private,Bachelors,13,Married-civ-spouse,Adm-clerical,Husband,White,Male,0,0,40,United-States
47099,40,Private,HS-grad,9,Never-married,Other-service,Not-in-family,White,Male,0,0,40,United-States
18625,42,Private,Some-college,10,Married-civ-spouse,Exec-managerial,Husband,White,Male,0,0,55,United-States
1717,42,Private,Bachelors,13,Divorced,Adm-clerical,Not-in-family,White,Female,0,0,40,United-States
1396,42,Private,10th,6,Never-married,Transport-moving,Unmarried,White,Male,0,0,40,United-States
18812,41,Private,11th,7,Widowed,Other-service,Unmarried,White,Female,0,0,40,United-States
7650,44,Private,Some-college,10,Married-civ-spouse,Sales,Husband,White,Male,0,0,40,United-States
1079,49,Private,HS-grad,9,Married-civ-spouse,Craft-repair,Husband,White,Male,0,0,40,United-States
36825,42,Private,Assoc-voc,11,Married-civ-spouse,Craft-repair,Husband,White,Male,0,0,40,United-States
22266,42,Private,Doctorate,16,Married-civ-spouse,Prof-specialty,Husband,White,Male,0,0,40,France
13870,40,Private,HS-grad,9,Married-civ-spouse,Craft-repair,Husband,White,Male,0,0,50,United-States
5505,40,Private,Bachelors,13,Never-married,Adm-clerical,Unmarried,Black,Female,2977,0,40,United-States
46720,42,Private,HS-grad,9,Divorced,Adm-clerical,Unmarried,White,Female,3325,0,40,United-States
15156,47,Federal-gov,Some-college,10,Divorced,Adm-clerical,Unmarried,White,Female,0,0,40,United-States
43447,46,Private,HS-grad,9,Married-civ-spouse,Craft-repair,Husband,White,Male,7298,0,40,United-States
29358,50,Private,Bachelors,13,Married-civ-spouse,Exec-managerial,Husband,White,Male,0,0,40,?
40375,40,Private,HS-grad,9,Married-civ-spouse,Craft-repair,Husband,White,Male,0,0,40,United-States
13850,40,Private,11th,7,Never-married,Machine-op-inspct,Not-in-family,White,Female,0,0,37,Dominican-Republic
46972,48,State-gov,Masters,14,Widowed,Prof-specialty,Unmarried,White,Female,0,0,40,United-States
18901,44,Private,HS-grad,9,Married-spouse-absent,Transport-moving,Not-in-family,Other,Male,0,0,32,Canada
18673,42,Private,HS-grad,9,Never-married,Adm-clerical,Unmarried,Black,Female,0,0,35,?
16528,46,Self-emp-inc,Some-college,10,Married-civ-spouse,Exec-managerial,Husband,White,Male,0,0,40,United-States
26148,44,Self-emp-not-inc,HS-grad,9,Married-civ-spouse,Farming-fishing,Husband,White,Male,0,0,60,United-States
7357,44,Local-gov,Assoc-acdm,12,Divorced,Tech-support,Not-in-family,Black,Male,0,0,40,United-States
26761,40,Private,HS-grad,9,Married-spouse-absent,Adm-clerical,Own-child,White,Female,0,0,38,United-States
26168,41,Private,Bachelors,13,Never-married,Prof-specialty,Not-in-family,White,Female,0,1741,40,United-States
37136,44,Private,Bachelors,13,Divorced,Machine-op-inspct,Unmarried,White,Female,0,0,56,United-States
40691,47,Private,HS-grad,9,Divorced,Transport-moving,Not-in-family,White,Male,0,0,70,United-States
21277,47,Private,7th-8th,4,Married-civ-spouse,Craft-repair,Husband,White,Male,0,0,40,United-States
14528,46,Private,Assoc-acdm,12,Married-civ-spouse,Sales,Husband,White,Male,0,0,50,United-States
2642,42,Local-gov,Bachelors,13,Divorced,Prof-specialty,Not-in-family,White,Female,0,0,50,United-States
16637,42,Private,HS-grad,9,Never-married,Exec-managerial,Unmarried,Black,Female,0,0,25,United-States
13001,50,Self-emp-not-inc,Doctorate,16,Married-civ-spouse,Prof-specialty,Husband,White,Male,3781,0,40,United-States
47222,46,Self-emp-not-inc,Bachelors,13,Married-civ-spouse,Sales,Husband,White,Male,0,0,50,United-States
26962,48,Private,HS-grad,9,Divorced,Adm-clerical,Not-in-family,White,Female,0,0,30,United-States
16838,47,Private,Masters,14,Never-married,Prof-specialty,Not-in-family,White,Female,0,0,40,United-States
28240,45,Private,Some-college,10,Divorced,Adm-clerical,Unmarried,White,Female,0,0,40,United-States
21468,48,Self-emp-inc,Doctorate,16,Married-civ-spouse,Prof-specialty,Husband,White,Male,7688,0,55,United-States
30482,50,Self-emp-not-inc,HS-grad,9,Married-civ-spouse,Sales,Husband,White,Male,0,1902,60,United-States
23659,48,Private,Some-college,10,Divorced,Sales,Unmarried,White,Male,0,0,45,United-States
19438,44,Private,Some-college,10,Married-civ-spouse,Exec-managerial,Husband,White,Male,0,0,45,United-States
48527,46,Self-emp-not-inc,Bachelors,13,Separated,Other-service,Unmarried,White,Female,0,0,45,Nicaragua
43046,42,Self-emp-not-inc,HS-grad,9,Married-civ-spouse,Craft-repair,Husband,White,Male,0,0,50,United-States
30343,45,Private,Bachelors,13,Married-civ-spouse,Exec-managerial,Husband,White,Male,0,0,40,United-States
27616,47,Private,11th,7,Divorced,Other-service,Not-in-family,White,Female,0,0,38,United-States
30160,41,Private,Assoc-acdm,12,Divorced,Sales,Unmarried,White,Male,0,0,40,United-States
19120,44,Local-gov,Assoc-voc,11,Divorced,Protective-serv,Own-child,White,Female,0,0,40,Cuba
1739,45,Private,Bachelors,13,Divorced,Other-service,Not-in-family,White,Male,0,0,45,?
23051,49,Self-emp-not-inc,Bachelors,13,Never-married,Exec-managerial,Own-child,White,Female,0,0,40,United-States
26220,42,State-gov,Masters,14,Divorced,Exec-managerial,Not-in-family,White,Male,0,0,45,United-States
11041,46,Self-emp-not-inc,Prof-school,15,Married-civ-spouse,Exec-managerial,Husband,White,Male,15024,0,55,United-States
47100,49,Private,HS-grad,9,Divorced,Protective-serv,Not-in-family,White,Male,0,0,40,United-States
44519,48,Private,HS-grad,9,Married-civ-spouse,Sales,Husband,White,Male,0,0,60,United-States
35096,44,Private,Some-college,10,Married-civ-spouse,Tech-support,Husband,White,Male,0,0,44,United-States
25793,46,Local-gov,Masters,14,Divorced,Prof-specialty,Unmarried,White,Female,0,0,43,United-States
38623,48,Self-emp-inc,HS-grad,9,Married-civ-spouse,Exec-managerial,Husband,White,Male,0,0,70,Greece
5930,42,Self-emp-not-inc,Bachelors,13,Married-civ-spouse,Sales,Husband,White,Male,0,0,50,United-States
13242,41,Local-gov,Bachelors,13,Married-civ-spouse,Prof-specialty,Husband,White,Male,0,0,45,United-States
42902,45,Private,HS-grad,9,Married-civ-spouse,Transport-moving,Husband,White,Male,0,0,40,United-States
7095,42,Federal-gov,HS-grad,9,Separated,Adm-clerical,Unmarried,Black,Female,0,0,40,United-States
47892,40,Private,5th-6th,3,Married-civ-spouse,Other-service,Husband,White,Male,0,1672,30,Mexico
23418,50,Private,11th,7,Married-civ-spouse,Exec-managerial,Husband,White,Male,0,0,50,United-States
42208,44,Private,Assoc-acdm,12,Separated,Adm-clerical,Not-in-family,White,Male,0,0,35,United-States
28652,45,Self-emp-not-inc,Prof-school,15,Married-civ-spouse,Prof-specialty,Husband,Asian-Pac-Islander,Male,0,0,50,India
18153,49,Federal-gov,HS-grad,9,Married-civ-spouse,Machine-op-inspct,Husband,White,Male,0,0,40,United-States
13704,47,Self-emp-not-inc,Some-college,10,Married-civ-spouse,Sales,Husband,White,Male,0,0,40,United-States
9755,44,Self-emp-not-inc,5th-6th,3,Married-civ-spouse,Farming-fishing,Husband,White,Male,0,0,40,Mexico
37130,42,State-gov,Bachelors,13,Never-married,Exec-managerial,Not-in-family,White,Female,0,0,38,United-States
18745,46,Federal-gov,Some-college,10,Separated,Adm-clerical,Unmarried,White,Female,0,0,40,United-States
24709,40,Self-emp-not-inc,Bachelors,13,Married-civ-spouse,Craft-repair,Husband,White,Male,0,0,30,United-States
23815,41,Self-emp-not-inc,Assoc-voc,11,Married-civ-spouse,Craft-repair,Husband,White,Male,0,0,40,Yugoslavia
28067,46,Private,Assoc-voc,11,Married-spouse-absent,Craft-repair,Unmarried,White,Male,0,0,40,United-States
42299,46,Self-emp-not-inc,Some-college,10,Married-civ-spouse,Craft-repair,Husband,White,Male,3103,0,35,United-States
47876,41,Private,Bachelors,13,Married-civ-spouse,Adm-clerical,Wife,White,Female,0,0,40,United-States
19700,44,Private,Bachelors,13,Married-civ-spouse,Exec-managerial,Husband,White,Male,0,0,70,United-States
40423,48,Private,HS-grad,9,Married-civ-spouse,Craft-repair,Husband,White,Male,0,0,40,United-States
37272,44,Self-emp-not-inc,Some-college,10,Never-married,Adm-clerical,Not-in-family,White,Female,0,0,45,United-States
27802,47,State-gov,Some-college,10,Divorced,Adm-clerical,Not-in-family,White,Female,0,0,40,United-States
46722,40,Private,HS-grad,9,Divorced,Sales,Not-in-family,White,Female,0,0,40,United-States
9600,43,Local-gov,Masters,14,Never-married,Tech-support,Not-in-family,Black,Female,8614,0,47,United-States
5131,40,Private,10th,6,Divorced,Craft-repair,Not-in-family,White,Male,0,0,50,United-States
41674,48,Local-gov,Bachelors,13,Married-civ-spouse,Prof-specialty,Husband,White,Male,0,0,55,United-States
41353,40,Federal-gov,Masters,14,Never-married,Prof-specialty,Not-in-family,White,Male,0,0,40,United-States
43658,46,Private,Bachelors,13,Married-civ-spouse,Sales,Husband,White,Male,0,0,40,United-States
2844,41,Local-gov,Some-college,10,Married-civ-spouse,Other-service,Husband,White,Male,0,1485,40,United-States
43196,44,Private,HS-grad,9,Married-civ-spouse,Adm-clerical,Husband,Black,Male,0,0,40,United-States
21721,42,Private,Bachelors,13,Separated,Tech-support,Not-in-family,White,Male,0,0,40,United-States
24681,43,Federal-gov,Assoc-acdm,12,Married-civ-spouse,Prof-specialty,Wife,Black,Female,0,0,40,United-States
30496,43,Federal-gov,Masters,14,Married-civ-spouse,Handlers-cleaners,Husband,White,Male,5013,0,12,United-States
45283,43,Private,Some-college,10,Never-married,Handlers-cleaners,Unmarried,Black,Male,0,0,40,United-States
896,40,Private,Masters,14,Married-civ-spouse,Prof-specialty,Husband,White,Male,0,0,40,United-States
23091,46,Federal-gov,Assoc-acdm,12,Divorced,Adm-clerical,Unmarried,White,Female,0,0,40,United-States
33420,47,Local-gov,Masters,14,Married-civ-spouse,Prof-specialty,Husband,White,Male,0,0,40,United-States
35120,45,Self-emp-inc,HS-grad,9,Never-married,Sales,Unmarried,Asian-Pac-Islander,Male,0,0,40,United-States
33675,41,Self-emp-not-inc,HS-grad,9,Married-civ-spouse,Transport-moving,Husband,White,Male,7298,0,50,United-States
6412,49,Self-emp-not-inc,HS-grad,9,Married-civ-spouse,Craft-repair,Husband,White,Male,0,0,60,United-States
14347,46,Local-gov,Masters,14,Divorced,Exec-managerial,Unmarried,White,Female,0,0,65,United-States
17352,49,Federal-gov,Assoc-acdm,12,Married-civ-spouse,Adm-clerical,Husband,White,Male,0,0,60,United-States
39318,42,Local-gov,Assoc-voc,11,Divorced,Prof-specialty,Not-in-family,White,Female,0,0,36,United-States
13399,50,Private,HS-grad,9,Married-civ-spouse,Craft-repair,Husband,White,Male,0,0,40,United-States
10148,43,Private,HS-grad,9,Married-civ-spouse,Exec-managerial,Husband,White,Male,0,0,40,United-States
46791,47,Local-gov,Bachelors,13,Married-civ-spouse,Exec-managerial,Husband,Black,Male,0,0,40,United-States
393,46,Self-emp-not-inc,Assoc-acdm,12,Separated,Craft-repair,Not-in-family,White,Male,0,0,40,United-States
48705,42,Private,Some-college,10,Divorced,Exec-managerial,Not-in-family,White,Female,0,0,40,United-States
32852,42,Private,HS-grad,9,Married-civ-spouse,Exec-managerial,Husband,White,Male,0,0,55,United-States
40471,42,Private,Bachelors,13,Divorced,Exec-managerial,Unmarried,White,Female,0,0,38,United-States
14130,48,Self-emp-not-inc,HS-grad,9,Married-civ-spouse,Craft-repair,Husband,White,Male,0,0,30,Peru
668,42,Private,HS-grad,9,Married-civ-spouse,Craft-repair,Husband,Black,Male,0,0,40,United-States
35940,41,Private,Assoc-acdm,12,Married-civ-spouse,Exec-managerial,Husband,White,Male,7688,0,50,United-States
40708,47,Local-gov,Bachelors,13,Divorced,Prof-specialty,Not-in-family,White,Female,0,0,35,United-States
36079,44,Private,Bachelors,13,Married-civ-spouse,Craft-repair,Husband,White,Male,0,0,40,United-States
6848,48,Private,HS-grad,9,Married-civ-spouse,Prof-specialty,Wife,White,Female,0,0,8,United-States
36692,50,Private,Masters,14,Married-civ-spouse,Exec-managerial,Husband,White,Male,0,0,50,United-States
37557,49,?,10th,6,Married-civ-spouse,?,Wife,White,Female,0,0,40,United-States
32005,42,Private,Some-college,10,Divorced,Sales,Not-in-family,White,Male,0,0,50,United-States
37386,40,Private,Assoc-voc,11,Widowed,Adm-clerical,Unmarried,White,Female,0,0,30,United-States
41318,40,Private,Bachelors,13,Never-married,Sales,Own-child,White,Female,0,0,40,United-States
29842,45,Private,Some-college,10,Married-civ-spouse,Sales,Husband,White,Male,0,0,45,United-States
23619,41,State-gov,Masters,14,Married-civ-spouse,Prof-specialty,Husband,White,Male,0,0,40,United-States
3488,44,Private,HS-grad,9,Never-married,Machine-op-inspct,Not-in-family,White,Female,0,0,40,United-States
19688,50,Private,HS-grad,9,Never-married,Adm-clerical,Own-child,White,Female,0,0,40,United-States
3017,40,State-gov,Bachelors,13,Married-civ-spouse,Adm-clerical,Husband,White,Male,0,0,40,United-States
16914,50,Private,Some-college,10,Married-civ-spouse,Sales,Husband,White,Male,0,0,50,United-States
39468,50,Federal-gov,HS-grad,9,Married-civ-spouse,Tech-support,Husband,White,Male,7298,0,50,United-States
46309,46,State-gov,Masters,14,Divorced,Exec-managerial,Unmarried,White,Male,7430,0,50,United-States
3255,49,Self-emp-not-inc,HS-grad,9,Married-civ-spouse,Craft-repair,Husband,White,Male,0,0,40,United-States
25276,50,Self-emp-inc,7th-8th,4,Married-civ-spouse,Craft-repair,Husband,White,Male,0,1977,63,?
14353,44,Private,Bachelors,13,Married-spouse-absent,Adm-clerical,Not-in-family,White,Female,0,0,40,Cuba
3451,41,Private,Assoc-voc,11,Divorced,Sales,Own-child,White,Male,0,0,50,United-States
24171,41,State-gov,Bachelors,13,Married-civ-spouse,Adm-clerical,Husband,White,Male,0,0,50,United-States
38792,48,Self-emp-not-inc,Some-college,10,Married-civ-spouse,Other-service,Wife,White,Female,0,0,60,United-States
34337,45,Private,7th-8th,4,Never-married,Adm-clerical,Own-child,White,Female,0,0,20,United-States
2236,43,Private,Assoc-voc,11,Divorced,Prof-specialty,Unmarried,White,Female,0,0,40,United-States
3284,40,Private,HS-grad,9,Separated,Other-service,Other-relative,White,Female,0,0,25,United-States
19481,46,Local-gov,Assoc-acdm,12,Married-civ-spouse,Exec-managerial,Husband,White,Male,0,0,44,United-States
14190,45,Private,HS-grad,9,Widowed,Adm-clerical,Unmarried,White,Female,0,0,35,United-States
11204,46,Self-emp-inc,Masters,14,Married-civ-spouse,Exec-managerial,Wife,White,Female,0,0,50,United-States
45424,41,Self-emp-not-inc,HS-grad,9,Married-civ-spouse,Craft-repair,Husband,White,Male,99999,0,40,United-States
19590,49,Private,Some-college,10,Divorced,Adm-clerical,Not-in-family,White,Female,0,0,32,United-States
44352,44,State-gov,Doctorate,16,Never-married,Prof-specialty,Not-in-family,White,Male,0,0,45,United-States
15572,50,Federal-gov,Some-college,10,Married-civ-spouse,Exec-managerial,Husband,White,Male,0,0,40,United-States
23081,46,Private,Assoc-voc,11,Married-civ-spouse,Exec-managerial,Husband,White,Male,0,0,40,United-States
10923,43,Self-emp-not-inc,HS-grad,9,Married-civ-spouse,Craft-repair,Husband,White,Male,0,0,30,United-States
31187,41,Private,Assoc-voc,11,Divorced,Prof-specialty,Unmarried,White,Female,0,0,43,United-States
47784,49,Private,10th,6,Married-civ-spouse,Craft-repair,Husband,White,Male,0,0,40,United-States
17321,40,Private,Assoc-voc,11,Separated,Craft-repair,Not-in-family,White,Female,0,0,60,United-States
31524,49,Local-gov,Assoc-voc,11,Married-civ-spouse,Craft-repair,Husband,White,Male,0,0,40,United-States
5807,47,Private,HS-grad,9,Married-civ-spouse,Transport-moving,Husband,White,Male,0,0,50,United-States
43460,40,Self-emp-not-inc,Bachelors,13,Married-civ-spouse,Exec-managerial,Husband,White,Male,0,1977,40,United-States
24322,47,Private,HS-grad,9,Divorced,Craft-repair,Not-in-family,Black,Male,8614,0,44,United-States
21759,50,Private,HS-grad,9,Divorced,Craft-repair,Not-in-family,White,Male,0,0,40,United-States
28538,47,Private,Masters,14,Married-civ-spouse,Exec-managerial,Husband,White,Male,0,0,50,United-States
30413,41,?,5th-6th,3,Married-civ-spouse,?,Husband,White,Male,0,0,32,Mexico
33190,49,Self-emp-not-inc,HS-grad,9,Married-civ-spouse,Farming-fishing,Husband,White,Male,0,0,60,United-States
34686,40,Private,Bachelors,13,Married-civ-spouse,Prof-specialty,Husband,White,Male,0,0,50,United-States
39295,41,Private,Masters,14,Divorced,Other-service,Unmarried,White,Female,0,0,30,United-States
26702,48,Private,HS-grad,9,Married-civ-spouse,Exec-managerial,Husband,White,Male,0,0,50,United-States
37831,40,Self-emp-not-inc,HS-grad,9,Divorced,Other-service,Own-child,White,Female,0,0,40,United-States
13059,45,Private,HS-grad,9,Married-civ-spouse,Machine-op-inspct,Husband,Black,Male,3137,0,35,United-States
23995,43,Private,10th,6,Married-civ-spouse,Machine-op-inspct,Husband,Black,Male,0,1887,40,United-States
13645,47,Private,Bachelors,13,Married-civ-spouse,Sales,Husband,Black,Male,0,0,40,United-States
6379,48,Self-emp-inc,Prof-school,15,Married-civ-spouse,Prof-specialty,Husband,White,Male,0,0,60,United-States
30650,45,Private,HS-grad,9,Married-civ-spouse,Craft-repair,Husband,White,Male,0,0,40,United-States
2468,46,Private,HS-grad,9,Divorced,Sales,Other-relative,White,Female,0,0,40,United-States
36485,46,Private,Bachelors,13,Married-civ-spouse,Sales,Husband,White,Male,0,0,50,United-States
15376,49,Local-gov,HS-grad,9,Married-civ-spouse,Protective-serv,Husband,White,Male,0,0,40,United-States
7,49,Private,9th,5,Married-spouse-absent,Other-service,Not-in-family,Black,Female,0,0,16,Jamaica
24702,48,State-gov,HS-grad,9,Married-civ-spouse,Protective-serv,Husband,White,Male,0,0,72,United-States
2107,42,Private,HS-grad,9,Married-civ-spouse,Craft-repair,Husband,White,Male,0,1887,40,United-States
13260,41,Private,HS-grad,9,Divorced,Sales,Not-in-family,White,Male,0,0,30,United-States
34332,41,Private,HS-grad,9,Married-civ-spouse,Exec-managerial,Husband,White,Male,0,0,40,United-States
40956,50,Self-emp-not-inc,Assoc-acdm,12,Married-civ-spouse,Craft-repair,Husband,White,Male,0,0,50,United-States
163,44,Self-emp-inc,Masters,14,Divorced,Exec-managerial,Unmarried,Asian-Pac-Islander,Female,0,0,40,United-States
11871,47,Private,Some-college,10,Married-civ-spouse,Tech-support,Husband,White,Male,7298,0,40,United-States
36085,40,Private,Assoc-voc,11,Married-civ-spouse,Other-service,Husband,White,Male,0,0,15,United-States
15298,42,Self-emp-not-inc,HS-grad,9,Never-married,Exec-managerial,Not-in-family,White,Male,0,0,48,United-States
4811,40,Private,Bachelors,13,Divorced,Sales,Not-in-family,White,Male,0,1564,60,United-States
17425,44,Private,HS-grad,9,Married-civ-spouse,Sales,Husband,White,Male,0,0,60,United-States
13006,44,Private,Prof-school,15,Married-civ-spouse,Prof-specialty,Husband,White,Male,15024,0,80,United-States
41112,42,Private,HS-grad,9,Married-civ-spouse,Craft-repair,Husband,White,Male,5178,0,40,United-States
15129,42,Private,5th-6th,3,Separated,Adm-clerical,Other-relative,White,Male,0,0,40,El-Salvador
38563,48,Private,Bachelors,13,Never-married,Sales,Other-relative,White,Female,0,0,38,United-States
43580,47,Private,12th,8,Divorced,Other-service,Not-in-family,White,Female,0,0,48,United-States
20930,40,Private,Some-college,10,Married-civ-spouse,Tech-support,Wife,White,Female,0,0,40,United-States
44539,47,Private,Bachelors,13,Married-civ-spouse,Prof-specialty,Husband,White,Male,7688,0,40,United-States
18249,45,Private,Some-college,10,Married-civ-spouse,Tech-support,Husband,Asian-Pac-Islander,Male,0,0,55,United-States
4141,43,State-gov,HS-grad,9,Married-civ-spouse,Protective-serv,Husband,White,Male,0,0,40,United-States
33384,47,Private,HS-grad,9,Divorced,Handlers-cleaners,Not-in-family,White,Male,0,0,40,United-States
18790,43,Private,Some-college,10,Married-civ-spouse,Adm-clerical,Husband,White,Male,0,0,40,United-States
30787,43,Private,Assoc-acdm,12,Never-married,Adm-clerical,Not-in-family,White,Female,0,0,38,United-States
34180,47,Private,Some-college,10,Divorced,Protective-serv,Unmarried,White,Female,0,0,23,United-States
187,41,Self-emp-not-inc,Bachelors,13,Divorced,Exec-managerial,Not-in-family,White,Female,0,0,40,United-States
7980,48,Private,Masters,14,Married-civ-spouse,Prof-specialty,Husband,White,Male,0,0,40,United-States
34620,48,State-gov,Bachelors,13,Divorced,Exec-managerial,Unmarried,White,Male,0,0,40,United-States
32325,42,State-gov,Some-college,10,Divorced,Adm-clerical,Own-child,White,Male,0,0,40,United-States
47209,41,Private,Bachelors,13,Married-civ-spouse,Exec-managerial,Husband,White,Male,0,0,60,United-States
46472,41,Private,HS-grad,9,Married-civ-spouse,Craft-repair,Husband,White,Male,0,0,45,United-States
34095,40,Private,Assoc-voc,11,Never-married,Prof-specialty,Own-child,White,Female,0,0,36,United-States
14299,49,Private,9th,5,Separated,Handlers-cleaners,Own-child,White,Male,0,0,38,United-States
4953,45,Self-emp-inc,Some-college,10,Married-civ-spouse,Exec-managerial,Husband,White,Male,0,0,50,United-States
38168,49,Private,Some-college,10,Married-civ-spouse,Prof-specialty,Husband,White,Male,5013,0,30,United-States
31356,42,Local-gov,Some-college,10,Married-civ-spouse,Exec-managerial,Husband,White,Male,0,0,45,United-States
17415,49,?,Some-college,10,Widowed,?,Unmarried,White,Female,0,0,28,United-States
46766,41,Private,HS-grad,9,Never-married,Machine-op-inspct,Own-child,White,Male,14344,0,48,United-States
24165,42,Self-emp-inc,Prof-school,15,Married-civ-spouse,Prof-specialty,Husband,White,Male,15024,0,65,United-States
20882,44,Private,HS-grad,9,Never-married,Craft-repair,Not-in-family,White,Male,0,0,30,United-States
22224,47,Private,HS-grad,9,Married-civ-spouse,Sales,Husband,Black,Male,0,0,40,United-States
10045,42,Private,7th-8th,4,Married-spouse-absent,Prof-specialty,Other-relative,White,Male,0,0,35,Puerto-Rico
17824,44,Self-emp-not-inc,Prof-school,15,Married-civ-spouse,Prof-specialty,Husband,Asian-Pac-Islander,Male,0,0,60,Taiwan
17890,49,Self-emp-not-inc,HS-grad,9,Divorced,Other-service,Not-in-family,White,Female,0,0,40,United-States
2315,40,Private,Bachelors,13,Married-civ-spouse,Adm-clerical,Wife,White,Female,0,0,40,United-States
37483,42,Private,HS-grad,9,Married-civ-spouse,Adm-clerical,Husband,White,Male,0,0,55,United-States
20210,45,State-gov,Some-college,10,Married-civ-spouse,Adm-clerical,Husband,White,Male,0,0,40,United-States
40171,46,Self-emp-inc,Prof-school,15,Married-civ-spouse,Prof-specialty,Husband,White,Male,0,1902,45,United-States
41504,42,Private,HS-grad,9,Married-civ-spouse,Craft-repair,Husband,Black,Male,0,0,40,Jamaica
31968,44,Private,Some-college,10,Divorced,Adm-clerical,Own-child,White,Male,14344,0,40,United-States
22870,40,Private,Masters,14,Never-married,Prof-specialty,Not-in-family,White,Female,0,1669,40,United-States
43044,43,Private,HS-grad,9,Married-civ-spouse,Machine-op-inspct,Husband,White,Male,0,0,40,Poland
10399,43,Private,HS-grad,9,Divorced,Handlers-cleaners,Not-in-family,White,Male,594,0,16,United-States
32923,44,Private,Some-college,10,Divorced,Craft-repair,Not-in-family,White,Male,0,0,60,United-States
6525,49,Self-emp-inc,Masters,14,Divorced,Prof-specialty,Unmarried,White,Male,99999,0,80,Mexico
35986,45,Self-emp-not-inc,Bachelors,13,Married-civ-spouse,Exec-managerial,Husband,White,Male,0,0,40,United-States
15250,41,Private,HS-grad,9,Never-married,Sales,Unmarried,Black,Female,0,0,40,United-States
31387,48,Self-emp-not-inc,HS-grad,9,Married-civ-spouse,Sales,Wife,White,Female,0,0,50,United-States
9553,41,State-gov,Masters,14,Never-married,Prof-specialty,Not-in-family,White,Male,0,0,40,United-States
43510,46,Private,HS-grad,9,Married-civ-spouse,Machine-op-inspct,Husband,White,Male,0,0,40,United-States
13790,44,Private,Assoc-acdm,12,Divorced,Machine-op-inspct,Own-child,White,Female,0,0,45,United-States
5226,43,Private,7th-8th,4,Married-civ-spouse,Machine-op-inspct,Husband,White,Male,0,0,40,United-States
24960,43,Private,HS-grad,9,Married-civ-spouse,Adm-clerical,Wife,White,Female,0,0,35,United-States
12822,50,Private,HS-grad,9,Married-civ-spouse,Craft-repair,Husband,White,Male,0,0,40,United-States
40790,45,Private,9th,5,Divorced,Other-service,Unmarried,Black,Female,0,0,40,Haiti
693,42,Private,Some-college,10,Married-civ-spouse,Prof-specialty,Husband,White,Male,0,0,50,United-States
18329,45,Private,9th,5,Married-civ-spouse,Other-service,Husband,White,Male,0,1848,40,United-States
16398,47,Private,HS-grad,9,Divorced,Adm-clerical,Unmarried,White,Female,0,0,48,United-States
917,43,Private,Masters,14,Married-civ-spouse,Prof-specialty,Wife,Asian-Pac-Islander,Female,0,0,50,South
5902,42,Private,HS-grad,9,Married-civ-spouse,Exec-managerial,Wife,White,Female,0,0,40,United-States
20071,46,Private,Some-college,10,Divorced,Craft-repair,Unmarried,White,Male,0,0,40,United-States
23838,43,Private,HS-grad,9,Married-civ-spouse,Craft-repair,Husband,Other,Male,0,0,40,Mexico
19558,43,Federal-gov,Assoc-voc,11,Never-married,Prof-specialty,Not-in-family,White,Female,13550,0,40,United-States
25654,45,Private,Assoc-voc,11,Never-married,Sales,Not-in-family,White,Female,0,0,38,United-States
28953,42,Self-emp-not-inc,Bachelors,13,Married-civ-spouse,Prof-specialty,Husband,White,Male,0,1887,40,United-States
447,44,Private,HS-grad,9,Widowed,Exec-managerial,Unmarried,Black,Female,0,0,40,United-States
22500,40,Self-emp-inc,Bachelors,13,Married-civ-spouse,Prof-specialty,Husband,White,Male,0,0,60,United-States
47080,45,Private,Masters,14,Married-civ-spouse,Exec-managerial,Husband,White,Male,0,0,60,United-States
15063,41,Private,Assoc-voc,11,Separated,Other-service,Not-in-family,White,Male,0,0,40,United-States
37788,46,Self-emp-inc,HS-grad,9,Married-civ-spouse,Sales,Husband,White,Male,0,1887,45,United-States
37747,45,Private,Assoc-voc,11,Married-civ-spouse,Craft-repair,Husband,White,Male,0,0,40,United-States
25212,42,Self-emp-not-inc,Prof-school,15,Divorced,Prof-specialty,Unmarried,White,Male,0,0,60,United-States
47652,46,Local-gov,Masters,14,Married-civ-spouse,Adm-clerical,Husband,White,Male,0,0,40,?
5975,49,Private,HS-grad,9,Married-civ-spouse,Machine-op-inspct,Husband,White,Male,0,0,40,United-States
792,41,Self-emp-inc,Bachelors,13,Married-civ-spouse,Tech-support,Husband,White,Male,0,0,40,United-States
37619,49,Private,Assoc-acdm,12,Married-civ-spouse,Sales,Husband,White,Male,0,0,45,United-States
39419,48,Private,HS-grad,9,Never-married,Sales,Unmarried,White,Female,0,0,40,United-States
817,41,Private,Assoc-voc,11,Never-married,Prof-specialty,Not-in-family,White,Female,0,0,60,United-States
14039,42,Local-gov,HS-grad,9,Divorced,Farming-fishing,Not-in-family,White,Male,0,0,40,United-States
37750,46,Private,Bachelors,13,Never-married,Exec-managerial,Unmarried,Black,Female,0,0,40,United-States
25062,49,Self-emp-inc,Some-college,10,Married-civ-spouse,Craft-repair,Husband,White,Male,0,0,45,United-States
16878,49,State-gov,Prof-school,15,Divorced,Exec-managerial,Not-in-family,White,Female,0,0,40,United-States
17995,43,State-gov,HS-grad,9,Married-civ-spouse,Other-service,Husband,Amer-Indian-Eskimo,Male,0,0,40,United-States
54,50,Federal-gov,Bachelors,13,Divorced,Exec-managerial,Not-in-family,White,Male,0,0,55,United-States
14369,48,Self-emp-inc,HS-grad,9,Divorced,Sales,Unmarried,Asian-Pac-Islander,Female,0,0,84,?
31482,40,Self-emp-not-inc,Assoc-voc,11,Married-civ-spouse,Exec-managerial,Husband,White,Male,0,0,40,United-States
47580,46,Local-gov,Masters,14,Married-civ-spouse,Exec-managerial,Husband,White,Male,0,0,40,United-States
41362,44,Self-emp-not-inc,Masters,14,Married-civ-spouse,Prof-specialty,Husband,White,Male,0,0,30,United-States
38246,44,Private,HS-grad,9,Divorced,Prof-specialty,Not-in-family,White,Male,0,0,40,United-States
38109,48,Private,Assoc-voc,11,Divorced,Prof-specialty,Not-in-family,White,Male,4650,0,50,United-States
22240,41,Private,HS-grad,9,Never-married,Machine-op-inspct,Not-in-family,White,Male,2174,0,41,United-States
19255,50,Local-gov,Bachelors,13,Divorced,Exec-managerial,Not-in-family,White,Female,0,0,40,United-States
14559,48,Self-emp-not-inc,Doctorate,16,Never-married,Prof-specialty,Unmarried,White,Female,0,0,60,United-States
11057,49,?,Assoc-voc,11,Married-spouse-absent,?,Unmarried,White,Female,0,0,40,United-States
11867,45,Private,Bachelors,13,Divorced,Prof-specialty,Unmarried,White,Female,0,0,48,United-States
23451,45,Private,Some-college,10,Divorced,Adm-clerical,Unmarried,White,Female,0,0,48,United-States
36423,45,Self-emp-not-inc,HS-grad,9,Married-civ-spouse,Farming-fishing,Husband,White,Male,0,1740,56,United-States
22947,40,Federal-gov,HS-grad,9,Divorced,Adm-clerical,Not-in-family,Black,Female,0,0,52,United-States
46807,41,Private,7th-8th,4,Married-civ-spouse,Transport-moving,Husband,White,Male,0,0,40,Italy
48405,48,Private,HS-grad,9,Widowed,Craft-repair,Not-in-family,White,Female,0,0,60,United-States
3406,47,Local-gov,Some-college,10,Married-civ-spouse,Exec-managerial,Husband,White,Male,0,0,40,United-States
17689,47,Private,7th-8th,4,Married-civ-spouse,Machine-op-inspct,Wife,Other,Female,0,0,40,Puerto-Rico
10888,44,Private,Bachelors,13,Married-civ-spouse,Tech-support,Wife,White,Female,0,0,20,United-States
6726,41,Private,HS-grad,9,Divorced,Exec-managerial,Not-in-family,White,Male,0,0,40,United-States
30286,41,Private,5th-6th,3,Married-civ-spouse,Handlers-cleaners,Husband,White,Male,0,0,40,Guatemala
38143,42,Private,Some-college,10,Married-civ-spouse,Machine-op-inspct,Husband,White,Male,0,0,40,United-States
7023,41,Federal-gov,Bachelors,13,Divorced,Prof-specialty,Not-in-family,White,Male,0,0,40,United-States
39585,45,Local-gov,Bachelors,13,Divorced,Prof-specialty,Not-in-family,White,Female,0,0,50,United-States
30960,48,Private,HS-grad,9,Divorced,Sales,Not-in-family,White,Female,0,0,52,United-States
32702,46,Private,Masters,14,Married-civ-spouse,Prof-specialty,Husband,White,Male,0,0,40,United-States
12517,43,Private,HS-grad,9,Married-civ-spouse,Craft-repair,Husband,White,Male,0,0,40,United-States
16753,42,Private,Masters,14,Married-civ-spouse,Prof-specialty,Husband,White,Male,7688,0,40,United-States
44834,42,Private,HS-grad,9,Married-civ-spouse,Craft-repair,Husband,White,Male,0,0,85,United-States
13927,43,Private,HS-grad,9,Separated,Other-service,Not-in-family,White,Female,0,0,26,United-States
22725,45,Self-emp-not-inc,Bachelors,13,Divorced,Prof-specialty,Not-in-family,White,Male,0,0,45,France
2837,40,Private,HS-grad,9,Divorced,Craft-repair,Not-in-family,White,Male,0,0,40,United-States
7037,49,Private,Some-college,10,Divorced,Sales,Unmarried,White,Female,0,0,55,England
354,46,Local-gov,11th,7,Married-civ-spouse,Transport-moving,Husband,White,Male,0,0,30,United-States
30693,49,Private,HS-grad,9,Never-married,Other-service,Not-in-family,White,Female,0,0,40,United-States
21684,48,Private,HS-grad,9,Divorced,Craft-repair,Not-in-family,White,Male,0,0,50,United-States
6392,41,State-gov,Bachelors,13,Married-civ-spouse,Prof-specialty,Wife,Amer-Indian-Eskimo,Female,0,0,48,United-States
46828,50,Private,5th-6th,3,Married-civ-spouse,Handlers-cleaners,Husband,White,Male,0,0,40,Mexico
24169,49,Private,HS-grad,9,Married-civ-spouse,Craft-repair,Husband,Black,Male,0,0,40,United-States
32990,47,Private,11th,7,Never-married,Other-service,Own-child,White,Female,0,0,45,United-States
3429,46,Self-emp-inc,Some-college,10,Married-civ-spouse,Sales,Husband,White,Male,0,0,60,United-States
13184,43,Local-gov,Some-college,10,Divorced,Adm-clerical,Not-in-family,White,Female,594,0,20,Mexico
39414,42,Local-gov,Bachelors,13,Divorced,Prof-specialty,Other-relative,White,Female,0,0,55,United-States
22317,50,Local-gov,HS-grad,9,Married-civ-spouse,Transport-moving,Husband,White,Male,0,0,40,United-States
26389,46,Private,Some-college,10,Married-civ-spouse,Exec-managerial,Husband,White,Male,0,0,40,United-States
20885,47,Federal-gov,HS-grad,9,Married-civ-spouse,Transport-moving,Husband,Black,Male,0,0,50,United-States
1931,43,Private,Some-college,10,Divorced,Adm-clerical,Not-in-family,White,Male,0,0,48,United-States
21552,41,Federal-gov,Bachelors,13,Married-civ-spouse,Prof-specialty,Husband,White,Male,0,0,38,United-States
10058,42,Self-emp-not-inc,Some-college,10,Married-civ-spouse,Farming-fishing,Husband,White,Male,0,0,60,United-States
2218,45,Private,Masters,14,Married-civ-spouse,Exec-managerial,Husband,White,Male,0,0,50,United-States
41157,40,Private,Bachelors,13,Married-spouse-absent,Sales,Not-in-family,White,Male,0,0,40,United-States
47903,44,Private,Some-college,10,Married-civ-spouse,Craft-repair,Husband,White,Male,0,0,40,United-States
38739,47,Self-emp-not-inc,Prof-school,15,Married-civ-spouse,Prof-specialty,Husband,White,Male,15024,0,40,United-States
41667,41,Self-emp-not-inc,HS-grad,9,Married-civ-spouse,Farming-fishing,Husband,White,Male,0,0,36,Mexico
11681,41,Self-emp-not-inc,Masters,14,Married-civ-spouse,Prof-specialty,Husband,White,Male,0,0,40,United-States
46953,40,Local-gov,Bachelors,13,Married-civ-spouse,Prof-specialty,Wife,White,Female,0,0,20,United-States
9475,44,Private,Some-college,10,Divorced,Transport-moving,Own-child,White,Male,0,1380,40,United-States
46532,41,Private,Assoc-acdm,12,Married-civ-spouse,Transport-moving,Husband,Black,Male,0,0,40,?
48587,44,Private,HS-grad,9,Divorced,Adm-clerical,Unmarried,Black,Female,0,0,40,Jamaica
34545,46,Local-gov,Bachelors,13,Divorced,Prof-specialty,Unmarried,White,Female,0,0,45,United-States
27619,49,Private,11th,7,Married-civ-spouse,Sales,Wife,White,Female,0,0,40,United-States
12506,42,Private,Some-college,10,Married-civ-spouse,Other-service,Wife,White,Female,0,0,23,United-States
21145,46,Private,HS-grad,9,Never-married,Adm-clerical,Unmarried,White,Female,0,0,37,United-States
3304,47,Private,Bachelors,13,Married-civ-spouse,Other-service,Husband,White,Male,0,0,40,El-Salvador
30272,41,State-gov,Masters,14,Divorced,Prof-specialty,Not-in-family,White,Male,0,0,35,United-States
9111,49,Private,Bachelors,13,Never-married,Prof-specialty,Not-in-family,White,Female,0,0,40,United-States
38694,49,Private,Masters,14,Married-civ-spouse,Exec-managerial,Husband,White,Male,0,0,40,United-States
44440,50,Private,Bachelors,13,Married-civ-spouse,Sales,Husband,White,Male,0,0,60,United-States
46101,45,Private,HS-grad,9,Divorced,Exec-managerial,Unmarried,White,Female,0,0,38,United-States
46911,43,Private,Prof-school,15,Never-married,Farming-fishing,Not-in-family,White,Female,0,0,32,United-States
47716,41,Self-emp-not-inc,Bachelors,13,Married-civ-spouse,Exec-managerial,Husband,White,Male,0,0,55,United-States
36900,44,Self-emp-not-inc,12th,8,Married-civ-spouse,Exec-managerial,Husband,White,Male,0,0,55,United-States
23096,45,Self-emp-not-inc,Some-college,10,Never-married,Sales,Not-in-family,White,Male,0,0,55,United-States
34905,40,Private,Masters,14,Married-civ-spouse,Prof-specialty,Husband,White,Male,0,0,50,United-States
31197,50,Local-gov,Some-college,10,Widowed,Prof-specialty,Unmarried,White,Male,0,0,40,United-States
32332,50,Private,HS-grad,9,Divorced,Craft-repair,Not-in-family,White,Female,0,0,45,United-States
7767,43,Private,HS-grad,9,Divorced,Adm-clerical,Other-relative,White,Female,0,0,40,United-States
37687,42,Private,Bachelors,13,Married-civ-spouse,Other-service,Husband,White,Male,0,0,40,?
397,45,Private,Some-college,10,Divorced,Handlers-cleaners,Unmarried,White,Female,0,0,40,United-States
17256,48,Private,5th-6th,3,Never-married,Priv-house-serv,Unmarried,White,Female,0,0,35,Nicaragua
45280,47,Private,Masters,14,Divorced,Prof-specialty,Unmarried,White,Female,0,0,40,United-States
11077,47,Private,11th,7,Divorced,Other-service,Unmarried,White,Female,0,0,15,United-States
30855,46,Local-gov,HS-grad,9,Married-civ-spouse,Transport-moving,Husband,White,Male,0,0,40,United-States
10715,45,Private,1st-4th,2,Married-civ-spouse,Other-service,Wife,White,Female,0,0,25,El-Salvador
15578,40,Local-gov,Bachelors,13,Married-civ-spouse,Prof-specialty,Wife,White,Female,0,0,40,United-States
41418,46,Private,Prof-school,15,Married-civ-spouse,Craft-repair,Husband,White,Male,0,0,40,United-States
35460,45,Private,11th,7,Never-married,Sales,Not-in-family,Black,Female,0,0,35,United-States
4472,46,Private,HS-grad,9,Married-civ-spouse,Adm-clerical,Husband,White,Male,0,1485,40,United-States
20713,40,Private,Bachelors,13,Divorced,Prof-specialty,Not-in-family,White,Female,0,0,45,United-States
23279,44,Private,Prof-school,15,Divorced,Prof-specialty,Not-in-family,White,Male,0,0,45,United-States
32171,41,Private,10th,6,Never-married,Machine-op-inspct,Not-in-family,White,Male,0,0,40,United-States
5633,45,?,Masters,14,Married-civ-spouse,?,Wife,White,Female,0,0,1,United-States
13858,47,Private,Some-college,10,Married-civ-spouse,Machine-op-inspct,Husband,White,Male,0,0,46,United-States
19250,40,Private,Bachelors,13,Married-spouse-absent,Exec-managerial,Not-in-family,White,Male,0,0,40,United-States
44951,44,Private,HS-grad,9,Never-married,Handlers-cleaners,Own-child,White,Female,0,0,20,United-States
48506,50,State-gov,HS-grad,9,Widowed,Other-service,Not-in-family,White,Female,0,0,37,United-States
1979,48,Self-emp-not-inc,11th,7,Married-civ-spouse,Farming-fishing,Husband,White,Male,0,0,50,United-States
36750,41,Private,Some-college,10,Married-civ-spouse,Sales,Husband,White,Male,0,0,43,United-States
44884,46,?,Some-college,10,Divorced,?,Not-in-family,White,Male,0,0,40,United-States
46499,45,Self-emp-not-inc,Assoc-voc,11,Married-civ-spouse,Sales,Husband,White,Male,3411,0,40,United-States
28060,40,Private,HS-grad,9,Married-civ-spouse,Sales,Wife,White,Female,0,0,40,United-States
17275,41,Private,Assoc-voc,11,Never-married,Craft-repair,Not-in-family,White,Female,0,0,40,?
38480,42,Private,Some-college,10,Married-civ-spouse,Craft-repair,Husband,White,Male,0,0,48,United-States
12016,46,Private,Masters,14,Married-civ-spouse,Prof-specialty,Wife,White,Female,7688,0,35,United-States
27307,40,Private,HS-grad,9,Married-civ-spouse,Transport-moving,Husband,Asian-Pac-Islander,Male,0,0,60,Trinadad&Tobago
17348,48,?,HS-grad,9,Widowed,?,Unmarried,White,Female,0,0,25,United-States
31937,50,Self-emp-inc,Some-college,10,Married-civ-spouse,Sales,Husband,White,Male,0,1485,40,United-States
11609,50,Private,HS-grad,9,Divorced,Sales,Unmarried,White,Female,0,0,45,United-States
9217,49,Private,HS-grad,9,Married-civ-spouse,Sales,Husband,White,Male,0,0,15,Mexico
44872,40,Private,Bachelors,13,Never-married,Prof-specialty,Not-in-family,White,Male,0,0,30,United-States
24470,50,Local-gov,Some-college,10,Divorced,Other-service,Unmarried,Black,Female,0,0,40,United-States
10658,41,Local-gov,Prof-school,15,Married-civ-spouse,Prof-specialty,Husband,White,Male,0,0,50,United-States
1608,47,Private,HS-grad,9,Separated,Craft-repair,Own-child,White,Male,0,0,40,United-States
8348,45,Local-gov,Some-college,10,Divorced,Adm-clerical,Not-in-family,White,Female,0,0,38,United-States
42385,46,Private,HS-grad,9,Divorced,Craft-repair,Not-in-family,Black,Male,0,0,40,United-States
13556,43,Private,Assoc-acdm,12,Married-civ-spouse,Sales,Husband,White,Male,7688,0,50,United-States
28273,44,Local-gov,Masters,14,Married-civ-spouse,Prof-specialty,Husband,White,Male,15024,0,35,United-States
21107,43,Private,HS-grad,9,Never-married,Adm-clerical,Unmarried,White,Female,0,0,40,United-States
24996,41,Private,10th,6,Married-civ-spouse,Transport-moving,Husband,White,Male,0,0,60,United-States
36975,44,State-gov,Bachelors,13,Never-married,Farming-fishing,Not-in-family,White,Male,0,0,40,United-States
13561,40,Private,Bachelors,13,Never-married,Prof-specialty,Not-in-family,White,Female,0,0,45,United-States
17111,49,Private,Bachelors,13,Married-civ-spouse,Sales,Husband,Asian-Pac-Islander,Male,0,1977,50,South
46246,48,Private,9th,5,Married-civ-spouse,Craft-repair,Husband,White,Male,0,0,40,United-States
20308,47,Self-emp-not-inc,Assoc-voc,11,Married-civ-spouse,Sales,Husband,White,Male,0,0,40,United-States
23079,50,Private,Doctorate,16,Married-civ-spouse,Prof-specialty,Husband,White,Male,15024,0,50,United-States
24030,43,Self-emp-not-inc,11th,7,Married-civ-spouse,Handlers-cleaners,Husband,White,Male,0,0,60,United-States
9818,40,Self-emp-not-inc,Prof-school,15,Married-civ-spouse,Prof-specialty,Husband,White,Male,0,0,45,United-States
28791,46,Self-emp-inc,Bachelors,13,Married-civ-spouse,Exec-managerial,Husband,White,Male,3103,0,37,United-States
8895,43,Private,Masters,14,Never-married,Exec-managerial,Not-in-family,White,Female,0,0,25,United-States
16075,44,Private,Some-college,10,Divorced,Exec-managerial,Unmarried,White,Female,0,0,42,United-States
41729,40,State-gov,Masters,14,Married-civ-spouse,Protective-serv,Husband,White,Male,0,0,40,United-States
9965,41,Private,HS-grad,9,Widowed,Exec-managerial,Other-relative,White,Male,914,0,40,United-States
3213,49,Private,Bachelors,13,Married-civ-spouse,Sales,Husband,White,Male,0,2415,55,United-States
45930,42,Self-emp-inc,Prof-school,15,Married-civ-spouse,Prof-specialty,Husband,White,Male,99999,0,99,United-States
24517,45,Private,Some-college,10,Divorced,Prof-specialty,Unmarried,White,Female,0,0,20,United-States
39579,44,Private,Assoc-acdm,12,Married-civ-spouse,Sales,Husband,White,Male,0,0,40,United-States
40805,40,Private,10th,6,Divorced,Machine-op-inspct,Not-in-family,White,Male,0,0,40,United-States
16107,48,Private,Assoc-acdm,12,Married-civ-spouse,Transport-moving,Husband,White,Male,0,0,44,United-States
37659,41,Federal-gov,Some-college,10,Married-civ-spouse,Craft-repair,Husband,Black,Male,0,0,35,United-States
31852,42,Self-emp-not-inc,Prof-school,15,Divorced,Prof-specialty,Unmarried,White,Male,7430,0,40,United-States
7249,44,Private,Assoc-voc,11,Married-civ-spouse,Exec-managerial,Husband,Black,Male,0,0,40,United-States
42856,40,Private,10th,6,Never-married,Transport-moving,Not-in-family,White,Male,0,0,40,United-States
1667,50,Self-emp-inc,Some-college,10,Married-civ-spouse,Sales,Husband,White,Male,0,0,60,United-States
6081,46,Self-emp-not-inc,Assoc-voc,11,Married-civ-spouse,Exec-managerial,Husband,White,Male,0,0,60,United-States
2,50,Self-emp-not-inc,Bachelors,13,Married-civ-spouse,Exec-managerial,Husband,White,Male,0,0,13,United-States
25275,49,Local-gov,Masters,14,Married-civ-spouse,Prof-specialty,Husband,White,Male,7298,0,40,United-States
2482,44,Self-emp-inc,Bachelors,13,Married-civ-spouse,Exec-managerial,Husband,White,Male,7688,0,52,United-States
10930,46,Private,HS-grad,9,Married-civ-spouse,Transport-moving,Husband,Black,Male,0,0,40,United-States
14627,40,Local-gov,Some-college,10,Married-civ-spouse,Protective-serv,Husband,White,Male,7298,0,40,United-States
11129,47,Local-gov,Masters,14,Married-civ-spouse,Exec-managerial,Husband,Black,Male,0,1977,50,United-States
56,43,Private,Some-college,10,Married-civ-spouse,Tech-support,Husband,White,Male,0,0,40,United-States
35479,42,Private,Assoc-voc,11,Married-civ-spouse,Prof-specialty,Husband,White,Male,0,0,40,Canada
47240,41,Private,Masters,14,Married-civ-spouse,Tech-support,Husband,Asian-Pac-Islander,Male,0,1887,45,China
32183,50,Private,HS-grad,9,Married-civ-spouse,Handlers-cleaners,Husband,White,Male,0,0,45,United-States
36122,44,Private,Some-college,10,Divorced,Adm-clerical,Not-in-family,Asian-Pac-Islander,Male,0,0,40,Japan
41429,48,Private,Assoc-voc,11,Married-civ-spouse,Craft-repair,Husband,White,Male,0,0,40,United-States
20430,43,Self-emp-not-inc,Some-college,10,Married-civ-spouse,Farming-fishing,Husband,White,Male,0,0,84,United-States
34598,48,Private,Assoc-voc,11,Married-civ-spouse,Craft-repair,Husband,White,Male,0,0,42,United-States
39889,41,Private,Assoc-voc,11,Never-married,Adm-clerical,Own-child,White,Female,0,0,40,United-States
17953,50,Private,HS-grad,9,Married-civ-spouse,Handlers-cleaners,Husband,White,Male,0,0,40,United-States
44140,47,Private,Some-college,10,Separated,Machine-op-inspct,Not-in-family,White,Male,8614,0,65,United-States
39405,48,Private,7th-8th,4,Divorced,Other-service,Not-in-family,White,Male,0,0,40,United-States
19040,44,Self-emp-not-inc,Bachelors,13,Married-civ-spouse,Sales,Husband,White,Male,0,0,40,United-States
28764,41,Local-gov,Some-college,10,Divorced,Protective-serv,Unmarried,White,Female,0,0,40,United-States
32118,47,Private,HS-grad,9,Married-civ-spouse,Craft-repair,Husband,White,Male,0,0,40,United-States
34436,44,Private,Bachelors,13,Married-civ-spouse,Transport-moving,Husband,White,Male,0,0,52,United-States
7993,40,Private,Assoc-voc,11,Married-civ-spouse,Craft-repair,Husband,White,Male,0,0,40,United-States
38114,41,Private,HS-grad,9,Married-civ-spouse,Protective-serv,Husband,White,Male,0,0,40,United-States
28384,50,Private,10th,6,Married-civ-spouse,Other-service,Husband,White,Male,0,0,8,El-Salvador
46564,41,Private,HS-grad,9,Never-married,Craft-repair,Unmarried,White,Male,0,0,40,United-States
1860,47,Local-gov,Assoc-acdm,12,Married-civ-spouse,Adm-clerical,Wife,White,Female,0,0,35,United-States
12744,49,Private,HS-grad,9,Divorced,Exec-managerial,Unmarried,White,Female,0,0,40,United-States
14236,48,Private,Bachelors,13,Married-civ-spouse,Craft-repair,Husband,White,Male,0,0,55,United-States
34710,46,Private,Some-college,10,Married-civ-spouse,Prof-specialty,Husband,White,Male,0,0,40,United-States
36983,40,State-gov,Masters,14,Married-civ-spouse,Prof-specialty,Husband,White,Male,0,0,58,United-States
24857,45,Private,HS-grad,9,Never-married,Priv-house-serv,Unmarried,Black,Female,0,0,30,United-States
24601,41,Self-emp-inc,Bachelors,13,Married-civ-spouse,Prof-specialty,Husband,White,Male,15024,0,40,United-States
17866,49,State-gov,Some-college,10,Married-civ-spouse,Farming-fishing,Husband,White,Male,0,0,40,United-States
45581,48,Private,Bachelors,13,Never-married,Exec-managerial,Own-child,White,Male,0,0,40,United-States
33858,42,Private,Masters,14,Married-civ-spouse,Craft-repair,Husband,White,Male,0,0,55,United-States
34708,46,Private,HS-grad,9,Separated,Sales,Not-in-family,White,Female,0,0,36,United-States
22400,46,Private,Bachelors,13,Married-civ-spouse,Adm-clerical,Husband,White,Male,0,0,45,United-States
45052,46,Local-gov,HS-grad,9,Married-civ-spouse,Protective-serv,Husband,White,Male,5013,0,50,United-States
33743,44,Private,Masters,14,Divorced,Prof-specialty,Unmarried,White,Female,0,0,25,United-States
35463,44,Local-gov,Masters,14,Never-married,Exec-managerial,Not-in-family,White,Female,10520,0,60,United-States
42089,40,Private,12th,8,Divorced,Craft-repair,Not-in-family,White,Male,0,0,40,United-States
39416,43,Self-emp-inc,Some-college,10,Married-civ-spouse,Exec-managerial,Husband,White,Male,0,0,75,United-States
16762,44,Private,Assoc-voc,11,Married-civ-spouse,Craft-repair,Husband,Black,Male,0,0,40,United-States
16290,44,Private,HS-grad,9,Divorced,Sales,Not-in-family,White,Male,3674,0,50,United-States
47774,49,Private,Bachelors,13,Married-civ-spouse,Machine-op-inspct,Husband,White,Male,0,0,40,United-States
41798,42,Private,Some-college,10,Never-married,Other-service,Own-child,White,Male,0,0,30,United-States
34034,47,Local-gov,Masters,14,Married-civ-spouse,Prof-specialty,Husband,White,Male,0,0,40,United-States
35392,47,Self-emp-not-inc,HS-grad,9,Never-married,Transport-moving,Own-child,White,Male,0,0,60,United-States
27204,49,Private,HS-grad,9,Divorced,Adm-clerical,Not-in-family,White,Male,0,0,32,United-States
46291,41,Private,Prof-school,15,Divorced,Prof-specialty,Unmarried,White,Female,0,0,45,United-States
23976,46,Private,Bachelors,13,Divorced,Sales,Unmarried,Black,Female,0,0,35,United-States
18404,45,Private,Bachelors,13,Married-civ-spouse,Craft-repair,Husband,White,Male,0,0,45,United-States
7789,40,Private,11th,7,Married-civ-spouse,Farming-fishing,Husband,White,Male,0,0,40,United-States
35751,42,Private,Masters,14,Divorced,Sales,Not-in-family,White,Male,0,0,50,United-States
1150,50,Self-emp-inc,HS-grad,9,Married-civ-spouse,Exec-managerial,Husband,White,Male,7298,0,40,United-States
40938,41,Private,Assoc-voc,11,Married-civ-spouse,Tech-support,Husband,White,Male,0,0,40,United-States
511,49,Private,Assoc-voc,11,Married-spouse-absent,Handlers-cleaners,Unmarried,White,Male,0,1380,42,United-States
47401,44,Private,Some-college,10,Divorced,Exec-managerial,Unmarried,White,Male,0,0,47,United-States
21165,43,Local-gov,Some-college,10,Married-civ-spouse,Transport-moving,Husband,White,Male,0,0,17,United-States
11351,45,Self-emp-not-inc,Bachelors,13,Never-married,Prof-specialty,Not-in-family,White,Male,0,0,40,United-States
34234,41,Private,HS-grad,9,Separated,Craft-repair,Unmarried,White,Male,0,0,40,United-States
39908,46,Local-gov,HS-grad,9,Married-civ-spouse,Protective-serv,Husband,White,Male,0,0,56,United-States
26388,43,Self-emp-not-inc,HS-grad,9,Married-civ-spouse,Craft-repair,Husband,White,Male,0,0,60,United-States
47250,47,Local-gov,Masters,14,Never-married,Tech-support,Not-in-family,White,Male,0,0,40,United-States
24401,44,Private,Masters,14,Married-civ-spouse,Exec-managerial,Husband,White,Male,0,0,45,United-States
34910,41,Federal-gov,Masters,14,Never-married,Tech-support,Not-in-family,Black,Male,0,0,40,United-States
42156,41,State-gov,Some-college,10,Never-married,Farming-fishing,Not-in-family,Black,Male,0,0,40,United-States
8536,49,Private,Bachelors,13,Married-spouse-absent,Other-service,Not-in-family,Asian-Pac-Islander,Male,0,0,40,Philippines
26711,50,Private,Bachelors,13,Married-civ-spouse,Exec-managerial,Husband,White,Male,0,1902,50,United-States
19177,40,Private,Some-college,10,Never-married,Adm-clerical,Not-in-family,White,Female,0,0,40,United-States
42292,46,Private,HS-grad,9,Married-civ-spouse,Tech-support,Husband,Black,Male,0,0,40,United-States
7525,49,Private,HS-grad,9,Widowed,Machine-op-inspct,Unmarried,Black,Female,0,0,40,United-States
14923,42,Private,HS-grad,9,Married-civ-spouse,Transport-moving,Husband,White,Male,0,0,60,United-States
13899,42,Federal-gov,HS-grad,9,Divorced,Adm-clerical,Not-in-family,White,Female,0,0,40,United-States
42614,41,Self-emp-not-inc,Some-college,10,Married-civ-spouse,Prof-specialty,Husband,White,Male,0,0,60,United-States
32645,44,Self-emp-inc,HS-grad,9,Married-civ-spouse,Craft-repair,Husband,White,Male,99999,0,50,?
38910,40,Private,Bachelors,13,Never-married,Tech-support,Not-in-family,White,Female,14344,0,45,United-States
11990,43,Private,HS-grad,9,Divorced,Machine-op-inspct,Other-relative,Black,Male,0,0,40,United-States
30414,45,Private,Some-college,10,Married-civ-spouse,Transport-moving,Husband,White,Male,0,0,40,United-States
40661,47,Private,5th-6th,3,Married-civ-spouse,Transport-moving,Wife,White,Female,0,0,40,Mexico
32695,42,Self-emp-inc,Doctorate,16,Married-civ-spouse,Prof-specialty,Husband,White,Male,0,0,41,United-States
26541,42,Private,Some-college,10,Separated,Adm-clerical,Own-child,White,Female,0,0,40,United-States
13796,41,Self-emp-not-inc,Some-college,10,Married-civ-spouse,Exec-managerial,Husband,White,Male,0,0,50,United-States
14751,44,Private,Doctorate,16,Married-civ-spouse,Exec-managerial,Wife,White,Female,15024,0,32,United-States
17102,45,Local-gov,Assoc-acdm,12,Divorced,Tech-support,Own-child,White,Male,0,0,40,United-States
30186,43,Private,11th,7,Married-civ-spouse,Handlers-cleaners,Husband,White,Male,0,0,40,United-States
16205,41,Private,Bachelors,13,Married-civ-spouse,Prof-specialty,Husband,White,Male,7688,0,55,United-States
35661,45,Private,Doctorate,16,Married-civ-spouse,Prof-specialty,Husband,White,Male,0,0,50,United-States
19568,47,Private,Some-college,10,Married-civ-spouse,Prof-specialty,Husband,White,Male,0,0,40,United-States
3099,45,State-gov,Some-college,10,Divorced,Prof-specialty,Unmarried,White,Female,0,0,40,United-States
38262,40,Private,HS-grad,9,Married-civ-spouse,Exec-managerial,Husband,White,Male,0,0,42,United-States
33309,41,State-gov,Prof-school,15,Widowed,Prof-specialty,Not-in-family,Other,Female,0,0,52,United-States
16117,41,Private,HS-grad,9,Married-civ-spouse,Transport-moving,Husband,White,Male,0,0,40,United-States
2591,50,Private,HS-grad,9,Divorced,Adm-clerical,Other-relative,Asian-Pac-Islander,Female,0,0,40,Philippines
18099,45,Federal-gov,Some-college,10,Married-civ-spouse,Adm-clerical,Husband,Black,Male,0,0,20,United-States
46143,47,Private,Bachelors,13,Never-married,Tech-support,Not-in-family,White,Male,27828,0,38,United-States
31247,41,Private,HS-grad,9,Married-spouse-absent,Transport-moving,Unmarried,Black,Male,0,0,50,United-States
32587,45,Self-emp-not-inc,HS-grad,9,Married-civ-spouse,Craft-repair,Husband,White,Male,7298,0,90,United-States
9549,47,Federal-gov,HS-grad,9,Divorced,Other-service,Unmarried,Black,Female,0,0,40,United-States
20278,48,Private,11th,7,Married-civ-spouse,Transport-moving,Husband,White,Male,0,0,40,United-States
36566,50,State-gov,Doctorate,16,Married-civ-spouse,Prof-specialty,Husband,White,Male,15024,0,40,United-States
4795,48,Private,HS-grad,9,Married-civ-spouse,Machine-op-inspct,Husband,White,Male,0,0,48,United-States
13341,47,Self-emp-not-inc,Some-college,10,Married-civ-spouse,Exec-managerial,Husband,White,Male,0,0,80,United-States
13266,43,Private,HS-grad,9,Married-civ-spouse,Machine-op-inspct,Husband,White,Male,0,0,42,United-States
47861,45,Private,HS-grad,9,Divorced,Other-service,Not-in-family,White,Female,0,0,40,United-States
3068,41,Local-gov,Bachelors,13,Widowed,Adm-clerical,Not-in-family,White,Female,0,0,40,United-States
25092,50,Local-gov,Masters,14,Divorced,Exec-managerial,Not-in-family,White,Female,4650,0,70,United-States
8542,42,Local-gov,Bachelors,13,Married-civ-spouse,Protective-serv,Husband,White,Male,0,1902,40,United-States
47426,49,Private,Bachelors,13,Divorced,Exec-managerial,Not-in-family,White,Male,0,0,45,United-States
5325,40,Private,HS-grad,9,Divorced,Machine-op-inspct,Not-in-family,White,Female,0,0,40,United-States
19508,48,State-gov,Bachelors,13,Married-civ-spouse,Exec-managerial,Husband,Black,Male,0,0,40,United-States
34225,44,Private,9th,5,Married-civ-spouse,Craft-repair,Husband,White,Male,0,0,45,Puerto-Rico
20432,46,Self-emp-not-inc,HS-grad,9,Divorced,Transport-moving,Not-in-family,White,Male,0,0,50,United-States
16815,46,Private,Assoc-voc,11,Married-civ-spouse,Adm-clerical,Husband,White,Male,0,0,40,United-States
12698,47,Private,HS-grad,9,Divorced,Adm-clerical,Not-in-family,White,Female,0,0,40,United-States
9860,43,Self-emp-not-inc,Bachelors,13,Married-civ-spouse,Exec-managerial,Husband,Asian-Pac-Islander,Male,0,0,50,Philippines
23411,43,Private,10th,6,Married-civ-spouse,Handlers-cleaners,Husband,Black,Male,0,0,40,United-States
12896,42,Private,Masters,14,Married-civ-spouse,Exec-managerial,Husband,White,Male,0,0,60,United-States
47316,43,Private,Some-college,10,Divorced,Exec-managerial,Not-in-family,White,Female,0,0,46,United-States
29384,46,Private,Some-college,10,Divorced,Transport-moving,Own-child,White,Male,3325,0,55,United-States
14265,46,Private,9th,5,Married-civ-spouse,Machine-op-inspct,Husband,White,Male,0,0,40,Guatemala
4297,41,Private,HS-grad,9,Never-married,Other-service,Own-child,White,Male,0,0,40,United-States
30350,46,Private,HS-grad,9,Married-civ-spouse,Machine-op-inspct,Husband,Black,Male,0,0,40,United-States
31551,47,Private,5th-6th,3,Never-married,Machine-op-inspct,Own-child,White,Male,0,0,20,United-States
12819,48,Self-emp-inc,Some-college,10,Married-civ-spouse,Sales,Husband,White,Male,0,0,38,United-States
714,40,Private,Assoc-voc,11,Married-civ-spouse,Tech-support,Husband,White,Male,4386,0,40,United-States
12007,48,Local-gov,Assoc-voc,11,Married-civ-spouse,Craft-repair,Husband,White,Male,0,0,40,United-States
32799,42,Private,HS-grad,9,Never-married,Other-service,Unmarried,Black,Female,0,0,28,Haiti
34307,47,Self-emp-inc,Some-college,10,Married-civ-spouse,Sales,Husband,White,Male,0,0,45,United-States
29691,44,Local-gov,Bachelors,13,Divorced,Prof-specialty,Unmarried,White,Male,0,0,45,United-States
15112,41,Private,Some-college,10,Married-civ-spouse,Prof-specialty,Husband,White,Male,0,0,40,United-States
13045,45,Private,HS-grad,9,Divorced,Sales,Not-in-family,White,Female,0,0,40,United-States
29057,46,Federal-gov,Bachelors,13,Married-civ-spouse,Tech-support,Husband,White,Male,3103,0,40,United-States
46265,49,Private,Some-college,10,Married-civ-spouse,Tech-support,Husband,White,Male,0,0,40,United-States
4972,46,State-gov,HS-grad,9,Married-civ-spouse,Transport-moving,Husband,White,Male,0,0,40,United-States
7384,50,Private,HS-grad,9,Married-civ-spouse,Machine-op-inspct,Husband,White,Male,0,0,50,United-States
35883,42,Private,HS-grad,9,Never-married,Machine-op-inspct,Own-child,Black,Female,0,0,40,United-States
43171,45,Private,HS-grad,9,Divorced,Handlers-cleaners,Unmarried,Black,Female,0,0,40,United-States
9722,49,State-gov,Masters,14,Divorced,Prof-specialty,Not-in-family,White,Female,0,0,40,United-States
28602,44,Private,HS-grad,9,Married-civ-spouse,Sales,Husband,White,Male,0,0,35,United-States
19742,48,Private,HS-grad,9,Divorced,Transport-moving,Not-in-family,White,Male,0,0,65,United-States
725,42,Private,Bachelors,13,Married-civ-spouse,Exec-managerial,Husband,White,Male,7298,0,45,United-States
28344,50,Private,Bachelors,13,Married-civ-spouse,Craft-repair,Husband,White,Male,0,0,40,?
12140,45,Private,Masters,14,Married-civ-spouse,Adm-clerical,Husband,White,Male,0,0,45,United-States
21834,46,Private,HS-grad,9,Married-civ-spouse,Craft-repair,Husband,White,Male,0,0,40,United-States
9008,50,Private,HS-grad,9,Married-civ-spouse,Craft-repair,Husband,White,Male,0,0,40,United-States
32638,41,Private,HS-grad,9,Married-civ-spouse,Machine-op-inspct,Husband,White,Male,0,0,50,United-States
47709,40,Private,HS-grad,9,Separated,Adm-clerical,Unmarried,Black,Female,0,0,40,United-States
374,45,Private,HS-grad,9,Married-civ-spouse,Machine-op-inspct,Husband,Black,Male,0,0,40,United-States
20919,49,Private,HS-grad,9,Married-civ-spouse,Craft-repair,Husband,White,Male,0,0,40,United-States
4320,45,Private,Some-college,10,Married-civ-spouse,Exec-managerial,Husband,White,Male,0,0,40,United-States
36478,40,Self-emp-inc,HS-grad,9,Never-married,Other-service,Not-in-family,White,Female,0,0,65,United-States
44711,43,Private,Bachelors,13,Married-civ-spouse,Handlers-cleaners,Husband,White,Male,0,0,38,United-States
12446,46,Private,Masters,14,Married-civ-spouse,Exec-managerial,Husband,White,Male,0,0,40,United-States
20982,41,Local-gov,Assoc-voc,11,Divorced,Prof-specialty,Unmarried,White,Female,0,0,40,United-States
28681,45,Private,Bachelors,13,Married-civ-spouse,Exec-managerial,Wife,White,Female,0,0,40,United-States
29830,50,Private,Assoc-voc,11,Divorced,Prof-specialty,Unmarried,White,Female,0,0,40,United-States
31048,45,Private,Bachelors,13,Married-civ-spouse,Prof-specialty,Husband,Asian-Pac-Islander,Male,0,0,40,China
4272,42,Private,HS-grad,9,Married-civ-spouse,Exec-managerial,Husband,White,Male,0,0,50,United-States
9555,46,Federal-gov,Assoc-voc,11,Separated,Tech-support,Not-in-family,Other,Female,0,0,30,United-States
35990,40,Private,HS-grad,9,Married-civ-spouse,Exec-managerial,Husband,White,Male,0,0,50,United-States
646,50,Self-emp-inc,Doctorate,16,Separated,Prof-specialty,Not-in-family,White,Male,0,0,40,United-States
11921,44,State-gov,Doctorate,16,Married-civ-spouse,Prof-specialty,Husband,White,Male,0,1902,40,United-States
10350,44,Private,Bachelors,13,Divorced,Exec-managerial,Not-in-family,White,Male,0,0,50,United-States
11894,41,Private,Some-college,10,Separated,Exec-managerial,Not-in-family,Black,Female,0,0,40,United-States
2846,50,Private,Some-college,10,Married-civ-spouse,Sales,Husband,White,Male,0,0,45,United-States
22283,42,Federal-gov,HS-grad,9,Married-civ-spouse,Tech-support,Husband,White,Male,0,0,30,United-States
35670,45,Private,Assoc-voc,11,Married-civ-spouse,Craft-repair,Husband,White,Male,0,0,35,United-States
29548,40,Private,Bachelors,13,Married-civ-spouse,Exec-managerial,Husband,Asian-Pac-Islander,Male,0,0,40,China
32651,41,?,Masters,14,Married-civ-spouse,?,Wife,White,Female,7688,0,10,United-States
3717,44,Private,Bachelors,13,Married-civ-spouse,Exec-managerial,Husband,Black,Male,0,0,50,United-States
40929,43,Self-emp-not-inc,Some-college,10,Married-civ-spouse,Machine-op-inspct,Wife,White,Female,0,0,50,United-States
39343,46,Private,Assoc-acdm,12,Married-civ-spouse,Tech-support,Husband,White,Male,0,0,40,United-States
40200,41,Private,Assoc-voc,11,Married-civ-spouse,Adm-clerical,Husband,White,Male,7298,0,40,United-States
26275,40,Self-emp-not-inc,HS-grad,9,Married-civ-spouse,Craft-repair,Husband,White,Male,0,0,15,United-States
9595,41,Local-gov,Some-college,10,Married-civ-spouse,Handlers-cleaners,Husband,White,Male,0,0,40,United-States
29975,44,Federal-gov,Bachelors,13,Divorced,Exec-managerial,Not-in-family,Black,Female,0,0,40,United-States
36149,44,Private,Some-college,10,Married-civ-spouse,Exec-managerial,Husband,White,Male,0,0,40,United-States
3106,46,Private,Prof-school,15,Married-civ-spouse,Prof-specialty,Husband,White,Male,99999,0,50,United-States
45036,41,Private,Some-college,10,Married-civ-spouse,Exec-managerial,Husband,White,Male,0,0,65,United-States
28435,46,Private,Bachelors,13,Separated,Prof-specialty,Unmarried,Black,Female,0,0,36,United-States
26021,47,Private,HS-grad,9,Never-married,Craft-repair,Not-in-family,White,Male,0,0,40,United-States
12913,41,Self-emp-not-inc,Masters,14,Married-civ-spouse,Craft-repair,Husband,White,Male,0,0,65,United-States
17810,49,Private,Bachelors,13,Divorced,Exec-managerial,Not-in-family,Black,Female,27828,0,60,United-States
43762,48,Local-gov,Assoc-voc,11,Married-civ-spouse,Protective-serv,Husband,Amer-Indian-Eskimo,Male,0,0,40,United-States
32327,48,Private,Doctorate,16,Married-civ-spouse,Prof-specialty,Husband,White,Male,0,0,45,United-States
38452,44,Self-emp-inc,Bachelors,13,Married-civ-spouse,Farming-fishing,Husband,White,Male,15024,0,55,United-States
22051,43,Private,Masters,14,Married-civ-spouse,Prof-specialty,Husband,White,Male,5178,0,40,United-States
30671,50,Private,7th-8th,4,Married-civ-spouse,Other-service,Wife,White,Female,0,0,35,?
34264,45,Private,Assoc-voc,11,Never-married,Other-service,Unmarried,White,Female,0,0,40,Mexico
21375,44,Federal-gov,HS-grad,9,Married-civ-spouse,Craft-repair,Husband,White,Male,0,0,40,United-States
31587,49,Private,HS-grad,9,Divorced,Adm-clerical,Not-in-family,White,Female,0,0,40,United-States
45727,48,Self-emp-inc,Doctorate,16,Married-civ-spouse,Exec-managerial,Husband,White,Male,0,0,40,United-States
2904,42,Private,Some-college,10,Married-civ-spouse,Sales,Husband,White,Male,0,0,40,United-States
14004,42,Local-gov,Some-college,10,Married-civ-spouse,Protective-serv,Husband,White,Male,0,0,52,United-States
21464,47,Private,Bachelors,13,Divorced,Adm-clerical,Not-in-family,White,Female,0,0,40,United-States
1013,50,Private,HS-grad,9,Married-civ-spouse,Machine-op-inspct,Husband,White,Male,3103,0,40,United-States
14439,44,Self-emp-not-inc,HS-grad,9,Never-married,Craft-repair,Not-in-family,White,Male,14344,0,40,United-States
2580,47,Private,HS-grad,9,Married-civ-spouse,Transport-moving,Husband,White,Male,0,0,25,United-States
23764,40,Private,Masters,14,Never-married,Exec-managerial,Not-in-family,White,Female,0,0,40,United-States
19813,49,?,HS-grad,9,Married-spouse-absent,?,Not-in-family,White,Male,0,0,70,United-States
31883,42,Federal-gov,Bachelors,13,Never-married,Exec-managerial,Not-in-family,White,Female,0,0,40,United-States
7624,41,Private,HS-grad,9,Married-civ-spouse,Handlers-cleaners,Husband,White,Male,0,0,40,United-States
7659,43,Private,HS-grad,9,Separated,Other-service,Not-in-family,White,Female,4101,0,40,United-States
8875,45,Private,HS-grad,9,Divorced,Craft-repair,Not-in-family,Asian-Pac-Islander,Male,10520,0,40,United-States
32234,44,Local-gov,Some-college,10,Divorced,Other-service,Unmarried,White,Female,0,0,40,United-States
43129,41,Self-emp-not-inc,Prof-school,15,Married-civ-spouse,Prof-specialty,Husband,White,Male,15024,0,50,United-States
39748,48,Private,HS-grad,9,Widowed,Sales,Unmarried,White,Female,0,0,37,United-States
33303,40,Private,HS-grad,9,Married-civ-spouse,Craft-repair,Husband,White,Male,0,0,40,United-States
5168,49,Local-gov,Some-college,10,Married-civ-spouse,Handlers-cleaners,Husband,White,Male,7298,0,40,United-States
13865,44,Local-gov,Assoc-voc,11,Married-civ-spouse,Transport-moving,Husband,White,Male,4386,0,40,United-States
11982,46,Private,Some-college,10,Married-civ-spouse,Prof-specialty,Husband,White,Male,0,1977,50,United-States
24906,45,Private,HS-grad,9,Married-civ-spouse,Transport-moving,Husband,White,Male,0,0,40,United-States
25892,42,Private,12th,8,Never-married,Farming-fishing,Own-child,White,Male,0,0,40,United-States
17253,47,Private,Assoc-voc,11,Never-married,Other-service,Not-in-family,White,Female,0,0,55,United-States
17137,50,Private,Some-college,10,Married-civ-spouse,Protective-serv,Husband,Black,Male,0,0,70,United-States
40473,45,Private,Some-college,10,Married-civ-spouse,Craft-repair,Husband,Asian-Pac-Islander,Male,0,0,45,United-States
38581,43,Self-emp-inc,Assoc-acdm,12,Never-married,Exec-managerial,Not-in-family,White,Male,27828,0,45,United-States
14807,48,Private,HS-grad,9,Divorced,Machine-op-inspct,Not-in-family,White,Male,0,0,40,United-States
44691,47,Local-gov,HS-grad,9,Divorced,Other-service,Own-child,White,Female,0,0,32,United-States
46577,41,Private,Masters,14,Divorced,Exec-managerial,Unmarried,White,Female,0,0,40,United-States
15803,44,Local-gov,Some-college,10,Divorced,Exec-managerial,Not-in-family,White,Male,0,0,50,United-States
17152,48,Private,11th,7,Married-civ-spouse,Handlers-cleaners,Husband,White,Male,0,0,60,United-States
24452,47,Private,Bachelors,13,Married-civ-spouse,Prof-specialty,Husband,White,Male,0,0,50,United-States
45937,44,Private,Masters,14,Married-civ-spouse,Sales,Husband,White,Male,0,0,50,United-States
42874,40,Private,HS-grad,9,Married-civ-spouse,Transport-moving,Husband,White,Male,0,0,50,United-States
19007,42,Private,HS-grad,9,Married-civ-spouse,Sales,Husband,White,Male,5178,0,50,United-States
26745,42,Private,Masters,14,Never-married,Exec-managerial,Not-in-family,White,Male,0,0,40,United-States
9324,49,Self-emp-not-inc,Bachelors,13,Married-civ-spouse,Farming-fishing,Husband,White,Male,0,0,50,United-States
41912,41,State-gov,Assoc-voc,11,Married-civ-spouse,Tech-support,Husband,White,Male,0,0,40,United-States
32855,42,Private,10th,6,Divorced,Adm-clerical,Unmarried,White,Female,0,0,40,United-States
40900,45,Private,Some-college,10,Married-civ-spouse,Transport-moving,Husband,White,Male,0,0,60,United-States
21220,50,Private,HS-grad,9,Married-civ-spouse,Exec-managerial,Husband,White,Male,0,0,50,United-States
29726,43,State-gov,Some-college,10,Never-married,Other-service,Not-in-family,White,Female,0,0,40,United-States
7657,40,Private,Some-college,10,Separated,Sales,Not-in-family,Amer-Indian-Eskimo,Female,0,0,40,United-States
32686,41,Private,HS-grad,9,Divorced,Handlers-cleaners,Unmarried,White,Female,0,0,40,United-States
11107,46,Private,HS-grad,9,Married-civ-spouse,Prof-specialty,Husband,White,Male,0,0,40,United-States
7905,50,Self-emp-inc,HS-grad,9,Married-civ-spouse,Sales,Husband,Black,Male,0,0,60,United-States
77,40,Private,Assoc-acdm,12,Married-civ-spouse,Adm-clerical,Husband,White,Male,0,0,40,United-States
34928,48,Private,Some-college,10,Married-civ-spouse,Exec-managerial,Husband,White,Male,0,0,40,United-States
35643,46,Private,HS-grad,9,Married-civ-spouse,Sales,Wife,White,Female,0,0,40,United-States
7712,42,Self-emp-not-inc,Some-college,10,Married-civ-spouse,Prof-specialty,Own-child,White,Female,0,0,25,United-States
3860,48,Private,HS-grad,9,Divorced,Exec-managerial,Unmarried,White,Female,0,0,40,United-States
43545,48,Local-gov,Bachelors,13,Divorced,Adm-clerical,Unmarried,White,Female,0,0,30,United-States
11663,47,Federal-gov,Bachelors,13,Divorced,Prof-specialty,Unmarried,White,Male,0,0,40,United-States
17150,49,Private,HS-grad,9,Divorced,Other-service,Own-child,Black,Female,0,0,40,United-States
4952,40,Private,HS-grad,9,Married-civ-spouse,Sales,Husband,White,Male,0,0,60,United-States
10731,42,Federal-gov,Assoc-acdm,12,Divorced,Adm-clerical,Not-in-family,White,Female,0,0,40,United-States
25113,47,Self-emp-inc,7th-8th,4,Married-civ-spouse,Craft-repair,Husband,White,Male,0,0,40,?
11313,50,Private,Bachelors,13,Divorced,Adm-clerical,Not-in-family,White,Female,0,0,8,United-States
10607,50,Private,Some-college,10,Married-civ-spouse,Machine-op-inspct,Husband,White,Male,0,0,40,United-States
46908,44,Local-gov,Some-college,10,Married-civ-spouse,Machine-op-inspct,Husband,White,Male,7688,0,40,United-States
29939,40,State-gov,Some-college,10,Divorced,Sales,Not-in-family,White,Female,0,0,40,United-States
26940,50,Private,10th,6,Married-civ-spouse,Craft-repair,Husband,White,Male,0,0,40,United-States
20159,42,Private,7th-8th,4,Married-civ-spouse,Craft-repair,Husband,White,Male,0,0,40,United-States
20721,50,Private,5th-6th,3,Married-civ-spouse,Handlers-cleaners,Husband,White,Male,0,0,40,Mexico
26130,46,Local-gov,Bachelors,13,Married-civ-spouse,Protective-serv,Husband,White,Male,0,0,40,United-States
33816,42,Self-emp-inc,Bachelors,13,Married-civ-spouse,Adm-clerical,Wife,White,Female,0,0,45,United-States
34074,41,Private,10th,6,Married-civ-spouse,Transport-moving,Husband,White,Male,0,0,70,United-States
24155,46,Private,Bachelors,13,Married-civ-spouse,Sales,Husband,White,Male,0,0,50,India
19982,44,Private,Bachelors,13,Never-married,Tech-support,Not-in-family,White,Male,0,0,35,United-States
42586,41,?,HS-grad,9,Married-civ-spouse,?,Husband,White,Male,0,0,40,United-States
30723,48,Self-emp-not-inc,Some-college,10,Married-civ-spouse,Exec-managerial,Husband,White,Male,0,0,30,United-States
25743,40,Private,Bachelors,13,Married-civ-spouse,Sales,Husband,White,Male,0,0,50,United-States
5465,47,Private,HS-grad,9,Divorced,Exec-managerial,Not-in-family,Amer-Indian-Eskimo,Female,3325,0,45,United-States
29506,41,Private,Bachelors,13,Married-civ-spouse,Prof-specialty,Husband,White,Male,0,0,40,Germany
5565,46,Private,Bachelors,13,Married-civ-spouse,Tech-support,Husband,White,Male,0,0,40,United-States
16391,48,Local-gov,Assoc-acdm,12,Married-civ-spouse,Protective-serv,Husband,White,Male,0,0,56,United-States
33647,48,Self-emp-not-inc,HS-grad,9,Separated,Other-service,Unmarried,White,Female,0,0,45,United-States
9918,42,Self-emp-not-inc,Doctorate,16,Never-married,Prof-specialty,Not-in-family,White,Female,0,0,45,United-States
18979,46,Private,Bachelors,13,Widowed,Adm-clerical,Not-in-family,White,Female,0,0,25,United-States
43789,41,Private,Prof-school,15,Divorced,Prof-specialty,Not-in-family,White,Male,0,0,45,United-States
9803,40,Private,Some-college,10,Divorced,Craft-repair,Unmarried,Black,Female,0,0,30,United-States
24550,48,Private,Some-college,10,Married-civ-spouse,Transport-moving,Husband,White,Male,0,0,45,United-States
20301,41,Private,HS-grad,9,Married-civ-spouse,Machine-op-inspct,Husband,Black,Male,0,0,40,United-States
847,40,Local-gov,HS-grad,9,Divorced,Other-service,Not-in-family,White,Female,0,0,50,United-States
38702,40,Private,Bachelors,13,Divorced,Exec-managerial,Not-in-family,White,Male,0,0,55,United-States
3133,43,Private,Some-college,10,Married-civ-spouse,Transport-moving,Husband,White,Male,0,0,40,United-States
30587,42,Local-gov,Assoc-acdm,12,Married-civ-spouse,Prof-specialty,Wife,Amer-Indian-Eskimo,Female,0,0,40,United-States
33459,45,Self-emp-not-inc,Some-college,10,Married-civ-spouse,Craft-repair,Husband,White,Male,7688,0,45,United-States
12145,45,Private,Some-college,10,Divorced,Sales,Not-in-family,White,Female,0,0,55,United-States
25895,49,Private,Masters,14,Married-civ-spouse,Prof-specialty,Husband,White,Male,0,0,50,United-States
40818,42,Private,HS-grad,9,Married-civ-spouse,Sales,Husband,White,Male,7298,0,40,Japan
40129,41,Private,Some-college,10,Married-civ-spouse,Prof-specialty,Husband,White,Male,0,0,50,United-States
41146,47,?,Assoc-voc,11,Married-civ-spouse,?,Husband,White,Male,0,0,45,United-States
23497,45,Private,HS-grad,9,Divorced,Transport-moving,Own-child,White,Male,0,0,60,United-States
16168,47,Private,HS-grad,9,Married-civ-spouse,Sales,Husband,White,Male,4386,0,45,United-States
21892,40,Private,Some-college,10,Married-civ-spouse,Prof-specialty,Husband,White,Male,7298,0,40,United-States
8756,50,Local-gov,Bachelors,13,Separated,Prof-specialty,Not-in-family,White,Male,0,0,40,United-States
43162,44,Self-emp-not-inc,Some-college,10,Married-civ-spouse,Other-service,Wife,White,Female,0,0,50,United-States
22568,47,Private,HS-grad,9,Divorced,Priv-house-serv,Not-in-family,White,Female,0,0,4,United-States
3410,43,Private,9th,5,Separated,Handlers-cleaners,Unmarried,Black,Female,0,0,50,United-States
18809,45,Private,HS-grad,9,Divorced,Adm-clerical,Not-in-family,Asian-Pac-Islander,Female,0,1590,40,Japan
9764,43,Private,HS-grad,9,Divorced,Machine-op-inspct,Unmarried,White,Female,0,0,50,United-States
3052,48,Private,Bachelors,13,Divorced,Sales,Unmarried,White,Female,0,0,44,United-States
18897,48,Private,HS-grad,9,Divorced,Exec-managerial,Unmarried,Asian-Pac-Islander,Female,0,0,40,United-States
26171,47,Private,Prof-school,15,Married-civ-spouse,Sales,Husband,White,Male,0,0,45,United-States
47296,44,Private,Bachelors,13,Married-spouse-absent,Sales,Unmarried,Asian-Pac-Islander,Male,0,0,40,Laos
3038,42,Private,HS-grad,9,Divorced,Adm-clerical,Own-child,White,Female,0,0,40,United-States
31548,42,Private,HS-grad,9,Divorced,Exec-managerial,Own-child,White,Male,0,0,40,United-States
18160,42,Private,Doctorate,16,Married-civ-spouse,Prof-specialty,Husband,Asian-Pac-Islander,Male,0,0,40,Taiwan
39294,41,Private,Bachelors,13,Married-spouse-absent,Exec-managerial,Not-in-family,White,Female,13550,0,60,United-States
20913,42,Private,Some-college,10,Married-civ-spouse,Machine-op-inspct,Husband,White,Male,0,0,40,United-States
48670,42,Local-gov,Masters,14,Never-married,Prof-specialty,Not-in-family,White,Female,0,0,45,United-States
27053,47,Self-emp-not-inc,HS-grad,9,Married-civ-spouse,Farming-fishing,Husband,White,Male,0,0,56,United-States
15559,40,Private,Bachelors,13,Married-civ-spouse,Prof-specialty,Husband,White,Male,0,1887,40,United-States
16979,44,?,10th,6,Married-civ-spouse,?,Husband,White,Male,0,0,40,United-States
18029,50,Private,Assoc-acdm,12,Married-civ-spouse,Exec-managerial,Husband,White,Male,0,0,50,United-States
3114,44,Private,Bachelors,13,Married-civ-spouse,Exec-managerial,Husband,White,Male,15024,0,50,United-States
17873,41,Private,HS-grad,9,Divorced,Exec-managerial,Not-in-family,White,Male,0,0,50,United-States
22505,41,Private,HS-grad,9,Divorced,Transport-moving,Unmarried,White,Male,7443,0,40,United-States
10507,47,Private,HS-grad,9,Married-civ-spouse,Transport-moving,Husband,White,Male,0,0,60,United-States
32132,48,Private,Prof-school,15,Married-civ-spouse,Prof-specialty,Husband,White,Male,0,1977,45,United-States
23444,42,Local-gov,7th-8th,4,Married-spouse-absent,Other-service,Not-in-family,White,Female,0,0,35,Puerto-Rico
238,41,Private,Bachelors,13,Married-civ-spouse,Exec-managerial,Husband,White,Male,0,0,50,Iran
39321,43,Private,HS-grad,9,Married-civ-spouse,Tech-support,Husband,White,Male,0,0,40,United-States
37737,46,Private,Bachelors,13,Married-civ-spouse,Adm-clerical,Husband,Asian-Pac-Islander,Male,0,0,40,Philippines
26517,43,Private,HS-grad,9,Married-civ-spouse,Other-service,Husband,White,Male,0,0,60,Nicaragua
37410,42,Self-emp-inc,Some-college,10,Married-civ-spouse,Exec-managerial,Husband,White,Male,0,0,40,United-States
38170,42,Private,Some-college,10,Married-civ-spouse,Adm-clerical,Husband,Black,Male,0,0,40,United-States
36604,49,Private,HS-grad,9,Married-civ-spouse,Craft-repair,Husband,White,Male,0,0,43,United-States
39234,48,Private,HS-grad,9,Married-civ-spouse,Transport-moving,Husband,White,Male,0,0,40,United-States
6710,42,Private,HS-grad,9,Divorced,Exec-managerial,Not-in-family,Black,Female,5455,0,50,United-States
32576,48,Private,HS-grad,9,Married-civ-spouse,Machine-op-inspct,Husband,White,Male,3103,0,48,United-States
30150,50,Private,Bachelors,13,Married-civ-spouse,Exec-managerial,Husband,White,Male,0,0,50,United-States
36137,47,Private,Bachelors,13,Married-civ-spouse,Exec-managerial,Husband,White,Male,0,0,50,United-States
8078,43,State-gov,HS-grad,9,Married-civ-spouse,Craft-repair,Husband,White,Male,0,0,40,United-States
9377,42,Private,HS-grad,9,Married-civ-spouse,Sales,Husband,White,Male,0,0,40,United-States
43514,44,Private,Assoc-acdm,12,Married-civ-spouse,Craft-repair,Husband,White,Male,0,0,40,Philippines
36973,47,Private,HS-grad,9,Married-civ-spouse,Machine-op-inspct,Wife,White,Female,0,0,40,Columbia
29038,40,Private,HS-grad,9,Married-civ-spouse,Machine-op-inspct,Husband,White,Male,0,0,40,United-States
43475,40,Private,10th,6,Separated,Transport-moving,Unmarried,White,Female,0,0,70,United-States
28148,46,Private,HS-grad,9,Divorced,Craft-repair,Not-in-family,White,Male,0,0,40,United-States
30760,45,Private,HS-grad,9,Married-civ-spouse,Protective-serv,Husband,Black,Male,0,0,40,United-States
22949,46,Federal-gov,Bachelors,13,Married-civ-spouse,Exec-managerial,Husband,White,Male,15024,0,40,United-States
34786,48,Private,9th,5,Divorced,Other-service,Not-in-family,White,Female,0,0,40,United-States
13038,50,Private,7th-8th,4,Married-civ-spouse,Machine-op-inspct,Husband,Black,Male,0,0,40,United-States
9712,48,Private,Bachelors,13,Never-married,Other-service,Unmarried,Asian-Pac-Islander,Female,0,0,40,Vietnam
15147,50,Local-gov,Bachelors,13,Married-civ-spouse,Prof-specialty,Wife,White,Female,0,0,40,United-States
11662,41,State-gov,Masters,14,Never-married,Adm-clerical,Not-in-family,Black,Female,0,0,40,United-States
10365,42,State-gov,Some-college,10,Separated,Tech-support,Unmarried,White,Female,0,0,40,United-States
20537,43,Local-gov,Bachelors,13,Divorced,Prof-specialty,Unmarried,Black,Female,0,0,42,United-States
44437,40,Private,10th,6,Married-civ-spouse,Craft-repair,Husband,White,Male,0,0,50,United-States
24523,48,Self-emp-inc,Prof-school,15,Married-civ-spouse,Prof-specialty,Husband,White,Male,15024,0,40,United-States
8976,44,Private,HS-grad,9,Married-civ-spouse,Craft-repair,Husband,White,Male,0,0,40,United-States
33802,41,Private,Masters,14,Widowed,Prof-specialty,Not-in-family,White,Female,10520,0,38,United-States
18509,43,Private,HS-grad,9,Married-civ-spouse,Other-service,Husband,Black,Male,0,0,40,United-States
32041,42,Self-emp-inc,Bachelors,13,Married-civ-spouse,Craft-repair,Husband,Black,Male,0,0,60,United-States
38879,40,Private,Masters,14,Married-civ-spouse,Sales,Husband,White,Male,3103,0,43,United-States
33656,47,Private,5th-6th,3,Separated,Other-service,Unmarried,White,Female,0,0,40,El-Salvador
12693,48,Local-gov,Bachelors,13,Never-married,Adm-clerical,Unmarried,White,Female,0,0,35,United-States
12956,45,Private,Some-college,10,Married-civ-spouse,Machine-op-inspct,Husband,White,Male,0,0,65,United-States
9183,46,Private,Some-college,10,Married-civ-spouse,Sales,Husband,White,Male,0,0,48,United-States
10558,46,Private,HS-grad,9,Married-civ-spouse,Handlers-cleaners,Husband,White,Male,0,0,56,United-States
28963,50,Private,HS-grad,9,Never-married,Handlers-cleaners,Own-child,White,Male,0,0,25,United-States
12710,50,Federal-gov,Assoc-acdm,12,Married-civ-spouse,Craft-repair,Husband,White,Male,0,0,40,United-States
32148,50,Self-emp-not-inc,Assoc-acdm,12,Never-married,Sales,Not-in-family,White,Female,0,1408,5,United-States
39806,40,Private,HS-grad,9,Married-civ-spouse,Transport-moving,Husband,White,Male,0,0,40,United-States
37982,49,Local-gov,Masters,14,Divorced,Prof-specialty,Unmarried,White,Female,9562,0,32,United-States
37098,41,Self-emp-not-inc,12th,8,Divorced,Craft-repair,Unmarried,White,Male,0,0,40,United-States
8967,43,Private,Assoc-voc,11,Married-civ-spouse,Exec-managerial,Husband,White,Male,3103,0,48,United-States
4106,46,Private,Some-college,10,Divorced,Handlers-cleaners,Not-in-family,White,Male,0,0,45,United-States
33956,42,Private,7th-8th,4,Widowed,Handlers-cleaners,Not-in-family,White,Female,0,0,35,United-States
17805,44,Private,Bachelors,13,Married-civ-spouse,Exec-managerial,Husband,White,Male,0,1902,50,United-States
1493,45,Private,HS-grad,9,Married-civ-spouse,Adm-clerical,Husband,White,Male,0,0,40,United-States
42996,42,Self-emp-not-inc,Bachelors,13,Married-civ-spouse,Prof-specialty,Husband,White,Male,0,0,52,United-States
11737,41,Private,Bachelors,13,Divorced,Prof-specialty,Own-child,White,Female,0,0,40,United-States
26954,49,Private,12th,8,Married-civ-spouse,Craft-repair,Husband,White,Male,0,0,40,United-States
43883,48,Private,HS-grad,9,Divorced,Adm-clerical,Unmarried,White,Female,0,0,44,United-States
43434,43,Private,HS-grad,9,Married-civ-spouse,Machine-op-inspct,Husband,Black,Male,0,0,40,United-States
44106,42,Private,Bachelors,13,Divorced,Prof-specialty,Unmarried,Black,Female,25236,0,20,United-States
48641,50,Private,Some-college,10,Married-civ-spouse,Other-service,Husband,White,Male,0,0,40,United-States
40308,43,Local-gov,Assoc-voc,11,Married-civ-spouse,Adm-clerical,Wife,White,Female,0,0,40,United-States
11945,42,Self-emp-not-inc,HS-grad,9,Married-civ-spouse,Craft-repair,Husband,White,Male,0,0,45,United-States
28002,46,Private,Some-college,10,Married-civ-spouse,Craft-repair,Husband,White,Male,0,0,40,United-States
3062,40,Private,Assoc-acdm,12,Divorced,Prof-specialty,Not-in-family,White,Female,0,0,40,United-States
4456,48,Self-emp-not-inc,7th-8th,4,Married-civ-spouse,Craft-repair,Husband,White,Male,0,0,40,Italy
48750,41,Private,Bachelors,13,Never-married,Prof-specialty,Not-in-family,White,Female,0,0,45,United-States
15799,40,Private,HS-grad,9,Never-married,Craft-repair,Not-in-family,White,Male,0,0,40,United-States
36470,49,Self-emp-not-inc,5th-6th,3,Married-civ-spouse,Other-service,Husband,White,Male,0,0,40,United-States
41873,46,State-gov,Masters,14,Never-married,Prof-specialty,Not-in-family,White,Female,0,0,40,United-States
48699,41,State-gov,HS-grad,9,Married-civ-spouse,Farming-fishing,Other-relative,White,Male,0,0,40,United-States
1763,41,Private,Bachelors,13,Divorced,Adm-clerical,Unmarried,White,Female,0,0,40,United-States
19942,50,Private,HS-grad,9,Divorced,Other-service,Not-in-family,White,Male,0,0,40,United-States
1028,45,Private,HS-grad,9,Married-civ-spouse,Exec-managerial,Husband,White,Male,0,0,55,United-States
17434,41,Private,Some-college,10,Divorced,Sales,Own-child,White,Male,2174,0,45,United-States
27390,45,State-gov,HS-grad,9,Married-civ-spouse,Craft-repair,Husband,White,Male,0,0,40,United-States
15109,43,Local-gov,Masters,14,Married-civ-spouse,Prof-specialty,Husband,White,Male,0,0,40,United-States
11193,47,?,HS-grad,9,Married-civ-spouse,?,Husband,White,Male,5178,0,30,Canada
37263,41,Self-emp-inc,Prof-school,15,Married-civ-spouse,Prof-specialty,Husband,Asian-Pac-Islander,Male,99999,0,50,India
30354,43,Private,Assoc-acdm,12,Married-civ-spouse,Tech-support,Husband,White,Male,0,0,40,United-States
37157,50,Private,HS-grad,9,Divorced,Sales,Unmarried,White,Female,0,0,40,United-States
40866,47,State-gov,HS-grad,9,Married-civ-spouse,Protective-serv,Husband,Amer-Indian-Eskimo,Male,0,0,40,United-States
30111,46,Private,Bachelors,13,Married-civ-spouse,Prof-specialty,Husband,White,Male,0,0,40,?
27255,49,Private,HS-grad,9,Married-civ-spouse,Protective-serv,Husband,White,Male,0,0,40,United-States
42250,46,Self-emp-not-inc,HS-grad,9,Married-civ-spouse,Sales,Husband,White,Male,0,0,40,United-States
28578,43,Federal-gov,Masters,14,Married-civ-spouse,Craft-repair,Husband,White,Male,0,0,40,United-States
28249,46,Local-gov,1st-4th,2,Never-married,Other-service,Not-in-family,Amer-Indian-Eskimo,Female,0,0,20,United-States
48391,43,Private,Some-college,10,Divorced,Handlers-cleaners,Not-in-family,Black,Male,0,0,40,United-States
21365,49,Private,HS-grad,9,Separated,Sales,Unmarried,White,Male,0,0,50,United-States
34344,41,Private,HS-grad,9,Married-civ-spouse,Transport-moving,Husband,White,Male,0,0,60,United-States
11081,49,Private,Bachelors,13,Married-civ-spouse,Exec-managerial,Husband,White,Male,0,1902,50,United-States
45367,50,Private,Assoc-voc,11,Married-civ-spouse,Adm-clerical,Husband,White,Male,0,0,46,United-States
45415,40,Self-emp-not-inc,Assoc-voc,11,Married-civ-spouse,Sales,Husband,White,Male,0,0,72,United-States
25504,48,Private,Masters,14,Married-civ-spouse,Tech-support,Husband,White,Male,0,0,40,United-States
10198,42,Private,Assoc-acdm,12,Married-civ-spouse,Prof-specialty,Husband,Black,Male,0,0,40,United-States
48626,42,Self-emp-not-inc,HS-grad,9,Married-civ-spouse,Sales,Husband,Asian-Pac-Islander,Male,0,0,60,South
31609,50,Private,Bachelors,13,Married-civ-spouse,Exec-managerial,Wife,White,Female,0,2415,20,United-States
34744,41,Federal-gov,HS-grad,9,Divorced,Protective-serv,Unmarried,Black,Male,1506,0,40,United-States
28871,40,Private,Assoc-voc,11,Married-civ-spouse,Craft-repair,Husband,White,Male,0,0,40,United-States
2408,42,Private,11th,7,Married-civ-spouse,Other-service,Wife,White,Female,0,0,40,United-States
32720,42,Private,Some-college,10,Never-married,Handlers-cleaners,Unmarried,Black,Female,0,625,40,United-States
18055,40,Private,Bachelors,13,Married-civ-spouse,Sales,Husband,White,Male,0,0,50,United-States
33852,47,Private,Some-college,10,Married-civ-spouse,Exec-managerial,Husband,White,Male,0,0,55,United-States
31554,42,State-gov,Some-college,10,Divorced,Adm-clerical,Unmarried,Black,Female,0,0,40,United-States
13221,40,Private,Some-college,10,Married-civ-spouse,Sales,Husband,White,Male,0,0,40,United-States
7471,40,Private,Assoc-voc,11,Never-married,Prof-specialty,Not-in-family,White,Male,0,0,42,United-States
29162,47,Private,Some-college,10,Married-civ-spouse,Exec-managerial,Wife,White,Female,0,0,50,United-States
34249,41,Private,HS-grad,9,Divorced,Other-service,Unmarried,White,Female,0,0,40,United-States
22111,46,Local-gov,Some-college,10,Divorced,Tech-support,Not-in-family,White,Female,0,0,40,United-States
40881,44,Private,Some-college,10,Married-civ-spouse,Sales,Husband,White,Male,0,0,55,United-States
38032,44,?,HS-grad,9,Divorced,?,Unmarried,White,Female,0,0,50,United-States
29684,46,Federal-gov,HS-grad,9,Married-civ-spouse,Adm-clerical,Husband,Black,Male,0,0,80,United-States
33982,47,Private,Bachelors,13,Married-civ-spouse,Craft-repair,Husband,White,Male,0,0,40,United-States
40913,42,Private,HS-grad,9,Married-civ-spouse,Handlers-cleaners,Husband,White,Male,0,0,40,United-States
39222,40,?,HS-grad,9,Separated,?,Own-child,White,Male,0,0,45,United-States
46969,43,Local-gov,Masters,14,Married-spouse-absent,Prof-specialty,Unmarried,White,Female,7430,0,60,United-States
25900,50,Private,Bachelors,13,Separated,Prof-specialty,Unmarried,Asian-Pac-Islander,Female,0,0,40,Philippines
23647,42,Private,5th-6th,3,Married-civ-spouse,Other-service,Husband,White,Male,0,0,44,Mexico
19442,50,Private,Some-college,10,Married-civ-spouse,Handlers-cleaners,Husband,White,Male,0,0,50,United-States
7345,46,Private,Some-college,10,Married-civ-spouse,Machine-op-inspct,Husband,Black,Male,0,0,40,United-States
27755,41,Private,Some-college,10,Married-civ-spouse,Prof-specialty,Husband,Black,Male,0,0,4,United-States
13309,45,Private,Some-college,10,Married-civ-spouse,Machine-op-inspct,Husband,White,Male,0,0,44,United-States
45064,43,Private,Some-college,10,Married-civ-spouse,Sales,Husband,White,Male,0,0,35,United-States
28348,44,Federal-gov,HS-grad,9,Never-married,Adm-clerical,Unmarried,White,Female,0,0,40,United-States
28864,41,Private,Bachelors,13,Married-civ-spouse,Farming-fishing,Husband,White,Male,0,0,40,United-States
17170,40,Private,Assoc-voc,11,Separated,Sales,Not-in-family,Black,Male,0,0,44,United-States
1423,40,Private,Assoc-acdm,12,Never-married,Adm-clerical,Own-child,White,Female,0,0,45,United-States
20474,43,Federal-gov,Bachelors,13,Married-civ-spouse,Prof-specialty,Husband,White,Male,0,0,40,United-States
3914,48,Private,Some-college,10,Married-civ-spouse,Exec-managerial,Husband,White,Male,0,0,40,United-States
29549,50,Private,Some-college,10,Married-civ-spouse,Tech-support,Husband,White,Male,0,0,45,United-States
43104,42,Self-emp-not-inc,Bachelors,13,Married-civ-spouse,Exec-managerial,Husband,White,Male,0,0,40,United-States
43168,41,Private,Some-college,10,Married-civ-spouse,Other-service,Husband,White,Male,0,0,35,United-States
32028,46,Local-gov,Masters,14,Divorced,Prof-specialty,Not-in-family,White,Female,8614,0,55,United-States
10182,43,Private,Some-college,10,Never-married,Exec-managerial,Not-in-family,White,Female,0,0,50,United-States
42176,49,Private,Assoc-acdm,12,Separated,Sales,Unmarried,White,Male,0,0,35,United-States
43346,48,Private,Masters,14,Married-civ-spouse,Prof-specialty,Husband,White,Male,7298,0,55,United-States
9467,44,Private,HS-grad,9,Married-civ-spouse,Transport-moving,Husband,White,Male,0,0,40,United-States
13734,48,Local-gov,HS-grad,9,Married-civ-spouse,Exec-managerial,Husband,Black,Male,7298,0,38,United-States
1367,49,Private,HS-grad,9,Married-civ-spouse,Machine-op-inspct,Wife,Black,Female,0,0,40,United-States
43859,45,Federal-gov,Masters,14,Married-civ-spouse,Exec-managerial,Husband,White,Male,7298,0,40,United-States
30300,42,Private,7th-8th,4,Divorced,Craft-repair,Unmarried,White,Male,0,0,40,Puerto-Rico
47532,42,Self-emp-inc,Some-college,10,Married-civ-spouse,Farming-fishing,Husband,White,Male,0,0,60,United-States
22523,42,Private,Some-college,10,Divorced,Exec-managerial,Unmarried,White,Female,0,0,45,United-States
41373,49,State-gov,Some-college,10,Married-civ-spouse,Protective-serv,Husband,White,Male,0,0,40,United-States
47626,44,Private,Bachelors,13,Never-married,Adm-clerical,Not-in-family,White,Female,0,0,70,United-States
39892,45,Federal-gov,HS-grad,9,Divorced,Adm-clerical,Not-in-family,White,Male,0,0,40,United-States
41612,44,Private,Some-college,10,Divorced,Machine-op-inspct,Own-child,Black,Male,0,0,40,United-States
45809,49,Private,HS-grad,9,Married-civ-spouse,Tech-support,Husband,White,Male,0,0,50,United-States
3944,49,Private,HS-grad,9,Never-married,Adm-clerical,Unmarried,White,Female,0,0,35,United-States
18682,46,Private,Assoc-acdm,12,Married-civ-spouse,Exec-managerial,Husband,White,Male,15024,0,50,United-States
3209,47,Private,10th,6,Widowed,Machine-op-inspct,Not-in-family,White,Male,0,0,40,United-States
10150,42,Private,Bachelors,13,Married-civ-spouse,Sales,Wife,White,Female,0,0,40,Puerto-Rico
11095,47,Private,Some-college,10,Divorced,Exec-managerial,Not-in-family,White,Male,0,0,60,United-States
22680,47,Self-emp-not-inc,HS-grad,9,Married-civ-spouse,Farming-fishing,Husband,White,Male,0,0,35,United-States
4788,46,Private,HS-grad,9,Married-civ-spouse,Machine-op-inspct,Husband,White,Male,0,0,40,United-States
7032,44,Private,Bachelors,13,Married-civ-spouse,Exec-managerial,Husband,White,Male,0,0,40,United-States
37008,40,Self-emp-not-inc,Masters,14,Divorced,Prof-specialty,Not-in-family,White,Female,0,2205,45,United-States
47289,47,Private,HS-grad,9,Married-civ-spouse,Tech-support,Husband,White,Male,0,0,84,United-States
21240,44,Private,HS-grad,9,Married-civ-spouse,Farming-fishing,Husband,Other,Male,0,0,40,United-States
13378,42,Private,Bachelors,13,Divorced,Prof-specialty,Unmarried,White,Male,0,653,50,United-States
15786,47,Private,Prof-school,15,Married-civ-spouse,Prof-specialty,Husband,White,Male,0,0,50,United-States
11205,46,Private,Masters,14,Married-civ-spouse,Tech-support,Husband,White,Male,0,1977,40,United-States
6197,42,Private,Some-college,10,Married-civ-spouse,Tech-support,Husband,White,Male,0,0,20,United-States
12325,46,Private,HS-grad,9,Married-civ-spouse,Sales,Husband,White,Male,0,0,45,United-States
2847,48,Private,Bachelors,13,Married-civ-spouse,Prof-specialty,Husband,White,Male,0,0,50,United-States
10124,47,Private,Bachelors,13,Divorced,Craft-repair,Not-in-family,White,Male,0,0,40,United-States
39492,45,Federal-gov,Bachelors,13,Never-married,Exec-managerial,Not-in-family,White,Female,0,0,45,United-States
7022,44,State-gov,Masters,14,Married-civ-spouse,Prof-specialty,Husband,White,Male,7688,0,50,United-States
16646,49,Local-gov,Bachelors,13,Divorced,Exec-managerial,Unmarried,White,Female,0,625,40,United-States
42262,46,Private,Some-college,10,Married-civ-spouse,Sales,Wife,White,Female,0,0,40,United-States
7391,50,Private,HS-grad,9,Married-civ-spouse,Transport-moving,Husband,Black,Male,0,0,40,United-States
3830,40,Private,Masters,14,Married-civ-spouse,Exec-managerial,Husband,White,Male,0,0,46,United-States
14531,48,Private,HS-grad,9,Never-married,Other-service,Unmarried,Black,Female,0,0,32,Haiti
28246,44,Private,Bachelors,13,Married-civ-spouse,Sales,Husband,Asian-Pac-Islander,Male,0,0,40,United-States
6898,44,Private,Bachelors,13,Married-civ-spouse,Adm-clerical,Husband,White,Male,3103,0,40,United-States
30371,46,Private,HS-grad,9,Married-civ-spouse,Farming-fishing,Husband,White,Male,4064,0,55,United-States
23623,40,Private,Bachelors,13,Separated,Sales,Not-in-family,White,Male,0,0,40,United-States
3785,49,Private,HS-grad,9,Married-civ-spouse,Craft-repair,Husband,White,Male,0,0,43,United-States
22311,42,Private,HS-grad,9,Separated,Sales,Unmarried,White,Female,0,0,45,United-States
14737,49,Private,Some-college,10,Divorced,Prof-specialty,Not-in-family,White,Male,14084,0,44,United-States
2615,41,Private,Bachelors,13,Married-civ-spouse,Exec-managerial,Husband,White,Male,0,0,40,United-States
20284,49,State-gov,Masters,14,Married-civ-spouse,Sales,Husband,White,Male,99999,0,80,United-States
22262,45,Private,HS-grad,9,Divorced,Transport-moving,Not-in-family,White,Male,0,0,40,United-States
35225,40,Local-gov,Assoc-voc,11,Married-civ-spouse,Craft-repair,Husband,White,Male,0,0,35,United-States
27858,40,Private,Some-college,10,Divorced,Machine-op-inspct,Unmarried,Black,Female,0,0,40,United-States
32366,41,Private,Masters,14,Married-civ-spouse,Prof-specialty,Husband,White,Male,15024,0,40,United-States
37958,44,Private,Prof-school,15,Never-married,Prof-specialty,Not-in-family,Black,Female,0,0,40,United-States
25995,45,Private,Some-college,10,Married-civ-spouse,Craft-repair,Husband,Asian-Pac-Islander,Male,0,0,40,Vietnam
40980,50,Private,HS-grad,9,Divorced,Machine-op-inspct,Own-child,White,Male,0,0,40,United-States
48303,50,Private,Assoc-acdm,12,Married-civ-spouse,Transport-moving,Husband,White,Male,0,0,55,United-States
43484,48,State-gov,HS-grad,9,Married-civ-spouse,Craft-repair,Wife,Black,Female,0,0,40,United-States
17986,44,State-gov,Some-college,10,Married-civ-spouse,Exec-managerial,Husband,White,Male,3411,0,40,United-States
9392,42,Private,Some-college,10,Married-civ-spouse,Transport-moving,Husband,White,Male,0,0,50,United-States
36110,42,Private,Some-college,10,Divorced,Craft-repair,Own-child,White,Male,0,0,30,United-States
23414,50,Private,HS-grad,9,Widowed,Adm-clerical,Unmarried,White,Female,0,0,35,United-States
40915,44,Federal-gov,Some-college,10,Married-civ-spouse,Adm-clerical,Husband,White,Male,0,1485,40,United-States
17509,43,Private,Bachelors,13,Married-civ-spouse,Exec-managerial,Husband,White,Male,0,0,40,United-States
41974,43,Federal-gov,Some-college,10,Married-civ-spouse,Tech-support,Husband,White,Male,0,0,75,United-States
19661,49,Private,HS-grad,9,Married-civ-spouse,Craft-repair,Husband,White,Male,0,0,40,United-States
15880,47,Private,HS-grad,9,Married-civ-spouse,Transport-moving,Husband,White,Male,0,0,40,United-States
6002,44,Private,10th,6,Divorced,Adm-clerical,Unmarried,Other,Female,0,0,42,United-States
9455,45,Local-gov,Masters,14,Married-civ-spouse,Prof-specialty,Husband,Black,Male,0,0,10,United-States
8361,45,Private,HS-grad,9,Divorced,Tech-support,Not-in-family,White,Female,0,0,50,United-States
27485,50,Private,Some-college,10,Married-civ-spouse,Craft-repair,Husband,White,Male,0,0,40,United-States
28179,41,Self-emp-inc,Some-college,10,Married-civ-spouse,Exec-managerial,Husband,White,Male,0,0,50,United-States
23690,43,Self-emp-inc,Bachelors,13,Married-civ-spouse,Sales,Own-child,Asian-Pac-Islander,Female,0,0,40,Philippines
31381,47,Private,Bachelors,13,Married-civ-spouse,Machine-op-inspct,Husband,White,Male,7688,0,44,United-States
11111,40,Private,Some-college,10,Divorced,Other-service,Not-in-family,Black,Male,4787,0,50,United-States
6759,47,Self-emp-not-inc,Bachelors,13,Married-civ-spouse,Sales,Husband,White,Male,0,0,40,United-States
27675,49,Private,Some-college,10,Married-civ-spouse,Other-service,Husband,White,Male,0,0,40,United-States
8738,46,State-gov,Assoc-acdm,12,Divorced,Adm-clerical,Unmarried,White,Male,0,2258,38,United-States
40320,45,Private,Some-college,10,Married-civ-spouse,Craft-repair,Husband,White,Male,0,0,30,United-States
27701,44,Private,11th,7,Never-married,Other-service,Not-in-family,White,Female,0,0,40,United-States
38979,46,Local-gov,Bachelors,13,Married-civ-spouse,Prof-specialty,Husband,White,Male,0,0,60,United-States
17770,42,Self-emp-inc,HS-grad,9,Married-civ-spouse,Exec-managerial,Husband,White,Male,0,1977,60,Italy
41261,49,Self-emp-not-inc,Some-college,10,Married-civ-spouse,Sales,Husband,White,Male,0,0,44,?
38867,50,Private,HS-grad,9,Married-civ-spouse,Adm-clerical,Husband,Black,Male,0,0,40,United-States
8342,48,Private,HS-grad,9,Never-married,Prof-specialty,Unmarried,Black,Female,0,0,28,United-States
32647,43,Private,HS-grad,9,Separated,Machine-op-inspct,Not-in-family,White,Female,0,0,44,United-States
42747,44,Private,Some-college,10,Married-civ-spouse,Craft-repair,Husband,White,Male,0,0,50,United-States
12660,49,Self-emp-inc,Bachelors,13,Married-civ-spouse,Adm-clerical,Husband,White,Male,0,0,40,United-States
30,49,Private,HS-grad,9,Married-civ-spouse,Craft-repair,Husband,White,Male,0,0,40,United-States
30540,45,Private,Doctorate,16,Divorced,Prof-specialty,Unmarried,Black,Female,0,3004,35,United-States
36528,43,Local-gov,Masters,14,Married-civ-spouse,Prof-specialty,Husband,White,Male,0,0,45,United-States
17017,42,Private,Masters,14,Never-married,Exec-managerial,Not-in-family,White,Female,4650,0,40,United-States
4383,49,Private,HS-grad,9,Divorced,Machine-op-inspct,Not-in-family,Black,Female,0,0,40,United-States
23548,41,Private,HS-grad,9,Never-married,Machine-op-inspct,Unmarried,White,Female,0,0,40,United-States
13974,45,Private,Assoc-acdm,12,Divorced,Transport-moving,Not-in-family,White,Male,0,0,55,United-States
9979,47,Private,HS-grad,9,Divorced,Sales,Own-child,White,Male,0,1876,40,United-States
22630,47,Private,HS-grad,9,Divorced,Tech-support,Not-in-family,White,Female,0,0,36,United-States
37084,43,Private,Some-college,10,Married-civ-spouse,Handlers-cleaners,Husband,Asian-Pac-Islander,Male,0,0,40,Vietnam
23602,47,Local-gov,Assoc-acdm,12,Separated,Exec-managerial,Not-in-family,White,Male,0,1408,40,United-States
20761,43,Private,HS-grad,9,Married-civ-spouse,Machine-op-inspct,Husband,White,Male,0,0,40,United-States
29030,45,Self-emp-not-inc,Some-college,10,Married-civ-spouse,Exec-managerial,Husband,Asian-Pac-Islander,Male,0,0,72,?
48817,43,Local-gov,Masters,14,Married-civ-spouse,Exec-managerial,Husband,White,Male,0,1902,50,United-States
37575,48,Self-emp-inc,Prof-school,15,Married-civ-spouse,Prof-specialty,Husband,White,Male,99999,0,48,United-States
8121,44,Private,10th,6,Married-civ-spouse,Machine-op-inspct,Husband,White,Male,4386,0,60,United-States
9810,50,Private,HS-grad,9,Married-civ-spouse,Farming-fishing,Husband,White,Male,0,0,50,United-States
24684,45,Federal-gov,Some-college,10,Married-civ-spouse,Prof-specialty,Husband,White,Male,0,0,56,United-States
29900,42,Federal-gov,Some-college,10,Married-civ-spouse,Adm-clerical,Husband,White,Male,0,0,40,United-States
44565,40,Private,Some-college,10,Married-civ-spouse,Adm-clerical,Husband,White,Male,0,0,35,United-States
24652,42,Private,Some-college,10,Married-civ-spouse,Tech-support,Husband,White,Male,0,0,40,United-States
24207,43,Private,HS-grad,9,Married-civ-spouse,Other-service,Wife,White,Female,0,0,35,United-States
1538,43,Private,HS-grad,9,Married-civ-spouse,Machine-op-inspct,Husband,White,Male,0,0,40,United-States
26623,41,Private,HS-grad,9,Never-married,Sales,Not-in-family,White,Female,0,0,50,United-States
21174,43,Private,HS-grad,9,Divorced,Farming-fishing,Not-in-family,Black,Male,0,0,40,United-States
40952,40,Self-emp-not-inc,Some-college,10,Divorced,Prof-specialty,Own-child,White,Male,0,0,40,United-States
1144,40,Private,Bachelors,13,Never-married,Other-service,Not-in-family,White,Male,0,0,37,United-States
21745,45,Federal-gov,HS-grad,9,Married-civ-spouse,Craft-repair,Husband,White,Male,0,0,40,United-States
11467,42,Private,Bachelors,13,Married-civ-spouse,Prof-specialty,Wife,Asian-Pac-Islander,Female,0,0,27,Taiwan
2206,47,Private,HS-grad,9,Married-civ-spouse,Machine-op-inspct,Wife,Black,Female,0,0,40,United-States
35201,40,Self-emp-not-inc,Bachelors,13,Married-civ-spouse,Craft-repair,Husband,White,Male,0,0,40,Dominican-Republic
5228,50,Local-gov,HS-grad,9,Married-civ-spouse,Exec-managerial,Wife,Black,Female,0,0,40,United-States
29610,43,Self-emp-inc,Some-college,10,Married-civ-spouse,Exec-managerial,Husband,White,Male,15024,0,45,United-States
13500,50,Private,Bachelors,13,Married-civ-spouse,Sales,Husband,White,Male,99999,0,60,?
8272,45,Private,Some-college,10,Divorced,Machine-op-inspct,Unmarried,White,Female,0,0,40,United-States
39156,46,Private,HS-grad,9,Married-civ-spouse,Transport-moving,Husband,White,Male,0,0,42,United-States
18986,45,Local-gov,Masters,14,Divorced,Prof-specialty,Unmarried,White,Female,0,0,40,United-States
36554,45,Private,HS-grad,9,Divorced,Machine-op-inspct,Not-in-family,White,Female,0,0,45,United-States
5973,42,Private,HS-grad,9,Married-civ-spouse,Craft-repair,Husband,White,Male,0,0,16,United-States
11446,49,Private,HS-grad,9,Married-civ-spouse,Machine-op-inspct,Husband,White,Male,0,0,40,United-States
32895,41,Private,HS-grad,9,Divorced,Adm-clerical,Unmarried,White,Female,3674,0,42,United-States
27380,40,Private,Some-college,10,Divorced,Exec-managerial,Not-in-family,White,Male,0,0,45,United-States
18777,44,Private,Some-college,10,Divorced,Sales,Unmarried,White,Female,0,1408,46,United-States
3020,49,Private,Some-college,10,Never-married,Exec-managerial,Not-in-family,Black,Female,0,0,40,United-States
40378,43,Private,12th,8,Married-spouse-absent,Sales,Unmarried,White,Female,0,0,25,?
37829,40,Private,Some-college,10,Married-civ-spouse,Exec-managerial,Husband,White,Male,0,0,40,United-States
11328,45,Federal-gov,Masters,14,Married-civ-spouse,Sales,Husband,White,Male,0,0,50,United-States
16741,41,Self-emp-inc,Doctorate,16,Married-civ-spouse,Prof-specialty,Husband,White,Male,99999,0,70,United-States
46989,44,Federal-gov,Bachelors,13,Married-civ-spouse,Adm-clerical,Husband,White,Male,0,0,43,United-States
32390,47,Private,Some-college,10,Married-civ-spouse,Other-service,Husband,White,Male,0,0,47,United-States
45590,47,Private,Some-college,10,Married-civ-spouse,Craft-repair,Husband,Amer-Indian-Eskimo,Male,0,0,50,United-States
12752,40,Private,Bachelors,13,Married-civ-spouse,Exec-managerial,Husband,White,Male,7298,0,40,United-States
32947,47,Private,11th,7,Married-civ-spouse,Other-service,Husband,White,Male,0,0,35,Columbia
41420,42,Private,Masters,14,Never-married,Prof-specialty,Not-in-family,White,Male,0,0,50,United-States
46292,42,Private,Bachelors,13,Married-civ-spouse,Sales,Husband,White,Male,15024,0,50,United-States
43277,41,Local-gov,Masters,14,Married-civ-spouse,Prof-specialty,Husband,White,Male,0,0,61,United-States
36001,50,Private,Assoc-voc,11,Widowed,Exec-managerial,Unmarried,White,Female,0,0,55,?
13329,49,Self-emp-inc,Some-college,10,Divorced,Exec-managerial,Not-in-family,White,Male,0,2339,50,United-States
13522,47,Private,Bachelors,13,Divorced,Exec-managerial,Not-in-family,White,Male,0,2258,40,United-States
456,40,Private,Assoc-voc,11,Married-civ-spouse,Machine-op-inspct,Husband,Asian-Pac-Islander,Male,0,0,40,United-States
34777,43,State-gov,Some-college,10,Married-civ-spouse,Transport-moving,Husband,White,Male,0,0,84,United-States
48341,44,Private,HS-grad,9,Married-civ-spouse,Craft-repair,Husband,White,Male,0,0,60,United-States
16510,40,Private,HS-grad,9,Divorced,Adm-clerical,Not-in-family,White,Female,0,0,32,United-States
3584,43,Local-gov,Some-college,10,Married-civ-spouse,Protective-serv,Husband,White,Male,0,1887,40,United-States
21399,47,Federal-gov,Bachelors,13,Married-civ-spouse,Exec-managerial,Wife,White,Female,0,0,40,United-States
12560,47,Self-emp-not-inc,Some-college,10,Widowed,Other-service,Unmarried,White,Female,0,0,35,United-States
16679,41,Private,Some-college,10,Separated,Transport-moving,Not-in-family,White,Male,0,0,35,United-States
40737,40,Private,Some-college,10,Married-civ-spouse,Exec-managerial,Wife,White,Female,0,0,45,United-States
45699,42,State-gov,Bachelors,13,Married-civ-spouse,Protective-serv,Husband,White,Male,0,0,52,United-States
8883,48,Private,Masters,14,Married-civ-spouse,Exec-managerial,Husband,White,Male,0,0,40,United-States
45383,50,Private,Some-college,10,Married-civ-spouse,Exec-managerial,Husband,White,Male,0,0,60,United-States
2813,40,Private,HS-grad,9,Married-civ-spouse,Sales,Wife,White,Female,5013,0,20,United-States
4306,44,Private,HS-grad,9,Never-married,Adm-clerical,Own-child,White,Male,0,1504,50,United-States
7768,47,Private,HS-grad,9,Married-civ-spouse,Sales,Husband,White,Male,0,0,55,United-States
28955,50,Private,HS-grad,9,Married-civ-spouse,Transport-moving,Husband,White,Male,0,0,40,United-States
47297,48,Local-gov,Masters,14,Married-civ-spouse,Exec-managerial,Wife,White,Female,7688,0,40,United-States
21621,43,State-gov,HS-grad,9,Married-civ-spouse,Craft-repair,Husband,White,Male,0,0,40,United-States
22772,40,Self-emp-inc,HS-grad,9,Divorced,Adm-clerical,Unmarried,White,Female,0,0,15,?
32140,47,Self-emp-not-inc,Prof-school,15,Married-civ-spouse,Prof-specialty,Husband,White,Male,15024,0,40,United-States
36734,42,Private,Some-college,10,Married-civ-spouse,Machine-op-inspct,Husband,White,Male,0,0,45,United-States
28105,50,Private,HS-grad,9,Widowed,Sales,Unmarried,White,Female,0,0,40,United-States
44267,42,Private,Assoc-acdm,12,Separated,Sales,Not-in-family,Black,Female,0,0,40,United-States
39925,47,Private,HS-grad,9,Separated,Machine-op-inspct,Not-in-family,White,Male,0,0,44,United-States
36877,47,Federal-gov,Assoc-acdm,12,Married-civ-spouse,Handlers-cleaners,Husband,Asian-Pac-Islander,Male,0,0,40,Philippines
2539,47,Private,HS-grad,9,Married-civ-spouse,Machine-op-inspct,Husband,White,Male,0,0,50,United-States
301,48,Private,Bachelors,13,Married-civ-spouse,Adm-clerical,Husband,White,Male,7688,0,40,United-States
10257,45,Private,10th,6,Divorced,Other-service,Unmarried,Black,Female,0,0,40,United-States
19467,50,Local-gov,HS-grad,9,Married-civ-spouse,Adm-clerical,Wife,White,Female,7298,0,30,United-States
43266,43,Private,Assoc-voc,11,Never-married,Prof-specialty,Not-in-family,White,Female,0,0,40,United-States
33581,48,Private,HS-grad,9,Married-civ-spouse,Tech-support,Husband,Black,Male,0,0,48,United-States
13066,49,?,Some-college,10,Married-civ-spouse,?,Husband,White,Male,0,0,20,United-States
9146,44,Local-gov,Prof-school,15,Never-married,Prof-specialty,Not-in-family,White,Male,10520,0,40,United-States
8826,47,Self-emp-not-inc,HS-grad,9,Married-civ-spouse,Sales,Husband,White,Male,0,0,75,United-States
16630,46,Private,Bachelors,13,Married-civ-spouse,Protective-serv,Husband,White,Male,0,0,40,United-States
40577,47,Self-emp-not-inc,HS-grad,9,Married-civ-spouse,Transport-moving,Husband,White,Male,0,2002,42,United-States
35802,45,State-gov,Masters,14,Never-married,Exec-managerial,Not-in-family,White,Female,0,0,50,United-States
25690,40,Private,Some-college,10,Married-civ-spouse,Other-service,Wife,White,Female,0,0,35,United-States
13840,47,Private,HS-grad,9,Married-civ-spouse,Craft-repair,Husband,White,Male,0,0,44,United-States
23835,49,Private,HS-grad,9,Widowed,Other-service,Not-in-family,White,Female,0,0,45,United-States
28990,46,Private,Bachelors,13,Married-civ-spouse,Exec-managerial,Husband,White,Male,15024,0,55,United-States
7862,41,Private,HS-grad,9,Married-civ-spouse,Machine-op-inspct,Wife,Black,Female,0,0,40,?
5533,42,State-gov,Doctorate,16,Divorced,Prof-specialty,Not-in-family,White,Female,8614,0,60,United-States
44173,42,State-gov,Some-college,10,Divorced,Tech-support,Not-in-family,White,Male,0,0,40,United-States
16700,50,Self-emp-inc,Bachelors,13,Married-civ-spouse,Prof-specialty,Husband,White,Male,0,0,45,Italy
35675,48,Private,HS-grad,9,Never-married,Other-service,Not-in-family,White,Female,0,0,30,United-States
32010,43,Private,Masters,14,Married-civ-spouse,Prof-specialty,Husband,White,Male,0,0,55,United-States
45506,45,Local-gov,Masters,14,Married-civ-spouse,Prof-specialty,Husband,White,Male,0,0,40,United-States
40114,48,Local-gov,Prof-school,15,Married-civ-spouse,Prof-specialty,Husband,Asian-Pac-Islander,Male,99999,0,40,Philippines
27412,43,Private,Some-college,10,Married-civ-spouse,Sales,Husband,White,Male,7688,0,40,United-States
43907,46,Private,Some-college,10,Separated,Tech-support,Unmarried,White,Female,0,0,55,United-States
19331,48,Private,Assoc-voc,11,Married-civ-spouse,Craft-repair,Husband,White,Male,0,0,40,United-States
15805,44,Private,HS-grad,9,Never-married,Exec-managerial,Not-in-family,White,Male,0,1564,55,England
40368,41,Local-gov,Masters,14,Married-civ-spouse,Prof-specialty,Husband,White,Male,0,0,50,United-States
39141,45,Federal-gov,Assoc-acdm,12,Married-civ-spouse,Protective-serv,Husband,White,Male,15024,0,72,United-States
4921,41,Private,HS-grad,9,Married-civ-spouse,Adm-clerical,Wife,White,Female,0,0,40,United-States
28027,44,Private,Some-college,10,Widowed,Sales,Not-in-family,White,Female,0,0,25,United-States
22499,45,Federal-gov,Bachelors,13,Married-civ-spouse,Handlers-cleaners,Husband,White,Male,0,0,40,United-States
5637,42,Private,5th-6th,3,Married-spouse-absent,Craft-repair,Not-in-family,White,Male,0,0,40,Puerto-Rico
47866,49,Private,HS-grad,9,Separated,Sales,Unmarried,White,Female,0,0,40,United-States
10361,41,Self-emp-not-inc,Masters,14,Divorced,Handlers-cleaners,Unmarried,White,Male,0,0,40,Peru
28941,46,Private,Bachelors,13,Married-civ-spouse,Prof-specialty,Husband,White,Male,0,1848,45,United-States
35996,47,Private,HS-grad,9,Married-civ-spouse,Craft-repair,Husband,White,Male,0,0,50,United-States
25731,46,Private,Doctorate,16,Married-civ-spouse,Prof-specialty,Husband,White,Male,0,0,70,United-States
4879,46,Private,Some-college,10,Married-civ-spouse,Exec-managerial,Wife,White,Female,0,0,40,United-States
8238,47,Private,Masters,14,Married-civ-spouse,Exec-managerial,Husband,White,Male,0,0,40,Japan
39999,41,Private,HS-grad,9,Married-civ-spouse,Machine-op-inspct,Husband,White,Male,0,0,40,United-States
12507,40,Local-gov,9th,5,Married-civ-spouse,Other-service,Wife,White,Female,0,0,40,Yugoslavia
47387,45,Private,Masters,14,Separated,Tech-support,Unmarried,White,Female,0,0,36,United-States
20835,47,Private,HS-grad,9,Married-civ-spouse,Craft-repair,Husband,White,Male,0,0,50,United-States
16850,40,Private,Masters,14,Married-civ-spouse,Prof-specialty,Husband,White,Male,0,0,60,United-States
2244,45,Private,Assoc-acdm,12,Married-civ-spouse,Craft-repair,Husband,White,Male,0,0,45,United-States
2342,45,Private,Assoc-voc,11,Married-civ-spouse,Craft-repair,Husband,White,Male,0,0,40,Canada
33644,43,Private,Bachelors,13,Married-civ-spouse,Craft-repair,Husband,White,Male,0,0,45,United-States
22239,46,Private,HS-grad,9,Married-civ-spouse,Craft-repair,Husband,White,Male,0,0,40,United-States
12129,45,Self-emp-inc,HS-grad,9,Married-civ-spouse,Craft-repair,Husband,White,Male,0,0,48,United-States
40227,41,Private,HS-grad,9,Divorced,Exec-managerial,Unmarried,White,Female,0,0,40,United-States
40086,47,Self-emp-not-inc,HS-grad,9,Married-civ-spouse,Exec-managerial,Wife,White,Female,0,0,36,United-States
23118,44,Local-gov,Bachelors,13,Never-married,Prof-specialty,Own-child,White,Male,0,0,60,United-States
17001,42,Private,Masters,14,Married-civ-spouse,Prof-specialty,Husband,White,Male,0,1902,50,United-States
17566,45,Private,10th,6,Divorced,Sales,Not-in-family,White,Female,0,0,40,United-States
39366,44,Private,HS-grad,9,Never-married,Handlers-cleaners,Not-in-family,Black,Male,0,0,35,United-States
10051,46,Federal-gov,Some-college,10,Married-civ-spouse,Other-service,Husband,White,Male,0,0,40,United-States
3919,47,Private,HS-grad,9,Married-civ-spouse,Prof-specialty,Husband,White,Male,0,0,50,United-States
22578,45,Private,HS-grad,9,Married-civ-spouse,Transport-moving,Husband,White,Male,0,0,50,United-States
23357,45,Private,10th,6,Married-civ-spouse,Craft-repair,Husband,White,Male,2829,0,40,United-States
41011,43,State-gov,Masters,14,Married-civ-spouse,Prof-specialty,Husband,Amer-Indian-Eskimo,Male,0,0,35,United-States
10677,41,Private,HS-grad,9,Married-civ-spouse,Other-service,Husband,White,Male,0,0,40,United-States
18413,43,Federal-gov,Prof-school,15,Married-civ-spouse,Prof-specialty,Husband,Asian-Pac-Islander,Male,0,2415,55,?
40230,44,Private,Some-college,10,Married-civ-spouse,Exec-managerial,Husband,Amer-Indian-Eskimo,Male,0,0,40,United-States
18635,45,Private,Assoc-acdm,12,Never-married,Adm-clerical,Not-in-family,Black,Female,0,0,40,United-States
14591,45,Private,HS-grad,9,Never-married,Other-service,Own-child,White,Female,0,0,40,United-States
45562,40,Private,Prof-school,15,Married-civ-spouse,Prof-specialty,Husband,White,Male,0,0,60,United-States
45626,45,Private,Assoc-acdm,12,Divorced,Prof-specialty,Unmarried,White,Female,0,0,50,United-States
33245,42,Private,Some-college,10,Married-civ-spouse,Craft-repair,Husband,White,Male,0,0,52,United-States
25694,49,Private,Some-college,10,Divorced,Other-service,Unmarried,White,Female,0,0,40,United-States
1450,44,Self-emp-inc,Some-college,10,Married-civ-spouse,Exec-managerial,Husband,White,Male,0,0,50,United-States
23057,50,Federal-gov,HS-grad,9,Never-married,Adm-clerical,Unmarried,Black,Female,0,0,12,United-States
19721,41,Private,HS-grad,9,Separated,Machine-op-inspct,Unmarried,White,Female,0,0,44,Cuba
31930,43,Self-emp-not-inc,HS-grad,9,Married-civ-spouse,Farming-fishing,Husband,White,Male,0,0,30,United-States
47448,50,Private,HS-grad,9,Married-civ-spouse,Farming-fishing,Husband,White,Male,0,0,48,United-States
27205,45,Private,HS-grad,9,Separated,Machine-op-inspct,Unmarried,Black,Female,0,0,40,United-States
34727,41,Private,Some-college,10,Married-civ-spouse,Craft-repair,Husband,White,Male,0,0,45,United-States
20249,41,Federal-gov,Some-college,10,Married-civ-spouse,Transport-moving,Wife,White,Female,7298,0,40,United-States
29800,42,Federal-gov,Some-college,10,Married-civ-spouse,Transport-moving,Husband,Black,Male,0,0,40,United-States
45824,40,Private,HS-grad,9,Married-civ-spouse,Craft-repair,Husband,White,Male,0,1902,45,United-States
26602,46,State-gov,HS-grad,9,Divorced,Adm-clerical,Unmarried,White,Female,0,0,40,United-States
19487,47,Private,HS-grad,9,Married-civ-spouse,Craft-repair,Husband,White,Male,0,0,56,United-States
40685,40,Private,HS-grad,9,Divorced,Machine-op-inspct,Not-in-family,White,Male,0,0,40,United-States
39796,40,Self-emp-inc,Assoc-acdm,12,Married-civ-spouse,Exec-managerial,Husband,White,Male,0,0,65,United-States
18081,47,Private,Prof-school,15,Married-civ-spouse,Prof-specialty,Husband,White,Male,99999,0,48,United-States
12262,45,Private,Bachelors,13,Married-civ-spouse,Craft-repair,Husband,White,Male,0,0,40,Germany
20040,48,Private,Doctorate,16,Married-civ-spouse,Prof-specialty,Husband,White,Male,0,0,45,United-States
32777,49,Private,HS-grad,9,Married-civ-spouse,Machine-op-inspct,Husband,White,Male,0,0,40,United-States
31991,46,State-gov,Prof-school,15,Married-civ-spouse,Exec-managerial,Husband,White,Male,15024,0,40,United-States
3165,41,Private,Prof-school,15,Married-civ-spouse,Adm-clerical,Husband,White,Male,0,0,50,?
19122,44,Self-emp-inc,Some-college,10,Married-civ-spouse,Exec-managerial,Husband,White,Male,7688,0,45,United-States
8670,50,Private,Some-college,10,Married-civ-spouse,Exec-managerial,Husband,White,Male,0,0,84,United-States
7503,40,Private,Some-college,10,Separated,Other-service,Not-in-family,White,Female,0,0,40,United-States
40419,41,Private,Prof-school,15,Married-civ-spouse,Prof-specialty,Husband,White,Male,0,0,46,United-States
1830,45,Private,HS-grad,9,Divorced,Transport-moving,Unmarried,White,Female,0,0,55,United-States
20299,41,Private,Bachelors,13,Married-civ-spouse,Prof-specialty,Husband,White,Male,0,1977,45,United-States
8022,48,State-gov,Some-college,10,Married-civ-spouse,Craft-repair,Husband,White,Male,0,0,40,United-States
43008,41,Private,Bachelors,13,Divorced,Exec-managerial,Not-in-family,White,Female,0,0,45,United-States
26947,50,Private,HS-grad,9,Married-civ-spouse,Craft-repair,Husband,White,Male,0,0,48,United-States
11182,47,Self-emp-not-inc,HS-grad,9,Married-civ-spouse,Exec-managerial,Husband,White,Male,0,0,25,United-States
24302,48,Private,HS-grad,9,Divorced,Adm-clerical,Not-in-family,White,Female,0,0,40,United-States
35600,45,Private,7th-8th,4,Married-civ-spouse,Craft-repair,Husband,White,Male,0,0,44,Mexico
10647,50,Private,Bachelors,13,Divorced,Sales,Not-in-family,White,Male,0,0,45,United-States
43348,45,Private,Some-college,10,Divorced,Priv-house-serv,Not-in-family,White,Female,0,0,29,United-States
45648,50,Self-emp-not-inc,Masters,14,Divorced,Prof-specialty,Not-in-family,White,Female,0,0,25,United-States
44793,47,Private,Some-college,10,Married-civ-spouse,Other-service,Husband,White,Male,0,0,10,United-States
30939,43,Federal-gov,HS-grad,9,Married-civ-spouse,Exec-managerial,Husband,Amer-Indian-Eskimo,Male,0,0,40,United-States
30658,43,Private,Masters,14,Widowed,Exec-managerial,Unmarried,White,Male,4934,0,40,United-States
25673,42,Private,HS-grad,9,Separated,Handlers-cleaners,Unmarried,White,Male,0,0,40,Poland
32898,44,Private,9th,5,Divorced,Other-service,Unmarried,White,Female,0,0,55,Dominican-Republic
20691,43,Private,Bachelors,13,Married-civ-spouse,Exec-managerial,Husband,White,Male,0,0,45,United-States
40260,42,Private,HS-grad,9,Married-civ-spouse,Other-service,Wife,White,Female,0,0,24,United-States
7009,49,Private,Bachelors,13,Married-civ-spouse,Machine-op-inspct,Husband,Black,Male,0,0,48,United-States
40663,45,Self-emp-not-inc,Assoc-voc,11,Married-civ-spouse,Farming-fishing,Husband,White,Male,2885,0,60,United-States
26110,41,Private,Assoc-voc,11,Separated,Craft-repair,Not-in-family,White,Male,0,0,30,United-States
41230,43,Self-emp-inc,Masters,14,Married-civ-spouse,Exec-managerial,Husband,Asian-Pac-Islander,Male,0,0,60,Japan
12019,45,Private,Doctorate,16,Married-civ-spouse,Prof-specialty,Husband,White,Male,7688,0,50,United-States
41190,42,Private,9th,5,Never-married,Machine-op-inspct,Other-relative,White,Female,0,0,40,Mexico
24867,44,Private,Some-college,10,Married-civ-spouse,Sales,Husband,White,Male,0,0,40,United-States
14832,48,Self-emp-inc,Masters,14,Married-civ-spouse,Other-service,Husband,White,Male,0,0,40,United-States
27783,41,Private,Prof-school,15,Divorced,Prof-specialty,Unmarried,White,Female,0,0,38,United-States
15741,45,Local-gov,HS-grad,9,Divorced,Other-service,Own-child,Black,Female,0,0,40,United-States
13086,44,State-gov,HS-grad,9,Married-civ-spouse,Protective-serv,Husband,White,Male,0,0,38,United-States
276,43,Private,HS-grad,9,Married-civ-spouse,Handlers-cleaners,Husband,Black,Male,0,0,40,United-States
47761,48,Private,HS-grad,9,Married-civ-spouse,Transport-moving,Husband,Black,Male,0,0,99,United-States
35438,45,Private,HS-grad,9,Married-civ-spouse,Exec-managerial,Husband,White,Male,0,0,45,United-States
16785,47,Private,7th-8th,4,Married-civ-spouse,Craft-repair,Husband,White,Male,0,0,40,United-States
32565,44,Private,Some-college,10,Married-civ-spouse,Machine-op-inspct,Husband,Black,Male,7688,0,40,United-States
39351,47,Local-gov,Some-college,10,Married-civ-spouse,Protective-serv,Husband,White,Male,0,0,44,United-States
19368,43,Local-gov,Prof-school,15,Married-civ-spouse,Prof-specialty,Husband,White,Male,15024,0,45,United-States
38248,49,Private,Assoc-voc,11,Divorced,Prof-specialty,Unmarried,Black,Female,0,0,40,United-States
12760,43,Self-emp-not-inc,Masters,14,Never-married,Exec-managerial,Not-in-family,White,Female,0,0,40,United-States
48364,46,Private,HS-grad,9,Married-civ-spouse,Transport-moving,Husband,Black,Male,0,0,40,United-States
1172,50,Private,11th,7,Divorced,Other-service,Not-in-family,Black,Female,0,0,40,United-States
33428,40,Federal-gov,Bachelors,13,Married-civ-spouse,Exec-managerial,Husband,White,Male,0,0,39,United-States
5713,47,State-gov,Some-college,10,Married-civ-spouse,Craft-repair,Husband,White,Male,0,0,40,United-States
30305,40,Private,HS-grad,9,Divorced,Machine-op-inspct,Not-in-family,Black,Male,0,0,40,United-States
10755,43,State-gov,HS-grad,9,Divorced,Adm-clerical,Unmarried,White,Female,0,0,50,United-States
14776,42,State-gov,HS-grad,9,Married-civ-spouse,Transport-moving,Husband,Amer-Indian-Eskimo,Male,0,0,40,United-States
20228,40,?,Masters,14,Divorced,?,Own-child,White,Female,0,0,55,United-States
7654,47,Private,HS-grad,9,Divorced,Craft-repair,Unmarried,White,Female,0,0,43,United-States
8152,45,Private,HS-grad,9,Married-civ-spouse,Exec-managerial,Husband,White,Male,0,0,60,United-States
20272,41,?,Bachelors,13,Married-spouse-absent,?,Not-in-family,White,Male,0,0,30,United-States
36882,45,Federal-gov,Doctorate,16,Married-civ-spouse,Prof-specialty,Husband,White,Male,0,0,40,United-States
43885,46,Private,Bachelors,13,Married-civ-spouse,Exec-managerial,Husband,White,Male,3103,0,40,United-States
4719,46,Private,1st-4th,2,Widowed,Other-service,Unmarried,Other,Female,0,0,30,Mexico
32136,48,Private,HS-grad,9,Divorced,Exec-managerial,Not-in-family,White,Female,0,2258,40,United-States
29340,44,Private,5th-6th,3,Married-civ-spouse,Machine-op-inspct,Husband,Black,Male,0,0,40,United-States
11299,43,Private,HS-grad,9,Never-married,Handlers-cleaners,Not-in-family,White,Male,0,0,40,United-States
1089,42,Private,Some-college,10,Married-civ-spouse,Exec-managerial,Husband,White,Male,7298,0,52,United-States
40762,41,Private,Some-college,10,Widowed,Other-service,Unmarried,White,Female,0,0,40,United-States
47594,47,Private,Some-college,10,Married-civ-spouse,Craft-repair,Husband,White,Male,0,0,40,United-States
6455,40,Private,Some-college,10,Married-civ-spouse,Handlers-cleaners,Husband,White,Male,0,0,40,United-States
11183,41,Private,Some-college,10,Married-civ-spouse,Adm-clerical,Wife,White,Female,0,0,40,United-States
42468,41,Private,Masters,14,Married-civ-spouse,Sales,Husband,White,Male,0,0,20,United-States
45287,45,Private,Some-college,10,Divorced,Adm-clerical,Unmarried,White,Female,0,0,40,United-States
2253,44,Private,Doctorate,16,Married-civ-spouse,Adm-clerical,Husband,White,Male,0,0,55,United-States
27849,45,Federal-gov,Bachelors,13,Never-married,Exec-managerial,Not-in-family,White,Female,0,0,40,United-States
19019,49,Self-emp-not-inc,HS-grad,9,Divorced,Other-service,Unmarried,White,Female,0,0,40,United-States
1287,47,Self-emp-not-inc,Bachelors,13,Married-civ-spouse,Sales,Husband,White,Male,15024,0,50,United-States
508,43,Private,Some-college,10,Married-civ-spouse,Exec-managerial,Husband,White,Male,0,0,40,United-States
1761,42,Private,Some-college,10,Married-civ-spouse,Prof-specialty,Wife,White,Female,0,0,50,United-States
28644,42,Private,HS-grad,9,Divorced,Sales,Not-in-family,White,Male,0,0,47,United-States
19248,50,Private,Masters,14,Married-civ-spouse,Exec-managerial,Husband,White,Male,0,0,50,United-States
47561,49,Self-emp-inc,Prof-school,15,Married-civ-spouse,Prof-specialty,Husband,White,Male,0,0,60,United-States
34441,43,Private,Some-college,10,Never-married,Other-service,Unmarried,White,Female,0,0,28,United-States
13062,40,Private,9th,5,Married-civ-spouse,Machine-op-inspct,Husband,White,Male,0,0,40,Mexico
44261,45,State-gov,Some-college,10,Divorced,Other-service,Not-in-family,White,Female,0,0,40,United-States
18130,44,Private,Assoc-voc,11,Married-civ-spouse,Adm-clerical,Husband,White,Male,7298,0,51,United-States
26577,42,Private,HS-grad,9,Married-civ-spouse,Machine-op-inspct,Husband,White,Male,0,0,45,United-States
40636,42,Private,HS-grad,9,Separated,Machine-op-inspct,Unmarried,White,Female,0,0,40,United-States
45464,48,Private,HS-grad,9,Divorced,Other-service,Unmarried,White,Female,0,0,20,United-States
21810,41,Self-emp-not-inc,HS-grad,9,Divorced,Craft-repair,Not-in-family,White,Male,0,0,40,United-States
16408,40,Private,Bachelors,13,Married-civ-spouse,Exec-managerial,Husband,White,Male,0,0,75,United-States
10179,43,Private,Some-college,10,Married-civ-spouse,Craft-repair,Husband,White,Male,0,0,40,United-States
36627,50,Self-emp-inc,Doctorate,16,Married-civ-spouse,Exec-managerial,Husband,White,Male,7688,0,60,United-States
2277,47,Private,Assoc-acdm,12,Widowed,Other-service,Own-child,White,Female,0,0,35,United-States
21362,41,Private,9th,5,Separated,Other-service,Not-in-family,White,Male,0,0,40,United-States
16232,45,Private,Bachelors,13,Married-civ-spouse,Exec-managerial,Husband,White,Male,0,0,48,?
25612,49,Self-emp-inc,Prof-school,15,Married-civ-spouse,Prof-specialty,Husband,White,Male,99999,0,37,United-States
27728,41,Private,12th,8,Divorced,Transport-moving,Not-in-family,White,Male,0,0,84,United-States
37060,44,Private,Some-college,10,Married-civ-spouse,Machine-op-inspct,Husband,White,Male,0,0,35,United-States
7109,48,Private,HS-grad,9,Never-married,Adm-clerical,Not-in-family,White,Female,0,0,40,United-States
12869,46,Federal-gov,Some-college,10,Divorced,Machine-op-inspct,Unmarried,White,Male,0,0,40,United-States
17468,50,Local-gov,11th,7,Never-married,Craft-repair,Unmarried,White,Male,0,0,40,United-States
19758,40,Private,HS-grad,9,Married-civ-spouse,Other-service,Husband,White,Male,0,0,40,United-States
2599,41,Private,HS-grad,9,Married-civ-spouse,Transport-moving,Husband,White,Male,0,0,50,United-States
18980,44,Private,HS-grad,9,Divorced,Craft-repair,Not-in-family,White,Male,0,0,40,United-States
9311,43,Private,Bachelors,13,Married-civ-spouse,Sales,Husband,White,Male,15024,0,45,United-States
31244,45,Private,Bachelors,13,Married-civ-spouse,Exec-managerial,Husband,Asian-Pac-Islander,Male,0,0,60,China
43790,48,Private,Some-college,10,Married-civ-spouse,Adm-clerical,Husband,White,Male,0,0,45,United-States
19951,41,Federal-gov,Some-college,10,Married-civ-spouse,Prof-specialty,Husband,White,Male,0,0,44,United-States
11610,41,Local-gov,Some-college,10,Divorced,Adm-clerical,Unmarried,Black,Female,0,0,40,United-States
32636,46,Private,Some-college,10,Married-civ-spouse,Craft-repair,Husband,Other,Male,0,0,40,Dominican-Republic
32668,41,Local-gov,HS-grad,9,Married-civ-spouse,Protective-serv,Husband,White,Male,0,0,40,United-States
40257,43,Local-gov,Some-college,10,Divorced,Adm-clerical,Unmarried,White,Female,0,0,20,United-States
7477,41,Private,12th,8,Married-civ-spouse,Handlers-cleaners,Husband,White,Male,0,0,40,United-States
32579,43,Private,HS-grad,9,Married-civ-spouse,Adm-clerical,Wife,White,Female,0,0,30,United-States
13020,49,State-gov,HS-grad,9,Divorced,Exec-managerial,Unmarried,White,Female,0,0,44,United-States
3721,46,Private,HS-grad,9,Married-civ-spouse,Transport-moving,Husband,White,Male,0,0,40,United-States
48476,42,Private,12th,8,Married-civ-spouse,Transport-moving,Husband,White,Male,0,0,30,United-States
48257,50,Private,11th,7,Divorced,Protective-serv,Not-in-family,White,Female,0,0,40,United-States
38769,45,State-gov,Masters,14,Divorced,Adm-clerical,Not-in-family,Black,Female,0,0,40,?
32038,45,Self-emp-not-inc,Bachelors,13,Married-civ-spouse,Sales,Husband,White,Male,2829,0,60,United-States
28100,40,Private,HS-grad,9,Married-civ-spouse,Adm-clerical,Wife,White,Female,0,0,30,United-States
13878,42,Private,Some-college,10,Married-civ-spouse,Adm-clerical,Husband,White,Male,0,0,40,Germany
22613,40,Self-emp-not-inc,Bachelors,13,Married-civ-spouse,Craft-repair,Husband,White,Male,0,0,50,United-States
30099,40,Private,Assoc-voc,11,Never-married,Adm-clerical,Not-in-family,White,Female,0,0,40,United-States
27312,49,Self-emp-not-inc,7th-8th,4,Married-civ-spouse,Other-service,Husband,White,Male,0,0,70,Italy
9655,47,Local-gov,Some-college,10,Divorced,Transport-moving,Unmarried,White,Male,0,0,40,United-States
33474,43,Private,HS-grad,9,Married-civ-spouse,Machine-op-inspct,Husband,White,Male,0,0,40,United-States
40211,43,Private,Bachelors,13,Divorced,Prof-specialty,Unmarried,White,Female,0,0,43,United-States
26892,45,Private,Doctorate,16,Divorced,Prof-specialty,Not-in-family,White,Male,0,0,45,United-States
38057,42,Private,Assoc-acdm,12,Married-civ-spouse,Sales,Husband,White,Male,0,0,45,United-States
759,46,Federal-gov,HS-grad,9,Married-civ-spouse,Adm-clerical,Wife,White,Female,0,0,40,United-States
39988,48,Private,Some-college,10,Married-civ-spouse,Craft-repair,Husband,White,Male,0,0,60,United-States
1758,40,Self-emp-not-inc,HS-grad,9,Never-married,Farming-fishing,Not-in-family,White,Male,0,0,70,United-States
43501,45,Self-emp-not-inc,Doctorate,16,Separated,Prof-specialty,Not-in-family,White,Male,0,1408,40,United-States
48434,45,Private,Some-college,10,Separated,Sales,Unmarried,White,Female,0,0,35,United-States
14102,40,Private,Bachelors,13,Never-married,Adm-clerical,Not-in-family,White,Male,0,0,40,United-States
10120,45,State-gov,Some-college,10,Married-civ-spouse,Prof-specialty,Husband,White,Male,0,0,40,United-States
37335,50,Private,Masters,14,Married-civ-spouse,Exec-managerial,Husband,White,Male,0,0,40,United-States
12139,41,Local-gov,HS-grad,9,Never-married,Other-service,Unmarried,White,Female,0,0,25,United-States
4864,41,State-gov,Assoc-voc,11,Married-civ-spouse,Exec-managerial,Husband,White,Male,0,0,40,United-States
5999,40,Private,HS-grad,9,Divorced,Craft-repair,Not-in-family,White,Male,0,0,45,United-States
47804,42,Private,Some-college,10,Separated,Adm-clerical,Not-in-family,White,Female,0,0,40,Cuba
32691,41,Private,Masters,14,Married-civ-spouse,Prof-specialty,Husband,White,Male,0,2415,50,United-States
41351,48,Private,HS-grad,9,Divorced,Machine-op-inspct,Not-in-family,Black,Male,0,0,48,United-States
15709,49,Self-emp-inc,Doctorate,16,Married-civ-spouse,Prof-specialty,Husband,Black,Male,0,0,60,United-States
28915,45,Private,7th-8th,4,Married-civ-spouse,Machine-op-inspct,Husband,Black,Male,0,0,40,United-States
33187,43,Private,Bachelors,13,Married-civ-spouse,Exec-managerial,Husband,White,Male,0,1902,50,United-States
27922,43,Private,Some-college,10,Divorced,Adm-clerical,Not-in-family,White,Male,0,0,45,United-States
13248,44,Private,Some-college,10,Divorced,Adm-clerical,Other-relative,White,Female,0,0,40,United-States
37524,46,Private,11th,7,Married-civ-spouse,Craft-repair,Husband,White,Male,0,0,32,United-States
10935,42,Private,Assoc-voc,11,Married-civ-spouse,Transport-moving,Husband,White,Male,0,0,48,United-States
11273,40,Private,Some-college,10,Married-civ-spouse,Machine-op-inspct,Husband,White,Male,0,0,50,United-States
30428,42,Private,HS-grad,9,Divorced,Exec-managerial,Unmarried,White,Female,0,0,40,United-States
36414,48,Private,HS-grad,9,Widowed,Adm-clerical,Unmarried,White,Female,0,0,40,United-States
2734,49,Self-emp-inc,Some-college,10,Divorced,Exec-managerial,Unmarried,White,Female,0,0,32,United-States
6251,43,Private,Bachelors,13,Married-civ-spouse,Craft-repair,Husband,White,Male,0,0,40,United-States
29525,43,Private,Assoc-acdm,12,Married-civ-spouse,Prof-specialty,Husband,White,Male,0,0,50,United-States
41463,49,Private,11th,7,Married-civ-spouse,Transport-moving,Husband,White,Male,0,0,40,United-States
1982,49,Federal-gov,HS-grad,9,Married-civ-spouse,Adm-clerical,Husband,White,Male,0,0,40,United-States
35736,41,Self-emp-not-inc,HS-grad,9,Married-civ-spouse,Craft-repair,Husband,White,Male,0,0,32,United-States
23164,41,Private,Masters,14,Never-married,Prof-specialty,Not-in-family,White,Female,0,0,40,United-States
45390,40,Private,Assoc-voc,11,Married-civ-spouse,Craft-repair,Husband,White,Male,0,0,40,United-States
16092,43,Private,Some-college,10,Divorced,Exec-managerial,Unmarried,White,Female,0,0,45,Iran
22538,45,Private,Doctorate,16,Married-civ-spouse,Prof-specialty,Husband,White,Male,0,0,50,United-States
639,47,Self-emp-inc,5th-6th,3,Married-civ-spouse,Transport-moving,Husband,White,Male,0,0,50,Cuba
3741,46,State-gov,HS-grad,9,Married-civ-spouse,Other-service,Husband,White,Male,0,0,43,United-States
1259,43,Federal-gov,Bachelors,13,Married-civ-spouse,Prof-specialty,Husband,White,Male,0,0,40,United-States
30715,40,Private,HS-grad,9,Never-married,Adm-clerical,Not-in-family,White,Female,0,0,70,United-States
20619,43,Local-gov,Masters,14,Separated,Prof-specialty,Unmarried,Black,Female,0,0,37,United-States
26505,50,Private,HS-grad,9,Divorced,Adm-clerical,Not-in-family,Black,Male,0,0,40,United-States
8326,50,State-gov,Prof-school,15,Married-civ-spouse,Exec-managerial,Husband,White,Male,0,0,52,United-States
14222,46,Private,Some-college,10,Married-civ-spouse,Other-service,Wife,White,Female,5013,0,40,United-States
47167,49,?,HS-grad,9,Married-civ-spouse,?,Wife,White,Female,5013,0,15,United-States
2250,44,Federal-gov,Bachelors,13,Married-civ-spouse,Adm-clerical,Husband,Asian-Pac-Islander,Male,0,0,40,Philippines
27288,40,Private,Bachelors,13,Never-married,Sales,Own-child,White,Male,0,0,40,United-States
24164,47,Private,Bachelors,13,Never-married,Exec-managerial,Not-in-family,White,Male,0,0,40,United-States
4176,49,Self-emp-inc,HS-grad,9,Separated,Other-service,Not-in-family,White,Male,0,0,45,United-States
29256,45,Self-emp-inc,Prof-school,15,Married-civ-spouse,Exec-managerial,Husband,Asian-Pac-Islander,Male,7688,0,40,?
16563,46,Private,Preschool,1,Married-civ-spouse,Machine-op-inspct,Wife,White,Female,0,0,40,Mexico
19649,44,Private,10th,6,Never-married,Farming-fishing,Unmarried,White,Male,0,0,35,United-States
6860,41,Self-emp-not-inc,HS-grad,9,Married-civ-spouse,Exec-managerial,Husband,White,Male,0,0,38,United-States
25402,48,Self-emp-not-inc,Some-college,10,Divorced,Sales,Not-in-family,White,Female,3325,0,60,United-States
33890,45,State-gov,Masters,14,Married-civ-spouse,Exec-managerial,Husband,White,Male,0,0,40,United-States
44019,50,?,5th-6th,3,Married-civ-spouse,?,Husband,White,Male,0,0,40,United-States
38677,44,Self-emp-not-inc,Prof-school,15,Married-civ-spouse,Prof-specialty,Husband,White,Male,0,0,60,United-States
32822,50,Private,Some-college,10,Married-civ-spouse,Exec-managerial,Wife,White,Female,0,0,50,United-States
46229,40,State-gov,HS-grad,9,Married-civ-spouse,Exec-managerial,Wife,White,Female,0,0,40,United-States
14221,41,Self-emp-inc,Some-college,10,Married-civ-spouse,Exec-managerial,Husband,White,Male,0,2415,55,United-States
48,44,Private,Masters,14,Divorced,Exec-managerial,Unmarried,White,Female,0,0,40,United-States
30827,46,Private,HS-grad,9,Never-married,Exec-managerial,Not-in-family,White,Male,0,0,40,United-States
28880,43,Private,Bachelors,13,Divorced,Tech-support,Own-child,White,Male,0,0,40,United-States
769,47,Self-emp-not-inc,Bachelors,13,Divorced,Sales,Not-in-family,White,Female,0,0,50,United-States
35459,48,Private,Some-college,10,Married-civ-spouse,Transport-moving,Husband,Black,Male,0,0,40,United-States
15665,46,Federal-gov,Prof-school,15,Married-civ-spouse,Prof-specialty,Husband,White,Male,15024,0,50,United-States
26921,41,Federal-gov,Bachelors,13,Never-married,Exec-managerial,Not-in-family,White,Male,0,0,40,United-States
16648,49,Private,Assoc-voc,11,Never-married,Sales,Other-relative,Black,Male,0,0,40,?
6416,49,Federal-gov,Some-college,10,Married-civ-spouse,Exec-managerial,Husband,White,Male,0,0,40,United-States
40596,40,Private,Some-college,10,Never-married,Craft-repair,Unmarried,White,Male,0,0,38,United-States
31624,45,Self-emp-not-inc,Prof-school,15,Never-married,Prof-specialty,Not-in-family,White,Male,0,0,30,United-States
4886,45,Self-emp-inc,Bachelors,13,Married-civ-spouse,Exec-managerial,Husband,White,Male,0,0,40,United-States
19448,48,Local-gov,Assoc-voc,11,Never-married,Protective-serv,Unmarried,White,Male,0,0,48,United-States
5627,43,Private,Some-college,10,Married-spouse-absent,Other-service,Not-in-family,Black,Female,0,0,40,United-States
34575,41,Private,Bachelors,13,Never-married,Other-service,Own-child,White,Female,0,0,40,United-States
17231,42,Private,HS-grad,9,Married-civ-spouse,Craft-repair,Husband,White,Male,0,0,40,United-States
12236,42,Private,5th-6th,3,Married-civ-spouse,Other-service,Husband,White,Male,0,0,40,El-Salvador
606,48,Private,HS-grad,9,Never-married,Adm-clerical,Unmarried,Black,Female,0,0,37,United-States
24885,50,Local-gov,Assoc-acdm,12,Divorced,Prof-specialty,Not-in-family,White,Female,0,0,40,United-States
3937,46,State-gov,Assoc-voc,11,Divorced,Adm-clerical,Unmarried,White,Female,0,0,38,United-States
18361,47,Private,Bachelors,13,Never-married,Exec-managerial,Not-in-family,White,Male,0,0,50,United-States
18853,47,Private,Bachelors,13,Divorced,Handlers-cleaners,Not-in-family,White,Male,0,1564,51,United-States
11605,46,Private,Some-college,10,Married-civ-spouse,Protective-serv,Husband,Black,Male,0,0,40,United-States
15227,42,Private,Assoc-voc,11,Divorced,Prof-specialty,Unmarried,White,Female,0,0,40,United-States
8412,43,Private,HS-grad,9,Divorced,Adm-clerical,Other-relative,Black,Male,0,0,38,United-States
48205,46,Private,Masters,14,Never-married,Prof-specialty,Not-in-family,White,Female,0,0,40,United-States
21472,40,Private,HS-grad,9,Never-married,Farming-fishing,Not-in-family,White,Male,0,0,55,United-States
25721,40,Private,Some-college,10,Married-civ-spouse,Adm-clerical,Husband,White,Male,0,0,40,United-States
48623,43,Self-emp-not-inc,Bachelors,13,Married-civ-spouse,Sales,Husband,White,Male,0,0,40,United-States
28338,44,Self-emp-not-inc,Some-college,10,Married-civ-spouse,Craft-repair,Husband,White,Male,0,1887,55,United-States
39650,42,Private,Bachelors,13,Married-civ-spouse,Sales,Husband,White,Male,0,0,60,United-States
14703,41,Private,HS-grad,9,Married-civ-spouse,Exec-managerial,Husband,White,Male,0,0,40,United-States
19477,41,Private,Bachelors,13,Married-civ-spouse,Tech-support,Husband,White,Male,0,0,45,United-States
33156,49,Private,Bachelors,13,Married-civ-spouse,Exec-managerial,Husband,White,Male,0,0,50,United-States
15241,44,Private,Some-college,10,Married-civ-spouse,Machine-op-inspct,Husband,White,Male,0,0,40,United-States
6357,49,Self-emp-not-inc,Bachelors,13,Never-married,Sales,Not-in-family,White,Male,0,0,45,United-States
6113,41,Private,HS-grad,9,Married-civ-spouse,Craft-repair,Husband,White,Male,0,0,40,United-States
28133,48,Private,1st-4th,2,Married-civ-spouse,Farming-fishing,Husband,White,Male,3781,0,50,Mexico
33710,46,Self-emp-not-inc,Some-college,10,Married-civ-spouse,Sales,Husband,White,Male,0,0,45,United-States
34014,43,Private,HS-grad,9,Married-civ-spouse,Transport-moving,Husband,White,Male,0,0,30,United-States
42692,45,Private,HS-grad,9,Married-civ-spouse,Machine-op-inspct,Husband,White,Male,0,0,40,United-States
24145,41,Private,Bachelors,13,Married-civ-spouse,Sales,Husband,White,Male,0,0,40,United-States
35512,47,Private,Doctorate,16,Divorced,Prof-specialty,Unmarried,White,Female,0,0,29,United-States
30091,45,Private,Masters,14,Married-civ-spouse,Tech-support,Husband,White,Male,0,0,18,United-States
8916,41,Private,HS-grad,9,Separated,Adm-clerical,Unmarried,Black,Female,0,0,40,?
13649,40,Private,HS-grad,9,Divorced,Craft-repair,Other-relative,White,Female,0,0,40,Vietnam
21414,44,?,HS-grad,9,Married-civ-spouse,?,Husband,Black,Male,0,0,30,United-States
9448,44,Self-emp-not-inc,HS-grad,9,Married-civ-spouse,Machine-op-inspct,Wife,White,Female,0,0,45,United-States
23161,40,Private,HS-grad,9,Divorced,Protective-serv,Not-in-family,Black,Female,0,0,40,United-States
28507,40,Self-emp-inc,Some-college,10,Married-civ-spouse,Transport-moving,Husband,White,Male,0,0,40,United-States
3967,49,Private,Masters,14,Married-civ-spouse,Prof-specialty,Wife,White,Female,0,1977,40,United-States
26278,44,Self-emp-not-inc,HS-grad,9,Married-civ-spouse,Craft-repair,Husband,White,Male,7298,0,50,England
31051,43,Private,Bachelors,13,Divorced,Exec-managerial,Not-in-family,White,Female,0,0,45,United-States
40059,50,Private,HS-grad,9,Separated,Other-service,Unmarried,White,Female,0,0,45,United-States
24065,50,Self-emp-inc,HS-grad,9,Married-civ-spouse,Sales,Husband,White,Male,0,0,48,United-States
33482,45,Private,Bachelors,13,Married-civ-spouse,Craft-repair,Husband,White,Male,0,0,40,United-States
12088,42,Private,HS-grad,9,Married-civ-spouse,Machine-op-inspct,Wife,White,Female,0,0,40,United-States
29848,49,Private,Some-college,10,Married-civ-spouse,Exec-managerial,Husband,White,Male,7298,0,40,United-States
39543,40,Private,Bachelors,13,Married-civ-spouse,Adm-clerical,Husband,White,Male,0,0,40,United-States
28347,45,Self-emp-inc,HS-grad,9,Married-civ-spouse,Sales,Husband,White,Male,0,0,50,United-States
17646,40,Private,HS-grad,9,Never-married,Farming-fishing,Not-in-family,White,Male,0,0,40,United-States
22567,45,Private,HS-grad,9,Married-civ-spouse,Machine-op-inspct,Husband,White,Male,0,0,40,United-States
9087,42,Private,Some-college,10,Divorced,Machine-op-inspct,Not-in-family,White,Male,0,1590,40,United-States
34056,44,Private,Some-college,10,Divorced,Prof-specialty,Own-child,White,Male,3325,0,35,United-States
26907,46,Private,Bachelors,13,Married-civ-spouse,Craft-repair,Husband,White,Male,0,0,40,United-States
17349,44,Private,Bachelors,13,Separated,Machine-op-inspct,Unmarried,Black,Female,0,0,7,United-States
44606,49,Private,Bachelors,13,Married-civ-spouse,Exec-managerial,Husband,White,Male,0,0,46,United-States
15259,47,Private,Some-college,10,Married-civ-spouse,Craft-repair,Husband,White,Male,0,1485,47,United-States
2610,45,State-gov,Some-college,10,Married-civ-spouse,Exec-managerial,Husband,White,Male,0,0,40,United-States
37418,40,Private,HS-grad,9,Married-civ-spouse,Craft-repair,Wife,White,Female,0,0,45,United-States
32766,50,Private,Assoc-voc,11,Married-civ-spouse,Prof-specialty,Husband,White,Male,0,0,40,United-States
19148,44,State-gov,HS-grad,9,Married-civ-spouse,Other-service,Wife,White,Female,0,0,15,United-States
22042,47,Self-emp-not-inc,Bachelors,13,Married-civ-spouse,Sales,Husband,White,Male,0,1887,40,United-States
20006,44,Private,Some-college,10,Married-civ-spouse,Prof-specialty,Husband,White,Male,0,0,45,United-States
45664,47,Federal-gov,Bachelors,13,Married-civ-spouse,Protective-serv,Husband,White,Male,0,0,45,United-States
28437,42,Private,Some-college,10,Divorced,Prof-specialty,Unmarried,White,Female,0,0,20,United-States
18275,46,Private,Some-college,10,Married-civ-spouse,Exec-managerial,Husband,White,Male,0,0,40,United-States
2819,41,Private,Masters,14,Never-married,Prof-specialty,Not-in-family,White,Female,0,0,40,United-States
16463,48,State-gov,Masters,14,Married-civ-spouse,Prof-specialty,Husband,White,Male,15024,0,40,United-States
7731,43,Private,1st-4th,2,Widowed,Prof-specialty,Unmarried,White,Female,0,0,21,Mexico
31987,45,Private,Assoc-voc,11,Married-civ-spouse,Prof-specialty,Husband,White,Male,0,0,40,United-States
48701,41,Private,HS-grad,9,Married-civ-spouse,Sales,Husband,White,Male,0,0,62,United-States
5445,48,Private,Bachelors,13,Married-civ-spouse,Sales,Husband,White,Male,0,0,40,United-States
43190,40,Local-gov,Masters,14,Married-civ-spouse,Prof-specialty,Husband,White,Male,7688,0,40,United-States
18774,45,State-gov,Bachelors,13,Married-civ-spouse,Exec-managerial,Husband,White,Male,0,1977,60,United-States
32051,49,Private,HS-grad,9,Married-civ-spouse,Sales,Husband,White,Male,5013,0,40,United-States
21361,41,Private,11th,7,Divorced,Handlers-cleaners,Unmarried,White,Female,0,0,40,United-States
31543,40,Private,HS-grad,9,Married-civ-spouse,Handlers-cleaners,Husband,White,Male,0,0,40,United-States
2801,47,Private,Bachelors,13,Married-civ-spouse,Prof-specialty,Husband,White,Male,0,0,40,United-States
45923,45,Private,HS-grad,9,Married-civ-spouse,Machine-op-inspct,Husband,Black,Male,0,0,48,?
31563,40,Private,HS-grad,9,Divorced,Transport-moving,Unmarried,White,Male,0,0,45,United-States
46652,44,Self-emp-inc,Prof-school,15,Never-married,Prof-specialty,Not-in-family,White,Male,8614,0,50,United-States
7240,50,Private,Assoc-voc,11,Married-civ-spouse,Other-service,Wife,Black,Female,0,0,40,United-States
23120,41,Private,Some-college,10,Married-civ-spouse,Craft-repair,Husband,White,Male,0,0,40,United-States
29303,40,Local-gov,Some-college,10,Never-married,Exec-managerial,Not-in-family,White,Male,0,0,40,United-States
28288,43,Self-emp-not-inc,Bachelors,13,Never-married,Prof-specialty,Unmarried,White,Female,0,0,50,United-States
19421,48,Self-emp-not-inc,HS-grad,9,Divorced,Prof-specialty,Not-in-family,White,Male,0,0,15,United-States
16420,42,Private,HS-grad,9,Married-civ-spouse,Transport-moving,Husband,White,Male,0,0,30,United-States
6048,42,Private,Bachelors,13,Never-married,Sales,Unmarried,White,Male,0,0,40,United-States
18967,45,Self-emp-not-inc,Assoc-voc,11,Married-civ-spouse,Protective-serv,Husband,White,Male,0,0,3,United-States
35746,50,Private,11th,7,Never-married,Priv-house-serv,Unmarried,White,Female,0,0,40,United-States
26691,48,Private,HS-grad,9,Married-civ-spouse,Transport-moving,Husband,White,Male,0,0,44,United-States
42645,45,Private,Bachelors,13,Married-civ-spouse,Adm-clerical,Husband,White,Male,7688,0,50,United-States
28054,50,Private,HS-grad,9,Separated,Craft-repair,Not-in-family,Black,Male,0,0,40,United-States
16778,45,Private,HS-grad,9,Never-married,Adm-clerical,Own-child,Black,Female,0,0,40,United-States
26108,43,Private,7th-8th,4,Married-civ-spouse,Craft-repair,Husband,White,Male,0,0,45,United-States
3612,45,Self-emp-inc,HS-grad,9,Married-civ-spouse,Sales,Wife,White,Female,0,0,50,United-States
27381,43,Private,Bachelors,13,Divorced,Exec-managerial,Not-in-family,White,Male,0,0,35,United-States
44441,50,Private,Some-college,10,Married-civ-spouse,Machine-op-inspct,Husband,White,Male,4386,0,40,United-States
19165,42,Private,Bachelors,13,Never-married,Sales,Not-in-family,White,Male,0,0,40,United-States
6868,47,Private,7th-8th,4,Divorced,Handlers-cleaners,Other-relative,Black,Male,0,0,40,United-States
45863,41,Private,Bachelors,13,Married-civ-spouse,Prof-specialty,Husband,White,Male,0,0,40,United-States
36779,46,Private,HS-grad,9,Married-civ-spouse,Other-service,Husband,White,Male,0,0,40,United-States
30668,48,Private,Bachelors,13,Married-civ-spouse,Exec-managerial,Husband,White,Male,0,0,55,United-States
40482,49,Private,HS-grad,9,Divorced,Sales,Not-in-family,White,Female,0,0,40,United-States
38253,48,Private,Bachelors,13,Married-civ-spouse,Prof-specialty,Husband,Asian-Pac-Islander,Male,0,0,42,United-States
13311,46,Private,Bachelors,13,Married-civ-spouse,Prof-specialty,Husband,White,Male,0,0,40,United-States
45931,46,Private,10th,6,Married-civ-spouse,Machine-op-inspct,Husband,White,Male,0,0,40,United-States
42813,43,Private,Some-college,10,Divorced,Other-service,Not-in-family,White,Female,0,0,30,United-States
47441,41,Private,HS-grad,9,Divorced,Craft-repair,Not-in-family,White,Male,0,0,40,United-States
19597,40,Private,Some-college,10,Divorced,Prof-specialty,Unmarried,Black,Female,0,0,38,United-States
45713,46,Private,Some-college,10,Married-civ-spouse,Craft-repair,Husband,White,Male,0,0,40,United-States
32633,46,Private,Assoc-voc,11,Married-civ-spouse,Tech-support,Husband,White,Male,0,0,40,United-States
39529,44,Self-emp-not-inc,Doctorate,16,Married-civ-spouse,Prof-specialty,Husband,White,Male,0,0,70,United-States
1016,48,Private,7th-8th,4,Married-civ-spouse,Handlers-cleaners,Husband,White,Male,0,0,40,United-States
47986,47,Self-emp-inc,7th-8th,4,Married-civ-spouse,Prof-specialty,Husband,White,Male,0,0,45,United-States
3969,48,Private,11th,7,Married-civ-spouse,Transport-moving,Husband,White,Male,0,2002,40,United-States
39761,45,Local-gov,Some-college,10,Divorced,Adm-clerical,Unmarried,White,Female,0,0,35,United-States
13464,42,Self-emp-not-inc,Bachelors,13,Married-civ-spouse,Craft-repair,Husband,White,Male,15024,0,60,United-States
6323,43,Self-emp-not-inc,Some-college,10,Married-civ-spouse,Farming-fishing,Husband,White,Male,0,0,50,United-States
21241,46,Private,Prof-school,15,Married-civ-spouse,Prof-specialty,Husband,White,Male,0,0,40,United-States
2481,41,Private,Some-college,10,Married-civ-spouse,Sales,Husband,White,Male,0,0,50,United-States
29170,41,Private,HS-grad,9,Married-civ-spouse,Craft-repair,Husband,White,Male,7688,0,38,United-States
18552,44,Private,Bachelors,13,Married-civ-spouse,Tech-support,Husband,White,Male,0,0,40,United-States
10435,45,State-gov,Prof-school,15,Divorced,Prof-specialty,Unmarried,White,Female,0,0,43,United-States
2161,41,Private,HS-grad,9,Married-civ-spouse,Exec-managerial,Husband,White,Male,7298,0,40,United-States
40081,45,Local-gov,Masters,14,Never-married,Prof-specialty,Not-in-family,White,Female,0,0,45,United-States
40353,50,Private,Bachelors,13,Married-spouse-absent,Sales,Not-in-family,White,Female,0,0,20,Germany
28616,46,Local-gov,HS-grad,9,Married-civ-spouse,Machine-op-inspct,Husband,Black,Male,0,0,40,United-States
17112,45,Private,Bachelors,13,Divorced,Adm-clerical,Unmarried,White,Female,0,0,40,Germany
39094,46,Private,Bachelors,13,Married-civ-spouse,Adm-clerical,Wife,White,Female,0,0,40,United-States
26811,49,State-gov,HS-grad,9,Married-civ-spouse,Handlers-cleaners,Husband,White,Male,0,0,40,United-States
40326,47,Private,Masters,14,Married-civ-spouse,Adm-clerical,Husband,Black,Male,0,0,40,Haiti
38299,46,Local-gov,Masters,14,Married-civ-spouse,Prof-specialty,Husband,White,Male,0,0,56,United-States
29114,44,Private,Bachelors,13,Married-civ-spouse,Machine-op-inspct,Husband,White,Male,0,1977,40,United-States
26133,41,State-gov,Bachelors,13,Never-married,Prof-specialty,Not-in-family,White,Female,0,0,40,United-States
29462,44,Private,Some-college,10,Married-civ-spouse,Machine-op-inspct,Husband,White,Male,3103,0,40,United-States
30441,46,State-gov,HS-grad,9,Divorced,Exec-managerial,Not-in-family,White,Male,0,0,40,United-States
2717,42,State-gov,Masters,14,Married-civ-spouse,Prof-specialty,Wife,White,Female,0,0,20,United-States
29427,45,Private,Bachelors,13,Married-civ-spouse,Exec-managerial,Husband,White,Male,15024,0,40,United-States
37233,41,Private,HS-grad,9,Married-civ-spouse,Exec-managerial,Husband,White,Male,15024,0,65,United-States
10977,48,Self-emp-not-inc,HS-grad,9,Married-civ-spouse,Craft-repair,Husband,White,Male,0,0,40,United-States
21355,46,Private,Some-college,10,Married-civ-spouse,Craft-repair,Husband,White,Male,0,0,40,United-States
7805,40,Private,Assoc-acdm,12,Divorced,Sales,Unmarried,White,Female,0,0,40,United-States
8814,47,Private,HS-grad,9,Married-civ-spouse,Adm-clerical,Husband,White,Male,0,0,40,Mexico
18746,43,Private,9th,5,Never-married,Machine-op-inspct,Unmarried,Black,Female,0,625,40,United-States
23417,45,Self-emp-not-inc,7th-8th,4,Married-civ-spouse,Exec-managerial,Husband,White,Male,0,0,65,United-States
40943,50,Private,Prof-school,15,Never-married,Prof-specialty,Other-relative,Asian-Pac-Islander,Female,0,1590,25,China
6945,44,Private,HS-grad,9,Married-civ-spouse,Adm-clerical,Wife,White,Female,0,0,30,United-States
24454,40,Self-emp-inc,Bachelors,13,Married-civ-spouse,Exec-managerial,Husband,White,Male,0,0,45,United-States
27840,40,Self-emp-not-inc,HS-grad,9,Divorced,Transport-moving,Not-in-family,White,Male,0,0,84,United-States
27386,42,Private,11th,7,Divorced,Sales,Unmarried,White,Male,1506,0,50,Mexico
42946,50,State-gov,HS-grad,9,Married-civ-spouse,Craft-repair,Husband,White,Male,0,1485,40,United-States
26968,49,Self-emp-inc,Prof-school,15,Married-civ-spouse,Prof-specialty,Husband,White,Male,0,0,60,United-States
46907,50,Federal-gov,Some-college,10,Married-civ-spouse,Adm-clerical,Husband,White,Male,0,0,40,United-States
2173,41,Private,HS-grad,9,Married-civ-spouse,Machine-op-inspct,Husband,White,Male,0,0,40,United-States
4604,48,Private,Some-college,10,Married-civ-spouse,Craft-repair,Husband,White,Male,7688,0,40,United-States
1939,50,State-gov,Bachelors,13,Married-civ-spouse,Exec-managerial,Husband,White,Male,0,0,40,Canada
31441,44,Private,11th,7,Never-married,Machine-op-inspct,Unmarried,Black,Female,0,0,40,United-States
2034,47,Private,HS-grad,9,Married-civ-spouse,Craft-repair,Husband,Black,Male,0,0,40,United-States
3475,43,Local-gov,Bachelors,13,Divorced,Prof-specialty,Unmarried,White,Female,0,0,48,United-States
6055,43,Private,HS-grad,9,Divorced,Machine-op-inspct,Not-in-family,White,Female,0,0,24,United-States
5826,49,Self-emp-not-inc,10th,6,Divorced,Farming-fishing,Unmarried,White,Male,0,0,70,United-States
25088,40,Private,Bachelors,13,Married-civ-spouse,Prof-specialty,Husband,White,Male,0,0,60,United-States
11832,48,Private,Some-college,10,Never-married,Exec-managerial,Not-in-family,White,Female,0,0,40,Ireland
17328,50,Private,Bachelors,13,Married-civ-spouse,Exec-managerial,Husband,White,Male,15024,0,40,United-States
48304,41,Private,Assoc-acdm,12,Married-civ-spouse,Prof-specialty,Husband,White,Male,0,0,40,United-States
33264,43,State-gov,Bachelors,13,Never-married,Prof-specialty,Own-child,White,Male,99999,0,60,United-States
46366,48,Private,Assoc-voc,11,Divorced,Tech-support,Not-in-family,White,Female,0,0,40,United-States
18480,40,Private,Bachelors,13,Married-civ-spouse,Prof-specialty,Husband,White,Male,0,0,60,Ireland
26812,48,Private,Prof-school,15,Divorced,Prof-specialty,Unmarried,White,Female,0,0,25,United-States
3449,50,Self-emp-not-inc,HS-grad,9,Married-civ-spouse,Sales,Husband,White,Male,15024,0,55,El-Salvador
182,43,Private,Some-college,10,Divorced,Adm-clerical,Not-in-family,White,Female,0,0,40,United-States
32542,41,?,HS-grad,9,Separated,?,Not-in-family,Black,Female,0,0,32,United-States
31253,49,Private,Some-college,10,Married-civ-spouse,Exec-managerial,Husband,White,Male,0,0,50,United-States
19902,40,State-gov,Doctorate,16,Married-civ-spouse,Prof-specialty,Husband,White,Male,0,1887,50,United-States
20148,45,Private,HS-grad,9,Married-civ-spouse,Adm-clerical,Husband,Black,Male,7298,0,40,United-States
1102,45,Self-emp-inc,Bachelors,13,Married-civ-spouse,Machine-op-inspct,Husband,White,Male,0,0,60,United-States
16275,48,Private,HS-grad,9,Married-civ-spouse,Machine-op-inspct,Husband,White,Male,0,0,40,United-States
46763,42,Private,Doctorate,16,Married-civ-spouse,Prof-specialty,Husband,Asian-Pac-Islander,Male,0,0,50,China
29165,42,Local-gov,HS-grad,9,Divorced,Other-service,Not-in-family,Black,Male,0,0,40,United-States
35456,43,Private,Assoc-voc,11,Married-civ-spouse,Protective-serv,Husband,White,Male,0,1902,42,United-States
4547,40,Self-emp-not-inc,Bachelors,13,Married-civ-spouse,Prof-specialty,Husband,White,Male,0,0,45,United-States
8520,41,Private,HS-grad,9,Separated,Machine-op-inspct,Other-relative,Black,Female,0,0,40,United-States
26421,43,Private,Assoc-voc,11,Never-married,Adm-clerical,Own-child,White,Female,0,0,55,United-States
23016,42,Private,Bachelors,13,Married-civ-spouse,Sales,Husband,White,Male,0,1887,40,United-States
3280,45,Private,Bachelors,13,Divorced,Exec-managerial,Unmarried,White,Female,0,0,40,United-States
13470,43,Private,Some-college,10,Married-civ-spouse,Craft-repair,Husband,White,Male,0,0,40,United-States
16965,45,Local-gov,Masters,14,Married-civ-spouse,Prof-specialty,Wife,White,Female,0,0,45,United-States
38218,40,Private,HS-grad,9,Never-married,Adm-clerical,Own-child,White,Female,0,0,50,United-States
48471,41,?,Assoc-acdm,12,Married-civ-spouse,?,Husband,White,Male,0,0,99,United-States
42757,43,Private,5th-6th,3,Married-civ-spouse,Other-service,Husband,White,Male,0,0,40,Mexico
47758,41,Private,HS-grad,9,Divorced,Other-service,Unmarried,White,Female,0,0,40,United-States
8614,48,Private,HS-grad,9,Married-civ-spouse,Machine-op-inspct,Husband,White,Male,4386,0,40,United-States
39071,46,Local-gov,Masters,14,Married-civ-spouse,Prof-specialty,Husband,White,Male,0,0,40,United-States
20321,45,Private,HS-grad,9,Married-spouse-absent,Farming-fishing,Other-relative,Black,Male,0,0,40,United-States
40648,46,Private,Bachelors,13,Married-civ-spouse,Machine-op-inspct,Husband,White,Male,0,0,40,Peru
39307,42,Private,11th,7,Married-civ-spouse,Other-service,Husband,White,Male,0,0,40,United-States
42347,40,Private,Bachelors,13,Married-civ-spouse,Prof-specialty,Husband,White,Male,0,0,45,United-States
20164,44,Self-emp-inc,Bachelors,13,Married-civ-spouse,Exec-managerial,Husband,White,Male,0,0,45,United-States
26527,41,Local-gov,Bachelors,13,Married-civ-spouse,Prof-specialty,Wife,Black,Female,0,0,40,United-States
25136,40,Private,Doctorate,16,Married-civ-spouse,Prof-specialty,Wife,White,Female,0,1977,20,United-States
48656,45,Private,Assoc-voc,11,Divorced,Exec-managerial,Not-in-family,White,Male,0,0,60,United-States
6447,42,Private,HS-grad,9,Never-married,Other-service,Not-in-family,White,Female,0,0,24,United-States
32759,42,Self-emp-inc,Prof-school,15,Married-civ-spouse,Prof-specialty,Wife,White,Female,0,0,50,United-States
6350,50,Local-gov,Masters,14,Married-civ-spouse,Prof-specialty,Husband,White,Male,7298,0,40,United-States
7599,46,Private,HS-grad,9,Married-civ-spouse,Other-service,Own-child,White,Female,0,0,15,United-States
46372,43,State-gov,Bachelors,13,Married-civ-spouse,Prof-specialty,Wife,Black,Female,3103,0,40,United-States
44404,45,Private,HS-grad,9,Never-married,Other-service,Other-relative,White,Female,0,0,30,United-States
48417,47,Private,Assoc-voc,11,Married-civ-spouse,Handlers-cleaners,Husband,White,Male,0,0,48,United-States
10024,49,Private,Bachelors,13,Never-married,Priv-house-serv,Not-in-family,White,Male,0,0,25,United-States
17201,50,Private,Bachelors,13,Married-civ-spouse,Farming-fishing,Husband,White,Male,0,0,45,United-States
23442,45,Private,Prof-school,15,Married-civ-spouse,Exec-managerial,Husband,White,Male,0,0,40,United-States
20279,50,Local-gov,Assoc-voc,11,Married-civ-spouse,Protective-serv,Husband,White,Male,0,0,40,United-States
28903,42,Private,Bachelors,13,Married-civ-spouse,Prof-specialty,Husband,White,Male,0,0,40,United-States
27931,47,Private,HS-grad,9,Divorced,Machine-op-inspct,Unmarried,White,Female,0,0,60,United-States
7713,41,Private,HS-grad,9,Married-civ-spouse,Sales,Husband,White,Male,0,0,40,United-States
22821,46,?,HS-grad,9,Divorced,?,Not-in-family,Black,Female,0,0,40,United-States
26747,46,Private,Assoc-acdm,12,Never-married,Adm-clerical,Not-in-family,White,Female,0,0,40,United-States
27656,41,Private,Masters,14,Never-married,Exec-managerial,Not-in-family,White,Male,27828,0,50,United-States
10115,43,State-gov,Doctorate,16,Married-spouse-absent,Prof-specialty,Unmarried,White,Male,25236,0,64,United-States
1152,40,Private,Some-college,10,Divorced,Adm-clerical,Unmarried,White,Female,0,0,39,United-States
17168,41,Local-gov,Some-college,10,Married-civ-spouse,Transport-moving,Husband,White,Male,3942,0,40,United-States
38102,41,Self-emp-not-inc,Assoc-voc,11,Married-civ-spouse,Sales,Husband,White,Male,0,0,55,United-States
12562,45,Private,HS-grad,9,Married-spouse-absent,Adm-clerical,Unmarried,White,Female,0,0,30,United-States
27471,43,Private,Bachelors,13,Never-married,Exec-managerial,Not-in-family,Black,Female,0,0,50,United-States
35803,43,Private,Bachelors,13,Never-married,Prof-specialty,Own-child,White,Male,0,0,45,United-States
29713,46,Private,HS-grad,9,Married-civ-spouse,Adm-clerical,Wife,White,Female,0,0,40,United-States
23639,47,Private,Some-college,10,Married-civ-spouse,Adm-clerical,Wife,White,Female,0,0,40,United-States
12567,44,Private,Some-college,10,Married-civ-spouse,Tech-support,Husband,White,Male,0,0,44,United-States
20298,46,Local-gov,Bachelors,13,Divorced,Prof-specialty,Not-in-family,White,Female,4787,0,25,United-States
24850,45,Federal-gov,Some-college,10,Never-married,Adm-clerical,Own-child,White,Male,0,0,40,United-States
13844,45,?,HS-grad,9,Separated,?,Not-in-family,Asian-Pac-Islander,Male,0,0,4,United-States
13690,40,Private,HS-grad,9,Never-married,Adm-clerical,Not-in-family,White,Female,6849,0,38,United-States
35786,44,Private,Assoc-voc,11,Married-civ-spouse,Protective-serv,Husband,White,Male,0,0,40,United-States
1100,43,Private,Some-college,10,Divorced,Prof-specialty,Unmarried,White,Female,0,0,40,United-States
28469,50,Private,9th,5,Married-civ-spouse,Craft-repair,Husband,White,Male,2885,0,40,United-States
8310,46,Private,HS-grad,9,Divorced,Exec-managerial,Not-in-family,White,Female,0,0,60,United-States
22817,44,Private,Some-college,10,Divorced,Adm-clerical,Unmarried,White,Female,0,0,40,United-States
26598,40,Private,Some-college,10,Never-married,Sales,Not-in-family,White,Male,0,0,40,United-States
19696,41,Self-emp-inc,Assoc-voc,11,Married-civ-spouse,Exec-managerial,Husband,Black,Male,0,0,40,United-States
25216,46,Private,Masters,14,Married-civ-spouse,Prof-specialty,Husband,White,Male,7688,0,46,United-States
43819,47,Private,Some-college,10,Separated,Transport-moving,Unmarried,White,Male,0,0,50,United-States
9449,40,Private,HS-grad,9,Divorced,Protective-serv,Unmarried,White,Female,0,0,40,United-States
1030,48,Self-emp-inc,Masters,14,Married-spouse-absent,Sales,Not-in-family,Asian-Pac-Islander,Male,0,0,50,India
43530,49,Private,Bachelors,13,Married-civ-spouse,Sales,Husband,White,Male,0,0,60,United-States
36512,42,Self-emp-inc,Assoc-voc,11,Never-married,Craft-repair,Own-child,White,Male,0,0,40,United-States
44667,43,Private,HS-grad,9,Divorced,Other-service,Unmarried,White,Female,0,1762,24,United-States
8612,49,Private,HS-grad,9,Married-civ-spouse,Craft-repair,Husband,White,Male,0,0,40,United-States
12904,50,Private,Bachelors,13,Married-civ-spouse,Sales,Husband,White,Male,0,0,40,United-States
9535,41,Private,Some-college,10,Married-civ-spouse,Transport-moving,Husband,White,Male,0,0,54,United-States
11872,40,Private,HS-grad,9,Married-civ-spouse,Transport-moving,Husband,White,Male,0,0,35,United-States
20622,41,Private,Assoc-acdm,12,Married-civ-spouse,Farming-fishing,Husband,Asian-Pac-Islander,Male,0,0,40,United-States
29912,50,Self-emp-not-inc,Some-college,10,Married-civ-spouse,Exec-managerial,Wife,White,Female,0,0,30,United-States
4056,50,Self-emp-inc,Prof-school,15,Married-civ-spouse,Prof-specialty,Husband,Asian-Pac-Islander,Male,7688,0,50,Philippines
8193,45,Self-emp-not-inc,Some-college,10,Never-married,Sales,Own-child,White,Female,0,0,35,United-States
10328,48,Self-emp-not-inc,Prof-school,15,Divorced,Prof-specialty,Unmarried,White,Male,14084,0,63,United-States
13611,40,Self-emp-not-inc,HS-grad,9,Married-civ-spouse,Transport-moving,Husband,White,Male,0,0,75,United-States
19369,50,Self-emp-not-inc,HS-grad,9,Married-civ-spouse,Transport-moving,Husband,White,Male,0,0,40,United-States
39611,43,Private,5th-6th,3,Separated,Other-service,Other-relative,White,Female,0,0,40,El-Salvador
659,44,Private,7th-8th,4,Married-civ-spouse,Craft-repair,Husband,White,Male,0,0,35,United-States
31598,49,Local-gov,Masters,14,Never-married,Prof-specialty,Not-in-family,White,Female,0,0,80,United-States
32454,46,Private,Some-college,10,Married-civ-spouse,Sales,Husband,White,Male,0,0,45,United-States
39036,41,Private,Bachelors,13,Married-civ-spouse,Farming-fishing,Husband,White,Male,0,0,45,United-States
952,43,Private,Masters,14,Married-civ-spouse,Exec-managerial,Husband,White,Male,0,0,43,United-States
7347,43,Private,HS-grad,9,Married-civ-spouse,Craft-repair,Husband,White,Male,0,0,40,United-States
27320,43,Self-emp-not-inc,Bachelors,13,Separated,Craft-repair,Unmarried,White,Male,0,0,35,United-States
45509,44,Private,Some-college,10,Married-civ-spouse,Sales,Husband,White,Male,0,0,40,United-States
48665,48,Private,Masters,14,Married-civ-spouse,Prof-specialty,Husband,White,Male,0,0,75,United-States
35003,43,Local-gov,Bachelors,13,Married-civ-spouse,Protective-serv,Husband,White,Male,0,0,45,United-States
13783,44,Private,Bachelors,13,Married-civ-spouse,Sales,Husband,White,Male,0,0,40,United-States
43035,43,Private,Assoc-voc,11,Divorced,Craft-repair,Not-in-family,Black,Male,0,0,40,United-States
2193,48,Private,12th,8,Separated,Adm-clerical,Own-child,Black,Female,0,0,40,United-States
12317,46,Self-emp-not-inc,HS-grad,9,Married-civ-spouse,Farming-fishing,Husband,White,Male,0,1672,50,United-States
10656,40,Private,Some-college,10,Separated,Adm-clerical,Unmarried,White,Female,0,0,45,United-States
6596,45,Self-emp-inc,Masters,14,Divorced,Sales,Unmarried,White,Female,25236,0,42,United-States
41943,40,?,Bachelors,13,Never-married,?,Unmarried,Black,Female,0,0,35,United-States
24149,46,Private,11th,7,Married-civ-spouse,Handlers-cleaners,Husband,White,Male,0,0,45,United-States
32729,42,Private,HS-grad,9,Married-civ-spouse,Craft-repair,Husband,White,Male,0,0,45,United-States
11538,40,Private,HS-grad,9,Married-civ-spouse,Adm-clerical,Wife,White,Female,0,0,46,United-States
36942,49,Private,Masters,14,Married-civ-spouse,Sales,Husband,White,Male,0,0,40,United-States
37050,49,Local-gov,11th,7,Divorced,Other-service,Own-child,White,Female,0,0,60,United-States
15106,44,Self-emp-inc,Some-college,10,Divorced,Sales,Own-child,White,Male,0,0,45,United-States
19897,42,?,Masters,14,Married-civ-spouse,?,Wife,White,Female,0,1887,48,United-States
10090,49,Federal-gov,Assoc-voc,11,Divorced,Exec-managerial,Unmarried,Black,Female,0,0,45,United-States
47683,46,Private,Some-college,10,Married-civ-spouse,Craft-repair,Husband,White,Male,0,0,50,United-States
45655,42,Private,9th,5,Divorced,Machine-op-inspct,Not-in-family,Black,Female,0,0,46,United-States
14592,43,Private,Some-college,10,Married-civ-spouse,Prof-specialty,Wife,Other,Female,0,0,6,Puerto-Rico
37370,42,Private,Some-college,10,Never-married,Transport-moving,Not-in-family,Black,Male,0,0,40,United-States
33617,41,State-gov,Masters,14,Married-civ-spouse,Prof-specialty,Husband,White,Male,0,0,40,United-States
19058,43,Private,HS-grad,9,Divorced,Craft-repair,Not-in-family,White,Male,0,0,35,United-States
6244,47,Private,Assoc-voc,11,Never-married,Prof-specialty,Not-in-family,White,Female,0,0,40,United-States
35476,40,Private,HS-grad,9,Never-married,Machine-op-inspct,Not-in-family,Black,Male,14344,0,40,United-States
27901,42,State-gov,Some-college,10,Divorced,Transport-moving,Unmarried,White,Male,0,0,38,United-States
9959,40,Self-emp-inc,Bachelors,13,Married-civ-spouse,Prof-specialty,Husband,White,Male,0,0,60,United-States
24390,43,Private,Some-college,10,Divorced,Adm-clerical,Own-child,White,Female,0,0,40,United-States
15078,40,Self-emp-inc,Assoc-acdm,12,Married-civ-spouse,Sales,Husband,White,Male,15024,0,50,United-States
31417,42,Private,Assoc-acdm,12,Separated,Adm-clerical,Unmarried,Black,Female,0,0,40,United-States
36320,50,Private,Masters,14,Married-civ-spouse,Prof-specialty,Husband,White,Male,0,0,50,United-States
19595,44,Self-emp-not-inc,Bachelors,13,Divorced,Craft-repair,Own-child,White,Male,0,0,40,United-States
12921,41,Private,Some-college,10,Married-civ-spouse,Prof-specialty,Husband,White,Male,0,0,40,United-States
38249,41,Local-gov,HS-grad,9,Separated,Adm-clerical,Unmarried,White,Female,0,0,40,United-States
44517,46,Federal-gov,Assoc-voc,11,Divorced,Tech-support,Not-in-family,White,Female,0,0,40,United-States
36588,50,Private,Some-college,10,Separated,Sales,Unmarried,White,Female,0,0,40,United-States
43841,43,Self-emp-inc,HS-grad,9,Never-married,Exec-managerial,Own-child,White,Male,0,0,40,United-States
41324,47,Private,Some-college,10,Divorced,Exec-managerial,Not-in-family,White,Male,0,0,30,United-States
8737,46,Private,Some-college,10,Married-civ-spouse,Machine-op-inspct,Husband,White,Male,0,0,40,United-States
46749,41,Private,11th,7,Divorced,Handlers-cleaners,Not-in-family,White,Male,0,0,48,United-States
18222,48,Private,Assoc-voc,11,Divorced,Other-service,Own-child,White,Female,0,0,40,United-States
16461,43,Private,Bachelors,13,Married-civ-spouse,Exec-managerial,Husband,White,Male,0,0,38,United-States
5116,49,Private,7th-8th,4,Never-married,Prof-specialty,Other-relative,Black,Male,0,0,45,United-States
11929,45,Private,Bachelors,13,Married-civ-spouse,Farming-fishing,Husband,White,Male,0,0,60,United-States
39484,40,Private,HS-grad,9,Divorced,Craft-repair,Not-in-family,White,Male,0,0,45,United-States
42832,48,?,Some-college,10,Never-married,?,Not-in-family,White,Male,0,0,35,United-States
41909,49,State-gov,Bachelors,13,Married-civ-spouse,Prof-specialty,Wife,White,Female,0,0,40,United-States
41835,40,Private,HS-grad,9,Married-civ-spouse,Machine-op-inspct,Husband,Black,Male,0,0,40,Haiti
37281,42,Private,Assoc-voc,11,Married-civ-spouse,Craft-repair,Husband,Amer-Indian-Eskimo,Male,0,0,40,United-States
7017,41,Private,Some-college,10,Never-married,Craft-repair,Own-child,Asian-Pac-Islander,Male,0,0,40,United-States
33553,44,Self-emp-not-inc,Bachelors,13,Married-civ-spouse,Exec-managerial,Husband,White,Male,3137,0,40,United-States
46159,44,Private,Some-college,10,Separated,Craft-repair,Unmarried,White,Female,0,0,55,United-States
16076,44,Private,Bachelors,13,Divorced,Transport-moving,Not-in-family,White,Male,0,0,40,United-States
31447,44,Private,Some-college,10,Divorced,Adm-clerical,Not-in-family,White,Female,0,0,40,Germany
5706,43,Self-emp-not-inc,Bachelors,13,Married-civ-spouse,Exec-managerial,Husband,White,Male,0,0,50,Germany
15071,48,Private,Bachelors,13,Married-civ-spouse,Adm-clerical,Husband,White,Male,0,0,35,United-States
39212,42,Private,Assoc-acdm,12,Never-married,Tech-support,Not-in-family,White,Male,14084,0,36,United-States
6564,49,Private,HS-grad,9,Married-civ-spouse,Transport-moving,Husband,White,Male,0,0,52,United-States
46567,40,Federal-gov,HS-grad,9,Divorced,Adm-clerical,Not-in-family,White,Female,0,0,40,Philippines
15905,42,Local-gov,10th,6,Married-civ-spouse,Handlers-cleaners,Husband,White,Male,99999,0,40,United-States
32167,42,Local-gov,Bachelors,13,Divorced,Prof-specialty,Unmarried,Black,Female,0,0,30,United-States
36606,44,Private,HS-grad,9,Married-civ-spouse,Exec-managerial,Husband,White,Male,0,0,40,United-States
39615,48,Private,HS-grad,9,Widowed,Adm-clerical,Unmarried,White,Female,0,0,24,United-States
46220,42,Private,Some-college,10,Married-civ-spouse,Craft-repair,Husband,White,Male,7298,0,35,United-States
41901,44,Private,Bachelors,13,Married-civ-spouse,Prof-specialty,Husband,White,Male,99999,0,40,?
34237,49,State-gov,Some-college,10,Married-civ-spouse,Other-service,Husband,White,Male,0,0,70,United-States
36131,49,?,HS-grad,9,Divorced,?,Not-in-family,White,Female,0,0,40,United-States
32919,50,Self-emp-not-inc,Prof-school,15,Married-civ-spouse,Prof-specialty,Husband,White,Male,99999,0,80,United-States
42703,46,Self-emp-not-inc,10th,6,Separated,Exec-managerial,Unmarried,White,Female,0,0,15,Ecuador
2415,44,Private,Bachelors,13,Divorced,Exec-managerial,Unmarried,White,Male,0,2547,50,United-States
34848,47,Private,HS-grad,9,Married-civ-spouse,Machine-op-inspct,Husband,White,Male,0,0,40,United-States
23041,40,Private,Masters,14,Married-civ-spouse,Prof-specialty,Husband,White,Male,0,0,50,United-States
41456,40,Private,Some-college,10,Married-civ-spouse,Tech-support,Own-child,White,Female,0,1902,40,United-States
18560,48,Private,HS-grad,9,Divorced,Craft-repair,Not-in-family,White,Male,0,0,40,United-States
8024,42,Private,Some-college,10,Married-civ-spouse,Craft-repair,Husband,Black,Male,0,0,40,United-States
40834,50,Private,HS-grad,9,Married-civ-spouse,Craft-repair,Husband,White,Male,0,0,40,United-States
9033,46,Local-gov,HS-grad,9,Married-civ-spouse,Exec-managerial,Husband,White,Male,0,0,65,United-States
35020,41,Self-emp-not-inc,HS-grad,9,Married-civ-spouse,Craft-repair,Husband,White,Male,0,0,50,United-States
29425,44,Local-gov,HS-grad,9,Married-civ-spouse,Machine-op-inspct,Husband,White,Male,0,0,40,United-States
22374,46,?,5th-6th,3,Married-civ-spouse,?,Husband,White,Male,0,0,40,Mexico
40525,43,Self-emp-not-inc,Bachelors,13,Married-civ-spouse,Exec-managerial,Husband,White,Male,7298,0,50,United-States
17574,44,Local-gov,Some-college,10,Married-civ-spouse,Exec-managerial,Husband,White,Male,0,0,40,United-States
43001,44,Private,Some-college,10,Married-civ-spouse,Other-service,Husband,White,Male,0,0,40,United-States
35262,50,Private,10th,6,Married-civ-spouse,Machine-op-inspct,Husband,White,Male,0,0,50,United-States
19727,49,Self-emp-not-inc,HS-grad,9,Married-civ-spouse,Tech-support,Husband,White,Male,0,0,30,United-States
43358,50,Private,Doctorate,16,Married-civ-spouse,Prof-specialty,Husband,White,Male,0,0,55,United-States
2121,42,Private,HS-grad,9,Married-civ-spouse,Adm-clerical,Wife,White,Female,0,0,53,United-States
46982,45,Private,Some-college,10,Married-civ-spouse,Transport-moving,Husband,White,Male,0,1628,40,United-States
32961,45,Private,Bachelors,13,Married-civ-spouse,Exec-managerial,Husband,White,Male,0,0,40,United-States
13017,40,Local-gov,Prof-school,15,Separated,Prof-specialty,Own-child,Black,Female,0,0,40,United-States
11937,40,Self-emp-inc,HS-grad,9,Never-married,Sales,Not-in-family,White,Male,0,0,51,United-States
45990,49,Self-emp-not-inc,Some-college,10,Married-civ-spouse,Sales,Husband,White,Male,0,0,25,United-States
14309,45,Private,Assoc-voc,11,Married-civ-spouse,Farming-fishing,Husband,White,Male,0,0,70,United-States
482,43,Self-emp-not-inc,Some-college,10,Married-civ-spouse,Craft-repair,Husband,White,Male,0,0,20,United-States
47642,44,State-gov,Masters,14,Never-married,Adm-clerical,Not-in-family,Black,Female,0,0,52,United-States
17856,40,Local-gov,Bachelors,13,Divorced,Tech-support,Not-in-family,White,Female,8614,0,40,England
16707,43,Private,Bachelors,13,Married-civ-spouse,Exec-managerial,Husband,White,Male,0,0,40,United-States
25175,50,Private,HS-grad,9,Married-civ-spouse,Craft-repair,Husband,White,Male,0,0,40,United-States
21286,50,Private,9th,5,Married-civ-spouse,Machine-op-inspct,Husband,White,Male,0,0,40,United-States
43038,45,Self-emp-not-inc,HS-grad,9,Married-civ-spouse,Prof-specialty,Husband,White,Male,0,0,40,United-States
24547,43,Self-emp-inc,Some-college,10,Married-civ-spouse,Sales,Husband,White,Male,0,0,55,United-States
6604,40,Private,Some-college,10,Married-civ-spouse,Sales,Husband,White,Male,0,0,50,United-States
47995,46,Private,HS-grad,9,Separated,Other-service,Unmarried,Black,Female,0,0,25,United-States
3315,47,Private,11th,7,Never-married,Transport-moving,Not-in-family,Black,Male,0,0,40,United-States
32184,44,Self-emp-inc,Some-college,10,Married-civ-spouse,Exec-managerial,Husband,White,Male,0,0,50,United-States
20137,44,Private,Assoc-voc,11,Married-civ-spouse,Craft-repair,Husband,White,Male,0,0,40,United-States
20416,41,Private,Assoc-acdm,12,Divorced,Exec-managerial,Not-in-family,Black,Female,0,0,40,Jamaica
9422,45,Private,HS-grad,9,Divorced,Sales,Not-in-family,White,Female,0,0,55,United-States
40064,47,Private,HS-grad,9,Never-married,Other-service,Unmarried,White,Female,0,0,40,Puerto-Rico
31561,40,Private,HS-grad,9,Married-spouse-absent,Adm-clerical,Unmarried,White,Female,0,0,40,United-States
12328,40,Private,Assoc-acdm,12,Married-civ-spouse,Sales,Husband,White,Male,0,0,52,United-States
36613,45,Private,11th,7,Married-civ-spouse,Machine-op-inspct,Husband,White,Male,4386,0,40,United-States
24812,47,Private,HS-grad,9,Married-civ-spouse,Craft-repair,Husband,White,Male,0,0,40,United-States
15547,50,Self-emp-inc,Masters,14,Married-civ-spouse,Sales,Husband,White,Male,0,0,40,United-States
48627,46,Private,Some-college,10,Married-civ-spouse,Adm-clerical,Husband,White,Male,0,0,40,United-States
21028,49,Local-gov,Doctorate,16,Married-civ-spouse,Prof-specialty,Husband,White,Male,0,0,45,United-States
45024,42,Private,Some-college,10,Married-civ-spouse,Sales,Husband,White,Male,5178,0,40,United-States
16740,45,Private,Assoc-voc,11,Divorced,Other-service,Not-in-family,White,Female,0,0,8,United-States
9801,44,Private,Some-college,10,Separated,Machine-op-inspct,Not-in-family,Black,Male,0,0,40,United-States
20288,44,Private,Some-college,10,Divorced,Prof-specialty,Not-in-family,White,Female,0,0,40,United-States
10614,50,Private,HS-grad,9,Married-civ-spouse,Craft-repair,Husband,White,Male,0,0,40,United-States
10,42,Private,Bachelors,13,Married-civ-spouse,Exec-managerial,Husband,White,Male,5178,0,40,United-States
44720,43,Private,Some-college,10,Married-civ-spouse,Transport-moving,Husband,White,Male,0,0,50,United-States
41165,45,Local-gov,Masters,14,Married-civ-spouse,Prof-specialty,Husband,White,Male,0,0,40,France
36138,47,Private,12th,8,Never-married,Adm-clerical,Unmarried,Black,Female,0,0,40,United-States
8010,44,Self-emp-inc,Bachelors,13,Married-civ-spouse,Sales,Husband,White,Male,0,0,30,United-States
35162,44,Private,Assoc-acdm,12,Never-married,Tech-support,Not-in-family,White,Male,0,0,40,United-States
45385,44,Private,Masters,14,Divorced,Adm-clerical,Not-in-family,White,Male,0,0,40,United-States
5654,50,Private,Assoc-voc,11,Married-civ-spouse,Other-service,Husband,White,Male,0,0,40,United-States
30204,45,Private,Some-college,10,Married-civ-spouse,Transport-moving,Husband,White,Male,7298,0,50,United-States
34925,47,Private,Some-college,10,Divorced,Tech-support,Not-in-family,White,Female,0,0,40,United-States
5176,42,Self-emp-not-inc,Some-college,10,Married-civ-spouse,Exec-managerial,Husband,White,Male,0,0,40,United-States
1572,44,Private,Assoc-acdm,12,Married-civ-spouse,Craft-repair,Husband,White,Male,0,1848,40,United-States
48559,45,Private,Some-college,10,Married-civ-spouse,Exec-managerial,Husband,White,Male,0,0,40,United-States
11234,50,Private,Bachelors,13,Married-civ-spouse,Craft-repair,Husband,White,Male,0,0,50,United-States
2434,42,State-gov,Bachelors,13,Married-civ-spouse,Exec-managerial,Husband,White,Male,0,0,50,United-States
9068,48,Private,9th,5,Married-civ-spouse,Machine-op-inspct,Other-relative,Asian-Pac-Islander,Female,0,0,45,China
21475,49,Self-emp-not-inc,HS-grad,9,Widowed,Farming-fishing,Not-in-family,White,Male,0,0,55,United-States
42080,41,Private,Bachelors,13,Divorced,Other-service,Not-in-family,White,Female,0,0,99,United-States
444,44,Private,Some-college,10,Married-civ-spouse,Prof-specialty,Husband,White,Male,0,0,40,United-States
22368,44,Private,Bachelors,13,Never-married,Prof-specialty,Not-in-family,White,Female,0,0,45,Mexico
48287,47,Self-emp-inc,Some-college,10,Married-civ-spouse,Exec-managerial,Husband,White,Male,15024,0,50,United-States
11930,44,Private,Masters,14,Married-civ-spouse,Exec-managerial,Husband,White,Male,0,0,38,United-States
48443,44,Private,Bachelors,13,Divorced,Other-service,Own-child,White,Female,0,0,40,United-States
41848,42,Private,HS-grad,9,Divorced,Other-service,Not-in-family,White,Male,0,0,40,United-States
4579,48,Private,Assoc-voc,11,Divorced,Other-service,Not-in-family,White,Female,0,0,40,?
34294,46,Private,Bachelors,13,Divorced,Exec-managerial,Other-relative,White,Male,0,0,40,United-States
16779,43,Private,Masters,14,Married-civ-spouse,Exec-managerial,Husband,Asian-Pac-Islander,Male,0,0,40,India
11339,40,Private,HS-grad,9,Married-civ-spouse,Farming-fishing,Husband,Black,Male,0,0,40,United-States
40005,40,Private,Some-college,10,Never-married,Machine-op-inspct,Not-in-family,Black,Female,0,0,40,United-States
24,43,Private,11th,7,Married-civ-spouse,Transport-moving,Husband,White,Male,0,2042,40,United-States
8931,47,Private,HS-grad,9,Divorced,Craft-repair,Not-in-family,White,Male,0,0,42,United-States
26858,47,Private,Masters,14,Married-civ-spouse,Exec-managerial,Husband,White,Male,15024,0,55,United-States
13968,50,Private,HS-grad,9,Married-civ-spouse,Craft-repair,Husband,White,Male,0,0,15,United-States
18227,45,Private,Bachelors,13,Married-civ-spouse,Exec-managerial,Husband,White,Male,0,0,32,United-States
44315,44,Private,Assoc-acdm,12,Never-married,Adm-clerical,Not-in-family,White,Male,0,0,38,United-States
23845,50,Private,Bachelors,13,Married-civ-spouse,Craft-repair,Husband,White,Male,0,1887,50,United-States
16004,47,Private,Some-college,10,Divorced,Other-service,Own-child,White,Female,0,0,44,United-States
5006,40,Private,HS-grad,9,Married-civ-spouse,Sales,Husband,White,Male,0,0,50,United-States
46603,41,Private,Bachelors,13,Divorced,Prof-specialty,Not-in-family,White,Male,4650,0,45,United-States
14282,43,Private,9th,5,Married-civ-spouse,Exec-managerial,Husband,White,Male,0,0,40,Mexico
15530,45,Self-emp-not-inc,HS-grad,9,Married-civ-spouse,Exec-managerial,Husband,White,Male,0,0,25,United-States
7853,41,Private,HS-grad,9,Never-married,Adm-clerical,Not-in-family,White,Female,0,0,40,United-States
38239,46,Private,Some-college,10,Divorced,Other-service,Unmarried,White,Female,0,0,40,United-States
5793,45,Self-emp-inc,HS-grad,9,Married-civ-spouse,Exec-managerial,Husband,White,Male,15024,0,55,United-States
30904,50,State-gov,Bachelors,13,Divorced,Adm-clerical,Not-in-family,Black,Female,0,0,37,United-States
5865,48,Private,Some-college,10,Divorced,Transport-moving,Not-in-family,White,Male,3325,0,53,United-States
26287,50,Private,Some-college,10,Never-married,Other-service,Not-in-family,White,Male,0,0,32,United-States
3504,40,Private,HS-grad,9,Divorced,Exec-managerial,Unmarried,White,Female,0,625,52,United-States
46698,46,Private,Some-college,10,Divorced,Sales,Not-in-family,White,Female,0,0,80,United-States
41968,42,Private,HS-grad,9,Married-civ-spouse,Exec-managerial,Husband,White,Male,0,0,50,United-States
8039,44,Self-emp-not-inc,Bachelors,13,Married-civ-spouse,Farming-fishing,Husband,White,Male,0,0,90,United-States
625,47,Private,9th,5,Married-spouse-absent,Handlers-cleaners,Unmarried,White,Male,0,0,40,El-Salvador
24750,42,Private,Some-college,10,Married-civ-spouse,Craft-repair,Husband,White,Male,0,0,60,United-States
45671,47,Private,Assoc-acdm,12,Married-civ-spouse,Craft-repair,Husband,White,Male,0,0,40,United-States
40041,41,Private,HS-grad,9,Never-married,Prof-specialty,Not-in-family,White,Female,0,0,40,United-States
43440,44,Private,Masters,14,Married-civ-spouse,Exec-managerial,Husband,White,Male,0,0,50,United-States
13641,46,Local-gov,Masters,14,Divorced,Prof-specialty,Unmarried,White,Female,0,0,50,Canada
13863,45,Private,Bachelors,13,Married-civ-spouse,Exec-managerial,Husband,Asian-Pac-Islander,Male,0,0,40,India
18234,45,Private,Assoc-acdm,12,Divorced,Tech-support,Unmarried,White,Female,0,0,40,?
19041,42,Private,HS-grad,9,Married-civ-spouse,Prof-specialty,Wife,White,Female,0,0,40,United-States
26286,48,Private,Bachelors,13,Widowed,Other-service,Unmarried,White,Female,0,0,20,United-States
7641,44,Private,7th-8th,4,Married-civ-spouse,Machine-op-inspct,Husband,White,Male,0,0,40,United-States
33598,40,Private,HS-grad,9,Married-civ-spouse,Craft-repair,Husband,White,Male,0,0,40,United-States
14938,40,Private,HS-grad,9,Married-civ-spouse,Other-service,Wife,Black,Female,0,0,32,United-States
24331,45,Self-emp-not-inc,Bachelors,13,Married-civ-spouse,Exec-managerial,Husband,Asian-Pac-Islander,Male,0,0,45,China
38886,50,Local-gov,Masters,14,Married-civ-spouse,Prof-specialty,Husband,White,Male,0,0,52,United-States
36024,50,Private,HS-grad,9,Married-civ-spouse,Machine-op-inspct,Husband,White,Male,0,1848,48,United-States
7421,42,Private,Some-college,10,Married-civ-spouse,Other-service,Husband,White,Male,0,0,40,United-States
26439,47,Private,HS-grad,9,Widowed,Adm-clerical,Not-in-family,White,Female,2174,0,40,England
4033,40,Private,Assoc-voc,11,Married-civ-spouse,Craft-repair,Husband,White,Male,0,0,40,United-States
20060,49,Private,HS-grad,9,Never-married,Craft-repair,Not-in-family,White,Male,0,0,40,United-States
1746,42,Private,Some-college,10,Widowed,Exec-managerial,Not-in-family,White,Female,0,0,55,United-States
13149,49,Self-emp-inc,HS-grad,9,Married-civ-spouse,Exec-managerial,Husband,White,Male,0,0,50,United-States
46701,41,Private,Bachelors,13,Divorced,Transport-moving,Not-in-family,White,Male,0,0,48,United-States
46614,45,Private,Assoc-voc,11,Married-civ-spouse,Exec-managerial,Husband,White,Male,0,0,45,United-States
17074,43,Federal-gov,Bachelors,13,Married-spouse-absent,Tech-support,Not-in-family,Asian-Pac-Islander,Male,0,0,40,United-States
1896,42,Local-gov,Bachelors,13,Separated,Exec-managerial,Not-in-family,White,Male,0,0,45,United-States
8525,46,Private,Bachelors,13,Married-civ-spouse,Exec-managerial,Husband,White,Male,0,0,40,United-States
18988,48,Private,Bachelors,13,Married-civ-spouse,Prof-specialty,Husband,White,Male,15024,0,45,United-States
46310,45,Local-gov,Bachelors,13,Married-civ-spouse,Prof-specialty,Husband,White,Male,0,0,50,United-States
37218,45,Private,Doctorate,16,Married-civ-spouse,Prof-specialty,Husband,White,Male,0,0,40,United-States
5091,44,Private,1st-4th,2,Never-married,Other-service,Own-child,White,Male,0,0,10,United-States
18451,50,Self-emp-inc,Bachelors,13,Married-civ-spouse,Sales,Husband,Asian-Pac-Islander,Male,0,0,60,South
37828,40,Private,Masters,14,Married-civ-spouse,Exec-managerial,Husband,White,Male,0,0,50,United-States
16645,44,State-gov,HS-grad,9,Divorced,Adm-clerical,Not-in-family,White,Female,0,0,40,United-States
30552,45,Private,HS-grad,9,Married-civ-spouse,Transport-moving,Husband,Other,Male,4064,0,40,United-States
9227,42,Private,HS-grad,9,Widowed,Sales,Unmarried,Amer-Indian-Eskimo,Female,0,0,40,United-States
6971,40,Local-gov,HS-grad,9,Never-married,Adm-clerical,Own-child,White,Female,0,0,40,United-States
45811,40,Private,Bachelors,13,Married-civ-spouse,Exec-managerial,Husband,White,Male,0,0,44,United-States
44841,45,Local-gov,Bachelors,13,Married-civ-spouse,Exec-managerial,Husband,Black,Male,7688,0,65,United-States
43407,46,Local-gov,Bachelors,13,Married-civ-spouse,Craft-repair,Husband,White,Male,0,0,50,United-States
30429,45,Self-emp-inc,Bachelors,13,Married-civ-spouse,Exec-managerial,Husband,White,Male,0,0,60,United-States
16260,43,Self-emp-not-inc,Bachelors,13,Married-civ-spouse,Craft-repair,Husband,White,Male,0,0,40,United-States
15139,48,Private,HS-grad,9,Married-civ-spouse,Craft-repair,Husband,White,Male,0,0,40,United-States
30951,45,State-gov,HS-grad,9,Divorced,Exec-managerial,Unmarried,White,Female,0,0,38,United-States
7089,50,Self-emp-inc,Some-college,10,Married-civ-spouse,Craft-repair,Husband,White,Male,0,0,70,United-States
29009,41,Private,Masters,14,Divorced,Exec-managerial,Unmarried,Black,Female,0,0,60,United-States
6326,48,Private,Assoc-acdm,12,Married-civ-spouse,Prof-specialty,Husband,White,Male,0,0,50,United-States
14372,49,Self-emp-inc,Some-college,10,Married-civ-spouse,Sales,Husband,White,Male,0,0,70,United-States
31286,44,Private,9th,5,Divorced,Craft-repair,Not-in-family,White,Male,0,0,40,United-States
33801,45,Private,Bachelors,13,Married-civ-spouse,Sales,Husband,White,Male,0,0,40,United-States
17565,44,Private,10th,6,Divorced,Adm-clerical,Unmarried,White,Female,0,0,40,United-States
40242,45,Self-emp-not-inc,9th,5,Married-civ-spouse,Transport-moving,Husband,Black,Male,0,0,40,United-States
9798,47,Self-emp-inc,Some-college,10,Married-civ-spouse,Craft-repair,Husband,White,Male,0,0,40,United-States
39135,43,Local-gov,Bachelors,13,Never-married,Other-service,Own-child,White,Male,0,0,40,United-States
8577,44,Local-gov,Prof-school,15,Separated,Prof-specialty,Unmarried,White,Female,0,0,40,United-States
5151,42,Private,HS-grad,9,Married-civ-spouse,Machine-op-inspct,Husband,White,Male,4386,0,48,United-States
43204,40,Private,HS-grad,9,Never-married,Other-service,Not-in-family,Black,Female,0,0,40,United-States
16668,45,Self-emp-inc,Prof-school,15,Married-civ-spouse,Prof-specialty,Husband,White,Male,0,0,35,United-States
15289,42,Private,HS-grad,9,Divorced,Machine-op-inspct,Not-in-family,White,Female,0,0,40,United-States
2552,41,Private,HS-grad,9,Married-civ-spouse,Farming-fishing,Husband,White,Male,0,0,40,United-States
29686,45,Private,1st-4th,2,Married-civ-spouse,Machine-op-inspct,Husband,White,Male,0,0,40,Mexico
11629,47,Self-emp-not-inc,Bachelors,13,Married-civ-spouse,Prof-specialty,Husband,White,Male,0,0,60,United-States
18761,46,Private,9th,5,Divorced,Other-service,Unmarried,White,Female,0,0,40,United-States
3693,46,Private,HS-grad,9,Married-civ-spouse,Craft-repair,Husband,White,Male,0,0,40,United-States
7029,47,Private,Some-college,10,Divorced,Tech-support,Unmarried,White,Female,0,0,40,United-States
14298,44,Private,Bachelors,13,Married-civ-spouse,Craft-repair,Husband,White,Male,0,0,40,United-States
4173,46,Private,Masters,14,Married-civ-spouse,Tech-support,Husband,White,Male,0,1902,40,?
44570,43,Private,Bachelors,13,Divorced,Exec-managerial,Unmarried,Black,Female,7430,0,45,United-States
260,50,Private,7th-8th,4,Divorced,Craft-repair,Not-in-family,White,Male,0,0,40,United-States
14803,48,Private,Assoc-voc,11,Married-civ-spouse,Sales,Husband,White,Male,0,0,40,United-States
45278,45,Self-emp-not-inc,HS-grad,9,Married-civ-spouse,Craft-repair,Husband,Asian-Pac-Islander,Male,0,0,45,South
7722,47,Private,Bachelors,13,Married-civ-spouse,Exec-managerial,Husband,White,Male,0,0,60,United-States
36106,44,Private,Assoc-voc,11,Divorced,Exec-managerial,Unmarried,White,Female,0,0,40,United-States
43265,46,Local-gov,Some-college,10,Married-civ-spouse,Exec-managerial,Wife,White,Female,0,0,50,United-States
26771,40,Private,Some-college,10,Married-civ-spouse,Adm-clerical,Husband,White,Male,0,0,40,United-States
25851,45,Local-gov,Bachelors,13,Married-civ-spouse,Farming-fishing,Husband,Asian-Pac-Islander,Male,7298,0,40,United-States
9406,45,Local-gov,9th,5,Never-married,Other-service,Own-child,White,Male,0,0,40,United-States
7950,46,Private,Bachelors,13,Divorced,Prof-specialty,Unmarried,Black,Female,0,0,32,United-States
44795,42,Private,HS-grad,9,Married-civ-spouse,Handlers-cleaners,Husband,White,Male,0,0,40,United-States
15868,40,State-gov,Bachelors,13,Married-civ-spouse,Prof-specialty,Other-relative,White,Male,0,0,40,United-States
18008,43,Private,10th,6,Married-civ-spouse,Handlers-cleaners,Husband,White,Male,0,0,40,United-States
37040,42,Private,Bachelors,13,Married-civ-spouse,Sales,Husband,White,Male,0,0,45,United-States
16449,44,Self-emp-not-inc,Masters,14,Divorced,Exec-managerial,Unmarried,White,Female,0,0,40,United-States
46560,41,Private,HS-grad,9,Divorced,Exec-managerial,Not-in-family,White,Female,0,0,40,United-States
2204,49,Local-gov,Bachelors,13,Never-married,Prof-specialty,Own-child,White,Female,0,0,50,United-States
12347,41,Federal-gov,HS-grad,9,Separated,Exec-managerial,Not-in-family,Black,Female,0,0,40,United-States
11012,45,Federal-gov,Bachelors,13,Married-civ-spouse,Adm-clerical,Husband,White,Male,5013,0,45,United-States
36231,40,?,Bachelors,13,Widowed,?,Not-in-family,White,Female,0,0,8,United-States
44925,46,Private,Some-college,10,Divorced,Exec-managerial,Not-in-family,White,Male,0,0,50,United-States
46990,46,Private,Some-college,10,Never-married,Handlers-cleaners,Unmarried,Black,Female,0,0,40,United-States
21506,46,Local-gov,Bachelors,13,Married-civ-spouse,Exec-managerial,Husband,White,Male,0,0,48,United-States
23669,42,Local-gov,HS-grad,9,Married-civ-spouse,Protective-serv,Husband,White,Male,0,0,90,United-States
44520,41,Local-gov,Bachelors,13,Married-civ-spouse,Prof-specialty,Husband,White,Male,0,0,45,United-States
27574,50,Local-gov,HS-grad,9,Never-married,Other-service,Not-in-family,Black,Female,0,0,40,United-States
37146,41,Private,Assoc-voc,11,Divorced,Adm-clerical,Own-child,White,Female,0,0,40,Cuba
20924,45,Private,HS-grad,9,Married-civ-spouse,Handlers-cleaners,Husband,White,Male,0,0,48,United-States
17582,49,Self-emp-not-inc,Some-college,10,Divorced,Exec-managerial,Not-in-family,Amer-Indian-Eskimo,Female,0,0,40,United-States
38770,40,Private,Bachelors,13,Married-civ-spouse,Adm-clerical,Husband,White,Male,0,0,40,United-States
45936,46,Private,Doctorate,16,Divorced,Prof-specialty,Not-in-family,Asian-Pac-Islander,Male,0,0,40,India
30340,50,Private,Bachelors,13,Married-civ-spouse,Sales,Husband,White,Male,0,0,40,United-States
39345,47,?,Assoc-voc,11,Divorced,?,Not-in-family,White,Female,0,0,40,United-States
19119,44,Private,HS-grad,9,Married-civ-spouse,Transport-moving,Husband,White,Male,0,0,40,Ecuador
32688,48,Federal-gov,Doctorate,16,Married-civ-spouse,Prof-specialty,Wife,White,Female,0,0,40,United-States
36493,44,Private,HS-grad,9,Married-civ-spouse,Sales,Husband,White,Male,0,0,40,United-States
30889,43,Private,Some-college,10,Married-civ-spouse,Sales,Husband,White,Male,0,0,72,United-States
36501,50,Self-emp-inc,Masters,14,Married-civ-spouse,Exec-managerial,Husband,White,Male,0,0,40,United-States
26354,49,State-gov,Some-college,10,Married-civ-spouse,Prof-specialty,Husband,White,Male,0,0,50,United-States
13986,44,Private,HS-grad,9,Married-civ-spouse,Adm-clerical,Wife,White,Female,0,0,40,United-States
23394,40,Federal-gov,Some-college,10,Never-married,Adm-clerical,Not-in-family,White,Female,0,0,50,United-States
47257,40,Private,7th-8th,4,Married-civ-spouse,Craft-repair,Husband,White,Male,0,0,40,United-States
46783,41,Self-emp-inc,HS-grad,9,Married-civ-spouse,Exec-managerial,Husband,White,Male,0,0,50,Canada
25382,45,Private,Bachelors,13,Married-civ-spouse,Machine-op-inspct,Husband,White,Male,0,0,40,United-States
34343,46,Private,HS-grad,9,Married-civ-spouse,Craft-repair,Husband,White,Male,0,0,40,United-States
12076,47,Private,Assoc-voc,11,Married-civ-spouse,Other-service,Husband,White,Male,0,0,26,United-States
5837,41,Private,Masters,14,Married-civ-spouse,Prof-specialty,Husband,White,Male,0,0,38,United-States
9901,43,Private,HS-grad,9,Married-civ-spouse,Exec-managerial,Husband,White,Male,0,0,45,United-States
40,48,Self-emp-not-inc,Assoc-acdm,12,Married-civ-spouse,Prof-specialty,Husband,White,Male,0,0,40,United-States
11700,40,Private,Some-college,10,Separated,Exec-managerial,Unmarried,White,Female,0,0,40,United-States
32195,42,State-gov,HS-grad,9,Never-married,Adm-clerical,Unmarried,Black,Female,0,0,40,United-States
7311,49,Private,HS-grad,9,Married-civ-spouse,Other-service,Wife,Asian-Pac-Islander,Female,0,0,8,Philippines
35426,40,Private,Some-college,10,Divorced,Tech-support,Not-in-family,White,Male,0,0,40,United-States
29196,48,Private,HS-grad,9,Never-married,Adm-clerical,Not-in-family,Black,Female,0,0,16,Trinadad&Tobago
35589,41,Private,Bachelors,13,Married-civ-spouse,Exec-managerial,Husband,White,Male,0,0,40,United-States
37593,44,Private,HS-grad,9,Divorced,Craft-repair,Not-in-family,White,Male,0,0,45,United-States
47629,50,State-gov,Some-college,10,Divorced,Exec-managerial,Not-in-family,White,Female,0,0,40,United-States
16602,40,Local-gov,Bachelors,13,Married-civ-spouse,Protective-serv,Husband,Black,Male,0,0,40,United-States
31549,46,Private,Some-college,10,Married-civ-spouse,Craft-repair,Husband,White,Male,0,0,44,United-States
5679,49,Private,Masters,14,Married-spouse-absent,Adm-clerical,Unmarried,White,Female,0,0,40,United-States
39833,42,Self-emp-not-inc,HS-grad,9,Married-civ-spouse,Farming-fishing,Husband,White,Male,0,0,70,United-States
29040,46,Federal-gov,Bachelors,13,Divorced,Prof-specialty,Unmarried,White,Female,0,0,50,United-States
19059,48,?,HS-grad,9,Married-spouse-absent,?,Unmarried,White,Female,0,0,32,United-States
41713,40,Private,Some-college,10,Married-civ-spouse,Craft-repair,Husband,White,Male,0,0,50,United-States
42554,44,Private,HS-grad,9,Never-married,Transport-moving,Not-in-family,White,Male,0,0,50,United-States
4087,50,?,10th,6,Married-civ-spouse,?,Husband,White,Male,0,0,99,United-States
37946,48,Private,Bachelors,13,Never-married,Prof-specialty,Not-in-family,White,Male,0,0,40,United-States
41382,44,Private,12th,8,Married-civ-spouse,Transport-moving,Husband,White,Male,0,0,40,United-States
7929,44,Private,Some-college,10,Never-married,Adm-clerical,Own-child,Black,Female,0,0,40,United-States
30938,41,Self-emp-inc,Bachelors,13,Divorced,Exec-managerial,Not-in-family,White,Male,0,0,50,United-States
9461,49,State-gov,Some-college,10,Never-married,Adm-clerical,Not-in-family,White,Female,0,0,40,United-States
10200,45,Private,Some-college,10,Married-civ-spouse,Craft-repair,Husband,White,Male,0,0,55,United-States
1806,50,State-gov,Masters,14,Never-married,Prof-specialty,Not-in-family,White,Male,0,0,38,United-States
41863,42,Private,Bachelors,13,Divorced,Sales,Unmarried,White,Female,0,0,50,United-States
32360,46,Private,Preschool,1,Married-civ-spouse,Machine-op-inspct,Other-relative,Black,Male,0,0,75,Dominican-Republic
21031,41,Private,5th-6th,3,Married-civ-spouse,Farming-fishing,Husband,White,Male,0,0,40,Mexico
46597,46,Private,HS-grad,9,Married-civ-spouse,Craft-repair,Husband,White,Male,7298,0,40,United-States
34953,46,Private,Bachelors,13,Married-civ-spouse,Craft-repair,Husband,White,Male,0,0,77,United-States
45461,44,Local-gov,Bachelors,13,Married-civ-spouse,Prof-specialty,Husband,White,Male,0,1902,40,United-States
25483,41,Private,Bachelors,13,Married-civ-spouse,Sales,Husband,White,Male,0,0,48,United-States
12455,42,Private,Masters,14,Divorced,Prof-specialty,Not-in-family,White,Female,2354,0,16,United-States
2345,44,Private,Masters,14,Married-civ-spouse,Exec-managerial,Husband,White,Male,15024,0,40,United-States
5749,41,Private,Some-college,10,Married-civ-spouse,Exec-managerial,Husband,White,Male,0,0,60,United-States
14551,46,Self-emp-not-inc,Some-college,10,Married-civ-spouse,Exec-managerial,Husband,White,Male,0,0,58,United-States
27314,42,Private,Assoc-voc,11,Divorced,Tech-support,Not-in-family,White,Female,0,0,30,United-States
29984,50,Private,HS-grad,9,Married-civ-spouse,Prof-specialty,Husband,White,Male,0,0,40,United-States
35418,42,Private,HS-grad,9,Never-married,Exec-managerial,Not-in-family,Black,Male,0,0,55,United-States
45119,40,Federal-gov,Bachelors,13,Divorced,Prof-specialty,Not-in-family,Black,Female,0,1741,40,United-States
32340,49,Private,HS-grad,9,Married-civ-spouse,Craft-repair,Husband,White,Male,0,0,40,United-States
23696,42,Private,10th,6,Married-civ-spouse,Machine-op-inspct,Husband,White,Male,0,0,40,United-States
25563,45,Private,HS-grad,9,Divorced,Exec-managerial,Not-in-family,White,Female,0,0,46,United-States
25123,45,?,HS-grad,9,Married-civ-spouse,?,Husband,White,Male,0,0,40,United-States
9496,49,Private,Some-college,10,Married-civ-spouse,Machine-op-inspct,Husband,White,Male,0,0,43,United-States
8884,41,Self-emp-not-inc,Prof-school,15,Married-civ-spouse,Prof-specialty,Husband,White,Male,0,1977,60,United-States
3930,46,Private,HS-grad,9,Married-civ-spouse,Craft-repair,Husband,White,Male,0,0,40,United-States
21080,46,Local-gov,Masters,14,Married-civ-spouse,Prof-specialty,Wife,White,Female,0,0,45,United-States
31992,48,Self-emp-inc,Some-college,10,Divorced,Farming-fishing,Not-in-family,White,Male,0,0,45,United-States
21166,46,Private,HS-grad,9,Married-civ-spouse,Exec-managerial,Husband,White,Male,0,0,40,United-States
13297,47,Private,HS-grad,9,Separated,Other-service,Other-relative,Black,Female,0,0,35,United-States
27002,45,Private,Assoc-voc,11,Divorced,Adm-clerical,Not-in-family,White,Female,0,0,40,United-States
45579,47,Private,HS-grad,9,Married-civ-spouse,Handlers-cleaners,Husband,White,Male,0,0,40,United-States
45122,46,Private,11th,7,Widowed,Machine-op-inspct,Other-relative,White,Male,0,0,20,United-States
24301,41,State-gov,Assoc-voc,11,Married-civ-spouse,Prof-specialty,Husband,White,Male,0,0,35,United-States
15872,43,?,Some-college,10,Divorced,?,Unmarried,Asian-Pac-Islander,Female,0,0,40,United-States
35908,43,Private,Some-college,10,Married-civ-spouse,Sales,Husband,White,Male,0,0,55,United-States
23001,50,Private,HS-grad,9,Widowed,Machine-op-inspct,Unmarried,White,Female,0,0,40,United-States
16337,47,Private,Masters,14,Married-civ-spouse,Prof-specialty,Husband,Asian-Pac-Islander,Male,0,0,45,India
45020,46,Self-emp-not-inc,Bachelors,13,Married-civ-spouse,Sales,Husband,White,Male,0,0,60,United-States
541,44,Private,Some-college,10,Married-civ-spouse,Transport-moving,Husband,White,Male,0,0,40,United-States
26722,41,Self-emp-not-inc,HS-grad,9,Married-civ-spouse,Farming-fishing,Husband,White,Male,0,0,60,United-States
36081,48,Self-emp-inc,Bachelors,13,Married-civ-spouse,Sales,Husband,White,Male,0,0,40,United-States
23492,48,Private,Some-college,10,Married-civ-spouse,Sales,Husband,White,Male,0,0,50,United-States
47506,47,Private,Assoc-voc,11,Married-civ-spouse,Adm-clerical,Husband,Black,Male,0,0,40,United-States
29865,40,Private,HS-grad,9,Married-civ-spouse,Prof-specialty,Husband,Amer-Indian-Eskimo,Male,0,0,50,United-States
11423,42,Private,Some-college,10,Married-civ-spouse,Adm-clerical,Wife,White,Female,0,0,40,United-States
23420,40,Private,Doctorate,16,Married-civ-spouse,Prof-specialty,Husband,White,Male,0,0,40,United-States
20730,40,Private,Some-college,10,Divorced,Adm-clerical,Unmarried,White,Female,0,0,24,United-States
3385,47,Private,HS-grad,9,Married-civ-spouse,Machine-op-inspct,Wife,Black,Female,15024,0,40,United-States
4981,45,?,9th,5,Separated,?,Own-child,Black,Male,0,0,40,United-States
40885,45,Private,Bachelors,13,Never-married,Prof-specialty,Not-in-family,White,Male,0,0,40,United-States
11579,41,?,Assoc-voc,11,Married-civ-spouse,?,Husband,White,Male,0,2415,12,United-States
24412,48,Private,HS-grad,9,Divorced,Other-service,Not-in-family,Black,Female,0,0,20,United-States
37535,46,Private,Some-college,10,Married-civ-spouse,Craft-repair,Wife,White,Female,7298,0,40,United-States
2816,50,Private,5th-6th,3,Married-civ-spouse,Transport-moving,Husband,White,Male,0,0,37,Mexico
5656,41,Private,Some-college,10,Never-married,Sales,Not-in-family,Black,Male,0,0,33,United-States
1622,44,Self-emp-not-inc,HS-grad,9,Married-civ-spouse,Exec-managerial,Husband,White,Male,0,1977,45,United-States
5616,44,Private,Some-college,10,Divorced,Farming-fishing,Not-in-family,White,Female,0,0,40,United-States
1994,50,Private,HS-grad,9,Divorced,Exec-managerial,Unmarried,White,Male,0,0,38,United-States
21168,40,Private,Assoc-acdm,12,Divorced,Transport-moving,Unmarried,White,Female,0,0,40,United-States
41172,42,Private,Bachelors,13,Married-civ-spouse,Prof-specialty,Husband,White,Male,0,0,40,United-States
12619,44,Private,Some-college,10,Separated,Adm-clerical,Unmarried,White,Female,0,0,40,United-States
1750,45,Private,11th,7,Widowed,Adm-clerical,Unmarried,White,Female,0,0,40,United-States
16110,43,Private,Bachelors,13,Married-civ-spouse,Prof-specialty,Husband,White,Male,0,0,50,United-States
15248,50,Private,HS-grad,9,Married-civ-spouse,Adm-clerical,Husband,White,Male,0,0,40,United-States
17742,44,Private,Bachelors,13,Married-civ-spouse,Transport-moving,Husband,White,Male,15024,0,55,United-States
4669,50,Private,HS-grad,9,Married-civ-spouse,Exec-managerial,Husband,White,Male,0,0,45,United-States
47217,47,Private,1st-4th,2,Married-civ-spouse,Handlers-cleaners,Husband,White,Male,0,0,40,United-States
47398,47,Private,7th-8th,4,Never-married,Transport-moving,Not-in-family,Other,Male,0,0,48,Puerto-Rico
42281,48,Federal-gov,Assoc-acdm,12,Separated,Adm-clerical,Unmarried,Black,Female,0,0,40,United-States
29243,49,Self-emp-inc,Bachelors,13,Married-civ-spouse,Exec-managerial,Husband,White,Male,0,0,50,United-States
34028,48,Local-gov,5th-6th,3,Married-civ-spouse,Transport-moving,Husband,White,Male,0,0,40,United-States
13671,43,State-gov,HS-grad,9,Married-civ-spouse,Craft-repair,Husband,White,Male,0,0,40,United-States
30686,42,Self-emp-not-inc,11th,7,Separated,Other-service,Unmarried,White,Female,0,0,30,United-States
22128,45,Private,HS-grad,9,Married-civ-spouse,Craft-repair,Husband,White,Male,0,0,40,United-States
36932,46,Local-gov,Some-college,10,Married-civ-spouse,Handlers-cleaners,Husband,White,Male,0,0,40,United-States
13532,50,Private,HS-grad,9,Married-civ-spouse,Craft-repair,Husband,White,Male,0,0,40,United-States
15395,47,Private,Bachelors,13,Married-civ-spouse,Exec-managerial,Husband,White,Male,0,0,45,United-States
45215,40,Private,HS-grad,9,Divorced,Craft-repair,Not-in-family,White,Male,0,0,40,United-States
23526,41,Private,Some-college,10,Never-married,Transport-moving,Not-in-family,Black,Male,0,0,43,United-States
44649,45,Private,Some-college,10,Never-married,Craft-repair,Not-in-family,White,Male,0,0,50,United-States
29720,44,Private,Bachelors,13,Married-civ-spouse,Prof-specialty,Husband,White,Male,0,0,40,United-States
26385,42,Private,Bachelors,13,Divorced,Adm-clerical,Unmarried,White,Female,0,0,45,United-States
11974,42,Local-gov,Assoc-voc,11,Widowed,Prof-specialty,Unmarried,Black,Female,0,0,40,United-States
16676,40,Private,HS-grad,9,Married-civ-spouse,Adm-clerical,Husband,White,Male,0,0,40,Mexico
41584,50,Self-emp-not-inc,Masters,14,Married-civ-spouse,Exec-managerial,Husband,White,Male,0,0,20,United-States
27056,45,Private,HS-grad,9,Never-married,Handlers-cleaners,Other-relative,White,Male,0,0,40,United-States
24896,46,Local-gov,Bachelors,13,Married-civ-spouse,Protective-serv,Husband,White,Male,0,0,40,United-States
4672,46,Private,HS-grad,9,Married-civ-spouse,Sales,Husband,White,Male,0,0,35,?
746,42,Local-gov,Bachelors,13,Married-civ-spouse,Prof-specialty,Wife,White,Female,0,0,40,United-States
47089,47,Private,7th-8th,4,Married-civ-spouse,Transport-moving,Husband,White,Male,0,2051,40,United-States
18232,44,Private,HS-grad,9,Never-married,Craft-repair,Other-relative,White,Male,0,0,58,United-States
29365,40,Private,HS-grad,9,Never-married,Craft-repair,Not-in-family,White,Male,0,0,50,United-States
3655,44,Private,HS-grad,9,Married-civ-spouse,Transport-moving,Husband,White,Male,0,0,40,United-States
33220,46,Private,HS-grad,9,Divorced,Craft-repair,Not-in-family,White,Male,0,0,55,United-States
6006,41,Private,Bachelors,13,Married-civ-spouse,Exec-managerial,Husband,White,Male,0,0,40,?
37393,41,Private,Some-college,10,Married-civ-spouse,Exec-managerial,Husband,White,Male,0,0,60,United-States
19645,50,Private,HS-grad,9,Married-civ-spouse,Craft-repair,Husband,White,Male,0,0,40,United-States
43037,45,Self-emp-not-inc,Bachelors,13,Married-civ-spouse,Exec-managerial,Wife,Asian-Pac-Islander,Female,0,0,48,?
43960,42,State-gov,Masters,14,Divorced,Prof-specialty,Unmarried,White,Female,1151,0,40,United-States
30344,41,Private,Some-college,10,Married-civ-spouse,Exec-managerial,Own-child,White,Male,0,0,40,United-States
14916,43,Self-emp-not-inc,Assoc-voc,11,Married-civ-spouse,Craft-repair,Husband,White,Male,0,0,40,United-States
9670,40,Private,HS-grad,9,Married-civ-spouse,Transport-moving,Husband,White,Male,0,0,50,United-States
44496,47,Private,Bachelors,13,Divorced,Adm-clerical,Not-in-family,White,Female,0,0,35,United-States
37079,45,Self-emp-not-inc,Prof-school,15,Married-civ-spouse,Prof-specialty,Husband,White,Male,0,0,40,United-States
8792,44,Private,10th,6,Married-civ-spouse,Machine-op-inspct,Husband,White,Male,0,0,40,United-States
36841,44,Private,Masters,14,Married-civ-spouse,Prof-specialty,Husband,White,Male,0,0,45,United-States
10912,47,Private,HS-grad,9,Married-civ-spouse,Craft-repair,Husband,White,Male,0,0,40,United-States
15784,43,Federal-gov,Doctorate,16,Separated,Prof-specialty,Unmarried,Black,Female,0,0,24,United-States
22657,44,State-gov,Bachelors,13,Never-married,Adm-clerical,Not-in-family,White,Female,0,0,38,United-States
7061,46,Federal-gov,Bachelors,13,Married-civ-spouse,Prof-specialty,Husband,Asian-Pac-Islander,Male,0,0,50,United-States
10054,43,Self-emp-not-inc,11th,7,Married-civ-spouse,Craft-repair,Husband,White,Male,0,0,55,United-States
6213,43,Private,Some-college,10,Married-civ-spouse,Tech-support,Husband,Black,Male,0,0,40,Jamaica
37560,50,?,Masters,14,Married-civ-spouse,?,Husband,White,Male,0,0,40,United-States
27372,47,Private,Prof-school,15,Married-civ-spouse,Exec-managerial,Husband,White,Male,0,0,45,United-States
988,47,Private,HS-grad,9,Divorced,Adm-clerical,Unmarried,White,Female,0,0,40,United-States
1531,47,Private,HS-grad,9,Married-civ-spouse,Craft-repair,Husband,Black,Male,0,0,40,United-States
21563,44,Federal-gov,Bachelors,13,Married-civ-spouse,Exec-managerial,Husband,Black,Male,0,0,48,United-States
39887,44,Private,HS-grad,9,Married-spouse-absent,Craft-repair,Unmarried,White,Male,0,0,40,Columbia
43292,42,Private,HS-grad,9,Married-civ-spouse,Craft-repair,Husband,White,Male,0,1740,60,United-States
3983,50,Private,Bachelors,13,Divorced,Prof-specialty,Unmarried,White,Female,0,0,36,Ireland
6376,50,Self-emp-not-inc,HS-grad,9,Married-civ-spouse,Farming-fishing,Husband,White,Male,0,2051,20,United-States
45693,46,Private,HS-grad,9,Divorced,Tech-support,Not-in-family,White,Female,0,0,20,United-States
45963,45,Private,12th,8,Married-civ-spouse,Transport-moving,Husband,Black,Male,0,0,40,United-States
32838,42,Private,HS-grad,9,Divorced,Other-service,Not-in-family,Black,Male,0,0,52,United-States
17583,48,Self-emp-inc,Some-college,10,Never-married,Craft-repair,Not-in-family,White,Male,0,0,45,United-States
45813,41,Self-emp-not-inc,Prof-school,15,Married-civ-spouse,Prof-specialty,Husband,White,Male,0,0,58,United-States
13229,43,Private,Bachelors,13,Married-civ-spouse,Exec-managerial,Husband,White,Male,0,0,50,United-States
16099,40,Private,Some-college,10,Divorced,Handlers-cleaners,Not-in-family,White,Male,0,0,40,United-States
34022,42,Private,HS-grad,9,Married-civ-spouse,Exec-managerial,Husband,White,Male,0,0,50,United-States
9830,50,Self-emp-inc,Some-college,10,Divorced,Protective-serv,Not-in-family,White,Male,0,0,40,United-States
38997,44,Local-gov,Masters,14,Married-civ-spouse,Prof-specialty,Wife,White,Female,0,1887,40,United-States
35977,42,Local-gov,Bachelors,13,Divorced,Prof-specialty,Unmarried,White,Female,0,0,37,United-States
2901,47,Private,HS-grad,9,Married-civ-spouse,Transport-moving,Husband,White,Male,0,0,48,Italy
18773,41,Self-emp-not-inc,HS-grad,9,Divorced,Sales,Not-in-family,White,Male,3674,0,45,United-States
13571,40,Private,Masters,14,Never-married,Prof-specialty,Not-in-family,White,Female,3325,0,40,United-States
14645,44,Private,Some-college,10,Married-civ-spouse,Exec-managerial,Wife,White,Female,0,0,70,United-States
48008,47,Private,HS-grad,9,Never-married,Prof-specialty,Not-in-family,Black,Female,4101,0,40,Jamaica
34867,42,Private,Bachelors,13,Married-civ-spouse,Sales,Husband,White,Male,5178,0,45,United-States
18246,44,Self-emp-not-inc,10th,6,Married-civ-spouse,Other-service,Husband,White,Male,0,0,70,United-States
39171,48,Private,Some-college,10,Divorced,Machine-op-inspct,Not-in-family,White,Male,0,0,40,United-States
42543,50,Self-emp-inc,Bachelors,13,Married-civ-spouse,Exec-managerial,Husband,White,Male,0,0,40,United-States
8597,42,Private,Bachelors,13,Divorced,Exec-managerial,Unmarried,White,Female,0,0,40,United-States
10559,41,Private,Some-college,10,Separated,Craft-repair,Not-in-family,Black,Male,0,0,40,United-States
19064,41,Self-emp-not-inc,Some-college,10,Divorced,Prof-specialty,Not-in-family,White,Female,0,0,15,United-States
29609,41,Self-emp-inc,Prof-school,15,Married-civ-spouse,Exec-managerial,Wife,White,Female,0,2415,55,United-States
21498,46,Private,HS-grad,9,Married-civ-spouse,Machine-op-inspct,Husband,White,Male,0,0,43,United-States
36139,42,Federal-gov,HS-grad,9,Married-civ-spouse,Craft-repair,Husband,White,Male,0,0,48,United-States
11062,43,Self-emp-inc,HS-grad,9,Never-married,Exec-managerial,Not-in-family,Black,Male,0,0,55,United-States
2665,40,Private,Bachelors,13,Divorced,Exec-managerial,Not-in-family,White,Female,10520,0,40,United-States
22973,47,Private,HS-grad,9,Married-civ-spouse,Protective-serv,Husband,White,Male,0,0,40,United-States
19362,43,Private,Assoc-voc,11,Married-civ-spouse,Craft-repair,Husband,White,Male,0,0,50,United-States
2626,45,Self-emp-not-inc,10th,6,Married-civ-spouse,Craft-repair,Husband,White,Male,0,0,70,United-States
28357,41,Private,HS-grad,9,Married-civ-spouse,Craft-repair,Husband,White,Male,0,0,8,United-States
43245,49,Private,Some-college,10,Separated,Sales,Unmarried,White,Female,0,0,36,United-States
7254,48,Private,Bachelors,13,Married-civ-spouse,Adm-clerical,Husband,White,Male,0,0,45,?
29072,46,Private,Some-college,10,Married-civ-spouse,Sales,Husband,White,Male,0,0,50,United-States
32251,43,Private,Bachelors,13,Married-civ-spouse,Exec-managerial,Husband,White,Male,0,1977,50,United-States
20306,44,Federal-gov,Some-college,10,Married-civ-spouse,Exec-managerial,Husband,White,Male,0,0,55,United-States
34033,48,Private,HS-grad,9,Divorced,Exec-managerial,Not-in-family,White,Male,0,0,40,United-States
19899,45,Private,Some-college,10,Married-civ-spouse,Prof-specialty,Husband,White,Male,0,0,50,United-States
24398,42,Private,Bachelors,13,Married-civ-spouse,Exec-managerial,Husband,White,Male,0,1485,60,United-States
331,41,Private,Some-college,10,Never-married,Craft-repair,Not-in-family,Black,Male,0,0,45,United-States
33622,42,Private,Assoc-voc,11,Divorced,Prof-specialty,Unmarried,White,Male,0,0,40,United-States
32124,44,Federal-gov,Some-college,10,Never-married,Adm-clerical,Not-in-family,White,Male,13550,0,50,United-States
20364,47,Private,Some-college,10,Married-civ-spouse,Prof-specialty,Husband,White,Male,0,0,40,Scotland
24254,44,Private,Some-college,10,Married-civ-spouse,Sales,Husband,White,Male,0,0,48,United-States
34822,47,Local-gov,Masters,14,Married-civ-spouse,Exec-managerial,Husband,White,Male,0,0,37,United-States
28302,42,Self-emp-inc,Prof-school,15,Married-civ-spouse,Prof-specialty,Husband,White,Male,0,0,60,Cuba
22196,48,Private,Bachelors,13,Divorced,Handlers-cleaners,Not-in-family,White,Male,0,0,43,United-States
47239,47,Private,HS-grad,9,Never-married,Adm-clerical,Unmarried,White,Male,0,0,40,United-States
3842,49,Private,HS-grad,9,Separated,Machine-op-inspct,Unmarried,White,Female,0,0,40,United-States
42170,42,?,Assoc-voc,11,Married-civ-spouse,?,Wife,White,Female,0,0,20,Iran
26576,45,Private,Some-college,10,Married-civ-spouse,Craft-repair,Husband,White,Male,0,0,40,United-States
20227,48,Private,HS-grad,9,Married-civ-spouse,Transport-moving,Husband,White,Male,0,0,55,United-States
42936,41,Private,HS-grad,9,Married-civ-spouse,Craft-repair,Husband,White,Male,99999,0,60,United-States
47485,44,Private,Masters,14,Never-married,Prof-specialty,Not-in-family,Asian-Pac-Islander,Female,0,0,40,Philippines
13954,49,Private,12th,8,Divorced,Machine-op-inspct,Not-in-family,White,Female,0,0,40,United-States
22692,49,Private,HS-grad,9,Married-civ-spouse,Craft-repair,Husband,White,Male,7298,0,40,United-States
41860,48,Private,Doctorate,16,Married-civ-spouse,Prof-specialty,Husband,White,Male,0,0,60,United-States
14662,47,Local-gov,Masters,14,Married-civ-spouse,Prof-specialty,Husband,White,Male,0,0,60,United-States
9281,42,Self-emp-not-inc,Some-college,10,Married-civ-spouse,Craft-repair,Husband,White,Male,0,0,40,El-Salvador
6153,46,Local-gov,9th,5,Separated,Other-service,Unmarried,Black,Female,0,0,40,United-States
14292,40,Private,HS-grad,9,Widowed,Other-service,Unmarried,Black,Female,0,0,40,United-States
38075,40,Private,HS-grad,9,Married-civ-spouse,Craft-repair,Husband,White,Male,4064,0,40,United-States
11026,48,Private,Bachelors,13,Married-civ-spouse,Exec-managerial,Husband,White,Male,7298,0,60,United-States
16133,47,Private,Assoc-acdm,12,Divorced,Transport-moving,Not-in-family,Black,Male,0,0,40,United-States
45884,45,?,HS-grad,9,Divorced,?,Not-in-family,White,Female,0,0,40,United-States
16670,47,Private,HS-grad,9,Married-civ-spouse,Transport-moving,Husband,White,Male,0,1887,45,United-States
48251,41,Private,Bachelors,13,Married-civ-spouse,Prof-specialty,Wife,White,Female,15024,0,50,United-States
23506,42,Private,Bachelors,13,Married-civ-spouse,Exec-managerial,Husband,White,Male,15024,0,45,United-States
8526,50,Self-emp-not-inc,Assoc-voc,11,Married-civ-spouse,Sales,Husband,White,Male,0,0,60,United-States
34446,42,Private,Bachelors,13,Married-civ-spouse,Prof-specialty,Husband,White,Male,0,0,50,United-States
48038,47,Self-emp-inc,Prof-school,15,Married-civ-spouse,Prof-specialty,Husband,White,Male,0,2415,55,United-States
2233,45,Private,HS-grad,9,Never-married,Sales,Not-in-family,Black,Male,0,0,40,United-States
35021,43,Private,Some-college,10,Never-married,Adm-clerical,Not-in-family,White,Male,0,0,40,United-States
8809,47,Local-gov,Bachelors,13,Married-civ-spouse,Prof-specialty,Husband,White,Male,3137,0,40,United-States
37812,48,Local-gov,Doctorate,16,Married-civ-spouse,Prof-specialty,Husband,White,Male,15024,0,45,Canada
29524,50,Private,Doctorate,16,Married-civ-spouse,Prof-specialty,Husband,Black,Male,0,0,37,?
20689,43,Private,Some-college,10,Married-civ-spouse,Prof-specialty,Husband,White,Male,0,0,40,United-States
464,50,Private,1st-4th,2,Married-spouse-absent,Craft-repair,Unmarried,White,Male,0,0,40,United-States
43665,41,State-gov,HS-grad,9,Divorced,Protective-serv,Unmarried,White,Male,0,0,55,United-States
25889,40,Private,HS-grad,9,Married-civ-spouse,Exec-managerial,Husband,White,Male,0,0,40,United-States
23099,40,Private,10th,6,Married-civ-spouse,Craft-repair,Husband,White,Male,0,0,50,United-States
16327,50,Private,Bachelors,13,Married-civ-spouse,Exec-managerial,Husband,Asian-Pac-Islander,Male,0,0,40,Philippines
45303,45,Private,Masters,14,Divorced,Prof-specialty,Not-in-family,White,Female,0,2258,55,United-States
47005,44,Self-emp-not-inc,HS-grad,9,Married-civ-spouse,Exec-managerial,Husband,White,Male,0,0,40,United-States
21981,48,Private,Assoc-acdm,12,Divorced,Adm-clerical,Not-in-family,White,Female,0,0,40,United-States
46871,44,Private,Masters,14,Married-civ-spouse,Exec-managerial,Husband,Black,Male,5178,0,60,United-States
28205,41,Private,HS-grad,9,Married-civ-spouse,Exec-managerial,Husband,White,Male,0,0,40,United-States
13415,46,Private,Bachelors,13,Married-civ-spouse,Machine-op-inspct,Husband,White,Male,0,0,40,Germany
19582,43,State-gov,HS-grad,9,Divorced,Exec-managerial,Unmarried,White,Female,0,0,40,United-States
48745,45,Private,HS-grad,9,Married-civ-spouse,Adm-clerical,Own-child,White,Female,0,0,15,United-States
2513,47,Private,Bachelors,13,Married-civ-spouse,Adm-clerical,Husband,Asian-Pac-Islander,Male,0,0,40,?
28138,49,Private,HS-grad,9,Married-civ-spouse,Transport-moving,Husband,White,Male,0,0,40,United-States
3819,40,Private,Some-college,10,Married-civ-spouse,Craft-repair,Husband,White,Male,0,0,52,United-States
21229,41,Private,HS-grad,9,Separated,Other-service,Unmarried,White,Female,0,0,40,Mexico
24683,42,Private,HS-grad,9,Divorced,Craft-repair,Unmarried,White,Female,0,0,40,United-States
15312,41,Private,Some-college,10,Married-civ-spouse,Machine-op-inspct,Husband,Black,Male,0,1902,40,United-States
47233,41,State-gov,Some-college,10,Married-civ-spouse,Prof-specialty,Husband,White,Male,0,0,40,United-States
262,45,Private,HS-grad,9,Married-civ-spouse,Sales,Husband,White,Male,0,0,60,United-States
39571,47,Private,Bachelors,13,Married-civ-spouse,Prof-specialty,Husband,White,Male,0,0,40,United-States
46346,42,Private,Some-college,10,Married-civ-spouse,Craft-repair,Husband,Black,Male,0,0,50,United-States
46967,43,Self-emp-inc,Prof-school,15,Married-civ-spouse,Prof-specialty,Husband,Asian-Pac-Islander,Male,0,0,70,India
25976,42,Private,Assoc-acdm,12,Married-spouse-absent,Exec-managerial,Unmarried,Asian-Pac-Islander,Female,0,0,31,Laos
666,42,Private,Assoc-acdm,12,Divorced,Prof-specialty,Unmarried,White,Female,8614,0,40,United-States
21799,50,Private,5th-6th,3,Married-civ-spouse,Machine-op-inspct,Wife,Asian-Pac-Islander,Female,0,0,35,Philippines
33690,49,Private,HS-grad,9,Divorced,Other-service,Not-in-family,White,Female,0,0,24,United-States
35679,41,Private,5th-6th,3,Divorced,Machine-op-inspct,Not-in-family,White,Female,0,0,40,Mexico
48618,43,Self-emp-not-inc,11th,7,Married-civ-spouse,Other-service,Husband,White,Male,0,0,40,United-States
13793,46,Private,Some-college,10,Never-married,Craft-repair,Own-child,White,Male,0,0,40,United-States
26003,50,Federal-gov,Some-college,10,Married-civ-spouse,Adm-clerical,Husband,White,Male,0,0,40,United-States
19607,46,Private,7th-8th,4,Separated,Other-service,Not-in-family,White,Female,0,0,32,United-States
8055,42,Private,Assoc-acdm,12,Divorced,Prof-specialty,Not-in-family,White,Female,0,0,24,United-States
47719,47,Local-gov,Bachelors,13,Married-civ-spouse,Prof-specialty,Husband,White,Male,0,0,72,United-States
41649,48,Private,Some-college,10,Married-civ-spouse,Transport-moving,Husband,White,Male,0,0,45,United-States
24074,47,?,HS-grad,9,Married-civ-spouse,?,Husband,White,Male,0,0,40,United-States
26259,44,Self-emp-not-inc,Bachelors,13,Divorced,Exec-managerial,Not-in-family,White,Female,3325,0,40,United-States
24916,46,Private,Assoc-acdm,12,Married-civ-spouse,Craft-repair,Husband,White,Male,0,1485,55,United-States
29751,45,Local-gov,Bachelors,13,Divorced,Exec-managerial,Unmarried,Black,Female,0,0,60,United-States
37706,47,Private,11th,7,Married-civ-spouse,Farming-fishing,Husband,White,Male,0,0,40,United-States
8113,48,Private,7th-8th,4,Married-civ-spouse,Other-service,Husband,Asian-Pac-Islander,Male,0,0,30,China
20861,45,Private,Some-college,10,Married-civ-spouse,Machine-op-inspct,Husband,White,Male,0,0,40,United-States
38166,40,Private,Doctorate,16,Married-civ-spouse,Prof-specialty,Husband,White,Male,0,0,55,United-States
23452,41,Private,HS-grad,9,Divorced,Sales,Unmarried,White,Female,0,0,40,United-States
11515,42,Private,Bachelors,13,Married-civ-spouse,Exec-managerial,Husband,White,Male,0,0,40,United-States
10838,49,?,HS-grad,9,Separated,?,Unmarried,White,Female,0,0,40,Columbia
24391,49,State-gov,Some-college,10,Divorced,Adm-clerical,Unmarried,White,Female,0,0,50,United-States
12556,46,Private,Bachelors,13,Married-civ-spouse,Craft-repair,Husband,White,Male,0,0,44,United-States
403,50,State-gov,Bachelors,13,Married-civ-spouse,Protective-serv,Husband,White,Male,0,0,40,United-States
42206,46,Private,Bachelors,13,Divorced,Transport-moving,Not-in-family,White,Male,0,0,40,United-States
27587,46,Private,HS-grad,9,Married-civ-spouse,Machine-op-inspct,Husband,White,Male,0,0,40,United-States
34884,48,Private,Bachelors,13,Divorced,Tech-support,Own-child,White,Female,0,0,40,United-States
4315,48,Private,HS-grad,9,Divorced,Exec-managerial,Not-in-family,White,Female,0,0,40,United-States
19099,42,Private,HS-grad,9,Married-civ-spouse,Craft-repair,Husband,White,Male,0,0,40,United-States
11895,44,Private,Some-college,10,Never-married,Other-service,Not-in-family,White,Male,0,0,35,United-States
16875,48,Private,Some-college,10,Married-civ-spouse,Other-service,Husband,White,Male,0,0,40,United-States
21446,46,Private,HS-grad,9,Married-spouse-absent,Other-service,Not-in-family,White,Male,0,0,35,Mexico
15554,41,Private,Prof-school,15,Married-civ-spouse,Exec-managerial,Husband,White,Male,0,0,50,United-States
25415,49,Self-emp-not-inc,Bachelors,13,Married-civ-spouse,Sales,Husband,White,Male,15024,0,40,United-States
33422,46,State-gov,Assoc-voc,11,Separated,Adm-clerical,Unmarried,Black,Female,0,0,40,United-States
13130,49,Private,10th,6,Never-married,Other-service,Unmarried,White,Female,0,0,38,Peru
2197,49,Private,Some-college,10,Married-civ-spouse,Craft-repair,Husband,White,Male,0,0,40,United-States
18741,44,Self-emp-inc,HS-grad,9,Married-civ-spouse,Farming-fishing,Husband,White,Male,0,0,60,United-States
23762,47,Private,HS-grad,9,Married-civ-spouse,Farming-fishing,Husband,White,Male,0,0,40,United-States
14898,41,Private,Some-college,10,Married-civ-spouse,Craft-repair,Husband,White,Male,0,0,48,United-States
47613,42,Private,Some-college,10,Married-civ-spouse,Sales,Husband,White,Male,0,0,45,United-States
21503,45,Private,HS-grad,9,Widowed,Machine-op-inspct,Unmarried,Other,Male,0,0,40,Columbia
27995,42,Self-emp-not-inc,Masters,14,Married-civ-spouse,Exec-managerial,Husband,White,Male,0,0,50,United-States
48016,48,Federal-gov,Bachelors,13,Married-civ-spouse,Exec-managerial,Husband,White,Male,7688,0,40,United-States
11671,48,Private,Bachelors,13,Married-civ-spouse,Sales,Husband,White,Male,0,0,60,United-States
33108,48,Private,Bachelors,13,Married-civ-spouse,Prof-specialty,Husband,White,Male,0,0,40,United-States
29561,42,Federal-gov,Bachelors,13,Married-civ-spouse,Exec-managerial,Husband,White,Male,7298,0,50,United-States
2913,40,Private,HS-grad,9,Separated,Adm-clerical,Unmarried,White,Female,0,0,45,United-States
28995,42,Private,HS-grad,9,Divorced,Transport-moving,Not-in-family,White,Male,0,0,40,United-States
36030,40,Private,Bachelors,13,Never-married,Exec-managerial,Not-in-family,White,Female,0,0,40,Columbia
10176,50,Self-emp-not-inc,Doctorate,16,Divorced,Prof-specialty,Not-in-family,White,Female,0,0,60,United-States
41054,42,State-gov,Bachelors,13,Never-married,Prof-specialty,Unmarried,White,Male,0,1876,38,United-States
1375,43,Local-gov,Assoc-voc,11,Never-married,Adm-clerical,Not-in-family,White,Female,0,0,35,United-States
41163,42,Self-emp-inc,Bachelors,13,Divorced,Tech-support,Not-in-family,White,Female,0,1564,60,United-States
10504,43,Self-emp-not-inc,HS-grad,9,Divorced,Other-service,Unmarried,White,Male,0,0,45,United-States
6378,46,Private,11th,7,Married-civ-spouse,Transport-moving,Husband,Black,Male,0,0,40,United-States
46602,45,Local-gov,Masters,14,Married-civ-spouse,Prof-specialty,Wife,Black,Female,0,0,50,United-States
9551,40,Self-emp-not-inc,HS-grad,9,Married-civ-spouse,Craft-repair,Husband,Asian-Pac-Islander,Male,0,0,66,South
30135,43,Self-emp-not-inc,HS-grad,9,Never-married,Farming-fishing,Not-in-family,White,Male,0,0,60,United-States
26298,46,Private,Some-college,10,Married-civ-spouse,Adm-clerical,Husband,White,Male,0,0,40,United-States
5982,44,Local-gov,HS-grad,9,Divorced,Transport-moving,Own-child,White,Male,0,0,25,United-States
13887,50,Private,HS-grad,9,Married-civ-spouse,Machine-op-inspct,Husband,White,Male,0,0,40,United-States
34188,40,?,11th,7,Married-civ-spouse,?,Wife,White,Female,0,0,16,United-States
10497,49,Private,HS-grad,9,Married-civ-spouse,Exec-managerial,Husband,White,Male,7688,0,55,United-States
17740,42,Private,Some-college,10,Divorced,Craft-repair,Unmarried,White,Male,0,0,40,United-States
47673,41,Private,HS-grad,9,Never-married,Other-service,Own-child,White,Male,0,0,40,United-States
46655,50,Local-gov,Masters,14,Married-civ-spouse,Prof-specialty,Husband,White,Male,0,0,45,United-States
39108,40,Private,Masters,14,Married-civ-spouse,Prof-specialty,Husband,Black,Male,5178,0,40,United-States
3092,48,Private,Prof-school,15,Married-civ-spouse,Tech-support,Husband,White,Male,0,1977,40,United-States
15344,46,Private,Masters,14,Married-civ-spouse,Prof-specialty,Husband,White,Male,0,0,40,United-States
12799,46,Local-gov,Bachelors,13,Separated,Prof-specialty,Unmarried,White,Male,0,0,40,United-States
37972,49,Private,HS-grad,9,Never-married,Other-service,Own-child,White,Female,0,0,40,Canada
41890,47,Private,HS-grad,9,Divorced,Tech-support,Unmarried,Black,Female,0,0,55,United-States
17398,45,Private,Some-college,10,Married-civ-spouse,Craft-repair,Husband,White,Male,0,1848,40,United-States
33407,45,State-gov,Some-college,10,Divorced,Prof-specialty,Unmarried,Black,Female,0,0,40,United-States
2768,41,Private,Bachelors,13,Married-civ-spouse,Transport-moving,Husband,White,Male,0,0,48,Canada
34052,44,Self-emp-not-inc,Some-college,10,Married-civ-spouse,Craft-repair,Husband,White,Male,0,0,50,United-States
19794,42,Private,HS-grad,9,Married-civ-spouse,Craft-repair,Husband,Black,Male,7688,0,45,United-States
15975,41,Private,Bachelors,13,Divorced,Transport-moving,Own-child,Black,Male,6497,0,40,United-States
37391,42,Local-gov,Some-college,10,Married-civ-spouse,Adm-clerical,Wife,White,Female,0,0,40,United-States
14625,44,Private,Bachelors,13,Never-married,Prof-specialty,Own-child,White,Male,10520,0,40,United-States
39598,46,Private,Bachelors,13,Divorced,Sales,Unmarried,Asian-Pac-Islander,Female,0,0,40,China
14075,40,Private,HS-grad,9,Married-civ-spouse,Other-service,Husband,Asian-Pac-Islander,Male,0,0,30,China
21592,43,Private,HS-grad,9,Separated,Machine-op-inspct,Not-in-family,White,Female,0,0,40,United-States
10874,42,Local-gov,HS-grad,9,Divorced,Protective-serv,Unmarried,White,Female,0,0,50,United-States
7481,45,Private,10th,6,Married-civ-spouse,Sales,Husband,White,Male,0,0,40,United-States
22986,45,Private,Bachelors,13,Married-civ-spouse,Craft-repair,Husband,White,Male,15024,0,40,United-States
16175,42,Private,Bachelors,13,Married-civ-spouse,Prof-specialty,Husband,White,Male,99999,0,40,United-States
43473,46,Private,Some-college,10,Never-married,Exec-managerial,Not-in-family,White,Female,0,0,40,United-States
27605,46,Self-emp-inc,Some-college,10,Married-civ-spouse,Sales,Husband,White,Male,0,0,40,United-States
30734,42,Private,HS-grad,9,Divorced,Other-service,Not-in-family,White,Male,0,0,40,United-States
2275,48,Private,HS-grad,9,Married-civ-spouse,Craft-repair,Husband,White,Male,0,0,40,United-States
11241,45,Self-emp-not-inc,Assoc-voc,11,Married-civ-spouse,Farming-fishing,Husband,White,Male,0,0,50,United-States
23807,42,Self-emp-not-inc,Assoc-voc,11,Married-civ-spouse,Exec-managerial,Husband,White,Male,0,0,50,United-States
14933,40,Private,Bachelors,13,Married-civ-spouse,Exec-managerial,Husband,White,Male,0,0,65,United-States
24351,43,Private,Assoc-acdm,12,Never-married,Sales,Own-child,White,Male,0,0,40,United-States
15622,41,Private,HS-grad,9,Married-civ-spouse,Exec-managerial,Husband,White,Male,0,0,40,United-States
6359,45,Local-gov,HS-grad,9,Never-married,Adm-clerical,Not-in-family,Black,Female,0,0,40,United-States
42452,40,Self-emp-not-inc,Prof-school,15,Married-civ-spouse,Prof-specialty,Husband,White,Male,0,0,60,United-States
34357,41,Federal-gov,Some-college,10,Married-civ-spouse,Adm-clerical,Wife,Amer-Indian-Eskimo,Female,0,0,40,United-States
4982,41,Private,Bachelors,13,Never-married,Adm-clerical,Not-in-family,White,Male,0,0,40,United-States
37870,43,Private,Assoc-acdm,12,Divorced,Exec-managerial,Not-in-family,Black,Male,0,0,40,United-States
39461,46,Private,HS-grad,9,Married-civ-spouse,Craft-repair,Husband,White,Male,5013,0,40,United-States
37488,41,Self-emp-inc,Assoc-acdm,12,Married-civ-spouse,Prof-specialty,Husband,White,Male,15024,0,50,United-States
5366,49,Local-gov,5th-6th,3,Married-civ-spouse,Other-service,Husband,White,Male,0,0,40,United-States
40728,50,Private,Bachelors,13,Married-civ-spouse,Prof-specialty,Husband,White,Male,0,0,40,United-States
28073,46,Local-gov,Masters,14,Married-civ-spouse,Prof-specialty,Husband,White,Male,0,0,40,United-States
31478,47,Private,HS-grad,9,Married-civ-spouse,Other-service,Wife,White,Female,0,0,35,United-States
22258,50,Private,Prof-school,15,Married-civ-spouse,Prof-specialty,Husband,White,Male,0,0,50,United-States
31094,45,State-gov,Masters,14,Married-civ-spouse,Prof-specialty,Husband,White,Male,0,0,40,United-States
3727,50,Private,HS-grad,9,Married-civ-spouse,Adm-clerical,Wife,White,Female,0,0,40,United-States
21016,40,Private,HS-grad,9,Married-civ-spouse,Exec-managerial,Wife,White,Female,0,0,24,United-States
14011,45,Private,Bachelors,13,Divorced,Adm-clerical,Unmarried,White,Female,4687,0,35,United-States
6366,50,Local-gov,HS-grad,9,Married-civ-spouse,Adm-clerical,Husband,Black,Male,0,0,40,United-States
38817,40,Self-emp-not-inc,Some-college,10,Divorced,Exec-managerial,Unmarried,White,Male,0,0,30,United-States
4917,47,Private,Assoc-voc,11,Married-civ-spouse,Other-service,Husband,White,Male,0,0,40,United-States
6955,47,Local-gov,Masters,14,Married-civ-spouse,Prof-specialty,Husband,White,Male,0,0,35,United-States
25533,43,Private,HS-grad,9,Married-civ-spouse,Adm-clerical,Husband,Black,Male,0,0,40,United-States
22596,50,Private,Assoc-acdm,12,Divorced,Craft-repair,Not-in-family,Black,Male,0,0,45,United-States
5001,47,Self-emp-inc,Prof-school,15,Divorced,Prof-specialty,Not-in-family,White,Male,27828,0,50,United-States
31610,48,Private,Assoc-acdm,12,Married-civ-spouse,Exec-managerial,Husband,White,Male,0,0,40,United-States
40455,45,Self-emp-not-inc,Bachelors,13,Married-civ-spouse,Exec-managerial,Husband,White,Male,0,0,50,United-States
30473,40,Private,HS-grad,9,Married-civ-spouse,Craft-repair,Husband,White,Male,0,0,40,United-States
3393,44,Private,Bachelors,13,Married-civ-spouse,Prof-specialty,Husband,White,Male,0,0,45,United-States
5277,44,Private,Masters,14,Married-civ-spouse,Exec-managerial,Husband,White,Male,0,0,50,United-States
12384,45,Private,Masters,14,Married-civ-spouse,Exec-managerial,Husband,White,Male,7298,0,50,United-States
6467,46,Private,HS-grad,9,Married-civ-spouse,Craft-repair,Husband,White,Male,0,0,40,United-States
12527,46,State-gov,Some-college,10,Married-civ-spouse,Exec-managerial,Husband,White,Male,7688,0,38,United-States
18647,48,Private,5th-6th,3,Divorced,Machine-op-inspct,Unmarried,Other,Female,0,0,40,Dominican-Republic
46060,41,Private,9th,5,Married-civ-spouse,Machine-op-inspct,Husband,White,Male,0,0,40,Mexico
34479,41,Private,Bachelors,13,Divorced,Other-service,Unmarried,Asian-Pac-Islander,Female,0,0,40,Vietnam
5284,40,Private,Masters,14,Divorced,Prof-specialty,Not-in-family,White,Male,0,0,43,United-States
35855,47,Private,Doctorate,16,Never-married,Prof-specialty,Own-child,White,Female,0,0,23,United-States
13198,41,Private,Bachelors,13,Never-married,Prof-specialty,Not-in-family,White,Male,0,0,40,United-States
12667,44,Private,Bachelors,13,Married-civ-spouse,Prof-specialty,Husband,White,Male,0,0,40,United-States
13421,41,Private,HS-grad,9,Widowed,Sales,Not-in-family,White,Female,0,0,40,United-States
45475,41,Private,HS-grad,9,Married-civ-spouse,Craft-repair,Husband,White,Male,0,0,50,United-States
1129,41,Self-emp-not-inc,Some-college,10,Divorced,Other-service,Unmarried,White,Male,0,0,45,United-States
35258,45,State-gov,Bachelors,13,Never-married,Exec-managerial,Not-in-family,White,Male,0,0,40,?
40829,46,Federal-gov,Bachelors,13,Married-civ-spouse,Exec-managerial,Husband,Black,Male,0,0,40,United-States
2969,49,Self-emp-inc,Bachelors,13,Married-civ-spouse,Sales,Husband,White,Male,0,0,52,United-States
31477,45,Private,12th,8,Never-married,Other-service,Own-child,White,Male,0,0,10,Mexico
31507,48,Private,Bachelors,13,Separated,Adm-clerical,Unmarried,Asian-Pac-Islander,Female,0,0,40,Philippines
47985,42,Private,Bachelors,13,Married-civ-spouse,Sales,Husband,White,Male,0,1887,50,United-States
44618,46,State-gov,Some-college,10,Married-spouse-absent,Adm-clerical,Not-in-family,Asian-Pac-Islander,Male,0,0,50,Philippines
34050,46,Private,HS-grad,9,Divorced,Exec-managerial,Unmarried,White,Female,0,0,38,United-States
22303,42,Private,HS-grad,9,Never-married,Other-service,Other-relative,Black,Male,0,0,40,United-States
2514,47,?,HS-grad,9,Married-civ-spouse,?,Husband,White,Male,3942,0,40,?
20636,46,Private,Bachelors,13,Divorced,Prof-specialty,Not-in-family,White,Male,0,0,40,United-States
22678,40,Private,Bachelors,13,Married-spouse-absent,Transport-moving,Own-child,Other,Male,0,0,45,?
45380,40,Private,Masters,14,Married-civ-spouse,Other-service,Husband,Asian-Pac-Islander,Male,0,0,40,China
25400,40,Private,Bachelors,13,Married-civ-spouse,Exec-managerial,Husband,White,Male,0,1902,32,United-States
47514,42,Private,Assoc-voc,11,Married-civ-spouse,Prof-specialty,Husband,Asian-Pac-Islander,Male,0,0,40,Vietnam
23134,42,Private,Some-college,10,Married-civ-spouse,Craft-repair,Husband,White,Male,0,0,40,United-States
17180,44,Private,Masters,14,Married-civ-spouse,Exec-managerial,Husband,White,Male,5178,0,40,United-States
32160,46,Private,Bachelors,13,Never-married,Machine-op-inspct,Not-in-family,White,Female,0,1602,8,United-States
34747,43,Self-emp-not-inc,HS-grad,9,Married-civ-spouse,Craft-repair,Husband,White,Male,0,0,35,United-States
12867,50,Private,HS-grad,9,Married-civ-spouse,Other-service,Husband,White,Male,0,0,40,United-States
5966,42,Self-emp-not-inc,Bachelors,13,Married-civ-spouse,Exec-managerial,Husband,White,Male,0,1977,70,United-States
31894,49,Local-gov,Masters,14,Widowed,Prof-specialty,Unmarried,White,Female,0,323,20,United-States
29064,45,Self-emp-not-inc,HS-grad,9,Married-civ-spouse,Craft-repair,Husband,White,Male,0,0,60,United-States
43541,48,State-gov,Masters,14,Married-civ-spouse,Prof-specialty,Wife,White,Female,0,0,16,United-States
32551,43,Self-emp-not-inc,Some-college,10,Married-civ-spouse,Craft-repair,Husband,White,Male,0,0,50,United-States
11798,41,Private,HS-grad,9,Married-civ-spouse,Craft-repair,Husband,White,Male,0,1485,44,United-States
26601,40,Private,HS-grad,9,Married-civ-spouse,Transport-moving,Husband,White,Male,0,0,60,United-States
9253,41,Private,5th-6th,3,Married-civ-spouse,Other-service,Husband,Other,Male,0,1579,40,Nicaragua
44596,46,?,HS-grad,9,Separated,?,Own-child,White,Female,0,0,36,United-States
2175,42,Private,HS-grad,9,Married-civ-spouse,Sales,Husband,White,Male,0,0,48,United-States
41159,45,Private,Bachelors,13,Divorced,Sales,Not-in-family,White,Male,0,0,50,United-States
21169,43,Private,12th,8,Married-civ-spouse,Transport-moving,Husband,White,Male,0,0,40,United-States
36855,49,Private,Assoc-acdm,12,Widowed,Sales,Not-in-family,White,Female,0,0,40,Germany
8988,43,Private,HS-grad,9,Married-civ-spouse,Handlers-cleaners,Husband,White,Male,3908,0,40,United-States
40988,45,Private,Bachelors,13,Divorced,Sales,Not-in-family,White,Male,0,0,40,United-States
816,47,Self-emp-not-inc,HS-grad,9,Married-civ-spouse,Other-service,Wife,White,Female,0,0,75,Italy
2186,46,Private,HS-grad,9,Divorced,Craft-repair,Other-relative,White,Male,0,0,40,United-States
27759,44,Private,HS-grad,9,Married-civ-spouse,Exec-managerial,Husband,White,Male,0,0,60,United-States
40035,41,Private,HS-grad,9,Married-civ-spouse,Exec-managerial,Husband,White,Male,0,0,55,United-States
16954,44,Private,Assoc-acdm,12,Married-civ-spouse,Sales,Husband,White,Male,4386,0,40,United-States
28997,40,Federal-gov,HS-grad,9,Married-civ-spouse,Adm-clerical,Wife,White,Female,0,0,20,United-States
1201,45,Federal-gov,HS-grad,9,Married-civ-spouse,Adm-clerical,Husband,Black,Male,0,0,80,United-States
35812,40,Private,Assoc-acdm,12,Divorced,Adm-clerical,Own-child,White,Female,0,0,70,United-States
36111,47,Private,Bachelors,13,Married-civ-spouse,Prof-specialty,Wife,White,Female,0,0,40,United-States
32746,44,Private,HS-grad,9,Divorced,Sales,Unmarried,Black,Female,0,0,40,United-States
9895,50,Local-gov,Bachelors,13,Divorced,Protective-serv,Not-in-family,White,Male,0,0,40,United-States
17085,50,Private,7th-8th,4,Married-civ-spouse,Craft-repair,Husband,White,Male,3411,0,40,United-States
6205,49,Private,11th,7,Married-civ-spouse,Craft-repair,Husband,White,Male,0,0,40,United-States
32811,44,State-gov,HS-grad,9,Married-civ-spouse,Machine-op-inspct,Husband,White,Male,0,0,40,United-States
41902,44,Local-gov,HS-grad,9,Divorced,Adm-clerical,Unmarried,White,Female,0,0,35,United-States
30578,41,State-gov,Some-college,10,Divorced,Machine-op-inspct,Not-in-family,Black,Female,0,0,38,United-States
28147,40,Self-emp-not-inc,Assoc-voc,11,Married-civ-spouse,Farming-fishing,Husband,White,Male,0,0,60,United-States
38148,43,Private,Some-college,10,Never-married,Other-service,Not-in-family,White,Female,0,0,40,United-States
34138,44,Federal-gov,HS-grad,9,Married-civ-spouse,Craft-repair,Husband,White,Male,0,0,40,United-States
40735,45,Self-emp-inc,Bachelors,13,Married-civ-spouse,Sales,Husband,White,Male,7298,0,40,United-States
41530,49,Self-emp-not-inc,HS-grad,9,Married-civ-spouse,Sales,Wife,White,Female,0,0,60,United-States
13727,46,Private,Some-college,10,Widowed,Adm-clerical,Not-in-family,White,Female,0,0,60,United-States
31186,45,Private,Doctorate,16,Married-civ-spouse,Prof-specialty,Husband,Asian-Pac-Islander,Male,0,0,45,China
15167,47,Private,HS-grad,9,Married-civ-spouse,Other-service,Husband,White,Male,0,0,34,United-States
1476,47,Private,HS-grad,9,Married-civ-spouse,Adm-clerical,Husband,White,Male,0,0,38,United-States
28202,43,Private,HS-grad,9,Married-civ-spouse,Adm-clerical,Wife,White,Female,0,0,25,United-States
7959,50,Local-gov,Bachelors,13,Never-married,Prof-specialty,Own-child,White,Female,0,0,40,United-States
8375,46,Private,Some-college,10,Separated,Sales,Not-in-family,White,Male,0,0,55,United-States
11362,40,Private,HS-grad,9,Married-civ-spouse,Craft-repair,Husband,Black,Male,0,0,40,United-States
23894,43,Private,HS-grad,9,Divorced,Machine-op-inspct,Not-in-family,Black,Female,0,0,40,United-States
44718,43,Private,Some-college,10,Never-married,Craft-repair,Not-in-family,White,Male,0,0,40,United-States
10199,43,Private,HS-grad,9,Married-civ-spouse,Craft-repair,Husband,White,Male,0,0,40,United-States
6907,50,Private,HS-grad,9,Married-civ-spouse,Protective-serv,Husband,White,Male,0,0,40,United-States
7016,49,Private,9th,5,Married-civ-spouse,Handlers-cleaners,Husband,White,Male,0,0,45,United-States
11242,46,Private,HS-grad,9,Never-married,Craft-repair,Own-child,White,Male,0,0,40,United-States
7498,47,Self-emp-inc,Bachelors,13,Married-civ-spouse,Sales,Husband,White,Male,15024,0,60,United-States
33228,47,Private,HS-grad,9,Married-civ-spouse,Machine-op-inspct,Husband,White,Male,0,0,40,United-States
36769,43,Self-emp-not-inc,Assoc-acdm,12,Married-civ-spouse,Craft-repair,Husband,White,Male,0,0,20,United-States
21700,43,Private,Some-college,10,Separated,Prof-specialty,Unmarried,White,Female,0,0,40,United-States
19604,44,Private,HS-grad,9,Divorced,Other-service,Not-in-family,White,Male,0,0,37,United-States
14002,42,Private,Assoc-acdm,12,Married-civ-spouse,Adm-clerical,Husband,White,Male,7688,0,42,United-States
14147,50,Private,9th,5,Married-civ-spouse,Machine-op-inspct,Husband,White,Male,0,0,48,United-States
17157,49,Private,HS-grad,9,Married-civ-spouse,Craft-repair,Husband,White,Male,0,0,40,United-States
44731,47,Private,HS-grad,9,Divorced,Sales,Not-in-family,White,Male,0,0,40,United-States
12755,43,Private,HS-grad,9,Divorced,Transport-moving,Not-in-family,White,Male,0,0,45,United-States
43794,44,Private,HS-grad,9,Married-civ-spouse,Adm-clerical,Wife,White,Female,0,0,20,United-States
4889,43,Private,Bachelors,13,Married-civ-spouse,Exec-managerial,Husband,White,Male,0,0,40,United-States
31935,47,State-gov,Some-college,10,Married-civ-spouse,Other-service,Husband,White,Male,0,0,38,United-States
44400,47,Local-gov,Assoc-acdm,12,Separated,Adm-clerical,Unmarried,Black,Female,0,0,40,United-States
8036,48,Private,11th,7,Separated,Other-service,Not-in-family,Black,Female,0,0,35,United-States
47301,44,Private,HS-grad,9,Married-civ-spouse,Machine-op-inspct,Husband,White,Male,7298,0,40,United-States
14477,45,State-gov,Bachelors,13,Married-civ-spouse,Exec-managerial,Husband,White,Male,7298,0,40,United-States
8990,43,Private,Bachelors,13,Divorced,Sales,Unmarried,White,Male,0,0,44,United-States
14604,42,Self-emp-not-inc,Bachelors,13,Married-spouse-absent,Exec-managerial,Not-in-family,White,Male,0,0,45,Poland
4349,40,Private,Some-college,10,Divorced,Handlers-cleaners,Not-in-family,Amer-Indian-Eskimo,Female,0,0,84,United-States
6888,42,Private,Bachelors,13,Never-married,Sales,Own-child,White,Male,0,0,60,United-States
4930,44,Self-emp-not-inc,HS-grad,9,Divorced,Transport-moving,Unmarried,White,Male,0,0,60,United-States
20442,44,Private,Prof-school,15,Divorced,Prof-specialty,Not-in-family,White,Male,0,0,55,United-States
38850,45,Private,5th-6th,3,Married-spouse-absent,Other-service,Not-in-family,White,Male,0,0,40,Ecuador
6764,44,Private,Masters,14,Married-civ-spouse,Prof-specialty,Husband,White,Male,0,0,45,United-States
31315,44,Private,9th,5,Never-married,Other-service,Unmarried,Black,Female,0,0,40,United-States
9480,44,Local-gov,HS-grad,9,Divorced,Craft-repair,Unmarried,Black,Male,0,0,40,United-States
4596,42,Private,HS-grad,9,Married-civ-spouse,Sales,Husband,Black,Male,0,0,40,United-States
45183,42,Private,Bachelors,13,Married-civ-spouse,Prof-specialty,Husband,White,Male,0,0,45,United-States
40133,40,Private,9th,5,Divorced,Craft-repair,Unmarried,White,Male,5455,0,40,United-States
17144,42,Self-emp-not-inc,Assoc-voc,11,Married-civ-spouse,Prof-specialty,Husband,White,Male,0,0,40,United-States
31908,48,Private,Masters,14,Married-civ-spouse,Prof-specialty,Husband,White,Male,0,0,40,Cuba
25965,49,Private,Assoc-voc,11,Divorced,Tech-support,Unmarried,White,Female,0,0,40,United-States
33191,41,Private,HS-grad,9,Married-civ-spouse,Machine-op-inspct,Husband,White,Male,0,0,40,United-States
30599,41,Private,Assoc-voc,11,Never-married,Craft-repair,Not-in-family,White,Male,0,0,30,United-States
12770,44,Local-gov,Masters,14,Married-civ-spouse,Prof-specialty,Wife,White,Female,0,0,40,United-States
1718,41,Private,Masters,14,Married-civ-spouse,Prof-specialty,Husband,Asian-Pac-Islander,Male,0,0,45,China
43548,44,Private,HS-grad,9,Married-civ-spouse,Transport-moving,Husband,White,Male,0,0,40,United-States
48419,49,Private,HS-grad,9,Separated,Machine-op-inspct,Not-in-family,White,Female,0,0,40,United-States
32705,43,Self-emp-inc,HS-grad,9,Married-civ-spouse,Exec-managerial,Husband,White,Male,0,1887,45,United-States
33369,46,Private,Bachelors,13,Married-civ-spouse,Sales,Husband,White,Male,0,1902,40,United-States
11741,49,Private,HS-grad,9,Divorced,Other-service,Not-in-family,White,Female,0,0,20,United-States
39033,47,Private,Masters,14,Divorced,Exec-managerial,Not-in-family,White,Female,0,0,50,United-States
5017,44,Local-gov,Some-college,10,Divorced,Prof-specialty,Unmarried,White,Female,0,0,25,United-States
38120,41,Private,HS-grad,9,Never-married,Other-service,Unmarried,White,Female,0,0,40,Puerto-Rico
44557,43,Local-gov,Bachelors,13,Divorced,Prof-specialty,Unmarried,White,Female,0,0,50,United-States
18528,48,State-gov,Some-college,10,Married-civ-spouse,Protective-serv,Husband,White,Male,0,1902,40,United-States
30684,41,Private,Prof-school,15,Married-civ-spouse,Prof-specialty,Husband,White,Male,0,1977,50,United-States
20778,49,Private,HS-grad,9,Married-civ-spouse,Farming-fishing,Husband,White,Male,0,0,40,United-States
8328,43,State-gov,Prof-school,15,Married-civ-spouse,Prof-specialty,Husband,White,Male,0,1977,70,United-States
42788,43,Private,5th-6th,3,Married-spouse-absent,Priv-house-serv,Other-relative,White,Female,0,0,40,El-Salvador
44636,40,Self-emp-not-inc,9th,5,Divorced,Other-service,Not-in-family,Amer-Indian-Eskimo,Female,0,0,20,United-States
35055,47,Local-gov,Some-college,10,Divorced,Adm-clerical,Unmarried,White,Female,0,0,40,United-States
12348,43,Private,HS-grad,9,Married-civ-spouse,Sales,Husband,White,Male,0,0,40,United-States
1271,47,Private,Bachelors,13,Never-married,Exec-managerial,Unmarried,Black,Female,0,0,45,United-States
18152,41,State-gov,HS-grad,9,Never-married,Transport-moving,Not-in-family,White,Female,14344,0,40,United-States
30516,49,Private,Masters,14,Married-civ-spouse,Prof-specialty,Husband,White,Male,0,0,40,United-States
6976,47,Federal-gov,Some-college,10,Divorced,Adm-clerical,Not-in-family,White,Female,0,0,40,United-States
11352,49,Self-emp-inc,HS-grad,9,Married-civ-spouse,Craft-repair,Husband,White,Male,0,0,40,United-States
19592,41,Private,Bachelors,13,Never-married,Prof-specialty,Not-in-family,White,Female,0,1876,40,United-States
5035,50,Self-emp-not-inc,HS-grad,9,Married-civ-spouse,Farming-fishing,Husband,White,Male,0,0,50,United-States
12971,48,Self-emp-inc,Some-college,10,Married-civ-spouse,Exec-managerial,Husband,White,Male,0,0,40,United-States
40043,41,Self-emp-inc,Some-college,10,Married-civ-spouse,Sales,Wife,White,Female,0,0,30,United-States
48805,42,Private,Assoc-voc,11,Married-civ-spouse,Adm-clerical,Husband,White,Male,0,0,50,United-States
32179,43,Private,Masters,14,Never-married,Tech-support,Not-in-family,White,Female,0,0,40,United-States
47174,47,Private,12th,8,Divorced,Adm-clerical,Unmarried,White,Female,0,0,40,United-States
44776,44,Private,Some-college,10,Divorced,Machine-op-inspct,Not-in-family,White,Male,3325,0,40,United-States
24320,44,Private,Masters,14,Married-civ-spouse,Exec-managerial,Husband,White,Male,0,0,50,United-States
38749,49,Self-emp-not-inc,Some-college,10,Never-married,Other-service,Not-in-family,White,Male,0,0,20,United-States
6548,48,Private,Some-college,10,Widowed,Sales,Unmarried,White,Male,0,0,50,United-States
47749,40,Local-gov,HS-grad,9,Married-civ-spouse,Adm-clerical,Wife,Amer-Indian-Eskimo,Female,0,0,40,United-States
47105,43,Private,HS-grad,9,Married-civ-spouse,Tech-support,Husband,Asian-Pac-Islander,Male,0,0,40,Vietnam
7887,43,Private,Some-college,10,Married-civ-spouse,Transport-moving,Husband,White,Male,0,0,60,United-States
14470,45,Local-gov,Masters,14,Divorced,Prof-specialty,Own-child,White,Female,0,0,55,United-States
4695,46,Private,Some-college,10,Married-civ-spouse,Craft-repair,Husband,White,Male,15024,0,45,United-States
13114,46,Local-gov,Bachelors,13,Divorced,Prof-specialty,Unmarried,White,Female,0,0,43,United-States
39860,45,Private,HS-grad,9,Married-civ-spouse,Craft-repair,Husband,White,Male,0,0,56,United-States
18385,40,?,9th,5,Divorced,?,Unmarried,White,Female,0,0,5,Cuba
4138,45,Private,Some-college,10,Married-civ-spouse,Craft-repair,Husband,White,Male,0,1887,40,United-States
16685,40,Private,Assoc-voc,11,Married-civ-spouse,Prof-specialty,Husband,White,Male,0,0,40,United-States
47932,46,Private,Bachelors,13,Married-civ-spouse,Sales,Wife,White,Female,0,0,16,United-States
30598,42,Local-gov,Masters,14,Never-married,Prof-specialty,Unmarried,White,Female,0,0,40,United-States
20263,44,Private,Assoc-voc,11,Separated,Craft-repair,Other-relative,White,Male,0,0,48,United-States
8013,48,Private,HS-grad,9,Divorced,Other-service,Not-in-family,White,Female,0,0,35,United-States
48146,40,Private,HS-grad,9,Married-civ-spouse,Craft-repair,Husband,White,Male,0,1887,45,United-States
40159,42,Private,Some-college,10,Married-civ-spouse,Prof-specialty,Wife,White,Female,0,0,25,?
13598,40,Private,Bachelors,13,Married-civ-spouse,Farming-fishing,Husband,White,Male,0,0,40,United-States
3161,43,Local-gov,Masters,14,Divorced,Prof-specialty,Unmarried,White,Male,0,0,40,United-States
2529,47,Self-emp-not-inc,Bachelors,13,Married-civ-spouse,Exec-managerial,Husband,White,Male,0,0,30,United-States
5732,47,Self-emp-not-inc,Bachelors,13,Married-civ-spouse,Exec-managerial,Own-child,White,Male,0,0,60,United-States
28117,44,Private,HS-grad,9,Married-civ-spouse,Sales,Husband,White,Male,0,1902,40,United-States
45322,48,Self-emp-not-inc,Prof-school,15,Married-civ-spouse,Sales,Husband,White,Male,0,0,20,United-States
23969,42,Private,Masters,14,Married-civ-spouse,Prof-specialty,Wife,White,Female,0,0,45,United-States
41234,43,Private,HS-grad,9,Widowed,Transport-moving,Unmarried,Black,Male,0,0,40,United-States
21696,42,Private,HS-grad,9,Married-civ-spouse,Sales,Husband,White,Male,4064,0,40,United-States
34481,46,Private,10th,6,Divorced,Transport-moving,Not-in-family,White,Male,0,0,50,United-States
35672,41,Federal-gov,Masters,14,Married-civ-spouse,Craft-repair,Husband,White,Male,0,0,60,India
8365,43,?,HS-grad,9,Divorced,?,Unmarried,White,Female,0,0,40,United-States
17601,43,Private,HS-grad,9,Never-married,Exec-managerial,Not-in-family,White,Female,0,0,50,United-States
31018,48,Federal-gov,HS-grad,9,Divorced,Handlers-cleaners,Not-in-family,White,Male,0,0,40,United-States
3173,41,State-gov,Some-college,10,Never-married,Prof-specialty,Not-in-family,White,Male,0,0,40,United-States
17618,44,Private,HS-grad,9,Divorced,Other-service,Unmarried,White,Female,0,0,40,United-States
25786,43,Private,Bachelors,13,Married-civ-spouse,Exec-managerial,Husband,White,Male,15024,0,50,United-States
48640,42,Federal-gov,Some-college,10,Married-civ-spouse,Adm-clerical,Husband,White,Male,0,0,40,United-States
23012,47,Self-emp-inc,Prof-school,15,Never-married,Other-service,Not-in-family,White,Male,0,0,60,United-States
39861,42,Private,Assoc-voc,11,Married-civ-spouse,Machine-op-inspct,Husband,Black,Male,0,0,40,United-States
20960,43,Private,HS-grad,9,Separated,Transport-moving,Unmarried,White,Female,0,0,44,United-States
38816,42,Private,Some-college,10,Separated,Prof-specialty,Unmarried,White,Female,1506,0,40,United-States
28834,41,Private,Some-college,10,Married-civ-spouse,Transport-moving,Husband,White,Male,0,1848,65,United-States
43420,50,Local-gov,Masters,14,Married-civ-spouse,Exec-managerial,Husband,White,Male,0,0,55,United-States
20047,44,Private,Masters,14,Married-civ-spouse,Exec-managerial,Husband,White,Male,0,0,40,United-States
29348,46,Private,HS-grad,9,Married-civ-spouse,Other-service,Husband,Black,Male,0,0,40,United-States
30610,42,Private,Bachelors,13,Married-civ-spouse,Sales,Husband,Black,Male,0,0,40,United-States
20330,43,Local-gov,Bachelors,13,Married-civ-spouse,Prof-specialty,Husband,White,Male,0,0,40,United-States
6942,46,Federal-gov,Masters,14,Married-civ-spouse,Exec-managerial,Husband,White,Male,0,0,40,England
4412,43,Private,Masters,14,Married-civ-spouse,Prof-specialty,Husband,White,Male,0,0,50,United-States
783,40,Private,Assoc-voc,11,Married-civ-spouse,Exec-managerial,Husband,White,Male,0,0,50,United-States
42804,40,State-gov,Assoc-acdm,12,Divorced,Adm-clerical,Unmarried,White,Female,0,0,40,United-States
11486,43,Private,Prof-school,15,Married-spouse-absent,Prof-specialty,Not-in-family,White,Male,99999,0,40,United-States
10300,48,Private,HS-grad,9,Never-married,Adm-clerical,Not-in-family,White,Female,2463,0,40,United-States
35906,43,Private,Masters,14,Married-civ-spouse,Prof-specialty,Husband,White,Male,0,1902,40,United-States
15560,47,Self-emp-not-inc,5th-6th,3,Married-civ-spouse,Transport-moving,Husband,White,Male,0,0,20,United-States
24434,40,Federal-gov,Some-college,10,Never-married,Adm-clerical,Own-child,White,Female,0,0,40,United-States
7833,43,Private,Some-college,10,Married-civ-spouse,Sales,Husband,White,Male,0,0,43,United-States
46872,41,Private,Some-college,10,Divorced,Tech-support,Unmarried,White,Female,0,0,30,United-States
41608,46,Private,Masters,14,Never-married,Exec-managerial,Not-in-family,White,Male,4787,0,60,United-States
42241,46,Private,HS-grad,9,Married-spouse-absent,Machine-op-inspct,Not-in-family,White,Male,0,2258,50,United-States
19792,47,Local-gov,Some-college,10,Divorced,Exec-managerial,Not-in-family,White,Male,0,0,56,United-States
37192,43,Federal-gov,Bachelors,13,Married-civ-spouse,Prof-specialty,Husband,White,Male,0,0,40,United-States
6926,45,Private,Prof-school,15,Never-married,Prof-specialty,Not-in-family,White,Male,0,0,40,United-States
363,43,Private,Bachelors,13,Married-civ-spouse,Transport-moving,Husband,White,Male,0,0,45,United-States
937,47,Private,Masters,14,Never-married,Prof-specialty,Not-in-family,White,Female,0,0,25,United-States
28471,43,Private,Bachelors,13,Married-civ-spouse,Exec-managerial,Husband,White,Male,0,0,45,United-States
22198,44,Self-emp-not-inc,Bachelors,13,Married-civ-spouse,Exec-managerial,Husband,Asian-Pac-Islander,Male,0,0,48,South
25023,43,Private,Bachelors,13,Never-married,Sales,Not-in-family,White,Male,0,0,60,United-States
308,46,Private,Assoc-acdm,12,Never-married,Prof-specialty,Not-in-family,White,Female,0,0,33,United-States
20533,41,Private,11th,7,Married-civ-spouse,Protective-serv,Husband,White,Male,0,0,55,United-States
34933,41,Private,HS-grad,9,Married-civ-spouse,Machine-op-inspct,Husband,White,Male,0,0,40,United-States
21511,49,Self-emp-inc,Some-college,10,Married-civ-spouse,Exec-managerial,Husband,White,Male,15024,0,50,United-States
35686,42,Private,HS-grad,9,Married-civ-spouse,Sales,Husband,White,Male,0,0,55,United-States
11326,50,Self-emp-not-inc,HS-grad,9,Married-civ-spouse,Exec-managerial,Husband,White,Male,0,1887,40,United-States
39690,47,Private,Some-college,10,Divorced,Exec-managerial,Not-in-family,White,Female,0,0,40,United-States
28560,45,Private,Assoc-voc,11,Divorced,Exec-managerial,Not-in-family,White,Female,0,0,44,United-States
10262,50,State-gov,Masters,14,Divorced,Prof-specialty,Unmarried,White,Female,0,0,40,United-States
11487,42,Private,HS-grad,9,Married-civ-spouse,Handlers-cleaners,Husband,Black,Male,0,0,40,United-States
30529,44,Private,HS-grad,9,Married-civ-spouse,Craft-repair,Husband,Black,Male,0,1485,40,Haiti
40595,45,Local-gov,Some-college,10,Married-civ-spouse,Other-service,Wife,Black,Female,0,0,25,United-States
20233,40,Private,Bachelors,13,Divorced,Adm-clerical,Not-in-family,Black,Female,0,0,40,United-States
12466,49,Private,HS-grad,9,Divorced,Exec-managerial,Unmarried,White,Male,0,0,50,United-States
42424,41,Private,HS-grad,9,Married-civ-spouse,Transport-moving,Husband,White,Male,0,0,43,United-States
32508,50,Private,Bachelors,13,Married-civ-spouse,Prof-specialty,Husband,White,Male,0,0,40,United-States
21819,50,Local-gov,Masters,14,Divorced,Prof-specialty,Not-in-family,Black,Female,2202,0,30,?
23635,41,Federal-gov,Assoc-voc,11,Divorced,Adm-clerical,Own-child,Black,Female,0,0,40,United-States
9866,44,Private,Some-college,10,Married-civ-spouse,Sales,Husband,Asian-Pac-Islander,Male,0,1902,40,United-States
30436,47,Private,HS-grad,9,Separated,Exec-managerial,Unmarried,White,Female,0,0,37,United-States
17512,50,Private,HS-grad,9,Divorced,Craft-repair,Unmarried,White,Female,0,0,40,United-States
48606,40,State-gov,HS-grad,9,Married-civ-spouse,Protective-serv,Husband,Amer-Indian-Eskimo,Male,0,0,84,United-States
23215,49,Self-emp-not-inc,HS-grad,9,Married-civ-spouse,Craft-repair,Husband,White,Male,5013,0,50,United-States
23530,41,Self-emp-inc,Some-college,10,Married-civ-spouse,Farming-fishing,Husband,White,Male,0,0,65,United-States
27252,49,Private,Bachelors,13,Widowed,Prof-specialty,Unmarried,White,Female,1506,0,35,United-States
44813,46,Federal-gov,Assoc-acdm,12,Married-civ-spouse,Prof-specialty,Husband,White,Male,0,0,40,Germany
39112,44,Private,HS-grad,9,Married-civ-spouse,Farming-fishing,Husband,White,Male,0,0,40,United-States
21987,42,Private,Bachelors,13,Married-civ-spouse,Tech-support,Husband,White,Male,0,0,45,United-States
34983,40,Private,Bachelors,13,Never-married,Exec-managerial,Not-in-family,White,Female,0,0,50,United-States
28439,47,Federal-gov,Assoc-voc,11,Married-civ-spouse,Adm-clerical,Wife,White,Female,0,0,35,United-States
23803,41,Private,Some-college,10,Separated,Prof-specialty,Own-child,White,Female,0,3900,40,United-States
9313,50,Private,HS-grad,9,Divorced,Craft-repair,Not-in-family,White,Male,0,0,40,United-States
22541,43,Private,HS-grad,9,Married-civ-spouse,Machine-op-inspct,Husband,White,Male,0,0,35,?
11851,42,State-gov,Bachelors,13,Married-civ-spouse,Prof-specialty,Husband,White,Male,0,0,40,United-States
44734,46,Private,Assoc-voc,11,Married-civ-spouse,Sales,Husband,White,Male,0,0,40,United-States
16334,50,Private,Masters,14,Married-civ-spouse,Prof-specialty,Wife,White,Female,0,0,40,United-States
46540,40,Private,HS-grad,9,Married-civ-spouse,Craft-repair,Husband,White,Male,0,0,40,United-States
25661,43,Self-emp-inc,Bachelors,13,Married-civ-spouse,Sales,Husband,White,Male,15024,0,60,United-States
30675,49,Private,HS-grad,9,Married-civ-spouse,Sales,Husband,White,Male,0,0,40,United-States
26129,44,Federal-gov,Assoc-acdm,12,Married-civ-spouse,Adm-clerical,Husband,White,Male,0,0,40,United-States
6206,40,Private,Masters,14,Married-civ-spouse,Exec-managerial,Husband,White,Male,0,0,40,United-States
18286,50,Private,HS-grad,9,Married-civ-spouse,Sales,Husband,White,Male,0,0,65,United-States
4638,40,Self-emp-not-inc,Some-college,10,Married-civ-spouse,Craft-repair,Husband,White,Male,0,0,60,United-States
30177,43,Self-emp-not-inc,Assoc-voc,11,Divorced,Exec-managerial,Not-in-family,White,Male,0,0,25,United-States
21735,49,State-gov,Some-college,10,Divorced,Prof-specialty,Not-in-family,White,Female,0,0,20,United-States
37992,47,Private,Bachelors,13,Married-civ-spouse,Exec-managerial,Husband,White,Male,0,0,45,England
10699,40,Private,HS-grad,9,Divorced,Other-service,Not-in-family,Black,Male,0,0,40,United-States
7931,43,Private,HS-grad,9,Married-civ-spouse,Exec-managerial,Husband,White,Male,0,0,44,United-States
19763,41,Private,HS-grad,9,Separated,Other-service,Unmarried,Black,Female,0,0,20,United-States
45235,44,Local-gov,Some-college,10,Married-civ-spouse,Craft-repair,Husband,White,Male,0,0,40,United-States
34535,43,Self-emp-inc,Some-college,10,Married-civ-spouse,Exec-managerial,Husband,White,Male,0,0,60,United-States
20372,50,Private,HS-grad,9,Married-civ-spouse,Craft-repair,Husband,White,Male,0,0,40,United-States
24990,40,Private,Assoc-acdm,12,Married-civ-spouse,Exec-managerial,Husband,White,Male,0,1848,55,United-States
3911,48,Private,HS-grad,9,Divorced,Sales,Unmarried,White,Female,0,0,30,United-States
48086,46,?,Masters,14,Married-civ-spouse,?,Husband,White,Male,0,1977,20,United-States
32364,41,Self-emp-not-inc,Some-college,10,Married-civ-spouse,Sales,Husband,White,Male,0,0,40,United-States
13758,48,Private,Some-college,10,Never-married,Handlers-cleaners,Not-in-family,White,Male,0,0,40,United-States
28405,41,Private,HS-grad,9,Never-married,Machine-op-inspct,Unmarried,Black,Male,0,0,40,United-States
5122,50,Private,HS-grad,9,Married-civ-spouse,Craft-repair,Husband,White,Male,3103,0,40,United-States
47186,48,Self-emp-not-inc,Doctorate,16,Married-civ-spouse,Prof-specialty,Husband,White,Male,99999,0,60,United-States
8391,45,Local-gov,Masters,14,Divorced,Prof-specialty,Not-in-family,Black,Male,0,0,40,United-States
31515,46,State-gov,Assoc-voc,11,Divorced,Tech-support,Not-in-family,White,Female,3325,0,42,United-States
11840,42,Private,Some-college,10,Married-civ-spouse,Prof-specialty,Husband,White,Male,0,0,40,United-States
34915,42,Private,Assoc-voc,11,Married-civ-spouse,Exec-managerial,Husband,White,Male,0,0,40,United-States
37965,46,Private,HS-grad,9,Married-civ-spouse,Craft-repair,Husband,White,Male,0,0,40,United-States
32736,48,Local-gov,Masters,14,Separated,Adm-clerical,Unmarried,Black,Female,0,0,40,United-States
29797,44,Private,5th-6th,3,Married-civ-spouse,Machine-op-inspct,Husband,White,Male,0,0,40,Mexico
43690,49,Private,Masters,14,Married-civ-spouse,Prof-specialty,Husband,White,Male,0,0,60,United-States
3537,49,State-gov,Doctorate,16,Married-civ-spouse,Exec-managerial,Husband,White,Male,0,0,50,United-States
16065,44,Private,Bachelors,13,Never-married,Exec-managerial,Not-in-family,White,Female,0,0,5,United-States
11958,49,Private,Some-college,10,Married-civ-spouse,Adm-clerical,Wife,White,Female,0,0,40,United-States
48243,47,Self-emp-not-inc,Masters,14,Married-civ-spouse,Exec-managerial,Wife,White,Female,15024,0,40,United-States
18930,43,Local-gov,Bachelors,13,Separated,Prof-specialty,Unmarried,White,Female,0,0,40,United-States
35711,40,Private,Some-college,10,Separated,Other-service,Unmarried,White,Female,0,0,40,United-States
33332,45,Private,7th-8th,4,Widowed,Other-service,Unmarried,White,Female,0,0,21,United-States
10320,43,Private,HS-grad,9,Married-civ-spouse,Adm-clerical,Wife,White,Female,0,0,40,United-States
11589,45,Private,Some-college,10,Divorced,Adm-clerical,Unmarried,Black,Female,0,0,32,United-States
13597,48,Private,HS-grad,9,Divorced,Adm-clerical,Unmarried,White,Female,0,0,45,United-States
20048,48,Local-gov,Masters,14,Married-civ-spouse,Prof-specialty,Wife,White,Female,0,0,40,United-States
11374,44,Private,Bachelors,13,Married-civ-spouse,Exec-managerial,Husband,White,Male,7298,0,48,United-States
923,42,Private,5th-6th,3,Married-civ-spouse,Machine-op-inspct,Wife,White,Female,0,0,38,Mexico
43112,47,Private,10th,6,Divorced,Tech-support,Unmarried,Black,Female,0,0,38,United-States
47160,42,Local-gov,HS-grad,9,Married-civ-spouse,Protective-serv,Husband,White,Male,0,0,40,United-States
16644,44,Private,Assoc-voc,11,Married-civ-spouse,Craft-repair,Husband,White,Male,0,0,40,United-States
16459,49,Federal-gov,HS-grad,9,Widowed,Exec-managerial,Not-in-family,White,Female,0,0,20,United-States
287,41,Private,Prof-school,15,Married-civ-spouse,Prof-specialty,Husband,White,Male,0,0,60,United-States
33140,41,Private,Masters,14,Married-civ-spouse,Exec-managerial,Husband,White,Male,0,0,45,United-States
40403,47,Self-emp-not-inc,Bachelors,13,Divorced,Other-service,Not-in-family,White,Female,0,0,40,United-States
7060,45,Private,HS-grad,9,Widowed,Other-service,Other-relative,Asian-Pac-Islander,Female,0,0,50,South
7666,45,Private,Assoc-voc,11,Divorced,Adm-clerical,Unmarried,Black,Female,0,0,40,United-States
38593,46,Private,Some-college,10,Married-civ-spouse,Sales,Husband,White,Male,0,0,8,United-States
29868,47,Private,Masters,14,Married-civ-spouse,Prof-specialty,Wife,White,Female,0,0,2,United-States
1928,45,Private,HS-grad,9,Married-civ-spouse,Handlers-cleaners,Husband,White,Male,0,1628,45,United-States
30165,42,Private,Assoc-voc,11,Divorced,Prof-specialty,Not-in-family,White,Female,0,0,40,United-States
14987,40,Self-emp-not-inc,HS-grad,9,Married-civ-spouse,Farming-fishing,Husband,White,Male,0,0,84,United-States
17939,41,Private,Some-college,10,Married-civ-spouse,Adm-clerical,Wife,White,Female,0,0,40,United-States
37651,40,Self-emp-inc,Bachelors,13,Married-civ-spouse,Prof-specialty,Husband,White,Male,3103,0,60,United-States
39594,49,Private,Some-college,10,Divorced,Adm-clerical,Not-in-family,White,Female,3674,0,40,United-States
19468,45,Self-emp-inc,Bachelors,13,Married-civ-spouse,Exec-managerial,Husband,White,Male,0,0,51,United-States
46230,43,Local-gov,HS-grad,9,Divorced,Transport-moving,Not-in-family,White,Male,0,0,40,United-States
19770,49,Private,7th-8th,4,Divorced,Other-service,Unmarried,White,Female,0,0,35,United-States
37719,49,Private,HS-grad,9,Married-civ-spouse,Exec-managerial,Husband,White,Male,0,0,48,United-States
23413,41,Private,HS-grad,9,Divorced,Craft-repair,Unmarried,White,Female,0,0,60,United-States
43958,46,Private,Bachelors,13,Married-civ-spouse,Adm-clerical,Husband,White,Male,0,0,40,Cuba
44458,45,Private,7th-8th,4,Married-civ-spouse,Machine-op-inspct,Husband,Amer-Indian-Eskimo,Male,0,0,40,United-States
4072,41,Local-gov,Some-college,10,Divorced,Adm-clerical,Unmarried,White,Female,0,0,40,United-States
45690,48,Local-gov,Bachelors,13,Separated,Prof-specialty,Unmarried,White,Female,7443,0,45,United-States
40413,47,Self-emp-not-inc,HS-grad,9,Divorced,Other-service,Not-in-family,White,Female,0,0,48,Italy
38632,40,Self-emp-not-inc,Assoc-acdm,12,Married-civ-spouse,Adm-clerical,Wife,White,Female,0,0,40,United-States
9697,45,Private,HS-grad,9,Separated,Machine-op-inspct,Unmarried,Black,Female,0,0,40,United-States
39346,41,Private,10th,6,Divorced,Handlers-cleaners,Unmarried,White,Female,0,0,40,United-States
41555,43,Private,HS-grad,9,Divorced,Machine-op-inspct,Not-in-family,White,Female,0,0,40,United-States
13955,41,Self-emp-not-inc,Assoc-voc,11,Married-civ-spouse,Prof-specialty,Wife,White,Female,0,0,15,United-States
2165,47,?,HS-grad,9,Married-civ-spouse,?,Wife,White,Female,0,0,8,United-States
7206,40,Private,Some-college,10,Married-civ-spouse,Craft-repair,Husband,White,Male,0,0,50,United-States
25907,46,Private,HS-grad,9,Married-civ-spouse,Tech-support,Husband,Black,Male,0,0,40,United-States
27780,50,Private,HS-grad,9,Married-civ-spouse,Craft-repair,Husband,White,Male,0,0,40,United-States
31378,40,Private,Prof-school,15,Married-civ-spouse,Adm-clerical,Other-relative,Asian-Pac-Islander,Female,0,0,40,Philippines
786,42,Private,Some-college,10,Divorced,Adm-clerical,Not-in-family,Black,Female,0,0,38,United-States
46888,43,Private,Bachelors,13,Divorced,Prof-specialty,Unmarried,White,Male,0,0,40,United-States
1916,42,Local-gov,Masters,14,Married-civ-spouse,Exec-managerial,Husband,White,Male,0,1902,60,United-States
6908,48,Local-gov,Bachelors,13,Married-civ-spouse,Prof-specialty,Husband,White,Male,0,0,45,United-States
661,44,Self-emp-not-inc,12th,8,Married-civ-spouse,Handlers-cleaners,Husband,Black,Male,0,0,40,United-States
27305,49,Private,Some-college,10,Married-civ-spouse,Prof-specialty,Husband,White,Male,0,0,22,United-States
45499,46,Federal-gov,Masters,14,Married-civ-spouse,Exec-managerial,Other-relative,White,Male,15024,0,40,United-States
32308,42,Self-emp-inc,Bachelors,13,Married-civ-spouse,Exec-managerial,Husband,White,Male,0,1977,60,?
40246,46,Private,HS-grad,9,Divorced,Protective-serv,Not-in-family,White,Male,0,0,40,Cuba
622,45,Private,11th,7,Widowed,Other-service,Not-in-family,Black,Female,0,0,20,United-States
26093,41,Local-gov,HS-grad,9,Married-civ-spouse,Protective-serv,Husband,White,Male,0,0,40,United-States
22386,47,Private,Bachelors,13,Married-civ-spouse,Exec-managerial,Husband,White,Male,99999,0,55,United-States
24083,49,Private,HS-grad,9,Married-civ-spouse,Other-service,Husband,White,Male,0,0,40,United-States
3242,41,Private,Some-college,10,Separated,Other-service,Not-in-family,Black,Male,0,0,40,United-States
33317,44,Self-emp-inc,HS-grad,9,Married-civ-spouse,Craft-repair,Husband,White,Male,0,0,45,United-States
24286,41,Private,Some-college,10,Married-civ-spouse,Exec-managerial,Husband,White,Male,99999,0,50,United-States
37368,46,Self-emp-not-inc,9th,5,Married-civ-spouse,Sales,Husband,White,Male,0,0,40,United-States
23490,48,Private,10th,6,Married-civ-spouse,Transport-moving,Husband,White,Male,0,0,40,United-States
7186,41,Local-gov,Masters,14,Divorced,Prof-specialty,Unmarried,White,Female,0,0,55,United-States
31517,42,Local-gov,Some-college,10,Married-civ-spouse,Protective-serv,Husband,White,Male,0,0,40,United-States
8265,49,Private,Some-college,10,Married-civ-spouse,Machine-op-inspct,Husband,Black,Male,0,0,60,United-States
42733,49,Private,Some-college,10,Married-civ-spouse,Sales,Husband,White,Male,0,0,40,United-States
29755,48,Private,Some-college,10,Divorced,Adm-clerical,Not-in-family,White,Female,0,0,50,United-States
7580,41,?,Bachelors,13,Married-civ-spouse,?,Wife,White,Female,0,0,30,United-States
46991,47,Private,HS-grad,9,Divorced,Other-service,Own-child,Black,Female,0,0,40,United-States
25031,43,Private,Some-college,10,Married-civ-spouse,Sales,Husband,Amer-Indian-Eskimo,Male,0,0,40,United-States
3257,44,Private,Bachelors,13,Married-civ-spouse,Prof-specialty,Husband,White,Male,0,0,50,?
12215,50,?,7th-8th,4,Separated,?,Own-child,White,Female,0,0,20,United-States
39243,44,Self-emp-not-inc,HS-grad,9,Married-civ-spouse,Sales,Husband,White,Male,0,0,60,United-States
39989,50,Private,Masters,14,Married-civ-spouse,Exec-managerial,Husband,White,Male,0,0,50,United-States
47823,44,Private,HS-grad,9,Married-civ-spouse,Prof-specialty,Husband,White,Male,0,0,40,United-States
24186,47,Private,Bachelors,13,Widowed,Craft-repair,Unmarried,Black,Female,6497,0,40,United-States
22181,44,Local-gov,Bachelors,13,Married-civ-spouse,Prof-specialty,Husband,White,Male,0,0,50,United-States
36732,44,Private,7th-8th,4,Married-civ-spouse,Transport-moving,Husband,White,Male,0,0,20,United-States
6353,44,Federal-gov,Assoc-acdm,12,Married-civ-spouse,Craft-repair,Husband,White,Male,0,0,40,United-States
26303,42,Private,9th,5,Married-civ-spouse,Transport-moving,Husband,White,Male,0,0,40,United-States
26271,41,Private,Masters,14,Widowed,Prof-specialty,Not-in-family,White,Female,4650,0,55,United-States
4207,48,Private,HS-grad,9,Widowed,Machine-op-inspct,Not-in-family,White,Female,0,0,10,United-States
20354,41,Private,HS-grad,9,Married-civ-spouse,Craft-repair,Husband,White,Male,0,0,40,United-States
41669,40,Private,Some-college,10,Never-married,Exec-managerial,Not-in-family,White,Female,0,1340,40,United-States
41783,40,Private,Some-college,10,Divorced,Other-service,Unmarried,White,Female,0,0,30,United-States
4641,44,Self-emp-not-inc,Some-college,10,Never-married,Craft-repair,Own-child,White,Male,0,0,12,United-States
4256,44,Private,HS-grad,9,Married-civ-spouse,Tech-support,Husband,White,Male,0,0,45,United-States
12663,47,Private,Assoc-acdm,12,Married-civ-spouse,Craft-repair,Husband,White,Male,0,0,40,United-States
42857,50,Private,10th,6,Married-civ-spouse,Farming-fishing,Husband,White,Male,0,0,32,United-States
6178,40,Private,Bachelors,13,Married-civ-spouse,Sales,Husband,White,Male,0,0,40,United-States
35037,48,Private,HS-grad,9,Married-civ-spouse,Craft-repair,Husband,White,Male,0,0,55,United-States
4754,47,Private,7th-8th,4,Married-civ-spouse,Craft-repair,Husband,Black,Male,0,0,60,United-States
30184,43,Private,Some-college,10,Divorced,Machine-op-inspct,Unmarried,Black,Female,0,0,38,United-States
17359,42,Private,Masters,14,Married-civ-spouse,Prof-specialty,Husband,White,Male,0,0,60,United-States
38535,45,Self-emp-inc,Bachelors,13,Married-civ-spouse,Exec-managerial,Husband,White,Male,0,0,45,United-States
11354,41,Private,HS-grad,9,Divorced,Machine-op-inspct,Own-child,White,Male,0,0,40,United-States
31105,47,Local-gov,HS-grad,9,Married-civ-spouse,Transport-moving,Husband,White,Male,5178,0,40,United-States
11415,41,Private,HS-grad,9,Never-married,Craft-repair,Not-in-family,White,Male,0,0,44,United-States
34728,43,Self-emp-not-inc,Bachelors,13,Never-married,Sales,Own-child,White,Male,0,0,35,United-States
42815,42,Private,Assoc-voc,11,Married-civ-spouse,Craft-repair,Husband,White,Male,0,0,45,United-States
6061,40,Private,Assoc-acdm,12,Divorced,Adm-clerical,Unmarried,Black,Female,0,0,32,United-States
42389,46,Private,1st-4th,2,Widowed,Other-service,Unmarried,White,Female,0,0,40,Puerto-Rico
28789,45,Private,Assoc-voc,11,Divorced,Adm-clerical,Unmarried,White,Female,0,0,55,United-States
6073,47,Private,Some-college,10,Divorced,Adm-clerical,Not-in-family,White,Female,0,0,60,United-States
20735,40,Private,HS-grad,9,Married-civ-spouse,Exec-managerial,Husband,White,Male,0,0,40,United-States
7734,42,Private,Some-college,10,Married-civ-spouse,Tech-support,Wife,White,Female,0,0,40,United-States
34039,42,Self-emp-inc,Bachelors,13,Married-civ-spouse,Exec-managerial,Husband,White,Male,7688,0,40,United-States
37018,46,Self-emp-not-inc,Some-college,10,Married-civ-spouse,Craft-repair,Husband,White,Male,0,0,55,United-States
4965,45,Self-emp-not-inc,Some-college,10,Married-civ-spouse,Transport-moving,Husband,White,Male,0,0,45,United-States
24435,42,Private,Doctorate,16,Never-married,Prof-specialty,Not-in-family,White,Male,0,0,50,United-States
39814,48,Private,1st-4th,2,Married-civ-spouse,Other-service,Husband,Asian-Pac-Islander,Male,0,0,45,China
45681,49,Federal-gov,HS-grad,9,Married-civ-spouse,Adm-clerical,Husband,White,Male,0,0,46,United-States
24819,44,Local-gov,Assoc-voc,11,Divorced,Tech-support,Unmarried,Asian-Pac-Islander,Male,0,0,40,United-States
46367,45,Private,11th,7,Married-civ-spouse,Sales,Husband,White,Male,0,0,70,United-States
25837,48,Self-emp-not-inc,HS-grad,9,Married-civ-spouse,Craft-repair,Husband,White,Male,0,0,60,England
19141,45,Private,11th,7,Divorced,Transport-moving,Not-in-family,White,Male,0,2824,76,United-States
41464,44,Private,Bachelors,13,Divorced,Prof-specialty,Unmarried,Black,Female,0,0,35,United-States
23832,44,Private,Bachelors,13,Divorced,Adm-clerical,Unmarried,White,Female,0,0,40,United-States
22871,40,Private,12th,8,Married-civ-spouse,Craft-repair,Husband,White,Male,0,0,50,United-States
23729,44,Private,Assoc-acdm,12,Separated,Exec-managerial,Not-in-family,White,Male,0,0,40,United-States
41427,44,Federal-gov,HS-grad,9,Married-civ-spouse,Transport-moving,Husband,Black,Male,0,0,60,United-States
40680,44,Local-gov,Bachelors,13,Married-civ-spouse,Prof-specialty,Wife,Black,Female,0,0,36,United-States
19615,46,Private,HS-grad,9,Never-married,Tech-support,Other-relative,White,Male,0,0,40,United-States
16176,40,Private,Assoc-voc,11,Divorced,Tech-support,Not-in-family,White,Male,3325,0,40,United-States
23790,48,Local-gov,HS-grad,9,Married-civ-spouse,Tech-support,Wife,White,Female,0,1848,40,United-States
27642,41,State-gov,Masters,14,Married-civ-spouse,Prof-specialty,Husband,White,Male,0,0,75,United-States
11541,42,Private,Some-college,10,Divorced,Exec-managerial,Unmarried,White,Female,0,0,45,United-States
38689,42,Private,Some-college,10,Married-civ-spouse,Exec-managerial,Husband,White,Male,0,0,50,United-States
23561,45,Self-emp-not-inc,Some-college,10,Married-civ-spouse,Transport-moving,Husband,White,Male,0,0,40,United-States
16243,48,Self-emp-not-inc,HS-grad,9,Separated,Other-service,Other-relative,White,Female,0,0,25,United-States
5022,44,Private,HS-grad,9,Married-civ-spouse,Craft-repair,Husband,White,Male,0,0,40,United-States
11578,50,Private,Bachelors,13,Divorced,Exec-managerial,Not-in-family,White,Male,0,0,55,United-States
46327,46,Local-gov,Masters,14,Never-married,Prof-specialty,Not-in-family,Black,Female,0,2258,35,United-States
14794,44,Private,Bachelors,13,Married-civ-spouse,Exec-managerial,Husband,Black,Male,0,0,40,United-States
8108,45,Federal-gov,Some-college,10,Divorced,Adm-clerical,Unmarried,White,Male,0,0,42,United-States
22431,41,Local-gov,Masters,14,Married-civ-spouse,Exec-managerial,Husband,White,Male,0,0,40,United-States
14872,40,Self-emp-not-inc,HS-grad,9,Married-civ-spouse,Craft-repair,Husband,White,Male,0,0,50,United-States
1522,47,State-gov,9th,5,Divorced,Other-service,Not-in-family,White,Female,0,0,40,United-States
15690,43,Private,Assoc-voc,11,Married-civ-spouse,Exec-managerial,Husband,White,Male,0,0,45,United-States
26198,42,Federal-gov,HS-grad,9,Married-civ-spouse,Transport-moving,Husband,White,Male,0,0,40,?
26571,47,Private,Doctorate,16,Married-civ-spouse,Prof-specialty,Husband,White,Male,0,0,40,Iran
17385,45,Private,1st-4th,2,Married-civ-spouse,Other-service,Wife,White,Female,0,0,40,United-States
21755,49,Self-emp-inc,Some-college,10,Married-civ-spouse,Exec-managerial,Husband,White,Male,15024,0,50,United-States
47152,45,State-gov,Masters,14,Married-civ-spouse,Prof-specialty,Husband,White,Male,0,0,35,United-States
18333,42,Local-gov,Bachelors,13,Married-civ-spouse,Prof-specialty,Husband,White,Male,0,0,60,United-States
11783,48,Local-gov,Prof-school,15,Married-civ-spouse,Prof-specialty,Husband,White,Male,0,0,45,United-States
22318,40,Private,Prof-school,15,Married-civ-spouse,Prof-specialty,Husband,Asian-Pac-Islander,Male,99999,0,40,?
37044,43,Self-emp-not-inc,Doctorate,16,Married-civ-spouse,Prof-specialty,Husband,White,Male,0,0,42,United-States
9973,43,Local-gov,Masters,14,Divorced,Prof-specialty,Unmarried,Black,Female,9562,0,40,United-States
34505,44,Private,HS-grad,9,Never-married,Exec-managerial,Not-in-family,White,Female,0,0,52,United-States
978,40,State-gov,Masters,14,Married-civ-spouse,Prof-specialty,Husband,White,Male,0,0,35,United-States
37928,44,Private,Bachelors,13,Married-civ-spouse,Tech-support,Husband,White,Male,0,0,40,United-States
16483,42,Self-emp-inc,Doctorate,16,Married-civ-spouse,Prof-specialty,Husband,White,Male,0,0,45,United-States
27171,47,Private,Masters,14,Separated,Machine-op-inspct,Unmarried,Asian-Pac-Islander,Female,0,0,42,India
9940,43,Federal-gov,Prof-school,15,Married-civ-spouse,Prof-specialty,Husband,Asian-Pac-Islander,Male,0,0,50,India
36215,50,Private,Bachelors,13,Divorced,Exec-managerial,Unmarried,White,Male,15020,0,40,United-States
2270,40,Self-emp-not-inc,Bachelors,13,Married-civ-spouse,Sales,Husband,White,Male,0,0,40,United-States
41653,48,?,11th,7,Divorced,?,Unmarried,Black,Female,0,0,10,Haiti
9546,50,Private,HS-grad,9,Separated,Other-service,Unmarried,White,Female,0,0,35,United-States
42851,47,Self-emp-not-inc,7th-8th,4,Married-civ-spouse,Farming-fishing,Husband,White,Male,0,0,72,United-States
17149,45,Local-gov,Some-college,10,Divorced,Adm-clerical,Unmarried,Black,Female,0,0,40,United-States
35133,41,Self-emp-inc,Masters,14,Married-civ-spouse,Exec-managerial,Husband,White,Male,0,0,40,United-States
15529,45,Self-emp-inc,Some-college,10,Married-civ-spouse,Prof-specialty,Wife,White,Female,0,0,40,?
44342,47,Self-emp-inc,Bachelors,13,Married-civ-spouse,Prof-specialty,Husband,White,Male,0,0,60,United-States
6057,42,Private,HS-grad,9,Divorced,Sales,Not-in-family,White,Female,0,0,42,United-States
8563,49,Private,HS-grad,9,Married-civ-spouse,Exec-managerial,Husband,White,Male,0,0,30,Hungary
3775,49,Self-emp-inc,Some-college,10,Married-civ-spouse,Exec-managerial,Husband,White,Male,15024,0,50,United-States
9476,47,Private,Some-college,10,Divorced,Exec-managerial,Unmarried,White,Female,0,0,40,Germany
46037,47,Local-gov,Some-college,10,Divorced,Craft-repair,Not-in-family,White,Male,0,0,40,United-States
47717,43,Private,Bachelors,13,Divorced,Prof-specialty,Unmarried,Black,Female,0,0,60,United-States
18298,43,Private,HS-grad,9,Married-civ-spouse,Craft-repair,Husband,White,Male,0,0,40,United-States
45127,46,Private,Bachelors,13,Divorced,Sales,Other-relative,Black,Male,0,0,40,United-States
26223,47,Private,Bachelors,13,Never-married,Sales,Not-in-family,Black,Male,0,0,60,United-States
12991,48,Self-emp-not-inc,HS-grad,9,Married-civ-spouse,Transport-moving,Husband,White,Male,0,0,60,United-States
34165,45,Private,HS-grad,9,Divorced,Sales,Own-child,White,Female,0,0,40,United-States
32033,40,State-gov,Bachelors,13,Married-civ-spouse,Exec-managerial,Wife,White,Female,0,0,20,United-States
48291,44,Private,Some-college,10,Married-civ-spouse,Transport-moving,Husband,White,Male,0,0,48,United-States
12747,50,Private,Assoc-acdm,12,Married-civ-spouse,Craft-repair,Husband,White,Male,0,1902,40,United-States
32685,41,Private,Some-college,10,Divorced,Tech-support,Not-in-family,White,Female,0,0,40,United-States
2266,43,Private,Some-college,10,Married-civ-spouse,Sales,Husband,White,Male,0,0,50,United-States
5330,45,Local-gov,Bachelors,13,Married-civ-spouse,Prof-specialty,Husband,White,Male,0,0,45,United-States
144,45,Private,Assoc-voc,11,Never-married,Prof-specialty,Not-in-family,White,Female,0,1564,40,United-States
48823,40,Private,Prof-school,15,Married-civ-spouse,Prof-specialty,Husband,White,Male,15024,0,55,United-States
39163,47,Private,Bachelors,13,Married-civ-spouse,Sales,Husband,White,Male,15024,0,45,United-States
38428,49,Private,Bachelors,13,Married-civ-spouse,Sales,Husband,Asian-Pac-Islander,Male,0,0,50,Japan
24612,46,Private,Assoc-voc,11,Never-married,Exec-managerial,Own-child,White,Female,0,0,40,United-States
14512,50,Self-emp-not-inc,HS-grad,9,Married-civ-spouse,Farming-fishing,Husband,White,Male,0,0,84,United-States
7276,42,State-gov,Doctorate,16,Never-married,Exec-managerial,Not-in-family,White,Female,0,0,40,Italy
13731,45,Private,HS-grad,9,Married-civ-spouse,Machine-op-inspct,Husband,White,Male,0,0,44,United-States
18288,40,Private,Masters,14,Never-married,Sales,Not-in-family,White,Male,0,0,50,United-States
36865,45,Private,HS-grad,9,Divorced,Farming-fishing,Unmarried,Black,Female,0,0,39,United-States
25985,41,Local-gov,HS-grad,9,Married-civ-spouse,Transport-moving,Husband,Black,Male,0,0,40,United-States
3480,46,State-gov,Masters,14,Never-married,Exec-managerial,Not-in-family,White,Female,0,0,38,United-States
821,48,Private,Assoc-voc,11,Never-married,Adm-clerical,Unmarried,White,Male,0,0,40,United-States
4826,47,Private,Some-college,10,Married-civ-spouse,Adm-clerical,Husband,White,Male,0,0,44,United-States
20031,42,Private,HS-grad,9,Divorced,Adm-clerical,Not-in-family,White,Female,0,0,40,United-States
45529,45,Federal-gov,Some-college,10,Divorced,Adm-clerical,Unmarried,White,Female,0,0,40,United-States
31029,43,Private,Bachelors,13,Married-civ-spouse,Exec-managerial,Husband,White,Male,0,1977,50,United-States
39146,47,Local-gov,Masters,14,Married-civ-spouse,Prof-specialty,Wife,Black,Female,4386,0,35,United-States
22599,41,Private,Some-college,10,Married-civ-spouse,Craft-repair,Husband,White,Male,0,0,60,United-States
17623,40,Private,Doctorate,16,Married-civ-spouse,Prof-specialty,Husband,White,Male,0,0,60,United-States
5075,45,Private,HS-grad,9,Married-civ-spouse,Sales,Husband,White,Male,0,0,40,United-States
42899,43,Private,Bachelors,13,Married-civ-spouse,Exec-managerial,Husband,White,Male,15024,0,50,United-States
38278,43,Private,HS-grad,9,Never-married,Other-service,Other-relative,Asian-Pac-Islander,Female,0,0,40,?
8069,49,Private,Assoc-voc,11,Married-civ-spouse,Prof-specialty,Husband,White,Male,0,0,40,Germany
24722,45,Self-emp-not-inc,Bachelors,13,Never-married,Sales,Not-in-family,White,Female,0,0,35,United-States
23588,40,Private,Some-college,10,Never-married,Exec-managerial,Not-in-family,White,Male,0,0,50,United-States
30338,49,Private,Some-college,10,Married-civ-spouse,Transport-moving,Husband,White,Male,0,0,40,United-States
46174,46,Self-emp-inc,Masters,14,Never-married,Exec-managerial,Not-in-family,White,Male,0,1564,50,United-States
27986,43,Private,Masters,14,Never-married,Exec-managerial,Not-in-family,White,Female,0,0,45,United-States
26008,42,Private,Masters,14,Married-civ-spouse,Sales,Husband,Asian-Pac-Islander,Male,0,0,40,?
2187,47,Self-emp-not-inc,Masters,14,Divorced,Prof-specialty,Not-in-family,White,Male,0,0,40,United-States
2809,41,Private,HS-grad,9,Divorced,Other-service,Unmarried,White,Female,0,0,30,United-States
9042,50,Private,Bachelors,13,Married-civ-spouse,Tech-support,Husband,White,Male,15024,0,40,United-States
1431,49,Private,Assoc-voc,11,Married-civ-spouse,Machine-op-inspct,Wife,White,Female,0,0,40,Peru
36293,43,Private,HS-grad,9,Married-civ-spouse,Craft-repair,Husband,White,Male,0,0,40,United-States
35149,44,Private,Some-college,10,Widowed,Tech-support,Unmarried,White,Female,0,0,38,United-States
6563,44,Private,Some-college,10,Married-civ-spouse,Transport-moving,Husband,White,Male,0,0,40,United-States
40891,40,Self-emp-not-inc,Masters,14,Married-civ-spouse,Sales,Husband,White,Male,0,0,60,United-States
7419,47,Self-emp-inc,Masters,14,Married-civ-spouse,Exec-managerial,Husband,White,Male,15024,0,50,United-States
14566,45,Private,HS-grad,9,Married-civ-spouse,Machine-op-inspct,Husband,White,Male,0,0,40,United-States
11989,50,Self-emp-not-inc,HS-grad,9,Married-civ-spouse,Other-service,Wife,White,Female,0,0,12,?
18115,44,Private,11th,7,Married-civ-spouse,Other-service,Husband,Black,Male,0,0,60,United-States
12259,50,Private,HS-grad,9,Married-civ-spouse,Craft-repair,Husband,White,Male,15024,0,50,United-States
23674,47,Self-emp-not-inc,5th-6th,3,Married-civ-spouse,Sales,Husband,White,Male,0,2179,50,Mexico
19816,45,Private,Assoc-acdm,12,Divorced,Adm-clerical,Unmarried,Black,Male,0,0,35,United-States
48157,44,Local-gov,Masters,14,Divorced,Prof-specialty,Not-in-family,White,Female,8614,0,35,United-States
2496,50,Private,Bachelors,13,Married-civ-spouse,Transport-moving,Husband,White,Male,7298,0,40,United-States
6870,46,Private,Bachelors,13,Married-civ-spouse,Exec-managerial,Husband,White,Male,15024,0,60,United-States
2301,43,Self-emp-not-inc,Bachelors,13,Divorced,Exec-managerial,Not-in-family,White,Male,0,0,60,United-States
30391,46,Private,10th,6,Married-civ-spouse,Handlers-cleaners,Husband,Black,Male,0,0,45,United-States
2409,45,Private,HS-grad,9,Never-married,Adm-clerical,Not-in-family,White,Male,3325,0,40,United-States
40894,50,Private,Assoc-voc,11,Divorced,Prof-specialty,Not-in-family,Asian-Pac-Islander,Male,0,0,38,United-States
24708,49,Private,Some-college,10,Divorced,Adm-clerical,Unmarried,White,Female,0,0,40,United-States
25426,41,Self-emp-not-inc,Some-college,10,Married-civ-spouse,Exec-managerial,Husband,White,Male,0,0,40,United-States
27075,42,Local-gov,HS-grad,9,Married-civ-spouse,Transport-moving,Husband,White,Male,0,0,40,United-States
8209,42,Private,Masters,14,Married-civ-spouse,Exec-managerial,Husband,White,Male,0,0,40,United-States
9529,46,Private,HS-grad,9,Never-married,Craft-repair,Unmarried,White,Male,0,0,40,United-States
15518,49,Private,Bachelors,13,Married-civ-spouse,Exec-managerial,Husband,White,Male,0,0,40,United-States
28786,50,Private,HS-grad,9,Divorced,Machine-op-inspct,Not-in-family,Amer-Indian-Eskimo,Female,0,0,40,United-States
10209,42,Private,Bachelors,13,Married-civ-spouse,Other-service,Husband,Asian-Pac-Islander,Male,0,0,72,Philippines
5497,43,Private,HS-grad,9,Divorced,Machine-op-inspct,Not-in-family,White,Male,0,0,45,United-States
47431,45,Federal-gov,Bachelors,13,Married-civ-spouse,Prof-specialty,Husband,White,Male,0,0,40,United-States
994,47,Private,HS-grad,9,Married-civ-spouse,Adm-clerical,Husband,White,Male,0,0,50,United-States
39179,43,Private,HS-grad,9,Married-civ-spouse,Transport-moving,Husband,White,Male,0,0,50,United-States
38485,45,State-gov,Bachelors,13,Married-civ-spouse,Adm-clerical,Husband,White,Male,0,0,38,United-States
14348,41,Local-gov,Bachelors,13,Never-married,Prof-specialty,Not-in-family,White,Female,0,0,70,United-States
6531,40,Private,HS-grad,9,Married-civ-spouse,Sales,Husband,White,Male,0,0,40,United-States
6998,40,Private,HS-grad,9,Divorced,Adm-clerical,Unmarried,White,Female,0,0,40,United-States
33959,48,Federal-gov,Bachelors,13,Widowed,Prof-specialty,Unmarried,Amer-Indian-Eskimo,Female,0,0,40,United-States
31269,43,Private,Prof-school,15,Never-married,Prof-specialty,Not-in-family,White,Male,0,0,66,France
38236,45,Self-emp-not-inc,Prof-school,15,Married-civ-spouse,Prof-specialty,Husband,White,Male,0,0,38,United-States
45728,40,Local-gov,12th,8,Married-civ-spouse,Exec-managerial,Husband,White,Male,0,0,40,United-States
33715,41,Private,Masters,14,Married-civ-spouse,Other-service,Wife,White,Female,0,0,50,United-States
7526,46,Private,11th,7,Widowed,Other-service,Not-in-family,White,Female,0,0,27,El-Salvador
11782,49,Local-gov,Masters,14,Married-civ-spouse,Exec-managerial,Husband,Black,Male,0,0,47,United-States
41151,43,Private,Masters,14,Divorced,Exec-managerial,Not-in-family,White,Female,0,0,38,United-States
10174,49,Self-emp-not-inc,HS-grad,9,Divorced,Sales,Not-in-family,White,Male,0,0,50,United-States
3246,48,Private,Some-college,10,Married-civ-spouse,Sales,Husband,White,Male,3103,0,40,United-States
34206,47,Private,HS-grad,9,Divorced,Sales,Not-in-family,White,Female,0,0,37,United-States
19569,47,Private,Bachelors,13,Married-civ-spouse,Sales,Husband,White,Male,0,0,55,United-States
44962,41,Private,Bachelors,13,Married-civ-spouse,Prof-specialty,Husband,Asian-Pac-Islander,Male,0,0,60,China
31656,48,Self-emp-inc,Bachelors,13,Married-civ-spouse,Farming-fishing,Husband,White,Male,0,0,70,United-States
4254,44,Private,HS-grad,9,Divorced,Adm-clerical,Unmarried,Black,Female,0,0,40,United-States
46261,49,Private,HS-grad,9,Married-civ-spouse,Handlers-cleaners,Husband,White,Male,0,0,48,United-States
12468,47,Private,HS-grad,9,Married-civ-spouse,Craft-repair,Husband,White,Male,0,0,50,United-States
16416,50,Private,Bachelors,13,Never-married,Exec-managerial,Not-in-family,White,Male,0,0,40,United-States
19550,40,Private,HS-grad,9,Married-civ-spouse,Machine-op-inspct,Husband,White,Male,0,0,40,United-States
2213,42,Private,HS-grad,9,Married-civ-spouse,Handlers-cleaners,Husband,White,Male,0,0,40,United-States
23963,41,Private,Masters,14,Married-civ-spouse,Exec-managerial,Husband,White,Male,0,0,40,United-States
5846,47,Private,Some-college,10,Married-civ-spouse,Transport-moving,Husband,White,Male,0,0,50,United-States
19485,47,Private,HS-grad,9,Never-married,Machine-op-inspct,Unmarried,Amer-Indian-Eskimo,Male,0,0,56,Puerto-Rico
17069,40,Private,HS-grad,9,Married-civ-spouse,Craft-repair,Husband,White,Male,0,0,25,United-States
37767,47,Self-emp-not-inc,Masters,14,Married-civ-spouse,Sales,Husband,White,Male,7688,0,45,United-States
39221,47,Federal-gov,Some-college,10,Married-civ-spouse,Adm-clerical,Husband,White,Male,0,0,48,United-States
7377,42,Private,HS-grad,9,Married-civ-spouse,Exec-managerial,Husband,White,Male,0,0,35,United-States
17816,43,Self-emp-not-inc,Some-college,10,Married-civ-spouse,Farming-fishing,Husband,White,Male,0,0,84,United-States
18161,44,Private,Some-college,10,Divorced,Adm-clerical,Not-in-family,Asian-Pac-Islander,Female,0,0,37,United-States
7283,45,Private,HS-grad,9,Never-married,Craft-repair,Not-in-family,White,Male,0,0,40,United-States
38948,40,Private,Some-college,10,Divorced,Sales,Unmarried,White,Female,0,1741,40,United-States
34415,48,Self-emp-not-inc,Assoc-acdm,12,Divorced,Tech-support,Not-in-family,White,Female,0,0,40,United-States
9219,50,Private,Bachelors,13,Married-civ-spouse,Exec-managerial,Husband,White,Male,0,1902,40,United-States
17842,49,Self-emp-inc,Some-college,10,Married-civ-spouse,Farming-fishing,Husband,White,Male,0,0,60,United-States
30533,41,Private,Assoc-acdm,12,Divorced,Prof-specialty,Not-in-family,White,Male,0,0,80,United-States
5763,42,Private,Some-college,10,Married-civ-spouse,Tech-support,Husband,White,Male,0,0,40,United-States
48138,47,Private,9th,5,Divorced,Machine-op-inspct,Unmarried,White,Female,0,0,40,Cuba
38127,48,Self-emp-not-inc,Some-college,10,Divorced,Transport-moving,Not-in-family,White,Male,0,0,40,United-States
18950,43,Private,10th,6,Married-civ-spouse,Adm-clerical,Husband,White,Male,0,0,40,United-States
27928,43,Private,HS-grad,9,Married-civ-spouse,Adm-clerical,Husband,White,Male,0,0,40,United-States
44629,40,Private,HS-grad,9,Separated,Craft-repair,Not-in-family,White,Male,0,0,40,United-States
26648,40,Local-gov,Prof-school,15,Never-married,Exec-managerial,Not-in-family,White,Male,0,0,60,United-States
8379,40,Private,Assoc-voc,11,Never-married,Machine-op-inspct,Own-child,White,Male,0,0,40,United-States
18407,50,Private,HS-grad,9,Married-civ-spouse,Transport-moving,Husband,White,Male,0,0,40,United-States
41249,45,Self-emp-not-inc,Some-college,10,Divorced,Exec-managerial,Not-in-family,Black,Male,0,0,48,United-States
31338,44,Private,HS-grad,9,Married-civ-spouse,Machine-op-inspct,Husband,White,Male,0,0,48,United-States
31671,41,State-gov,Masters,14,Married-civ-spouse,Prof-specialty,Husband,White,Male,7298,0,60,United-States
42423,45,Federal-gov,Some-college,10,Divorced,Adm-clerical,Unmarried,Asian-Pac-Islander,Female,914,0,40,United-States
43795,45,Private,HS-grad,9,Divorced,Other-service,Own-child,White,Female,0,0,60,United-States
44957,48,Private,HS-grad,9,Married-civ-spouse,Tech-support,Husband,White,Male,0,0,40,United-States
4466,49,Private,Masters,14,Married-civ-spouse,Exec-managerial,Husband,White,Male,0,1977,40,United-States
36118,41,Private,Some-college,10,Married-civ-spouse,Farming-fishing,Husband,White,Male,0,0,40,United-States
36910,45,Private,Bachelors,13,Divorced,Adm-clerical,Unmarried,White,Female,0,0,45,United-States
29441,45,Private,Some-college,10,Married-civ-spouse,Craft-repair,Husband,White,Male,0,1902,40,?
8027,42,Private,Bachelors,13,Married-civ-spouse,Exec-managerial,Husband,White,Male,0,0,55,United-States
38878,48,Private,Some-college,10,Married-civ-spouse,Handlers-cleaners,Wife,White,Female,0,0,40,Japan
35042,41,Private,Bachelors,13,Married-civ-spouse,Prof-specialty,Husband,White,Male,0,0,40,United-States
3980,48,Private,Masters,14,Divorced,Sales,Not-in-family,White,Male,0,0,35,United-States
22534,48,Private,9th,5,Married-civ-spouse,Machine-op-inspct,Husband,White,Male,0,0,40,Poland
16422,44,Federal-gov,Assoc-acdm,12,Divorced,Exec-managerial,Not-in-family,White,Female,2354,0,40,United-States
26484,49,Private,Some-college,10,Divorced,Adm-clerical,Not-in-family,White,Female,0,0,38,United-States
29995,41,Private,HS-grad,9,Divorced,Craft-repair,Unmarried,White,Female,0,0,40,United-States
32236,47,Private,Assoc-acdm,12,Divorced,Sales,Own-child,White,Male,0,0,44,United-States
40892,42,Private,HS-grad,9,Never-married,Adm-clerical,Own-child,White,Female,0,0,35,United-States
10467,50,State-gov,Bachelors,13,Divorced,Exec-managerial,Not-in-family,White,Female,0,0,40,United-States
7556,44,Private,Masters,14,Married-civ-spouse,Exec-managerial,Husband,White,Male,0,0,40,United-States
47621,46,Private,Some-college,10,Divorced,Machine-op-inspct,Not-in-family,White,Female,0,0,40,United-States
41181,48,Private,HS-grad,9,Divorced,Other-service,Not-in-family,White,Female,0,0,35,United-States
24143,47,Private,Some-college,10,Married-civ-spouse,Sales,Husband,White,Male,0,0,65,United-States
47936,50,Local-gov,Some-college,10,Widowed,Adm-clerical,Unmarried,White,Female,0,0,40,United-States
4577,43,Private,HS-grad,9,Married-civ-spouse,Machine-op-inspct,Wife,Black,Female,0,0,21,Trinadad&Tobago
14684,50,Federal-gov,Bachelors,13,Divorced,Prof-specialty,Unmarried,Black,Female,0,0,40,United-States
31071,44,Private,Assoc-acdm,12,Divorced,Prof-specialty,Not-in-family,White,Female,0,0,40,United-States
17050,50,Private,HS-grad,9,Married-civ-spouse,Craft-repair,Husband,White,Male,0,0,40,United-States
45301,46,Private,Some-college,10,Married-civ-spouse,Sales,Husband,White,Male,0,0,40,United-States
2949,45,Private,Bachelors,13,Married-civ-spouse,Prof-specialty,Husband,White,Male,0,0,55,United-States
26469,48,Private,Assoc-voc,11,Married-civ-spouse,Tech-support,Husband,White,Male,0,0,40,United-States
28649,46,Federal-gov,Assoc-voc,11,Divorced,Craft-repair,Not-in-family,Amer-Indian-Eskimo,Female,0,0,60,United-States
31749,43,Private,Assoc-voc,11,Married-civ-spouse,Sales,Husband,White,Male,0,0,40,United-States
12301,42,Local-gov,Some-college,10,Married-civ-spouse,Protective-serv,Husband,Other,Male,0,0,40,United-States
17709,46,?,5th-6th,3,Married-civ-spouse,?,Wife,White,Female,0,0,40,Mexico
41277,46,Private,HS-grad,9,Married-civ-spouse,Exec-managerial,Husband,White,Male,3103,0,50,United-States
9408,42,Private,HS-grad,9,Divorced,Transport-moving,Not-in-family,White,Male,0,1980,46,United-States
40459,48,Private,Some-college,10,Married-civ-spouse,Transport-moving,Husband,White,Male,0,0,40,United-States
27127,47,Local-gov,Some-college,10,Divorced,Adm-clerical,Not-in-family,White,Female,0,0,33,United-States
37188,46,Federal-gov,Some-college,10,Married-civ-spouse,Adm-clerical,Husband,White,Male,0,0,80,United-States
34711,43,Private,Assoc-acdm,12,Never-married,Craft-repair,Unmarried,White,Female,0,0,40,United-States
10039,42,Private,10th,6,Married-civ-spouse,Craft-repair,Husband,White,Male,0,0,40,United-States
27391,42,Private,Doctorate,16,Married-civ-spouse,Prof-specialty,Husband,White,Male,0,1902,50,United-States
42465,42,Self-emp-inc,Assoc-voc,11,Married-civ-spouse,Other-service,Husband,White,Male,3464,0,80,United-States
47211,49,Private,Some-college,10,Married-civ-spouse,Craft-repair,Husband,White,Male,15024,0,60,Mexico
22037,42,Private,Some-college,10,Separated,Exec-managerial,Not-in-family,White,Male,0,0,60,Canada
6890,49,Private,HS-grad,9,Divorced,Adm-clerical,Not-in-family,White,Female,0,0,35,United-States
18936,43,Self-emp-inc,Assoc-voc,11,Married-civ-spouse,Exec-managerial,Other-relative,White,Male,0,0,50,United-States
46505,48,Private,Assoc-voc,11,Separated,Other-service,Not-in-family,White,Female,0,0,30,United-States
15552,43,Private,Masters,14,Married-civ-spouse,Exec-managerial,Husband,White,Male,0,0,50,United-States
42488,44,Private,Some-college,10,Married-civ-spouse,Adm-clerical,Wife,White,Female,0,0,35,United-States
43163,44,Private,Some-college,10,Married-civ-spouse,Prof-specialty,Husband,White,Male,0,0,35,United-States
17053,45,Private,Masters,14,Divorced,Exec-managerial,Unmarried,White,Male,7430,0,70,United-States
3861,43,Private,Bachelors,13,Married-civ-spouse,Sales,Husband,White,Male,0,1887,40,United-States
35203,46,Local-gov,Masters,14,Divorced,Exec-managerial,Not-in-family,White,Male,0,0,50,United-States
15126,41,Private,Some-college,10,Married-civ-spouse,Machine-op-inspct,Husband,White,Male,7298,0,42,United-States
38238,45,Private,12th,8,Divorced,Farming-fishing,Not-in-family,Black,Male,0,0,40,United-States
37988,47,Private,HS-grad,9,Married-civ-spouse,Transport-moving,Husband,White,Male,0,0,40,United-States
18583,45,Private,HS-grad,9,Married-civ-spouse,Machine-op-inspct,Husband,Black,Male,0,0,40,United-States
21530,47,Federal-gov,Bachelors,13,Married-civ-spouse,Exec-managerial,Husband,White,Male,0,0,40,United-States
17872,47,Private,Bachelors,13,Married-civ-spouse,Exec-managerial,Husband,White,Male,0,0,50,United-States
25386,47,Private,Assoc-voc,11,Divorced,Prof-specialty,Unmarried,White,Female,0,0,44,United-States
39498,50,Private,Bachelors,13,Married-civ-spouse,Sales,Husband,White,Male,0,0,45,United-States
17626,41,Private,HS-grad,9,Married-civ-spouse,Transport-moving,Husband,White,Male,0,0,50,United-States
25327,43,Private,HS-grad,9,Separated,Other-service,Not-in-family,Black,Female,0,0,40,United-States
32577,43,Private,Masters,14,Married-civ-spouse,Exec-managerial,Husband,White,Male,0,0,50,United-States
12981,43,Private,HS-grad,9,Married-civ-spouse,Machine-op-inspct,Husband,Black,Male,0,0,40,Germany
13431,49,Private,12th,8,Never-married,Transport-moving,Not-in-family,Asian-Pac-Islander,Male,0,0,35,United-States
45555,45,?,HS-grad,9,Married-civ-spouse,?,Husband,White,Male,0,0,12,United-States
35154,40,Private,Bachelors,13,Married-civ-spouse,Exec-managerial,Husband,White,Male,0,0,50,United-States
27860,47,Private,Masters,14,Separated,Tech-support,Not-in-family,White,Male,27828,0,40,United-States
31503,42,Self-emp-not-inc,Assoc-voc,11,Married-civ-spouse,Transport-moving,Husband,White,Male,4386,0,80,United-States
1298,41,Private,Assoc-acdm,12,Married-civ-spouse,Tech-support,Husband,White,Male,0,0,40,United-States
29934,49,Private,Bachelors,13,Married-civ-spouse,Exec-managerial,Husband,White,Male,0,0,40,United-States
24607,47,Private,Assoc-voc,11,Married-civ-spouse,Craft-repair,Husband,White,Male,0,0,60,?
26255,43,Private,Some-college,10,Married-civ-spouse,Transport-moving,Husband,White,Male,0,0,60,United-States
17540,47,Local-gov,Masters,14,Divorced,Protective-serv,Not-in-family,Black,Male,0,0,50,United-States
3740,49,Private,9th,5,Married-civ-spouse,Other-service,Husband,White,Male,0,0,40,United-States
9341,40,?,HS-grad,9,Never-married,?,Not-in-family,White,Female,0,0,4,United-States
46373,50,State-gov,HS-grad,9,Married-civ-spouse,Other-service,Wife,White,Female,0,0,30,United-States
19950,48,Private,Some-college,10,Married-civ-spouse,Craft-repair,Husband,White,Male,0,0,40,Germany
22610,48,Private,HS-grad,9,Widowed,Machine-op-inspct,Not-in-family,White,Female,0,0,48,United-States
2292,46,Private,HS-grad,9,Divorced,Craft-repair,Not-in-family,White,Male,0,0,37,United-States
1642,42,Private,Bachelors,13,Married-civ-spouse,Prof-specialty,Husband,White,Male,0,0,45,United-States
34882,48,Private,Prof-school,15,Married-civ-spouse,Prof-specialty,Husband,White,Male,0,1977,70,United-States
25919,49,Private,Bachelors,13,Divorced,Exec-managerial,Unmarried,White,Female,0,0,40,United-States
24568,46,Private,Bachelors,13,Divorced,Prof-specialty,Not-in-family,White,Male,0,0,45,United-States
11773,40,Private,HS-grad,9,Married-spouse-absent,Handlers-cleaners,Not-in-family,White,Male,2174,0,60,Poland
36334,40,Private,HS-grad,9,Married-civ-spouse,Craft-repair,Husband,White,Male,0,0,45,United-States
8073,44,Self-emp-not-inc,Assoc-acdm,12,Married-civ-spouse,Other-service,Wife,White,Female,0,0,99,United-States
9199,47,Private,Bachelors,13,Married-civ-spouse,Sales,Husband,White,Male,0,1977,40,United-States
13843,41,Private,Assoc-voc,11,Never-married,Prof-specialty,Not-in-family,White,Female,0,0,45,United-States
11938,46,Private,5th-6th,3,Never-married,Machine-op-inspct,Own-child,White,Female,0,0,40,Dominican-Republic
31379,42,Local-gov,10th,6,Never-married,Farming-fishing,Unmarried,White,Male,0,0,35,United-States
31691,40,Local-gov,Assoc-voc,11,Married-civ-spouse,Protective-serv,Husband,White,Male,0,0,40,United-States
40322,49,Federal-gov,Assoc-voc,11,Married-civ-spouse,Adm-clerical,Husband,White,Male,0,0,9,United-States
20344,45,Private,Some-college,10,Married-civ-spouse,Exec-managerial,Husband,White,Male,0,0,60,United-States
3290,49,Private,11th,7,Married-civ-spouse,Craft-repair,Husband,White,Male,0,0,40,Cuba
13205,43,Private,Bachelors,13,Married-civ-spouse,Prof-specialty,Husband,White,Male,0,0,42,United-States
47860,41,Private,HS-grad,9,Married-civ-spouse,Handlers-cleaners,Husband,White,Male,7688,0,40,United-States
28904,50,Private,HS-grad,9,Married-civ-spouse,Transport-moving,Husband,White,Male,0,0,40,United-States
34514,44,Private,1st-4th,2,Married-civ-spouse,Farming-fishing,Husband,White,Male,0,0,40,Mexico
290,50,Private,7th-8th,4,Married-civ-spouse,Craft-repair,Husband,White,Male,0,0,40,Ecuador
25024,46,Private,Bachelors,13,Married-civ-spouse,Prof-specialty,Husband,White,Male,0,0,50,United-States
27426,41,State-gov,HS-grad,9,Divorced,Exec-managerial,Unmarried,White,Female,0,0,45,United-States
44995,48,Private,Masters,14,Divorced,Prof-specialty,Unmarried,White,Female,0,0,40,United-States
47331,48,Federal-gov,10th,6,Never-married,Craft-repair,Not-in-family,Black,Male,0,0,40,United-States
26031,50,Private,HS-grad,9,Divorced,Sales,Not-in-family,White,Female,0,0,33,United-States
22327,47,Private,5th-6th,3,Married-civ-spouse,Handlers-cleaners,Husband,White,Male,0,0,40,Mexico
46112,48,Private,HS-grad,9,Married-civ-spouse,Sales,Husband,White,Male,0,0,48,United-States
32739,40,Private,Some-college,10,Married-civ-spouse,Machine-op-inspct,Husband,White,Male,0,0,37,United-States
2920,40,Private,HS-grad,9,Married-civ-spouse,Sales,Husband,White,Male,0,0,60,United-States
22580,42,Private,Some-college,10,Divorced,Adm-clerical,Unmarried,White,Female,0,0,40,United-States
11661,45,Federal-gov,Some-college,10,Married-civ-spouse,Prof-specialty,Husband,White,Male,0,0,40,United-States
22744,49,Private,HS-grad,9,Married-civ-spouse,Protective-serv,Husband,White,Male,0,0,40,United-States
28201,44,Self-emp-inc,Some-college,10,Never-married,Sales,Not-in-family,White,Male,0,2258,60,United-States
17390,42,Private,HS-grad,9,Separated,Transport-moving,Other-relative,Black,Male,0,0,40,United-States
7921,49,Private,7th-8th,4,Married-civ-spouse,Craft-repair,Husband,White,Male,0,0,40,United-States
24321,49,Self-emp-inc,HS-grad,9,Married-civ-spouse,Exec-managerial,Husband,White,Male,0,1902,60,United-States
40615,45,State-gov,Some-college,10,Never-married,Tech-support,Not-in-family,White,Female,3325,0,60,United-States
32248,44,Federal-gov,Bachelors,13,Widowed,Exec-managerial,Unmarried,White,Female,0,0,40,United-States
16454,50,Private,HS-grad,9,Married-civ-spouse,Sales,Wife,White,Female,0,0,15,United-States
45647,47,Private,HS-grad,9,Married-civ-spouse,Craft-repair,Husband,White,Male,0,0,52,United-States
44648,47,Private,Some-college,10,Married-civ-spouse,Craft-repair,Husband,White,Male,0,0,40,United-States
1687,43,Private,HS-grad,9,Never-married,Other-service,Not-in-family,Black,Female,0,0,45,United-States
36153,49,Private,11th,7,Separated,Machine-op-inspct,Not-in-family,White,Male,0,0,40,Puerto-Rico
40526,47,State-gov,Doctorate,16,Separated,Exec-managerial,Own-child,Asian-Pac-Islander,Male,2354,0,45,United-States
47292,43,State-gov,HS-grad,9,Never-married,Other-service,Own-child,White,Female,0,0,40,United-States
43568,47,Self-emp-not-inc,Bachelors,13,Married-civ-spouse,Sales,Husband,White,Male,0,0,40,United-States
29135,47,Private,HS-grad,9,Married-civ-spouse,Craft-repair,Husband,White,Male,0,0,40,United-States
25564,49,Private,HS-grad,9,Divorced,Adm-clerical,Not-in-family,White,Female,0,0,40,United-States
1252,48,Self-emp-not-inc,Some-college,10,Married-civ-spouse,Exec-managerial,Husband,White,Male,0,0,60,United-States
11902,40,Private,HS-grad,9,Married-civ-spouse,Machine-op-inspct,Husband,White,Male,0,0,50,United-States
22389,46,Private,Assoc-acdm,12,Married-civ-spouse,Craft-repair,Husband,White,Male,0,0,44,United-States
30546,47,Private,Bachelors,13,Married-civ-spouse,Prof-specialty,Husband,White,Male,0,0,50,United-States
26848,42,Private,Bachelors,13,Married-spouse-absent,Transport-moving,Not-in-family,White,Male,0,0,60,United-States
36266,43,Private,Masters,14,Married-civ-spouse,Tech-support,Husband,Asian-Pac-Islander,Male,0,0,40,United-States
13517,45,Local-gov,HS-grad,9,Married-civ-spouse,Transport-moving,Husband,White,Male,0,0,40,United-States
27222,48,Self-emp-not-inc,Bachelors,13,Married-civ-spouse,Exec-managerial,Husband,White,Male,99999,0,50,United-States
4132,41,Private,Some-college,10,Married-civ-spouse,Exec-managerial,Husband,White,Male,0,1887,50,United-States
20151,48,Private,Masters,14,Married-civ-spouse,Exec-managerial,Husband,White,Male,0,0,40,United-States
36542,50,Private,11th,7,Married-civ-spouse,Machine-op-inspct,Husband,White,Male,0,0,40,United-States
33758,49,Self-emp-not-inc,HS-grad,9,Married-civ-spouse,Other-service,Husband,White,Male,0,0,40,United-States
48375,47,Private,Assoc-acdm,12,Married-civ-spouse,Sales,Husband,White,Male,0,0,50,United-States
13437,47,Private,9th,5,Divorced,Other-service,Not-in-family,White,Female,0,1719,30,United-States
24031,47,Private,Some-college,10,Married-spouse-absent,Exec-managerial,Unmarried,White,Female,0,0,35,Puerto-Rico
16013,46,Private,Bachelors,13,Never-married,Sales,Not-in-family,White,Male,0,0,45,United-States
21386,44,Private,Bachelors,13,Married-civ-spouse,Sales,Husband,White,Male,7688,0,40,United-States
41807,48,Private,Bachelors,13,Married-civ-spouse,Exec-managerial,Husband,White,Male,0,0,40,United-States
33312,41,Federal-gov,Bachelors,13,Married-civ-spouse,Exec-managerial,Wife,Black,Female,0,0,50,United-States
43205,47,Self-emp-not-inc,Assoc-acdm,12,Widowed,Prof-specialty,Unmarried,White,Female,0,0,35,United-States
9813,44,Local-gov,Masters,14,Married-civ-spouse,Prof-specialty,Wife,White,Female,0,0,40,United-States
42791,46,Private,HS-grad,9,Married-civ-spouse,Craft-repair,Husband,Black,Male,0,0,35,United-States
2696,47,Private,HS-grad,9,Married-civ-spouse,Transport-moving,Husband,White,Male,7688,0,55,United-States
43490,50,Private,Masters,14,Married-civ-spouse,Tech-support,Husband,White,Male,0,0,45,United-States
15995,50,Private,Bachelors,13,Married-civ-spouse,Craft-repair,Husband,White,Male,0,0,40,United-States
15326,44,Private,Some-college,10,Married-civ-spouse,Exec-managerial,Husband,White,Male,0,0,50,United-States
24712,40,Self-emp-not-inc,HS-grad,9,Married-civ-spouse,Other-service,Husband,White,Male,0,0,45,United-States
45864,44,Private,Bachelors,13,Separated,Exec-managerial,Not-in-family,White,Male,0,0,38,United-States
2101,47,State-gov,Bachelors,13,Divorced,Exec-managerial,Not-in-family,White,Female,0,0,40,United-States
17141,48,Private,Some-college,10,Divorced,Adm-clerical,Not-in-family,White,Female,0,1590,38,United-States
41789,41,Local-gov,Masters,14,Never-married,Prof-specialty,Own-child,White,Female,8614,0,50,United-States
19283,44,Private,Masters,14,Married-civ-spouse,Prof-specialty,Husband,White,Male,7688,0,55,United-States
9587,43,Self-emp-not-inc,Some-college,10,Married-civ-spouse,Farming-fishing,Husband,White,Male,0,0,50,United-States
20626,42,Private,Some-college,10,Married-civ-spouse,Exec-managerial,Husband,White,Male,0,0,50,United-States
18764,48,Federal-gov,Masters,14,Married-civ-spouse,Prof-specialty,Husband,White,Male,0,0,40,United-States
44777,42,Private,Bachelors,13,Divorced,Exec-managerial,Not-in-family,White,Female,0,0,50,United-States
37177,50,Private,Doctorate,16,Married-civ-spouse,Prof-specialty,Husband,White,Male,99999,0,50,United-States
24379,44,Self-emp-not-inc,Some-college,10,Married-civ-spouse,Sales,Husband,Asian-Pac-Islander,Male,0,0,80,Philippines
48256,46,Private,Bachelors,13,Married-civ-spouse,Exec-managerial,Husband,White,Male,0,0,32,United-States
22571,43,Self-emp-inc,Masters,14,Married-civ-spouse,Exec-managerial,Husband,White,Male,0,0,50,United-States
2623,42,Private,HS-grad,9,Married-civ-spouse,Craft-repair,Husband,Amer-Indian-Eskimo,Male,0,0,60,United-States
12644,45,Private,11th,7,Married-civ-spouse,Craft-repair,Husband,White,Male,0,0,40,?
21170,48,Private,HS-grad,9,Widowed,Adm-clerical,Not-in-family,White,Female,0,0,32,United-States
7577,40,?,Bachelors,13,Never-married,?,Own-child,White,Female,0,0,40,United-States
46242,46,Self-emp-not-inc,Bachelors,13,Married-civ-spouse,Sales,Husband,White,Male,0,0,60,United-States
37458,41,Private,HS-grad,9,Divorced,Sales,Unmarried,White,Female,0,0,40,United-States
12888,50,Self-emp-not-inc,HS-grad,9,Married-civ-spouse,Farming-fishing,Husband,White,Male,0,0,30,United-States
28648,49,Private,HS-grad,9,Married-civ-spouse,Craft-repair,Husband,White,Male,0,0,46,United-States
35086,48,Private,Bachelors,13,Married-civ-spouse,Craft-repair,Husband,White,Male,0,0,40,United-States
45911,42,Private,HS-grad,9,Divorced,Craft-repair,Not-in-family,White,Male,0,0,40,United-States
43176,43,Local-gov,Some-college,10,Divorced,Exec-managerial,Not-in-family,White,Female,0,0,40,United-States
24887,45,Self-emp-not-inc,Bachelors,13,Divorced,Exec-managerial,Unmarried,White,Male,0,0,50,United-States
37826,42,Private,Bachelors,13,Married-civ-spouse,Exec-managerial,Wife,White,Female,0,1485,17,United-States
27113,48,Self-emp-inc,HS-grad,9,Married-civ-spouse,Farming-fishing,Husband,White,Male,0,0,40,United-States
26611,41,Local-gov,Some-college,10,Married-civ-spouse,Adm-clerical,Wife,Black,Female,0,0,40,United-States
5414,50,Local-gov,HS-grad,9,Divorced,Adm-clerical,Not-in-family,White,Female,0,0,40,United-States
6039,43,Private,HS-grad,9,Married-civ-spouse,Other-service,Husband,Asian-Pac-Islander,Male,0,0,60,Japan
25551,40,Private,Some-college,10,Divorced,Machine-op-inspct,Own-child,White,Male,0,0,40,United-States
12936,40,Local-gov,HS-grad,9,Divorced,Craft-repair,Own-child,White,Female,0,0,40,Puerto-Rico
35136,43,Private,Bachelors,13,Married-civ-spouse,Exec-managerial,Husband,White,Male,0,1902,40,United-States
28831,44,Private,Prof-school,15,Married-civ-spouse,Exec-managerial,Husband,White,Male,0,0,55,United-States
25954,46,Private,HS-grad,9,Married-civ-spouse,Adm-clerical,Wife,White,Female,3103,0,52,United-States
47364,49,Private,HS-grad,9,Married-civ-spouse,Craft-repair,Wife,White,Female,7688,0,40,United-States
23443,41,Private,HS-grad,9,Married-civ-spouse,Machine-op-inspct,Husband,White,Male,0,0,40,United-States
2861,47,Private,Masters,14,Married-civ-spouse,Sales,Husband,White,Male,0,0,40,United-States
41107,50,Local-gov,HS-grad,9,Never-married,Adm-clerical,Own-child,White,Female,0,0,40,United-States
48661,43,Private,Some-college,10,Married-civ-spouse,Craft-repair,Husband,Black,Male,5178,0,40,United-States
20871,44,Local-gov,Assoc-voc,11,Never-married,Tech-support,Not-in-family,White,Male,0,1340,40,United-States
15571,42,Private,HS-grad,9,Separated,Craft-repair,Unmarried,White,Male,0,0,40,United-States
44407,41,Private,Masters,14,Married-civ-spouse,Prof-specialty,Wife,White,Female,15024,0,40,United-States
9277,50,Local-gov,Masters,14,Married-civ-spouse,Prof-specialty,Husband,White,Male,0,0,50,United-States
29841,43,Self-emp-inc,Bachelors,13,Married-civ-spouse,Sales,Husband,White,Male,0,0,45,United-States
19730,40,Federal-gov,Assoc-acdm,12,Married-civ-spouse,Prof-specialty,Husband,White,Male,0,0,40,United-States
1765,46,Private,Masters,14,Divorced,Exec-managerial,Not-in-family,White,Female,27828,0,50,United-States
16926,41,Private,Some-college,10,Married-civ-spouse,Exec-managerial,Husband,White,Male,0,0,40,United-States
12757,46,State-gov,Assoc-acdm,12,Married-civ-spouse,Tech-support,Husband,White,Male,0,0,38,United-States
33391,50,Private,Masters,14,Married-civ-spouse,Exec-managerial,Husband,White,Male,0,0,55,United-States
46307,43,Private,9th,5,Married-spouse-absent,Craft-repair,Not-in-family,White,Male,0,0,50,?
12855,49,Private,Bachelors,13,Married-civ-spouse,Other-service,Husband,White,Male,0,0,40,United-States
39643,40,Private,Some-college,10,Married-civ-spouse,Sales,Husband,White,Male,0,0,40,Dominican-Republic
2464,46,Private,Assoc-voc,11,Divorced,Protective-serv,Not-in-family,Black,Male,0,0,40,United-States
25924,45,Private,Some-college,10,Married-civ-spouse,Sales,Husband,White,Male,0,0,45,United-States
3172,43,Self-emp-not-inc,Masters,14,Married-civ-spouse,Sales,Husband,White,Male,0,0,60,United-States
45585,40,Private,Some-college,10,Married-civ-spouse,Tech-support,Husband,White,Male,0,0,50,United-States
37435,48,Private,Bachelors,13,Divorced,Exec-managerial,Not-in-family,White,Female,0,0,50,United-States
31975,50,Private,Bachelors,13,Married-civ-spouse,Sales,Husband,White,Male,0,0,35,United-States
40300,49,Self-emp-not-inc,HS-grad,9,Married-civ-spouse,Prof-specialty,Husband,White,Male,0,0,60,Cuba
31497,49,Self-emp-inc,Some-college,10,Married-civ-spouse,Sales,Husband,White,Male,0,0,50,United-States
47366,46,Private,HS-grad,9,Divorced,Adm-clerical,Not-in-family,White,Female,0,0,40,United-States
34730,45,Private,Prof-school,15,Married-civ-spouse,Prof-specialty,Husband,White,Male,99999,0,50,United-States
45178,47,?,HS-grad,9,Divorced,?,Unmarried,White,Female,0,0,40,United-States
24989,43,Private,Assoc-acdm,12,Married-civ-spouse,Tech-support,Husband,Asian-Pac-Islander,Male,0,0,40,United-States
5541,50,Private,5th-6th,3,Married-civ-spouse,Handlers-cleaners,Husband,White,Male,0,0,55,?
25472,43,Private,Some-college,10,Married-civ-spouse,Craft-repair,Husband,White,Male,0,0,45,United-States
6065,42,Self-emp-inc,Bachelors,13,Married-civ-spouse,Exec-managerial,Husband,White,Male,0,0,70,United-States
28701,40,Private,Assoc-voc,11,Married-civ-spouse,Adm-clerical,Husband,White,Male,0,0,40,United-States
23335,44,Federal-gov,HS-grad,9,Married-civ-spouse,Adm-clerical,Husband,White,Male,0,0,40,United-States
414,46,Private,Doctorate,16,Married-civ-spouse,Exec-managerial,Husband,White,Male,15024,0,60,United-States
9400,50,Local-gov,Bachelors,13,Married-civ-spouse,Prof-specialty,Husband,White,Male,0,0,45,United-States
23754,41,Private,HS-grad,9,Married-civ-spouse,Machine-op-inspct,Husband,White,Male,0,0,40,Mexico
46369,48,Private,Assoc-voc,11,Married-civ-spouse,Handlers-cleaners,Husband,White,Male,5013,0,40,United-States
18665,47,Private,HS-grad,9,Divorced,Machine-op-inspct,Not-in-family,White,Male,4650,0,40,United-States
20603,42,Private,Bachelors,13,Married-civ-spouse,Adm-clerical,Wife,White,Female,0,0,40,United-States
34757,45,Private,Bachelors,13,Married-civ-spouse,Other-service,Husband,White,Male,0,0,40,United-States
29324,46,Private,Bachelors,13,Married-civ-spouse,Transport-moving,Husband,White,Male,0,0,50,?
14407,41,Private,Bachelors,13,Married-civ-spouse,Tech-support,Husband,White,Male,0,1902,42,United-States
20039,49,?,HS-grad,9,Married-civ-spouse,?,Husband,White,Male,0,0,40,Puerto-Rico
10555,49,Private,7th-8th,4,Married-civ-spouse,Machine-op-inspct,Husband,White,Male,0,0,40,United-States
47192,47,Private,Some-college,10,Married-civ-spouse,Adm-clerical,Wife,White,Female,0,0,40,United-States
6261,42,Private,HS-grad,9,Divorced,Craft-repair,Other-relative,White,Female,0,0,40,United-States
18094,42,Private,Assoc-acdm,12,Divorced,Adm-clerical,Not-in-family,White,Male,0,0,40,United-States
1179,47,Private,HS-grad,9,Never-married,Adm-clerical,Unmarried,White,Female,0,0,40,United-States
10768,41,Private,HS-grad,9,Married-civ-spouse,Exec-managerial,Husband,White,Male,0,0,40,United-States
38124,45,Private,Assoc-acdm,12,Divorced,Prof-specialty,Unmarried,White,Female,0,0,43,United-States
9708,43,Local-gov,HS-grad,9,Separated,Other-service,Not-in-family,White,Male,0,0,40,United-States
3657,43,Private,HS-grad,9,Married-civ-spouse,Machine-op-inspct,Husband,White,Male,0,0,44,Mexico
23007,40,Private,Assoc-voc,11,Married-civ-spouse,Prof-specialty,Husband,White,Male,0,0,40,United-States
408,46,Self-emp-not-inc,HS-grad,9,Married-civ-spouse,Craft-repair,Husband,White,Male,0,0,25,United-States
3948,42,?,HS-grad,9,Divorced,?,Not-in-family,Black,Female,0,0,40,United-States
39469,45,Private,Some-college,10,Married-civ-spouse,Exec-managerial,Husband,White,Male,0,0,50,United-States
37713,43,Private,Assoc-acdm,12,Married-civ-spouse,Exec-managerial,Wife,Black,Female,0,0,40,?
44772,46,Private,HS-grad,9,Divorced,Craft-repair,Not-in-family,White,Male,0,0,40,United-States
41727,43,Private,Some-college,10,Divorced,Other-service,Not-in-family,White,Female,0,0,30,United-States
33274,44,Self-emp-inc,Some-college,10,Married-civ-spouse,Craft-repair,Husband,White,Male,0,0,40,United-States
2278,42,Private,HS-grad,9,Married-civ-spouse,Craft-repair,Husband,White,Male,0,0,40,United-States
41367,49,Private,Some-college,10,Never-married,Priv-house-serv,Not-in-family,Black,Female,0,0,90,Jamaica
39008,50,Self-emp-inc,Masters,14,Married-civ-spouse,Exec-managerial,Husband,White,Male,0,0,50,United-States
24562,40,Private,Assoc-voc,11,Married-civ-spouse,Prof-specialty,Husband,White,Male,0,0,40,United-States
41363,40,Private,Bachelors,13,Married-civ-spouse,Exec-managerial,Husband,White,Male,0,0,60,United-States
35405,41,Private,5th-6th,3,Married-civ-spouse,Farming-fishing,Husband,White,Male,0,0,30,Mexico
47898,47,?,HS-grad,9,Never-married,?,Not-in-family,White,Male,0,0,12,United-States
7521,40,Private,HS-grad,9,Divorced,Craft-repair,Not-in-family,White,Male,0,0,40,United-States
10934,41,Local-gov,Assoc-voc,11,Never-married,Other-service,Not-in-family,White,Male,0,0,40,United-States
10317,40,State-gov,Masters,14,Never-married,Exec-managerial,Not-in-family,White,Female,0,0,35,United-States
38651,48,Private,Masters,14,Married-civ-spouse,Prof-specialty,Husband,White,Male,0,0,35,United-States
9030,47,Private,Some-college,10,Married-civ-spouse,Exec-managerial,Husband,White,Male,0,0,50,United-States
3011,44,Self-emp-inc,HS-grad,9,Married-civ-spouse,Sales,Wife,White,Female,0,0,60,United-States
48724,48,Private,Bachelors,13,Married-civ-spouse,Sales,Husband,White,Male,0,0,45,United-States
1135,42,?,Some-college,10,Divorced,?,Unmarried,White,Male,0,0,40,United-States
40838,48,Private,Masters,14,Married-civ-spouse,Exec-managerial,Husband,White,Male,0,0,40,United-States
17757,42,Local-gov,Prof-school,15,Married-civ-spouse,Exec-managerial,Husband,White,Male,0,0,55,United-States
41136,43,Private,HS-grad,9,Never-married,Craft-repair,Own-child,White,Male,0,0,20,United-States
26690,40,Local-gov,Assoc-acdm,12,Married-civ-spouse,Protective-serv,Husband,White,Male,0,0,40,United-States
44194,43,Private,7th-8th,4,Widowed,Other-service,Unmarried,White,Female,0,0,38,Mexico
45224,43,Private,11th,7,Divorced,Farming-fishing,Not-in-family,White,Male,0,0,80,United-States
375,44,Private,HS-grad,9,Never-married,Craft-repair,Not-in-family,Black,Male,0,0,40,United-States
3386,44,Private,10th,6,Married-civ-spouse,Transport-moving,Husband,White,Male,0,0,40,United-States
12037,42,Private,Some-college,10,Married-civ-spouse,Other-service,Wife,Black,Female,0,0,30,United-States
43481,46,Private,11th,7,Married-civ-spouse,Machine-op-inspct,Husband,White,Male,0,0,40,United-States
22402,40,Federal-gov,Masters,14,Never-married,Tech-support,Not-in-family,White,Female,0,0,40,United-States
29461,45,Self-emp-inc,Prof-school,15,Married-civ-spouse,Prof-specialty,Husband,White,Male,0,0,55,United-States
9115,40,Private,Some-college,10,Married-civ-spouse,Sales,Other-relative,White,Male,0,0,40,United-States
39326,50,Private,9th,5,Divorced,Adm-clerical,Unmarried,White,Female,0,0,40,United-States
47261,45,Private,HS-grad,9,Married-civ-spouse,Craft-repair,Husband,White,Male,0,0,40,United-States
12900,41,Private,Bachelors,13,Divorced,Tech-support,Unmarried,Black,Male,7430,0,45,?
23898,50,Local-gov,Some-college,10,Married-civ-spouse,Craft-repair,Husband,White,Male,7688,0,40,United-States
26955,46,Private,HS-grad,9,Widowed,Adm-clerical,Unmarried,White,Female,0,0,43,United-States
24224,44,Local-gov,Assoc-voc,11,Married-civ-spouse,Craft-repair,Husband,White,Male,7688,0,40,United-States
6943,44,Self-emp-inc,Some-college,10,Married-civ-spouse,Exec-managerial,Husband,White,Male,0,0,50,United-States
21486,40,Private,Some-college,10,Never-married,Sales,Unmarried,Black,Female,0,0,45,United-States
16255,46,Private,Some-college,10,Married-civ-spouse,Sales,Husband,White,Male,0,0,50,United-States
25249,45,Private,Assoc-voc,11,Widowed,Adm-clerical,Not-in-family,Asian-Pac-Islander,Female,0,0,40,United-States
28400,40,Private,HS-grad,9,Divorced,Other-service,Not-in-family,White,Female,0,0,35,United-States
359,42,Private,HS-grad,9,Married-civ-spouse,Adm-clerical,Wife,White,Female,0,0,35,United-States
37145,42,Private,Some-college,10,Never-married,Sales,Not-in-family,White,Male,0,0,80,United-States
34682,41,Private,HS-grad,9,Divorced,Sales,Unmarried,White,Female,0,0,40,United-States
17793,41,Private,Bachelors,13,Married-civ-spouse,Tech-support,Husband,White,Male,0,0,40,United-States
2305,45,Private,Bachelors,13,Married-civ-spouse,Sales,Husband,White,Male,0,1902,40,United-States
36791,47,Federal-gov,Assoc-voc,11,Married-civ-spouse,Adm-clerical,Husband,White,Male,0,0,40,United-States
46639,50,Local-gov,HS-grad,9,Married-civ-spouse,Adm-clerical,Wife,White,Female,0,0,40,United-States
11658,50,Private,HS-grad,9,Married-civ-spouse,Craft-repair,Husband,White,Male,0,0,60,United-States
15723,50,Private,HS-grad,9,Married-civ-spouse,Craft-repair,Husband,White,Male,0,0,40,United-States
8863,46,Private,Masters,14,Married-civ-spouse,Exec-managerial,Husband,White,Male,0,0,55,United-States
27854,42,?,9th,5,Never-married,?,Own-child,Black,Male,0,0,35,United-States
7432,46,Private,HS-grad,9,Divorced,Tech-support,Not-in-family,White,Female,0,0,30,United-States
17365,43,Private,Bachelors,13,Married-civ-spouse,Prof-specialty,Husband,White,Male,0,0,40,United-States
33949,44,Local-gov,Masters,14,Divorced,Prof-specialty,Not-in-family,White,Female,0,0,50,United-States
27011,42,Self-emp-inc,Bachelors,13,Married-civ-spouse,Sales,Husband,White,Male,0,0,60,United-States
18815,43,Self-emp-not-inc,Prof-school,15,Married-civ-spouse,Prof-specialty,Husband,White,Male,0,0,60,United-States
20424,44,Private,Doctorate,16,Married-civ-spouse,Exec-managerial,Husband,Asian-Pac-Islander,Male,15024,0,40,Japan
27110,42,Local-gov,HS-grad,9,Married-civ-spouse,Farming-fishing,Husband,White,Male,0,0,40,El-Salvador
232,41,Private,HS-grad,9,Divorced,Sales,Unmarried,Black,Female,0,0,38,United-States
3503,40,Private,Prof-school,15,Married-civ-spouse,Craft-repair,Husband,White,Male,5178,0,40,Mexico
34392,41,State-gov,HS-grad,9,Married-civ-spouse,Adm-clerical,Wife,White,Female,0,0,38,United-States
13068,48,Self-emp-inc,HS-grad,9,Married-civ-spouse,Craft-repair,Husband,White,Male,0,0,36,United-States
18030,44,Self-emp-not-inc,Assoc-voc,11,Widowed,Prof-specialty,Unmarried,White,Female,0,0,40,United-States
27399,50,State-gov,HS-grad,9,Married-civ-spouse,Protective-serv,Husband,White,Male,0,0,40,United-States
45938,43,Private,HS-grad,9,Married-civ-spouse,Handlers-cleaners,Wife,White,Female,0,0,48,United-States
36084,42,Self-emp-not-inc,Some-college,10,Never-married,Exec-managerial,Not-in-family,White,Male,0,0,40,United-States
4024,41,Private,HS-grad,9,Never-married,Adm-clerical,Other-relative,White,Female,0,0,40,United-States
32505,50,Private,Masters,14,Divorced,Sales,Not-in-family,White,Female,0,0,50,United-States
20028,40,Private,Bachelors,13,Divorced,Prof-specialty,Not-in-family,White,Female,0,0,40,United-States
22771,41,Private,Bachelors,13,Divorced,Exec-managerial,Unmarried,White,Female,0,0,45,United-States
2136,44,Private,HS-grad,9,Never-married,Sales,Not-in-family,Asian-Pac-Islander,Female,0,0,40,United-States
9254,45,Private,HS-grad,9,Divorced,Adm-clerical,Not-in-family,White,Female,0,0,40,United-States
38611,46,Private,Some-college,10,Married-civ-spouse,Machine-op-inspct,Husband,White,Male,0,0,50,United-States
22151,43,Local-gov,HS-grad,9,Married-civ-spouse,Craft-repair,Husband,White,Male,0,0,40,United-States
14599,44,Private,HS-grad,9,Divorced,Adm-clerical,Unmarried,White,Female,0,0,40,United-States
18672,45,Private,10th,6,Married-civ-spouse,Craft-repair,Husband,White,Male,0,0,60,United-States
41723,47,Private,HS-grad,9,Widowed,Craft-repair,Not-in-family,White,Male,0,0,40,United-States
36503,48,Private,Masters,14,Divorced,Prof-specialty,Not-in-family,White,Male,0,0,25,United-States
13133,50,Local-gov,Masters,14,Married-civ-spouse,Prof-specialty,Wife,White,Female,0,1902,40,United-States
5571,42,Private,Some-college,10,Married-civ-spouse,Craft-repair,Husband,White,Male,7298,0,45,United-States
12159,41,Private,HS-grad,9,Married-civ-spouse,Adm-clerical,Husband,White,Male,0,0,40,United-States
28174,49,State-gov,Doctorate,16,Never-married,Exec-managerial,Not-in-family,White,Female,0,2258,50,United-States
25699,46,Private,Masters,14,Married-civ-spouse,Prof-specialty,Husband,White,Male,15024,0,50,United-States
28908,43,Private,Bachelors,13,Divorced,Machine-op-inspct,Other-relative,White,Male,0,0,40,United-States
17788,41,Private,Doctorate,16,Married-civ-spouse,Prof-specialty,Husband,White,Male,0,0,50,United-States
39449,47,Private,HS-grad,9,Never-married,Sales,Not-in-family,White,Female,0,0,65,United-States
25289,44,State-gov,Masters,14,Married-civ-spouse,Exec-managerial,Husband,White,Male,0,1902,40,United-States
5529,43,Local-gov,Bachelors,13,Divorced,Prof-specialty,Own-child,White,Female,0,0,39,United-States
6182,50,Private,Prof-school,15,Married-civ-spouse,Prof-specialty,Husband,White,Male,0,0,60,United-States
25863,48,Self-emp-not-inc,HS-grad,9,Married-civ-spouse,Craft-repair,Husband,White,Male,0,1902,40,United-States
45701,42,Private,Some-college,10,Separated,Prof-specialty,Not-in-family,White,Male,0,2231,50,Canada
14930,47,Private,Some-college,10,Married-civ-spouse,Exec-managerial,Husband,White,Male,0,0,40,United-States
42569,46,Private,10th,6,Married-civ-spouse,Craft-repair,Husband,White,Male,0,0,40,United-States
37294,46,Self-emp-not-inc,Some-college,10,Married-civ-spouse,Exec-managerial,Wife,White,Female,0,0,50,United-States
11948,43,State-gov,HS-grad,9,Never-married,Adm-clerical,Not-in-family,White,Female,0,0,40,United-States
1569,43,Local-gov,Bachelors,13,Married-civ-spouse,Craft-repair,Husband,White,Male,0,0,40,United-States
4808,42,Local-gov,11th,7,Divorced,Sales,Unmarried,White,Male,7430,0,50,Puerto-Rico
35480,45,State-gov,Masters,14,Divorced,Exec-managerial,Not-in-family,White,Female,0,0,70,United-States
9609,40,Private,HS-grad,9,Married-civ-spouse,Sales,Wife,White,Female,0,0,30,United-States
18086,44,Private,Bachelors,13,Married-civ-spouse,Prof-specialty,Husband,White,Male,0,0,35,United-States
24184,49,?,Bachelors,13,Divorced,?,Own-child,White,Female,0,0,40,United-States
35286,42,Private,Masters,14,Married-civ-spouse,Prof-specialty,Husband,White,Male,0,0,23,United-States
5311,40,Private,Some-college,10,Divorced,Exec-managerial,Not-in-family,White,Female,0,0,40,United-States
23489,40,Private,Assoc-voc,11,Married-civ-spouse,Farming-fishing,Husband,White,Male,0,0,60,United-States
26044,42,Private,Assoc-voc,11,Divorced,Exec-managerial,Own-child,Amer-Indian-Eskimo,Female,0,0,40,United-States
40032,40,Local-gov,HS-grad,9,Married-civ-spouse,Transport-moving,Husband,White,Male,0,0,55,United-States
8250,44,Federal-gov,Prof-school,15,Married-civ-spouse,Prof-specialty,Husband,White,Male,0,0,40,United-States
39475,46,Private,HS-grad,9,Married-civ-spouse,Craft-repair,Husband,White,Male,0,0,40,United-States
33730,46,Private,12th,8,Married-civ-spouse,Craft-repair,Husband,White,Male,0,0,40,United-States
26754,44,Private,Some-college,10,Divorced,Machine-op-inspct,Not-in-family,White,Male,0,0,40,United-States
34010,43,Private,Some-college,10,Never-married,Adm-clerical,Unmarried,White,Male,0,0,38,United-States
20109,43,Private,Some-college,10,Divorced,Craft-repair,Not-in-family,White,Male,0,0,40,United-States
6638,46,Federal-gov,Doctorate,16,Never-married,Prof-specialty,Not-in-family,White,Female,0,1564,50,United-States
32303,45,Local-gov,HS-grad,9,Married-civ-spouse,Protective-serv,Husband,White,Male,0,0,40,United-States
25336,46,Self-emp-inc,Masters,14,Married-civ-spouse,Sales,Husband,White,Male,0,1977,60,United-States
31117,46,Private,9th,5,Divorced,Exec-managerial,Unmarried,White,Female,0,0,40,United-States
16441,49,Private,10th,6,Married-civ-spouse,Exec-managerial,Husband,White,Male,0,0,40,United-States
44413,45,Private,Masters,14,Divorced,Prof-specialty,Not-in-family,White,Female,0,0,55,United-States
28505,43,Private,Assoc-acdm,12,Divorced,Craft-repair,Not-in-family,White,Male,0,0,40,United-States
3966,41,Private,HS-grad,9,Married-civ-spouse,Transport-moving,Wife,White,Female,0,0,20,United-States
21930,42,Private,HS-grad,9,Divorced,Transport-moving,Not-in-family,White,Male,0,0,50,United-States
38690,45,Self-emp-not-inc,Prof-school,15,Married-civ-spouse,Prof-specialty,Husband,White,Male,7298,0,60,United-States
23891,42,Private,Bachelors,13,Married-civ-spouse,Craft-repair,Wife,Black,Female,0,0,35,United-States
43817,41,Private,Some-college,10,Married-civ-spouse,Tech-support,Husband,White,Male,0,0,40,Haiti
12836,44,State-gov,11th,7,Separated,Tech-support,Not-in-family,Black,Male,0,0,40,United-States
20035,47,Self-emp-not-inc,Bachelors,13,Never-married,Farming-fishing,Not-in-family,White,Male,0,0,65,United-States
44017,46,Self-emp-not-inc,Prof-school,15,Never-married,Prof-specialty,Not-in-family,White,Male,0,0,99,United-States
43897,44,Self-emp-not-inc,Bachelors,13,Married-civ-spouse,Craft-repair,Husband,White,Male,0,0,50,United-States
33370,44,State-gov,HS-grad,9,Divorced,Adm-clerical,Unmarried,White,Female,0,0,38,United-States
41953,41,Private,Some-college,10,Married-civ-spouse,Adm-clerical,Husband,White,Male,3103,0,40,United-States
4159,46,Private,HS-grad,9,Divorced,Priv-house-serv,Unmarried,White,Female,0,0,28,Ecuador
42296,40,Private,Masters,14,Widowed,Sales,Own-child,Asian-Pac-Islander,Female,0,0,50,United-States
15581,42,?,11th,7,Married-civ-spouse,?,Husband,White,Male,0,0,22,Ecuador
8555,43,Federal-gov,Masters,14,Married-civ-spouse,Prof-specialty,Husband,White,Male,0,0,40,United-States
11613,47,Private,HS-grad,9,Married-civ-spouse,Sales,Husband,White,Male,0,0,50,United-States
12111,48,Private,Masters,14,Married-civ-spouse,Exec-managerial,Husband,White,Male,0,0,40,United-States
6492,46,State-gov,HS-grad,9,Married-civ-spouse,Transport-moving,Husband,White,Male,0,0,40,United-States
14321,43,Private,Masters,14,Married-civ-spouse,Prof-specialty,Husband,White,Male,0,0,40,United-States
27627,48,Private,Assoc-voc,11,Married-civ-spouse,Craft-repair,Husband,White,Male,0,0,40,United-States
21455,47,Private,HS-grad,9,Divorced,Sales,Not-in-family,White,Female,0,0,40,United-States
16898,40,Private,HS-grad,9,Married-civ-spouse,Exec-managerial,Husband,White,Male,7688,0,50,United-States
36404,49,Self-emp-inc,HS-grad,9,Married-civ-spouse,Sales,Husband,White,Male,0,0,50,United-States
43756,46,Private,HS-grad,9,Married-civ-spouse,Transport-moving,Husband,Black,Male,0,0,40,United-States
36880,41,Private,Assoc-voc,11,Married-civ-spouse,Craft-repair,Husband,White,Male,0,0,45,United-States
16128,43,Private,HS-grad,9,Married-civ-spouse,Machine-op-inspct,Husband,White,Male,0,0,40,United-States
36325,43,Local-gov,Prof-school,15,Never-married,Prof-specialty,Not-in-family,White,Male,0,0,40,United-States
7320,46,Private,1st-4th,2,Separated,Machine-op-inspct,Own-child,White,Female,0,0,40,Guatemala
6254,42,Private,HS-grad,9,Widowed,Sales,Unmarried,White,Male,0,0,40,United-States
16834,42,Private,HS-grad,9,Married-civ-spouse,Craft-repair,Husband,White,Male,0,0,40,United-States
11888,44,Private,Some-college,10,Divorced,Adm-clerical,Unmarried,White,Female,0,0,40,United-States
2842,45,Local-gov,Prof-school,15,Divorced,Prof-specialty,Unmarried,Black,Female,0,1726,40,United-States
6336,46,Private,HS-grad,9,Married-civ-spouse,Sales,Wife,White,Female,0,0,40,United-States
41947,48,Local-gov,Masters,14,Married-civ-spouse,Exec-managerial,Husband,White,Male,0,0,40,United-States
30805,41,Private,1st-4th,2,Married-civ-spouse,Sales,Husband,White,Male,0,0,50,Mexico
26738,47,Private,Some-college,10,Divorced,Exec-managerial,Unmarried,White,Female,0,0,40,United-States
25441,46,Private,HS-grad,9,Married-civ-spouse,Craft-repair,Husband,Black,Male,0,0,40,United-States
31864,40,Self-emp-not-inc,Bachelors,13,Married-civ-spouse,Exec-managerial,Husband,White,Male,0,0,45,United-States
11336,50,Private,Bachelors,13,Married-civ-spouse,Exec-managerial,Husband,White,Male,0,0,40,United-States
42276,43,Private,Some-college,10,Married-civ-spouse,Adm-clerical,Husband,White,Male,0,0,45,United-States
15002,44,Private,Masters,14,Married-civ-spouse,Prof-specialty,Husband,White,Male,0,0,44,United-States
33785,50,Private,Some-college,10,Divorced,Sales,Unmarried,White,Male,0,0,45,United-States
743,42,Private,Masters,14,Never-married,Exec-managerial,Not-in-family,White,Female,14084,0,50,United-States
18129,40,Private,HS-grad,9,Never-married,Craft-repair,Not-in-family,White,Male,0,0,40,United-States
17125,45,Private,Masters,14,Married-civ-spouse,Exec-managerial,Husband,White,Male,4386,0,40,United-States
26150,40,Private,HS-grad,9,Married-civ-spouse,Craft-repair,Husband,White,Male,0,0,40,United-States
3253,46,Local-gov,Bachelors,13,Never-married,Prof-specialty,Not-in-family,White,Female,0,0,40,United-States
10568,47,Federal-gov,Bachelors,13,Never-married,Adm-clerical,Unmarried,Black,Male,0,0,40,United-States
32956,41,?,HS-grad,9,Never-married,?,Own-child,White,Female,3418,0,40,United-States
27106,49,Private,Bachelors,13,Married-civ-spouse,Sales,Husband,White,Male,0,0,45,United-States
36142,40,Private,7th-8th,4,Married-civ-spouse,Machine-op-inspct,Husband,White,Male,0,0,30,United-States
32175,44,Self-emp-not-inc,Bachelors,13,Never-married,Sales,Not-in-family,White,Male,0,0,42,United-States
17323,47,Self-emp-inc,HS-grad,9,Married-civ-spouse,Sales,Husband,White,Male,0,0,55,United-States
14242,40,Self-emp-not-inc,HS-grad,9,Divorced,Craft-repair,Not-in-family,White,Male,0,0,45,Canada
27548,50,Self-emp-not-inc,Some-college,10,Married-civ-spouse,Farming-fishing,Husband,White,Male,7688,0,40,United-States
36360,43,Private,Some-college,10,Divorced,Adm-clerical,Unmarried,White,Female,0,0,38,United-States
18409,47,Self-emp-inc,Prof-school,15,Married-civ-spouse,Prof-specialty,Husband,White,Male,99999,0,50,United-States
14676,48,Private,Some-college,10,Divorced,Adm-clerical,Not-in-family,White,Female,0,0,48,United-States
22382,48,Private,HS-grad,9,Widowed,Adm-clerical,Unmarried,White,Female,0,0,40,United-States
39992,46,Self-emp-inc,Bachelors,13,Married-civ-spouse,Other-service,Husband,Black,Male,0,1977,60,United-States
45378,48,Private,Masters,14,Never-married,Prof-specialty,Not-in-family,White,Male,0,0,50,United-States
26224,46,Private,HS-grad,9,Married-civ-spouse,Machine-op-inspct,Husband,White,Male,3411,0,35,Guatemala
32130,48,Private,Some-college,10,Married-civ-spouse,Craft-repair,Other-relative,Asian-Pac-Islander,Male,0,0,40,Cambodia
44253,40,Private,HS-grad,9,Married-civ-spouse,Machine-op-inspct,Husband,White,Male,0,0,40,United-States
4630,45,Private,Some-college,10,Married-civ-spouse,Adm-clerical,Wife,White,Female,0,0,24,Canada
11274,40,Self-emp-not-inc,HS-grad,9,Divorced,Craft-repair,Not-in-family,White,Male,0,0,40,United-States
34498,41,Private,Bachelors,13,Divorced,Prof-specialty,Not-in-family,White,Female,0,0,40,United-States
40299,41,Local-gov,HS-grad,9,Separated,Other-service,Not-in-family,Black,Female,4101,0,40,United-States
20213,41,Self-emp-not-inc,Bachelors,13,Married-civ-spouse,Farming-fishing,Husband,White,Male,0,0,75,United-States
4179,49,Private,HS-grad,9,Married-civ-spouse,Adm-clerical,Husband,White,Male,0,0,40,United-States
21246,40,Private,Bachelors,13,Married-civ-spouse,Exec-managerial,Husband,White,Male,0,0,40,United-States
11185,41,State-gov,Bachelors,13,Married-civ-spouse,Prof-specialty,Wife,White,Female,0,0,40,United-States
14041,40,Federal-gov,HS-grad,9,Divorced,Adm-clerical,Unmarried,White,Female,0,0,22,United-States
37753,50,Private,Some-college,10,Married-civ-spouse,Craft-repair,Husband,White,Male,0,0,50,United-States
3391,45,Private,Doctorate,16,Widowed,Prof-specialty,Unmarried,White,Male,15020,0,40,Iran
40517,41,Private,HS-grad,9,Married-civ-spouse,Craft-repair,Husband,White,Male,7688,0,42,United-States
20737,42,Private,Masters,14,Married-civ-spouse,Adm-clerical,Husband,White,Male,0,1902,40,United-States
28878,43,Private,Bachelors,13,Married-civ-spouse,Exec-managerial,Husband,White,Male,0,0,45,United-States
4223,41,Private,Some-college,10,Divorced,Craft-repair,Not-in-family,White,Male,0,0,40,United-States
16417,47,Private,HS-grad,9,Married-civ-spouse,Machine-op-inspct,Husband,White,Male,0,0,48,United-States
46929,44,Federal-gov,Bachelors,13,Separated,Exec-managerial,Unmarried,Black,Female,0,0,60,United-States
39455,47,Private,Masters,14,Never-married,Prof-specialty,Not-in-family,White,Female,0,0,40,England
10826,47,Private,11th,7,Divorced,Craft-repair,Not-in-family,White,Female,0,0,45,United-States
16806,41,Federal-gov,HS-grad,9,Married-civ-spouse,Tech-support,Husband,White,Male,0,0,40,United-States
7736,49,Self-emp-not-inc,HS-grad,9,Married-civ-spouse,Sales,Husband,White,Male,0,0,60,Greece
27150,44,Private,Bachelors,13,Married-civ-spouse,Tech-support,Husband,White,Male,0,0,40,United-States
140,49,Private,Some-college,10,Married-civ-spouse,Craft-repair,Husband,Asian-Pac-Islander,Male,0,0,40,United-States
11536,42,Self-emp-not-inc,10th,6,Widowed,Transport-moving,Unmarried,White,Male,0,0,35,United-States
45774,45,Local-gov,Assoc-acdm,12,Married-civ-spouse,Exec-managerial,Husband,White,Male,0,0,40,United-States
8224,48,Private,Bachelors,13,Married-civ-spouse,Sales,Husband,White,Male,4386,0,50,United-States
27493,41,Private,Masters,14,Married-civ-spouse,Prof-specialty,Wife,White,Female,0,0,45,England
42110,43,Private,Masters,14,Never-married,Prof-specialty,Not-in-family,White,Male,0,0,60,United-States
23125,43,Self-emp-not-inc,Bachelors,13,Divorced,Sales,Unmarried,White,Male,0,0,45,United-States
48560,49,Federal-gov,Some-college,10,Never-married,Craft-repair,Not-in-family,Black,Male,0,0,40,United-States
33080,41,Private,Doctorate,16,Married-civ-spouse,Prof-specialty,Husband,White,Male,0,2051,60,United-States
3338,46,Private,Bachelors,13,Married-civ-spouse,Exec-managerial,Husband,White,Male,0,0,50,United-States
48498,44,Private,Some-college,10,Separated,Adm-clerical,Unmarried,White,Female,0,0,40,United-States
19845,43,Federal-gov,Some-college,10,Married-civ-spouse,Adm-clerical,Wife,White,Female,0,0,40,United-States
13884,42,Private,Masters,14,Divorced,Prof-specialty,Unmarried,White,Female,0,0,40,United-States
26880,41,Private,HS-grad,9,Married-civ-spouse,Craft-repair,Husband,Asian-Pac-Islander,Male,0,0,40,Taiwan
14745,50,Private,Masters,14,Divorced,Exec-managerial,Not-in-family,White,Female,0,0,35,United-States
3994,42,Private,Bachelors,13,Married-spouse-absent,Tech-support,Own-child,Asian-Pac-Islander,Female,0,0,40,United-States
59,41,Private,HS-grad,9,Married-civ-spouse,Adm-clerical,Husband,White,Male,0,0,48,United-States
21913,44,Private,Some-college,10,Married-civ-spouse,Craft-repair,Husband,White,Male,0,0,56,United-States
40919,46,Private,Doctorate,16,Married-civ-spouse,Prof-specialty,Husband,White,Male,0,0,55,United-States
48786,50,Self-emp-not-inc,Bachelors,13,Divorced,Craft-repair,Not-in-family,White,Male,27828,0,16,United-States
13855,42,Private,HS-grad,9,Married-civ-spouse,Craft-repair,Husband,White,Male,0,1672,40,United-States
13552,40,Private,Doctorate,16,Married-civ-spouse,Exec-managerial,Husband,Asian-Pac-Islander,Male,3103,0,40,India
7675,46,Private,Assoc-acdm,12,Married-civ-spouse,Machine-op-inspct,Husband,White,Male,0,0,40,United-States
7901,40,?,HS-grad,9,Married-civ-spouse,?,Wife,Black,Female,3464,0,20,United-States
13753,46,Private,HS-grad,9,Married-civ-spouse,Craft-repair,Husband,Black,Male,4064,0,40,United-States
38654,41,Private,HS-grad,9,Separated,Machine-op-inspct,Not-in-family,Black,Male,0,0,50,United-States
44339,43,Self-emp-inc,Bachelors,13,Married-civ-spouse,Sales,Husband,White,Male,0,1977,60,United-States
47640,46,Private,5th-6th,3,Married-civ-spouse,Other-service,Wife,Asian-Pac-Islander,Female,0,0,40,Philippines
11283,40,Private,HS-grad,9,Married-civ-spouse,Machine-op-inspct,Husband,White,Male,0,0,40,United-States
15977,48,Private,HS-grad,9,Married-civ-spouse,Craft-repair,Husband,White,Male,0,0,40,United-States
5301,41,Private,HS-grad,9,Divorced,Handlers-cleaners,Unmarried,White,Male,0,0,55,United-States
42579,50,Private,10th,6,Married-civ-spouse,Transport-moving,Husband,White,Male,0,0,40,United-States
30958,45,Private,Bachelors,13,Married-civ-spouse,Craft-repair,Husband,White,Male,3103,0,40,United-States
7934,40,Private,Some-college,10,Married-civ-spouse,Adm-clerical,Wife,White,Female,0,0,40,United-States
20849,50,Private,HS-grad,9,Married-civ-spouse,Sales,Husband,White,Male,0,0,55,United-States
13876,44,Private,HS-grad,9,Divorced,Adm-clerical,Not-in-family,White,Female,0,0,40,United-States
35955,40,Private,Some-college,10,Married-civ-spouse,Exec-managerial,Husband,White,Male,0,1902,50,United-States
22116,43,Private,HS-grad,9,Divorced,Exec-managerial,Unmarried,White,Female,0,0,40,United-States
48294,48,?,HS-grad,9,Married-civ-spouse,?,Husband,White,Male,0,0,48,United-States
2414,50,Private,Some-college,10,Never-married,Farming-fishing,Not-in-family,White,Male,0,0,40,United-States
17292,42,Self-emp-not-inc,HS-grad,9,Married-civ-spouse,Craft-repair,Husband,White,Male,0,0,35,United-States
23302,45,Private,Bachelors,13,Divorced,Sales,Not-in-family,White,Male,0,0,60,United-States
24261,43,Private,Bachelors,13,Married-civ-spouse,Sales,Husband,White,Male,0,0,40,United-States
15382,44,Private,HS-grad,9,Married-civ-spouse,Adm-clerical,Husband,White,Male,0,0,48,United-States
35506,40,Federal-gov,Some-college,10,Married-civ-spouse,Adm-clerical,Husband,White,Male,0,1887,40,United-States
45780,48,Private,HS-grad,9,Never-married,Handlers-cleaners,Not-in-family,White,Male,0,0,40,United-States
41567,47,Private,Some-college,10,Separated,Other-service,Not-in-family,White,Male,0,0,21,United-States
26525,41,Private,Assoc-acdm,12,Married-civ-spouse,Tech-support,Husband,White,Male,0,0,75,United-States
40430,41,Self-emp-not-inc,Some-college,10,Married-civ-spouse,Machine-op-inspct,Husband,White,Male,0,0,30,United-States
14713,46,Private,Bachelors,13,Never-married,Prof-specialty,Own-child,White,Male,0,0,60,United-States
19380,45,Private,Some-college,10,Married-civ-spouse,Transport-moving,Husband,White,Male,0,0,55,United-States
15406,49,Local-gov,HS-grad,9,Married-civ-spouse,Protective-serv,Husband,White,Male,0,0,40,United-States
22635,42,Private,Bachelors,13,Married-civ-spouse,Prof-specialty,Husband,White,Male,0,0,44,United-States
13788,43,State-gov,Bachelors,13,Married-civ-spouse,Exec-managerial,Husband,White,Male,0,0,55,United-States
46941,43,Private,Bachelors,13,Never-married,Machine-op-inspct,Not-in-family,White,Male,0,0,15,United-States
15188,43,Private,Some-college,10,Married-civ-spouse,Exec-managerial,Husband,White,Male,0,0,55,United-States
4612,41,Private,HS-grad,9,Married-civ-spouse,Sales,Husband,Amer-Indian-Eskimo,Male,0,0,50,United-States
25423,50,Private,HS-grad,9,Married-civ-spouse,Craft-repair,Husband,White,Male,0,0,50,United-States
2560,43,Private,Some-college,10,Married-civ-spouse,Adm-clerical,Wife,White,Female,4064,0,15,United-States
5161,42,Local-gov,Bachelors,13,Married-civ-spouse,Prof-specialty,Wife,White,Female,0,0,45,United-States
10642,42,Private,HS-grad,9,Divorced,Craft-repair,Unmarried,White,Male,0,0,40,United-States
22549,43,Private,Assoc-acdm,12,Married-civ-spouse,Sales,Husband,White,Male,0,0,40,United-States
21027,46,Private,11th,7,Divorced,Handlers-cleaners,Unmarried,Black,Female,0,0,40,United-States
39042,45,Private,HS-grad,9,Divorced,Adm-clerical,Unmarried,White,Female,0,0,40,United-States
36080,45,Self-emp-not-inc,Bachelors,13,Married-civ-spouse,Farming-fishing,Husband,White,Male,0,0,60,United-States
20685,50,Private,Masters,14,Married-civ-spouse,Exec-managerial,Husband,White,Male,15024,0,50,United-States
16223,40,Private,HS-grad,9,Never-married,Sales,Own-child,Black,Male,0,0,40,United-States
15398,40,Private,Assoc-voc,11,Married-civ-spouse,Sales,Husband,White,Male,0,0,50,United-States
37814,44,Private,Assoc-acdm,12,Married-civ-spouse,Other-service,Husband,White,Male,0,0,40,United-States
2269,44,Private,HS-grad,9,Married-civ-spouse,Craft-repair,Husband,White,Male,0,0,40,Poland
591,42,?,HS-grad,9,Married-civ-spouse,?,Husband,White,Male,0,0,40,United-States
38774,44,Private,Bachelors,13,Separated,Tech-support,Unmarried,Black,Female,0,0,40,United-States
6296,40,Self-emp-inc,Masters,14,Married-civ-spouse,Exec-managerial,Wife,White,Female,15024,0,30,Iran
11409,41,Private,Bachelors,13,Married-civ-spouse,Prof-specialty,Husband,White,Male,0,0,40,United-States
45502,42,Private,Bachelors,13,Married-civ-spouse,Prof-specialty,Husband,White,Male,0,0,40,United-States
41983,40,Private,HS-grad,9,Married-civ-spouse,Farming-fishing,Husband,White,Male,99999,0,75,United-States
23326,45,Private,HS-grad,9,Divorced,Craft-repair,Not-in-family,White,Male,0,0,40,United-States
25171,42,Private,Some-college,10,Never-married,Other-service,Not-in-family,White,Male,0,0,40,United-States
47651,49,Private,Bachelors,13,Married-civ-spouse,Sales,Husband,White,Male,0,0,50,United-States
47169,48,Federal-gov,Bachelors,13,Married-civ-spouse,Protective-serv,Husband,White,Male,0,0,50,United-States
10455,41,Private,Some-college,10,Never-married,Prof-specialty,Not-in-family,White,Female,0,0,45,United-States
39597,47,Self-emp-not-inc,11th,7,Married-civ-spouse,Farming-fishing,Husband,White,Male,0,0,60,United-States
9523,40,Private,HS-grad,9,Widowed,Other-service,Unmarried,White,Female,0,0,25,United-States
10369,49,Private,Some-college,10,Separated,Exec-managerial,Not-in-family,White,Female,0,0,45,United-States
32937,40,Private,HS-grad,9,Married-civ-spouse,Exec-managerial,Husband,White,Male,0,0,40,United-States
19679,41,Private,Some-college,10,Divorced,Adm-clerical,Unmarried,White,Female,0,0,38,United-States
45463,41,Private,Masters,14,Married-civ-spouse,Exec-managerial,Husband,White,Male,0,1902,40,United-States
4172,50,Local-gov,HS-grad,9,Divorced,Other-service,Unmarried,White,Female,0,0,49,Dominican-Republic
24692,46,Private,Assoc-voc,11,Married-civ-spouse,Transport-moving,Husband,Amer-Indian-Eskimo,Male,0,0,60,United-States
44893,42,Private,Some-college,10,Married-civ-spouse,Machine-op-inspct,Wife,Black,Female,0,0,48,United-States
44289,50,Private,Bachelors,13,Married-civ-spouse,Craft-repair,Husband,White,Male,0,1887,40,United-States
7552,46,State-gov,Some-college,10,Never-married,Exec-managerial,Not-in-family,White,Female,0,0,40,United-States
29987,44,Private,Masters,14,Married-civ-spouse,Adm-clerical,Husband,White,Male,0,0,40,United-States
7652,40,Federal-gov,Some-college,10,Married-civ-spouse,Craft-repair,Husband,White,Male,0,1579,40,United-States
47303,44,Private,Some-college,10,Married-civ-spouse,Craft-repair,Husband,White,Male,0,0,40,United-States
44730,45,Private,HS-grad,9,Never-married,Adm-clerical,Own-child,White,Male,0,0,40,United-States
8028,45,Private,Bachelors,13,Separated,Exec-managerial,Not-in-family,White,Female,0,0,55,United-States
5760,46,Private,Assoc-voc,11,Divorced,Tech-support,Other-relative,White,Female,0,0,36,United-States
44559,50,Self-emp-not-inc,Bachelors,13,Divorced,Exec-managerial,Not-in-family,White,Male,0,0,50,United-States
9349,45,Private,Bachelors,13,Married-civ-spouse,Exec-managerial,Husband,White,Male,15024,0,60,United-States
21876,49,Private,7th-8th,4,Married-civ-spouse,Craft-repair,Husband,White,Male,0,0,40,United-States
29033,47,State-gov,Doctorate,16,Married-civ-spouse,Prof-specialty,Husband,White,Male,0,0,40,United-States
3226,42,Self-emp-not-inc,Bachelors,13,Married-civ-spouse,Farming-fishing,Husband,White,Male,0,1902,80,United-States
11029,48,Local-gov,Some-college,10,Married-civ-spouse,Exec-managerial,Husband,White,Male,0,0,40,United-States
45462,40,Private,HS-grad,9,Married-civ-spouse,Sales,Own-child,White,Female,0,0,30,United-States
44499,42,Private,Some-college,10,Married-civ-spouse,Sales,Husband,White,Male,0,0,90,United-States
38152,50,Private,HS-grad,9,Divorced,Machine-op-inspct,Unmarried,White,Male,0,0,40,United-States
895,42,Self-emp-not-inc,Prof-school,15,Married-civ-spouse,Farming-fishing,Husband,White,Male,0,0,65,United-States
15883,42,Private,HS-grad,9,Widowed,Exec-managerial,Not-in-family,Black,Female,0,0,35,United-States
30528,40,Private,Bachelors,13,Married-civ-spouse,Tech-support,Husband,White,Male,0,0,40,United-States
13284,46,Private,Some-college,10,Married-civ-spouse,Sales,Husband,White,Male,0,0,40,United-States
44560,45,Private,HS-grad,9,Never-married,Other-service,Not-in-family,White,Female,0,0,40,El-Salvador
30806,40,Private,HS-grad,9,Married-spouse-absent,Craft-repair,Not-in-family,White,Male,0,0,40,United-States
3230,45,Private,7th-8th,4,Divorced,Machine-op-inspct,Not-in-family,White,Male,0,0,48,United-States
44534,42,Private,5th-6th,3,Separated,Handlers-cleaners,Unmarried,White,Female,0,0,40,United-States
46788,43,Local-gov,Some-college,10,Married-civ-spouse,Farming-fishing,Husband,White,Male,0,0,40,United-States
3485,42,Private,HS-grad,9,Never-married,Craft-repair,Own-child,Black,Male,0,0,40,?
25623,45,Private,HS-grad,9,Married-civ-spouse,Craft-repair,Husband,White,Male,0,1887,40,United-States
14708,45,Private,Doctorate,16,Married-civ-spouse,Exec-managerial,Husband,White,Male,0,0,60,United-States
19094,41,Local-gov,Some-college,10,Never-married,Prof-specialty,Other-relative,White,Male,0,0,7,United-States
8605,43,Local-gov,Some-college,10,Married-civ-spouse,Craft-repair,Husband,White,Male,0,0,40,United-States
27892,50,Private,HS-grad,9,Divorced,Protective-serv,Not-in-family,White,Male,0,0,40,United-States
46794,43,Private,HS-grad,9,Never-married,Craft-repair,Not-in-family,White,Female,0,0,46,United-States
24230,45,Self-emp-not-inc,Doctorate,16,Married-civ-spouse,Prof-specialty,Husband,White,Male,15024,0,40,United-States
3839,45,Self-emp-not-inc,Some-college,10,Married-civ-spouse,Exec-managerial,Husband,Amer-Indian-Eskimo,Male,3137,0,40,United-States
30011,47,Private,Some-college,10,Married-civ-spouse,Craft-repair,Husband,White,Male,0,0,40,?
16556,48,Self-emp-not-inc,7th-8th,4,Never-married,Farming-fishing,Not-in-family,White,Male,0,0,50,United-States
41781,49,Private,HS-grad,9,Separated,Sales,Not-in-family,White,Female,0,0,40,United-States
21087,43,Private,Some-college,10,Married-civ-spouse,Handlers-cleaners,Husband,White,Male,0,0,40,United-States
9320,40,Private,HS-grad,9,Married-civ-spouse,Adm-clerical,Husband,White,Male,2829,0,40,United-States
37591,41,Private,Assoc-voc,11,Divorced,Tech-support,Not-in-family,White,Female,0,0,40,United-States
12769,44,Private,Some-college,10,Married-civ-spouse,Sales,Husband,White,Male,0,0,60,United-States
37490,42,Self-emp-inc,Bachelors,13,Married-civ-spouse,Exec-managerial,Husband,White,Male,0,0,50,United-States
15620,48,Private,Bachelors,13,Married-civ-spouse,Sales,Husband,Black,Male,0,0,40,United-States
22579,48,Self-emp-inc,Masters,14,Married-civ-spouse,Sales,Husband,White,Male,0,0,40,United-States
46017,46,Federal-gov,Bachelors,13,Married-civ-spouse,Adm-clerical,Husband,White,Male,0,0,40,United-States
45471,45,Private,Some-college,10,Never-married,Exec-managerial,Not-in-family,Other,Male,13550,0,60,India
10019,45,Private,HS-grad,9,Never-married,Sales,Own-child,White,Female,0,0,19,United-States
17453,47,Self-emp-inc,7th-8th,4,Never-married,Craft-repair,Not-in-family,Other,Male,0,0,40,?
7193,44,Private,Bachelors,13,Divorced,Prof-specialty,Unmarried,Black,Male,0,0,40,United-States
24616,47,Private,Some-college,10,Divorced,Adm-clerical,Unmarried,Black,Female,0,0,40,United-States
22418,42,Self-emp-inc,Some-college,10,Married-civ-spouse,Prof-specialty,Husband,Amer-Indian-Eskimo,Male,2885,0,30,United-States
44141,50,Local-gov,Some-college,10,Widowed,Adm-clerical,Unmarried,White,Female,0,0,35,United-States
45384,43,Private,HS-grad,9,Married-civ-spouse,Sales,Other-relative,White,Female,0,0,20,United-States
23778,47,Private,Some-college,10,Divorced,Exec-managerial,Not-in-family,White,Female,0,0,48,United-States
39437,42,Private,7th-8th,4,Divorced,Other-service,Unmarried,White,Female,0,0,40,?
135,46,Private,Assoc-acdm,12,Divorced,Tech-support,Not-in-family,Black,Female,0,0,36,United-States
20502,40,Private,11th,7,Never-married,Other-service,Other-relative,White,Male,0,0,40,United-States
11150,42,Private,HS-grad,9,Married-civ-spouse,Craft-repair,Husband,White,Male,5178,0,40,United-States
1658,47,Private,HS-grad,9,Married-civ-spouse,Craft-repair,Husband,White,Male,0,0,48,United-States
31304,42,Private,HS-grad,9,Divorced,Farming-fishing,Not-in-family,White,Male,0,0,44,United-States
12659,44,Private,Some-college,10,Separated,Adm-clerical,Unmarried,White,Female,0,0,38,United-States
11189,50,Private,HS-grad,9,Married-civ-spouse,Machine-op-inspct,Other-relative,Asian-Pac-Islander,Female,0,0,40,China
39149,43,Private,Bachelors,13,Married-civ-spouse,Prof-specialty,Wife,White,Female,0,0,30,United-States
23388,48,Private,Some-college,10,Separated,Adm-clerical,Unmarried,White,Female,0,0,44,United-States
20261,42,Private,Some-college,10,Divorced,Other-service,Unmarried,White,Female,0,0,32,United-States
47768,48,Private,Masters,14,Married-civ-spouse,Craft-repair,Husband,White,Male,0,0,54,United-States
9646,43,Private,5th-6th,3,Married-spouse-absent,Farming-fishing,Unmarried,White,Male,0,0,35,Mexico
10460,49,Private,Masters,14,Married-civ-spouse,Exec-managerial,Husband,White,Male,0,0,45,United-States
14118,41,Private,Prof-school,15,Married-civ-spouse,Prof-specialty,Husband,White,Male,99999,0,65,United-States
8290,42,Self-emp-not-inc,HS-grad,9,Married-civ-spouse,Craft-repair,Husband,White,Male,0,2002,40,United-States
18424,43,Private,HS-grad,9,Married-civ-spouse,Transport-moving,Husband,White,Male,0,0,40,United-States
44617,44,Private,HS-grad,9,Married-civ-spouse,Machine-op-inspct,Husband,White,Male,0,0,45,United-States
20089,48,Self-emp-inc,7th-8th,4,Married-civ-spouse,Craft-repair,Husband,White,Male,0,0,50,United-States
45605,41,Local-gov,Masters,14,Married-civ-spouse,Prof-specialty,Husband,White,Male,0,0,40,United-States
2129,44,Local-gov,HS-grad,9,Married-civ-spouse,Other-service,Wife,Black,Female,0,0,38,Jamaica
10218,49,Private,Some-college,10,Married-civ-spouse,Other-service,Husband,White,Male,0,0,17,United-States
29849,41,Local-gov,HS-grad,9,Married-civ-spouse,Craft-repair,Husband,White,Male,0,0,40,United-States
1690,44,Private,Doctorate,16,Married-civ-spouse,Prof-specialty,Husband,White,Male,0,0,40,United-States
19586,41,Local-gov,Some-college,10,Married-civ-spouse,Farming-fishing,Husband,White,Male,0,0,40,United-States
31570,46,Self-emp-not-inc,Doctorate,16,Never-married,Prof-specialty,Not-in-family,White,Female,0,0,45,United-States
33975,45,State-gov,Assoc-voc,11,Married-civ-spouse,Prof-specialty,Husband,White,Male,0,0,40,United-States
31068,47,Private,Bachelors,13,Married-civ-spouse,Sales,Husband,White,Male,0,0,40,United-States
20715,49,Private,HS-grad,9,Married-civ-spouse,Machine-op-inspct,Husband,White,Male,4064,0,50,United-States
6172,47,Private,HS-grad,9,Married-civ-spouse,Handlers-cleaners,Husband,White,Male,4064,0,60,United-States
23058,45,Private,HS-grad,9,Divorced,Adm-clerical,Unmarried,White,Female,0,0,28,United-States
15416,46,Private,Bachelors,13,Married-civ-spouse,Exec-managerial,Husband,White,Male,0,0,40,United-States
24029,49,Private,Assoc-voc,11,Married-civ-spouse,Prof-specialty,Wife,White,Female,15024,0,60,United-States
15035,45,Private,Doctorate,16,Married-civ-spouse,Exec-managerial,Husband,White,Male,0,0,45,United-States
39649,47,Private,HS-grad,9,Married-civ-spouse,Adm-clerical,Husband,White,Male,15024,0,40,United-States
42429,48,Private,Assoc-acdm,12,Married-civ-spouse,Exec-managerial,Husband,White,Male,7298,0,55,United-States
32714,50,Private,7th-8th,4,Married-civ-spouse,Machine-op-inspct,Husband,White,Male,0,0,20,United-States
2067,46,Private,HS-grad,9,Married-civ-spouse,Exec-managerial,Husband,White,Male,0,0,40,United-States
27271,40,Private,HS-grad,9,Separated,Machine-op-inspct,Not-in-family,White,Female,0,0,40,United-States
37251,50,Local-gov,Some-college,10,Divorced,Protective-serv,Not-in-family,White,Male,0,0,40,United-States
6576,45,Private,HS-grad,9,Never-married,Handlers-cleaners,Not-in-family,White,Male,0,0,40,United-States
11116,47,Private,HS-grad,9,Separated,Craft-repair,Unmarried,Black,Female,0,0,40,United-States
43209,50,Without-pay,HS-grad,9,Married-civ-spouse,Machine-op-inspct,Own-child,White,Female,0,1887,40,United-States
947,40,Private,Some-college,10,Divorced,Adm-clerical,Unmarried,White,Female,0,0,40,United-States
36673,40,Private,Bachelors,13,Married-civ-spouse,Prof-specialty,Wife,White,Female,0,0,5,United-States
22966,42,Private,7th-8th,4,Married-civ-spouse,Transport-moving,Husband,White,Male,0,0,40,United-States
40066,40,Private,Masters,14,Divorced,Exec-managerial,Not-in-family,White,Male,0,1408,50,United-States
17550,46,Private,HS-grad,9,Divorced,Adm-clerical,Unmarried,White,Female,0,0,45,United-States
26043,43,Private,Prof-school,15,Divorced,Exec-managerial,Not-in-family,White,Male,0,0,40,United-States
32966,43,Private,HS-grad,9,Married-civ-spouse,Machine-op-inspct,Husband,White,Male,0,0,65,United-States
34176,49,Private,HS-grad,9,Separated,Handlers-cleaners,Not-in-family,White,Male,0,0,40,United-States
46667,42,Self-emp-not-inc,Assoc-voc,11,Divorced,Craft-repair,Not-in-family,White,Male,0,0,40,Cambodia
25602,40,Local-gov,Some-college,10,Never-married,Protective-serv,Not-in-family,White,Male,0,2444,40,United-States
19436,49,Private,10th,6,Divorced,Machine-op-inspct,Not-in-family,Black,Male,0,0,40,United-States
46576,47,Private,HS-grad,9,Separated,Craft-repair,Unmarried,White,Male,0,0,40,United-States
31233,44,Private,Bachelors,13,Married-civ-spouse,Sales,Husband,White,Male,7688,0,50,United-States
14392,48,Private,HS-grad,9,Married-civ-spouse,Exec-managerial,Husband,White,Male,0,0,60,United-States
6050,44,Private,HS-grad,9,Married-civ-spouse,Transport-moving,Husband,Amer-Indian-Eskimo,Male,0,0,40,United-States
17639,50,Federal-gov,Bachelors,13,Married-civ-spouse,Exec-managerial,Husband,White,Male,7298,0,40,United-States
32107,45,Self-emp-not-inc,Some-college,10,Divorced,Craft-repair,Not-in-family,White,Male,0,0,30,United-States
22774,41,Self-emp-inc,9th,5,Married-civ-spouse,Sales,Wife,White,Female,0,0,70,Dominican-Republic
9580,43,Private,Masters,14,Divorced,Other-service,Unmarried,White,Female,0,0,40,United-States
29186,48,Private,Some-college,10,Never-married,Craft-repair,Unmarried,White,Female,0,0,38,United-States
2718,42,Private,Bachelors,13,Divorced,Sales,Unmarried,White,Male,0,0,45,?
20145,41,Federal-gov,Some-college,10,Divorced,Prof-specialty,Unmarried,White,Female,0,0,40,United-States
26293,40,Private,Some-college,10,Divorced,Other-service,Not-in-family,White,Female,0,0,40,United-States
36496,50,Private,7th-8th,4,Married-civ-spouse,Craft-repair,Husband,Black,Male,0,0,40,United-States
40542,44,Private,Bachelors,13,Never-married,Prof-specialty,Not-in-family,White,Male,0,0,40,United-States
37701,45,Private,Bachelors,13,Married-civ-spouse,Prof-specialty,Husband,White,Male,0,0,40,United-States
1675,47,Private,Assoc-acdm,12,Married-civ-spouse,Adm-clerical,Wife,White,Female,0,0,40,Italy
9361,50,Private,HS-grad,9,Divorced,Machine-op-inspct,Unmarried,Black,Female,0,0,44,United-States
25857,42,Self-emp-not-inc,Some-college,10,Never-married,Craft-repair,Unmarried,White,Male,0,0,40,United-States
45625,45,Private,Masters,14,Never-married,Exec-managerial,Not-in-family,White,Female,0,2824,50,United-States
40826,44,Self-emp-not-inc,HS-grad,9,Married-civ-spouse,Sales,Husband,White,Male,0,0,48,?
14695,47,Self-emp-not-inc,Some-college,10,Divorced,Other-service,Unmarried,White,Female,0,0,45,United-States
20828,47,Private,11th,7,Never-married,Machine-op-inspct,Unmarried,Black,Female,6849,0,40,United-States
7581,49,Private,HS-grad,9,Never-married,Handlers-cleaners,Own-child,White,Male,0,0,80,United-States
1386,45,Private,Some-college,10,Never-married,Machine-op-inspct,Own-child,White,Male,0,0,45,United-States
46206,42,Private,Bachelors,13,Married-civ-spouse,Sales,Husband,White,Male,0,0,40,United-States
11684,47,Self-emp-not-inc,Some-college,10,Married-civ-spouse,Other-service,Husband,Black,Male,0,0,40,United-States
11649,42,Federal-gov,Bachelors,13,Divorced,Adm-clerical,Own-child,White,Male,0,0,40,United-States
3863,41,Private,Assoc-voc,11,Married-civ-spouse,Tech-support,Husband,White,Male,0,1848,48,United-States
45320,48,Local-gov,Masters,14,Widowed,Prof-specialty,Unmarried,White,Female,0,0,44,United-States
28296,44,Private,HS-grad,9,Never-married,Machine-op-inspct,Not-in-family,Asian-Pac-Islander,Female,0,0,45,Laos
32493,42,Self-emp-not-inc,HS-grad,9,Divorced,Sales,Own-child,White,Male,0,0,50,?
44605,47,Self-emp-not-inc,Bachelors,13,Divorced,Exec-managerial,Not-in-family,White,Female,0,0,5,United-States
16924,41,Private,Assoc-voc,11,Married-civ-spouse,Other-service,Husband,Asian-Pac-Islander,Male,7298,0,60,India
30247,49,Local-gov,Prof-school,15,Married-civ-spouse,Prof-specialty,Wife,White,Female,0,1977,60,United-States
1629,45,Private,HS-grad,9,Married-civ-spouse,Machine-op-inspct,Wife,White,Female,0,1740,40,United-States
9034,41,Private,Some-college,10,Married-civ-spouse,Craft-repair,Husband,White,Male,0,0,40,United-States
40671,49,Private,HS-grad,9,Divorced,Exec-managerial,Unmarried,White,Female,0,0,40,United-States
37430,40,Self-emp-inc,Bachelors,13,Married-civ-spouse,Exec-managerial,Husband,White,Male,0,0,55,United-States
17138,43,Self-emp-inc,HS-grad,9,Married-civ-spouse,Sales,Husband,White,Male,0,0,50,United-States
18438,42,Local-gov,Masters,14,Married-civ-spouse,Prof-specialty,Husband,White,Male,0,0,55,United-States
25871,41,Private,7th-8th,4,Married-civ-spouse,Craft-repair,Husband,White,Male,0,0,40,?
20,43,Self-emp-not-inc,Masters,14,Divorced,Exec-managerial,Unmarried,White,Female,0,0,45,United-States
11781,43,State-gov,Masters,14,Married-civ-spouse,Exec-managerial,Husband,White,Male,0,0,40,United-States
10180,43,Self-emp-inc,Doctorate,16,Married-civ-spouse,Prof-specialty,Wife,White,Female,0,0,70,United-States
12207,49,Self-emp-not-inc,HS-grad,9,Married-civ-spouse,Craft-repair,Husband,White,Male,0,0,50,Mexico
39368,47,Private,HS-grad,9,Married-civ-spouse,Handlers-cleaners,Husband,White,Male,0,0,40,United-States
13614,43,Federal-gov,Bachelors,13,Never-married,Tech-support,Not-in-family,White,Male,0,0,50,United-States
9300,48,Self-emp-not-inc,Bachelors,13,Married-civ-spouse,Prof-specialty,Husband,White,Male,0,0,40,United-States
24503,45,Private,Bachelors,13,Never-married,Prof-specialty,Not-in-family,White,Male,0,0,40,United-States
42319,46,Private,HS-grad,9,Divorced,Craft-repair,Unmarried,White,Male,0,0,40,United-States
11800,43,Private,HS-grad,9,Married-civ-spouse,Adm-clerical,Wife,White,Female,0,0,40,United-States
3531,46,Private,Some-college,10,Married-civ-spouse,Sales,Husband,White,Male,0,0,50,United-States
17447,40,Private,Bachelors,13,Married-civ-spouse,Tech-support,Husband,White,Male,0,0,40,United-States
36438,41,Private,Some-college,10,Divorced,Other-service,Unmarried,White,Male,0,0,59,United-States
26717,43,Private,Bachelors,13,Married-civ-spouse,Sales,Husband,White,Male,0,1902,55,United-States
39932,45,Private,Some-college,10,Never-married,Machine-op-inspct,Own-child,White,Male,0,0,40,United-States
46864,48,Private,Some-college,10,Never-married,Sales,Not-in-family,White,Male,0,0,70,United-States
38635,44,Private,HS-grad,9,Widowed,Other-service,Unmarried,White,Female,0,0,40,United-States
29478,44,Private,Some-college,10,Married-civ-spouse,Sales,Husband,White,Male,0,0,55,United-States
23912,47,Self-emp-not-inc,HS-grad,9,Married-civ-spouse,Farming-fishing,Husband,White,Male,0,0,60,United-States
1676,43,Private,Masters,14,Divorced,Exec-managerial,Unmarried,White,Male,0,0,50,United-States
48071,40,Private,HS-grad,9,Married-civ-spouse,Handlers-cleaners,Husband,Black,Male,0,0,40,United-States
18780,50,Private,Bachelors,13,Never-married,Exec-managerial,Not-in-family,White,Male,0,0,50,United-States
7338,44,Self-emp-not-inc,Prof-school,15,Married-civ-spouse,Prof-specialty,Husband,White,Male,0,0,70,United-States
32478,49,?,12th,8,Divorced,?,Other-relative,Black,Male,0,0,40,United-States
13811,41,Private,Bachelors,13,Married-civ-spouse,Sales,Wife,White,Female,0,0,12,United-States
28609,40,Self-emp-not-inc,Some-college,10,Never-married,Machine-op-inspct,Not-in-family,White,Male,0,0,35,United-States
28658,46,Private,11th,7,Never-married,Transport-moving,Own-child,White,Male,0,0,30,United-States
21786,43,Private,Some-college,10,Married-civ-spouse,Sales,Husband,White,Male,0,0,40,United-States
40876,41,Private,Assoc-voc,11,Divorced,Prof-specialty,Unmarried,White,Female,3887,0,40,United-States
12797,41,Private,HS-grad,9,Divorced,Other-service,Not-in-family,White,Female,0,0,40,United-States
21970,40,Federal-gov,Some-college,10,Married-civ-spouse,Farming-fishing,Husband,White,Male,0,0,40,United-States
26082,40,?,7th-8th,4,Separated,?,Not-in-family,White,Female,0,0,8,United-States
32299,44,Private,Some-college,10,Divorced,Adm-clerical,Unmarried,White,Female,0,0,40,United-States
38285,42,Private,Doctorate,16,Divorced,Exec-managerial,Not-in-family,White,Male,0,0,60,United-States
19289,48,Private,Masters,14,Never-married,Exec-managerial,Not-in-family,White,Male,0,0,40,United-States
31565,45,Private,Bachelors,13,Never-married,Adm-clerical,Not-in-family,Black,Female,0,0,40,United-States
7257,40,Private,HS-grad,9,Never-married,Adm-clerical,Not-in-family,White,Female,0,0,45,United-States
45451,46,Local-gov,HS-grad,9,Never-married,Other-service,Unmarried,White,Female,0,0,40,United-States
18762,41,Private,Some-college,10,Divorced,Craft-repair,Not-in-family,White,Female,0,0,50,United-States
35526,49,Private,HS-grad,9,Married-civ-spouse,Prof-specialty,Husband,White,Male,0,0,50,United-States
956,41,Private,10th,6,Married-civ-spouse,Craft-repair,Husband,White,Male,0,0,30,?
9989,43,Private,Bachelors,13,Married-civ-spouse,Sales,Husband,White,Male,0,0,50,United-States
23692,41,Private,HS-grad,9,Married-civ-spouse,Machine-op-inspct,Husband,White,Male,0,0,40,United-States
43040,48,Private,Assoc-acdm,12,Married-civ-spouse,Craft-repair,Husband,White,Male,0,1848,46,United-States
25581,48,Private,HS-grad,9,Separated,Adm-clerical,Not-in-family,White,Female,0,2001,40,United-States
45292,42,Private,Masters,14,Married-civ-spouse,Exec-managerial,Husband,White,Male,0,0,40,United-States
23539,50,?,HS-grad,9,Married-civ-spouse,?,Husband,White,Male,0,0,60,United-States
23817,42,Private,HS-grad,9,Married-civ-spouse,Adm-clerical,Husband,White,Male,0,0,45,United-States
5709,43,Self-emp-not-inc,Prof-school,15,Married-civ-spouse,Prof-specialty,Husband,White,Male,0,0,30,United-States
39154,44,Local-gov,Some-college,10,Married-civ-spouse,Handlers-cleaners,Husband,Black,Male,0,0,40,United-States
12006,47,Local-gov,Masters,14,Married-civ-spouse,Prof-specialty,Husband,White,Male,0,0,60,United-States
44005,46,Self-emp-inc,Assoc-voc,11,Divorced,Exec-managerial,Not-in-family,White,Female,8614,0,70,United-States
44562,44,Local-gov,Masters,14,Never-married,Prof-specialty,Not-in-family,White,Male,8614,0,33,United-States
46002,45,Private,Bachelors,13,Married-civ-spouse,Prof-specialty,Husband,White,Male,15024,0,40,United-States
25285,47,Private,HS-grad,9,Married-civ-spouse,Tech-support,Husband,White,Male,0,0,40,United-States
33045,46,Private,Bachelors,13,Divorced,Exec-managerial,Not-in-family,White,Male,27828,0,50,United-States
37986,44,Self-emp-not-inc,Some-college,10,Never-married,Craft-repair,Not-in-family,White,Male,0,0,20,United-States
6327,41,Self-emp-not-inc,HS-grad,9,Divorced,Other-service,Unmarried,White,Female,0,0,40,United-States
29362,46,Private,HS-grad,9,Divorced,Adm-clerical,Own-child,White,Female,0,0,45,United-States
1454,49,Self-emp-inc,Masters,14,Married-civ-spouse,Exec-managerial,Husband,White,Male,0,0,50,United-States
24127,46,Private,Bachelors,13,Divorced,Adm-clerical,Not-in-family,White,Male,0,0,40,Portugal
7491,41,Private,HS-grad,9,Married-civ-spouse,Craft-repair,Husband,White,Male,0,0,40,United-States
8866,47,Private,HS-grad,9,Married-civ-spouse,Machine-op-inspct,Wife,White,Female,0,0,40,United-States
17885,44,Private,Prof-school,15,Married-civ-spouse,Prof-specialty,Husband,White,Male,0,0,50,United-States
21131,49,Private,Bachelors,13,Never-married,Tech-support,Unmarried,Asian-Pac-Islander,Female,0,0,40,India
