age,workclass,education,education_num,marital_status,occupation,relationship,race,sex,capital_gain,capital_loss,hours_per_week,native_country
69,?,HS-grad,9,Married-civ-spouse,?,Husband,White,Male,0,0,24,United-States
88,Self-emp-not-inc,11th,7,Married-civ-spouse,Farming-fishing,Husband,White,Male,6418,0,40,United-States
76,Private,HS-grad,9,Widowed,Adm-clerical,Not-in-family,White,Female,0,0,8,United-States
68,Self-emp-not-inc,10th,6,Widowed,Farming-fishing,Unmarried,White,Male,0,0,20,United-States
76,Self-emp-not-inc,Some-college,10,Widowed,Sales,Not-in-family,White,Male,0,0,8,United-States
72,?,HS-grad,9,Widowed,?,Not-in-family,White,Male,0,0,30,United-States
87,Private,HS-grad,9,Married-spouse-absent,Sales,Not-in-family,White,Male,0,0,16,United-States
52,Private,Some-college,10,Divorced,Sales,Other-relative,White,Female,0,0,20,United-States
24,Private,Bachelors,13,Never-married,Other-service,Not-in-family,White,Male,0,0,40,United-States
19,Private,Some-college,10,Never-married,Other-service,Own-child,White,Female,0,0,20,United-States
61,Private,12th,8,Divorced,Protective-serv,Not-in-family,White,Male,0,0,37,Cuba
85,Private,Masters,14,Widowed,Prof-specialty,Not-in-family,White,Female,0,0,5,United-States
72,?,Bachelors,13,Married-civ-spouse,?,Husband,White,Male,0,0,3,United-States
50,Private,11th,7,Married-civ-spouse,Craft-repair,Husband,White,Male,0,0,40,United-States
25,Private,Bachelors,13,Married-civ-spouse,Exec-managerial,Husband,White,Male,0,0,20,United-States
84,Private,HS-grad,9,Widowed,Other-service,Not-in-family,White,Female,0,0,13,United-States
51,Local-gov,Doctorate,16,Married-civ-spouse,Prof-specialty,Wife,Black,Female,0,0,40,United-States
71,Local-gov,Masters,14,Widowed,Exec-managerial,Not-in-family,White,Male,2050,0,20,United-States
79,Self-emp-inc,HS-grad,9,Married-civ-spouse,Exec-managerial,Husband,White,Male,0,0,40,United-States
62,Private,Assoc-acdm,12,Widowed,Other-service,Not-in-family,White,Female,0,0,7,United-States
56,Private,10th,6,Separated,Other-service,Unmarried,White,Female,0,0,32,United-States
38,Private,Prof-school,15,Married-civ-spouse,Prof-specialty,Wife,White,Female,0,0,40,United-States
47,Private,HS-grad,9,Separated,Prof-specialty,Other-relative,Other,Female,0,0,40,Puerto-Rico
44,Self-emp-not-inc,Bachelors,13,Divorced,Exec-managerial,Not-in-family,White,Male,0,0,60,United-States
55,Private,HS-grad,9,Divorced,Adm-clerical,Not-in-family,White,Female,0,0,40,United-States
29,Private,HS-grad,9,Married-civ-spouse,Craft-repair,Husband,White,Male,0,0,45,United-States
76,Local-gov,HS-grad,9,Widowed,Other-service,Not-in-family,White,Female,0,0,13,United-States
81,?,Prof-school,15,Married-civ-spouse,?,Husband,White,Male,0,0,24,United-States
27,Private,HS-grad,9,Married-civ-spouse,Craft-repair,Husband,White,Male,0,0,40,United-States
65,?,Bachelors,13,Married-civ-spouse,?,Husband,White,Male,5556,0,48,United-States
69,?,HS-grad,9,Widowed,?,Not-in-family,White,Female,0,0,9,United-States
66,?,HS-grad,9,Married-civ-spouse,?,Husband,Black,Male,0,0,18,United-States
81,Private,5th-6th,3,Widowed,Other-service,Not-in-family,Asian-Pac-Islander,Female,0,0,6,United-States
47,State-gov,HS-grad,9,Married-civ-spouse,Protective-serv,Husband,White,Male,0,0,40,United-States
44,?,Some-college,10,Never-married,?,Other-relative,White,Male,0,0,45,United-States
39,Self-emp-not-inc,9th,5,Married-civ-spouse,Craft-repair,Husband,White,Male,0,0,40,United-States
83,?,7th-8th,4,Married-civ-spouse,?,Husband,White,Male,0,0,20,United-States
53,State-gov,Doctorate,16,Married-civ-spouse,Prof-specialty,Husband,White,Male,0,0,40,United-States
32,Private,Some-college,10,Married-civ-spouse,Exec-managerial,Husband,White,Male,0,0,40,United-States
35,Private,11th,7,Divorced,Craft-repair,Not-in-family,Black,Male,0,0,40,United-States
57,Private,HS-grad,9,Married-civ-spouse,Exec-managerial,Husband,White,Male,0,0,60,United-States
32,Private,Masters,14,Married-civ-spouse,Prof-specialty,Husband,White,Male,0,1848,60,?
23,Local-gov,Bachelors,13,Never-married,Prof-specialty,Not-in-family,White,Female,0,0,40,United-States
33,Private,Bachelors,13,Never-married,Prof-specialty,Own-child,White,Male,0,1741,40,United-States
28,Self-emp-inc,Assoc-voc,11,Never-married,Sales,Not-in-family,White,Male,0,0,60,United-States
53,Local-gov,Prof-school,15,Never-married,Prof-specialty,Not-in-family,White,Female,0,0,50,United-States
50,Private,7th-8th,4,Married-civ-spouse,Transport-moving,Husband,White,Male,0,1579,65,Canada
73,State-gov,7th-8th,4,Divorced,Other-service,Not-in-family,Asian-Pac-Islander,Female,0,0,40,United-States
27,Private,HS-grad,9,Never-married,Sales,Own-child,White,Female,0,0,45,Mexico
47,Self-emp-not-inc,Prof-school,15,Married-civ-spouse,Prof-specialty,Husband,White,Male,15024,0,40,United-States
45,Local-gov,Some-college,10,Married-civ-spouse,Tech-support,Husband,Black,Male,5013,0,40,United-States
58,Private,Masters,14,Married-civ-spouse,Prof-specialty,Husband,White,Male,0,0,40,United-States
55,Private,HS-grad,9,Divorced,Transport-moving,Not-in-family,White,Male,0,0,40,United-States
82,Self-emp-not-inc,7th-8th,4,Married-civ-spouse,Exec-managerial,Husband,White,Male,0,0,40,United-States
66,State-gov,10th,6,Divorced,Other-service,Not-in-family,Black,Female,0,0,40,United-States
28,Private,Bachelors,13,Married-civ-spouse,Exec-managerial,Husband,White,Male,0,0,40,United-States
68,Private,HS-grad,9,Widowed,Adm-clerical,Not-in-family,White,Female,0,2206,30,United-States
64,Self-emp-not-inc,9th,5,Separated,Transport-moving,Not-in-family,White,Male,0,0,45,United-States
55,Local-gov,HS-grad,9,Married-civ-spouse,Other-service,Husband,White,Male,0,0,40,United-States
49,Private,HS-grad,9,Never-married,Craft-repair,Unmarried,White,Female,0,0,40,Puerto-Rico
19,Private,Some-college,10,Never-married,Other-service,Own-child,White,Male,0,0,20,United-States
65,Private,HS-grad,9,Widowed,Sales,Not-in-family,White,Female,0,0,24,United-States
36,Private,Bachelors,13,Never-married,Adm-clerical,Not-in-family,White,Female,0,0,17,United-States
62,Local-gov,Bachelors,13,Married-civ-spouse,Prof-specialty,Wife,White,Female,0,0,40,United-States
54,Private,Some-college,10,Never-married,Exec-managerial,Not-in-family,White,Male,0,0,40,United-States
63,Private,HS-grad,9,Married-civ-spouse,Transport-moving,Husband,White,Male,0,0,60,United-States
69,Private,11th,7,Married-civ-spouse,Adm-clerical,Husband,White,Male,0,0,20,United-States
18,?,11th,7,Never-married,?,Own-child,White,Male,0,0,35,United-States
77,Self-emp-not-inc,7th-8th,4,Married-civ-spouse,Farming-fishing,Husband,White,Male,0,0,40,United-States
69,Private,Assoc-acdm,12,Divorced,Adm-clerical,Not-in-family,White,Female,2964,0,6,Germany
65,Private,HS-grad,9,Married-civ-spouse,Transport-moving,Husband,White,Male,0,0,16,United-States
47,Private,HS-grad,9,Divorced,Transport-moving,Not-in-family,White,Male,0,0,70,United-States
22,Private,HS-grad,9,Never-married,Adm-clerical,Not-in-family,White,Male,0,0,40,United-States
63,Self-emp-not-inc,10th,6,Divorced,Craft-repair,Not-in-family,White,Male,0,0,20,United-States
40,?,Assoc-voc,11,Separated,?,Own-child,White,Female,0,0,40,?
51,Self-emp-inc,Assoc-voc,11,Married-civ-spouse,Exec-managerial,Husband,White,Male,0,0,40,United-States
33,Private,11th,7,Never-married,Adm-clerical,Unmarried,Black,Female,0,0,38,United-States
30,Private,Some-college,10,Never-married,Machine-op-inspct,Not-in-family,White,Male,0,0,40,United-States
87,?,HS-grad,9,Widowed,?,Not-in-family,White,Male,0,0,2,United-States
78,Self-emp-inc,HS-grad,9,Widowed,Sales,Not-in-family,White,Male,0,0,45,United-States
59,Private,Masters,14,Widowed,Prof-specialty,Not-in-family,White,Female,0,0,40,United-States
68,Self-emp-inc,HS-grad,9,Widowed,Other-service,Unmarried,White,Female,0,0,15,United-States
41,Self-emp-inc,Doctorate,16,Married-civ-spouse,Prof-specialty,Husband,White,Male,99999,0,70,United-States
40,Private,Bachelors,13,Married-civ-spouse,Prof-specialty,Wife,White,Female,0,0,5,United-States
32,Private,Assoc-voc,11,Married-civ-spouse,Other-service,Husband,White,Male,0,0,60,United-States
83,Self-emp-not-inc,11th,7,Never-married,Farming-fishing,Not-in-family,White,Male,0,0,20,United-States
25,Private,1st-4th,2,Never-married,Machine-op-inspct,Not-in-family,White,Male,0,0,24,Mexico
27,Private,Some-college,10,Never-married,Adm-clerical,Own-child,Black,Male,0,0,40,United-States
17,Private,12th,8,Never-married,Handlers-cleaners,Own-child,White,Male,0,0,18,United-States
22,?,10th,6,Never-married,?,Other-relative,White,Male,0,0,40,United-States
42,Private,HS-grad,9,Never-married,Craft-repair,Not-in-family,White,Male,0,0,40,United-States
66,Private,Assoc-voc,11,Married-civ-spouse,Craft-repair,Husband,White,Male,0,0,38,United-States
41,Private,Bachelors,13,Married-civ-spouse,Prof-specialty,Husband,White,Male,0,0,60,United-States
37,Private,Assoc-voc,11,Married-civ-spouse,Craft-repair,Husband,White,Male,0,0,40,United-States
82,?,Assoc-voc,11,Widowed,?,Not-in-family,White,Female,0,0,8,United-States
47,Self-emp-not-inc,Bachelors,13,Married-civ-spouse,Sales,Husband,White,Male,15024,0,50,United-States
35,Private,Masters,14,Married-civ-spouse,Adm-clerical,Husband,White,Male,0,0,40,United-States
27,Private,10th,6,Divorced,Other-service,Not-in-family,White,Female,0,0,40,United-States
58,?,1st-4th,2,Married-spouse-absent,?,Unmarried,Amer-Indian-Eskimo,Male,0,0,40,United-States
32,Private,Masters,14,Never-married,Adm-clerical,Not-in-family,White,Male,0,0,40,United-States
27,Private,Some-college,10,Married-civ-spouse,Craft-repair,Husband,White,Male,0,0,45,United-States
56,Private,HS-grad,9,Never-married,Adm-clerical,Own-child,White,Female,0,0,35,United-States
65,Private,HS-grad,9,Divorced,Exec-managerial,Other-relative,White,Female,1848,0,50,United-States
29,Self-emp-not-inc,HS-grad,9,Married-civ-spouse,Prof-specialty,Husband,White,Male,0,0,65,United-States
37,Private,Bachelors,13,Married-civ-spouse,Sales,Husband,White,Male,0,0,40,United-States
41,Private,HS-grad,9,Married-civ-spouse,Craft-repair,Husband,White,Male,0,1485,44,United-States
59,?,Assoc-acdm,12,Divorced,?,Not-in-family,White,Male,0,0,8,United-States
19,Private,HS-grad,9,Never-married,Other-service,Own-child,White,Female,0,1721,40,United-States
60,Private,HS-grad,9,Widowed,Other-service,Unmarried,Black,Female,0,0,40,United-States
77,Private,HS-grad,9,Widowed,Exec-managerial,Not-in-family,White,Female,0,0,40,United-States
72,Self-emp-not-inc,5th-6th,3,Married-civ-spouse,Farming-fishing,Husband,White,Male,0,0,40,United-States
82,Self-emp-not-inc,HS-grad,9,Married-civ-spouse,Farming-fishing,Husband,White,Male,0,0,20,United-States
74,Self-emp-not-inc,HS-grad,9,Married-civ-spouse,Farming-fishing,Husband,White,Male,0,0,14,United-States
78,Self-emp-not-inc,HS-grad,9,Widowed,Exec-managerial,Not-in-family,White,Male,0,0,24,United-States
64,Local-gov,HS-grad,9,Married-civ-spouse,Adm-clerical,Wife,White,Female,0,0,35,United-States
33,Private,HS-grad,9,Married-civ-spouse,Machine-op-inspct,Husband,White,Male,0,0,50,United-States
42,Private,Masters,14,Never-married,Exec-managerial,Not-in-family,White,Male,0,0,40,United-States
72,Private,HS-grad,9,Widowed,Other-service,Unmarried,White,Female,0,0,28,United-States
35,Private,HS-grad,9,Married-civ-spouse,Handlers-cleaners,Husband,White,Male,0,0,40,United-States
57,Private,HS-grad,9,Never-married,Adm-clerical,Other-relative,White,Female,0,0,40,United-States
19,Private,10th,6,Divorced,Other-service,Not-in-family,White,Female,0,0,40,United-States
50,Private,11th,7,Never-married,Machine-op-inspct,Other-relative,White,Female,0,0,40,United-States
66,Private,Some-college,10,Married-civ-spouse,Sales,Husband,White,Male,0,0,24,United-States
64,Private,10th,6,Married-civ-spouse,Protective-serv,Husband,White,Male,0,0,40,United-States
88,Self-emp-not-inc,7th-8th,4,Widowed,Farming-fishing,Not-in-family,White,Male,0,0,5,United-States
62,Private,Masters,14,Married-civ-spouse,Prof-specialty,Husband,White,Male,0,0,40,United-States
52,Federal-gov,Some-college,10,Married-civ-spouse,Adm-clerical,Husband,White,Male,0,0,40,United-States
47,Local-gov,Bachelors,13,Married-civ-spouse,Prof-specialty,Wife,White,Female,0,0,50,United-States
76,Private,7th-8th,4,Widowed,Other-service,Not-in-family,White,Female,0,0,25,United-States
90,Self-emp-not-inc,Bachelors,13,Married-civ-spouse,Prof-specialty,Husband,White,Male,10566,0,50,United-States
32,Private,Some-college,10,Married-civ-spouse,Sales,Husband,White,Male,0,0,40,United-States
87,?,HS-grad,9,Widowed,?,Not-in-family,White,Female,0,0,3,United-States
42,Local-gov,Some-college,10,Divorced,Transport-moving,Not-in-family,White,Male,0,0,65,United-States
56,Self-emp-inc,Prof-school,15,Married-civ-spouse,Prof-specialty,Husband,White,Male,99999,0,40,United-States
32,Private,Masters,14,Separated,Prof-specialty,Not-in-family,White,Female,0,0,35,Iran
25,Private,HS-grad,9,Never-married,Craft-repair,Not-in-family,White,Male,0,0,35,United-States
75,Private,10th,6,Widowed,Tech-support,Not-in-family,White,Female,0,0,32,United-States
21,State-gov,Some-college,10,Never-married,Other-service,Not-in-family,White,Female,0,0,35,United-States
84,?,5th-6th,3,Widowed,?,Not-in-family,White,Male,0,0,15,United-States
43,Private,10th,6,Never-married,Machine-op-inspct,Not-in-family,Black,Male,0,0,40,United-States
36,?,HS-grad,9,Married-civ-spouse,?,Husband,Black,Male,0,0,40,United-States
72,Private,Assoc-voc,11,Separated,Other-service,Unmarried,White,Female,6723,0,25,United-States
77,Local-gov,HS-grad,9,Married-civ-spouse,Exec-managerial,Husband,White,Male,0,0,6,United-States
58,Private,Some-college,10,Married-civ-spouse,Exec-managerial,Husband,White,Male,0,0,40,United-States
20,?,HS-grad,9,Never-married,?,Own-child,White,Male,0,0,12,United-States
54,Private,HS-grad,9,Married-civ-spouse,Priv-house-serv,Other-relative,Black,Female,0,0,20,United-States
73,Self-emp-not-inc,HS-grad,9,Never-married,Other-service,Not-in-family,White,Female,0,0,36,United-States
58,Local-gov,Masters,14,Married-civ-spouse,Prof-specialty,Husband,Black,Male,7688,0,45,United-States
28,Private,Masters,14,Divorced,Prof-specialty,Not-in-family,White,Female,0,0,50,United-States
19,Private,Some-college,10,Never-married,Other-service,Other-relative,White,Female,0,0,35,United-States
38,Private,Bachelors,13,Married-civ-spouse,Adm-clerical,Wife,White,Female,0,0,50,United-States
21,Private,HS-grad,9,Never-married,Other-service,Not-in-family,Black,Male,0,0,40,United-States
65,Private,Some-college,10,Widowed,Prof-specialty,Not-in-family,White,Female,1848,0,20,Hungary
51,Private,11th,7,Divorced,Machine-op-inspct,Not-in-family,White,Male,0,0,40,United-States
71,Private,HS-grad,9,Widowed,Prof-specialty,Not-in-family,White,Female,0,0,40,United-States
52,Private,Bachelors,13,Divorced,Exec-managerial,Not-in-family,White,Male,0,0,40,?
29,Private,HS-grad,9,Married-civ-spouse,Craft-repair,Husband,White,Male,0,0,40,United-States
38,Private,HS-grad,9,Married-civ-spouse,Exec-managerial,Husband,White,Male,0,0,50,United-States
49,Private,Bachelors,13,Married-spouse-absent,Transport-moving,Unmarried,White,Male,0,0,30,Columbia
21,Private,Some-college,10,Never-married,Adm-clerical,Not-in-family,Other,Female,0,0,40,United-States
69,?,Some-college,10,Widowed,?,Not-in-family,White,Female,0,0,20,United-States
35,Private,Masters,14,Never-married,Prof-specialty,Not-in-family,White,Female,0,0,35,United-States
51,State-gov,HS-grad,9,Married-civ-spouse,Adm-clerical,Wife,White,Female,3908,0,40,United-States
37,State-gov,Bachelors,13,Never-married,Adm-clerical,Not-in-family,White,Female,8614,0,40,United-States
59,Private,10th,6,Separated,Priv-house-serv,Not-in-family,Black,Female,0,0,30,United-States
36,Self-emp-not-inc,HS-grad,9,Never-married,Farming-fishing,Not-in-family,White,Male,0,0,70,United-States
40,Self-emp-not-inc,Some-college,10,Married-civ-spouse,Farming-fishing,Husband,White,Male,0,0,60,United-States
21,Private,Some-college,10,Never-married,Other-service,Own-child,White,Male,0,0,20,United-States
78,?,Assoc-acdm,12,Widowed,?,Not-in-family,White,Female,0,0,4,United-States
45,Private,HS-grad,9,Divorced,Adm-clerical,Unmarried,White,Female,0,0,40,United-States
85,Private,Bachelors,13,Married-civ-spouse,Exec-managerial,Husband,White,Male,0,0,3,Poland
51,Self-emp-not-inc,HS-grad,9,Married-civ-spouse,Exec-managerial,Husband,White,Male,0,0,45,United-States
44,Private,HS-grad,9,Divorced,Sales,Not-in-family,Asian-Pac-Islander,Female,0,0,40,United-States
77,Private,9th,5,Married-civ-spouse,Priv-house-serv,Wife,Black,Female,0,0,10,United-States
78,?,9th,5,Widowed,?,Unmarried,White,Male,0,0,40,United-States
22,Private,HS-grad,9,Never-married,Tech-support,Not-in-family,White,Female,0,0,40,United-States
43,Private,HS-grad,9,Never-married,Exec-managerial,Not-in-family,White,Female,0,0,50,United-States
32,Private,HS-grad,9,Divorced,Other-service,Not-in-family,White,Female,0,0,40,United-States
46,Private,HS-grad,9,Divorced,Tech-support,Not-in-family,White,Female,0,0,20,United-States
72,Self-emp-not-inc,Prof-school,15,Married-civ-spouse,Exec-managerial,Husband,White,Male,0,0,10,United-States
81,Private,1st-4th,2,Married-civ-spouse,Prof-specialty,Husband,White,Male,0,0,15,Poland
73,?,HS-grad,9,Married-civ-spouse,?,Husband,White,Male,0,0,8,United-States
67,Private,Bachelors,13,Married-civ-spouse,Adm-clerical,Husband,White,Male,0,1510,8,United-States
52,Private,HS-grad,9,Married-civ-spouse,Machine-op-inspct,Husband,Other,Male,3781,0,40,Columbia
79,Self-emp-inc,Bachelors,13,Married-civ-spouse,Sales,Husband,White,Male,0,0,20,United-States
60,Private,Prof-school,15,Married-civ-spouse,Prof-specialty,Husband,White,Male,3781,0,16,United-States
25,Private,Bachelors,13,Never-married,Tech-support,Not-in-family,Asian-Pac-Islander,Female,0,1092,40,Philippines
80,Private,Bachelors,13,Married-civ-spouse,Exec-managerial,Husband,White,Male,9386,0,40,United-States
79,Private,7th-8th,4,Widowed,Other-service,Unmarried,Black,Male,0,0,5,United-States
51,Private,Assoc-voc,11,Married-civ-spouse,Sales,Husband,White,Male,0,0,40,United-States
78,?,Bachelors,13,Married-civ-spouse,?,Husband,White,Male,0,0,3,United-States
71,Private,HS-grad,9,Never-married,Handlers-cleaners,Not-in-family,White,Male,0,0,17,United-States
63,Self-emp-not-inc,HS-grad,9,Widowed,Farming-fishing,Unmarried,White,Male,0,0,60,United-States
70,Private,HS-grad,9,Married-civ-spouse,Other-service,Husband,White,Male,0,0,16,United-States
74,Self-emp-not-inc,Bachelors,13,Widowed,Craft-repair,Not-in-family,White,Male,15831,0,8,Germany
21,Private,Some-college,10,Never-married,Prof-specialty,Own-child,White,Male,0,0,40,United-States
45,Private,Some-college,10,Never-married,Craft-repair,Not-in-family,White,Female,0,0,80,United-States
79,?,10th,6,Married-civ-spouse,?,Husband,White,Male,0,0,20,United-States
75,?,Some-college,10,Married-civ-spouse,?,Husband,White,Male,0,0,13,United-States
72,?,HS-grad,9,Married-civ-spouse,?,Husband,White,Male,0,0,20,United-States
29,Private,7th-8th,4,Never-married,Handlers-cleaners,Own-child,White,Male,0,0,30,Mexico
30,Private,Some-college,10,Never-married,Craft-repair,Not-in-family,White,Male,0,0,40,United-States
19,?,Some-college,10,Never-married,?,Own-child,White,Male,0,0,24,Canada
85,Private,HS-grad,9,Widowed,Sales,Unmarried,White,Male,0,0,35,United-States
27,Private,Some-college,10,Separated,Adm-clerical,Unmarried,White,Female,0,0,20,United-States
25,Private,Some-college,10,Never-married,Adm-clerical,Own-child,White,Female,0,0,25,United-States
28,Private,HS-grad,9,Never-married,Prof-specialty,Own-child,White,Male,0,0,40,United-States
37,Private,HS-grad,9,Divorced,Craft-repair,Not-in-family,White,Male,0,0,50,United-States
22,Private,HS-grad,9,Never-married,Other-service,Not-in-family,White,Female,0,0,35,United-States
36,Private,Bachelors,13,Never-married,Prof-specialty,Not-in-family,White,Female,0,0,45,United-States
38,?,HS-grad,9,Married-civ-spouse,?,Husband,White,Male,0,0,24,United-States
89,Private,Bachelors,13,Married-civ-spouse,Sales,Husband,White,Male,0,0,40,United-States
43,Private,HS-grad,9,Married-civ-spouse,Machine-op-inspct,Husband,White,Male,0,0,40,Mexico
78,Local-gov,HS-grad,9,Widowed,Adm-clerical,Unmarried,White,Female,0,0,5,United-States
64,Self-emp-inc,HS-grad,9,Married-civ-spouse,Transport-moving,Husband,White,Male,0,0,50,United-States
52,Self-emp-inc,Some-college,10,Married-civ-spouse,Sales,Husband,White,Male,0,0,90,United-States
45,Local-gov,Bachelors,13,Never-married,Exec-managerial,Not-in-family,White,Male,0,0,40,United-States
65,Self-emp-not-inc,5th-6th,3,Married-civ-spouse,Farming-fishing,Husband,White,Male,1797,0,21,United-States
82,Self-emp-not-inc,HS-grad,9,Married-civ-spouse,Craft-repair,Husband,White,Male,0,0,40,Cuba
35,Private,Bachelors,13,Never-married,Other-service,Not-in-family,White,Female,0,0,45,United-States
49,Private,HS-grad,9,Separated,Sales,Unmarried,White,Female,0,0,40,United-States
21,Private,Some-college,10,Never-married,Handlers-cleaners,Not-in-family,White,Male,0,0,40,United-States
48,Local-gov,Masters,14,Separated,Prof-specialty,Not-in-family,White,Male,0,1876,50,United-States
22,Private,HS-grad,9,Widowed,Adm-clerical,Own-child,White,Female,0,0,40,United-States
83,Local-gov,Some-college,10,Widowed,Prof-specialty,Not-in-family,White,Male,0,0,12,United-States
23,Private,Some-college,10,Separated,Sales,Unmarried,White,Female,0,0,40,United-States
36,Self-emp-not-inc,5th-6th,3,Married-civ-spouse,Transport-moving,Husband,White,Male,0,0,50,Mexico
21,Private,Some-college,10,Never-married,Craft-repair,Not-in-family,White,Male,0,0,50,United-States
80,Self-emp-not-inc,7th-8th,4,Widowed,Farming-fishing,Not-in-family,White,Male,0,0,35,United-States
44,Self-emp-not-inc,Some-college,10,Married-civ-spouse,Farming-fishing,Husband,White,Male,0,1902,80,United-States
36,Private,11th,7,Married-civ-spouse,Transport-moving,Husband,White,Male,0,0,47,United-States
75,Self-emp-not-inc,Prof-school,15,Married-civ-spouse,Prof-specialty,Husband,White,Male,0,0,35,United-States
59,Self-emp-not-inc,7th-8th,4,Married-civ-spouse,Farming-fishing,Husband,White,Male,0,0,48,United-States
60,Private,10th,6,Separated,Other-service,Not-in-family,White,Female,0,0,40,United-States
35,Local-gov,Some-college,10,Married-civ-spouse,Protective-serv,Husband,Other,Male,0,0,40,United-States
73,Private,HS-grad,9,Widowed,Sales,Not-in-family,White,Female,0,0,7,United-States
66,Private,HS-grad,9,Widowed,Tech-support,Not-in-family,White,Female,0,0,18,United-States
71,Self-emp-not-inc,Masters,14,Married-civ-spouse,Sales,Husband,White,Male,10605,0,40,United-States
36,Federal-gov,Assoc-voc,11,Married-civ-spouse,Prof-specialty,Wife,White,Female,0,0,45,United-States
90,Private,HS-grad,9,Never-married,Adm-clerical,Not-in-family,White,Female,0,0,40,United-States
18,Private,11th,7,Never-married,Farming-fishing,Own-child,White,Male,0,0,6,United-States
53,Federal-gov,Prof-school,15,Married-civ-spouse,Adm-clerical,Husband,White,Male,0,0,45,United-States
51,Private,7th-8th,4,Married-civ-spouse,Transport-moving,Husband,Black,Male,0,0,40,United-States
42,Private,HS-grad,9,Divorced,Machine-op-inspct,Not-in-family,Black,Male,0,0,40,United-States
79,Private,7th-8th,4,Married-civ-spouse,Sales,Husband,White,Male,0,0,15,United-States
83,Self-emp-not-inc,HS-grad,9,Widowed,Exec-managerial,Not-in-family,White,Male,0,0,8,United-States
23,State-gov,Some-college,10,Never-married,Protective-serv,Own-child,White,Male,0,0,60,United-States
37,Private,HS-grad,9,Married-civ-spouse,Craft-repair,Husband,White,Male,0,0,35,United-States
31,Private,Some-college,10,Never-married,Adm-clerical,Not-in-family,White,Female,0,0,55,United-States
71,Self-emp-inc,Bachelors,13,Married-civ-spouse,Sales,Husband,White,Male,20051,0,30,United-States
25,Private,HS-grad,9,Never-married,Sales,Own-child,White,Male,0,0,35,United-States
59,Federal-gov,HS-grad,9,Widowed,Machine-op-inspct,Unmarried,White,Female,0,0,40,United-States
59,?,HS-grad,9,Married-civ-spouse,?,Husband,White,Male,2407,0,60,United-States
73,Private,Some-college,10,Married-civ-spouse,Prof-specialty,Husband,White,Male,0,0,15,United-States
55,Private,Assoc-acdm,12,Divorced,Adm-clerical,Unmarried,White,Female,0,0,40,United-States
28,Private,Some-college,10,Divorced,Other-service,Other-relative,Black,Male,0,0,24,United-States
48,Private,HS-grad,9,Married-civ-spouse,Prof-specialty,Husband,White,Male,7688,0,40,?
59,Private,Some-college,10,Divorced,Other-service,Not-in-family,White,Female,0,0,40,United-States
71,?,Some-college,10,Married-civ-spouse,?,Husband,White,Male,0,0,16,United-States
80,?,HS-grad,9,Married-civ-spouse,?,Husband,White,Male,0,0,8,United-States
51,Local-gov,Some-college,10,Widowed,Adm-clerical,Not-in-family,White,Female,0,0,40,United-States
68,Local-gov,HS-grad,9,Widowed,Adm-clerical,Not-in-family,White,Female,0,0,33,United-States
27,Self-emp-not-inc,HS-grad,9,Married-civ-spouse,Machine-op-inspct,Own-child,White,Male,0,0,40,United-States
39,Private,HS-grad,9,Married-civ-spouse,Handlers-cleaners,Husband,White,Male,7298,0,40,United-States
65,?,HS-grad,9,Never-married,?,Not-in-family,Black,Male,2346,0,40,United-States
33,Private,Doctorate,16,Married-civ-spouse,Prof-specialty,Husband,White,Male,0,0,60,United-States
56,Self-emp-not-inc,11th,7,Married-civ-spouse,Craft-repair,Husband,White,Male,0,0,40,United-States
71,Self-emp-not-inc,HS-grad,9,Widowed,Farming-fishing,Unmarried,White,Male,1731,0,5,United-States
63,Self-emp-not-inc,Prof-school,15,Married-civ-spouse,Prof-specialty,Husband,White,Male,3103,0,32,United-States
37,Federal-gov,HS-grad,9,Divorced,Exec-managerial,Not-in-family,White,Male,0,0,40,United-States
28,Private,HS-grad,9,Divorced,Adm-clerical,Not-in-family,White,Female,0,0,40,United-States
29,Private,HS-grad,9,Separated,Protective-serv,Not-in-family,White,Male,0,0,55,United-States
39,Private,10th,6,Married-civ-spouse,Handlers-cleaners,Husband,White,Male,0,0,45,United-States
65,Self-emp-not-inc,HS-grad,9,Married-civ-spouse,Farming-fishing,Husband,White,Male,10605,0,60,United-States
28,?,Bachelors,13,Never-married,?,Not-in-family,White,Male,0,0,18,United-States
35,Private,Masters,14,Married-civ-spouse,Sales,Husband,White,Male,0,0,40,United-States
65,Without-pay,7th-8th,4,Widowed,Farming-fishing,Unmarried,White,Female,0,0,50,United-States
51,Federal-gov,Masters,14,Widowed,Sales,Unmarried,White,Male,0,0,50,El-Salvador
50,Private,10th,6,Married-civ-spouse,Craft-repair,Husband,White,Male,0,0,40,United-States
31,Private,Bachelors,13,Never-married,Exec-managerial,Not-in-family,White,Male,14084,0,50,United-States
51,Federal-gov,Some-college,10,Married-civ-spouse,Prof-specialty,Husband,White,Male,0,0,40,United-States
72,?,HS-grad,9,Widowed,?,Not-in-family,White,Female,0,0,8,United-States
28,Private,Bachelors,13,Never-married,Transport-moving,Unmarried,White,Male,0,0,20,United-States
27,Private,7th-8th,4,Never-married,Priv-house-serv,Own-child,White,Female,0,0,30,United-States
30,Private,HS-grad,9,Married-civ-spouse,Exec-managerial,Other-relative,White,Female,0,0,40,United-States
66,Local-gov,HS-grad,9,Widowed,Adm-clerical,Unmarried,White,Female,0,0,25,United-States
45,Self-emp-inc,Bachelors,13,Married-civ-spouse,Exec-managerial,Wife,Asian-Pac-Islander,Female,99999,0,25,?
18,Private,12th,8,Never-married,Other-service,Own-child,Other,Female,0,0,30,United-States
58,Self-emp-not-inc,HS-grad,9,Divorced,Exec-managerial,Not-in-family,White,Male,0,0,70,United-States
68,Private,Doctorate,16,Married-civ-spouse,Prof-specialty,Husband,White,Male,0,0,55,United-States
43,Private,Some-college,10,Married-civ-spouse,Sales,Husband,White,Male,7688,0,40,United-States
56,Local-gov,Bachelors,13,Married-civ-spouse,Prof-specialty,Husband,White,Male,15024,0,40,United-States
49,Self-emp-not-inc,Doctorate,16,Never-married,Prof-specialty,Not-in-family,White,Male,99999,0,70,United-States
18,?,HS-grad,9,Never-married,?,Own-child,White,Female,0,0,20,United-States
18,Self-emp-inc,12th,8,Never-married,Farming-fishing,Own-child,White,Male,0,0,10,United-States
89,?,10th,6,Married-civ-spouse,?,Husband,White,Male,0,0,20,United-States
22,Private,Some-college,10,Never-married,Other-service,Not-in-family,White,Male,0,0,15,United-States
73,Self-emp-not-inc,7th-8th,4,Married-civ-spouse,Farming-fishing,Husband,White,Male,6418,0,99,United-States
66,?,Some-college,10,Married-civ-spouse,?,Husband,White,Male,0,0,40,United-States
27,Private,Bachelors,13,Married-civ-spouse,Exec-managerial,Wife,Asian-Pac-Islander,Female,0,0,40,South
28,Private,Assoc-voc,11,Divorced,Craft-repair,Not-in-family,Amer-Indian-Eskimo,Male,0,0,40,United-States
65,?,HS-grad,9,Married-civ-spouse,?,Husband,White,Male,0,0,40,United-States
21,Private,Some-college,10,Never-married,Sales,Own-child,White,Female,0,0,20,United-States
17,Private,10th,6,Never-married,Sales,Own-child,White,Female,0,0,20,United-States
30,Private,Bachelors,13,Never-married,Tech-support,Not-in-family,White,Female,0,0,72,United-States
43,Private,Assoc-voc,11,Married-civ-spouse,Exec-managerial,Husband,White,Male,3103,0,48,United-States
45,Private,Some-college,10,Divorced,Machine-op-inspct,Unmarried,White,Female,0,0,40,United-States
19,Private,Some-college,10,Never-married,Sales,Not-in-family,White,Male,0,0,40,United-States
70,?,Doctorate,16,Married-civ-spouse,?,Husband,White,Male,0,0,20,United-States
27,Private,Bachelors,13,Never-married,Prof-specialty,Own-child,White,Male,0,0,40,United-States
32,Private,HS-grad,9,Separated,Other-service,Own-child,White,Female,0,0,37,United-States
68,Private,HS-grad,9,Married-civ-spouse,Prof-specialty,Husband,White,Male,0,0,40,Italy
37,Federal-gov,Masters,14,Never-married,Prof-specialty,Not-in-family,White,Male,0,1876,40,United-States
32,Private,Some-college,10,Married-civ-spouse,Prof-specialty,Husband,White,Male,0,0,45,United-States
75,Self-emp-inc,HS-grad,9,Widowed,Sales,Other-relative,Asian-Pac-Islander,Male,0,0,35,United-States
17,Local-gov,9th,5,Never-married,Other-service,Own-child,White,Male,0,0,45,United-States
62,Local-gov,Masters,14,Separated,Prof-specialty,Not-in-family,White,Female,0,0,50,?
57,Private,Bachelors,13,Married-civ-spouse,Exec-managerial,Wife,White,Female,0,0,40,United-States
36,Private,HS-grad,9,Never-married,Other-service,Unmarried,White,Female,0,0,30,United-States
52,Private,Masters,14,Divorced,Prof-specialty,Unmarried,White,Female,0,0,40,United-States
64,Private,HS-grad,9,Married-civ-spouse,Transport-moving,Husband,White,Male,0,0,45,United-States
51,Private,HS-grad,9,Separated,Machine-op-inspct,Not-in-family,White,Male,0,1876,40,United-States
42,Private,Bachelors,13,Divorced,Sales,Not-in-family,White,Male,0,1590,40,United-States
22,Private,Some-college,10,Never-married,Other-service,Own-child,Black,Female,0,0,15,United-States
20,State-gov,Some-college,10,Never-married,Handlers-cleaners,Own-child,White,Male,0,0,40,United-States
28,Private,HS-grad,9,Married-civ-spouse,Machine-op-inspct,Wife,White,Female,0,0,35,United-States
86,Private,Masters,14,Never-married,Adm-clerical,Not-in-family,White,Female,0,0,40,United-States
73,?,HS-grad,9,Widowed,?,Not-in-family,White,Female,0,0,8,United-States
90,?,1st-4th,2,Widowed,?,Not-in-family,Black,Female,0,0,40,United-States
40,Private,Bachelors,13,Married-civ-spouse,Exec-managerial,Husband,White,Male,0,1977,50,United-States
90,?,HS-grad,9,Widowed,?,Not-in-family,White,Female,0,4356,40,United-States
72,Self-emp-not-inc,Some-college,10,Married-civ-spouse,Sales,Husband,White,Male,0,0,40,United-States
85,Self-emp-not-inc,HS-grad,9,Widowed,Sales,Not-in-family,White,Female,0,0,50,United-States
35,Private,Some-college,10,Never-married,Sales,Not-in-family,White,Male,0,0,40,United-States
26,Private,Some-college,10,Never-married,Machine-op-inspct,Not-in-family,Asian-Pac-Islander,Male,0,0,45,United-States
34,Private,HS-grad,9,Married-civ-spouse,Machine-op-inspct,Husband,White,Male,0,0,44,United-States
18,State-gov,Some-college,10,Never-married,Other-service,Not-in-family,White,Female,0,0,40,United-States
73,Self-emp-not-inc,HS-grad,9,Married-civ-spouse,Sales,Wife,White,Female,0,0,25,United-States
54,Private,10th,6,Divorced,Prof-specialty,Unmarried,White,Male,14344,0,68,United-States
40,Private,HS-grad,9,Married-civ-spouse,Other-service,Husband,White,Male,0,0,35,United-States
73,Private,HS-grad,9,Divorced,Exec-managerial,Not-in-family,White,Female,0,0,35,United-States
40,Private,HS-grad,9,Divorced,Craft-repair,Unmarried,White,Male,0,0,40,United-States
70,Private,HS-grad,9,Married-civ-spouse,Exec-managerial,Husband,White,Male,0,0,30,United-States
63,Private,HS-grad,9,Married-civ-spouse,Craft-repair,Husband,White,Male,0,0,40,United-States
39,Private,Some-college,10,Married-civ-spouse,Craft-repair,Husband,White,Male,0,0,40,United-States
58,Private,HS-grad,9,Married-civ-spouse,Craft-repair,Husband,White,Male,0,0,40,United-States
62,Private,Bachelors,13,Married-civ-spouse,Exec-managerial,Wife,White,Female,4064,0,35,England
54,Private,HS-grad,9,Never-married,Adm-clerical,Other-relative,White,Female,0,0,40,United-States
56,Self-emp-not-inc,Some-college,10,Married-spouse-absent,Farming-fishing,Not-in-family,White,Female,27828,0,20,United-States
48,Private,1st-4th,2,Married-civ-spouse,Machine-op-inspct,Husband,White,Male,0,0,40,Portugal
50,Private,Masters,14,Divorced,Sales,Not-in-family,White,Female,0,0,40,United-States
37,Private,5th-6th,3,Married-civ-spouse,Machine-op-inspct,Husband,White,Male,0,0,40,Mexico
43,Federal-gov,Some-college,10,Married-civ-spouse,Adm-clerical,Wife,White,Female,0,0,40,United-States
78,?,HS-grad,9,Married-civ-spouse,?,Husband,White,Male,0,0,16,United-States
21,?,Some-college,10,Never-married,?,Own-child,White,Male,0,0,40,United-States
77,?,5th-6th,3,Married-civ-spouse,?,Husband,White,Male,0,0,20,United-States
30,Local-gov,Bachelors,13,Divorced,Prof-specialty,Unmarried,White,Female,0,0,40,United-States
80,Private,Masters,14,Widowed,Prof-specialty,Not-in-family,White,Female,0,0,10,United-States
39,Self-emp-inc,HS-grad,9,Married-civ-spouse,Exec-managerial,Husband,White,Male,0,0,40,United-States
41,Private,Bachelors,13,Widowed,Exec-managerial,Unmarried,White,Male,0,0,20,United-States
48,Private,Bachelors,13,Never-married,Exec-managerial,Not-in-family,White,Female,0,0,35,United-States
30,Private,9th,5,Married-civ-spouse,Craft-repair,Husband,White,Male,0,0,40,United-States
55,Private,10th,6,Married-civ-spouse,Transport-moving,Husband,White,Male,0,0,50,United-States
49,Private,HS-grad,9,Married-civ-spouse,Sales,Husband,White,Male,5013,0,40,United-States
40,Private,HS-grad,9,Divorced,Transport-moving,Not-in-family,White,Male,0,0,40,United-States
30,Private,10th,6,Never-married,Machine-op-inspct,Not-in-family,White,Male,0,0,50,United-States
65,Private,11th,7,Widowed,Sales,Other-relative,White,Female,0,0,20,United-States
38,Private,HS-grad,9,Married-civ-spouse,Prof-specialty,Wife,White,Female,0,0,40,United-States
50,?,Some-college,10,Married-civ-spouse,?,Husband,Asian-Pac-Islander,Male,0,0,50,?
40,Private,Some-college,10,Married-civ-spouse,Machine-op-inspct,Husband,White,Male,4386,0,50,United-States
29,Private,Some-college,10,Never-married,Adm-clerical,Own-child,White,Female,0,0,50,United-States
44,Private,Masters,14,Married-civ-spouse,Exec-managerial,Husband,Black,Male,0,1902,40,United-States
84,?,7th-8th,4,Widowed,?,Not-in-family,White,Male,0,0,3,United-States
65,Private,HS-grad,9,Widowed,Other-service,Not-in-family,White,Female,0,0,15,United-States
58,Private,Some-college,10,Married-civ-spouse,Sales,Wife,White,Female,0,0,36,United-States
37,Self-emp-inc,Some-college,10,Divorced,Craft-repair,Unmarried,White,Female,0,0,40,Canada
51,Private,Some-college,10,Widowed,Other-service,Not-in-family,White,Female,0,0,40,United-States
25,Private,9th,5,Married-civ-spouse,Machine-op-inspct,Husband,White,Male,0,0,40,United-States
26,Self-emp-not-inc,Bachelors,13,Divorced,Sales,Not-in-family,White,Male,0,0,40,United-States
83,Self-emp-inc,HS-grad,9,Divorced,Sales,Not-in-family,White,Male,0,0,20,United-States
54,Private,Assoc-acdm,12,Married-spouse-absent,Machine-op-inspct,Unmarried,Asian-Pac-Islander,Female,0,0,40,Philippines
49,Private,HS-grad,9,Separated,Prof-specialty,Unmarried,White,Female,0,625,40,Puerto-Rico
19,Private,Some-college,10,Never-married,Handlers-cleaners,Own-child,White,Male,0,0,16,United-States
55,Private,Some-college,10,Married-civ-spouse,Prof-specialty,Husband,White,Male,0,0,40,United-States
88,Self-emp-not-inc,Prof-school,15,Married-civ-spouse,Exec-managerial,Husband,White,Male,0,0,40,United-States
74,State-gov,Some-college,10,Widowed,Exec-managerial,Not-in-family,Black,Male,15831,0,40,United-States
54,Local-gov,HS-grad,9,Married-civ-spouse,Craft-repair,Husband,White,Male,0,0,40,Portugal
90,Private,Masters,14,Never-married,Exec-managerial,Not-in-family,Black,Male,0,0,50,United-States
81,Private,7th-8th,4,Widowed,Exec-managerial,Not-in-family,White,Female,0,0,2,United-States
63,Private,Some-college,10,Married-civ-spouse,Sales,Husband,White,Male,0,0,30,United-States
18,Private,7th-8th,4,Never-married,Other-service,Own-child,Black,Male,0,0,20,United-States
26,Private,Bachelors,13,Never-married,Exec-managerial,Not-in-family,White,Female,0,0,40,United-States
72,Self-emp-not-inc,7th-8th,4,Married-civ-spouse,Farming-fishing,Husband,White,Male,0,0,50,United-States
20,?,Some-college,10,Never-married,?,Own-child,White,Male,0,0,40,United-States
31,Self-emp-not-inc,Bachelors,13,Never-married,Tech-support,Not-in-family,White,Male,0,0,40,United-States
29,Private,Some-college,10,Married-civ-spouse,Machine-op-inspct,Husband,White,Male,0,0,46,United-States
66,Local-gov,Some-college,10,Divorced,Other-service,Other-relative,White,Female,7896,0,40,?
33,Private,HS-grad,9,Married-civ-spouse,Craft-repair,Husband,Other,Male,0,0,40,United-States
51,Private,Some-college,10,Married-civ-spouse,Transport-moving,Husband,White,Male,3908,0,40,United-States
54,Federal-gov,HS-grad,9,Married-civ-spouse,Exec-managerial,Husband,White,Male,5178,0,40,United-States
22,Private,HS-grad,9,Never-married,Adm-clerical,Other-relative,Black,Male,0,0,40,United-States
45,Private,Doctorate,16,Married-civ-spouse,Exec-managerial,Husband,White,Male,0,0,45,United-States
30,Federal-gov,Bachelors,13,Married-civ-spouse,Prof-specialty,Husband,White,Male,0,0,40,United-States
50,Private,Some-college,10,Divorced,Sales,Unmarried,White,Male,0,0,45,United-States
18,Private,HS-grad,9,Never-married,Sales,Own-child,Asian-Pac-Islander,Female,0,0,40,United-States
81,Self-emp-not-inc,7th-8th,4,Married-civ-spouse,Farming-fishing,Husband,White,Male,0,0,21,United-States
82,Self-emp-not-inc,HS-grad,9,Divorced,Exec-managerial,Not-in-family,White,Male,0,0,12,United-States
26,State-gov,Some-college,10,Never-married,Craft-repair,Not-in-family,White,Female,0,0,40,United-States
41,Private,Some-college,10,Divorced,Other-service,Not-in-family,White,Male,0,0,21,United-States
44,Local-gov,12th,8,Married-civ-spouse,Craft-repair,Husband,White,Male,0,0,55,United-States
52,Private,10th,6,Married-civ-spouse,Handlers-cleaners,Husband,White,Male,0,0,45,United-States
82,Self-emp-inc,Some-college,10,Widowed,Sales,Not-in-family,White,Male,0,0,20,United-States
79,Self-emp-not-inc,Assoc-voc,11,Married-civ-spouse,Sales,Husband,White,Male,0,0,20,United-States
39,Private,Assoc-acdm,12,Never-married,Sales,Not-in-family,White,Female,0,0,40,United-States
22,Private,Some-college,10,Never-married,Transport-moving,Not-in-family,White,Male,0,0,32,United-States
28,Private,Some-college,10,Married-civ-spouse,Machine-op-inspct,Husband,White,Male,0,1902,40,United-States
74,Private,Some-college,10,Married-civ-spouse,Sales,Husband,White,Male,0,0,20,United-States
35,?,HS-grad,9,Married-civ-spouse,?,Husband,White,Male,0,0,40,United-States
40,Federal-gov,Assoc-acdm,12,Never-married,Adm-clerical,Not-in-family,White,Female,0,0,40,United-States
40,Local-gov,Bachelors,13,Never-married,Protective-serv,Not-in-family,White,Female,0,0,40,United-States
65,Private,HS-grad,9,Never-married,Machine-op-inspct,Not-in-family,White,Male,0,0,10,United-States
90,Federal-gov,Masters,14,Divorced,Prof-specialty,Not-in-family,White,Male,0,0,99,United-States
37,Private,HS-grad,9,Married-civ-spouse,Craft-repair,Husband,White,Male,0,0,40,United-States
76,Self-emp-inc,9th,5,Married-civ-spouse,Prof-specialty,Husband,White,Male,0,0,40,United-States
19,?,HS-grad,9,Never-married,?,Other-relative,Asian-Pac-Islander,Female,0,0,12,South
39,Self-emp-not-inc,Masters,14,Married-civ-spouse,Exec-managerial,Wife,White,Female,0,0,30,United-States
73,Private,HS-grad,9,Widowed,Other-service,Other-relative,White,Female,0,0,32,United-States
27,Private,Bachelors,13,Never-married,Craft-repair,Own-child,White,Male,0,0,40,United-States
19,?,HS-grad,9,Never-married,?,Own-child,Black,Male,0,0,10,United-States
34,Private,12th,8,Divorced,Other-service,Unmarried,Black,Female,0,0,40,United-States
72,Private,7th-8th,4,Widowed,Other-service,Unmarried,Black,Female,0,0,20,United-States
35,Federal-gov,Bachelors,13,Married-spouse-absent,Exec-managerial,Not-in-family,Black,Male,0,0,40,United-States
72,?,HS-grad,9,Married-civ-spouse,?,Husband,Asian-Pac-Islander,Male,0,0,1,United-States
32,Private,HS-grad,9,Married-civ-spouse,Adm-clerical,Husband,White,Male,0,0,40,United-States
52,Private,Some-college,10,Divorced,Sales,Not-in-family,Black,Female,0,0,40,United-States
84,Private,7th-8th,4,Married-civ-spouse,Prof-specialty,Husband,Black,Male,0,0,10,United-States
61,Private,Prof-school,15,Married-civ-spouse,Exec-managerial,Husband,White,Male,0,0,20,United-States
81,Self-emp-not-inc,Some-college,10,Married-civ-spouse,Tech-support,Husband,White,Male,0,0,25,Greece
22,Private,Some-college,10,Never-married,Transport-moving,Not-in-family,White,Female,0,0,24,United-States
82,Self-emp-inc,7th-8th,4,Married-civ-spouse,Farming-fishing,Husband,White,Male,0,0,50,United-States
23,Private,Bachelors,13,Never-married,Sales,Own-child,White,Female,0,0,20,United-States
51,Private,HS-grad,9,Married-civ-spouse,Craft-repair,Husband,White,Male,0,1887,40,United-States
75,Private,HS-grad,9,Widowed,Adm-clerical,Not-in-family,White,Female,0,0,40,United-States
84,Self-emp-not-inc,Bachelors,13,Married-civ-spouse,Farming-fishing,Husband,White,Male,0,0,20,United-States
79,Private,Doctorate,16,Married-civ-spouse,Prof-specialty,Husband,White,Male,20051,0,35,El-Salvador
31,Private,HS-grad,9,Married-civ-spouse,Machine-op-inspct,Wife,White,Female,0,0,40,United-States
55,Private,Some-college,10,Married-civ-spouse,Craft-repair,Husband,Black,Male,15024,0,40,United-States
35,Private,Some-college,10,Married-civ-spouse,Transport-moving,Husband,White,Male,0,0,50,United-States
25,Self-emp-not-inc,Assoc-acdm,12,Never-married,Sales,Not-in-family,White,Male,0,0,50,United-States
84,Local-gov,Assoc-voc,11,Widowed,Adm-clerical,Not-in-family,White,Female,0,0,14,United-States
65,Private,HS-grad,9,Divorced,Adm-clerical,Not-in-family,White,Female,0,0,40,United-States
63,Self-emp-not-inc,7th-8th,4,Married-civ-spouse,Craft-repair,Husband,White,Male,0,0,40,United-States
50,Private,HS-grad,9,Married-civ-spouse,Farming-fishing,Husband,White,Male,0,0,48,United-States
42,Private,Assoc-acdm,12,Divorced,Prof-specialty,Unmarried,White,Female,8614,0,40,United-States
36,Private,Assoc-voc,11,Never-married,Prof-specialty,Not-in-family,White,Male,0,0,40,United-States
42,Private,Some-college,10,Married-civ-spouse,Craft-repair,Husband,White,Male,0,0,40,United-States
17,Private,11th,7,Never-married,Handlers-cleaners,Own-child,White,Male,0,0,17,United-States
46,Local-gov,Bachelors,13,Married-civ-spouse,Protective-serv,Husband,White,Male,0,0,40,United-States
80,Self-emp-not-inc,7th-8th,4,Married-spouse-absent,Farming-fishing,Unmarried,White,Male,0,0,15,United-States
46,Private,HS-grad,9,Married-civ-spouse,Sales,Wife,White,Female,0,0,40,United-States
78,Self-emp-not-inc,Some-college,10,Married-civ-spouse,Craft-repair,Husband,White,Male,0,0,3,United-States
21,Private,Some-college,10,Never-married,Adm-clerical,Own-child,White,Female,0,0,18,United-States
70,?,HS-grad,9,Married-civ-spouse,?,Husband,White,Male,0,0,14,United-States
51,Private,Bachelors,13,Married-civ-spouse,Exec-managerial,Husband,White,Male,0,0,60,United-States
85,Self-emp-inc,Bachelors,13,Widowed,Exec-managerial,Not-in-family,White,Male,0,0,40,United-States
68,Private,Bachelors,13,Married-civ-spouse,Exec-managerial,Husband,White,Male,0,0,40,United-States
66,?,11th,7,Widowed,?,Not-in-family,Black,Female,0,0,40,United-States
41,Private,Some-college,10,Never-married,Handlers-cleaners,Not-in-family,White,Male,0,0,40,United-States
48,Private,Some-college,10,Divorced,Exec-managerial,Not-in-family,White,Female,0,0,60,United-States
26,Private,Bachelors,13,Never-married,Tech-support,Not-in-family,White,Male,0,0,40,United-States
38,Private,HS-grad,9,Married-civ-spouse,Craft-repair,Husband,White,Male,0,0,50,United-States
25,Local-gov,Bachelors,13,Married-civ-spouse,Prof-specialty,Wife,White,Female,0,0,50,United-States
56,Local-gov,12th,8,Never-married,Handlers-cleaners,Not-in-family,White,Male,0,0,40,United-States
61,?,Masters,14,Married-civ-spouse,?,Husband,White,Male,0,0,2,United-States
46,Private,9th,5,Married-civ-spouse,Machine-op-inspct,Husband,White,Male,0,0,40,Guatemala
33,Self-emp-not-inc,HS-grad,9,Never-married,Exec-managerial,Not-in-family,White,Male,0,0,55,France
62,Private,HS-grad,9,Married-civ-spouse,Farming-fishing,Husband,White,Male,6418,0,40,United-States
80,Private,Doctorate,16,Married-civ-spouse,Prof-specialty,Husband,White,Male,0,0,30,United-States
28,Private,HS-grad,9,Married-civ-spouse,Other-service,Own-child,White,Female,0,0,35,United-States
63,Private,Bachelors,13,Married-civ-spouse,Sales,Husband,White,Male,0,0,40,United-States
72,Self-emp-inc,5th-6th,3,Married-civ-spouse,Exec-managerial,Husband,Asian-Pac-Islander,Male,0,0,20,Japan
72,Private,HS-grad,9,Married-civ-spouse,Sales,Wife,White,Female,0,0,17,United-States
24,Private,Assoc-acdm,12,Never-married,Sales,Own-child,White,Male,0,0,25,United-States
18,Self-emp-inc,HS-grad,9,Never-married,Farming-fishing,Own-child,White,Female,0,0,8,United-States
72,Private,10th,6,Widowed,Adm-clerical,Not-in-family,White,Female,0,0,20,United-States
43,Private,Bachelors,13,Married-civ-spouse,Exec-managerial,Husband,White,Male,0,0,50,United-States
82,Private,7th-8th,4,Married-civ-spouse,Handlers-cleaners,Husband,White,Male,0,0,2,United-States
90,Private,Some-college,10,Never-married,Adm-clerical,Own-child,White,Female,0,1944,12,United-States
40,State-gov,HS-grad,9,Married-civ-spouse,Protective-serv,Husband,White,Male,0,0,40,United-States
33,Private,HS-grad,9,Never-married,Other-service,Not-in-family,White,Male,0,0,40,United-States
55,Local-gov,Assoc-acdm,12,Married-civ-spouse,Prof-specialty,Husband,Asian-Pac-Islander,Male,0,0,40,United-States
30,Private,HS-grad,9,Never-married,Sales,Other-relative,White,Male,0,0,40,United-States
42,?,Some-college,10,Married-AF-spouse,?,Wife,White,Female,0,0,14,United-States
35,Private,Bachelors,13,Never-married,Adm-clerical,Own-child,White,Female,0,0,40,United-States
59,Private,Bachelors,13,Married-civ-spouse,Handlers-cleaners,Husband,White,Male,0,0,40,Italy
75,Private,HS-grad,9,Widowed,Adm-clerical,Not-in-family,White,Female,0,0,25,United-States
50,Private,Assoc-acdm,12,Married-civ-spouse,Transport-moving,Husband,White,Male,0,0,55,United-States
73,Local-gov,Masters,14,Married-civ-spouse,Prof-specialty,Husband,White,Male,0,0,10,Poland
58,Private,Some-college,10,Married-civ-spouse,Exec-managerial,Husband,White,Male,0,0,40,United-States
19,Private,HS-grad,9,Never-married,Sales,Own-child,Amer-Indian-Eskimo,Female,0,0,25,United-States
42,Private,HS-grad,9,Divorced,Other-service,Not-in-family,White,Male,0,0,40,United-States
51,Federal-gov,Some-college,10,Separated,Prof-specialty,Not-in-family,Black,Female,0,0,40,United-States
40,Private,Masters,14,Never-married,Exec-managerial,Not-in-family,White,Female,0,0,40,United-States
76,?,Prof-school,15,Married-civ-spouse,?,Husband,White,Male,0,1258,20,United-States
26,Local-gov,HS-grad,9,Married-civ-spouse,Protective-serv,Husband,White,Male,3103,0,40,United-States
27,Private,Some-college,10,Never-married,Sales,Not-in-family,White,Male,0,0,20,United-States
39,Private,Bachelors,13,Married-civ-spouse,Sales,Husband,White,Male,7298,0,40,United-States
64,Self-emp-not-inc,HS-grad,9,Widowed,Farming-fishing,Not-in-family,White,Male,0,0,32,United-States
19,Private,Some-college,10,Never-married,Sales,Own-child,White,Female,0,0,20,United-States
40,Self-emp-inc,Assoc-acdm,12,Married-civ-spouse,Craft-repair,Husband,White,Male,0,2377,50,United-States
27,Private,Masters,14,Never-married,Tech-support,Own-child,White,Male,0,0,50,United-States
57,Private,HS-grad,9,Divorced,Transport-moving,Not-in-family,White,Male,0,0,48,United-States
81,Private,Masters,14,Widowed,Prof-specialty,Unmarried,White,Male,0,0,60,?
88,Private,Some-college,10,Divorced,Adm-clerical,Unmarried,White,Female,0,0,40,United-States
61,Private,Some-college,10,Married-civ-spouse,Exec-managerial,Husband,White,Male,0,1672,40,United-States
80,Private,Bachelors,13,Never-married,Priv-house-serv,Not-in-family,White,Female,0,0,40,United-States
61,?,1st-4th,2,Married-civ-spouse,?,Husband,White,Male,3942,0,20,Mexico
27,Private,Bachelors,13,Never-married,Sales,Own-child,White,Male,0,0,2,United-States
74,Local-gov,7th-8th,4,Widowed,Other-service,Not-in-family,White,Female,0,0,35,United-States
53,Private,HS-grad,9,Married-civ-spouse,Machine-op-inspct,Husband,White,Male,0,0,40,United-States
47,Private,Some-college,10,Divorced,Prof-specialty,Not-in-family,White,Male,0,0,48,United-States
32,Private,HS-grad,9,Never-married,Farming-fishing,Not-in-family,White,Male,0,0,35,United-States
65,?,HS-grad,9,Married-civ-spouse,?,Husband,Asian-Pac-Islander,Male,0,0,48,United-States
73,Self-emp-not-inc,7th-8th,4,Married-civ-spouse,Farming-fishing,Husband,White,Male,0,0,40,United-States
53,Local-gov,Bachelors,13,Divorced,Prof-specialty,Not-in-family,White,Female,0,1876,54,United-States
59,Private,10th,6,Married-civ-spouse,Prof-specialty,Husband,White,Male,0,0,40,United-States
22,Private,HS-grad,9,Never-married,Other-service,Own-child,White,Female,0,0,19,United-States
33,?,HS-grad,9,Divorced,?,Unmarried,White,Female,0,0,32,United-States
70,Self-emp-not-inc,HS-grad,9,Married-civ-spouse,Farming-fishing,Husband,White,Male,0,0,40,United-States
73,Private,Bachelors,13,Married-civ-spouse,Prof-specialty,Husband,White,Male,0,2246,40,United-States
63,Private,Bachelors,13,Married-civ-spouse,Prof-specialty,Wife,White,Female,7688,0,36,United-States
43,Local-gov,Bachelors,13,Married-civ-spouse,Prof-specialty,Husband,Black,Male,0,0,40,United-States
60,Private,7th-8th,4,Married-civ-spouse,Transport-moving,Husband,White,Male,0,0,15,United-States
26,Local-gov,Bachelors,13,Married-civ-spouse,Prof-specialty,Wife,White,Female,0,0,55,United-States
23,Private,Some-college,10,Never-married,Sales,Not-in-family,Black,Female,0,0,30,United-States
36,Private,Bachelors,13,Never-married,Prof-specialty,Own-child,White,Male,0,0,50,United-States
45,Private,Some-college,10,Divorced,Exec-managerial,Not-in-family,White,Male,0,1876,50,United-States
62,Private,HS-grad,9,Widowed,Other-service,Not-in-family,White,Female,0,0,40,United-States
21,Private,Some-college,10,Never-married,Sales,Other-relative,White,Female,0,0,40,United-States
63,Self-emp-not-inc,Masters,14,Married-civ-spouse,Farming-fishing,Husband,White,Male,41310,0,50,United-States
53,State-gov,Masters,14,Married-civ-spouse,Exec-managerial,Husband,White,Male,0,0,70,United-States
50,Self-emp-not-inc,Some-college,10,Married-civ-spouse,Sales,Husband,White,Male,99999,0,45,United-States
54,Private,Some-college,10,Married-civ-spouse,Exec-managerial,Husband,White,Male,0,0,48,United-States
41,Self-emp-not-inc,Some-college,10,Married-civ-spouse,Sales,Husband,White,Male,0,0,60,Mexico
20,Private,Some-college,10,Never-married,Sales,Not-in-family,White,Male,0,0,20,United-States
70,Self-emp-inc,9th,5,Divorced,Sales,Not-in-family,White,Male,0,0,45,United-States
25,Private,Some-college,10,Never-married,Machine-op-inspct,Not-in-family,Asian-Pac-Islander,Male,0,0,40,Philippines
84,Private,Masters,14,Never-married,Prof-specialty,Not-in-family,White,Male,0,0,66,United-States
32,Self-emp-not-inc,HS-grad,9,Married-civ-spouse,Transport-moving,Husband,White,Male,0,0,40,United-States
39,Local-gov,HS-grad,9,Divorced,Craft-repair,Unmarried,White,Female,0,0,40,United-States
37,Private,Assoc-acdm,12,Married-civ-spouse,Craft-repair,Husband,White,Male,0,0,45,United-States
44,Private,12th,8,Never-married,Transport-moving,Not-in-family,Black,Male,0,0,36,United-States
27,Self-emp-not-inc,9th,5,Married-civ-spouse,Craft-repair,Husband,White,Male,0,0,40,United-States
42,Private,Masters,14,Divorced,Prof-specialty,Not-in-family,White,Female,2354,0,16,United-States
83,?,HS-grad,9,Widowed,?,Not-in-family,White,Female,0,0,20,United-States
18,Private,11th,7,Never-married,Other-service,Own-child,Black,Male,0,0,20,United-States
47,Local-gov,HS-grad,9,Married-civ-spouse,Other-service,Husband,White,Male,4386,0,40,United-States
32,Private,11th,7,Married-civ-spouse,Adm-clerical,Husband,White,Male,0,0,45,United-States
23,Private,Some-college,10,Never-married,Adm-clerical,Not-in-family,White,Male,0,0,20,United-States
17,Private,11th,7,Never-married,Other-service,Own-child,White,Male,0,0,25,United-States
55,Private,Some-college,10,Married-civ-spouse,Craft-repair,Husband,White,Male,0,0,40,United-States
41,Private,5th-6th,3,Married-spouse-absent,Priv-house-serv,Not-in-family,White,Female,0,0,32,Mexico
64,Private,HS-grad,9,Married-civ-spouse,Handlers-cleaners,Wife,Black,Female,0,0,40,United-States
65,State-gov,7th-8th,4,Widowed,Other-service,Other-relative,White,Female,0,0,24,United-States
52,Private,1st-4th,2,Divorced,Farming-fishing,Not-in-family,Black,Male,0,0,40,United-States
43,Private,Bachelors,13,Married-civ-spouse,Exec-managerial,Husband,White,Male,0,0,50,United-States
51,Private,HS-grad,9,Widowed,Other-service,Not-in-family,White,Female,0,0,24,United-States
60,Private,Some-college,10,Married-civ-spouse,Craft-repair,Husband,White,Male,0,0,45,United-States
47,State-gov,Doctorate,16,Married-civ-spouse,Prof-specialty,Husband,White,Male,15024,0,50,United-States
22,Private,Some-college,10,Never-married,Prof-specialty,Not-in-family,Black,Male,0,0,20,United-States
70,Private,HS-grad,9,Married-civ-spouse,Handlers-cleaners,Husband,White,Male,0,2174,40,United-States
31,Private,HS-grad,9,Never-married,Sales,Own-child,Asian-Pac-Islander,Female,0,0,40,United-States
38,Local-gov,HS-grad,9,Divorced,Protective-serv,Not-in-family,White,Male,0,0,56,United-States
23,Private,HS-grad,9,Married-civ-spouse,Machine-op-inspct,Wife,White,Female,0,0,40,United-States
77,?,Masters,14,Married-civ-spouse,?,Husband,White,Male,0,0,8,United-States
23,Private,Some-college,10,Never-married,Sales,Own-child,White,Female,0,0,20,United-States
74,Self-emp-not-inc,Some-college,10,Married-civ-spouse,Prof-specialty,Husband,White,Male,0,1648,35,United-States
65,Private,HS-grad,9,Widowed,Priv-house-serv,Not-in-family,White,Female,0,0,10,United-States
37,Private,Masters,14,Married-civ-spouse,Exec-managerial,Husband,White,Male,0,0,60,United-States
53,Private,HS-grad,9,Married-civ-spouse,Prof-specialty,Husband,White,Male,0,0,50,United-States
27,Private,Some-college,10,Never-married,Craft-repair,Not-in-family,White,Male,0,0,40,United-States
41,Private,Some-college,10,Divorced,Craft-repair,Not-in-family,White,Male,0,0,40,United-States
51,Private,Masters,14,Married-civ-spouse,Exec-managerial,Husband,White,Male,0,0,50,United-States
65,Self-emp-not-inc,Masters,14,Married-civ-spouse,Prof-specialty,Husband,White,Male,0,0,39,United-States
82,?,7th-8th,4,Widowed,?,Not-in-family,White,Male,0,0,5,United-States
72,Self-emp-inc,Prof-school,15,Married-civ-spouse,Prof-specialty,Husband,White,Male,99999,0,50,United-States
78,?,Some-college,10,Widowed,?,Not-in-family,White,Male,0,0,5,United-States
57,Self-emp-not-inc,HS-grad,9,Married-civ-spouse,Craft-repair,Husband,White,Male,0,0,60,United-States
69,?,Bachelors,13,Married-civ-spouse,?,Husband,White,Male,0,0,20,United-States
45,Private,HS-grad,9,Never-married,Other-service,Unmarried,Black,Female,0,0,40,United-States
19,Private,11th,7,Never-married,Farming-fishing,Own-child,White,Male,0,0,24,United-States
55,Federal-gov,Some-college,10,Married-civ-spouse,Adm-clerical,Wife,White,Female,0,0,40,United-States
83,Self-emp-inc,10th,6,Married-civ-spouse,Farming-fishing,Husband,White,Male,20051,0,50,United-States
24,Local-gov,HS-grad,9,Divorced,Protective-serv,Unmarried,Black,Female,0,0,40,United-States
79,?,Assoc-acdm,12,Married-civ-spouse,?,Wife,White,Female,0,0,2,United-States
58,Private,HS-grad,9,Never-married,Sales,Other-relative,Black,Female,0,0,40,United-States
27,Private,HS-grad,9,Married-civ-spouse,Transport-moving,Husband,White,Male,0,0,60,United-States
26,Private,Some-college,10,Married-civ-spouse,Craft-repair,Husband,White,Male,0,0,45,United-States
59,Private,HS-grad,9,Married-civ-spouse,Other-service,Husband,White,Male,0,0,45,Cuba
35,Local-gov,Some-college,10,Divorced,Adm-clerical,Unmarried,White,Female,0,0,40,United-States
44,Private,Some-college,10,Divorced,Adm-clerical,Unmarried,White,Female,0,0,40,United-States
17,?,10th,6,Never-married,?,Own-child,White,Male,0,0,40,United-States
45,Private,HS-grad,9,Married-spouse-absent,Adm-clerical,Unmarried,White,Female,0,0,30,United-States
72,Federal-gov,11th,7,Divorced,Adm-clerical,Not-in-family,White,Female,0,0,8,Canada
31,Private,HS-grad,9,Separated,Other-service,Not-in-family,White,Female,0,0,40,United-States
31,Private,Bachelors,13,Never-married,Prof-specialty,Not-in-family,White,Male,0,0,47,United-States
32,Local-gov,Bachelors,13,Never-married,Prof-specialty,Not-in-family,White,Male,0,0,35,United-States
66,Federal-gov,Assoc-voc,11,Widowed,Other-service,Unmarried,Black,Female,3273,0,40,United-States
69,Private,Some-college,10,Married-civ-spouse,Sales,Husband,White,Male,0,0,25,United-States
26,Private,HS-grad,9,Never-married,Sales,Own-child,White,Male,0,0,40,United-States
26,Private,Assoc-acdm,12,Married-spouse-absent,Craft-repair,Other-relative,Asian-Pac-Islander,Female,0,0,40,?
58,Private,Masters,14,Married-civ-spouse,Exec-managerial,Husband,White,Male,0,0,50,United-States
32,Private,Some-college,10,Married-civ-spouse,Handlers-cleaners,Husband,White,Male,0,0,40,United-States
41,Private,Assoc-voc,11,Married-civ-spouse,Adm-clerical,Wife,White,Female,7688,0,44,United-States
42,Private,Bachelors,13,Married-civ-spouse,Sales,Husband,White,Male,0,0,60,United-States
56,Private,9th,5,Divorced,Craft-repair,Not-in-family,White,Female,0,0,40,United-States
65,Private,Bachelors,13,Divorced,Adm-clerical,Not-in-family,White,Female,0,0,40,United-States
72,Self-emp-inc,Some-college,10,Married-civ-spouse,Exec-managerial,Husband,White,Male,0,0,25,United-States
67,Federal-gov,Bachelors,13,Widowed,Adm-clerical,Not-in-family,White,Female,0,0,40,United-States
90,Local-gov,HS-grad,9,Married-civ-spouse,Other-service,Husband,White,Male,6767,0,40,United-States
31,Private,Some-college,10,Never-married,Sales,Not-in-family,Asian-Pac-Islander,Female,0,0,50,United-States
49,Self-emp-not-inc,HS-grad,9,Married-civ-spouse,Farming-fishing,Husband,White,Male,0,1672,98,United-States
48,Private,Assoc-acdm,12,Married-civ-spouse,Sales,Husband,White,Male,0,0,60,United-States
40,Private,Bachelors,13,Married-civ-spouse,Tech-support,Husband,White,Male,0,0,40,United-States
46,Self-emp-inc,HS-grad,9,Married-civ-spouse,Protective-serv,Husband,White,Male,0,0,70,United-States
74,?,5th-6th,3,Married-civ-spouse,?,Husband,White,Male,0,0,56,Mexico
54,Private,Assoc-voc,11,Married-civ-spouse,Sales,Husband,White,Male,0,0,50,United-States
40,Private,Bachelors,13,Married-civ-spouse,Exec-managerial,Husband,White,Male,7298,0,40,United-States
54,Private,10th,6,Separated,Sales,Unmarried,White,Female,0,0,43,Italy
44,Private,Assoc-voc,11,Married-civ-spouse,Craft-repair,Husband,White,Male,0,0,40,United-States
31,Private,Masters,14,Divorced,Exec-managerial,Not-in-family,White,Female,0,0,40,United-States
28,State-gov,Some-college,10,Never-married,Adm-clerical,Not-in-family,White,Female,0,0,38,United-States
30,Private,HS-grad,9,Divorced,Other-service,Not-in-family,White,Female,0,0,40,United-States
22,Private,HS-grad,9,Never-married,Adm-clerical,Not-in-family,White,Female,0,0,39,United-States
19,Private,11th,7,Never-married,Handlers-cleaners,Own-child,White,Male,0,0,30,United-States
42,Self-emp-inc,HS-grad,9,Divorced,Sales,Unmarried,White,Male,1151,0,50,United-States
70,?,HS-grad,9,Married-civ-spouse,?,Husband,White,Male,2228,0,24,United-States
27,Private,Bachelors,13,Married-civ-spouse,Prof-specialty,Wife,White,Female,0,1628,50,United-States
80,?,7th-8th,4,Married-civ-spouse,?,Husband,White,Male,0,0,35,United-States
53,State-gov,HS-grad,9,Married-civ-spouse,Protective-serv,Husband,White,Male,0,0,40,United-States
63,Private,Some-college,10,Married-civ-spouse,Prof-specialty,Husband,White,Male,0,0,38,United-States
38,Private,Masters,14,Married-civ-spouse,Exec-managerial,Husband,White,Male,15024,0,45,United-States
68,Private,Some-college,10,Divorced,Sales,Not-in-family,White,Female,0,0,20,United-States
27,Private,HS-grad,9,Married-civ-spouse,Sales,Husband,White,Male,0,0,40,United-States
76,Self-emp-not-inc,HS-grad,9,Widowed,Exec-managerial,Not-in-family,White,Female,0,0,2,United-States
55,?,Masters,14,Married-civ-spouse,?,Husband,White,Male,0,0,18,United-States
51,Private,Some-college,10,Married-civ-spouse,Transport-moving,Husband,White,Male,0,0,40,United-States
26,Private,Bachelors,13,Married-civ-spouse,Adm-clerical,Wife,White,Female,0,0,40,United-States
35,Private,Prof-school,15,Married-civ-spouse,Prof-specialty,Husband,White,Male,0,0,55,United-States
46,Private,Bachelors,13,Married-civ-spouse,Craft-repair,Husband,White,Male,0,0,44,United-States
78,Self-emp-not-inc,Bachelors,13,Never-married,Exec-managerial,Not-in-family,White,Male,99999,0,20,United-States
46,Private,HS-grad,9,Never-married,Exec-managerial,Not-in-family,White,Male,0,0,40,United-States
55,Self-emp-not-inc,10th,6,Married-civ-spouse,Sales,Husband,White,Male,7688,0,50,United-States
26,Private,HS-grad,9,Never-married,Other-service,Unmarried,Black,Male,0,0,40,United-States
79,Private,Some-college,10,Married-civ-spouse,Adm-clerical,Husband,White,Male,0,0,20,United-States
36,Private,Masters,14,Married-civ-spouse,Adm-clerical,Husband,White,Male,0,1977,40,Japan
43,Private,Bachelors,13,Married-civ-spouse,Sales,Husband,White,Male,0,0,65,United-States
27,Private,Assoc-voc,11,Never-married,Craft-repair,Not-in-family,White,Male,0,0,40,United-States
41,Private,Some-college,10,Never-married,Craft-repair,Own-child,Asian-Pac-Islander,Male,0,0,40,United-States
68,Private,12th,8,Widowed,Sales,Not-in-family,White,Female,0,0,30,United-States
40,Private,Assoc-acdm,12,Divorced,Tech-support,Not-in-family,White,Female,0,0,40,United-States
35,Private,Some-college,10,Married-civ-spouse,Handlers-cleaners,Husband,White,Male,0,0,40,United-States
23,Private,HS-grad,9,Never-married,Craft-repair,Unmarried,White,Male,0,0,40,United-States
49,Private,Assoc-voc,11,Divorced,Prof-specialty,Not-in-family,White,Female,0,0,38,United-States
69,Private,Assoc-voc,11,Widowed,Adm-clerical,Unmarried,White,Female,0,0,40,United-States
34,State-gov,Bachelors,13,Never-married,Prof-specialty,Not-in-family,White,Female,0,0,48,United-States
64,?,Prof-school,15,Married-civ-spouse,?,Husband,White,Male,0,0,16,United-States
79,Self-emp-not-inc,HS-grad,9,Married-civ-spouse,Farming-fishing,Husband,White,Male,0,0,40,United-States
26,Self-emp-not-inc,Some-college,10,Separated,Craft-repair,Not-in-family,White,Male,0,0,30,United-States
40,Private,HS-grad,9,Married-civ-spouse,Craft-repair,Husband,Black,Male,0,0,40,United-States
62,Private,Masters,14,Widowed,Exec-managerial,Not-in-family,White,Female,0,0,35,United-States
22,Private,HS-grad,9,Never-married,Craft-repair,Own-child,White,Male,0,0,40,United-States
34,Private,HS-grad,9,Married-civ-spouse,Machine-op-inspct,Husband,White,Male,4386,0,55,United-States
62,Private,HS-grad,9,Married-civ-spouse,Transport-moving,Husband,White,Male,0,1977,60,United-States
41,Private,Some-college,10,Married-civ-spouse,Exec-managerial,Husband,Amer-Indian-Eskimo,Male,0,0,40,United-States
73,Self-emp-not-inc,Doctorate,16,Married-civ-spouse,Exec-managerial,Husband,White,Male,1409,0,2,United-States
60,Local-gov,Some-college,10,Married-civ-spouse,Other-service,Husband,Asian-Pac-Islander,Male,0,0,60,Philippines
26,Private,Masters,14,Married-civ-spouse,Prof-specialty,Husband,White,Male,5013,0,40,United-States
59,Federal-gov,Masters,14,Never-married,Prof-specialty,Not-in-family,White,Female,0,0,40,?
77,Local-gov,7th-8th,4,Widowed,Adm-clerical,Not-in-family,White,Female,0,0,40,United-States
39,Private,Some-college,10,Divorced,Other-service,Unmarried,White,Female,0,0,60,United-States
42,Self-emp-inc,Bachelors,13,Married-civ-spouse,Prof-specialty,Husband,White,Male,0,1977,40,United-States
72,Private,HS-grad,9,Widowed,Priv-house-serv,Unmarried,White,Female,0,0,12,Cuba
25,Private,Some-college,10,Never-married,Transport-moving,Not-in-family,Black,Male,0,0,40,United-States
32,Local-gov,Masters,14,Never-married,Prof-specialty,Not-in-family,Black,Male,0,0,40,United-States
44,Private,Prof-school,15,Married-civ-spouse,Prof-specialty,Husband,White,Male,99999,0,60,United-States
62,Self-emp-not-inc,7th-8th,4,Married-civ-spouse,Craft-repair,Husband,White,Male,0,0,10,United-States
48,State-gov,Some-college,10,Married-civ-spouse,Protective-serv,Husband,White,Male,0,1902,40,United-States
28,Private,Prof-school,15,Married-civ-spouse,Prof-specialty,Husband,White,Male,0,0,50,United-States
57,Private,HS-grad,9,Widowed,Prof-specialty,Not-in-family,White,Female,0,0,57,United-States
59,Private,HS-grad,9,Married-civ-spouse,Handlers-cleaners,Husband,White,Male,0,0,40,United-States
69,Private,Some-college,10,Widowed,Adm-clerical,Not-in-family,White,Female,0,0,24,United-States
17,Private,10th,6,Never-married,Other-service,Own-child,White,Male,0,0,15,United-States
51,State-gov,Some-college,10,Married-civ-spouse,Exec-managerial,Husband,White,Male,0,0,40,United-States
26,Private,7th-8th,4,Never-married,Craft-repair,Not-in-family,White,Male,0,0,40,Mexico
28,Private,9th,5,Married-civ-spouse,Machine-op-inspct,Wife,White,Female,0,0,40,United-States
75,State-gov,Some-college,10,Widowed,Adm-clerical,Not-in-family,White,Female,0,0,10,United-States
50,Self-emp-inc,Bachelors,13,Married-civ-spouse,Exec-managerial,Husband,Asian-Pac-Islander,Male,7688,0,50,Japan
65,?,Bachelors,13,Married-civ-spouse,?,Husband,White,Male,0,2377,40,United-States
47,Private,Some-college,10,Married-civ-spouse,Other-service,Husband,White,Male,0,0,10,United-States
44,Private,HS-grad,9,Married-civ-spouse,Craft-repair,Husband,White,Male,0,0,45,United-States
19,Private,HS-grad,9,Never-married,Sales,Not-in-family,White,Female,0,0,40,United-States
26,Private,HS-grad,9,Married-civ-spouse,Protective-serv,Husband,White,Male,0,0,40,United-States
73,Self-emp-not-inc,HS-grad,9,Married-civ-spouse,Farming-fishing,Husband,Asian-Pac-Islander,Male,0,2457,40,Vietnam
46,Local-gov,Bachelors,13,Divorced,Adm-clerical,Not-in-family,White,Female,99999,0,40,United-States
61,Private,Bachelors,13,Married-civ-spouse,Exec-managerial,Husband,White,Male,0,0,50,United-States
70,Private,Bachelors,13,Married-civ-spouse,Handlers-cleaners,Husband,White,Male,6418,0,40,United-States
43,Private,HS-grad,9,Never-married,Other-service,Unmarried,Black,Female,0,0,24,United-States
41,Private,HS-grad,9,Divorced,Machine-op-inspct,Not-in-family,White,Male,0,0,40,United-States
42,Private,Assoc-voc,11,Married-civ-spouse,Transport-moving,Husband,White,Male,0,0,45,United-States
41,Private,HS-grad,9,Married-civ-spouse,Machine-op-inspct,Husband,White,Male,0,0,40,United-States
58,Private,HS-grad,9,Widowed,Sales,Not-in-family,White,Female,0,0,35,United-States
42,Private,Masters,14,Married-civ-spouse,Exec-managerial,Husband,White,Male,0,0,60,United-States
71,Private,HS-grad,9,Married-civ-spouse,Protective-serv,Husband,White,Male,6767,0,20,United-States
61,Private,HS-grad,9,Divorced,Adm-clerical,Unmarried,Black,Female,0,0,40,United-States
65,Self-emp-inc,HS-grad,9,Divorced,Sales,Not-in-family,White,Female,6723,0,40,United-States
17,Private,11th,7,Never-married,Sales,Own-child,Black,Female,0,0,35,United-States
63,Self-emp-not-inc,Some-college,10,Married-civ-spouse,Other-service,Husband,White,Male,0,0,48,United-States
24,Private,HS-grad,9,Never-married,Adm-clerical,Own-child,White,Female,0,0,40,United-States
17,Private,10th,6,Never-married,Sales,Own-child,White,Female,0,0,12,United-States
29,Private,Assoc-acdm,12,Divorced,Tech-support,Not-in-family,White,Female,0,0,40,United-States
90,Private,11th,7,Married-civ-spouse,Craft-repair,Husband,White,Male,0,0,40,United-States
82,Private,5th-6th,3,Widowed,Other-service,Unmarried,White,Male,0,0,20,United-States
63,Self-emp-not-inc,HS-grad,9,Married-civ-spouse,Other-service,Husband,White,Male,0,0,40,United-States
81,?,HS-grad,9,Divorced,?,Not-in-family,White,Female,0,0,35,United-States
44,Local-gov,Bachelors,13,Married-civ-spouse,Protective-serv,Husband,White,Male,0,0,40,United-States
68,?,7th-8th,4,Married-civ-spouse,?,Husband,White,Male,0,0,60,United-States
22,Private,Assoc-voc,11,Never-married,Other-service,Other-relative,White,Male,0,0,40,Guatemala
61,Private,Masters,14,Married-civ-spouse,Prof-specialty,Husband,White,Male,0,0,50,United-States
33,Local-gov,HS-grad,9,Divorced,Craft-repair,Unmarried,White,Male,0,0,40,United-States
41,Private,HS-grad,9,Divorced,Exec-managerial,Not-in-family,White,Male,0,0,50,United-States
27,Private,Bachelors,13,Married-civ-spouse,Prof-specialty,Husband,White,Male,0,0,40,United-States
29,Private,10th,6,Divorced,Other-service,Not-in-family,White,Female,0,0,30,United-States
66,?,Bachelors,13,Married-civ-spouse,?,Husband,White,Male,0,0,6,United-States
17,Private,10th,6,Never-married,Sales,Own-child,White,Female,0,0,15,United-States
23,Private,Some-college,10,Never-married,Other-service,Not-in-family,White,Female,0,0,28,United-States
73,?,HS-grad,9,Widowed,?,Not-in-family,White,Female,0,0,65,United-States
69,Private,HS-grad,9,Widowed,Other-service,Not-in-family,White,Female,991,0,18,United-States
60,Local-gov,HS-grad,9,Married-civ-spouse,Protective-serv,Husband,White,Male,0,0,40,United-States
38,State-gov,HS-grad,9,Married-civ-spouse,Prof-specialty,Wife,White,Female,0,0,40,United-States
17,Self-emp-not-inc,11th,7,Never-married,Prof-specialty,Own-child,White,Female,0,0,4,United-States
55,Federal-gov,HS-grad,9,Married-civ-spouse,Adm-clerical,Husband,White,Male,0,0,46,United-States
40,Private,Prof-school,15,Married-civ-spouse,Prof-specialty,Husband,White,Male,15024,0,55,Germany
67,State-gov,10th,6,Widowed,Other-service,Not-in-family,White,Female,0,0,12,United-States
48,Self-emp-not-inc,Bachelors,13,Separated,Tech-support,Not-in-family,White,Male,0,0,50,United-States
32,Private,HS-grad,9,Never-married,Machine-op-inspct,Not-in-family,White,Male,0,0,40,United-States
38,Federal-gov,Bachelors,13,Married-civ-spouse,Sales,Husband,White,Male,7688,0,42,United-States
67,Private,11th,7,Widowed,Other-service,Not-in-family,White,Female,0,0,40,United-States
52,Private,Assoc-voc,11,Married-civ-spouse,Craft-repair,Husband,White,Male,0,0,40,United-States
50,Private,HS-grad,9,Married-civ-spouse,Machine-op-inspct,Husband,White,Male,0,0,40,United-States
84,?,Some-college,10,Widowed,?,Not-in-family,White,Female,0,0,6,United-States
49,Private,HS-grad,9,Married-civ-spouse,Handlers-cleaners,Husband,White,Male,0,0,48,United-States
44,Private,Assoc-acdm,12,Married-civ-spouse,Sales,Husband,White,Male,0,0,40,United-States
84,?,5th-6th,3,Married-civ-spouse,?,Husband,White,Male,0,0,20,United-States
51,Private,HS-grad,9,Married-civ-spouse,Craft-repair,Husband,White,Male,0,0,40,United-States
29,Private,Assoc-voc,11,Married-civ-spouse,Sales,Husband,White,Male,2885,0,40,United-States
68,?,HS-grad,9,Married-civ-spouse,?,Husband,White,Male,0,0,23,United-States
54,Self-emp-not-inc,HS-grad,9,Married-civ-spouse,Craft-repair,Husband,White,Male,0,0,35,United-States
37,Private,Masters,14,Married-civ-spouse,Exec-managerial,Husband,White,Male,15024,0,60,United-States
49,Self-emp-inc,Some-college,10,Divorced,Sales,Not-in-family,White,Female,0,0,40,United-States
56,Private,HS-grad,9,Divorced,Adm-clerical,Unmarried,White,Female,0,0,32,United-States
45,Private,11th,7,Married-civ-spouse,Other-service,Wife,White,Female,0,0,36,United-States
53,Private,11th,7,Divorced,Other-service,Unmarried,White,Female,0,0,40,United-States
58,Private,HS-grad,9,Married-civ-spouse,Transport-moving,Husband,White,Male,0,0,40,United-States
40,State-gov,Some-college,10,Never-married,Adm-clerical,Not-in-family,White,Female,0,0,38,United-States
57,Private,HS-grad,9,Separated,Machine-op-inspct,Not-in-family,White,Male,2174,0,40,Cuba
32,Private,HS-grad,9,Divorced,Machine-op-inspct,Own-child,Black,Female,0,0,40,United-States
34,?,HS-grad,9,Married-civ-spouse,?,Husband,Black,Male,0,0,10,United-States
49,Private,Assoc-acdm,12,Married-civ-spouse,Adm-clerical,Own-child,White,Female,0,0,38,United-States
66,?,HS-grad,9,Married-civ-spouse,?,Husband,White,Male,0,0,15,United-States
26,Private,HS-grad,9,Divorced,Sales,Unmarried,White,Female,0,0,40,United-States
59,Private,HS-grad,9,Married-civ-spouse,Machine-op-inspct,Husband,White,Male,0,0,40,United-States
69,State-gov,Prof-school,15,Married-civ-spouse,Adm-clerical,Husband,White,Male,0,0,34,United-States
36,Private,10th,6,Never-married,Farming-fishing,Own-child,Black,Male,0,0,60,United-States
74,Self-emp-not-inc,HS-grad,9,Widowed,Farming-fishing,Not-in-family,White,Female,0,0,14,United-States
68,?,Some-college,10,Never-married,?,Unmarried,Black,Female,0,0,40,United-States
34,Private,HS-grad,9,Never-married,Other-service,Unmarried,Black,Female,0,0,40,United-States
42,Self-emp-not-inc,HS-grad,9,Married-civ-spouse,Craft-repair,Husband,White,Male,0,0,45,United-States
23,Private,HS-grad,9,Never-married,Adm-clerical,Own-child,White,Female,0,0,35,United-States
73,Federal-gov,Some-college,10,Widowed,Tech-support,Not-in-family,White,Female,3273,0,40,United-States
29,Private,HS-grad,9,Never-married,Adm-clerical,Other-relative,White,Female,0,0,40,United-States
55,Private,Doctorate,16,Married-civ-spouse,Prof-specialty,Husband,White,Male,0,0,40,United-States
26,Private,Assoc-voc,11,Married-civ-spouse,Adm-clerical,Husband,White,Male,0,2377,45,United-States
57,Private,10th,6,Divorced,Other-service,Not-in-family,Amer-Indian-Eskimo,Female,0,0,20,United-States
47,?,Bachelors,13,Married-civ-spouse,?,Husband,White,Male,0,0,36,United-States
54,Self-emp-inc,Some-college,10,Married-civ-spouse,Sales,Husband,White,Male,0,0,54,United-States
69,Self-emp-inc,HS-grad,9,Married-civ-spouse,Other-service,Husband,White,Male,0,0,40,United-States
56,State-gov,10th,6,Widowed,Other-service,Not-in-family,White,Female,0,0,37,United-States
20,Private,HS-grad,9,Never-married,Handlers-cleaners,Own-child,White,Male,0,0,40,United-States
29,Private,Bachelors,13,Married-civ-spouse,Prof-specialty,Wife,White,Female,0,0,46,United-States
81,Self-emp-not-inc,HS-grad,9,Widowed,Adm-clerical,Not-in-family,White,Female,0,0,20,United-States
74,Private,Some-college,10,Married-civ-spouse,Sales,Husband,White,Male,6418,0,24,United-States
64,Private,Some-college,10,Divorced,Exec-managerial,Unmarried,White,Female,0,0,40,United-States
90,?,10th,6,Divorced,?,Not-in-family,White,Female,0,0,7,United-States
38,Private,Some-college,10,Married-civ-spouse,Machine-op-inspct,Husband,White,Male,0,0,40,United-States
31,Federal-gov,HS-grad,9,Married-civ-spouse,Adm-clerical,Husband,Black,Male,0,0,50,United-States
90,Private,Bachelors,13,Married-civ-spouse,Exec-managerial,Husband,White,Male,0,0,45,United-States
28,?,12th,8,Married-civ-spouse,?,Wife,White,Female,0,0,20,Germany
79,Federal-gov,Doctorate,16,Widowed,Exec-managerial,Not-in-family,White,Male,0,0,6,United-States
56,Private,12th,8,Married-civ-spouse,Craft-repair,Husband,White,Male,0,0,40,Italy
53,Private,Assoc-voc,11,Divorced,Craft-repair,Not-in-family,White,Male,0,0,40,Cuba
58,?,5th-6th,3,Married-civ-spouse,?,Husband,White,Male,0,0,40,United-States
31,Private,Some-college,10,Married-civ-spouse,Adm-clerical,Wife,White,Female,0,0,40,United-States
45,Private,Masters,14,Divorced,Prof-specialty,Not-in-family,White,Male,0,0,40,United-States
47,Private,Masters,14,Separated,Tech-support,Not-in-family,White,Male,27828,0,40,United-States
73,Private,1st-4th,2,Married-civ-spouse,Transport-moving,Husband,White,Male,0,1735,20,United-States
19,?,Some-college,10,Never-married,?,Own-child,White,Female,0,0,30,Japan
49,Private,HS-grad,9,Married-civ-spouse,Exec-managerial,Husband,White,Male,0,0,60,United-States
66,Private,Bachelors,13,Married-civ-spouse,Sales,Husband,White,Male,0,0,15,United-States
47,Private,Assoc-voc,11,Divorced,Prof-specialty,Not-in-family,White,Female,0,1669,40,United-States
44,Self-emp-inc,Masters,14,Married-civ-spouse,Sales,Husband,White,Male,0,0,50,?
33,Private,Masters,14,Never-married,Prof-specialty,Not-in-family,Black,Male,0,0,50,United-States
21,Private,Some-college,10,Never-married,Farming-fishing,Own-child,Black,Male,0,0,10,United-States
41,Private,Bachelors,13,Divorced,Other-service,Not-in-family,White,Male,0,0,40,United-States
61,Private,10th,6,Never-married,Transport-moving,Not-in-family,White,Male,0,0,40,United-States
62,State-gov,Prof-school,15,Divorced,Prof-specialty,Not-in-family,White,Female,0,0,35,United-States
59,Private,HS-grad,9,Divorced,Sales,Unmarried,White,Female,0,1762,30,United-States
27,Private,HS-grad,9,Divorced,Exec-managerial,Unmarried,White,Female,0,0,40,United-States
47,Private,HS-grad,9,Divorced,Exec-managerial,Unmarried,Black,Female,0,0,40,United-States
58,Self-emp-not-inc,HS-grad,9,Married-civ-spouse,Farming-fishing,Husband,White,Male,0,0,60,United-States
48,Private,Bachelors,13,Married-civ-spouse,Sales,Husband,White,Male,0,0,40,United-States
27,Private,Some-college,10,Never-married,Machine-op-inspct,Own-child,White,Male,0,0,40,United-States
24,Private,Bachelors,13,Never-married,Tech-support,Not-in-family,White,Female,0,0,50,United-States
64,?,Some-college,10,Married-civ-spouse,?,Husband,White,Male,0,0,8,United-States
32,Private,HS-grad,9,Never-married,Transport-moving,Own-child,White,Female,0,0,35,United-States
57,Local-gov,7th-8th,4,Divorced,Other-service,Not-in-family,White,Male,0,0,40,United-States
74,State-gov,Doctorate,16,Never-married,Prof-specialty,Other-relative,White,Female,0,3683,20,United-States
75,Self-emp-not-inc,Assoc-voc,11,Divorced,Prof-specialty,Not-in-family,White,Female,15831,0,50,United-States
65,Private,HS-grad,9,Married-spouse-absent,Other-service,Not-in-family,Asian-Pac-Islander,Male,0,0,40,South
59,Self-emp-inc,Prof-school,15,Married-civ-spouse,Prof-specialty,Husband,White,Male,99999,0,40,United-States
33,Private,HS-grad,9,Married-civ-spouse,Machine-op-inspct,Husband,White,Male,0,0,40,United-States
28,Local-gov,Some-college,10,Never-married,Adm-clerical,Own-child,White,Female,0,0,16,United-States
35,Private,Masters,14,Married-civ-spouse,Prof-specialty,Husband,White,Male,0,0,60,United-States
31,Private,HS-grad,9,Married-civ-spouse,Other-service,Husband,White,Male,0,0,40,Mexico
52,Federal-gov,Some-college,10,Divorced,Adm-clerical,Not-in-family,White,Male,0,0,40,United-States
76,Private,HS-grad,9,Widowed,Other-service,Unmarried,White,Female,0,0,33,United-States
58,Private,5th-6th,3,Divorced,Machine-op-inspct,Not-in-family,Black,Male,0,0,40,United-States
35,Private,Bachelors,13,Divorced,Prof-specialty,Unmarried,White,Female,0,0,32,United-States
75,Self-emp-not-inc,HS-grad,9,Married-civ-spouse,Farming-fishing,Husband,White,Male,0,0,30,United-States
28,Private,Some-college,10,Never-married,Adm-clerical,Unmarried,Black,Female,0,0,40,United-States
21,Private,Some-college,10,Never-married,Craft-repair,Own-child,White,Male,0,0,40,United-States
76,Self-emp-not-inc,9th,5,Married-civ-spouse,Farming-fishing,Husband,White,Male,0,0,40,United-States
40,Private,Doctorate,16,Married-civ-spouse,Prof-specialty,Husband,White,Male,0,0,60,United-States
40,Private,Assoc-voc,11,Married-civ-spouse,Craft-repair,Husband,White,Male,0,0,40,United-States
80,Local-gov,HS-grad,9,Widowed,Other-service,Unmarried,Amer-Indian-Eskimo,Female,0,0,32,United-States
81,Self-emp-not-inc,1st-4th,2,Widowed,Sales,Other-relative,White,Male,0,0,45,Mexico
30,Private,7th-8th,4,Never-married,Craft-repair,Not-in-family,White,Male,0,0,50,United-States
60,Private,Bachelors,13,Married-civ-spouse,Prof-specialty,Husband,White,Male,0,0,50,United-States
54,Private,Bachelors,13,Married-civ-spouse,Exec-managerial,Husband,White,Male,0,0,45,United-States
30,Private,Bachelors,13,Married-civ-spouse,Sales,Husband,White,Male,0,0,50,United-States
42,Local-gov,Bachelors,13,Never-married,Exec-managerial,Own-child,White,Male,4650,0,35,United-States
32,Private,Prof-school,15,Married-civ-spouse,Prof-specialty,Husband,White,Male,0,0,60,United-States
53,Private,Bachelors,13,Married-civ-spouse,Sales,Husband,Asian-Pac-Islander,Male,7688,0,48,Taiwan
48,Private,Some-college,10,Divorced,Exec-managerial,Unmarried,White,Female,0,0,40,United-States
56,Private,Bachelors,13,Divorced,Prof-specialty,Not-in-family,Asian-Pac-Islander,Female,0,0,40,Philippines
60,?,HS-grad,9,Married-civ-spouse,?,Husband,White,Male,0,0,40,United-States
58,Private,Some-college,10,Married-civ-spouse,Sales,Husband,White,Male,3103,0,25,United-States
65,?,HS-grad,9,Widowed,?,Other-relative,White,Female,0,0,25,United-States
88,Self-emp-not-inc,Prof-school,15,Married-civ-spouse,Prof-specialty,Husband,White,Male,0,0,40,United-States
72,Private,HS-grad,9,Divorced,Other-service,Not-in-family,White,Female,0,0,16,United-States
31,Local-gov,Some-college,10,Never-married,Adm-clerical,Not-in-family,Black,Female,0,0,40,United-States
42,Private,Masters,14,Married-civ-spouse,Prof-specialty,Husband,White,Male,0,0,50,United-States
90,Private,HS-grad,9,Married-civ-spouse,Craft-repair,Husband,Asian-Pac-Islander,Male,0,0,40,South
52,Self-emp-not-inc,10th,6,Divorced,Other-service,Own-child,White,Female,0,0,27,United-States
81,?,Some-college,10,Widowed,?,Unmarried,White,Female,0,0,4,United-States
20,Private,Some-college,10,Never-married,Sales,Own-child,White,Female,0,0,20,United-States
44,Private,HS-grad,9,Divorced,Sales,Own-child,White,Male,0,0,38,United-States
41,Private,Some-college,10,Never-married,Craft-repair,Not-in-family,White,Male,0,0,50,Japan
66,Private,Bachelors,13,Divorced,Exec-managerial,Not-in-family,White,Female,0,0,40,United-States
49,Self-emp-not-inc,10th,6,Never-married,Craft-repair,Not-in-family,Black,Male,0,0,32,United-States
80,Private,Prof-school,15,Married-civ-spouse,Prof-specialty,Husband,White,Male,0,0,35,United-States
53,Private,HS-grad,9,Divorced,Machine-op-inspct,Unmarried,Black,Male,0,0,32,United-States
59,Federal-gov,Bachelors,13,Divorced,Adm-clerical,Not-in-family,White,Male,0,0,40,United-States
78,?,HS-grad,9,Widowed,?,Not-in-family,White,Male,0,0,40,United-States
31,Private,Bachelors,13,Married-civ-spouse,Prof-specialty,Husband,White,Male,7688,0,40,Canada
22,Private,Assoc-acdm,12,Never-married,Adm-clerical,Not-in-family,White,Female,0,0,40,United-States
54,Private,Masters,14,Married-civ-spouse,Prof-specialty,Husband,White,Male,0,0,40,United-States
46,Private,Bachelors,13,Married-civ-spouse,Prof-specialty,Husband,White,Male,7688,0,45,United-States
66,Self-emp-inc,HS-grad,9,Married-civ-spouse,Transport-moving,Husband,White,Male,0,0,50,United-States
73,Self-emp-not-inc,Some-college,10,Married-civ-spouse,Prof-specialty,Wife,White,Female,0,0,1,United-States
52,Private,HS-grad,9,Married-civ-spouse,Handlers-cleaners,Husband,White,Male,0,0,40,United-States
43,Federal-gov,Assoc-voc,11,Divorced,Handlers-cleaners,Unmarried,Black,Male,0,1726,40,United-States
79,Private,Bachelors,13,Married-civ-spouse,Sales,Husband,White,Male,0,0,40,United-States
43,Local-gov,Some-college,10,Divorced,Other-service,Unmarried,White,Female,0,0,20,United-States
22,Private,Some-college,10,Married-civ-spouse,Exec-managerial,Wife,White,Female,0,0,40,United-States
50,Private,Bachelors,13,Married-civ-spouse,Transport-moving,Husband,White,Male,7298,0,40,United-States
28,Federal-gov,Bachelors,13,Never-married,Exec-managerial,Not-in-family,White,Male,0,0,40,United-States
44,Private,Some-college,10,Married-spouse-absent,Adm-clerical,Unmarried,White,Female,0,0,40,United-States
59,Private,Bachelors,13,Separated,Adm-clerical,Unmarried,White,Male,0,0,60,United-States
18,Private,5th-6th,3,Never-married,Handlers-cleaners,Own-child,White,Male,0,0,40,United-States
47,State-gov,Doctorate,16,Married-civ-spouse,Prof-specialty,Husband,White,Male,0,0,40,United-States
71,?,Some-college,10,Married-civ-spouse,?,Husband,White,Male,3432,0,20,United-States
34,Private,HS-grad,9,Divorced,Craft-repair,Not-in-family,White,Male,0,1408,38,United-States
70,Self-emp-not-inc,Some-college,10,Married-civ-spouse,Farming-fishing,Husband,White,Male,2653,0,70,United-States
29,Private,11th,7,Separated,Other-service,Unmarried,Black,Female,0,0,40,United-States
73,Local-gov,Some-college,10,Never-married,Prof-specialty,Other-relative,White,Female,0,0,11,United-States
19,Private,HS-grad,9,Never-married,Sales,Own-child,White,Female,0,0,40,United-States
27,Local-gov,HS-grad,9,Married-civ-spouse,Tech-support,Husband,White,Male,0,0,50,United-States
65,?,Some-college,10,Married-civ-spouse,?,Husband,White,Male,0,0,50,United-States
73,Private,11th,7,Married-civ-spouse,Machine-op-inspct,Husband,White,Male,0,0,40,United-States
44,Self-emp-not-inc,HS-grad,9,Married-civ-spouse,Exec-managerial,Husband,White,Male,0,1977,45,United-States
74,Private,1st-4th,2,Widowed,Priv-house-serv,Not-in-family,Black,Female,0,0,15,United-States
40,Private,Some-college,10,Never-married,Tech-support,Not-in-family,White,Female,0,0,50,United-States
30,Federal-gov,Bachelors,13,Never-married,Prof-specialty,Not-in-family,White,Male,0,0,40,United-States
83,Self-emp-inc,Bachelors,13,Married-civ-spouse,Exec-managerial,Husband,White,Male,0,2392,55,United-States
27,State-gov,Bachelors,13,Never-married,Prof-specialty,Not-in-family,Black,Male,0,0,40,United-States
25,Private,HS-grad,9,Divorced,Other-service,Not-in-family,White,Female,0,0,40,Mexico
37,Federal-gov,Assoc-acdm,12,Never-married,Protective-serv,Not-in-family,Black,Male,0,0,42,United-States
78,?,HS-grad,9,Widowed,?,Not-in-family,White,Female,0,0,1,United-States
75,Private,5th-6th,3,Widowed,Other-service,Unmarried,Black,Male,0,0,10,United-States
37,Private,Bachelors,13,Married-civ-spouse,Handlers-cleaners,Husband,White,Male,0,0,40,United-States
44,Private,7th-8th,4,Married-civ-spouse,Craft-repair,Husband,Asian-Pac-Islander,Male,0,0,40,Philippines
29,Private,HS-grad,9,Married-civ-spouse,Handlers-cleaners,Husband,Amer-Indian-Eskimo,Male,0,0,40,United-States
68,Private,Some-college,10,Married-civ-spouse,Adm-clerical,Husband,White,Male,0,0,40,United-States
54,Private,HS-grad,9,Widowed,Exec-managerial,Not-in-family,White,Female,0,0,80,United-States
35,Private,Bachelors,13,Married-civ-spouse,Prof-specialty,Husband,Black,Male,0,0,38,United-States
76,?,HS-grad,9,Widowed,?,Not-in-family,White,Female,0,0,25,United-States
42,Private,Some-college,10,Married-civ-spouse,Exec-managerial,Husband,White,Male,0,0,55,United-States
58,Private,HS-grad,9,Married-civ-spouse,Handlers-cleaners,Husband,Black,Male,0,0,20,United-States
47,Private,HS-grad,9,Married-civ-spouse,Adm-clerical,Wife,White,Female,0,0,40,United-States
38,Private,Some-college,10,Separated,Machine-op-inspct,Not-in-family,White,Male,0,2258,55,United-States
17,Local-gov,11th,7,Never-married,Prof-specialty,Own-child,Black,Male,0,0,15,United-States
17,Private,10th,6,Never-married,Sales,Unmarried,White,Female,0,0,12,United-States
78,Private,5th-6th,3,Married-civ-spouse,Transport-moving,Husband,Asian-Pac-Islander,Male,0,0,36,United-States
72,Self-emp-not-inc,Bachelors,13,Widowed,Farming-fishing,Not-in-family,White,Male,0,0,40,United-States
48,Self-emp-not-inc,11th,7,Married-civ-spouse,Exec-managerial,Wife,White,Female,0,0,30,United-States
20,Private,Some-college,10,Married-civ-spouse,Craft-repair,Husband,White,Male,0,0,40,United-States
28,Local-gov,Some-college,10,Married-civ-spouse,Protective-serv,Husband,White,Male,0,0,50,United-States
39,Federal-gov,HS-grad,9,Married-civ-spouse,Adm-clerical,Wife,White,Female,0,0,40,United-States
66,Private,HS-grad,9,Married-civ-spouse,Handlers-cleaners,Husband,White,Male,0,0,40,United-States
45,Private,HS-grad,9,Never-married,Transport-moving,Not-in-family,White,Male,0,0,40,United-States
59,Private,HS-grad,9,Married-civ-spouse,Transport-moving,Husband,White,Male,0,0,50,United-States
22,?,Some-college,10,Never-married,?,Own-child,White,Male,0,0,36,United-States
61,Private,HS-grad,9,Widowed,Adm-clerical,Unmarried,White,Female,0,0,40,United-States
48,Self-emp-inc,Doctorate,16,Married-civ-spouse,Exec-managerial,Husband,White,Male,0,0,40,United-States
38,Private,HS-grad,9,Married-civ-spouse,Other-service,Husband,White,Male,0,0,40,United-States
44,Federal-gov,HS-grad,9,Never-married,Adm-clerical,Unmarried,White,Female,0,0,40,United-States
68,?,HS-grad,9,Married-civ-spouse,?,Husband,White,Male,0,0,8,United-States
66,Private,5th-6th,3,Married-spouse-absent,Handlers-cleaners,Unmarried,White,Female,0,0,40,Puerto-Rico
72,Private,1st-4th,2,Married-civ-spouse,Other-service,Husband,Black,Male,0,0,36,United-States
51,Private,Some-college,10,Married-civ-spouse,Adm-clerical,Husband,White,Male,15024,0,40,United-States
48,Self-emp-not-inc,Bachelors,13,Married-civ-spouse,Exec-managerial,Husband,White,Male,0,0,40,United-States
48,Private,Masters,14,Married-civ-spouse,Craft-repair,Husband,White,Male,0,0,54,United-States
48,Private,HS-grad,9,Married-civ-spouse,Tech-support,Husband,White,Male,0,0,40,United-States
21,Private,Some-college,10,Never-married,Sales,Not-in-family,White,Female,0,0,55,United-States
44,Federal-gov,Assoc-acdm,12,Divorced,Exec-managerial,Not-in-family,White,Female,2354,0,40,United-States
23,Private,Some-college,10,Never-married,Prof-specialty,Own-child,White,Female,0,0,40,United-States
69,Private,Prof-school,15,Married-civ-spouse,Prof-specialty,Husband,White,Male,0,0,3,United-States
56,Private,HS-grad,9,Married-civ-spouse,Transport-moving,Husband,White,Male,0,0,40,United-States
20,Private,9th,5,Never-married,Adm-clerical,Unmarried,Black,Female,114,0,20,United-States
48,Private,11th,7,Married-civ-spouse,Transport-moving,Husband,White,Male,0,2002,40,United-States
77,Self-emp-inc,HS-grad,9,Married-civ-spouse,Other-service,Husband,White,Male,0,0,35,United-States
21,Private,Some-college,10,Never-married,Adm-clerical,Own-child,White,Female,0,0,40,United-States
24,Private,9th,5,Divorced,Other-service,Own-child,White,Female,0,0,35,United-States
43,Private,Bachelors,13,Married-spouse-absent,Prof-specialty,Not-in-family,White,Male,3325,0,40,United-States
22,Private,9th,5,Never-married,Craft-repair,Own-child,White,Male,0,0,40,United-States
44,Private,Some-college,10,Divorced,Machine-op-inspct,Not-in-family,White,Male,0,0,40,United-States
80,Self-emp-not-inc,HS-grad,9,Married-civ-spouse,Farming-fishing,Husband,White,Male,0,0,30,United-States
23,Private,Bachelors,13,Never-married,Adm-clerical,Own-child,White,Female,0,0,35,United-States
79,Private,Bachelors,13,Never-married,Other-service,Not-in-family,White,Female,0,0,40,United-States
50,Private,Some-college,10,Married-civ-spouse,Sales,Wife,White,Female,0,0,39,United-States
70,State-gov,Bachelors,13,Never-married,Exec-managerial,Not-in-family,White,Male,0,0,40,United-States
27,Private,Bachelors,13,Never-married,Adm-clerical,Not-in-family,White,Female,0,0,40,United-States
69,Self-emp-not-inc,Assoc-acdm,12,Married-civ-spouse,Sales,Husband,White,Male,20051,0,15,United-States
53,Private,5th-6th,3,Married-civ-spouse,Machine-op-inspct,Husband,White,Male,0,0,40,United-States
22,Private,HS-grad,9,Separated,Other-service,Other-relative,White,Male,0,0,35,United-States
75,Private,Some-college,10,Divorced,Sales,Not-in-family,White,Female,0,0,36,United-States
57,Private,10th,6,Married-civ-spouse,Transport-moving,Husband,White,Male,0,0,60,United-States
58,Private,10th,6,Divorced,Other-service,Unmarried,White,Female,0,0,65,United-States
30,Private,HS-grad,9,Separated,Adm-clerical,Unmarried,White,Female,0,0,40,United-States
79,Local-gov,Doctorate,16,Widowed,Prof-specialty,Unmarried,White,Female,0,0,40,United-States
38,Private,Bachelors,13,Divorced,Prof-specialty,Not-in-family,White,Female,0,0,50,United-States
43,Self-emp-not-inc,Prof-school,15,Married-civ-spouse,Prof-specialty,Husband,White,Male,0,1902,50,United-States
32,Private,Bachelors,13,Never-married,Tech-support,Not-in-family,Other,Male,0,0,40,United-States
43,Private,Bachelors,13,Never-married,Adm-clerical,Not-in-family,Black,Male,0,0,50,Outlying-US(Guam-USVI-etc)
23,Private,HS-grad,9,Married-civ-spouse,Other-service,Husband,White,Male,0,0,40,United-States
59,Private,HS-grad,9,Married-civ-spouse,Craft-repair,Husband,White,Male,0,0,40,United-States
60,?,7th-8th,4,Married-civ-spouse,?,Husband,White,Male,0,0,40,United-States
27,Private,Bachelors,13,Never-married,Other-service,Not-in-family,White,Female,0,0,40,United-States
37,Self-emp-not-inc,Some-college,10,Married-civ-spouse,Exec-managerial,Husband,White,Male,0,0,60,United-States
26,Private,Bachelors,13,Never-married,Other-service,Other-relative,White,Male,0,0,15,United-States
82,Private,HS-grad,9,Widowed,Exec-managerial,Not-in-family,White,Female,0,4356,18,United-States
53,Federal-gov,Some-college,10,Married-civ-spouse,Adm-clerical,Husband,White,Male,0,0,40,United-States
65,Self-emp-not-inc,Assoc-voc,11,Married-civ-spouse,Farming-fishing,Husband,White,Male,0,0,25,United-States
63,Federal-gov,Some-college,10,Divorced,Exec-managerial,Unmarried,White,Female,0,0,40,United-States
63,Private,Assoc-voc,11,Divorced,Other-service,Not-in-family,White,Female,0,0,20,United-States
48,Private,Assoc-acdm,12,Married-civ-spouse,Machine-op-inspct,Husband,White,Male,0,0,50,United-States
40,Private,HS-grad,9,Married-civ-spouse,Other-service,Husband,White,Male,0,0,40,United-States
32,Private,HS-grad,9,Divorced,Transport-moving,Own-child,White,Male,0,0,40,United-States
73,?,1st-4th,2,Married-civ-spouse,?,Husband,White,Male,0,0,40,Portugal
81,Private,Prof-school,15,Married-civ-spouse,Farming-fishing,Husband,White,Male,10605,0,2,United-States
59,Private,10th,6,Married-civ-spouse,Craft-repair,Husband,White,Male,0,0,40,United-States
17,Private,11th,7,Never-married,Adm-clerical,Own-child,White,Female,0,0,16,United-States
22,Private,HS-grad,9,Never-married,Other-service,Own-child,White,Male,0,2205,40,United-States
29,Private,HS-grad,9,Married-civ-spouse,Craft-repair,Husband,White,Male,0,0,60,United-States
70,Private,HS-grad,9,Widowed,Adm-clerical,Unmarried,White,Female,0,0,5,United-States
84,Private,HS-grad,9,Widowed,Priv-house-serv,Not-in-family,White,Female,0,0,40,England
46,Local-gov,Some-college,10,Married-civ-spouse,Protective-serv,Husband,White,Male,0,0,40,United-States
65,Self-emp-not-inc,Prof-school,15,Never-married,Prof-specialty,Not-in-family,White,Male,1086,0,60,United-States
21,?,Assoc-acdm,12,Never-married,?,Own-child,White,Female,0,0,40,United-States
57,Private,Some-college,10,Never-married,Handlers-cleaners,Own-child,Black,Male,0,0,40,United-States
55,Self-emp-inc,10th,6,Widowed,Transport-moving,Not-in-family,White,Male,0,0,40,United-States
18,Self-emp-inc,HS-grad,9,Never-married,Other-service,Unmarried,Asian-Pac-Islander,Female,0,0,30,India
41,Private,HS-grad,9,Never-married,Craft-repair,Not-in-family,White,Male,0,0,44,United-States
41,Private,HS-grad,9,Never-married,Machine-op-inspct,Own-child,White,Female,1831,0,40,Peru
24,Private,Bachelors,13,Never-married,Sales,Not-in-family,White,Female,0,0,40,United-States
31,State-gov,Assoc-acdm,12,Married-civ-spouse,Tech-support,Husband,White,Male,0,0,40,United-States
59,Private,HS-grad,9,Married-civ-spouse,Sales,Husband,White,Male,0,0,40,United-States
88,Private,Bachelors,13,Never-married,Exec-managerial,Not-in-family,White,Male,0,1816,50,?
37,Private,Bachelors,13,Married-civ-spouse,Exec-managerial,Husband,White,Male,0,0,40,United-States
61,?,1st-4th,2,Widowed,?,Not-in-family,White,Female,0,0,18,Mexico
46,Private,Some-college,10,Married-civ-spouse,Exec-managerial,Husband,White,Male,0,0,60,United-States
31,Private,HS-grad,9,Married-civ-spouse,Transport-moving,Husband,White,Male,0,0,60,United-States
30,Private,HS-grad,9,Divorced,Other-service,Unmarried,White,Female,0,0,32,United-States
77,Self-emp-not-inc,12th,8,Divorced,Transport-moving,Not-in-family,White,Male,0,0,12,United-States
22,Private,10th,6,Never-married,Transport-moving,Not-in-family,Amer-Indian-Eskimo,Male,0,0,84,United-States
57,Private,HS-grad,9,Married-civ-spouse,Transport-moving,Husband,White,Male,0,0,40,United-States
71,?,HS-grad,9,Married-civ-spouse,?,Husband,White,Male,0,2489,15,United-States
46,Private,HS-grad,9,Divorced,Craft-repair,Not-in-family,Amer-Indian-Eskimo,Male,0,0,40,United-States
66,Private,Some-college,10,Married-civ-spouse,Transport-moving,Husband,White,Male,0,1258,20,United-States
50,Private,Masters,14,Married-civ-spouse,Prof-specialty,Husband,White,Male,7688,0,50,United-States
28,Private,Some-college,10,Never-married,Priv-house-serv,Not-in-family,White,Female,0,0,40,United-States
25,Private,Some-college,10,Never-married,Craft-repair,Other-relative,Asian-Pac-Islander,Female,0,0,40,Cambodia
25,Private,HS-grad,9,Never-married,Craft-repair,Not-in-family,White,Male,0,0,50,United-States
81,Private,Some-college,10,Married-civ-spouse,Sales,Husband,White,Male,0,0,15,United-States
19,Private,Some-college,10,Never-married,Tech-support,Own-child,White,Female,0,0,10,United-States
23,?,Bachelors,13,Never-married,?,Own-child,White,Male,0,0,42,United-States
64,Private,Assoc-voc,11,Married-civ-spouse,Adm-clerical,Husband,White,Male,0,0,50,United-States
69,Self-emp-not-inc,HS-grad,9,Married-civ-spouse,Prof-specialty,Husband,White,Male,0,0,20,United-States
19,Private,HS-grad,9,Never-married,Other-service,Own-child,Amer-Indian-Eskimo,Female,0,0,35,United-States
63,Private,HS-grad,9,Never-married,Craft-repair,Not-in-family,White,Male,0,0,40,United-States
40,Self-emp-not-inc,Bachelors,13,Married-civ-spouse,Prof-specialty,Husband,White,Male,0,0,45,United-States
81,?,Bachelors,13,Widowed,?,Not-in-family,White,Male,0,0,5,United-States
82,?,10th,6,Widowed,?,Not-in-family,White,Male,0,0,20,United-States
27,Private,Bachelors,13,Divorced,Adm-clerical,Not-in-family,White,Female,0,0,35,United-States
66,?,HS-grad,9,Married-civ-spouse,?,Husband,White,Male,0,0,40,United-States
30,Private,Some-college,10,Divorced,Machine-op-inspct,Unmarried,White,Female,0,0,20,United-States
42,Private,Assoc-acdm,12,Married-civ-spouse,Tech-support,Husband,White,Male,0,0,40,United-States
60,Private,HS-grad,9,Never-married,Adm-clerical,Not-in-family,Black,Female,0,0,38,United-States
38,Private,Bachelors,13,Married-civ-spouse,Prof-specialty,Husband,White,Male,0,0,40,United-States
55,Local-gov,HS-grad,9,Married-civ-spouse,Craft-repair,Husband,White,Male,0,0,15,United-States
46,Private,HS-grad,9,Never-married,Other-service,Not-in-family,White,Male,0,0,15,United-States
23,Private,9th,5,Married-civ-spouse,Machine-op-inspct,Husband,White,Male,0,0,40,United-States
20,Private,HS-grad,9,Never-married,Adm-clerical,Own-child,White,Female,0,0,40,United-States
61,Private,10th,6,Married-civ-spouse,Farming-fishing,Husband,White,Male,0,0,55,United-States
55,Private,9th,5,Divorced,Machine-op-inspct,Not-in-family,White,Male,10520,0,60,United-States
48,Private,1st-4th,2,Married-civ-spouse,Other-service,Husband,Asian-Pac-Islander,Male,0,0,45,China
73,Self-emp-not-inc,Some-college,10,Widowed,Farming-fishing,Not-in-family,White,Female,0,0,75,United-States
35,Federal-gov,Bachelors,13,Separated,Tech-support,Unmarried,White,Male,0,0,40,United-States
77,?,Some-college,10,Separated,?,Not-in-family,White,Male,0,0,2,United-States
19,Without-pay,HS-grad,9,Never-married,Other-service,Own-child,White,Male,0,0,10,United-States
43,Self-emp-not-inc,Prof-school,15,Married-civ-spouse,Prof-specialty,Husband,White,Male,0,0,20,United-States
26,Private,HS-grad,9,Never-married,Handlers-cleaners,Unmarried,White,Male,0,0,30,United-States
55,Self-emp-not-inc,Bachelors,13,Married-civ-spouse,Prof-specialty,Wife,White,Female,0,0,8,United-States
61,Private,7th-8th,4,Married-civ-spouse,Craft-repair,Husband,White,Male,0,0,40,United-States
64,Self-emp-inc,Bachelors,13,Married-civ-spouse,Exec-managerial,Husband,White,Male,0,0,50,United-States
35,Private,Bachelors,13,Married-civ-spouse,Sales,Husband,White,Male,0,0,40,United-States
59,Self-emp-inc,Bachelors,13,Married-civ-spouse,Exec-managerial,Husband,White,Male,0,0,40,England
63,?,10th,6,Widowed,?,Not-in-family,Black,Male,0,0,40,United-States
52,Private,HS-grad,9,Married-spouse-absent,Farming-fishing,Other-relative,White,Male,0,0,20,Mexico
59,State-gov,Some-college,10,Married-civ-spouse,Exec-managerial,Husband,White,Male,0,2179,40,United-States
66,Self-emp-inc,Some-college,10,Married-civ-spouse,Sales,Husband,White,Male,0,0,50,United-States
42,Private,Assoc-acdm,12,Married-civ-spouse,Sales,Husband,White,Male,0,0,40,United-States
58,Self-emp-not-inc,HS-grad,9,Married-civ-spouse,Handlers-cleaners,Husband,White,Male,0,0,40,United-States
33,Private,HS-grad,9,Never-married,Other-service,Own-child,White,Male,0,0,40,United-States
53,Private,Assoc-acdm,12,Divorced,Adm-clerical,Unmarried,White,Female,0,0,48,United-States
47,Private,Bachelors,13,Married-civ-spouse,Prof-specialty,Husband,White,Male,0,0,50,United-States
30,Private,HS-grad,9,Never-married,Exec-managerial,Not-in-family,Black,Male,0,0,40,United-States
53,State-gov,Doctorate,16,Married-civ-spouse,Adm-clerical,Husband,White,Male,0,0,50,United-States
49,Private,HS-grad,9,Never-married,Other-service,Own-child,White,Female,0,0,40,Canada
38,Private,Assoc-acdm,12,Divorced,Craft-repair,Not-in-family,White,Male,0,0,40,United-States
45,Federal-gov,Bachelors,13,Married-civ-spouse,Prof-specialty,Husband,White,Male,0,0,40,United-States
26,Private,Bachelors,13,Never-married,Exec-managerial,Not-in-family,White,Male,0,2258,45,United-States
80,?,Assoc-acdm,12,Married-civ-spouse,?,Husband,White,Male,0,0,4,United-States
37,Self-emp-inc,Prof-school,15,Married-civ-spouse,Prof-specialty,Husband,White,Male,0,0,50,United-States
25,Private,HS-grad,9,Never-married,Protective-serv,Other-relative,White,Male,0,0,40,United-States
17,?,11th,7,Never-married,?,Own-child,White,Female,0,0,20,England
36,Local-gov,Bachelors,13,Divorced,Other-service,Own-child,White,Male,0,0,40,United-States
34,Private,Some-college,10,Divorced,Other-service,Unmarried,White,Female,0,0,40,United-States
49,Private,HS-grad,9,Divorced,Machine-op-inspct,Not-in-family,White,Male,0,0,40,United-States
65,Private,HS-grad,9,Widowed,Other-service,Not-in-family,White,Female,0,0,15,United-States
58,Private,Doctorate,16,Married-civ-spouse,Prof-specialty,Husband,White,Male,0,0,50,United-States
68,Private,HS-grad,9,Widowed,Sales,Not-in-family,White,Female,0,0,24,United-States
60,Self-emp-not-inc,HS-grad,9,Married-civ-spouse,Sales,Husband,White,Male,0,0,40,United-States
32,Private,HS-grad,9,Married-civ-spouse,Craft-repair,Husband,White,Male,0,0,55,United-States
50,Private,Masters,14,Married-civ-spouse,Exec-managerial,Husband,White,Male,0,0,40,United-States
44,Private,Masters,14,Married-civ-spouse,Prof-specialty,Husband,White,Male,0,0,45,United-States
55,Private,Masters,14,Married-civ-spouse,Exec-managerial,Husband,White,Male,0,0,55,United-States
62,Private,Some-college,10,Widowed,Other-service,Not-in-family,White,Female,0,0,20,United-States
54,Private,HS-grad,9,Married-civ-spouse,Craft-repair,Husband,White,Male,0,0,49,United-States
67,Self-emp-not-inc,HS-grad,9,Widowed,Other-service,Not-in-family,White,Female,0,0,30,United-States
17,Private,10th,6,Never-married,Other-service,Own-child,White,Female,0,0,16,United-States
36,State-gov,HS-grad,9,Married-civ-spouse,Adm-clerical,Husband,White,Male,0,0,38,United-States
61,Private,Bachelors,13,Married-civ-spouse,Sales,Husband,White,Male,0,0,40,United-States
17,State-gov,10th,6,Never-married,Other-service,Own-child,White,Male,0,0,30,United-States
79,Local-gov,HS-grad,9,Married-civ-spouse,Sales,Husband,White,Male,0,0,15,United-States
67,?,5th-6th,3,Widowed,?,Unmarried,Black,Female,0,0,40,United-States
56,Federal-gov,HS-grad,9,Married-civ-spouse,Adm-clerical,Husband,White,Male,0,0,40,United-States
35,Private,Some-college,10,Married-spouse-absent,Craft-repair,Not-in-family,White,Male,0,0,40,United-States
21,?,HS-grad,9,Never-married,?,Own-child,White,Female,0,0,40,United-States
80,Self-emp-not-inc,HS-grad,9,Married-civ-spouse,Other-service,Husband,White,Male,0,0,30,United-States
54,Private,Some-college,10,Separated,Other-service,Not-in-family,White,Male,0,0,28,Columbia
54,Private,Some-college,10,Married-civ-spouse,Sales,Husband,White,Male,0,0,45,United-States
54,Private,12th,8,Married-civ-spouse,Craft-repair,Husband,White,Male,0,0,40,United-States
19,Private,Some-college,10,Never-married,Other-service,Own-child,White,Male,0,0,25,United-States
19,Private,HS-grad,9,Never-married,Craft-repair,Other-relative,White,Female,0,0,15,United-States
50,Private,HS-grad,9,Married-civ-spouse,Machine-op-inspct,Husband,Black,Male,0,0,50,Trinadad&Tobago
45,Private,Some-college,10,Married-civ-spouse,Machine-op-inspct,Husband,White,Male,0,0,40,United-States
20,Private,12th,8,Never-married,Adm-clerical,Own-child,White,Female,0,0,20,United-States
53,Private,HS-grad,9,Married-civ-spouse,Craft-repair,Husband,White,Male,0,0,40,United-States
79,?,HS-grad,9,Married-civ-spouse,?,Husband,White,Male,0,0,40,United-States
32,Private,11th,7,Never-married,Craft-repair,Other-relative,White,Male,0,0,40,United-States
18,Private,HS-grad,9,Never-married,Other-service,Not-in-family,White,Female,0,0,28,United-States
81,State-gov,1st-4th,2,Widowed,Other-service,Not-in-family,White,Female,0,0,20,United-States
39,Private,HS-grad,9,Married-civ-spouse,Farming-fishing,Husband,White,Male,0,0,45,United-States
37,Private,Bachelors,13,Married-civ-spouse,Prof-specialty,Husband,White,Male,0,0,40,United-States
67,Private,Some-college,10,Widowed,Sales,Not-in-family,White,Male,0,0,18,United-States
25,Private,HS-grad,9,Married-civ-spouse,Adm-clerical,Wife,White,Female,0,0,40,United-States
23,Private,HS-grad,9,Never-married,Craft-repair,Own-child,White,Male,0,0,40,United-States
68,Self-emp-not-inc,Masters,14,Married-civ-spouse,Prof-specialty,Husband,White,Male,0,0,24,United-States
35,Private,Assoc-voc,11,Married-civ-spouse,Adm-clerical,Husband,White,Male,0,0,36,United-States
48,Private,Assoc-acdm,12,Divorced,Exec-managerial,Unmarried,White,Female,0,0,42,United-States
68,Private,11th,7,Divorced,Transport-moving,Not-in-family,White,Male,0,0,70,United-States
29,Private,HS-grad,9,Divorced,Craft-repair,Not-in-family,White,Female,0,0,50,United-States
37,Private,Some-college,10,Married-civ-spouse,Prof-specialty,Husband,White,Male,15024,0,45,United-States
50,Private,HS-grad,9,Divorced,Other-service,Unmarried,White,Female,0,0,25,United-States
28,Private,Bachelors,13,Never-married,Prof-specialty,Not-in-family,White,Male,0,0,50,United-States
61,Private,HS-grad,9,Widowed,Exec-managerial,Not-in-family,White,Female,0,0,40,United-States
66,?,HS-grad,9,Married-civ-spouse,?,Husband,White,Male,0,0,30,United-States
22,Private,Some-college,10,Never-married,Machine-op-inspct,Own-child,White,Male,0,0,40,United-States
51,Private,Bachelors,13,Divorced,Adm-clerical,Not-in-family,White,Female,0,0,40,United-States
79,?,HS-grad,9,Widowed,?,Not-in-family,Black,Female,0,0,30,United-States
73,?,HS-grad,9,Widowed,?,Not-in-family,White,Female,0,0,15,United-States
57,Self-emp-not-inc,10th,6,Married-civ-spouse,Craft-repair,Husband,White,Male,0,0,40,United-States
75,Private,HS-grad,9,Never-married,Adm-clerical,Not-in-family,White,Female,0,0,40,United-States
63,Self-emp-not-inc,Some-college,10,Married-civ-spouse,Exec-managerial,Husband,White,Male,0,0,60,United-States
75,Self-emp-not-inc,Assoc-voc,11,Widowed,Exec-managerial,Not-in-family,White,Female,0,0,30,United-States
47,Self-emp-inc,5th-6th,3,Married-civ-spouse,Transport-moving,Husband,White,Male,0,0,50,Cuba
63,Private,Some-college,10,Married-civ-spouse,Protective-serv,Husband,White,Male,0,0,40,United-States
39,Private,Some-college,10,Married-civ-spouse,Machine-op-inspct,Husband,White,Male,0,0,40,United-States
62,Self-emp-not-inc,HS-grad,9,Married-civ-spouse,Craft-repair,Husband,White,Male,0,1740,40,United-States
47,Private,Some-college,10,Married-civ-spouse,Exec-managerial,Husband,White,Male,0,0,40,United-States
42,Private,HS-grad,9,Married-civ-spouse,Craft-repair,Husband,White,Male,0,1887,40,United-States
60,Private,Masters,14,Divorced,Prof-specialty,Other-relative,Black,Male,0,0,40,United-States
62,Private,HS-grad,9,Married-civ-spouse,Exec-managerial,Husband,White,Male,0,0,45,United-States
24,Local-gov,Bachelors,13,Never-married,Prof-specialty,Not-in-family,White,Female,0,0,40,United-States
22,Private,HS-grad,9,Never-married,Adm-clerical,Unmarried,White,Female,0,0,40,Mexico
28,Private,HS-grad,9,Married-civ-spouse,Other-service,Husband,White,Male,0,0,43,United-States
74,Private,Some-college,10,Divorced,Adm-clerical,Not-in-family,White,Female,0,0,9,United-States
69,Private,Masters,14,Married-civ-spouse,Prof-specialty,Husband,White,Male,0,0,25,United-States
42,State-gov,Bachelors,13,Divorced,Adm-clerical,Not-in-family,White,Male,0,0,40,United-States
43,Private,HS-grad,9,Divorced,Exec-managerial,Not-in-family,White,Female,0,0,40,United-States
42,Private,Some-college,10,Widowed,Exec-managerial,Not-in-family,White,Female,0,0,55,United-States
39,Private,Some-college,10,Never-married,Adm-clerical,Own-child,Asian-Pac-Islander,Female,0,0,40,United-States
67,?,9th,5,Divorced,?,Not-in-family,White,Female,2050,0,40,United-States
28,Private,Masters,14,Married-civ-spouse,Prof-specialty,Husband,White,Male,0,0,40,United-States
29,Local-gov,Bachelors,13,Married-civ-spouse,Prof-specialty,Husband,White,Male,0,0,55,United-States
47,Private,Some-college,10,Divorced,Machine-op-inspct,Not-in-family,Black,Female,0,1408,40,United-States
39,Private,HS-grad,9,Married-civ-spouse,Craft-repair,Husband,White,Male,0,0,40,United-States
44,Private,Bachelors,13,Divorced,Adm-clerical,Unmarried,White,Female,0,0,32,United-States
51,Private,Bachelors,13,Married-civ-spouse,Craft-repair,Husband,White,Male,0,0,20,United-States
75,?,7th-8th,4,Separated,?,Not-in-family,White,Male,0,0,50,United-States
55,Self-emp-not-inc,Prof-school,15,Married-civ-spouse,Prof-specialty,Wife,White,Female,0,0,10,United-States
52,Private,11th,7,Married-civ-spouse,Other-service,Husband,White,Male,0,0,32,United-States
80,Self-emp-not-inc,7th-8th,4,Married-civ-spouse,Farming-fishing,Husband,White,Male,0,0,30,United-States
28,Local-gov,Bachelors,13,Divorced,Prof-specialty,Not-in-family,White,Male,0,0,40,United-States
27,Private,5th-6th,3,Married-civ-spouse,Other-service,Husband,White,Male,0,0,52,Mexico
41,Private,Bachelors,13,Divorced,Exec-managerial,Not-in-family,White,Female,0,0,45,United-States
67,?,Bachelors,13,Married-civ-spouse,?,Husband,White,Male,0,0,10,United-States
53,Private,Bachelors,13,Never-married,Exec-managerial,Not-in-family,White,Male,0,0,42,United-States
36,Private,HS-grad,9,Divorced,Machine-op-inspct,Not-in-family,White,Male,0,0,56,United-States
34,Private,Bachelors,13,Never-married,Sales,Unmarried,White,Female,0,0,41,United-States
40,Self-emp-inc,Some-college,10,Married-civ-spouse,Farming-fishing,Husband,White,Male,0,0,50,United-States
22,Private,HS-grad,9,Married-civ-spouse,Tech-support,Husband,White,Male,0,0,40,United-States
76,Federal-gov,Masters,14,Widowed,Prof-specialty,Not-in-family,White,Female,0,0,15,United-States
24,Private,Bachelors,13,Never-married,Adm-clerical,Not-in-family,White,Male,0,0,40,United-States
39,Self-emp-inc,Assoc-voc,11,Married-civ-spouse,Exec-managerial,Husband,White,Male,0,0,60,United-States
23,Private,1st-4th,2,Married-civ-spouse,Machine-op-inspct,Wife,Amer-Indian-Eskimo,Female,0,0,35,Mexico
29,?,HS-grad,9,Never-married,?,Not-in-family,White,Male,0,0,40,United-States
64,State-gov,Bachelors,13,Married-civ-spouse,Prof-specialty,Husband,White,Male,0,0,40,United-States
54,?,7th-8th,4,Never-married,?,Not-in-family,White,Female,0,0,25,United-States
45,Local-gov,Bachelors,13,Married-civ-spouse,Exec-managerial,Husband,White,Male,0,1977,50,United-States
54,Private,Some-college,10,Never-married,Sales,Not-in-family,Black,Male,0,0,41,United-States
56,Self-emp-not-inc,Masters,14,Separated,Sales,Unmarried,White,Female,0,0,36,United-States
52,Private,Some-college,10,Married-civ-spouse,Sales,Wife,White,Female,0,0,52,Canada
51,Self-emp-not-inc,Masters,14,Married-civ-spouse,Prof-specialty,Wife,White,Female,0,0,30,United-States
44,Private,HS-grad,9,Married-civ-spouse,Transport-moving,Husband,White,Male,0,0,40,United-States
69,Self-emp-not-inc,9th,5,Married-civ-spouse,Farming-fishing,Husband,White,Male,0,0,25,United-States
41,Private,Masters,14,Never-married,Exec-managerial,Not-in-family,White,Male,27828,0,50,United-States
25,Local-gov,Bachelors,13,Never-married,Prof-specialty,Not-in-family,White,Male,0,0,30,United-States
61,?,HS-grad,9,Married-civ-spouse,?,Husband,White,Male,0,0,40,United-States
83,Private,Some-college,10,Divorced,Prof-specialty,Unmarried,White,Female,0,0,20,United-States
26,Private,Assoc-acdm,12,Never-married,Sales,Own-child,White,Female,0,0,40,India
25,Private,Bachelors,13,Never-married,Prof-specialty,Not-in-family,White,Male,0,0,43,Peru
73,Private,Bachelors,13,Married-civ-spouse,Prof-specialty,Husband,White,Male,0,0,30,United-States
40,Private,Some-college,10,Married-civ-spouse,Prof-specialty,Husband,White,Male,0,0,40,United-States
80,Private,Some-college,10,Never-married,Prof-specialty,Not-in-family,White,Male,0,1816,60,United-States
65,Private,Some-college,10,Married-civ-spouse,Protective-serv,Husband,White,Male,0,0,16,United-States
53,Private,HS-grad,9,Widowed,Machine-op-inspct,Not-in-family,White,Male,6849,0,40,United-States
50,Private,10th,6,Married-civ-spouse,Farming-fishing,Husband,White,Male,0,0,32,United-States
29,Federal-gov,Some-college,10,Married-civ-spouse,Protective-serv,Husband,White,Male,0,0,46,United-States
57,Private,HS-grad,9,Married-civ-spouse,Craft-repair,Husband,White,Male,0,0,50,United-States
36,Local-gov,Some-college,10,Never-married,Exec-managerial,Unmarried,Black,Female,0,0,48,United-States
17,Private,12th,8,Never-married,Other-service,Own-child,White,Male,0,0,20,United-States
46,Private,Bachelors,13,Married-civ-spouse,Exec-managerial,Husband,White,Male,0,0,50,United-States
60,Self-emp-not-inc,Some-college,10,Married-civ-spouse,Farming-fishing,Husband,White,Male,0,0,50,United-States
61,Private,HS-grad,9,Separated,Transport-moving,Unmarried,Asian-Pac-Islander,Male,0,0,45,United-States
23,Private,Bachelors,13,Never-married,Prof-specialty,Not-in-family,White,Female,0,0,25,United-States
58,Private,5th-6th,3,Married-civ-spouse,Farming-fishing,Husband,White,Male,0,0,40,Mexico
70,Local-gov,HS-grad,9,Widowed,Other-service,Not-in-family,White,Female,0,0,20,United-States
41,Local-gov,Bachelors,13,Married-civ-spouse,Prof-specialty,Husband,White,Male,0,0,45,United-States
41,Private,HS-grad,9,Married-civ-spouse,Craft-repair,Husband,White,Male,0,0,45,United-States
44,Private,Assoc-voc,11,Married-civ-spouse,Tech-support,Husband,White,Male,0,0,40,United-States
68,Local-gov,10th,6,Separated,Other-service,Not-in-family,Black,Female,0,0,90,United-States
32,?,HS-grad,9,Divorced,?,Unmarried,Black,Male,0,0,40,United-States
18,?,Some-college,10,Never-married,?,Own-child,White,Male,0,0,20,United-States
67,Self-emp-not-inc,HS-grad,9,Married-civ-spouse,Adm-clerical,Wife,White,Female,0,0,2,United-States
64,Private,Some-college,10,Divorced,Tech-support,Unmarried,Black,Female,0,1741,40,United-States
75,Self-emp-not-inc,Some-college,10,Married-civ-spouse,Exec-managerial,Husband,White,Male,0,2149,35,United-States
36,Private,HS-grad,9,Married-civ-spouse,Prof-specialty,Husband,White,Male,0,2377,60,United-States
52,Private,7th-8th,4,Never-married,Machine-op-inspct,Not-in-family,Black,Female,0,0,40,United-States
29,Private,HS-grad,9,Married-civ-spouse,Craft-repair,Husband,White,Male,0,0,40,United-States
43,Self-emp-not-inc,HS-grad,9,Married-civ-spouse,Exec-managerial,Husband,White,Male,0,0,35,United-States
57,State-gov,Some-college,10,Married-civ-spouse,Prof-specialty,Husband,Asian-Pac-Islander,Male,7688,0,75,United-States
56,Private,7th-8th,4,Married-civ-spouse,Craft-repair,Husband,White,Male,0,0,26,United-States
76,Local-gov,HS-grad,9,Widowed,Other-service,Not-in-family,White,Female,0,1668,40,United-States
51,Private,Some-college,10,Never-married,Machine-op-inspct,Not-in-family,White,Male,0,0,21,United-States
80,?,HS-grad,9,Married-civ-spouse,?,Husband,White,Male,0,0,25,United-States
31,Private,HS-grad,9,Never-married,Exec-managerial,Own-child,Black,Male,0,0,40,United-States
46,Private,Assoc-voc,11,Married-civ-spouse,Prof-specialty,Husband,White,Male,0,0,60,United-States
52,Private,HS-grad,9,Never-married,Prof-specialty,Unmarried,White,Female,0,323,40,United-States
52,Private,HS-grad,9,Divorced,Craft-repair,Not-in-family,White,Male,0,0,40,United-States
37,Private,HS-grad,9,Never-married,Farming-fishing,Not-in-family,White,Male,0,0,45,United-States
73,?,Some-college,10,Married-civ-spouse,?,Husband,White,Male,0,0,10,United-States
58,Local-gov,HS-grad,9,Divorced,Craft-repair,Not-in-family,White,Male,0,0,40,United-States
73,Self-emp-inc,10th,6,Widowed,Sales,Unmarried,White,Female,0,0,40,Canada
22,Private,HS-grad,9,Never-married,Sales,Own-child,White,Female,0,0,36,United-States
34,Private,HS-grad,9,Married-civ-spouse,Adm-clerical,Husband,White,Male,0,0,50,United-States
76,Private,Some-college,10,Divorced,Adm-clerical,Not-in-family,White,Female,0,0,20,United-States
37,Self-emp-inc,Bachelors,13,Never-married,Exec-managerial,Own-child,White,Male,0,0,40,United-States
24,Private,HS-grad,9,Married-civ-spouse,Craft-repair,Husband,White,Male,0,0,50,United-States
60,Self-emp-not-inc,Some-college,10,Married-civ-spouse,Sales,Husband,White,Male,0,0,50,United-States
39,State-gov,HS-grad,9,Separated,Adm-clerical,Unmarried,White,Female,0,625,35,United-States
24,Private,HS-grad,9,Never-married,Machine-op-inspct,Unmarried,Black,Male,0,0,40,United-States
65,?,11th,7,Married-civ-spouse,?,Husband,White,Male,1797,0,40,United-States
60,Self-emp-inc,10th,6,Married-civ-spouse,Craft-repair,Husband,White,Male,0,0,40,United-States
30,Private,HS-grad,9,Married-civ-spouse,Craft-repair,Husband,White,Male,0,0,45,United-States
60,Private,10th,6,Divorced,Farming-fishing,Not-in-family,White,Male,0,0,48,United-States
56,Private,10th,6,Married-civ-spouse,Sales,Husband,White,Male,0,0,40,United-States
46,Private,Prof-school,15,Never-married,Prof-specialty,Not-in-family,White,Male,0,0,90,United-States
30,Private,Some-college,10,Never-married,Exec-managerial,Not-in-family,White,Female,0,0,40,United-States
36,Self-emp-not-inc,HS-grad,9,Married-civ-spouse,Transport-moving,Husband,White,Male,0,0,40,United-States
32,Private,HS-grad,9,Divorced,Handlers-cleaners,Not-in-family,White,Male,0,0,40,United-States
40,Private,10th,6,Never-married,Transport-moving,Not-in-family,White,Male,0,0,40,United-States
64,?,11th,7,Widowed,?,Not-in-family,White,Female,3674,0,35,United-States
36,Self-emp-not-inc,Masters,14,Never-married,Sales,Not-in-family,White,Male,10520,0,45,United-States
50,Private,7th-8th,4,Divorced,Craft-repair,Not-in-family,White,Male,0,0,60,United-States
64,State-gov,Doctorate,16,Never-married,Prof-specialty,Not-in-family,White,Female,4787,0,40,United-States
38,Private,Bachelors,13,Divorced,Exec-managerial,Not-in-family,White,Male,0,0,40,United-States
22,Local-gov,Some-college,10,Never-married,Adm-clerical,Own-child,Amer-Indian-Eskimo,Female,0,0,40,United-States
25,Private,HS-grad,9,Never-married,Adm-clerical,Own-child,White,Male,0,0,36,United-States
50,Local-gov,Masters,14,Married-civ-spouse,Prof-specialty,Husband,White,Male,7298,0,40,United-States
62,?,Masters,14,Married-civ-spouse,?,Husband,White,Male,0,0,48,United-States
66,Private,Some-college,10,Divorced,Adm-clerical,Not-in-family,White,Female,0,0,20,United-States
39,?,Some-college,10,Divorced,?,Not-in-family,White,Female,0,0,35,United-States
52,Private,HS-grad,9,Married-civ-spouse,Machine-op-inspct,Husband,White,Male,0,0,40,United-States
45,Private,11th,7,Separated,Tech-support,Unmarried,White,Female,0,0,40,Puerto-Rico
45,Private,Assoc-voc,11,Widowed,Exec-managerial,Not-in-family,White,Female,0,0,45,United-States
44,Private,Masters,14,Married-civ-spouse,Exec-managerial,Husband,Black,Male,5178,0,60,United-States
52,Self-emp-not-inc,Bachelors,13,Married-civ-spouse,Exec-managerial,Husband,White,Male,0,0,50,United-States
32,Private,Bachelors,13,Never-married,Sales,Not-in-family,White,Male,0,1564,50,United-States
39,Private,Some-college,10,Separated,Adm-clerical,Unmarried,Black,Female,0,0,40,United-States
60,?,Bachelors,13,Married-civ-spouse,?,Husband,White,Male,0,0,12,United-States
28,Private,Bachelors,13,Married-civ-spouse,Sales,Husband,White,Male,0,0,40,United-States
38,Private,HS-grad,9,Married-civ-spouse,Craft-repair,Husband,Black,Male,0,0,40,United-States
39,Local-gov,HS-grad,9,Never-married,Protective-serv,Own-child,Amer-Indian-Eskimo,Male,4650,0,48,United-States
41,Self-emp-not-inc,HS-grad,9,Never-married,Sales,Not-in-family,White,Male,0,0,50,?
36,Local-gov,11th,7,Never-married,Other-service,Unmarried,White,Female,0,0,23,United-States
27,Private,HS-grad,9,Divorced,Other-service,Own-child,White,Female,3418,0,32,United-States
74,Self-emp-not-inc,HS-grad,9,Married-civ-spouse,Sales,Husband,White,Male,0,2149,20,United-States
65,Federal-gov,HS-grad,9,Widowed,Adm-clerical,Not-in-family,White,Female,0,0,40,United-States
41,Self-emp-not-inc,HS-grad,9,Married-civ-spouse,Exec-managerial,Husband,White,Male,0,0,50,United-States
24,Private,HS-grad,9,Never-married,Other-service,Not-in-family,White,Female,0,0,40,United-States
46,Federal-gov,Assoc-voc,11,Married-civ-spouse,Adm-clerical,Husband,White,Male,5178,0,40,United-States
54,Self-emp-not-inc,5th-6th,3,Married-civ-spouse,Farming-fishing,Husband,White,Male,0,0,55,United-States
75,?,10th,6,Widowed,?,Other-relative,Asian-Pac-Islander,Female,0,0,1,China
46,Self-emp-not-inc,Bachelors,13,Married-civ-spouse,Sales,Husband,White,Male,0,1977,45,United-States
72,Private,Assoc-voc,11,Married-civ-spouse,Adm-clerical,Husband,White,Male,0,0,45,Canada
54,State-gov,Doctorate,16,Never-married,Exec-managerial,Not-in-family,White,Female,0,0,40,United-States
53,?,12th,8,Married-civ-spouse,?,Wife,White,Female,0,0,40,Italy
42,Self-emp-not-inc,Masters,14,Divorced,Exec-managerial,Unmarried,White,Female,0,0,70,United-States
71,?,Some-college,10,Widowed,?,Not-in-family,White,Female,0,0,14,Canada
38,Self-emp-not-inc,HS-grad,9,Never-married,Farming-fishing,Not-in-family,White,Male,0,0,52,United-States
77,?,Masters,14,Married-civ-spouse,?,Husband,White,Male,0,0,25,United-States
28,Private,HS-grad,9,Divorced,Exec-managerial,Not-in-family,White,Female,0,0,39,United-States
82,Self-emp-inc,7th-8th,4,Widowed,Exec-managerial,Not-in-family,White,Female,0,0,40,United-States
74,Private,HS-grad,9,Married-civ-spouse,Other-service,Husband,White,Male,0,0,15,United-States
34,Private,5th-6th,3,Never-married,Machine-op-inspct,Other-relative,Asian-Pac-Islander,Male,0,0,40,Laos
42,Private,Some-college,10,Divorced,Other-service,Unmarried,White,Female,0,0,32,United-States
20,Private,Some-college,10,Never-married,Adm-clerical,Not-in-family,White,Female,0,0,40,United-States
75,?,10th,6,Married-spouse-absent,?,Not-in-family,White,Female,0,0,5,United-States
39,Private,Bachelors,13,Never-married,Tech-support,Not-in-family,White,Female,0,1669,40,United-States
56,Private,11th,7,Divorced,Machine-op-inspct,Not-in-family,White,Female,0,0,40,United-States
30,Private,9th,5,Never-married,Farming-fishing,Other-relative,Black,Male,0,0,40,United-States
83,Private,Some-college,10,Never-married,Exec-managerial,Not-in-family,White,Female,0,0,40,United-States
25,Private,Assoc-acdm,12,Never-married,Craft-repair,Not-in-family,White,Male,0,0,45,United-States
47,Private,HS-grad,9,Married-civ-spouse,Craft-repair,Husband,White,Male,0,0,16,United-States
76,Self-emp-not-inc,Some-college,10,Married-civ-spouse,Other-service,Wife,White,Female,0,0,12,United-States
29,Private,10th,6,Never-married,Craft-repair,Not-in-family,White,Male,0,0,48,United-States
73,?,Assoc-voc,11,Married-spouse-absent,?,Not-in-family,White,Female,0,0,32,United-States
24,Private,12th,8,Never-married,Machine-op-inspct,Own-child,Black,Male,0,0,40,United-States
21,Private,HS-grad,9,Never-married,Adm-clerical,Other-relative,White,Male,0,0,40,United-States
24,?,Some-college,10,Never-married,?,Not-in-family,White,Female,0,0,38,United-States
47,Private,Some-college,10,Married-civ-spouse,Sales,Husband,White,Male,0,0,60,United-States
66,?,7th-8th,4,Married-civ-spouse,?,Husband,White,Male,0,0,32,United-States
64,Self-emp-not-inc,HS-grad,9,Widowed,Sales,Not-in-family,White,Female,0,0,70,United-States
44,Self-emp-inc,HS-grad,9,Married-civ-spouse,Craft-repair,Husband,White,Male,0,0,60,United-States
57,Self-emp-inc,HS-grad,9,Married-civ-spouse,Transport-moving,Husband,White,Male,5178,0,60,Hungary
24,Private,Some-college,10,Never-married,Machine-op-inspct,Not-in-family,White,Male,0,0,40,United-States
44,State-gov,Masters,14,Married-civ-spouse,Exec-managerial,Husband,White,Male,0,0,40,United-States
66,?,7th-8th,4,Divorced,?,Not-in-family,White,Male,0,0,10,United-States
33,Private,11th,7,Never-married,Sales,Not-in-family,White,Female,0,0,40,United-States
32,Private,Some-college,10,Never-married,Exec-managerial,Other-relative,White,Female,0,0,50,United-States
53,Private,HS-grad,9,Married-civ-spouse,Other-service,Husband,White,Male,0,0,50,Germany
76,?,5th-6th,3,Widowed,?,Unmarried,White,Female,0,0,40,United-States
19,Private,Some-college,10,Never-married,Farming-fishing,Own-child,White,Male,0,0,66,United-States
69,Private,12th,8,Married-civ-spouse,Transport-moving,Husband,White,Male,9386,0,60,United-States
49,Private,HS-grad,9,Married-civ-spouse,Adm-clerical,Wife,White,Female,0,1977,25,United-States
58,Private,Masters,14,Widowed,Sales,Not-in-family,White,Female,0,0,27,United-States
56,Private,5th-6th,3,Married-civ-spouse,Craft-repair,Husband,Black,Male,0,0,40,Trinadad&Tobago
53,Local-gov,Bachelors,13,Married-civ-spouse,Prof-specialty,Wife,White,Female,0,0,50,United-States
29,Federal-gov,Some-college,10,Never-married,Armed-Forces,Not-in-family,Black,Male,0,0,60,United-States
79,Self-emp-inc,12th,8,Widowed,Sales,Not-in-family,White,Male,18481,0,45,United-States
31,Private,Some-college,10,Separated,Adm-clerical,Unmarried,Black,Female,0,0,38,United-States
67,Self-emp-not-inc,Assoc-acdm,12,Married-civ-spouse,Exec-managerial,Wife,White,Female,20051,0,4,United-States
45,Private,HS-grad,9,Married-civ-spouse,Machine-op-inspct,Husband,Black,Male,0,0,40,United-States
23,Private,Some-college,10,Married-civ-spouse,Machine-op-inspct,Husband,White,Male,0,0,40,United-States
33,Self-emp-inc,Some-college,10,Married-civ-spouse,Craft-repair,Husband,White,Male,0,0,40,United-States
26,Private,Bachelors,13,Married-civ-spouse,Sales,Wife,White,Female,0,0,20,United-States
90,Self-emp-not-inc,Prof-school,15,Widowed,Prof-specialty,Not-in-family,White,Male,1086,0,60,United-States
52,Federal-gov,Prof-school,15,Married-civ-spouse,Prof-specialty,Husband,White,Male,0,0,60,United-States
54,Self-emp-not-inc,HS-grad,9,Married-civ-spouse,Craft-repair,Husband,White,Male,15024,0,52,United-States
46,Self-emp-not-inc,HS-grad,9,Married-civ-spouse,Craft-repair,Husband,White,Male,0,0,25,United-States
82,?,HS-grad,9,Never-married,?,Not-in-family,White,Male,0,0,3,United-States
36,Private,Some-college,10,Never-married,Adm-clerical,Unmarried,Asian-Pac-Islander,Female,0,0,40,United-States
28,Federal-gov,Some-college,10,Never-married,Adm-clerical,Not-in-family,Black,Female,0,0,72,United-States
62,Private,Some-college,10,Married-civ-spouse,Sales,Husband,Asian-Pac-Islander,Male,0,0,40,United-States
18,Private,HS-grad,9,Never-married,Exec-managerial,Own-child,White,Female,0,0,35,United-States
71,Self-emp-not-inc,7th-8th,4,Married-civ-spouse,Farming-fishing,Husband,White,Male,0,0,50,United-States
28,?,HS-grad,9,Never-married,?,Not-in-family,Black,Male,0,0,40,United-States
68,?,Some-college,10,Married-civ-spouse,?,Husband,White,Male,0,0,20,United-States
45,Self-emp-inc,Assoc-acdm,12,Married-civ-spouse,Prof-specialty,Husband,White,Male,0,0,50,United-States
84,Private,HS-grad,9,Widowed,Prof-specialty,Not-in-family,White,Female,0,0,16,United-States
41,?,Assoc-voc,11,Divorced,?,Not-in-family,White,Male,0,0,80,United-States
28,Private,Bachelors,13,Never-married,Craft-repair,Own-child,Black,Male,0,0,40,United-States
29,Private,HS-grad,9,Divorced,Other-service,Not-in-family,White,Female,0,0,35,United-States
36,Private,HS-grad,9,Married-civ-spouse,Sales,Husband,White,Male,0,0,50,United-States
70,Private,Bachelors,13,Married-civ-spouse,Exec-managerial,Husband,White,Male,0,0,20,Cuba
34,Local-gov,HS-grad,9,Never-married,Protective-serv,Own-child,White,Male,0,0,40,United-States
27,Self-emp-not-inc,HS-grad,9,Never-married,Farming-fishing,Own-child,White,Male,0,0,80,United-States
41,Private,HS-grad,9,Separated,Craft-repair,Unmarried,White,Male,0,0,40,United-States
66,Private,Assoc-acdm,12,Divorced,Adm-clerical,Unmarried,White,Female,0,0,40,United-States
80,Private,5th-6th,3,Married-civ-spouse,Other-service,Husband,White,Male,0,0,32,United-States
55,Local-gov,Assoc-voc,11,Separated,Prof-specialty,Unmarried,Black,Female,0,0,35,United-States
70,Self-emp-inc,Some-college,10,Never-married,Exec-managerial,Not-in-family,White,Male,0,0,5,United-States
28,Private,5th-6th,3,Never-married,Craft-repair,Not-in-family,White,Male,0,0,40,Columbia
67,?,HS-grad,9,Married-civ-spouse,?,Husband,White,Male,0,0,2,United-States
23,Private,Some-college,10,Never-married,Farming-fishing,Own-child,White,Male,0,0,35,United-States
43,Private,Bachelors,13,Divorced,Exec-managerial,Not-in-family,White,Male,0,0,35,United-States
65,Self-emp-inc,Bachelors,13,Married-civ-spouse,Sales,Husband,White,Male,99999,0,60,United-States
42,Self-emp-not-inc,Prof-school,15,Divorced,Prof-specialty,Unmarried,White,Male,7430,0,40,United-States
56,State-gov,Some-college,10,Married-civ-spouse,Exec-managerial,Husband,White,Male,0,0,40,United-States
52,Private,HS-grad,9,Married-civ-spouse,Sales,Husband,White,Male,0,0,50,United-States
63,Private,HS-grad,9,Married-civ-spouse,Handlers-cleaners,Husband,White,Male,0,0,40,United-States
78,?,HS-grad,9,Widowed,?,Not-in-family,White,Female,1086,0,20,United-States
55,Private,Bachelors,13,Married-civ-spouse,Craft-repair,Other-relative,White,Male,0,0,40,United-States
29,Private,HS-grad,9,Married-civ-spouse,Machine-op-inspct,Husband,White,Male,0,0,48,United-States
40,Private,Some-college,10,Married-civ-spouse,Tech-support,Wife,White,Female,0,0,40,United-States
73,Federal-gov,HS-grad,9,Divorced,Adm-clerical,Not-in-family,White,Female,25124,0,20,United-States
41,Private,HS-grad,9,Married-civ-spouse,Adm-clerical,Wife,White,Female,0,0,60,United-States
66,Self-emp-not-inc,HS-grad,9,Married-civ-spouse,Farming-fishing,Husband,White,Male,0,0,10,United-States
57,Self-emp-not-inc,Assoc-acdm,12,Married-civ-spouse,Other-service,Husband,White,Male,0,0,40,Iran
65,Private,1st-4th,2,Married-civ-spouse,Other-service,Husband,White,Male,0,0,35,Mexico
23,Private,Some-college,10,Never-married,Adm-clerical,Not-in-family,White,Male,0,0,45,United-States
21,?,Some-college,10,Never-married,?,Own-child,White,Female,0,0,35,United-States
34,Private,Some-college,10,Never-married,Adm-clerical,Not-in-family,White,Female,0,0,40,United-States
32,Self-emp-not-inc,HS-grad,9,Married-civ-spouse,Craft-repair,Husband,White,Male,0,0,50,United-States
65,?,HS-grad,9,Married-civ-spouse,?,Husband,White,Male,0,0,40,United-States
84,Self-emp-inc,Some-college,10,Married-civ-spouse,Sales,Husband,White,Male,0,0,35,United-States
42,Self-emp-inc,Prof-school,15,Married-civ-spouse,Prof-specialty,Husband,White,Male,0,1977,50,United-States
28,Private,Bachelors,13,Married-civ-spouse,Tech-support,Husband,White,Male,0,0,40,United-States
32,Private,11th,7,Never-married,Other-service,Unmarried,Black,Female,0,0,40,Jamaica
26,Federal-gov,Assoc-voc,11,Never-married,Craft-repair,Own-child,White,Male,0,0,50,Japan
90,Private,Bachelors,13,Never-married,Exec-managerial,Not-in-family,White,Male,0,0,55,United-States
65,Private,7th-8th,4,Married-civ-spouse,Craft-repair,Husband,White,Male,0,0,40,United-States
60,Local-gov,Bachelors,13,Separated,Prof-specialty,Unmarried,White,Female,5455,0,55,United-States
76,?,11th,7,Widowed,?,Other-relative,White,Female,0,0,16,United-States
54,Local-gov,HS-grad,9,Widowed,Transport-moving,Unmarried,White,Female,0,0,38,United-States
32,Private,HS-grad,9,Divorced,Craft-repair,Not-in-family,White,Male,0,0,40,United-States
72,?,HS-grad,9,Married-civ-spouse,?,Wife,White,Female,0,0,2,United-States
29,Private,Masters,14,Married-civ-spouse,Prof-specialty,Husband,White,Male,0,1977,40,United-States
33,Private,Bachelors,13,Married-civ-spouse,Prof-specialty,Husband,White,Male,0,0,50,United-States
19,Private,Some-college,10,Never-married,Adm-clerical,Own-child,White,Male,0,0,25,United-States
58,Private,Some-college,10,Married-civ-spouse,Transport-moving,Husband,White,Male,0,0,60,United-States
43,Private,Bachelors,13,Divorced,Machine-op-inspct,Other-relative,White,Male,0,0,40,United-States
51,Local-gov,9th,5,Married-civ-spouse,Transport-moving,Husband,Black,Male,0,0,40,United-States
29,?,Some-college,10,Divorced,?,Unmarried,White,Female,0,0,30,United-States
56,Private,HS-grad,9,Separated,Sales,Unmarried,Black,Female,0,0,16,United-States
22,Local-gov,Some-college,10,Never-married,Adm-clerical,Not-in-family,White,Female,0,0,55,United-States
62,Self-emp-not-inc,HS-grad,9,Married-civ-spouse,Farming-fishing,Husband,White,Male,0,0,65,United-States
50,Private,HS-grad,9,Married-civ-spouse,Craft-repair,Husband,White,Male,0,0,40,United-States
38,Private,Assoc-voc,11,Married-civ-spouse,Exec-managerial,Husband,White,Male,0,0,55,United-States
76,Private,7th-8th,4,Widowed,Protective-serv,Not-in-family,White,Female,0,0,12,United-States
39,Private,Some-college,10,Separated,Prof-specialty,Unmarried,White,Female,0,0,40,United-States
39,Private,12th,8,Divorced,Sales,Not-in-family,White,Female,0,0,40,United-States
90,Private,Assoc-acdm,12,Never-married,Exec-managerial,Not-in-family,White,Male,6097,0,45,United-States
35,?,HS-grad,9,Married-civ-spouse,?,Husband,White,Male,0,0,30,United-States
33,Private,HS-grad,9,Divorced,Tech-support,Not-in-family,White,Female,0,0,40,United-States
35,Private,Some-college,10,Separated,Sales,Not-in-family,White,Male,0,0,40,United-States
34,Local-gov,Bachelors,13,Married-civ-spouse,Exec-managerial,Husband,White,Male,3103,0,50,United-States
32,Private,Prof-school,15,Married-civ-spouse,Prof-specialty,Husband,White,Male,0,0,40,United-States
78,Self-emp-inc,Bachelors,13,Married-civ-spouse,Exec-managerial,Husband,White,Male,9386,0,45,United-States
45,Local-gov,Some-college,10,Divorced,Adm-clerical,Unmarried,Black,Female,0,0,40,United-States
64,Private,HS-grad,9,Widowed,Adm-clerical,Not-in-family,White,Female,0,0,40,United-States
17,Private,10th,6,Never-married,Other-service,Own-child,White,Male,0,0,25,United-States
28,Private,10th,6,Never-married,Machine-op-inspct,Unmarried,White,Female,0,0,40,United-States
54,Private,Bachelors,13,Married-civ-spouse,Exec-managerial,Husband,White,Male,0,0,55,United-States
43,Local-gov,Some-college,10,Married-civ-spouse,Other-service,Husband,White,Male,0,0,40,United-States
71,Private,Some-college,10,Never-married,Other-service,Not-in-family,White,Female,2964,0,60,United-States
33,Private,HS-grad,9,Separated,Machine-op-inspct,Not-in-family,White,Male,0,0,30,United-States
45,Self-emp-not-inc,HS-grad,9,Married-civ-spouse,Other-service,Husband,White,Male,3411,0,40,United-States
48,Private,9th,5,Married-civ-spouse,Machine-op-inspct,Other-relative,Asian-Pac-Islander,Female,0,0,45,China
81,Self-emp-not-inc,Bachelors,13,Widowed,Farming-fishing,Not-in-family,White,Male,0,0,30,United-States
20,Private,5th-6th,3,Never-married,Other-service,Other-relative,White,Male,0,0,40,Mexico
17,Private,11th,7,Never-married,Other-service,Own-child,White,Female,0,0,12,United-States
65,Local-gov,HS-grad,9,Widowed,Other-service,Unmarried,Black,Female,0,0,25,United-States
77,?,Assoc-acdm,12,Married-civ-spouse,?,Husband,White,Male,0,1411,2,United-States
33,Private,HS-grad,9,Married-civ-spouse,Other-service,Wife,White,Female,0,0,38,El-Salvador
35,Federal-gov,Doctorate,16,Married-civ-spouse,Prof-specialty,Husband,White,Male,0,0,55,Canada
44,Private,Doctorate,16,Married-civ-spouse,Prof-specialty,Husband,White,Male,0,0,20,United-States
22,Private,12th,8,Married-spouse-absent,Other-service,Unmarried,Black,Female,0,0,50,United-States
47,Self-emp-not-inc,HS-grad,9,Married-AF-spouse,Craft-repair,Husband,White,Male,0,0,90,United-States
36,Private,HS-grad,9,Married-civ-spouse,Sales,Husband,White,Male,0,0,40,United-States
42,Private,Assoc-acdm,12,Never-married,Exec-managerial,Not-in-family,White,Male,0,0,45,United-States
23,Private,Bachelors,13,Never-married,Exec-managerial,Own-child,White,Female,0,0,60,United-States
68,Private,HS-grad,9,Divorced,Priv-house-serv,Unmarried,Black,Female,0,0,24,United-States
63,?,HS-grad,9,Married-civ-spouse,?,Husband,White,Male,0,0,25,United-States
61,Private,HS-grad,9,Married-civ-spouse,Craft-repair,Husband,White,Male,0,0,55,United-States
74,Private,12th,8,Married-civ-spouse,Handlers-cleaners,Husband,White,Male,0,0,11,United-States
33,Private,Bachelors,13,Married-civ-spouse,Prof-specialty,Husband,White,Male,0,0,40,United-States
73,Self-emp-not-inc,7th-8th,4,Never-married,Adm-clerical,Not-in-family,White,Female,0,0,99,United-States
49,Private,HS-grad,9,Widowed,Exec-managerial,Not-in-family,Black,Female,0,0,35,United-States
35,Private,Bachelors,13,Never-married,Adm-clerical,Not-in-family,White,Female,0,0,40,United-States
50,Private,Bachelors,13,Married-civ-spouse,Exec-managerial,Husband,White,Male,99999,0,55,United-States
34,Private,Bachelors,13,Married-civ-spouse,Sales,Husband,White,Male,0,0,60,United-States
24,Private,Some-college,10,Never-married,Craft-repair,Own-child,White,Male,0,0,15,United-States
26,Private,Bachelors,13,Married-civ-spouse,Sales,Husband,White,Male,4064,0,50,United-States
44,Local-gov,Some-college,10,Divorced,Adm-clerical,Unmarried,White,Female,0,0,40,United-States
25,Self-emp-not-inc,Some-college,10,Never-married,Other-service,Not-in-family,White,Female,0,0,22,United-States
21,Private,Some-college,10,Never-married,Adm-clerical,Own-child,White,Male,0,0,40,United-States
57,Private,HS-grad,9,Married-civ-spouse,Exec-managerial,Husband,White,Male,0,0,40,United-States
59,Private,Bachelors,13,Separated,Exec-managerial,Not-in-family,White,Male,0,0,45,United-States
39,Private,Bachelors,13,Never-married,Exec-managerial,Own-child,Asian-Pac-Islander,Female,0,0,35,United-States
80,Private,HS-grad,9,Widowed,Handlers-cleaners,Not-in-family,White,Male,0,0,30,United-States
63,Federal-gov,Some-college,10,Married-civ-spouse,Exec-managerial,Husband,White,Male,15024,0,40,United-States
25,Self-emp-inc,Bachelors,13,Never-married,Sales,Not-in-family,White,Male,0,0,45,United-States
61,?,7th-8th,4,Separated,?,Not-in-family,White,Male,0,0,40,United-States
57,Self-emp-inc,HS-grad,9,Married-civ-spouse,Adm-clerical,Husband,White,Male,0,0,50,United-States
52,Self-emp-not-inc,Some-college,10,Never-married,Adm-clerical,Unmarried,White,Male,0,0,5,United-States
26,Private,Bachelors,13,Never-married,Other-service,Not-in-family,White,Female,0,0,38,United-States
32,Self-emp-not-inc,Bachelors,13,Married-civ-spouse,Tech-support,Husband,White,Male,7298,0,40,Japan
37,Private,HS-grad,9,Never-married,Craft-repair,Not-in-family,Black,Female,0,0,45,United-States
41,State-gov,HS-grad,9,Separated,Handlers-cleaners,Unmarried,White,Male,0,0,40,United-States
67,Private,HS-grad,9,Married-civ-spouse,Sales,Husband,White,Male,0,0,40,Canada
37,Private,Some-college,10,Married-civ-spouse,Machine-op-inspct,Husband,White,Male,0,0,40,United-States
90,Private,Bachelors,13,Married-civ-spouse,Sales,Husband,White,Male,9386,0,15,United-States
55,Private,HS-grad,9,Divorced,Exec-managerial,Not-in-family,White,Female,0,0,60,United-States
24,Private,Assoc-voc,11,Never-married,Transport-moving,Not-in-family,White,Male,0,0,40,United-States
56,Private,HS-grad,9,Widowed,Machine-op-inspct,Not-in-family,Black,Female,0,0,40,United-States
54,State-gov,Bachelors,13,Married-civ-spouse,Exec-managerial,Husband,White,Male,0,0,38,United-States
35,Local-gov,Bachelors,13,Never-married,Exec-managerial,Not-in-family,White,Male,0,0,40,United-States
60,Self-emp-inc,10th,6,Married-civ-spouse,Exec-managerial,Husband,White,Male,0,1977,44,United-States
43,Private,Bachelors,13,Divorced,Exec-managerial,Not-in-family,White,Female,0,0,40,United-States
69,Self-emp-not-inc,Some-college,10,Married-civ-spouse,Sales,Husband,White,Male,6514,0,45,United-States
28,Private,HS-grad,9,Never-married,Other-service,Not-in-family,Black,Female,0,0,48,United-States
48,Self-emp-not-inc,Some-college,10,Married-civ-spouse,Transport-moving,Husband,White,Male,0,0,40,United-States
24,Private,Bachelors,13,Never-married,Exec-managerial,Unmarried,White,Male,0,0,40,United-States
29,Private,HS-grad,9,Married-civ-spouse,Other-service,Husband,White,Male,0,0,40,United-States
51,Private,HS-grad,9,Divorced,Adm-clerical,Unmarried,White,Female,0,0,40,United-States
19,Private,HS-grad,9,Never-married,Other-service,Own-child,White,Female,0,0,30,United-States
49,State-gov,HS-grad,9,Married-civ-spouse,Tech-support,Husband,White,Male,0,0,40,United-States
67,Private,Bachelors,13,Married-civ-spouse,Exec-managerial,Husband,White,Male,0,0,40,United-States
42,Private,HS-grad,9,Divorced,Machine-op-inspct,Unmarried,White,Female,0,0,40,United-States
54,Private,Prof-school,15,Never-married,Prof-specialty,Other-relative,White,Female,0,0,65,United-States
48,Private,Some-college,10,Divorced,Prof-specialty,Unmarried,White,Female,0,0,20,United-States
26,Private,HS-grad,9,Never-married,Machine-op-inspct,Not-in-family,White,Male,0,0,40,United-States
51,Local-gov,HS-grad,9,Separated,Protective-serv,Not-in-family,Black,Male,0,0,40,United-States
36,Private,HS-grad,9,Never-married,Handlers-cleaners,Not-in-family,White,Male,0,0,40,United-States
61,Self-emp-not-inc,9th,5,Married-civ-spouse,Sales,Husband,White,Male,0,0,58,United-States
34,Private,Some-college,10,Never-married,Other-service,Own-child,Black,Female,0,0,35,United-States
40,Private,7th-8th,4,Married-civ-spouse,Other-service,Husband,Asian-Pac-Islander,Male,0,0,42,Cambodia
74,Federal-gov,HS-grad,9,Widowed,Other-service,Not-in-family,White,Male,0,0,17,United-States
28,Private,Some-college,10,Never-married,Sales,Not-in-family,White,Male,0,0,40,United-States
76,Private,Bachelors,13,Married-civ-spouse,Adm-clerical,Husband,White,Male,20051,0,50,United-States
48,Private,11th,7,Divorced,Other-service,Unmarried,Black,Female,0,0,40,United-States
66,Private,Some-college,10,Widowed,Other-service,Unmarried,Black,Female,0,0,20,United-States
30,Private,Some-college,10,Married-civ-spouse,Transport-moving,Husband,White,Male,0,0,56,United-States
39,Private,5th-6th,3,Married-civ-spouse,Machine-op-inspct,Husband,White,Male,0,0,40,United-States
71,State-gov,HS-grad,9,Married-civ-spouse,Protective-serv,Husband,White,Male,0,0,28,United-States
83,Private,HS-grad,9,Widowed,Protective-serv,Not-in-family,White,Male,0,0,55,United-States
33,Private,Some-college,10,Married-civ-spouse,Machine-op-inspct,Husband,White,Male,0,0,39,United-States
22,Local-gov,Assoc-voc,11,Never-married,Adm-clerical,Own-child,White,Female,0,0,10,?
77,?,Masters,14,Divorced,?,Not-in-family,White,Male,0,0,45,United-States
21,Private,HS-grad,9,Widowed,Craft-repair,Own-child,White,Male,0,0,40,United-States
73,Private,10th,6,Widowed,Other-service,Not-in-family,White,Female,0,0,10,United-States
55,Private,HS-grad,9,Divorced,Craft-repair,Unmarried,Black,Male,0,0,48,United-States
39,Private,HS-grad,9,Married-civ-spouse,Craft-repair,Husband,White,Male,3908,0,72,United-States
40,Private,Some-college,10,Never-married,Craft-repair,Unmarried,White,Male,0,0,38,United-States
50,Self-emp-inc,Masters,14,Married-civ-spouse,Sales,Husband,White,Male,0,0,55,United-States
41,Self-emp-inc,HS-grad,9,Married-civ-spouse,Sales,Husband,White,Male,0,1887,55,United-States
71,Self-emp-inc,Masters,14,Married-civ-spouse,Exec-managerial,Husband,White,Male,99999,0,40,United-States
33,Private,HS-grad,9,Married-civ-spouse,Transport-moving,Husband,White,Male,0,0,55,United-States
64,?,Some-college,10,Married-civ-spouse,?,Husband,White,Male,0,0,20,United-States
72,Private,Some-college,10,Widowed,Adm-clerical,Not-in-family,White,Female,0,0,6,United-States
50,Private,HS-grad,9,Divorced,Prof-specialty,Unmarried,Black,Female,0,0,40,United-States
33,Private,HS-grad,9,Married-civ-spouse,Craft-repair,Husband,White,Male,0,0,40,United-States
39,Private,HS-grad,9,Never-married,Machine-op-inspct,Not-in-family,Black,Female,0,0,52,United-States
57,Self-emp-not-inc,7th-8th,4,Widowed,Farming-fishing,Unmarried,White,Male,0,0,40,United-States
18,?,11th,7,Never-married,?,Own-child,Black,Male,0,0,30,United-States
38,Private,HS-grad,9,Married-civ-spouse,Sales,Husband,White,Male,0,0,70,United-States
42,Self-emp-not-inc,Prof-school,15,Married-civ-spouse,Prof-specialty,Husband,White,Male,0,1902,50,United-States
41,Local-gov,Assoc-acdm,12,Married-civ-spouse,Exec-managerial,Husband,Black,Male,0,0,50,United-States
64,?,Assoc-acdm,12,Never-married,?,Not-in-family,White,Female,0,0,20,United-States
33,Self-emp-not-inc,Some-college,10,Married-civ-spouse,Sales,Husband,White,Male,0,1740,50,United-States
24,Private,9th,5,Never-married,Sales,Own-child,White,Male,0,0,48,United-States
37,Local-gov,Bachelors,13,Married-civ-spouse,Prof-specialty,Husband,White,Male,0,1887,40,United-States
74,Self-emp-inc,Some-college,10,Married-civ-spouse,Exec-managerial,Husband,White,Male,0,0,35,United-States
65,Private,Some-college,10,Married-civ-spouse,Exec-managerial,Husband,White,Male,0,0,40,United-States
27,Private,Some-college,10,Never-married,Prof-specialty,Not-in-family,White,Male,0,0,40,United-States
82,?,Some-college,10,Widowed,?,Not-in-family,Amer-Indian-Eskimo,Male,0,0,3,United-States
36,Self-emp-not-inc,Bachelors,13,Married-civ-spouse,Sales,Husband,White,Male,0,0,40,United-States
71,Self-emp-not-inc,11th,7,Married-civ-spouse,Exec-managerial,Husband,White,Male,0,0,75,United-States
90,Self-emp-not-inc,HS-grad,9,Never-married,Exec-managerial,Not-in-family,White,Male,2964,0,12,United-States
34,Private,HS-grad,9,Married-civ-spouse,Craft-repair,Husband,White,Male,0,0,40,United-States
34,Local-gov,Preschool,1,Never-married,Adm-clerical,Own-child,Black,Female,0,0,25,United-States
39,Private,HS-grad,9,Married-civ-spouse,Craft-repair,Husband,White,Male,0,0,40,United-States
74,?,HS-grad,9,Married-civ-spouse,?,Husband,White,Male,0,2149,30,United-States
21,Private,HS-grad,9,Never-married,Sales,Not-in-family,White,Male,0,0,55,United-States
62,?,12th,8,Divorced,?,Not-in-family,White,Male,0,0,40,Canada
24,Private,Some-college,10,Never-married,Tech-support,Not-in-family,White,Female,0,0,16,United-States
49,Private,Masters,14,Married-civ-spouse,Exec-managerial,Husband,White,Male,0,0,45,United-States
38,Private,HS-grad,9,Never-married,Handlers-cleaners,Not-in-family,White,Male,594,0,50,United-States
22,Private,Some-college,10,Never-married,Adm-clerical,Other-relative,White,Female,0,0,16,United-States
70,Self-emp-not-inc,Masters,14,Married-civ-spouse,Prof-specialty,Husband,White,Male,9386,0,30,United-States
45,Private,Masters,14,Divorced,Adm-clerical,Not-in-family,Amer-Indian-Eskimo,Female,0,0,36,United-States
26,Private,HS-grad,9,Never-married,Adm-clerical,Own-child,Black,Male,0,0,40,United-States
28,Private,HS-grad,9,Never-married,Adm-clerical,Not-in-family,White,Female,0,0,40,United-States
33,Private,HS-grad,9,Married-civ-spouse,Craft-repair,Husband,White,Male,0,0,50,United-States
64,Private,11th,7,Widowed,Tech-support,Unmarried,White,Female,0,0,16,United-States
62,Private,10th,6,Widowed,Adm-clerical,Own-child,Black,Female,0,0,40,United-States
38,Self-emp-not-inc,Assoc-acdm,12,Married-civ-spouse,Sales,Husband,White,Male,0,0,60,United-States
28,Private,Bachelors,13,Never-married,Adm-clerical,Own-child,Black,Male,0,0,35,United-States
63,Private,HS-grad,9,Married-civ-spouse,Craft-repair,Husband,White,Male,0,0,48,United-States
23,?,Bachelors,13,Never-married,?,Not-in-family,White,Female,0,0,50,United-States
74,Private,HS-grad,9,Widowed,Sales,Unmarried,White,Female,0,0,26,United-States
70,Private,Bachelors,13,Widowed,Machine-op-inspct,Other-relative,Asian-Pac-Islander,Male,0,0,32,Philippines
53,Private,12th,8,Divorced,Transport-moving,Not-in-family,White,Female,0,0,40,United-States
50,Private,HS-grad,9,Widowed,Adm-clerical,Not-in-family,Amer-Indian-Eskimo,Female,0,0,40,United-States
25,Private,HS-grad,9,Divorced,Adm-clerical,Other-relative,White,Female,0,0,40,United-States
53,Private,HS-grad,9,Married-civ-spouse,Sales,Husband,White,Male,0,0,40,United-States
59,Private,HS-grad,9,Married-civ-spouse,Craft-repair,Husband,White,Male,0,0,40,United-States
52,Private,9th,5,Divorced,Craft-repair,Unmarried,White,Female,0,0,40,Cuba
55,Private,HS-grad,9,Widowed,Other-service,Unmarried,White,Female,0,0,30,United-States
47,Self-emp-not-inc,Some-college,10,Married-civ-spouse,Craft-repair,Husband,White,Male,0,0,40,United-States
23,Private,HS-grad,9,Married-civ-spouse,Exec-managerial,Husband,White,Male,0,0,55,United-States
69,Private,HS-grad,9,Married-civ-spouse,Other-service,Husband,White,Male,0,0,20,United-States
33,Private,Some-college,10,Married-civ-spouse,Sales,Husband,White,Male,0,0,48,United-States
19,Private,Some-college,10,Never-married,Adm-clerical,Own-child,White,Female,0,0,25,United-States
46,Private,Bachelors,13,Separated,Prof-specialty,Unmarried,White,Female,0,0,42,United-States
64,State-gov,Masters,14,Married-civ-spouse,Prof-specialty,Wife,White,Female,0,0,5,United-States
35,Private,Masters,14,Never-married,Sales,Not-in-family,White,Male,0,0,60,United-States
81,Self-emp-inc,Some-college,10,Married-civ-spouse,Sales,Husband,White,Male,0,2174,35,United-States
35,Private,Some-college,10,Married-civ-spouse,Adm-clerical,Wife,White,Female,3908,0,27,United-States
73,?,Bachelors,13,Married-civ-spouse,?,Husband,White,Male,0,0,30,United-States
44,Private,Bachelors,13,Married-civ-spouse,Prof-specialty,Husband,White,Male,0,0,35,United-States
20,Private,Some-college,10,Never-married,Sales,Not-in-family,White,Female,0,0,25,United-States
32,Private,HS-grad,9,Never-married,Other-service,Unmarried,Black,Male,0,0,40,United-States
53,Local-gov,Masters,14,Divorced,Prof-specialty,Not-in-family,Black,Female,0,0,40,United-States
25,Private,10th,6,Never-married,Machine-op-inspct,Not-in-family,White,Male,0,0,40,Dominican-Republic
66,Private,Assoc-voc,11,Widowed,Prof-specialty,Not-in-family,White,Female,0,0,35,United-States
44,Private,HS-grad,9,Married-civ-spouse,Craft-repair,Husband,White,Male,0,0,45,United-States
56,Self-emp-not-inc,Bachelors,13,Married-civ-spouse,Other-service,Husband,White,Male,0,0,40,United-States
63,Self-emp-not-inc,5th-6th,3,Never-married,Sales,Not-in-family,White,Female,0,0,3,United-States
33,Private,HS-grad,9,Divorced,Adm-clerical,Not-in-family,Black,Female,0,0,40,United-States
22,?,12th,8,Never-married,?,Not-in-family,White,Male,0,0,30,United-States
74,?,1st-4th,2,Married-civ-spouse,?,Husband,Black,Male,0,0,40,United-States
41,Self-emp-not-inc,5th-6th,3,Married-civ-spouse,Craft-repair,Husband,White,Male,0,0,96,Mexico
50,Private,HS-grad,9,Married-civ-spouse,Craft-repair,Husband,White,Male,0,0,40,United-States
37,Private,Doctorate,16,Married-civ-spouse,Prof-specialty,Husband,Asian-Pac-Islander,Male,0,0,40,?
32,Private,HS-grad,9,Divorced,Adm-clerical,Not-in-family,White,Female,0,0,38,United-States
61,Private,HS-grad,9,Widowed,Craft-repair,Not-in-family,Black,Female,0,1669,50,United-States
49,Private,Bachelors,13,Divorced,Exec-managerial,Not-in-family,White,Female,0,0,40,United-States
60,Private,HS-grad,9,Married-civ-spouse,Tech-support,Wife,White,Female,0,0,40,United-States
71,Self-emp-inc,11th,7,Divorced,Machine-op-inspct,Unmarried,Black,Male,0,0,40,United-States
70,?,5th-6th,3,Married-civ-spouse,?,Husband,White,Male,0,0,20,United-States
34,Private,HS-grad,9,Married-civ-spouse,Handlers-cleaners,Husband,White,Male,0,0,40,United-States
78,Private,HS-grad,9,Widowed,Sales,Unmarried,White,Female,2329,0,12,United-States
41,Local-gov,Bachelors,13,Married-civ-spouse,Prof-specialty,Husband,White,Male,0,0,35,United-States
30,Private,Bachelors,13,Married-civ-spouse,Prof-specialty,Husband,White,Male,0,1977,50,United-States
32,Federal-gov,Assoc-acdm,12,Never-married,Protective-serv,Not-in-family,Black,Male,0,0,40,United-States
21,Private,Some-college,10,Never-married,Adm-clerical,Not-in-family,White,Female,0,0,40,United-States
36,Private,Some-college,10,Married-civ-spouse,Adm-clerical,Wife,White,Female,0,0,12,United-States
58,Private,HS-grad,9,Divorced,Sales,Not-in-family,White,Female,0,0,24,United-States
42,Local-gov,Masters,14,Married-civ-spouse,Prof-specialty,Husband,White,Male,0,0,55,United-States
67,Private,Some-college,10,Widowed,Adm-clerical,Not-in-family,White,Female,0,0,25,United-States
68,Private,5th-6th,3,Married-spouse-absent,Sales,Not-in-family,White,Male,0,0,22,United-States
69,Private,Bachelors,13,Married-civ-spouse,Exec-managerial,Husband,Black,Male,9386,0,50,United-States
37,Private,Some-college,10,Married-civ-spouse,Craft-repair,Husband,White,Male,0,0,40,United-States
51,Self-emp-not-inc,HS-grad,9,Married-civ-spouse,Craft-repair,Husband,White,Male,0,0,70,United-States
52,Private,HS-grad,9,Married-civ-spouse,Handlers-cleaners,Husband,White,Male,0,0,40,United-States
25,Private,Bachelors,13,Married-civ-spouse,Adm-clerical,Husband,White,Male,0,0,55,United-States
61,Private,Bachelors,13,Divorced,Sales,Not-in-family,Asian-Pac-Islander,Female,0,0,30,South
36,Private,12th,8,Married-civ-spouse,Machine-op-inspct,Husband,White,Male,0,0,48,United-States
39,Private,HS-grad,9,Married-civ-spouse,Machine-op-inspct,Husband,White,Male,0,0,45,United-States
41,Private,HS-grad,9,Married-civ-spouse,Sales,Wife,White,Female,15024,0,50,England
56,Self-emp-not-inc,Assoc-voc,11,Married-spouse-absent,Sales,Not-in-family,White,Male,0,0,46,United-States
44,Private,9th,5,Divorced,Other-service,Unmarried,White,Female,0,0,55,Dominican-Republic
19,?,HS-grad,9,Never-married,?,Not-in-family,Other,Male,0,0,30,United-States
53,Self-emp-inc,Assoc-voc,11,Married-civ-spouse,Exec-managerial,Husband,White,Male,0,0,40,Greece
61,Private,9th,5,Widowed,Other-service,Unmarried,Black,Female,0,0,40,United-States
21,Private,Some-college,10,Never-married,Adm-clerical,Own-child,White,Male,2597,0,40,United-States
20,Private,Some-college,10,Never-married,Handlers-cleaners,Own-child,White,Male,0,0,35,United-States
79,Private,HS-grad,9,Married-spouse-absent,Prof-specialty,Not-in-family,White,Male,0,0,6,United-States
27,Private,HS-grad,9,Never-married,Adm-clerical,Not-in-family,Black,Female,0,0,40,United-States
66,?,11th,7,Married-civ-spouse,?,Husband,White,Male,0,0,32,United-States
67,Self-emp-not-inc,HS-grad,9,Married-civ-spouse,Farming-fishing,Husband,White,Male,0,0,50,United-States
37,State-gov,Assoc-acdm,12,Never-married,Adm-clerical,Not-in-family,White,Female,0,0,40,United-States
72,Self-emp-not-inc,7th-8th,4,Married-civ-spouse,Transport-moving,Husband,White,Male,0,0,14,United-States
66,Local-gov,Doctorate,16,Married-civ-spouse,Prof-specialty,Husband,Black,Male,20051,0,35,Jamaica
74,Private,10th,6,Divorced,Other-service,Not-in-family,White,Female,0,0,1,United-States
55,Private,Some-college,10,Never-married,Adm-clerical,Not-in-family,White,Male,0,0,45,United-States
29,Private,Some-college,10,Married-civ-spouse,Prof-specialty,Husband,White,Male,0,0,40,United-States
75,?,HS-grad,9,Widowed,?,Not-in-family,White,Female,0,0,20,United-States
61,Self-emp-not-inc,Prof-school,15,Never-married,Prof-specialty,Not-in-family,White,Female,0,0,30,Philippines
52,?,12th,8,Married-civ-spouse,?,Wife,Black,Female,0,0,40,United-States
66,Private,HS-grad,9,Widowed,Sales,Not-in-family,White,Female,0,0,16,United-States
52,Private,Some-college,10,Married-civ-spouse,Adm-clerical,Husband,White,Male,0,0,40,United-States
50,Private,Bachelors,13,Married-civ-spouse,Sales,Husband,White,Male,0,0,40,United-States
75,?,HS-grad,9,Widowed,?,Not-in-family,White,Female,0,0,9,United-States
52,Private,Some-college,10,Divorced,Other-service,Unmarried,White,Female,0,0,45,United-States
63,?,Bachelors,13,Widowed,?,Not-in-family,Amer-Indian-Eskimo,Female,0,0,56,United-States
80,Private,HS-grad,9,Married-spouse-absent,Adm-clerical,Not-in-family,White,Female,0,0,16,United-States
62,Self-emp-inc,Bachelors,13,Married-civ-spouse,Exec-managerial,Husband,White,Male,5013,0,50,United-States
66,Private,9th,5,Separated,Other-service,Not-in-family,Black,Female,0,0,30,United-States
73,?,Bachelors,13,Married-civ-spouse,?,Husband,Asian-Pac-Islander,Male,0,0,5,Vietnam
25,Private,HS-grad,9,Never-married,Craft-repair,Own-child,White,Male,0,0,40,United-States
56,Local-gov,Masters,14,Married-civ-spouse,Prof-specialty,Husband,White,Male,0,0,35,?
29,Private,Some-college,10,Never-married,Adm-clerical,Own-child,White,Female,0,0,40,United-States
21,Private,HS-grad,9,Never-married,Adm-clerical,Own-child,White,Female,0,0,40,United-States
22,Local-gov,Some-college,10,Never-married,Prof-specialty,Not-in-family,White,Female,0,0,20,United-States
44,Private,Some-college,10,Married-civ-spouse,Craft-repair,Husband,White,Male,7298,0,40,United-States
56,Local-gov,Masters,14,Married-civ-spouse,Prof-specialty,Husband,White,Male,0,0,40,United-States
31,Private,HS-grad,9,Never-married,Adm-clerical,Own-child,Black,Male,0,0,40,United-States
60,Private,HS-grad,9,Widowed,Sales,Not-in-family,White,Female,0,0,50,United-States
64,Private,HS-grad,9,Widowed,Sales,Not-in-family,White,Female,0,0,17,United-States
61,Private,Some-college,10,Married-civ-spouse,Adm-clerical,Husband,White,Male,0,0,40,United-States
42,Private,HS-grad,9,Married-civ-spouse,Craft-repair,Husband,White,Male,0,0,40,United-States
21,Private,Some-college,10,Never-married,Craft-repair,Own-child,White,Female,0,0,40,United-States
30,Private,HS-grad,9,Married-spouse-absent,Craft-repair,Other-relative,White,Male,0,0,40,United-States
23,Private,Some-college,10,Divorced,Priv-house-serv,Not-in-family,White,Female,0,0,26,United-States
27,Private,HS-grad,9,Never-married,Sales,Not-in-family,White,Female,0,0,40,United-States
57,Self-emp-not-inc,1st-4th,2,Widowed,Craft-repair,Other-relative,White,Female,0,1602,45,Columbia
26,Private,Bachelors,13,Divorced,Other-service,Not-in-family,White,Female,0,0,45,United-States
66,Local-gov,Assoc-voc,11,Widowed,Prof-specialty,Not-in-family,White,Female,0,0,20,United-States
74,Self-emp-not-inc,Prof-school,15,Divorced,Prof-specialty,Other-relative,White,Male,0,0,40,United-States
23,State-gov,Some-college,10,Never-married,Adm-clerical,Own-child,Black,Male,0,0,20,United-States
75,Private,Bachelors,13,Married-civ-spouse,Exec-managerial,Husband,White,Male,0,0,24,United-States
43,Local-gov,Bachelors,13,Divorced,Exec-managerial,Unmarried,White,Male,0,0,42,Germany
35,Private,Some-college,10,Divorced,Adm-clerical,Unmarried,White,Female,0,0,55,United-States
45,Private,Doctorate,16,Widowed,Prof-specialty,Unmarried,White,Male,15020,0,40,Iran
18,Private,10th,6,Never-married,Other-service,Own-child,White,Female,0,0,28,United-States
54,Self-emp-not-inc,Bachelors,13,Married-civ-spouse,Exec-managerial,Wife,White,Female,0,1977,35,United-States
68,Private,Masters,14,Married-civ-spouse,Exec-managerial,Husband,White,Male,0,2392,40,United-States
59,Self-emp-not-inc,HS-grad,9,Married-civ-spouse,Sales,Husband,White,Male,0,1740,80,United-States
66,Private,Some-college,10,Married-civ-spouse,Sales,Husband,White,Male,0,0,24,United-States
42,Private,Bachelors,13,Married-civ-spouse,Prof-specialty,Husband,White,Male,0,0,40,United-States
24,Private,Bachelors,13,Never-married,Exec-managerial,Not-in-family,White,Female,0,0,50,United-States
20,?,Some-college,10,Never-married,?,Own-child,White,Male,0,0,40,United-States
43,Private,Some-college,10,Married-civ-spouse,Adm-clerical,Husband,White,Male,0,0,40,United-States
48,Private,HS-grad,9,Married-civ-spouse,Transport-moving,Husband,White,Male,0,0,40,United-States
76,?,7th-8th,4,Divorced,?,Not-in-family,White,Female,0,0,7,United-States
61,Federal-gov,Some-college,10,Divorced,Adm-clerical,Not-in-family,Black,Female,0,0,40,United-States
37,Private,Assoc-acdm,12,Married-civ-spouse,Adm-clerical,Husband,White,Male,0,0,40,United-States
28,Private,HS-grad,9,Married-civ-spouse,Handlers-cleaners,Husband,Black,Male,0,0,40,United-States
22,Private,Some-college,10,Never-married,Handlers-cleaners,Other-relative,White,Male,0,0,24,Mexico
80,Self-emp-not-inc,11th,7,Married-civ-spouse,Exec-managerial,Husband,White,Male,0,0,25,United-States
76,?,9th,5,Widowed,?,Not-in-family,White,Male,0,0,25,United-States
21,Private,7th-8th,4,Never-married,Other-service,Other-relative,White,Male,0,0,48,Mexico
17,Private,12th,8,Never-married,Handlers-cleaners,Own-child,White,Male,0,0,20,United-States
23,Private,Some-college,10,Never-married,Adm-clerical,Not-in-family,White,Female,0,0,24,Greece
40,State-gov,Masters,14,Married-civ-spouse,Prof-specialty,Husband,White,Male,0,0,58,United-States
36,Private,HS-grad,9,Never-married,Craft-repair,Own-child,Black,Male,0,0,40,United-States
57,Private,HS-grad,9,Married-civ-spouse,Adm-clerical,Wife,White,Female,0,0,45,United-States
90,Local-gov,7th-8th,4,Married-civ-spouse,Protective-serv,Husband,White,Male,2653,0,40,United-States
49,Self-emp-not-inc,HS-grad,9,Widowed,Farming-fishing,Not-in-family,White,Male,0,0,55,United-States
48,Self-emp-inc,Some-college,10,Divorced,Farming-fishing,Not-in-family,White,Male,0,0,45,United-States
26,Private,Masters,14,Never-married,Prof-specialty,Not-in-family,Black,Female,0,0,40,United-States
40,Private,Masters,14,Married-civ-spouse,Exec-managerial,Husband,White,Male,0,0,40,United-States
79,?,7th-8th,4,Married-civ-spouse,?,Husband,White,Male,1409,0,35,United-States
18,Private,10th,6,Never-married,Sales,Own-child,White,Female,0,0,20,United-States
68,?,HS-grad,9,Married-civ-spouse,?,Wife,White,Female,0,0,8,United-States
61,Private,Some-college,10,Divorced,Sales,Not-in-family,White,Female,0,0,40,United-States
60,Private,Some-college,10,Married-civ-spouse,Craft-repair,Husband,Amer-Indian-Eskimo,Male,0,0,40,United-States
65,Private,HS-grad,9,Married-civ-spouse,Sales,Husband,White,Male,9386,0,10,United-States
71,Private,Bachelors,13,Divorced,Tech-support,Own-child,White,Female,2329,0,16,United-States
34,State-gov,Bachelors,13,Married-civ-spouse,Adm-clerical,Husband,White,Male,0,0,55,United-States
28,Private,HS-grad,9,Married-civ-spouse,Craft-repair,Husband,White,Male,0,0,43,United-States
90,Private,HS-grad,9,Widowed,Transport-moving,Unmarried,White,Male,0,0,99,United-States
27,Private,Bachelors,13,Never-married,Prof-specialty,Not-in-family,White,Female,0,0,60,United-States
64,Private,7th-8th,4,Married-civ-spouse,Transport-moving,Husband,White,Male,0,0,48,Mexico
62,Self-emp-not-inc,7th-8th,4,Widowed,Other-service,Not-in-family,White,Female,0,0,66,United-States
41,Private,Some-college,10,Married-civ-spouse,Craft-repair,Husband,White,Male,0,0,48,United-States
69,Private,HS-grad,9,Widowed,Machine-op-inspct,Unmarried,White,Male,2538,0,40,United-States
22,State-gov,Some-college,10,Married-spouse-absent,Tech-support,Unmarried,White,Male,0,0,20,United-States
32,Private,Assoc-voc,11,Married-civ-spouse,Exec-managerial,Husband,White,Male,0,0,50,United-States
43,Private,Some-college,10,Married-civ-spouse,Transport-moving,Husband,White,Male,0,0,50,United-States
57,Local-gov,Assoc-voc,11,Married-civ-spouse,Protective-serv,Husband,White,Male,0,0,40,United-States
58,Private,10th,6,Separated,Protective-serv,Not-in-family,White,Female,0,0,40,United-States
40,Local-gov,Bachelors,13,Never-married,Prof-specialty,Unmarried,White,Female,0,0,45,United-States
56,Private,HS-grad,9,Married-civ-spouse,Transport-moving,Husband,White,Male,0,0,44,United-States
64,Private,Assoc-acdm,12,Married-civ-spouse,Craft-repair,Husband,White,Male,0,0,40,United-States
49,Private,HS-grad,9,Divorced,Adm-clerical,Unmarried,Black,Female,0,0,37,United-States
65,Private,Assoc-voc,11,Married-civ-spouse,Adm-clerical,Husband,White,Male,0,0,15,United-States
37,Private,Masters,14,Separated,Exec-managerial,Not-in-family,White,Male,0,0,45,United-States
46,Self-emp-not-inc,Some-college,10,Married-civ-spouse,Exec-managerial,Husband,White,Male,0,0,58,United-States
28,Self-emp-not-inc,Assoc-voc,11,Married-civ-spouse,Farming-fishing,Husband,White,Male,0,0,60,United-States
46,Private,Masters,14,Divorced,Exec-managerial,Not-in-family,White,Female,0,0,50,United-States
35,Private,HS-grad,9,Married-civ-spouse,Exec-managerial,Husband,White,Male,0,0,50,United-States
48,Private,Masters,14,Divorced,Exec-managerial,Not-in-family,White,Male,99999,0,50,United-States
75,Self-emp-inc,HS-grad,9,Married-civ-spouse,Exec-managerial,Husband,White,Male,0,0,40,United-States
34,Private,Bachelors,13,Never-married,Prof-specialty,Own-child,White,Female,0,0,40,United-States
37,Private,5th-6th,3,Married-civ-spouse,Farming-fishing,Husband,White,Male,0,0,36,Mexico
49,Private,11th,7,Married-civ-spouse,Craft-repair,Husband,White,Male,0,0,40,Cuba
46,Private,Some-college,10,Married-civ-spouse,Machine-op-inspct,Husband,Black,Male,0,0,40,United-States
64,Federal-gov,Prof-school,15,Married-civ-spouse,Prof-specialty,Husband,White,Male,15024,0,45,?
59,Private,10th,6,Married-civ-spouse,Handlers-cleaners,Husband,White,Male,3942,0,40,United-States
53,Private,HS-grad,9,Married-civ-spouse,Craft-repair,Husband,White,Male,0,0,40,United-States
33,Private,HS-grad,9,Never-married,Craft-repair,Own-child,White,Male,0,0,40,United-States
44,State-gov,HS-grad,9,Divorced,Adm-clerical,Unmarried,White,Female,0,0,38,United-States
58,Private,Bachelors,13,Married-civ-spouse,Exec-managerial,Husband,White,Male,7688,0,40,United-States
21,Private,Some-college,10,Never-married,Sales,Own-child,White,Female,0,0,47,United-States
56,?,HS-grad,9,Married-civ-spouse,?,Husband,White,Male,0,0,25,United-States
54,Private,7th-8th,4,Married-civ-spouse,Machine-op-inspct,Husband,White,Male,0,0,40,United-States
75,Self-emp-not-inc,HS-grad,9,Married-civ-spouse,Sales,Husband,White,Male,0,0,35,United-States
53,Private,HS-grad,9,Divorced,Craft-repair,Not-in-family,Other,Male,0,0,60,Ecuador
40,Private,Some-college,10,Married-civ-spouse,Sales,Husband,White,Male,0,0,40,United-States
55,Private,Masters,14,Never-married,Exec-managerial,Unmarried,Asian-Pac-Islander,Female,0,0,50,Thailand
56,Self-emp-inc,9th,5,Married-civ-spouse,Transport-moving,Husband,White,Male,0,0,99,United-States
78,Private,7th-8th,4,Married-civ-spouse,Handlers-cleaners,Husband,White,Male,1797,0,15,United-States
76,Private,HS-grad,9,Widowed,Adm-clerical,Not-in-family,White,Male,0,0,6,United-States
77,Self-emp-not-inc,9th,5,Widowed,Other-service,Not-in-family,White,Female,0,0,40,England
20,Private,Some-college,10,Never-married,Farming-fishing,Own-child,White,Male,0,0,40,United-States
72,Private,Doctorate,16,Never-married,Prof-specialty,Not-in-family,White,Male,0,0,30,United-States
79,Local-gov,11th,7,Married-civ-spouse,Exec-managerial,Husband,White,Male,0,0,7,United-States
50,Local-gov,Bachelors,13,Never-married,Prof-specialty,Own-child,White,Female,0,0,40,United-States
31,Private,9th,5,Never-married,Farming-fishing,Not-in-family,White,Male,0,0,40,Puerto-Rico
52,Private,12th,8,Married-civ-spouse,Craft-repair,Husband,White,Male,0,0,45,United-States
62,Private,HS-grad,9,Never-married,Sales,Not-in-family,White,Female,0,0,40,United-States
51,Private,Assoc-voc,11,Married-civ-spouse,Other-service,Husband,White,Male,4064,0,55,United-States
42,Private,12th,8,Never-married,Farming-fishing,Own-child,White,Male,0,0,40,United-States
61,Self-emp-inc,Bachelors,13,Separated,Sales,Not-in-family,White,Female,0,0,30,United-States
77,Private,HS-grad,9,Married-civ-spouse,Prof-specialty,Husband,White,Male,0,0,35,United-States
67,Self-emp-not-inc,HS-grad,9,Divorced,Exec-managerial,Not-in-family,White,Female,3273,0,16,United-States
65,Self-emp-not-inc,Masters,14,Married-spouse-absent,Prof-specialty,Not-in-family,White,Female,7978,0,40,United-States
26,Private,Bachelors,13,Never-married,Prof-specialty,Not-in-family,White,Female,0,0,20,United-States
71,State-gov,Prof-school,15,Married-civ-spouse,Other-service,Husband,White,Male,0,0,28,United-States
22,Private,Some-college,10,Never-married,Sales,Not-in-family,White,Female,0,0,40,United-States
21,Private,HS-grad,9,Never-married,Craft-repair,Not-in-family,White,Male,0,0,40,United-States
21,Self-emp-not-inc,HS-grad,9,Never-married,Farming-fishing,Own-child,White,Male,0,0,25,United-States
67,Private,HS-grad,9,Widowed,Adm-clerical,Not-in-family,White,Female,0,0,40,United-States
43,Private,HS-grad,9,Separated,Transport-moving,Unmarried,White,Female,0,0,44,United-States
41,Self-emp-inc,Assoc-acdm,12,Married-civ-spouse,Craft-repair,Husband,White,Male,15024,0,60,United-States
31,Private,Assoc-voc,11,Separated,Tech-support,Unmarried,Black,Female,0,0,32,United-States
21,?,HS-grad,9,Married-civ-spouse,?,Wife,Black,Female,0,0,30,United-States
40,Private,Some-college,10,Divorced,Exec-managerial,Not-in-family,White,Male,0,0,40,United-States
71,?,HS-grad,9,Widowed,?,Unmarried,White,Male,0,0,24,United-States
63,Private,11th,7,Married-civ-spouse,Protective-serv,Husband,White,Male,4386,0,37,United-States
49,Self-emp-inc,Some-college,10,Divorced,Exec-managerial,Not-in-family,White,Male,0,2339,50,United-States
29,Private,HS-grad,9,Divorced,Craft-repair,Not-in-family,White,Male,0,0,40,United-States
51,Private,10th,6,Never-married,Farming-fishing,Own-child,White,Male,0,0,40,United-States
38,State-gov,Masters,14,Divorced,Exec-managerial,Not-in-family,White,Female,0,0,50,United-States
28,Private,Masters,14,Married-spouse-absent,Sales,Not-in-family,White,Female,0,0,80,United-States
54,Self-emp-not-inc,HS-grad,9,Married-civ-spouse,Exec-managerial,Husband,Asian-Pac-Islander,Male,0,0,50,?
78,Private,HS-grad,9,Widowed,Other-service,Not-in-family,White,Female,0,0,12,United-States
22,Private,Bachelors,13,Never-married,Sales,Own-child,White,Male,0,0,15,United-States
18,?,Some-college,10,Never-married,?,Own-child,White,Female,0,0,30,United-States
19,Private,Some-college,10,Never-married,Sales,Own-child,White,Female,0,0,25,United-States
40,Private,Some-college,10,Never-married,Sales,Not-in-family,Black,Female,0,0,40,United-States
32,Private,12th,8,Never-married,Farming-fishing,Own-child,Asian-Pac-Islander,Male,0,0,40,Philippines
54,Private,HS-grad,9,Married-civ-spouse,Transport-moving,Husband,Black,Male,5013,0,40,United-States
41,Private,HS-grad,9,Married-civ-spouse,Machine-op-inspct,Husband,White,Male,2885,0,40,United-States
62,Private,HS-grad,9,Divorced,Machine-op-inspct,Unmarried,White,Male,0,1741,40,United-States
39,Private,Bachelors,13,Married-civ-spouse,Machine-op-inspct,Husband,White,Male,0,0,40,?
44,State-gov,Masters,14,Married-civ-spouse,Prof-specialty,Husband,White,Male,0,0,60,United-States
44,Private,Assoc-voc,11,Married-civ-spouse,Exec-managerial,Husband,White,Male,0,0,50,Germany
28,?,11th,7,Never-married,?,Not-in-family,White,Male,0,0,30,United-States
53,Private,HS-grad,9,Married-civ-spouse,Machine-op-inspct,Husband,Amer-Indian-Eskimo,Male,0,0,40,United-States
32,Private,Prof-school,15,Married-civ-spouse,Prof-specialty,Husband,White,Male,0,0,25,United-States
36,Private,HS-grad,9,Married-civ-spouse,Transport-moving,Husband,Black,Male,0,0,45,United-States
62,Self-emp-not-inc,HS-grad,9,Married-civ-spouse,Transport-moving,Husband,White,Male,0,0,30,United-States
23,Private,Some-college,10,Never-married,Adm-clerical,Unmarried,White,Female,0,0,38,United-States
37,Self-emp-not-inc,HS-grad,9,Married-civ-spouse,Machine-op-inspct,Husband,White,Male,0,0,40,United-States
59,Private,Some-college,10,Married-civ-spouse,Sales,Husband,White,Male,0,0,50,United-States
21,Private,Some-college,10,Never-married,Handlers-cleaners,Own-child,White,Male,0,0,40,United-States
61,Private,11th,7,Married-civ-spouse,Other-service,Husband,White,Male,0,0,40,United-States
40,Private,HS-grad,9,Divorced,Craft-repair,Not-in-family,White,Male,0,0,40,United-States
38,Private,Some-college,10,Never-married,Sales,Own-child,White,Female,0,0,50,United-States
45,Local-gov,Some-college,10,Divorced,Adm-clerical,Not-in-family,White,Female,0,0,38,United-States
64,?,HS-grad,9,Widowed,?,Not-in-family,White,Female,0,0,4,United-States
71,Private,Some-college,10,Married-civ-spouse,Sales,Husband,White,Male,0,0,4,United-States
64,State-gov,Bachelors,13,Never-married,Exec-managerial,Not-in-family,White,Female,0,0,40,United-States
34,Private,11th,7,Married-civ-spouse,Machine-op-inspct,Husband,White,Male,0,0,40,United-States
56,Self-emp-not-inc,5th-6th,3,Married-civ-spouse,Exec-managerial,Husband,White,Male,0,1887,67,United-States
48,Self-emp-not-inc,Masters,14,Married-civ-spouse,Sales,Husband,Asian-Pac-Islander,Male,0,0,50,India
73,Self-emp-not-inc,Some-college,10,Married-civ-spouse,Sales,Husband,White,Male,0,0,25,United-States
48,State-gov,Some-college,10,Married-civ-spouse,Craft-repair,Husband,White,Male,0,0,40,United-States
68,Private,HS-grad,9,Widowed,Machine-op-inspct,Not-in-family,White,Female,0,0,32,United-States
47,Local-gov,Some-college,10,Married-civ-spouse,Protective-serv,Husband,White,Male,0,0,40,United-States
26,Private,HS-grad,9,Never-married,Adm-clerical,Not-in-family,White,Female,0,0,40,United-States
46,Private,Bachelors,13,Married-civ-spouse,Sales,Husband,White,Male,0,0,40,United-States
55,State-gov,Doctorate,16,Married-civ-spouse,Prof-specialty,Husband,Asian-Pac-Islander,Male,0,0,70,?
24,Private,Some-college,10,Never-married,Exec-managerial,Not-in-family,Black,Female,0,0,20,United-States
69,Private,Some-college,10,Married-civ-spouse,Adm-clerical,Husband,White,Male,0,0,15,France
66,Self-emp-not-inc,Bachelors,13,Married-civ-spouse,Prof-specialty,Husband,White,Male,0,0,20,United-States
59,Self-emp-inc,Some-college,10,Married-civ-spouse,Craft-repair,Husband,White,Male,0,0,50,United-States
20,Private,Assoc-voc,11,Never-married,Other-service,Own-child,White,Female,0,0,20,United-States
29,Private,Bachelors,13,Never-married,Prof-specialty,Not-in-family,White,Male,0,0,40,United-States
22,Private,Some-college,10,Never-married,Machine-op-inspct,Not-in-family,White,Male,0,0,40,United-States
25,?,Assoc-acdm,12,Never-married,?,Other-relative,White,Male,0,0,45,United-States
61,Self-emp-not-inc,Some-college,10,Widowed,Machine-op-inspct,Not-in-family,White,Female,0,0,40,United-States
48,Private,HS-grad,9,Married-civ-spouse,Craft-repair,Husband,White,Male,0,0,40,United-States
56,Private,7th-8th,4,Married-civ-spouse,Transport-moving,Husband,White,Male,0,0,40,United-States
18,?,Some-college,10,Never-married,?,Own-child,White,Female,0,0,40,United-States
57,Private,HS-grad,9,Married-civ-spouse,Other-service,Husband,White,Male,0,0,78,United-States
57,?,10th,6,Married-civ-spouse,?,Husband,White,Male,0,0,40,United-States
28,Private,HS-grad,9,Never-married,Handlers-cleaners,Own-child,Black,Female,0,0,40,United-States
56,Private,HS-grad,9,Divorced,Prof-specialty,Not-in-family,White,Female,0,0,40,United-States
51,Private,HS-grad,9,Married-civ-spouse,Transport-moving,Husband,White,Male,0,0,40,United-States
39,Private,HS-grad,9,Married-civ-spouse,Machine-op-inspct,Husband,White,Male,0,2051,40,United-States
77,Private,7th-8th,4,Married-civ-spouse,Craft-repair,Husband,White,Male,0,0,40,United-States
49,Private,Masters,14,Married-spouse-absent,Protective-serv,Not-in-family,Asian-Pac-Islander,Male,0,0,40,India
46,Self-emp-not-inc,Bachelors,13,Never-married,Prof-specialty,Not-in-family,Black,Male,0,0,23,United-States
17,?,10th,6,Never-married,?,Own-child,White,Female,0,0,40,United-States
38,?,HS-grad,9,Married-civ-spouse,?,Husband,White,Male,0,0,40,United-States
51,Private,HS-grad,9,Married-civ-spouse,Craft-repair,Husband,White,Male,0,0,45,United-States
34,Self-emp-not-inc,Prof-school,15,Never-married,Prof-specialty,Not-in-family,White,Female,0,0,60,United-States
36,Private,HS-grad,9,Separated,Sales,Not-in-family,White,Female,0,0,40,United-States
36,Self-emp-not-inc,Bachelors,13,Married-civ-spouse,Exec-managerial,Husband,White,Male,4386,0,50,United-States
90,?,Some-college,10,Never-married,?,Own-child,Asian-Pac-Islander,Male,0,0,10,South
66,Self-emp-inc,Bachelors,13,Married-civ-spouse,Sales,Husband,White,Male,5556,0,26,United-States
46,Self-emp-not-inc,Some-college,10,Married-civ-spouse,Exec-managerial,Wife,White,Female,0,0,50,United-States
69,Self-emp-inc,HS-grad,9,Married-civ-spouse,Sales,Husband,White,Male,0,0,30,United-States
43,State-gov,HS-grad,9,Married-spouse-absent,Exec-managerial,Unmarried,White,Female,0,0,40,United-States
80,Self-emp-inc,Masters,14,Married-civ-spouse,Exec-managerial,Husband,White,Male,99999,0,54,United-States
47,Private,HS-grad,9,Married-civ-spouse,Other-service,Wife,White,Female,0,0,38,United-States
21,Private,Some-college,10,Never-married,Sales,Own-child,White,Female,0,0,40,United-States
64,Private,HS-grad,9,Never-married,Adm-clerical,Not-in-family,White,Female,0,0,25,United-States
27,Private,9th,5,Married-civ-spouse,Craft-repair,Husband,White,Male,0,0,32,United-States
75,Private,10th,6,Married-civ-spouse,Transport-moving,Husband,White,Male,0,0,40,United-States
32,Private,Some-college,10,Divorced,Adm-clerical,Unmarried,White,Female,0,0,40,United-States
23,Private,5th-6th,3,Married-civ-spouse,Other-service,Husband,White,Male,0,0,35,Mexico
90,?,HS-grad,9,Widowed,?,Not-in-family,White,Male,401,0,4,United-States
22,?,Some-college,10,Never-married,?,Own-child,Asian-Pac-Islander,Male,0,0,20,United-States
54,Local-gov,HS-grad,9,Never-married,Adm-clerical,Not-in-family,White,Female,0,0,30,United-States
25,Private,HS-grad,9,Never-married,Craft-repair,Own-child,White,Male,0,0,37,United-States
69,Federal-gov,11th,7,Widowed,Adm-clerical,Not-in-family,White,Female,0,0,20,United-States
62,Federal-gov,Masters,14,Married-civ-spouse,Adm-clerical,Husband,White,Male,0,0,40,Italy
35,Private,Some-college,10,Married-civ-spouse,Exec-managerial,Husband,White,Male,0,0,40,United-States
43,Self-emp-not-inc,Some-college,10,Married-civ-spouse,Craft-repair,Husband,White,Male,0,0,60,United-States
68,Self-emp-not-inc,Some-college,10,Divorced,Transport-moving,Not-in-family,White,Female,0,0,20,United-States
79,?,7th-8th,4,Widowed,?,Not-in-family,White,Male,0,0,40,United-States
62,Private,HS-grad,9,Married-civ-spouse,Adm-clerical,Husband,White,Male,0,0,42,United-States
18,?,Some-college,10,Never-married,?,Own-child,White,Male,0,0,10,United-States
19,Private,10th,6,Never-married,Farming-fishing,Own-child,White,Male,0,0,40,United-States
31,Private,Some-college,10,Never-married,Sales,Own-child,White,Female,0,0,40,United-States
34,Private,Assoc-acdm,12,Married-civ-spouse,Exec-managerial,Husband,White,Male,0,0,60,United-States
71,Federal-gov,10th,6,Married-civ-spouse,Adm-clerical,Husband,White,Male,0,0,40,United-States
24,Private,Some-college,10,Never-married,Other-service,Own-child,White,Female,0,0,25,United-States
78,?,Masters,14,Widowed,?,Not-in-family,White,Female,0,0,15,United-States
55,Federal-gov,Some-college,10,Married-civ-spouse,Adm-clerical,Husband,White,Male,0,0,40,United-States
50,Private,HS-grad,9,Married-civ-spouse,Craft-repair,Husband,White,Male,0,0,40,United-States
50,Self-emp-inc,Masters,14,Married-civ-spouse,Prof-specialty,Husband,White,Male,7298,0,50,United-States
54,?,9th,5,Divorced,?,Not-in-family,White,Female,0,0,15,United-States
78,?,7th-8th,4,Married-civ-spouse,?,Husband,White,Male,0,0,20,United-States
54,Private,7th-8th,4,Married-civ-spouse,Craft-repair,Husband,White,Male,0,0,40,United-States
59,Local-gov,Masters,14,Separated,Prof-specialty,Own-child,Black,Female,0,0,35,United-States
76,?,Bachelors,13,Widowed,?,Other-relative,Asian-Pac-Islander,Male,0,0,32,China
64,Private,Masters,14,Married-civ-spouse,Exec-managerial,Husband,White,Male,0,0,50,United-States
69,?,HS-grad,9,Married-civ-spouse,?,Husband,White,Male,0,0,5,United-States
59,Private,11th,7,Married-civ-spouse,Craft-repair,Husband,White,Male,0,0,40,United-States
58,Private,12th,8,Divorced,Transport-moving,Unmarried,Black,Male,0,0,45,United-States
26,Self-emp-inc,Some-college,10,Never-married,Sales,Other-relative,White,Male,0,0,40,United-States
56,Private,HS-grad,9,Married-civ-spouse,Exec-managerial,Husband,White,Male,0,0,55,United-States
57,Private,HS-grad,9,Married-civ-spouse,Machine-op-inspct,Husband,White,Male,4386,0,40,United-States
42,Private,HS-grad,9,Married-civ-spouse,Craft-repair,Husband,White,Male,0,0,40,United-States
37,Private,HS-grad,9,Divorced,Farming-fishing,Own-child,White,Male,0,0,60,United-States
57,Self-emp-not-inc,HS-grad,9,Married-civ-spouse,Farming-fishing,Husband,White,Male,0,0,45,United-States
23,Private,11th,7,Never-married,Craft-repair,Own-child,White,Male,0,0,60,United-States
73,?,11th,7,Married-civ-spouse,?,Husband,White,Male,0,0,3,United-States
38,Private,HS-grad,9,Divorced,Other-service,Other-relative,White,Male,0,0,40,United-States
53,Private,HS-grad,9,Married-civ-spouse,Exec-managerial,Husband,White,Male,0,0,40,United-States
28,Private,HS-grad,9,Never-married,Craft-repair,Own-child,White,Male,0,0,40,United-States
39,Private,Assoc-voc,11,Married-civ-spouse,Craft-repair,Husband,White,Male,0,0,40,United-States
34,Self-emp-not-inc,HS-grad,9,Married-civ-spouse,Craft-repair,Husband,White,Male,0,0,40,United-States
51,Private,Some-college,10,Married-civ-spouse,Craft-repair,Husband,White,Male,3103,0,48,United-States
23,Private,Bachelors,13,Never-married,Prof-specialty,Own-child,White,Male,0,0,40,United-States
35,Self-emp-not-inc,9th,5,Married-civ-spouse,Craft-repair,Husband,White,Male,2635,0,30,United-States
58,Private,HS-grad,9,Divorced,Other-service,Unmarried,Black,Female,0,0,20,United-States
31,Self-emp-inc,Bachelors,13,Married-civ-spouse,Exec-managerial,Husband,White,Male,0,0,55,United-States
56,Self-emp-inc,Some-college,10,Married-civ-spouse,Exec-managerial,Husband,White,Male,7688,0,50,United-States
66,Private,HS-grad,9,Married-civ-spouse,Transport-moving,Husband,White,Male,0,0,24,United-States
20,Private,Some-college,10,Never-married,Sales,Own-child,White,Female,0,0,20,United-States
23,Local-gov,Bachelors,13,Never-married,Adm-clerical,Own-child,White,Female,0,0,40,Germany
69,?,Assoc-acdm,12,Divorced,?,Unmarried,White,Female,0,0,1,United-States
26,Private,Bachelors,13,Never-married,Exec-managerial,Not-in-family,White,Female,0,0,40,United-States
63,State-gov,HS-grad,9,Divorced,Adm-clerical,Not-in-family,White,Female,0,0,38,United-States
90,Private,11th,7,Never-married,Handlers-cleaners,Own-child,White,Male,0,0,40,United-States
26,Self-emp-inc,HS-grad,9,Separated,Sales,Unmarried,White,Female,0,0,20,Honduras
52,Private,HS-grad,9,Widowed,Sales,Not-in-family,White,Female,0,0,40,United-States
27,Private,11th,7,Married-civ-spouse,Craft-repair,Husband,White,Male,0,0,40,United-States
34,Private,HS-grad,9,Married-civ-spouse,Craft-repair,Husband,White,Male,0,0,72,United-States
59,Private,Bachelors,13,Divorced,Adm-clerical,Unmarried,White,Female,0,0,40,United-States
39,Self-emp-inc,Some-college,10,Married-civ-spouse,Exec-managerial,Husband,White,Male,0,0,84,United-States
18,Private,Some-college,10,Never-married,Sales,Own-child,White,Male,0,0,15,United-States
35,Private,HS-grad,9,Married-civ-spouse,Craft-repair,Husband,White,Male,7298,0,40,United-States
54,Private,Some-college,10,Married-civ-spouse,Adm-clerical,Husband,White,Male,0,0,40,United-States
18,?,11th,7,Never-married,?,Own-child,White,Male,0,0,30,United-States
49,Private,9th,5,Married-civ-spouse,Craft-repair,Husband,White,Male,0,0,40,United-States
58,Self-emp-not-inc,Some-college,10,Divorced,Sales,Not-in-family,White,Female,0,0,40,United-States
63,Private,HS-grad,9,Divorced,Exec-managerial,Not-in-family,White,Female,0,0,40,United-States
67,State-gov,Doctorate,16,Married-civ-spouse,Prof-specialty,Husband,Black,Male,0,0,12,?
58,?,Bachelors,13,Divorced,?,Not-in-family,White,Male,0,0,25,United-States
28,Self-emp-inc,Masters,14,Married-civ-spouse,Sales,Husband,White,Male,5178,0,40,United-States
19,Private,Some-college,10,Never-married,Prof-specialty,Own-child,White,Male,0,0,11,United-States
21,Private,HS-grad,9,Never-married,Handlers-cleaners,Own-child,White,Male,0,0,40,United-States
43,Private,Assoc-acdm,12,Married-civ-spouse,Sales,Husband,White,Male,0,0,40,United-States
64,Private,HS-grad,9,Widowed,Sales,Not-in-family,White,Female,8614,0,50,France
22,Private,Bachelors,13,Never-married,Prof-specialty,Not-in-family,White,Male,0,0,40,United-States
78,Self-emp-not-inc,7th-8th,4,Married-civ-spouse,Transport-moving,Husband,White,Male,0,0,20,United-States
68,Private,7th-8th,4,Widowed,Machine-op-inspct,Not-in-family,White,Female,0,0,10,United-States
56,Private,Some-college,10,Married-civ-spouse,Exec-managerial,Husband,White,Male,0,0,40,United-States
45,Private,HS-grad,9,Divorced,Craft-repair,Unmarried,White,Female,0,0,40,United-States
49,Private,7th-8th,4,Divorced,Other-service,Unmarried,White,Female,0,0,35,United-States
30,Self-emp-not-inc,Assoc-voc,11,Married-civ-spouse,Farming-fishing,Husband,White,Male,0,0,60,United-States
55,Private,Bachelors,13,Married-civ-spouse,Exec-managerial,Husband,White,Male,15024,0,50,United-States
24,Private,HS-grad,9,Never-married,Handlers-cleaners,Not-in-family,White,Male,0,0,40,United-States
67,Private,HS-grad,9,Never-married,Adm-clerical,Not-in-family,White,Female,0,0,38,United-States
40,Local-gov,HS-grad,9,Married-civ-spouse,Exec-managerial,Husband,White,Male,0,0,40,United-States
41,Private,Some-college,10,Married-civ-spouse,Craft-repair,Husband,Amer-Indian-Eskimo,Male,7298,0,50,United-States
51,Local-gov,Bachelors,13,Married-civ-spouse,Prof-specialty,Wife,White,Female,0,0,40,United-States
22,Private,9th,5,Never-married,Transport-moving,Own-child,White,Male,0,0,40,United-States
18,Private,11th,7,Never-married,Handlers-cleaners,Own-child,White,Male,0,0,12,United-States
25,Private,10th,6,Separated,Other-service,Own-child,White,Female,0,0,25,United-States
30,Self-emp-not-inc,Assoc-acdm,12,Married-civ-spouse,Sales,Husband,White,Male,0,0,60,Iran
55,Self-emp-inc,HS-grad,9,Married-civ-spouse,Sales,Husband,White,Male,0,1573,44,United-States
46,Private,HS-grad,9,Married-civ-spouse,Craft-repair,Husband,White,Male,0,0,40,United-States
27,Private,Some-college,10,Married-civ-spouse,Craft-repair,Husband,White,Male,0,0,60,United-States
30,Private,Prof-school,15,Never-married,Prof-specialty,Not-in-family,White,Male,0,1590,80,United-States
40,Self-emp-inc,Masters,14,Married-civ-spouse,Craft-repair,Husband,White,Male,0,0,50,United-States
26,Private,Assoc-voc,11,Married-civ-spouse,Craft-repair,Husband,White,Male,0,2002,40,United-States
53,Self-emp-not-inc,HS-grad,9,Married-civ-spouse,Exec-managerial,Husband,White,Male,0,0,35,United-States
52,Private,1st-4th,2,Married-civ-spouse,Machine-op-inspct,Husband,White,Male,0,0,40,Mexico
58,State-gov,Some-college,10,Widowed,Prof-specialty,Not-in-family,White,Female,0,0,20,United-States
37,Private,Masters,14,Married-civ-spouse,Exec-managerial,Husband,White,Male,0,2415,60,United-States
76,?,Bachelors,13,Married-civ-spouse,?,Husband,White,Male,0,0,10,United-States
21,Private,HS-grad,9,Never-married,Adm-clerical,Not-in-family,White,Female,0,0,25,United-States
27,Self-emp-not-inc,Assoc-voc,11,Married-civ-spouse,Farming-fishing,Husband,White,Male,0,0,70,United-States
67,Private,HS-grad,9,Widowed,Other-service,Not-in-family,White,Female,0,0,24,United-States
41,Self-emp-not-inc,Assoc-voc,11,Divorced,Other-service,Unmarried,White,Female,0,0,10,United-States
25,Private,HS-grad,9,Married-civ-spouse,Craft-repair,Husband,White,Male,0,0,45,United-States
31,Private,Some-college,10,Divorced,Adm-clerical,Not-in-family,White,Female,0,0,40,United-States
18,Private,Some-college,10,Never-married,Other-service,Own-child,White,Male,0,0,16,United-States
31,Private,HS-grad,9,Married-civ-spouse,Craft-repair,Husband,White,Male,0,0,40,United-States
25,Private,Bachelors,13,Divorced,Prof-specialty,Not-in-family,White,Female,0,0,44,United-States
60,Private,7th-8th,4,Married-civ-spouse,Machine-op-inspct,Husband,White,Male,3137,0,40,Poland
25,Private,1st-4th,2,Never-married,Other-service,Not-in-family,Asian-Pac-Islander,Female,0,0,40,Philippines
55,Private,10th,6,Married-civ-spouse,Other-service,Husband,Black,Male,2580,0,40,United-States
40,Self-emp-not-inc,Bachelors,13,Married-civ-spouse,Craft-repair,Husband,White,Male,0,0,40,Dominican-Republic
23,Private,Bachelors,13,Never-married,Prof-specialty,Own-child,White,Male,0,1590,50,United-States
41,Private,HS-grad,9,Married-civ-spouse,Exec-managerial,Husband,White,Male,0,0,40,United-States
43,Private,HS-grad,9,Married-AF-spouse,Craft-repair,Wife,Black,Female,0,0,42,United-States
24,Private,HS-grad,9,Never-married,Other-service,Not-in-family,White,Male,0,0,40,United-States
81,Private,HS-grad,9,Married-civ-spouse,Exec-managerial,Husband,White,Male,0,2377,26,United-States
29,Private,HS-grad,9,Never-married,Adm-clerical,Unmarried,White,Female,0,0,40,United-States
46,Private,HS-grad,9,Married-civ-spouse,Handlers-cleaners,Husband,White,Male,0,0,40,United-States
28,Private,Some-college,10,Never-married,Exec-managerial,Not-in-family,White,Female,0,0,35,United-States
73,Private,Bachelors,13,Divorced,Farming-fishing,Other-relative,White,Female,0,0,12,United-States
21,State-gov,Some-college,10,Never-married,Prof-specialty,Own-child,White,Male,0,0,16,United-States
34,Private,HS-grad,9,Married-civ-spouse,Machine-op-inspct,Husband,White,Male,0,0,40,United-States
46,Private,HS-grad,9,Married-civ-spouse,Other-service,Wife,White,Female,0,0,40,United-States
52,Private,HS-grad,9,Divorced,Adm-clerical,Unmarried,White,Female,0,1741,38,United-States
50,Private,Some-college,10,Married-civ-spouse,Tech-support,Husband,White,Male,0,0,45,United-States
35,Self-emp-not-inc,Bachelors,13,Married-civ-spouse,Prof-specialty,Husband,White,Male,0,0,40,United-States
56,Federal-gov,Bachelors,13,Married-civ-spouse,Prof-specialty,Husband,White,Male,0,0,40,United-States
33,Private,HS-grad,9,Never-married,Transport-moving,Not-in-family,White,Male,0,0,40,United-States
31,Private,Bachelors,13,Married-civ-spouse,Protective-serv,Husband,White,Male,0,0,40,United-States
67,?,HS-grad,9,Widowed,?,Not-in-family,White,Female,2329,0,15,United-States
37,Private,HS-grad,9,Never-married,Craft-repair,Unmarried,White,Male,0,0,40,United-States
57,Local-gov,HS-grad,9,Widowed,Other-service,Unmarried,White,Female,0,0,30,United-States
70,Private,HS-grad,9,Divorced,Other-service,Not-in-family,White,Female,0,0,23,United-States
77,?,Some-college,10,Married-civ-spouse,?,Husband,White,Male,0,0,6,United-States
39,Self-emp-not-inc,Some-college,10,Married-civ-spouse,Machine-op-inspct,Wife,White,Female,0,0,40,United-States
32,Private,Bachelors,13,Married-civ-spouse,Exec-managerial,Other-relative,Asian-Pac-Islander,Female,0,0,40,China
45,Private,Some-college,10,Married-civ-spouse,Craft-repair,Husband,White,Male,0,1887,40,United-States
39,Private,Some-college,10,Divorced,Exec-managerial,Unmarried,White,Female,0,625,40,United-States
27,Private,Bachelors,13,Never-married,Sales,Not-in-family,White,Female,0,0,40,United-States
49,Self-emp-not-inc,Doctorate,16,Divorced,Prof-specialty,Unmarried,White,Male,0,0,63,Canada
59,Self-emp-inc,Some-college,10,Married-civ-spouse,Exec-managerial,Husband,White,Male,15024,0,60,United-States
56,Private,HS-grad,9,Never-married,Prof-specialty,Not-in-family,White,Female,0,0,45,United-States
35,Local-gov,Some-college,10,Married-civ-spouse,Protective-serv,Husband,White,Male,0,0,40,United-States
41,Private,Some-college,10,Never-married,Adm-clerical,Not-in-family,White,Female,0,0,40,Mexico
29,Private,HS-grad,9,Divorced,Machine-op-inspct,Not-in-family,White,Male,0,0,50,United-States
69,?,HS-grad,9,Married-civ-spouse,?,Husband,White,Male,0,0,13,United-States
41,Private,Some-college,10,Married-civ-spouse,Other-service,Husband,White,Male,0,0,35,United-States
40,Self-emp-inc,Some-college,10,Married-civ-spouse,Exec-managerial,Husband,White,Male,7298,0,65,United-States
55,Private,Some-college,10,Married-civ-spouse,Craft-repair,Husband,White,Male,0,0,40,United-States
21,Private,Some-college,10,Never-married,Other-service,Own-child,Black,Male,0,0,40,?
74,?,Bachelors,13,Widowed,?,Not-in-family,Other,Female,0,0,35,United-States
31,Private,Some-college,10,Married-civ-spouse,Craft-repair,Husband,White,Male,0,0,45,United-States
27,Federal-gov,Assoc-acdm,12,Married-civ-spouse,Adm-clerical,Husband,White,Male,4064,0,40,El-Salvador
44,Private,Prof-school,15,Married-civ-spouse,Exec-managerial,Husband,White,Male,0,0,55,United-States
45,Private,Assoc-voc,11,Married-civ-spouse,Craft-repair,Husband,White,Male,0,0,40,Canada
20,Self-emp-not-inc,HS-grad,9,Never-married,Transport-moving,Own-child,White,Male,0,0,45,United-States
46,?,5th-6th,3,Married-civ-spouse,?,Wife,White,Female,0,0,40,Mexico
32,Private,Assoc-acdm,12,Never-married,Adm-clerical,Not-in-family,White,Male,2174,0,40,United-States
22,Private,11th,7,Never-married,Craft-repair,Unmarried,White,Male,0,0,40,United-States
70,Private,10th,6,Widowed,Adm-clerical,Other-relative,White,Male,0,0,20,United-States
40,Private,Bachelors,13,Divorced,Exec-managerial,Not-in-family,White,Male,0,0,40,United-States
47,State-gov,Bachelors,13,Married-civ-spouse,Prof-specialty,Wife,White,Female,0,0,40,United-States
38,Private,HS-grad,9,Divorced,Adm-clerical,Unmarried,White,Female,0,0,20,United-States
33,Federal-gov,Masters,14,Married-civ-spouse,Transport-moving,Husband,Black,Male,0,0,40,Nicaragua
38,Federal-gov,Some-college,10,Separated,Handlers-cleaners,Not-in-family,White,Male,0,0,40,United-States
65,Private,Bachelors,13,Married-civ-spouse,Exec-managerial,Husband,White,Male,99999,0,40,United-States
58,Private,HS-grad,9,Separated,Machine-op-inspct,Unmarried,White,Male,0,0,40,Portugal
54,Federal-gov,Bachelors,13,Married-civ-spouse,Exec-managerial,Husband,White,Male,0,0,40,United-States
40,Private,Bachelors,13,Married-civ-spouse,Tech-support,Wife,White,Female,0,0,20,United-States
57,Private,Bachelors,13,Married-civ-spouse,Exec-managerial,Husband,White,Male,15024,0,50,United-States
50,Self-emp-not-inc,Bachelors,13,Married-civ-spouse,Sales,Husband,White,Male,0,0,8,United-States
51,Self-emp-not-inc,HS-grad,9,Never-married,Sales,Not-in-family,White,Male,0,0,40,United-States
48,Private,HS-grad,9,Married-civ-spouse,Machine-op-inspct,Husband,White,Male,4386,0,40,United-States
66,Self-emp-not-inc,Prof-school,15,Married-civ-spouse,Prof-specialty,Husband,White,Male,0,0,50,United-States
20,State-gov,HS-grad,9,Never-married,Tech-support,Own-child,White,Female,0,0,24,United-States
57,Private,10th,6,Married-civ-spouse,Other-service,Husband,White,Male,0,0,40,United-States
40,Private,Preschool,1,Married-civ-spouse,Other-service,Husband,White,Male,0,1672,40,Mexico
76,Private,Bachelors,13,Widowed,Prof-specialty,Not-in-family,White,Female,0,0,20,United-States
24,Private,Assoc-voc,11,Never-married,Adm-clerical,Not-in-family,White,Male,0,0,30,United-States
61,Self-emp-not-inc,Assoc-acdm,12,Married-spouse-absent,Exec-managerial,Not-in-family,White,Female,0,0,90,United-States
41,Private,Some-college,10,Widowed,Adm-clerical,Unmarried,Black,Female,0,0,48,United-States
45,Private,HS-grad,9,Married-civ-spouse,Exec-managerial,Wife,White,Female,0,0,50,United-States
33,Private,7th-8th,4,Divorced,Handlers-cleaners,Not-in-family,White,Male,2176,0,35,United-States
70,Private,Some-college,10,Divorced,Farming-fishing,Not-in-family,Asian-Pac-Islander,Male,0,0,40,Vietnam
58,Private,HS-grad,9,Divorced,Other-service,Not-in-family,White,Male,0,0,35,United-States
70,?,Bachelors,13,Married-civ-spouse,?,Husband,Asian-Pac-Islander,Male,0,0,40,China
60,Private,HS-grad,9,Separated,Adm-clerical,Unmarried,Black,Female,0,0,20,United-States
36,Private,HS-grad,9,Married-civ-spouse,Transport-moving,Husband,White,Male,7298,0,60,United-States
53,Federal-gov,HS-grad,9,Married-civ-spouse,Adm-clerical,Husband,Black,Male,0,0,40,United-States
21,Private,HS-grad,9,Never-married,Sales,Not-in-family,White,Female,0,0,40,United-States
21,?,10th,6,Never-married,?,Not-in-family,White,Female,0,0,30,United-States
66,Private,7th-8th,4,Widowed,Other-service,Not-in-family,Black,Female,0,0,10,United-States
32,Private,HS-grad,9,Never-married,Priv-house-serv,Unmarried,White,Female,0,0,40,Mexico
35,?,HS-grad,9,Never-married,?,Unmarried,Black,Female,0,0,40,United-States
61,Private,10th,6,Married-civ-spouse,Transport-moving,Husband,White,Male,0,0,40,United-States
58,?,Some-college,10,Married-civ-spouse,?,Husband,White,Male,0,0,40,United-States
45,Private,Bachelors,13,Married-civ-spouse,Exec-managerial,Husband,White,Male,0,0,55,United-States
51,Private,Masters,14,Never-married,Prof-specialty,Not-in-family,White,Male,0,0,55,United-States
40,Private,9th,5,Married-civ-spouse,Handlers-cleaners,Husband,White,Male,0,0,40,United-States
43,Private,HS-grad,9,Married-civ-spouse,Tech-support,Husband,Asian-Pac-Islander,Male,0,0,40,Vietnam
51,Private,HS-grad,9,Married-civ-spouse,Transport-moving,Husband,White,Male,0,0,50,United-States
26,Private,HS-grad,9,Married-civ-spouse,Transport-moving,Husband,White,Male,0,0,50,United-States
18,Local-gov,11th,7,Never-married,Adm-clerical,Own-child,White,Male,0,0,12,United-States
54,Private,HS-grad,9,Married-civ-spouse,Tech-support,Husband,Asian-Pac-Islander,Male,0,0,38,Philippines
60,State-gov,Bachelors,13,Married-civ-spouse,Prof-specialty,Husband,White,Male,0,0,40,United-States
50,Private,Assoc-acdm,12,Married-civ-spouse,Tech-support,Husband,Black,Male,0,0,40,United-States
35,Self-emp-not-inc,Bachelors,13,Never-married,Prof-specialty,Own-child,White,Female,0,0,40,United-States
79,Private,7th-8th,4,Widowed,Priv-house-serv,Not-in-family,White,Female,2964,0,30,United-States
40,Private,12th,8,Married-civ-spouse,Prof-specialty,Husband,White,Male,0,0,40,Cuba
29,Local-gov,Bachelors,13,Married-civ-spouse,Prof-specialty,Husband,White,Male,0,1848,60,Germany
53,Local-gov,Masters,14,Never-married,Exec-managerial,Not-in-family,White,Female,14344,0,50,United-States
23,Private,HS-grad,9,Married-civ-spouse,Handlers-cleaners,Husband,Black,Male,0,0,40,?
51,Self-emp-not-inc,Some-college,10,Married-civ-spouse,Sales,Husband,White,Male,0,0,40,United-States
51,Self-emp-inc,HS-grad,9,Never-married,Exec-managerial,Not-in-family,White,Male,10520,0,40,United-States
74,Private,1st-4th,2,Married-civ-spouse,Transport-moving,Husband,Black,Male,0,0,20,United-States
25,Private,HS-grad,9,Never-married,Adm-clerical,Own-child,White,Female,0,0,40,United-States
61,Private,5th-6th,3,Divorced,Transport-moving,Not-in-family,White,Male,0,1876,56,United-States
65,Private,Bachelors,13,Married-civ-spouse,Other-service,Husband,White,Male,0,0,20,United-States
81,Self-emp-not-inc,Bachelors,13,Widowed,Prof-specialty,Not-in-family,White,Female,0,1668,3,Hungary
51,Private,Bachelors,13,Married-civ-spouse,Craft-repair,Husband,White,Male,15024,0,40,?
37,Private,HS-grad,9,Never-married,Handlers-cleaners,Unmarried,Black,Female,0,0,30,United-States
52,Private,HS-grad,9,Widowed,Adm-clerical,Not-in-family,White,Female,0,0,40,United-States
49,Local-gov,Some-college,10,Married-civ-spouse,Protective-serv,Husband,White,Male,0,0,40,United-States
39,Private,Bachelors,13,Divorced,Exec-managerial,Not-in-family,White,Female,13550,0,50,United-States
39,Self-emp-not-inc,Masters,14,Never-married,Prof-specialty,Not-in-family,White,Female,0,0,50,Columbia
44,Private,10th,6,Married-civ-spouse,Machine-op-inspct,Husband,White,Male,0,0,40,Greece
56,Private,HS-grad,9,Widowed,Adm-clerical,Unmarried,White,Female,0,0,40,United-States
75,?,Some-college,10,Married-civ-spouse,?,Husband,White,Male,0,0,8,United-States
20,Private,Some-college,10,Never-married,Transport-moving,Own-child,White,Female,0,0,17,United-States
41,Private,Some-college,10,Divorced,Adm-clerical,Unmarried,Black,Female,0,0,37,United-States
69,?,Prof-school,15,Married-civ-spouse,?,Wife,White,Female,0,0,25,?
56,Local-gov,HS-grad,9,Divorced,Adm-clerical,Not-in-family,White,Female,0,0,46,United-States
32,State-gov,Masters,14,Never-married,Prof-specialty,Not-in-family,White,Male,0,0,10,United-States
69,Private,Some-college,10,Married-civ-spouse,Exec-managerial,Husband,White,Male,20051,0,50,United-States
64,Private,HS-grad,9,Divorced,Adm-clerical,Not-in-family,White,Female,0,0,22,United-States
72,Self-emp-inc,Prof-school,15,Married-civ-spouse,Prof-specialty,Husband,White,Male,20051,0,48,United-States
36,Private,Bachelors,13,Married-civ-spouse,Adm-clerical,Wife,Asian-Pac-Islander,Female,0,0,40,Philippines
48,Private,Assoc-voc,11,Married-civ-spouse,Tech-support,Husband,White,Male,0,0,40,United-States
51,Self-emp-inc,Some-college,10,Divorced,Sales,Own-child,White,Female,0,0,70,United-States
22,Private,HS-grad,9,Never-married,Sales,Unmarried,White,Female,0,0,40,Peru
29,Private,Assoc-voc,11,Never-married,Exec-managerial,Not-in-family,White,Female,0,0,40,United-States
54,Federal-gov,HS-grad,9,Married-civ-spouse,Prof-specialty,Husband,White,Male,0,0,40,United-States
40,Private,HS-grad,9,Divorced,Prof-specialty,Unmarried,White,Female,0,0,40,United-States
71,?,HS-grad,9,Widowed,?,Not-in-family,White,Female,0,0,40,United-States
32,Private,Assoc-voc,11,Married-civ-spouse,Craft-repair,Husband,White,Male,0,0,40,United-States
33,?,HS-grad,9,Never-married,?,Unmarried,Black,Female,0,0,20,United-States
36,Private,Some-college,10,Never-married,Prof-specialty,Not-in-family,White,Female,0,0,40,United-States
46,State-gov,HS-grad,9,Separated,Adm-clerical,Unmarried,White,Female,0,0,37,United-States
78,?,7th-8th,4,Married-civ-spouse,?,Husband,White,Male,0,0,60,United-States
72,Private,Some-college,10,Widowed,Adm-clerical,Unmarried,Black,Female,0,0,20,United-States
77,Self-emp-inc,Doctorate,16,Married-civ-spouse,Farming-fishing,Husband,White,Male,20051,0,40,United-States
65,?,11th,7,Divorced,?,Not-in-family,Asian-Pac-Islander,Female,0,0,15,United-States
28,Private,10th,6,Never-married,Transport-moving,Unmarried,White,Male,0,0,30,United-States
19,Private,HS-grad,9,Never-married,Craft-repair,Other-relative,White,Male,0,0,25,Mexico
56,Private,9th,5,Widowed,Machine-op-inspct,Unmarried,White,Female,0,0,40,United-States
34,Private,9th,5,Married-civ-spouse,Transport-moving,Husband,White,Male,0,0,45,United-States
20,Private,HS-grad,9,Never-married,Farming-fishing,Other-relative,White,Male,0,0,40,United-States
49,Private,HS-grad,9,Married-civ-spouse,Craft-repair,Husband,White,Male,0,0,46,United-States
67,Private,HS-grad,9,Married-civ-spouse,Sales,Husband,White,Male,0,0,30,United-States
31,Private,HS-grad,9,Never-married,Adm-clerical,Unmarried,White,Female,0,0,35,Puerto-Rico
56,Self-emp-not-inc,Bachelors,13,Married-civ-spouse,Prof-specialty,Husband,White,Male,7688,0,40,United-States
45,Self-emp-inc,Prof-school,15,Married-civ-spouse,Prof-specialty,Husband,White,Male,0,0,50,United-States
59,?,1st-4th,2,Married-civ-spouse,?,Husband,White,Male,0,0,45,Portugal
26,Private,HS-grad,9,Married-civ-spouse,Machine-op-inspct,Husband,White,Male,0,0,40,Mexico
52,Local-gov,Bachelors,13,Married-civ-spouse,Prof-specialty,Husband,White,Male,7688,0,40,United-States
31,Private,5th-6th,3,Never-married,Transport-moving,Not-in-family,White,Male,0,0,30,El-Salvador
26,Self-emp-inc,Bachelors,13,Never-married,Exec-managerial,Not-in-family,White,Male,0,0,50,United-States
36,Federal-gov,Some-college,10,Married-civ-spouse,Handlers-cleaners,Husband,White,Male,0,0,50,United-States
46,State-gov,Assoc-voc,11,Divorced,Tech-support,Not-in-family,White,Female,3325,0,42,United-States
56,Private,HS-grad,9,Married-civ-spouse,Sales,Husband,White,Male,0,0,45,United-States
23,Private,Some-college,10,Never-married,Machine-op-inspct,Own-child,Black,Female,0,0,40,United-States
67,Self-emp-not-inc,Assoc-acdm,12,Married-civ-spouse,Exec-managerial,Husband,White,Male,0,0,50,United-States
63,Private,Masters,14,Married-civ-spouse,Prof-specialty,Husband,White,Male,5013,0,45,United-States
38,Private,Some-college,10,Married-civ-spouse,Exec-managerial,Husband,White,Male,0,0,55,United-States
55,Local-gov,HS-grad,9,Married-civ-spouse,Transport-moving,Husband,White,Male,0,0,44,United-States
71,Federal-gov,Some-college,10,Married-civ-spouse,Exec-managerial,Husband,White,Male,20051,0,40,United-States
80,Private,HS-grad,9,Widowed,Other-service,Not-in-family,Black,Male,0,0,15,United-States
20,Private,HS-grad,9,Never-married,Adm-clerical,Own-child,Black,Male,0,0,20,United-States
43,?,HS-grad,9,Married-civ-spouse,?,Husband,White,Male,0,0,40,United-States
80,Self-emp-inc,HS-grad,9,Married-civ-spouse,Exec-managerial,Husband,White,Male,0,0,40,United-States
17,Private,9th,5,Never-married,Other-service,Not-in-family,White,Male,0,0,6,United-States
23,Private,Some-college,10,Never-married,Prof-specialty,Not-in-family,White,Male,0,0,20,United-States
66,Private,Some-college,10,Married-civ-spouse,Sales,Husband,White,Male,0,0,40,?
60,Private,Some-college,10,Widowed,Exec-managerial,Not-in-family,White,Female,0,0,70,United-States
33,Private,Bachelors,13,Married-civ-spouse,Exec-managerial,Husband,White,Male,0,0,45,United-States
22,Private,Some-college,10,Never-married,Adm-clerical,Own-child,White,Male,0,0,40,United-States
21,Private,HS-grad,9,Never-married,Machine-op-inspct,Own-child,White,Male,0,0,40,United-States
81,?,1st-4th,2,Widowed,?,Not-in-family,White,Male,0,0,30,United-States
74,Private,HS-grad,9,Married-civ-spouse,Exec-managerial,Husband,White,Male,0,0,40,United-States
38,Federal-gov,Masters,14,Married-civ-spouse,Exec-managerial,Husband,White,Male,0,0,40,United-States
28,Private,Bachelors,13,Never-married,Other-service,Not-in-family,White,Female,0,0,50,United-States
31,Private,Some-college,10,Married-AF-spouse,Sales,Wife,White,Female,0,0,20,United-States
65,?,Some-college,10,Married-civ-spouse,?,Husband,White,Male,0,0,20,United-States
66,Self-emp-not-inc,5th-6th,3,Married-civ-spouse,Transport-moving,Husband,White,Male,0,0,50,Cuba
57,Private,Some-college,10,Divorced,Other-service,Not-in-family,White,Female,0,0,38,United-States
43,Self-emp-not-inc,11th,7,Married-civ-spouse,Handlers-cleaners,Husband,White,Male,0,0,60,United-States
54,State-gov,HS-grad,9,Never-married,Other-service,Not-in-family,Black,Female,0,0,38,United-States
50,Private,HS-grad,9,Married-civ-spouse,Craft-repair,Husband,White,Male,7688,0,40,United-States
31,State-gov,Some-college,10,Never-married,Craft-repair,Not-in-family,White,Male,0,0,40,United-States
50,Private,Some-college,10,Married-civ-spouse,Sales,Husband,White,Male,0,0,60,United-States
80,Self-emp-not-inc,HS-grad,9,Never-married,Exec-managerial,Not-in-family,White,Male,0,0,20,United-States
30,Private,Assoc-acdm,12,Never-married,Prof-specialty,Not-in-family,White,Female,0,0,53,United-States
18,?,Some-college,10,Never-married,?,Own-child,Other,Female,0,0,20,?
33,Private,12th,8,Separated,Other-service,Unmarried,White,Female,0,0,50,Dominican-Republic
36,Self-emp-not-inc,Bachelors,13,Married-civ-spouse,Sales,Husband,White,Male,0,0,50,United-States
35,Local-gov,HS-grad,9,Separated,Adm-clerical,Unmarried,White,Female,0,0,38,United-States
32,Private,Bachelors,13,Married-civ-spouse,Farming-fishing,Husband,White,Male,0,0,60,United-States
58,Private,Prof-school,15,Divorced,Tech-support,Unmarried,White,Male,0,0,40,United-States
58,Private,HS-grad,9,Married-civ-spouse,Handlers-cleaners,Husband,White,Male,0,0,40,United-States
64,Private,Some-college,10,Widowed,Tech-support,Unmarried,White,Female,0,0,40,United-States
54,Local-gov,10th,6,Married-civ-spouse,Protective-serv,Husband,White,Male,0,0,45,United-States
25,Private,HS-grad,9,Divorced,Other-service,Not-in-family,White,Male,2597,0,40,United-States
25,Private,Some-college,10,Never-married,Sales,Not-in-family,White,Male,0,0,35,United-States
22,Private,Some-college,10,Never-married,Adm-clerical,Own-child,White,Female,0,0,40,United-States
32,Private,Assoc-voc,11,Married-civ-spouse,Prof-specialty,Wife,White,Female,0,0,40,United-States
66,Self-emp-not-inc,Bachelors,13,Married-civ-spouse,Sales,Husband,White,Male,0,0,20,United-States
71,Private,12th,8,Never-married,Other-service,Not-in-family,White,Female,0,0,40,United-States
79,?,HS-grad,9,Married-civ-spouse,?,Husband,White,Male,0,0,40,United-States
25,Private,10th,6,Never-married,Machine-op-inspct,Not-in-family,White,Female,0,0,40,Columbia
60,Private,HS-grad,9,Married-civ-spouse,Protective-serv,Husband,White,Male,0,2042,34,United-States
49,Federal-gov,Some-college,10,Divorced,Exec-managerial,Not-in-family,White,Female,0,0,50,United-States
43,Private,Some-college,10,Married-civ-spouse,Transport-moving,Husband,White,Male,0,0,60,United-States
33,State-gov,Some-college,10,Separated,Prof-specialty,Not-in-family,White,Male,10520,0,40,United-States
24,Private,Some-college,10,Married-civ-spouse,Adm-clerical,Husband,White,Male,0,0,40,United-States
59,Private,HS-grad,9,Divorced,Other-service,Not-in-family,Black,Female,0,0,40,United-States
44,Private,5th-6th,3,Married-civ-spouse,Machine-op-inspct,Husband,Black,Male,0,0,40,United-States
28,Private,Bachelors,13,Married-civ-spouse,Other-service,Husband,White,Male,0,0,50,United-States
56,Private,Bachelors,13,Married-civ-spouse,Prof-specialty,Husband,White,Male,0,0,40,United-States
37,Self-emp-not-inc,11th,7,Married-civ-spouse,Transport-moving,Husband,White,Male,0,0,45,United-States
37,Private,HS-grad,9,Never-married,Other-service,Own-child,Amer-Indian-Eskimo,Male,0,0,18,United-States
26,Private,HS-grad,9,Never-married,Craft-repair,Not-in-family,White,Male,0,0,70,United-States
35,Self-emp-not-inc,Some-college,10,Separated,Farming-fishing,Not-in-family,White,Male,4101,0,60,United-States
68,?,HS-grad,9,Widowed,?,Not-in-family,White,Female,0,0,40,United-States
22,Private,11th,7,Never-married,Transport-moving,Not-in-family,White,Male,0,0,65,United-States
30,Local-gov,Assoc-voc,11,Divorced,Protective-serv,Unmarried,Amer-Indian-Eskimo,Female,0,0,40,United-States
24,Private,HS-grad,9,Never-married,Handlers-cleaners,Not-in-family,White,Female,0,0,36,United-States
63,Private,Some-college,10,Married-civ-spouse,Craft-repair,Husband,White,Male,10566,0,45,United-States
60,Private,HS-grad,9,Married-civ-spouse,Adm-clerical,Husband,White,Male,0,0,40,United-States
90,Private,Some-college,10,Separated,Adm-clerical,Own-child,White,Female,0,0,40,Puerto-Rico
42,Private,Assoc-voc,11,Married-civ-spouse,Craft-repair,Husband,Amer-Indian-Eskimo,Male,0,0,40,United-States
61,Private,HS-grad,9,Married-civ-spouse,Adm-clerical,Husband,White,Male,0,0,40,United-States
37,Private,Some-college,10,Married-civ-spouse,Exec-managerial,Husband,Black,Male,0,0,80,United-States
18,Private,Some-college,10,Never-married,Adm-clerical,Own-child,White,Female,0,0,38,United-States
76,?,Some-college,10,Married-civ-spouse,?,Husband,White,Male,0,0,8,United-States
61,Private,HS-grad,9,Married-civ-spouse,Craft-repair,Husband,White,Male,0,0,40,United-States
45,Federal-gov,Bachelors,13,Married-civ-spouse,Protective-serv,Husband,White,Male,7688,0,50,United-States
74,?,7th-8th,4,Married-civ-spouse,?,Husband,White,Male,0,0,2,United-States
65,Private,Assoc-voc,11,Married-civ-spouse,Other-service,Husband,White,Male,0,0,35,United-States
37,Private,Bachelors,13,Never-married,Exec-managerial,Not-in-family,Black,Male,0,0,60,United-States
48,Private,Some-college,10,Divorced,Other-service,Unmarried,White,Female,0,0,32,United-States
31,Private,Some-college,10,Divorced,Adm-clerical,Unmarried,Black,Female,0,0,40,United-States
45,Private,HS-grad,9,Married-civ-spouse,Machine-op-inspct,Husband,Black,Male,0,0,40,United-States
47,Private,HS-grad,9,Divorced,Tech-support,Unmarried,Black,Female,0,0,55,United-States
71,Private,Masters,14,Never-married,Other-service,Not-in-family,White,Female,0,0,20,United-States
32,Private,11th,7,Married-civ-spouse,Transport-moving,Husband,White,Male,7298,0,60,United-States
62,Private,Bachelors,13,Married-civ-spouse,Prof-specialty,Husband,White,Male,0,0,45,United-States
31,Private,Bachelors,13,Married-civ-spouse,Sales,Husband,White,Male,7688,0,55,United-States
50,Private,HS-grad,9,Married-civ-spouse,Machine-op-inspct,Husband,White,Male,0,0,58,United-States
47,Private,Assoc-voc,11,Married-civ-spouse,Adm-clerical,Husband,Black,Male,0,0,40,United-States
56,Private,Bachelors,13,Married-civ-spouse,Adm-clerical,Husband,White,Male,0,0,30,Canada
44,Private,HS-grad,9,Never-married,Exec-managerial,Not-in-family,White,Female,0,0,52,United-States
31,Private,Bachelors,13,Divorced,Other-service,Not-in-family,Asian-Pac-Islander,Male,99999,0,70,United-States
31,Private,10th,6,Married-civ-spouse,Transport-moving,Husband,White,Male,0,0,40,United-States
45,State-gov,Bachelors,13,Never-married,Exec-managerial,Not-in-family,White,Male,0,0,40,?
75,Private,Assoc-voc,11,Widowed,Adm-clerical,Not-in-family,White,Female,0,0,20,Columbia
39,Private,Some-college,10,Married-civ-spouse,Sales,Husband,White,Male,2829,0,65,United-States
29,Private,Some-college,10,Never-married,Craft-repair,Not-in-family,White,Male,2202,0,45,United-States
79,?,Masters,14,Never-married,?,Not-in-family,White,Female,0,0,23,United-States
34,Private,HS-grad,9,Married-civ-spouse,Sales,Wife,White,Female,0,0,40,United-States
62,Self-emp-not-inc,Bachelors,13,Married-civ-spouse,Prof-specialty,Husband,White,Male,0,0,35,United-States
18,Private,HS-grad,9,Never-married,Adm-clerical,Other-relative,White,Female,0,0,30,United-States
62,?,HS-grad,9,Married-civ-spouse,?,Husband,White,Male,0,0,48,United-States
22,Private,Some-college,10,Married-civ-spouse,Tech-support,Wife,Other,Female,0,0,15,United-States
21,?,Some-college,10,Never-married,?,Not-in-family,White,Female,0,0,30,United-States
73,Private,HS-grad,9,Married-civ-spouse,Farming-fishing,Husband,Asian-Pac-Islander,Male,0,0,40,Philippines
57,Federal-gov,Some-college,10,Married-civ-spouse,Adm-clerical,Husband,White,Male,0,0,40,United-States
34,Private,HS-grad,9,Married-civ-spouse,Transport-moving,Husband,White,Male,0,0,40,United-States
20,Private,12th,8,Never-married,Craft-repair,Own-child,White,Male,0,0,40,United-States
42,Private,HS-grad,9,Married-civ-spouse,Exec-managerial,Husband,White,Male,0,0,48,United-States
42,State-gov,Some-college,10,Divorced,Adm-clerical,Own-child,White,Female,0,0,38,United-States
71,Self-emp-not-inc,1st-4th,2,Divorced,Craft-repair,Not-in-family,White,Female,0,0,28,United-States
24,Private,HS-grad,9,Divorced,Sales,Not-in-family,White,Female,0,0,38,United-States
31,Private,Masters,14,Never-married,Exec-managerial,Not-in-family,White,Male,0,0,55,United-States
59,Private,HS-grad,9,Widowed,Machine-op-inspct,Not-in-family,White,Female,0,0,40,United-States
67,Private,Some-college,10,Divorced,Exec-managerial,Not-in-family,White,Female,0,0,40,United-States
19,Private,Some-college,10,Never-married,Exec-managerial,Own-child,Asian-Pac-Islander,Male,2597,0,40,?
47,State-gov,Bachelors,13,Married-civ-spouse,Prof-specialty,Husband,White,Male,0,0,60,United-States
42,Federal-gov,10th,6,Married-civ-spouse,Adm-clerical,Husband,White,Male,0,0,40,Mexico
71,Private,Assoc-voc,11,Never-married,Adm-clerical,Not-in-family,White,Female,0,0,40,United-States
24,Private,11th,7,Never-married,Exec-managerial,Not-in-family,White,Male,0,0,45,United-States
51,Self-emp-not-inc,HS-grad,9,Married-civ-spouse,Craft-repair,Husband,White,Male,0,0,40,United-States
74,Private,Assoc-voc,11,Widowed,Priv-house-serv,Not-in-family,White,Female,0,0,40,United-States
34,Private,HS-grad,9,Married-civ-spouse,Transport-moving,Husband,White,Male,0,2051,55,United-States
57,Private,5th-6th,3,Separated,Machine-op-inspct,Not-in-family,White,Female,0,0,40,United-States
68,?,11th,7,Married-civ-spouse,?,Husband,White,Male,0,0,30,United-States
28,Private,HS-grad,9,Never-married,Transport-moving,Own-child,White,Male,2597,0,40,United-States
48,Private,Some-college,10,Divorced,Exec-managerial,Not-in-family,White,Female,0,0,65,United-States
61,Private,7th-8th,4,Widowed,Other-service,Not-in-family,Black,Female,0,0,21,United-States
23,?,Some-college,10,Never-married,?,Own-child,White,Male,0,0,5,United-States
36,Private,HS-grad,9,Divorced,Machine-op-inspct,Unmarried,White,Female,0,0,38,United-States
39,Federal-gov,Bachelors,13,Never-married,Tech-support,Own-child,Black,Male,0,0,40,United-States
73,Self-emp-not-inc,HS-grad,9,Married-civ-spouse,Farming-fishing,Husband,White,Male,0,0,40,United-States
55,?,Bachelors,13,Married-civ-spouse,?,Husband,White,Male,0,0,40,United-States
52,Self-emp-not-inc,HS-grad,9,Widowed,Other-service,Other-relative,Black,Female,0,0,40,United-States
46,Private,10th,6,Widowed,Other-service,Not-in-family,White,Female,0,0,40,Portugal
73,Self-emp-not-inc,HS-grad,9,Married-civ-spouse,Exec-managerial,Husband,White,Male,0,0,40,United-States
81,Self-emp-inc,10th,6,Married-civ-spouse,Exec-managerial,Wife,White,Female,2936,0,28,United-States
37,Private,HS-grad,9,Married-civ-spouse,Transport-moving,Husband,White,Male,0,0,40,United-States
38,Private,Some-college,10,Divorced,Craft-repair,Not-in-family,White,Male,0,0,40,Iran
59,Private,HS-grad,9,Married-spouse-absent,Adm-clerical,Unmarried,White,Female,0,0,20,Puerto-Rico
24,Private,Some-college,10,Married-civ-spouse,Transport-moving,Husband,White,Male,0,0,40,United-States
18,Private,12th,8,Never-married,Other-service,Own-child,White,Male,0,0,20,United-States
63,Local-gov,Bachelors,13,Married-civ-spouse,Transport-moving,Husband,White,Male,0,0,40,Cuba
67,Private,Prof-school,15,Married-civ-spouse,Prof-specialty,Husband,White,Male,20051,0,48,United-States
41,Private,Some-college,10,Never-married,Transport-moving,Not-in-family,Black,Male,0,0,43,United-States
45,Federal-gov,Bachelors,13,Married-civ-spouse,Prof-specialty,Husband,White,Male,0,0,40,United-States
42,Private,Preschool,1,Never-married,Handlers-cleaners,Not-in-family,White,Male,0,0,25,United-States
32,Private,Some-college,10,Divorced,Sales,Not-in-family,White,Female,0,0,38,United-States
59,Private,Masters,14,Married-civ-spouse,Sales,Husband,White,Male,7298,0,55,United-States
29,Private,Bachelors,13,Never-married,Adm-clerical,Not-in-family,White,Female,0,0,50,United-States
29,Private,Some-college,10,Divorced,Protective-serv,Not-in-family,White,Male,0,0,40,United-States
27,Private,Some-college,10,Never-married,Craft-repair,Not-in-family,Black,Male,0,0,40,United-States
35,Private,Masters,14,Never-married,Prof-specialty,Not-in-family,White,Male,13550,0,55,?
43,Private,Some-college,10,Divorced,Craft-repair,Unmarried,White,Male,0,0,35,United-States
19,?,Some-college,10,Never-married,?,Own-child,Black,Male,0,0,30,United-States
76,Private,Bachelors,13,Married-civ-spouse,Adm-clerical,Husband,White,Male,5556,0,13,United-States
78,Private,HS-grad,9,Widowed,Other-service,Not-in-family,Black,Female,2964,0,40,United-States
30,Private,HS-grad,9,Never-married,Adm-clerical,Unmarried,White,Male,0,0,40,United-States
30,State-gov,HS-grad,9,Divorced,Exec-managerial,Unmarried,White,Female,0,0,40,United-States
30,Private,Bachelors,13,Never-married,Sales,Not-in-family,White,Male,0,0,40,United-States
44,Local-gov,Some-college,10,Widowed,Adm-clerical,Unmarried,White,Female,0,0,15,United-States
79,Private,Some-college,10,Married-civ-spouse,Prof-specialty,Other-relative,White,Male,0,0,20,United-States
28,Private,Bachelors,13,Never-married,Machine-op-inspct,Unmarried,Black,Female,0,0,40,United-States
48,Private,Doctorate,16,Married-civ-spouse,Prof-specialty,Husband,White,Male,0,0,45,United-States
67,Private,HS-grad,9,Widowed,Sales,Not-in-family,White,Female,0,0,40,United-States
51,Private,Assoc-voc,11,Divorced,Other-service,Not-in-family,White,Male,0,0,40,United-States
28,Private,Some-college,10,Divorced,Craft-repair,Not-in-family,White,Male,0,0,35,United-States
51,Private,9th,5,Married-civ-spouse,Sales,Husband,White,Male,0,0,40,United-States
23,Private,HS-grad,9,Never-married,Adm-clerical,Own-child,White,Female,0,0,40,United-States
48,Self-emp-not-inc,Masters,14,Married-civ-spouse,Exec-managerial,Husband,White,Male,0,0,40,Mexico
41,Private,Bachelors,13,Married-civ-spouse,Exec-managerial,Husband,White,Male,0,0,40,United-States
24,?,Bachelors,13,Never-married,?,Own-child,White,Male,0,0,40,United-States
17,Private,11th,7,Never-married,Handlers-cleaners,Own-child,White,Male,0,0,30,United-States
30,Private,Some-college,10,Never-married,Tech-support,Other-relative,White,Male,0,0,40,United-States
37,Self-emp-inc,HS-grad,9,Married-civ-spouse,Craft-repair,Husband,White,Male,0,0,40,United-States
61,State-gov,Masters,14,Married-civ-spouse,Prof-specialty,Husband,White,Male,0,0,30,United-States
42,Private,Some-college,10,Married-civ-spouse,Craft-repair,Husband,Black,Male,0,0,40,United-States
43,Private,HS-grad,9,Married-civ-spouse,Transport-moving,Husband,Asian-Pac-Islander,Male,0,0,99,United-States
18,Private,Some-college,10,Never-married,Other-service,Own-child,White,Female,0,0,15,United-States
32,Federal-gov,Bachelors,13,Married-civ-spouse,Prof-specialty,Husband,Asian-Pac-Islander,Male,0,2002,40,Iran
77,Private,HS-grad,9,Widowed,Craft-repair,Unmarried,White,Female,0,0,5,United-States
28,Self-emp-not-inc,Some-college,10,Married-civ-spouse,Adm-clerical,Wife,White,Female,0,0,30,United-States
65,?,12th,8,Married-civ-spouse,?,Husband,White,Male,0,0,10,United-States
43,Self-emp-inc,Prof-school,15,Married-civ-spouse,Exec-managerial,Husband,White,Male,99999,0,40,United-States
60,Private,Some-college,10,Married-civ-spouse,Craft-repair,Husband,White,Male,15024,0,48,United-States
46,Private,Bachelors,13,Married-civ-spouse,Machine-op-inspct,Husband,White,Male,0,0,40,Germany
36,Private,Assoc-acdm,12,Married-civ-spouse,Machine-op-inspct,Husband,Black,Male,0,0,50,United-States
44,Local-gov,Bachelors,13,Married-civ-spouse,Protective-serv,Husband,White,Male,0,0,56,United-States
72,Private,Bachelors,13,Married-civ-spouse,Protective-serv,Husband,White,Male,0,0,17,United-States
54,Self-emp-not-inc,7th-8th,4,Divorced,Transport-moving,Not-in-family,White,Male,0,0,45,Cuba
50,?,5th-6th,3,Married-civ-spouse,?,Husband,White,Male,0,0,40,United-States
38,Self-emp-not-inc,HS-grad,9,Married-civ-spouse,Transport-moving,Husband,White,Male,0,0,40,United-States
63,Self-emp-inc,HS-grad,9,Married-civ-spouse,Exec-managerial,Husband,White,Male,0,0,40,United-States
22,?,Some-college,10,Never-married,?,Own-child,Asian-Pac-Islander,Female,0,0,15,South
28,Private,Assoc-voc,11,Never-married,Other-service,Not-in-family,White,Female,2463,0,35,United-States
56,Private,HS-grad,9,Married-civ-spouse,Craft-repair,Husband,White,Male,3103,0,40,United-States
66,Self-emp-not-inc,10th,6,Married-civ-spouse,Exec-managerial,Husband,White,Male,0,0,30,United-States
41,Private,Bachelors,13,Married-civ-spouse,Prof-specialty,Husband,White,Male,0,0,56,United-States
22,Private,11th,7,Married-civ-spouse,Machine-op-inspct,Other-relative,White,Male,0,0,42,United-States
26,Private,HS-grad,9,Married-civ-spouse,Machine-op-inspct,Husband,White,Male,0,0,40,United-States
34,Private,Masters,14,Married-civ-spouse,Prof-specialty,Husband,White,Male,0,0,45,United-States
30,Private,HS-grad,9,Never-married,Transport-moving,Own-child,Black,Male,0,0,40,United-States
49,Private,Prof-school,15,Married-civ-spouse,Prof-specialty,Husband,White,Male,0,0,48,United-States
33,Private,Bachelors,13,Married-civ-spouse,Farming-fishing,Husband,White,Male,0,0,40,England
32,Private,HS-grad,9,Never-married,Other-service,Own-child,White,Female,0,0,35,United-States
19,Private,12th,8,Never-married,Transport-moving,Own-child,White,Male,0,0,15,United-States
38,Private,HS-grad,9,Never-married,Craft-repair,Not-in-family,White,Male,0,0,36,United-States
70,Private,Bachelors,13,Married-civ-spouse,Sales,Husband,White,Male,0,0,70,United-States
27,?,HS-grad,9,Separated,?,Unmarried,Black,Female,0,0,40,United-States
25,Private,Bachelors,13,Married-civ-spouse,Transport-moving,Husband,White,Male,0,0,40,United-States
33,Private,Doctorate,16,Married-civ-spouse,Prof-specialty,Husband,White,Male,0,1977,90,United-States
46,State-gov,Some-college,10,Married-civ-spouse,Exec-managerial,Husband,White,Male,7688,0,38,United-States
73,Private,HS-grad,9,Married-civ-spouse,Protective-serv,Husband,White,Male,0,0,30,United-States
19,Private,Some-college,10,Never-married,Adm-clerical,Own-child,White,Female,0,0,20,United-States
29,Private,Bachelors,13,Married-civ-spouse,Other-service,Husband,White,Male,0,0,40,United-States
66,Private,7th-8th,4,Married-civ-spouse,Transport-moving,Husband,Black,Male,0,0,40,United-States
27,Private,HS-grad,9,Married-civ-spouse,Craft-repair,Husband,White,Male,0,0,40,United-States
29,Local-gov,HS-grad,9,Married-civ-spouse,Transport-moving,Husband,Black,Male,0,0,40,United-States
35,Self-emp-not-inc,HS-grad,9,Married-civ-spouse,Craft-repair,Wife,Black,Female,0,0,40,United-States
42,Self-emp-not-inc,HS-grad,9,Married-civ-spouse,Transport-moving,Husband,White,Male,0,0,96,United-States
20,Private,Some-college,10,Never-married,Other-service,Own-child,White,Female,594,0,16,United-States
29,Self-emp-not-inc,Some-college,10,Married-civ-spouse,Craft-repair,Husband,Amer-Indian-Eskimo,Male,0,1485,60,United-States
47,Self-emp-not-inc,11th,7,Married-civ-spouse,Farming-fishing,Husband,White,Male,0,0,60,United-States
53,Self-emp-not-inc,HS-grad,9,Married-civ-spouse,Farming-fishing,Husband,White,Male,0,0,99,United-States
81,Private,Bachelors,13,Married-civ-spouse,Adm-clerical,Husband,White,Male,0,0,4,United-States
67,?,Doctorate,16,Married-civ-spouse,?,Husband,White,Male,0,0,20,Canada
53,Private,Some-college,10,Married-civ-spouse,Sales,Husband,White,Male,0,0,45,United-States
45,Private,Some-college,10,Married-civ-spouse,Craft-repair,Other-relative,Asian-Pac-Islander,Male,0,0,40,Philippines
70,Private,Some-college,10,Married-civ-spouse,Exec-managerial,Husband,White,Male,6514,0,40,United-States
90,Private,HS-grad,9,Widowed,Adm-clerical,Unmarried,White,Female,0,0,25,United-States
73,Self-emp-not-inc,7th-8th,4,Married-civ-spouse,Farming-fishing,Husband,White,Male,0,0,12,United-States
22,Private,HS-grad,9,Never-married,Adm-clerical,Not-in-family,White,Female,0,0,40,United-States
61,Private,HS-grad,9,Divorced,Transport-moving,Not-in-family,White,Male,0,0,40,United-States
38,Private,Bachelors,13,Never-married,Machine-op-inspct,Not-in-family,White,Female,0,0,8,United-States
44,Self-emp-not-inc,12th,8,Married-civ-spouse,Handlers-cleaners,Husband,Black,Male,0,0,40,United-States
59,Local-gov,HS-grad,9,Married-civ-spouse,Transport-moving,Husband,White,Male,0,0,45,United-States
35,Private,Some-college,10,Married-civ-spouse,Prof-specialty,Husband,Amer-Indian-Eskimo,Male,0,0,40,United-States
54,Private,Bachelors,13,Divorced,Prof-specialty,Not-in-family,White,Female,0,0,36,United-States
53,Self-emp-not-inc,HS-grad,9,Married-civ-spouse,Sales,Husband,White,Male,0,0,35,United-States
58,Private,HS-grad,9,Married-civ-spouse,Other-service,Husband,White,Male,0,0,24,United-States
23,Private,12th,8,Never-married,Other-service,Not-in-family,White,Female,0,0,38,United-States
25,Private,Assoc-acdm,12,Never-married,Tech-support,Not-in-family,White,Male,0,0,13,?
34,Private,Some-college,10,Married-civ-spouse,Craft-repair,Husband,White,Male,0,0,40,United-States
48,Local-gov,Masters,14,Married-civ-spouse,Prof-specialty,Husband,White,Male,0,0,40,United-States
36,Private,Bachelors,13,Never-married,Prof-specialty,Not-in-family,White,Male,0,0,40,United-States
30,Self-emp-not-inc,Assoc-voc,11,Married-civ-spouse,Prof-specialty,Husband,White,Male,15024,0,65,United-States
65,Self-emp-not-inc,7th-8th,4,Never-married,Farming-fishing,Not-in-family,White,Male,2964,0,40,United-States
48,Self-emp-inc,Masters,14,Married-civ-spouse,Other-service,Husband,White,Male,0,0,40,United-States
59,Private,Some-college,10,Married-civ-spouse,Tech-support,Husband,White,Male,0,0,40,United-States
26,Private,HS-grad,9,Married-civ-spouse,Prof-specialty,Husband,White,Male,0,0,30,United-States
54,Private,Some-college,10,Married-civ-spouse,Sales,Husband,White,Male,3137,0,50,United-States
27,Private,11th,7,Separated,Sales,Not-in-family,White,Male,0,0,40,United-States
22,Private,Some-college,10,Never-married,Sales,Own-child,White,Male,0,0,34,United-States
44,Private,Masters,14,Married-civ-spouse,Exec-managerial,Husband,White,Male,0,0,48,United-States
50,Private,Some-college,10,Married-civ-spouse,Exec-managerial,Husband,White,Male,0,0,60,United-States
68,Without-pay,Some-college,10,Married-spouse-absent,Farming-fishing,Unmarried,White,Female,0,0,25,United-States
24,Private,HS-grad,9,Married-civ-spouse,Craft-repair,Husband,White,Male,0,0,44,United-States
20,Private,HS-grad,9,Never-married,Transport-moving,Own-child,White,Female,0,0,35,United-States
67,Local-gov,Doctorate,16,Never-married,Prof-specialty,Not-in-family,White,Female,7896,0,50,United-States
25,Private,Some-college,10,Never-married,Other-service,Own-child,Black,Male,0,0,42,United-States
26,Private,10th,6,Divorced,Other-service,Unmarried,White,Female,0,0,40,Germany
25,Private,Some-college,10,Married-civ-spouse,Machine-op-inspct,Husband,White,Male,0,0,40,United-States
22,Private,HS-grad,9,Married-civ-spouse,Exec-managerial,Husband,White,Male,0,0,48,United-States
67,Private,11th,7,Married-civ-spouse,Other-service,Husband,Black,Male,0,0,9,United-States
62,State-gov,HS-grad,9,Married-civ-spouse,Other-service,Husband,White,Male,0,0,40,United-States
67,Private,HS-grad,9,Never-married,Exec-managerial,Not-in-family,White,Female,0,0,35,United-States
20,?,Some-college,10,Never-married,?,Own-child,White,Male,0,0,32,United-States
26,Self-emp-not-inc,Masters,14,Never-married,Prof-specialty,Not-in-family,White,Female,0,0,50,United-States
24,Private,Some-college,10,Married-civ-spouse,Adm-clerical,Husband,White,Male,7298,0,40,United-States
60,State-gov,HS-grad,9,Widowed,Adm-clerical,Not-in-family,White,Female,0,0,35,United-States
68,?,9th,5,Married-civ-spouse,?,Husband,White,Male,0,0,2,United-States
59,Private,9th,5,Married-civ-spouse,Machine-op-inspct,Husband,White,Male,0,0,40,United-States
28,Private,Some-college,10,Divorced,Sales,Not-in-family,White,Male,0,0,30,United-States
19,Private,HS-grad,9,Never-married,Transport-moving,Own-child,White,Male,0,0,46,United-States
38,Private,Bachelors,13,Divorced,Prof-specialty,Unmarried,White,Female,0,0,56,United-States
61,Local-gov,Masters,14,Married-civ-spouse,Exec-managerial,Husband,White,Male,7298,0,60,United-States
41,Private,Assoc-voc,11,Married-civ-spouse,Sales,Husband,White,Male,0,0,63,United-States
25,Private,Bachelors,13,Married-civ-spouse,Prof-specialty,Husband,White,Male,0,0,45,United-States
41,Private,Bachelors,13,Married-civ-spouse,Farming-fishing,Husband,White,Male,0,0,45,United-States
33,Private,HS-grad,9,Divorced,Other-service,Unmarried,White,Female,0,0,40,United-States
53,Private,Bachelors,13,Married-civ-spouse,Exec-managerial,Husband,White,Male,0,0,50,United-States
22,Private,11th,7,Married-civ-spouse,Adm-clerical,Wife,White,Female,0,0,20,United-States
43,Private,Bachelors,13,Married-civ-spouse,Handlers-cleaners,Husband,Black,Male,0,0,40,Haiti
61,Self-emp-inc,Some-college,10,Married-civ-spouse,Sales,Husband,White,Male,0,1902,35,United-States
57,Self-emp-not-inc,Assoc-voc,11,Married-civ-spouse,Exec-managerial,Husband,White,Male,0,0,20,United-States
76,?,HS-grad,9,Married-civ-spouse,?,Husband,White,Male,0,0,20,United-States
18,?,Some-college,10,Never-married,?,Own-child,White,Male,0,0,40,United-States
52,Federal-gov,Bachelors,13,Married-civ-spouse,Tech-support,Husband,Black,Male,7688,0,40,United-States
32,Private,HS-grad,9,Married-civ-spouse,Craft-repair,Husband,White,Male,0,0,40,United-States
61,Private,HS-grad,9,Married-civ-spouse,Transport-moving,Husband,White,Male,0,0,60,United-States
81,Self-emp-not-inc,10th,6,Married-civ-spouse,Farming-fishing,Husband,White,Male,0,0,45,United-States
49,?,HS-grad,9,Widowed,?,Not-in-family,Black,Female,0,0,40,United-States
54,Private,9th,5,Married-civ-spouse,Machine-op-inspct,Husband,White,Male,0,1902,35,United-States
19,Private,Some-college,10,Never-married,Other-service,Own-child,White,Female,0,0,12,United-States
55,Private,HS-grad,9,Divorced,Priv-house-serv,Not-in-family,White,Female,0,0,40,France
90,Local-gov,HS-grad,9,Never-married,Craft-repair,Own-child,White,Male,11678,0,40,United-States
31,Private,Bachelors,13,Never-married,Exec-managerial,Not-in-family,Black,Female,0,0,40,United-States
58,Private,HS-grad,9,Widowed,Craft-repair,Unmarried,White,Male,0,0,40,United-States
52,Private,Some-college,10,Married-civ-spouse,Craft-repair,Husband,White,Male,0,0,40,United-States
50,Self-emp-not-inc,Bachelors,13,Married-civ-spouse,Exec-managerial,Husband,White,Male,0,0,13,United-States
64,Self-emp-not-inc,HS-grad,9,Married-civ-spouse,Craft-repair,Husband,White,Male,0,0,50,United-States
42,Self-emp-not-inc,7th-8th,4,Married-civ-spouse,Other-service,Wife,Black,Female,0,0,50,United-States
22,Private,HS-grad,9,Divorced,Tech-support,Unmarried,White,Female,0,0,30,Germany
27,Private,Masters,14,Never-married,Prof-specialty,Not-in-family,White,Female,0,0,45,United-States
47,Self-emp-not-inc,Some-college,10,Married-civ-spouse,Other-service,Husband,Black,Male,0,0,40,United-States
71,Private,5th-6th,3,Married-civ-spouse,Transport-moving,Husband,White,Male,0,0,40,United-States
67,?,10th,6,Married-civ-spouse,?,Husband,White,Male,0,0,2,United-States
62,Local-gov,HS-grad,9,Divorced,Craft-repair,Not-in-family,White,Male,0,0,40,United-States
46,Local-gov,Masters,14,Married-civ-spouse,Adm-clerical,Husband,White,Male,0,0,40,?
50,Private,Bachelors,13,Divorced,Exec-managerial,Not-in-family,White,Male,0,0,55,United-States
48,State-gov,HS-grad,9,Married-civ-spouse,Adm-clerical,Wife,White,Female,0,0,40,United-States
46,Private,5th-6th,3,Married-civ-spouse,Handlers-cleaners,Husband,White,Male,0,0,40,United-States
68,?,HS-grad,9,Married-civ-spouse,?,Husband,White,Male,0,0,45,United-States
36,?,Some-college,10,Divorced,?,Own-child,White,Female,0,0,32,United-States
39,Private,1st-4th,2,Married-civ-spouse,Handlers-cleaners,Husband,White,Male,0,0,70,Mexico
31,Private,Bachelors,13,Married-civ-spouse,Prof-specialty,Husband,White,Male,0,0,40,United-States
27,Private,HS-grad,9,Married-civ-spouse,Transport-moving,Husband,White,Male,3908,0,35,United-States
67,?,5th-6th,3,Married-civ-spouse,?,Husband,White,Male,0,0,49,United-States
59,Private,HS-grad,9,Married-civ-spouse,Craft-repair,Husband,White,Male,0,0,40,United-States
72,Private,Masters,14,Married-civ-spouse,Other-service,Husband,White,Male,0,0,12,United-States
49,State-gov,Some-college,10,Divorced,Exec-managerial,Unmarried,White,Male,0,0,40,United-States
52,Private,Masters,14,Married-civ-spouse,Exec-managerial,Husband,White,Male,0,0,36,United-States
37,Private,Masters,14,Separated,Exec-managerial,Not-in-family,White,Male,27828,0,60,Iran
53,Private,HS-grad,9,Married-civ-spouse,Machine-op-inspct,Husband,White,Male,0,0,48,United-States
49,Self-emp-not-inc,HS-grad,9,Married-civ-spouse,Farming-fishing,Husband,White,Male,0,0,60,United-States
26,Private,Some-college,10,Never-married,Farming-fishing,Other-relative,White,Female,0,0,65,United-States
31,Private,11th,7,Never-married,Machine-op-inspct,Not-in-family,White,Female,0,0,36,United-States
30,Private,HS-grad,9,Married-civ-spouse,Craft-repair,Husband,White,Male,0,0,46,United-States
38,Private,Some-college,10,Divorced,Adm-clerical,Not-in-family,Black,Male,0,0,40,United-States
19,Private,Some-college,10,Never-married,Sales,Other-relative,White,Male,0,0,40,United-States
27,Self-emp-not-inc,Bachelors,13,Never-married,Sales,Other-relative,Asian-Pac-Islander,Male,0,0,50,?
23,Private,12th,8,Never-married,Machine-op-inspct,Own-child,White,Male,0,0,21,Mexico
18,Private,11th,7,Never-married,Sales,Own-child,White,Female,0,0,15,United-States
25,Private,Bachelors,13,Never-married,Adm-clerical,Own-child,Black,Female,0,0,40,United-States
23,Private,HS-grad,9,Separated,Adm-clerical,Not-in-family,White,Female,0,0,40,United-States
32,Private,Bachelors,13,Married-civ-spouse,Exec-managerial,Husband,White,Male,0,0,40,United-States
57,State-gov,Bachelors,13,Married-civ-spouse,Adm-clerical,Husband,Asian-Pac-Islander,Male,0,1485,40,China
76,Private,Bachelors,13,Married-civ-spouse,Exec-managerial,Husband,White,Male,0,0,40,United-States
75,Local-gov,HS-grad,9,Married-civ-spouse,Other-service,Husband,White,Male,0,2467,40,Canada
66,Private,HS-grad,9,Married-civ-spouse,Craft-repair,Husband,White,Male,0,0,40,United-States
20,Private,Some-college,10,Never-married,Adm-clerical,Not-in-family,White,Female,0,0,40,United-States
56,Private,HS-grad,9,Widowed,Craft-repair,Unmarried,White,Male,0,0,40,United-States
34,Local-gov,Bachelors,13,Married-civ-spouse,Prof-specialty,Wife,White,Female,0,0,50,United-States
63,Private,Some-college,10,Married-civ-spouse,Exec-managerial,Husband,White,Male,15024,0,40,United-States
57,Local-gov,Bachelors,13,Married-civ-spouse,Exec-managerial,Husband,White,Male,0,0,45,United-States
60,Private,HS-grad,9,Married-civ-spouse,Other-service,Husband,White,Male,0,0,40,United-States
48,Private,Assoc-voc,11,Married-civ-spouse,Craft-repair,Husband,White,Male,0,0,40,United-States
43,Private,Bachelors,13,Married-civ-spouse,Exec-managerial,Husband,White,Male,0,1902,40,United-States
63,Private,Some-college,10,Never-married,Exec-managerial,Not-in-family,White,Female,0,0,40,United-States
19,Private,HS-grad,9,Never-married,Sales,Own-child,White,Female,0,0,35,United-States
21,Private,Preschool,1,Never-married,Farming-fishing,Not-in-family,White,Male,0,0,50,Mexico
71,Private,10th,6,Married-civ-spouse,Machine-op-inspct,Husband,White,Male,0,0,40,United-States
78,?,HS-grad,9,Married-civ-spouse,?,Husband,White,Male,2228,0,32,United-States
42,Local-gov,Assoc-voc,11,Divorced,Prof-specialty,Not-in-family,White,Female,0,0,36,United-States
30,State-gov,Assoc-voc,11,Never-married,Prof-specialty,Not-in-family,White,Female,0,0,40,United-States
34,Local-gov,HS-grad,9,Never-married,Protective-serv,Not-in-family,Amer-Indian-Eskimo,Male,0,0,40,United-States
51,Local-gov,Bachelors,13,Married-civ-spouse,Adm-clerical,Husband,White,Male,0,0,40,United-States
39,Self-emp-not-inc,HS-grad,9,Separated,Craft-repair,Not-in-family,White,Male,0,1669,50,United-States
65,Private,9th,5,Widowed,Priv-house-serv,Unmarried,Black,Female,0,0,24,United-States
21,Private,Some-college,10,Never-married,Transport-moving,Own-child,White,Male,0,0,40,United-States
73,?,10th,6,Never-married,?,Not-in-family,White,Male,0,0,12,United-States
41,Private,HS-grad,9,Never-married,Machine-op-inspct,Not-in-family,White,Male,2174,0,41,United-States
55,Local-gov,HS-grad,9,Married-civ-spouse,Prof-specialty,Other-relative,White,Female,0,2246,40,United-States
69,Private,Some-college,10,Married-civ-spouse,Prof-specialty,Husband,White,Male,0,0,40,United-States
41,State-gov,HS-grad,9,Never-married,Other-service,Not-in-family,White,Female,0,0,40,United-States
30,State-gov,HS-grad,9,Married-civ-spouse,Adm-clerical,Husband,White,Male,0,1902,40,United-States
63,Self-emp-not-inc,Bachelors,13,Married-civ-spouse,Sales,Husband,White,Male,0,0,50,United-States
65,Local-gov,9th,5,Married-civ-spouse,Exec-managerial,Husband,White,Male,0,0,40,United-States
42,Self-emp-not-inc,Some-college,10,Married-civ-spouse,Craft-repair,Husband,White,Male,0,0,40,El-Salvador
53,Self-emp-inc,HS-grad,9,Married-civ-spouse,Sales,Husband,White,Male,0,0,72,United-States
23,Private,Some-college,10,Never-married,Exec-managerial,Not-in-family,White,Female,0,0,35,United-States
44,Local-gov,Masters,14,Never-married,Prof-specialty,Own-child,White,Female,0,0,55,United-States
43,Private,Some-college,10,Never-married,Adm-clerical,Not-in-family,White,Female,0,0,50,United-States
69,Private,HS-grad,9,Widowed,Adm-clerical,Not-in-family,White,Female,1848,0,40,United-States
53,Self-emp-not-inc,HS-grad,9,Married-civ-spouse,Sales,Husband,White,Male,0,0,70,United-States
48,Private,Bachelors,13,Divorced,Adm-clerical,Own-child,White,Male,0,0,38,United-States
60,Private,Some-college,10,Divorced,Exec-managerial,Not-in-family,White,Female,0,0,40,United-States
37,Private,Bachelors,13,Never-married,Prof-specialty,Own-child,Amer-Indian-Eskimo,Male,27828,0,40,United-States
57,Private,9th,5,Married-civ-spouse,Transport-moving,Other-relative,White,Female,0,0,40,?
76,?,10th,6,Married-civ-spouse,?,Husband,White,Male,1173,0,40,United-States
31,Self-emp-not-inc,HS-grad,9,Never-married,Other-service,Not-in-family,White,Male,0,0,27,United-States
62,Local-gov,7th-8th,4,Married-civ-spouse,Craft-repair,Husband,White,Male,0,0,40,United-States
26,Self-emp-not-inc,HS-grad,9,Married-civ-spouse,Exec-managerial,Husband,White,Male,0,0,45,United-States
27,Private,9th,5,Never-married,Other-service,Own-child,White,Male,0,0,30,United-States
22,?,Some-college,10,Never-married,?,Own-child,Asian-Pac-Islander,Female,0,0,4,South
21,Private,HS-grad,9,Never-married,Craft-repair,Own-child,White,Male,0,0,40,United-States
90,Private,Masters,14,Married-civ-spouse,Prof-specialty,Wife,White,Female,0,0,40,United-States
74,?,Some-college,10,Widowed,?,Not-in-family,White,Female,0,0,12,United-States
47,Private,Bachelors,13,Married-civ-spouse,Sales,Husband,White,Male,15024,0,45,United-States
17,Private,10th,6,Never-married,Adm-clerical,Own-child,White,Female,0,0,20,United-States
22,Private,Some-college,10,Never-married,Protective-serv,Not-in-family,White,Male,0,0,20,United-States
67,Private,HS-grad,9,Widowed,Sales,Not-in-family,White,Female,0,0,32,United-States
28,Private,Some-college,10,Divorced,Adm-clerical,Unmarried,White,Female,0,0,40,United-States
90,Private,Some-college,10,Divorced,Sales,Unmarried,Black,Female,0,0,37,United-States
75,Self-emp-not-inc,Masters,14,Widowed,Sales,Not-in-family,White,Male,0,0,45,United-States
38,Private,Assoc-voc,11,Married-civ-spouse,Other-service,Husband,White,Male,0,0,70,Iran
43,Private,Masters,14,Married-civ-spouse,Prof-specialty,Husband,White,Male,0,0,45,United-States
43,Private,HS-grad,9,Married-civ-spouse,Adm-clerical,Wife,White,Female,0,0,40,United-States
32,Private,Assoc-acdm,12,Never-married,Adm-clerical,Own-child,White,Male,0,0,30,United-States
39,Private,Masters,14,Married-civ-spouse,Prof-specialty,Husband,White,Male,0,1848,50,United-States
58,Private,Bachelors,13,Married-civ-spouse,Tech-support,Husband,White,Male,0,0,40,United-States
29,Private,Some-college,10,Separated,Sales,Not-in-family,White,Female,0,0,40,United-States
53,Self-emp-inc,Some-college,10,Widowed,Sales,Unmarried,White,Female,0,0,40,United-States
33,State-gov,HS-grad,9,Married-civ-spouse,Craft-repair,Husband,White,Male,0,0,40,United-States
59,Private,HS-grad,9,Married-civ-spouse,Transport-moving,Husband,White,Male,0,0,35,United-States
24,Private,HS-grad,9,Married-civ-spouse,Craft-repair,Wife,White,Female,0,0,36,United-States
34,Local-gov,Masters,14,Married-civ-spouse,Prof-specialty,Wife,White,Female,7688,0,35,United-States
57,State-gov,Bachelors,13,Married-civ-spouse,Exec-managerial,Husband,White,Male,0,1902,40,United-States
61,Private,Some-college,10,Divorced,Other-service,Not-in-family,White,Male,0,0,25,United-States
48,Federal-gov,HS-grad,9,Divorced,Adm-clerical,Not-in-family,White,Male,0,0,40,United-States
48,Self-emp-not-inc,Some-college,10,Married-civ-spouse,Transport-moving,Husband,White,Male,0,0,50,United-States
44,Self-emp-not-inc,HS-grad,9,Married-civ-spouse,Sales,Husband,Black,Male,0,0,70,Jamaica
48,Private,Assoc-acdm,12,Married-civ-spouse,Prof-specialty,Husband,White,Male,0,0,45,United-States
58,Self-emp-not-inc,Some-college,10,Divorced,Craft-repair,Unmarried,White,Male,0,0,40,United-States
42,State-gov,Masters,14,Divorced,Prof-specialty,Not-in-family,White,Male,0,0,40,United-States
52,Self-emp-not-inc,Assoc-voc,11,Divorced,Prof-specialty,Not-in-family,White,Female,0,0,35,United-States
62,Private,HS-grad,9,Widowed,Adm-clerical,Not-in-family,White,Female,0,0,38,United-States
34,Private,HS-grad,9,Married-civ-spouse,Craft-repair,Husband,White,Male,0,0,45,United-States
47,Private,5th-6th,3,Married-spouse-absent,Machine-op-inspct,Other-relative,White,Male,0,0,40,Mexico
47,Private,HS-grad,9,Married-civ-spouse,Craft-repair,Husband,White,Male,0,0,40,United-States
73,?,Prof-school,15,Married-civ-spouse,?,Husband,White,Male,0,0,40,United-States
39,Private,Bachelors,13,Married-civ-spouse,Craft-repair,Husband,White,Male,0,0,40,United-States
43,Private,HS-grad,9,Married-civ-spouse,Machine-op-inspct,Husband,White,Male,0,0,43,United-States
49,State-gov,HS-grad,9,Divorced,Exec-managerial,Unmarried,White,Female,0,0,44,United-States
40,Private,HS-grad,9,Married-civ-spouse,Craft-repair,Husband,White,Male,0,0,40,United-States
28,Federal-gov,10th,6,Married-civ-spouse,Other-service,Wife,Amer-Indian-Eskimo,Female,0,0,40,United-States
74,Private,9th,5,Widowed,Craft-repair,Not-in-family,White,Male,0,0,10,?
77,Private,HS-grad,9,Married-civ-spouse,Other-service,Husband,White,Male,0,0,25,Cuba
31,Private,Assoc-acdm,12,Married-civ-spouse,Prof-specialty,Husband,White,Male,0,0,40,United-States
46,Private,Some-college,10,Divorced,Sales,Not-in-family,White,Female,0,0,80,United-States
60,Private,HS-grad,9,Married-civ-spouse,Sales,Husband,White,Male,0,0,40,United-States
44,Private,HS-grad,9,Married-civ-spouse,Transport-moving,Husband,White,Male,0,0,65,United-States
47,Private,Assoc-acdm,12,Widowed,Adm-clerical,Unmarried,Black,Female,0,0,40,United-States
66,Private,HS-grad,9,Widowed,Sales,Other-relative,White,Female,0,0,35,United-States
64,Private,Prof-school,15,Married-civ-spouse,Exec-managerial,Husband,White,Male,0,0,60,United-States
56,Private,Some-college,10,Never-married,Other-service,Not-in-family,White,Male,0,0,32,United-States
63,Private,7th-8th,4,Married-civ-spouse,Craft-repair,Husband,White,Male,3471,0,45,United-States
44,Federal-gov,Bachelors,13,Married-civ-spouse,Exec-managerial,Husband,Asian-Pac-Islander,Male,0,0,40,United-States
17,Private,11th,7,Never-married,Sales,Own-child,White,Male,0,0,28,United-States
67,Without-pay,HS-grad,9,Married-civ-spouse,Adm-clerical,Husband,Asian-Pac-Islander,Male,0,0,12,Philippines
21,Private,Bachelors,13,Never-married,Other-service,Other-relative,White,Male,0,0,20,United-States
55,Local-gov,Masters,14,Married-civ-spouse,Prof-specialty,Husband,White,Male,0,0,50,United-States
78,Private,7th-8th,4,Never-married,Machine-op-inspct,Not-in-family,White,Female,0,0,35,Dominican-Republic
38,Private,HS-grad,9,Divorced,Adm-clerical,Not-in-family,White,Female,0,0,50,United-States
29,Private,Bachelors,13,Never-married,Prof-specialty,Not-in-family,White,Male,0,0,40,United-States
59,Self-emp-not-inc,Bachelors,13,Married-civ-spouse,Prof-specialty,Husband,White,Male,99999,0,43,United-States
34,Private,HS-grad,9,Never-married,Adm-clerical,Not-in-family,White,Female,0,0,40,United-States
20,Private,Some-college,10,Never-married,Protective-serv,Own-child,White,Male,0,0,40,United-States
18,Private,HS-grad,9,Never-married,Sales,Own-child,White,Female,0,0,40,?
49,Federal-gov,HS-grad,9,Widowed,Adm-clerical,Not-in-family,White,Female,0,0,40,United-States
34,State-gov,Doctorate,16,Married-civ-spouse,Tech-support,Husband,Asian-Pac-Islander,Male,0,0,20,China
45,Local-gov,Bachelors,13,Divorced,Prof-specialty,Unmarried,White,Female,0,0,40,United-States
33,Private,HS-grad,9,Married-spouse-absent,Other-service,Unmarried,Black,Female,0,0,38,United-States
66,Private,HS-grad,9,Never-married,Adm-clerical,Not-in-family,Asian-Pac-Islander,Female,0,0,40,United-States
29,Self-emp-not-inc,HS-grad,9,Never-married,Craft-repair,Not-in-family,White,Male,0,0,45,United-States
44,State-gov,Masters,14,Divorced,Prof-specialty,Not-in-family,White,Male,0,0,16,United-States
39,Self-emp-not-inc,Bachelors,13,Separated,Craft-repair,Own-child,White,Male,0,0,35,United-States
43,Private,Bachelors,13,Married-civ-spouse,Adm-clerical,Husband,Asian-Pac-Islander,Male,0,0,40,Vietnam
30,Local-gov,9th,5,Divorced,Farming-fishing,Unmarried,White,Female,0,0,40,Mexico
43,State-gov,Some-college,10,Married-civ-spouse,Craft-repair,Husband,White,Male,0,0,40,?
27,Private,HS-grad,9,Never-married,Machine-op-inspct,Unmarried,Black,Female,0,0,40,United-States
23,Private,HS-grad,9,Never-married,Craft-repair,Own-child,Amer-Indian-Eskimo,Male,0,0,40,United-States
69,State-gov,Doctorate,16,Married-civ-spouse,Prof-specialty,Husband,White,Male,0,0,50,United-States
59,Federal-gov,HS-grad,9,Married-civ-spouse,Craft-repair,Husband,White,Male,0,0,40,United-States
26,Private,Masters,14,Never-married,Exec-managerial,Not-in-family,White,Female,0,0,48,United-States
42,Local-gov,Assoc-acdm,12,Married-civ-spouse,Prof-specialty,Wife,Amer-Indian-Eskimo,Female,0,0,40,United-States
71,Self-emp-inc,Bachelors,13,Married-civ-spouse,Prof-specialty,Husband,White,Male,0,0,30,United-States
34,Private,HS-grad,9,Married-civ-spouse,Machine-op-inspct,Husband,White,Male,0,0,40,United-States
37,Private,Some-college,10,Married-civ-spouse,Craft-repair,Husband,White,Male,0,0,40,United-States
77,Private,Doctorate,16,Widowed,Exec-managerial,Unmarried,White,Male,0,0,40,United-States
53,Local-gov,Assoc-acdm,12,Married-civ-spouse,Tech-support,Husband,White,Male,0,0,45,United-States
37,Private,HS-grad,9,Married-civ-spouse,Sales,Husband,White,Male,0,0,50,United-States
61,Private,7th-8th,4,Divorced,Machine-op-inspct,Unmarried,White,Female,0,0,40,United-States
19,Private,Some-college,10,Never-married,Adm-clerical,Own-child,White,Female,0,0,30,United-States
75,Self-emp-inc,Some-college,10,Widowed,Sales,Not-in-family,White,Male,0,0,40,United-States
41,Private,Some-college,10,Divorced,Sales,Not-in-family,White,Male,0,0,52,United-States
39,?,Preschool,1,Widowed,?,Not-in-family,White,Female,0,0,20,El-Salvador
27,Private,Some-college,10,Never-married,Other-service,Own-child,White,Female,0,0,40,United-States
61,Self-emp-not-inc,HS-grad,9,Married-civ-spouse,Exec-managerial,Husband,White,Male,0,0,40,United-States
56,Private,Some-college,10,Married-civ-spouse,Sales,Husband,White,Male,0,0,40,United-States
67,Private,Bachelors,13,Married-civ-spouse,Exec-managerial,Husband,White,Male,0,0,45,United-States
61,Private,Some-college,10,Married-civ-spouse,Prof-specialty,Husband,White,Male,0,1902,40,United-States
53,Self-emp-inc,Some-college,10,Married-civ-spouse,Farming-fishing,Husband,White,Male,0,0,60,United-States
22,State-gov,Some-college,10,Never-married,Other-service,Own-child,White,Male,0,0,45,United-States
50,Self-emp-not-inc,HS-grad,9,Married-civ-spouse,Farming-fishing,Husband,White,Male,0,0,30,United-States
28,Private,10th,6,Married-AF-spouse,Other-service,Wife,White,Female,0,0,40,United-States
59,Private,HS-grad,9,Widowed,Other-service,Not-in-family,White,Female,0,0,35,United-States
30,Private,HS-grad,9,Never-married,Craft-repair,Not-in-family,Black,Male,0,0,46,United-States
43,Private,HS-grad,9,Divorced,Exec-managerial,Unmarried,White,Female,0,0,47,United-States
47,?,Assoc-voc,11,Married-civ-spouse,?,Husband,White,Male,0,0,45,United-States
66,?,Some-college,10,Divorced,?,Other-relative,White,Female,0,0,35,United-States
23,Private,Some-college,10,Never-married,Handlers-cleaners,Unmarried,Amer-Indian-Eskimo,Female,0,0,35,United-States
67,Self-emp-inc,HS-grad,9,Married-civ-spouse,Transport-moving,Husband,White,Male,0,0,40,United-States
75,Private,Some-college,10,Widowed,Prof-specialty,Not-in-family,White,Female,0,0,8,United-States
49,Private,Masters,14,Married-civ-spouse,Prof-specialty,Husband,White,Male,0,0,42,United-States
34,State-gov,Masters,14,Married-civ-spouse,Prof-specialty,Wife,Black,Female,0,0,40,United-States
32,Self-emp-not-inc,Some-college,10,Married-civ-spouse,Farming-fishing,Husband,White,Male,0,0,65,United-States
53,Federal-gov,HS-grad,9,Married-civ-spouse,Adm-clerical,Husband,Black,Male,0,1977,40,United-States
64,Private,Some-college,10,Married-civ-spouse,Exec-managerial,Wife,White,Female,0,0,40,United-States
51,Private,HS-grad,9,Married-civ-spouse,Craft-repair,Husband,White,Male,0,0,40,United-States
60,Private,Some-college,10,Divorced,Prof-specialty,Unmarried,White,Male,3325,0,42,United-States
66,State-gov,HS-grad,9,Married-civ-spouse,Machine-op-inspct,Wife,White,Female,1424,0,10,United-States
53,Private,HS-grad,9,Divorced,Sales,Not-in-family,White,Female,0,0,60,England
35,Private,11th,7,Never-married,Machine-op-inspct,Not-in-family,White,Male,0,0,40,United-States
34,Private,HS-grad,9,Married-civ-spouse,Sales,Husband,White,Male,0,0,45,United-States
19,Private,Some-college,10,Never-married,Other-service,Own-child,White,Female,0,0,15,United-States
23,Private,10th,6,Married-civ-spouse,Craft-repair,Husband,White,Male,0,0,40,Portugal
90,Private,10th,6,Married-civ-spouse,Exec-managerial,Husband,White,Male,0,0,40,United-States
19,State-gov,Some-college,10,Never-married,Other-service,Not-in-family,White,Male,594,0,24,United-States
45,Private,Some-college,10,Married-civ-spouse,Craft-repair,Husband,White,Male,0,0,40,United-States
58,Private,HS-grad,9,Divorced,Other-service,Unmarried,White,Female,0,0,25,United-States
90,Private,Bachelors,13,Married-civ-spouse,Sales,Husband,White,Male,0,0,20,?
55,Private,HS-grad,9,Separated,Adm-clerical,Not-in-family,White,Female,0,0,40,United-States
23,Private,HS-grad,9,Never-married,Adm-clerical,Not-in-family,White,Female,0,0,40,United-States
63,Local-gov,Bachelors,13,Widowed,Adm-clerical,Unmarried,Asian-Pac-Islander,Female,0,0,35,Philippines
48,Private,Masters,14,Married-civ-spouse,Exec-managerial,Husband,White,Male,0,0,60,United-States
55,State-gov,HS-grad,9,Married-civ-spouse,Tech-support,Wife,White,Female,0,1887,40,United-States
60,Self-emp-not-inc,HS-grad,9,Married-civ-spouse,Sales,Husband,White,Male,0,0,50,United-States
46,Private,Assoc-acdm,12,Married-civ-spouse,Craft-repair,Husband,White,Male,0,1485,55,United-States
27,Private,HS-grad,9,Never-married,Adm-clerical,Not-in-family,White,Male,0,0,45,United-States
31,Federal-gov,Bachelors,13,Never-married,Exec-managerial,Not-in-family,Black,Female,0,0,40,United-States
40,Private,HS-grad,9,Married-civ-spouse,Craft-repair,Husband,White,Male,0,0,35,United-States
50,Local-gov,HS-grad,9,Never-married,Other-service,Not-in-family,Black,Female,0,0,40,United-States
22,Private,Some-college,10,Never-married,Adm-clerical,Own-child,White,Male,0,0,40,United-States
53,State-gov,Masters,14,Never-married,Adm-clerical,Not-in-family,White,Female,0,0,40,United-States
48,Private,HS-grad,9,Married-civ-spouse,Machine-op-inspct,Husband,White,Male,0,0,40,United-States
73,Private,Some-college,10,Married-civ-spouse,Sales,Husband,White,Male,0,0,20,United-States
61,Self-emp-inc,10th,6,Married-civ-spouse,Exec-managerial,Husband,White,Male,7688,0,40,United-States
57,Federal-gov,Masters,14,Divorced,Exec-managerial,Not-in-family,White,Female,0,0,60,United-States
39,Private,Bachelors,13,Married-civ-spouse,Prof-specialty,Wife,White,Female,7688,0,20,United-States
52,State-gov,Assoc-acdm,12,Married-civ-spouse,Sales,Husband,White,Male,0,0,40,United-States
17,Private,11th,7,Never-married,Sales,Other-relative,White,Female,0,0,26,United-States
50,Self-emp-not-inc,Masters,14,Married-civ-spouse,Prof-specialty,Wife,White,Female,0,0,40,Canada
64,Private,Some-college,10,Never-married,Adm-clerical,Not-in-family,White,Female,0,0,40,United-States
76,Private,Masters,14,Married-civ-spouse,Exec-managerial,Husband,White,Male,0,0,40,United-States
40,Private,Assoc-voc,11,Married-civ-spouse,Other-service,Husband,White,Male,0,0,15,United-States
71,?,Masters,14,Married-civ-spouse,?,Husband,White,Male,0,0,8,United-States
34,Private,Bachelors,13,Married-civ-spouse,Exec-managerial,Husband,White,Male,0,0,40,United-States
64,Private,1st-4th,2,Married-civ-spouse,Transport-moving,Husband,White,Male,0,0,53,?
43,Private,Some-college,10,Divorced,Adm-clerical,Not-in-family,White,Female,0,0,40,United-States
74,Private,HS-grad,9,Widowed,Other-service,Not-in-family,White,Female,0,0,12,United-States
34,Private,Assoc-voc,11,Married-civ-spouse,Craft-repair,Husband,White,Male,0,0,53,United-States
43,Local-gov,Bachelors,13,Divorced,Prof-specialty,Own-child,White,Female,0,0,39,United-States
74,Private,10th,6,Widowed,Other-service,Not-in-family,Black,Female,0,0,6,United-States
37,Private,Some-college,10,Married-civ-spouse,Machine-op-inspct,Husband,White,Male,3464,0,40,United-States
39,Self-emp-inc,Assoc-acdm,12,Married-civ-spouse,Exec-managerial,Husband,White,Male,15024,0,55,United-States
70,?,Some-college,10,Married-civ-spouse,?,Husband,White,Male,0,0,10,United-States
29,Private,9th,5,Divorced,Machine-op-inspct,Unmarried,Black,Female,0,0,40,United-States
73,?,HS-grad,9,Widowed,?,Not-in-family,White,Female,0,0,15,United-States
40,Private,Some-college,10,Married-civ-spouse,Craft-repair,Husband,White,Male,7298,0,50,United-States
72,Without-pay,HS-grad,9,Married-civ-spouse,Other-service,Husband,White,Male,0,0,55,United-States
37,Private,Some-college,10,Married-civ-spouse,Craft-repair,Husband,Black,Male,0,0,40,United-States
42,Private,Bachelors,13,Married-spouse-absent,Transport-moving,Not-in-family,White,Male,0,0,60,United-States
38,Private,HS-grad,9,Married-civ-spouse,Craft-repair,Husband,White,Male,0,0,45,United-States
64,Private,Some-college,10,Married-civ-spouse,Adm-clerical,Husband,White,Male,0,0,40,United-States
23,Local-gov,Some-college,10,Divorced,Adm-clerical,Unmarried,White,Female,0,0,70,United-States
21,?,Some-college,10,Never-married,?,Own-child,White,Male,0,0,20,United-States
63,State-gov,Some-college,10,Married-civ-spouse,Protective-serv,Husband,White,Male,0,0,32,United-States
31,Local-gov,Some-college,10,Married-civ-spouse,Other-service,Husband,White,Male,0,0,40,United-States
38,Self-emp-not-inc,Some-college,10,Never-married,Sales,Not-in-family,White,Male,0,0,60,United-States
38,?,9th,5,Never-married,?,Own-child,White,Female,0,0,12,United-States
21,Private,Assoc-voc,11,Never-married,Adm-clerical,Not-in-family,White,Female,0,0,40,United-States
37,Private,12th,8,Divorced,Craft-repair,Own-child,White,Male,0,0,35,United-States
70,Private,HS-grad,9,Divorced,Protective-serv,Not-in-family,White,Female,0,0,32,United-States
51,Private,HS-grad,9,Married-civ-spouse,Tech-support,Husband,White,Male,0,0,40,United-States
33,Private,HS-grad,9,Separated,Other-service,Not-in-family,White,Female,0,0,40,Germany
18,Private,Some-college,10,Never-married,Other-service,Own-child,White,Female,0,0,24,United-States
35,Private,Some-college,10,Divorced,Sales,Not-in-family,White,Male,0,1741,50,United-States
49,State-gov,Bachelors,13,Married-civ-spouse,Prof-specialty,Other-relative,White,Female,0,0,45,United-States
61,?,HS-grad,9,Married-civ-spouse,?,Husband,Black,Male,0,0,6,United-States
49,Private,HS-grad,9,Separated,Sales,Unmarried,White,Male,0,0,50,United-States
31,Private,HS-grad,9,Never-married,Other-service,Own-child,White,Male,0,0,16,United-States
18,Private,11th,7,Never-married,Other-service,Own-child,White,Female,0,0,4,United-States
30,Private,Some-college,10,Divorced,Tech-support,Own-child,White,Female,0,0,40,United-States
74,Private,HS-grad,9,Divorced,Handlers-cleaners,Not-in-family,White,Female,0,0,16,United-States
74,Private,7th-8th,4,Widowed,Other-service,Not-in-family,White,Female,0,0,40,United-States
62,?,Bachelors,13,Married-civ-spouse,?,Husband,White,Male,0,0,4,United-States
57,Private,1st-4th,2,Widowed,Priv-house-serv,Not-in-family,Black,Female,0,0,30,United-States
49,Private,HS-grad,9,Separated,Prof-specialty,Unmarried,Black,Female,0,0,40,United-States
67,Private,9th,5,Widowed,Handlers-cleaners,Unmarried,White,Female,0,0,32,United-States
37,Self-emp-not-inc,10th,6,Married-civ-spouse,Craft-repair,Husband,White,Male,0,0,40,Mexico
46,State-gov,HS-grad,9,Married-civ-spouse,Other-service,Husband,Black,Male,0,0,40,United-States
30,Private,10th,6,Divorced,Other-service,Not-in-family,Amer-Indian-Eskimo,Male,0,0,40,United-States
62,Private,Bachelors,13,Married-civ-spouse,Machine-op-inspct,Husband,White,Male,0,0,40,United-States
69,Self-emp-not-inc,Assoc-voc,11,Married-civ-spouse,Exec-managerial,Husband,White,Male,0,0,20,United-States
69,Private,Assoc-acdm,12,Married-civ-spouse,Exec-managerial,Husband,White,Male,0,0,24,United-States
46,Self-emp-inc,Bachelors,13,Widowed,Exec-managerial,Not-in-family,White,Female,0,0,50,?
23,Private,12th,8,Never-married,Transport-moving,Not-in-family,White,Male,0,0,46,United-States
30,Private,Some-college,10,Divorced,Craft-repair,Not-in-family,White,Male,0,0,40,United-States
77,Private,Some-college,10,Widowed,Priv-house-serv,Not-in-family,White,Female,0,0,20,United-States
63,Private,12th,8,Married-civ-spouse,Transport-moving,Husband,White,Male,0,0,40,Cuba
56,Self-emp-not-inc,1st-4th,2,Never-married,Exec-managerial,Not-in-family,Amer-Indian-Eskimo,Male,0,0,65,United-States
32,Self-emp-not-inc,Doctorate,16,Married-civ-spouse,Exec-managerial,Husband,White,Male,0,0,40,United-States
34,Private,HS-grad,9,Never-married,Other-service,Not-in-family,White,Female,0,0,28,United-States
63,Private,HS-grad,9,Widowed,Prof-specialty,Not-in-family,White,Female,0,0,25,United-States
70,Self-emp-not-inc,HS-grad,9,Married-civ-spouse,Exec-managerial,Husband,White,Male,0,0,3,United-States
70,Private,HS-grad,9,Divorced,Other-service,Not-in-family,White,Female,0,0,28,United-States
71,Private,5th-6th,3,Widowed,Priv-house-serv,Not-in-family,Asian-Pac-Islander,Female,0,0,75,United-States
29,Private,Some-college,10,Never-married,Handlers-cleaners,Not-in-family,Black,Male,0,0,45,United-States
35,Self-emp-not-inc,Assoc-acdm,12,Married-civ-spouse,Craft-repair,Husband,White,Male,0,0,40,United-States
72,Self-emp-not-inc,Doctorate,16,Married-civ-spouse,Prof-specialty,Husband,White,Male,0,2392,25,United-States
62,Local-gov,Doctorate,16,Widowed,Prof-specialty,Unmarried,White,Female,0,0,40,Iran
72,Federal-gov,HS-grad,9,Married-civ-spouse,Adm-clerical,Husband,White,Male,0,0,40,United-States
44,Private,Some-college,10,Married-civ-spouse,Prof-specialty,Husband,White,Male,0,0,40,United-States
78,?,7th-8th,4,Married-civ-spouse,?,Husband,White,Male,0,0,40,Portugal
65,?,11th,7,Married-civ-spouse,?,Husband,White,Male,0,0,29,United-States
60,Private,Bachelors,13,Divorced,Prof-specialty,Not-in-family,White,Female,0,0,42,United-States
41,Private,HS-grad,9,Married-civ-spouse,Sales,Wife,White,Female,0,0,20,United-States
30,Local-gov,HS-grad,9,Separated,Other-service,Unmarried,White,Male,0,0,40,United-States
66,Self-emp-not-inc,Some-college,10,Married-civ-spouse,Farming-fishing,Husband,White,Male,0,0,7,United-States
18,Private,11th,7,Never-married,Other-service,Other-relative,Black,Male,0,0,15,United-States
36,Self-emp-inc,Masters,14,Married-civ-spouse,Tech-support,Husband,White,Male,0,1887,40,United-States
48,Private,HS-grad,9,Never-married,Adm-clerical,Not-in-family,Black,Female,0,0,16,Trinadad&Tobago
73,Local-gov,5th-6th,3,Widowed,Other-service,Other-relative,Asian-Pac-Islander,Female,0,0,25,Philippines
39,Local-gov,Some-college,10,Married-civ-spouse,Exec-managerial,Husband,Amer-Indian-Eskimo,Male,0,1485,40,United-States
43,Private,Some-college,10,Separated,Transport-moving,Unmarried,White,Male,4934,0,51,United-States
30,Private,Assoc-acdm,12,Separated,Other-service,Unmarried,White,Female,0,0,40,United-States
42,Private,HS-grad,9,Married-civ-spouse,Craft-repair,Husband,White,Male,0,0,42,United-States
35,Private,Some-college,10,Divorced,Adm-clerical,Not-in-family,White,Female,0,0,40,United-States
57,Private,HS-grad,9,Married-civ-spouse,Craft-repair,Husband,White,Male,15024,0,40,United-States
43,Private,Some-college,10,Married-civ-spouse,Machine-op-inspct,Husband,Black,Male,0,0,50,United-States
72,Private,HS-grad,9,Married-civ-spouse,Adm-clerical,Husband,White,Male,0,0,30,United-States
48,Private,7th-8th,4,Married-civ-spouse,Priv-house-serv,Wife,Black,Female,0,0,15,United-States
19,Private,11th,7,Never-married,Machine-op-inspct,Own-child,White,Male,0,0,40,United-States
36,Private,HS-grad,9,Never-married,Tech-support,Not-in-family,White,Male,0,0,50,United-States
77,?,Some-college,10,Married-civ-spouse,?,Husband,White,Male,0,0,35,United-States
79,Private,HS-grad,9,Married-civ-spouse,Prof-specialty,Husband,White,Male,0,0,7,United-States
48,Private,HS-grad,9,Married-civ-spouse,Handlers-cleaners,Wife,White,Female,0,0,16,United-States
63,Private,9th,5,Separated,Farming-fishing,Not-in-family,Black,Male,0,0,40,United-States
48,Private,5th-6th,3,Never-married,Handlers-cleaners,Not-in-family,White,Male,0,0,40,Mexico
36,Private,HS-grad,9,Never-married,Craft-repair,Not-in-family,White,Male,0,1590,40,United-States
41,Self-emp-not-inc,Assoc-voc,11,Married-civ-spouse,Prof-specialty,Wife,White,Female,0,0,15,United-States
54,Private,HS-grad,9,Never-married,Prof-specialty,Not-in-family,White,Male,0,0,40,United-States
55,Private,HS-grad,9,Married-civ-spouse,Transport-moving,Husband,White,Male,0,0,32,United-States
38,Private,Assoc-voc,11,Divorced,Craft-repair,Unmarried,White,Male,0,0,40,United-States
67,?,Some-college,10,Married-civ-spouse,?,Husband,White,Male,0,0,15,United-States
39,Private,HS-grad,9,Married-civ-spouse,Sales,Husband,White,Male,0,0,50,United-States
78,Private,Masters,14,Widowed,Craft-repair,Unmarried,Asian-Pac-Islander,Male,0,0,40,South
80,Self-emp-not-inc,HS-grad,9,Married-civ-spouse,Farming-fishing,Husband,White,Male,0,0,20,United-States
54,Private,HS-grad,9,Widowed,Transport-moving,Not-in-family,White,Male,0,0,45,United-States
21,Private,Some-college,10,Never-married,Handlers-cleaners,Own-child,White,Male,0,0,35,United-States
25,Private,HS-grad,9,Never-married,Machine-op-inspct,Not-in-family,White,Male,0,0,40,United-States
78,Self-emp-inc,11th,7,Married-civ-spouse,Exec-managerial,Husband,White,Male,0,0,10,United-States
39,Private,HS-grad,9,Married-civ-spouse,Machine-op-inspct,Husband,White,Male,0,1887,40,United-States
46,Local-gov,HS-grad,9,Divorced,Prof-specialty,Not-in-family,White,Female,0,0,40,United-States
55,Self-emp-inc,Masters,14,Married-civ-spouse,Exec-managerial,Husband,White,Male,0,0,60,United-States
30,Private,HS-grad,9,Married-civ-spouse,Craft-repair,Husband,White,Male,0,0,40,United-States
66,Private,Bachelors,13,Married-civ-spouse,Craft-repair,Husband,Asian-Pac-Islander,Male,0,0,30,Philippines
71,?,HS-grad,9,Married-civ-spouse,?,Husband,White,Male,0,0,40,United-States
43,State-gov,HS-grad,9,Married-civ-spouse,Craft-repair,Husband,White,Male,0,0,40,United-States
42,Private,Some-college,10,Married-civ-spouse,Craft-repair,Husband,White,Male,0,0,52,United-States
75,?,HS-grad,9,Widowed,?,Not-in-family,White,Female,0,0,16,United-States
42,Private,HS-grad,9,Separated,Transport-moving,Not-in-family,White,Male,0,0,27,United-States
58,Private,HS-grad,9,Divorced,Adm-clerical,Unmarried,White,Female,0,0,45,United-States
30,Private,12th,8,Married-civ-spouse,Craft-repair,Husband,White,Male,0,0,50,United-States
63,Self-emp-not-inc,Masters,14,Married-civ-spouse,Sales,Husband,White,Male,0,0,60,United-States
38,Local-gov,HS-grad,9,Married-civ-spouse,Transport-moving,Husband,White,Male,0,0,40,United-States
57,Private,Bachelors,13,Married-civ-spouse,Prof-specialty,Husband,White,Male,3103,0,50,United-States
50,Private,Some-college,10,Married-civ-spouse,Exec-managerial,Husband,White,Male,99999,0,50,United-States
66,Private,Bachelors,13,Married-civ-spouse,Prof-specialty,Husband,White,Male,10605,0,40,United-States
17,Private,11th,7,Never-married,Priv-house-serv,Own-child,White,Female,0,0,40,United-States
17,Private,11th,7,Never-married,Sales,Own-child,White,Male,0,0,30,United-States
60,Private,Some-college,10,Divorced,Adm-clerical,Not-in-family,White,Female,0,0,40,United-States
25,Private,HS-grad,9,Never-married,Exec-managerial,Own-child,Black,Male,0,0,40,United-States
23,Private,Some-college,10,Married-civ-spouse,Handlers-cleaners,Husband,White,Male,0,0,40,United-States
32,Private,HS-grad,9,Divorced,Adm-clerical,Unmarried,White,Female,0,0,45,United-States
47,Private,Bachelors,13,Married-civ-spouse,Prof-specialty,Husband,White,Male,7688,0,40,United-States
35,Private,HS-grad,9,Never-married,Machine-op-inspct,Unmarried,Black,Female,0,0,40,United-States
34,Private,HS-grad,9,Married-civ-spouse,Adm-clerical,Husband,White,Male,0,0,40,Italy
25,Private,10th,6,Never-married,Priv-house-serv,Own-child,White,Female,0,0,24,United-States
45,Private,HS-grad,9,Divorced,Other-service,Unmarried,White,Female,0,0,40,United-States
23,Private,HS-grad,9,Married-civ-spouse,Handlers-cleaners,Husband,White,Male,0,0,40,United-States
57,Private,Some-college,10,Married-civ-spouse,Prof-specialty,Husband,White,Male,7688,0,60,United-States
46,Private,Assoc-voc,11,Married-civ-spouse,Adm-clerical,Husband,White,Male,0,0,40,United-States
37,Private,HS-grad,9,Married-spouse-absent,Other-service,Unmarried,Black,Female,0,0,35,Haiti
71,Private,Bachelors,13,Divorced,Adm-clerical,Not-in-family,White,Female,0,0,3,United-States
52,Private,Bachelors,13,Married-civ-spouse,Exec-managerial,Husband,White,Male,0,1902,65,United-States
75,Private,10th,6,Widowed,Priv-house-serv,Not-in-family,White,Female,0,0,70,United-States
19,?,Some-college,10,Never-married,?,Own-child,White,Female,0,0,20,United-States
60,Private,Assoc-voc,11,Married-civ-spouse,Tech-support,Husband,White,Male,0,0,40,United-States
34,Self-emp-inc,HS-grad,9,Married-civ-spouse,Craft-repair,Husband,White,Male,0,0,40,United-States
64,Self-emp-not-inc,HS-grad,9,Married-civ-spouse,Craft-repair,Husband,White,Male,2635,0,24,Italy
56,Private,Some-college,10,Married-civ-spouse,Craft-repair,Husband,White,Male,0,0,50,United-States
65,?,HS-grad,9,Widowed,?,Not-in-family,White,Female,0,0,8,United-States
57,Private,Masters,14,Married-civ-spouse,Exec-managerial,Husband,White,Male,0,0,45,United-States
22,Private,Bachelors,13,Never-married,Prof-specialty,Own-child,White,Female,0,0,40,United-States
39,Private,Assoc-voc,11,Never-married,Prof-specialty,Not-in-family,White,Female,4650,0,32,United-States
31,Federal-gov,HS-grad,9,Married-civ-spouse,Farming-fishing,Husband,Amer-Indian-Eskimo,Male,0,0,40,United-States
32,Private,Bachelors,13,Married-civ-spouse,Adm-clerical,Wife,White,Female,0,0,35,?
21,Private,Some-college,10,Never-married,Sales,Other-relative,White,Male,0,0,40,United-States
54,Private,Some-college,10,Married-civ-spouse,Craft-repair,Husband,White,Male,0,0,40,United-States
38,Local-gov,Bachelors,13,Married-civ-spouse,Protective-serv,Husband,White,Male,0,1628,48,United-States
59,Self-emp-not-inc,10th,6,Married-civ-spouse,Craft-repair,Husband,White,Male,0,0,40,United-States
41,Local-gov,HS-grad,9,Married-civ-spouse,Transport-moving,Husband,White,Male,0,0,60,United-States
19,Private,Some-college,10,Never-married,Adm-clerical,Own-child,White,Male,0,0,50,United-States
68,Private,HS-grad,9,Married-civ-spouse,Protective-serv,Husband,White,Male,0,0,40,Scotland
33,Private,HS-grad,9,Married-civ-spouse,Handlers-cleaners,Husband,White,Male,0,0,40,United-States
19,?,Some-college,10,Never-married,?,Own-child,White,Male,0,0,35,United-States
30,Private,Some-college,10,Never-married,Craft-repair,Unmarried,White,Male,0,0,40,United-States
72,?,HS-grad,9,Married-civ-spouse,?,Husband,White,Male,0,0,25,United-States
48,Private,Masters,14,Never-married,Adm-clerical,Not-in-family,White,Female,0,0,20,United-States
17,Private,11th,7,Never-married,Sales,Own-child,White,Female,0,0,20,United-States
45,Private,Bachelors,13,Married-civ-spouse,Tech-support,Husband,White,Male,0,0,50,United-States
18,Private,11th,7,Never-married,Other-service,Own-child,White,Male,0,0,30,United-States
58,Private,Bachelors,13,Divorced,Adm-clerical,Not-in-family,White,Male,3325,0,40,United-States
23,State-gov,Bachelors,13,Married-civ-spouse,Tech-support,Husband,White,Male,0,0,38,United-States
32,Private,Assoc-voc,11,Never-married,Tech-support,Not-in-family,White,Female,0,0,64,United-States
57,Federal-gov,Some-college,10,Married-civ-spouse,Adm-clerical,Husband,White,Male,7688,0,45,United-States
42,Private,Assoc-voc,11,Married-civ-spouse,Exec-managerial,Husband,White,Male,0,0,40,United-States
40,Private,Assoc-voc,11,Married-civ-spouse,Craft-repair,Husband,Black,Male,0,0,45,United-States
90,Local-gov,Assoc-acdm,12,Married-civ-spouse,Adm-clerical,Husband,Asian-Pac-Islander,Male,0,0,20,Philippines
32,Private,Bachelors,13,Married-civ-spouse,Sales,Husband,White,Male,0,0,60,United-States
37,Self-emp-not-inc,Masters,14,Never-married,Exec-managerial,Not-in-family,White,Male,0,0,60,United-States
38,Private,HS-grad,9,Divorced,Exec-managerial,Not-in-family,White,Male,0,0,40,United-States
33,Private,HS-grad,9,Never-married,Sales,Own-child,White,Male,0,0,40,United-States
38,Private,10th,6,Married-civ-spouse,Other-service,Husband,White,Male,0,0,40,United-States
23,Private,Bachelors,13,Never-married,Adm-clerical,Own-child,Black,Female,0,0,30,United-States
48,Private,Assoc-acdm,12,Married-civ-spouse,Transport-moving,Husband,White,Male,0,0,45,United-States
44,Private,Bachelors,13,Married-civ-spouse,Exec-managerial,Husband,White,Male,7688,0,60,United-States
18,Private,11th,7,Never-married,Other-service,Own-child,White,Male,594,0,10,United-States
19,Private,Some-college,10,Never-married,Other-service,Own-child,White,Female,0,0,35,United-States
29,Private,HS-grad,9,Married-civ-spouse,Farming-fishing,Husband,White,Male,0,0,60,United-States
19,?,Some-college,10,Never-married,?,Own-child,White,Female,0,1602,40,United-States
30,Private,Some-college,10,Married-civ-spouse,Exec-managerial,Other-relative,White,Male,0,0,40,United-States
30,Private,10th,6,Married-civ-spouse,Transport-moving,Husband,White,Male,0,0,55,United-States
21,Private,Some-college,10,Never-married,Sales,Own-child,White,Male,0,0,40,Columbia
54,Local-gov,Bachelors,13,Never-married,Prof-specialty,Not-in-family,White,Male,0,0,50,United-States
52,Private,HS-grad,9,Married-civ-spouse,Handlers-cleaners,Husband,White,Male,0,0,45,United-States
51,Federal-gov,HS-grad,9,Divorced,Adm-clerical,Not-in-family,White,Female,0,0,8,United-States
42,Private,HS-grad,9,Divorced,Machine-op-inspct,Not-in-family,White,Male,0,0,40,United-States
68,State-gov,Bachelors,13,Married-civ-spouse,Exec-managerial,Husband,White,Male,0,0,20,United-States
59,Private,10th,6,Divorced,Adm-clerical,Not-in-family,Black,Female,0,0,40,United-States
65,Private,11th,7,Married-civ-spouse,Other-service,Husband,White,Male,0,0,20,United-States
32,Self-emp-inc,HS-grad,9,Married-civ-spouse,Craft-repair,Husband,White,Male,99999,0,40,United-States
51,Local-gov,HS-grad,9,Divorced,Protective-serv,Unmarried,White,Male,0,0,52,United-States
47,Private,12th,8,Divorced,Other-service,Not-in-family,White,Female,0,0,48,United-States
49,Private,Masters,14,Married-civ-spouse,Prof-specialty,Husband,White,Male,0,0,60,United-States
20,Federal-gov,Assoc-voc,11,Never-married,Adm-clerical,Own-child,White,Female,0,0,36,United-States
19,Private,7th-8th,4,Never-married,Other-service,Not-in-family,White,Female,0,0,40,United-States
52,Self-emp-not-inc,Masters,14,Married-civ-spouse,Farming-fishing,Husband,White,Male,0,0,45,United-States
56,Private,Bachelors,13,Never-married,Exec-managerial,Not-in-family,White,Male,14084,0,45,United-States
46,Self-emp-not-inc,Some-college,10,Married-civ-spouse,Craft-repair,Husband,White,Male,0,0,55,United-States
65,?,Bachelors,13,Married-civ-spouse,?,Husband,White,Male,10605,0,40,United-States
45,Private,Some-college,10,Married-civ-spouse,Craft-repair,Husband,White,Male,0,0,40,United-States
73,Private,HS-grad,9,Widowed,Adm-clerical,Not-in-family,White,Female,0,0,20,United-States
23,Private,Bachelors,13,Never-married,Adm-clerical,Own-child,White,Female,0,0,40,United-States
41,Private,Some-college,10,Divorced,Craft-repair,Not-in-family,White,Male,0,0,40,United-States
55,?,HS-grad,9,Divorced,?,Other-relative,White,Male,0,0,40,United-States
66,Private,HS-grad,9,Married-civ-spouse,Sales,Husband,White,Male,0,0,50,United-States
18,Private,HS-grad,9,Never-married,Other-service,Other-relative,Black,Male,0,0,36,United-States
61,?,10th,6,Divorced,?,Other-relative,White,Female,0,0,20,United-States
61,Self-emp-not-inc,Doctorate,16,Married-civ-spouse,Prof-specialty,Husband,White,Male,0,0,55,United-States
27,Private,HS-grad,9,Never-married,Other-service,Not-in-family,White,Female,0,0,40,United-States
44,Private,Bachelors,13,Married-civ-spouse,Exec-managerial,Husband,Black,Male,0,0,50,United-States
21,Private,HS-grad,9,Never-married,Adm-clerical,Not-in-family,White,Female,0,0,25,United-States
67,Self-emp-not-inc,1st-4th,2,Widowed,Other-service,Not-in-family,Black,Female,0,0,20,United-States
24,Private,Bachelors,13,Never-married,Adm-clerical,Not-in-family,White,Male,0,0,40,United-States
37,Private,Doctorate,16,Married-civ-spouse,Prof-specialty,Husband,White,Male,0,0,99,France
42,Private,Assoc-voc,11,Married-civ-spouse,Sales,Husband,White,Male,0,0,40,United-States
49,Private,7th-8th,4,Never-married,Other-service,Other-relative,White,Male,0,0,35,United-States
75,Private,1st-4th,2,Married-civ-spouse,Other-service,Other-relative,Black,Female,0,0,16,United-States
31,Private,Some-college,10,Never-married,Sales,Not-in-family,White,Female,0,1504,40,United-States
56,Private,10th,6,Married-civ-spouse,Other-service,Husband,White,Male,0,0,35,Cuba
54,Private,Bachelors,13,Never-married,Other-service,Not-in-family,White,Female,0,0,50,United-States
72,?,Some-college,10,Married-spouse-absent,?,Not-in-family,White,Male,0,0,3,United-States
37,Private,Bachelors,13,Married-civ-spouse,Exec-managerial,Husband,White,Male,0,0,40,United-States
45,Private,Some-college,10,Never-married,Farming-fishing,Other-relative,White,Male,0,0,50,United-States
72,Local-gov,Doctorate,16,Married-civ-spouse,Exec-managerial,Husband,White,Male,0,1258,40,United-States
42,Federal-gov,Bachelors,13,Married-civ-spouse,Exec-managerial,Husband,White,Male,0,0,40,United-States
68,Self-emp-not-inc,Some-college,10,Married-civ-spouse,Sales,Husband,White,Male,20051,0,40,United-States
68,Private,Assoc-voc,11,Widowed,Exec-managerial,Not-in-family,White,Female,0,0,40,United-States
72,Private,HS-grad,9,Widowed,Other-service,Unmarried,White,Female,0,0,16,United-States
21,Private,Some-college,10,Never-married,Adm-clerical,Own-child,White,Female,0,0,40,United-States
30,Private,HS-grad,9,Never-married,Adm-clerical,Not-in-family,White,Female,0,0,45,United-States
22,Private,HS-grad,9,Never-married,Other-service,Not-in-family,White,Female,0,0,48,?
32,Private,HS-grad,9,Never-married,Machine-op-inspct,Unmarried,Black,Female,0,0,40,United-States
46,Private,HS-grad,9,Separated,Machine-op-inspct,Own-child,Black,Female,0,0,40,United-States
64,State-gov,HS-grad,9,Married-civ-spouse,Farming-fishing,Husband,White,Male,0,0,40,United-States
51,Private,11th,7,Never-married,Other-service,Not-in-family,Black,Female,0,0,40,United-States
34,Private,Some-college,10,Never-married,Adm-clerical,Not-in-family,White,Female,0,0,40,United-States
56,Private,HS-grad,9,Married-civ-spouse,Adm-clerical,Husband,White,Male,0,0,40,United-States
37,Private,Bachelors,13,Never-married,Other-service,Not-in-family,White,Male,0,0,39,United-States
19,?,Some-college,10,Never-married,?,Own-child,White,Male,0,0,30,United-States
59,Self-emp-inc,HS-grad,9,Married-civ-spouse,Sales,Husband,White,Male,0,0,60,United-States
65,Self-emp-not-inc,Masters,14,Married-civ-spouse,Sales,Husband,White,Male,10605,0,44,United-States
48,Private,Masters,14,Married-civ-spouse,Prof-specialty,Husband,White,Male,0,0,40,United-States
80,Private,HS-grad,9,Married-spouse-absent,Machine-op-inspct,Not-in-family,White,Female,0,0,16,United-States
38,Private,HS-grad,9,Divorced,Sales,Unmarried,White,Male,0,0,46,United-States
18,Private,11th,7,Never-married,Other-service,Own-child,White,Male,0,0,12,United-States
62,Federal-gov,HS-grad,9,Widowed,Adm-clerical,Unmarried,White,Female,0,0,40,United-States
56,Self-emp-not-inc,Some-college,10,Married-civ-spouse,Exec-managerial,Wife,White,Female,0,1977,50,United-States
32,Private,HS-grad,9,Never-married,Adm-clerical,Other-relative,White,Female,0,0,50,United-States
36,Private,Prof-school,15,Married-civ-spouse,Prof-specialty,Husband,White,Male,7298,0,50,United-States
54,Federal-gov,Some-college,10,Married-civ-spouse,Craft-repair,Husband,White,Male,0,0,40,United-States
52,Private,Some-college,10,Married-civ-spouse,Adm-clerical,Wife,White,Female,0,0,35,United-States
55,Local-gov,HS-grad,9,Divorced,Adm-clerical,Unmarried,White,Male,0,0,40,United-States
43,Local-gov,Bachelors,13,Divorced,Prof-specialty,Unmarried,White,Female,0,0,55,United-States
68,Self-emp-inc,HS-grad,9,Married-civ-spouse,Sales,Husband,White,Male,0,0,40,United-States
20,Self-emp-not-inc,10th,6,Never-married,Machine-op-inspct,Own-child,White,Male,0,0,40,United-States
56,Private,Some-college,10,Married-civ-spouse,Adm-clerical,Husband,White,Male,0,0,35,United-States
81,Private,7th-8th,4,Married-civ-spouse,Transport-moving,Husband,White,Male,0,0,10,United-States
52,Private,HS-grad,9,Never-married,Sales,Not-in-family,White,Male,0,0,40,United-States
49,State-gov,10th,6,Married-civ-spouse,Other-service,Husband,White,Male,0,0,40,United-States
21,?,Some-college,10,Never-married,?,Own-child,White,Male,0,0,20,United-States
20,Private,HS-grad,9,Never-married,Other-service,Own-child,White,Male,0,0,30,United-States
41,Local-gov,Some-college,10,Married-civ-spouse,Handlers-cleaners,Husband,White,Male,0,0,40,United-States
84,Local-gov,HS-grad,9,Widowed,Exec-managerial,Not-in-family,White,Female,0,0,33,United-States
57,Private,Some-college,10,Divorced,Adm-clerical,Unmarried,White,Female,0,0,40,United-States
63,Private,Assoc-acdm,12,Married-civ-spouse,Exec-managerial,Husband,White,Male,0,0,40,United-States
40,Private,HS-grad,9,Separated,Adm-clerical,Unmarried,Black,Female,0,0,40,United-States
29,Private,HS-grad,9,Married-civ-spouse,Craft-repair,Husband,White,Male,0,0,45,United-States
62,?,HS-grad,9,Married-civ-spouse,?,Husband,White,Male,0,0,24,United-States
58,Self-emp-not-inc,10th,6,Married-civ-spouse,Craft-repair,Husband,White,Male,2407,0,25,United-States
68,Private,Bachelors,13,Married-civ-spouse,Sales,Husband,White,Male,20051,0,40,United-States
53,Private,Masters,14,Married-civ-spouse,Exec-managerial,Husband,White,Male,15024,0,55,United-States
22,Private,HS-grad,9,Never-married,Adm-clerical,Own-child,White,Female,0,0,40,Mexico
54,Self-emp-inc,Bachelors,13,Married-civ-spouse,Sales,Husband,White,Male,0,0,40,United-States
80,?,1st-4th,2,Separated,?,Not-in-family,Black,Male,0,0,15,United-States
74,Private,Bachelors,13,Widowed,Other-service,Not-in-family,White,Female,0,0,8,United-States
42,Private,9th,5,Divorced,Other-service,Unmarried,White,Female,0,0,40,United-States
19,Private,HS-grad,9,Never-married,Sales,Own-child,White,Female,0,0,35,United-States
51,Private,11th,7,Married-civ-spouse,Sales,Husband,White,Male,4386,0,30,United-States
36,Private,Bachelors,13,Married-civ-spouse,Exec-managerial,Husband,White,Male,0,0,50,United-States
54,Private,10th,6,Married-civ-spouse,Transport-moving,Husband,White,Male,0,0,40,United-States
44,Private,Masters,14,Divorced,Exec-managerial,Unmarried,White,Female,0,0,40,United-States
18,Local-gov,Some-college,10,Never-married,Exec-managerial,Own-child,White,Male,0,0,12,United-States
40,Private,HS-grad,9,Divorced,Transport-moving,Unmarried,White,Male,0,0,45,United-States
36,Private,HS-grad,9,Married-civ-spouse,Craft-repair,Husband,White,Male,0,0,40,United-States
20,Private,Some-college,10,Never-married,Sales,Other-relative,Other,Female,0,0,40,United-States
63,Private,Bachelors,13,Married-civ-spouse,Exec-managerial,Husband,White,Male,0,0,50,United-States
44,Local-gov,Assoc-voc,11,Married-civ-spouse,Craft-repair,Husband,White,Male,0,0,40,United-States
21,Private,Some-college,10,Never-married,Adm-clerical,Own-child,White,Female,4416,0,24,United-States
61,Private,Some-college,10,Never-married,Priv-house-serv,Not-in-family,White,Female,0,0,40,United-States
43,Self-emp-not-inc,Assoc-voc,11,Married-civ-spouse,Craft-repair,Husband,White,Male,0,0,40,United-States
36,Private,Bachelors,13,Married-civ-spouse,Exec-managerial,Husband,White,Male,7688,0,40,United-States
43,Private,HS-grad,9,Married-civ-spouse,Sales,Husband,White,Male,0,0,40,United-States
18,Private,11th,7,Never-married,Prof-specialty,Own-child,White,Male,0,0,40,United-States
60,State-gov,Masters,14,Married-civ-spouse,Prof-specialty,Husband,Asian-Pac-Islander,Male,0,0,38,China
70,?,Some-college,10,Married-civ-spouse,?,Husband,White,Male,0,0,4,United-States
74,?,HS-grad,9,Married-civ-spouse,?,Husband,White,Male,0,0,48,United-States
17,Private,10th,6,Never-married,Other-service,Own-child,White,Female,0,1602,10,United-States
73,Self-emp-inc,Some-college,10,Divorced,Exec-managerial,Not-in-family,White,Female,0,0,40,United-States
30,Private,HS-grad,9,Divorced,Machine-op-inspct,Not-in-family,White,Male,0,0,40,United-States
69,Self-emp-inc,Bachelors,13,Married-civ-spouse,Exec-managerial,Husband,White,Male,6418,0,45,United-States
28,State-gov,HS-grad,9,Married-civ-spouse,Protective-serv,Husband,White,Male,0,0,40,United-States
52,Private,HS-grad,9,Married-civ-spouse,Machine-op-inspct,Wife,Asian-Pac-Islander,Female,0,0,40,China
23,State-gov,Bachelors,13,Never-married,Prof-specialty,Not-in-family,White,Female,0,0,40,United-States
44,Private,Assoc-acdm,12,Divorced,Prof-specialty,Not-in-family,White,Female,0,0,40,United-States
19,Private,Some-college,10,Never-married,Adm-clerical,Own-child,White,Female,0,1719,25,United-States
79,?,Masters,14,Married-civ-spouse,?,Husband,White,Male,20051,0,40,Poland
57,Private,HS-grad,9,Never-married,Adm-clerical,Own-child,White,Female,0,0,40,United-States
38,Private,Bachelors,13,Married-civ-spouse,Craft-repair,Wife,White,Female,0,0,40,United-States
40,Private,Bachelors,13,Married-civ-spouse,Adm-clerical,Husband,White,Male,0,0,40,Mexico
69,Private,HS-grad,9,Divorced,Other-service,Not-in-family,White,Female,0,0,32,United-States
20,Self-emp-inc,HS-grad,9,Divorced,Handlers-cleaners,Own-child,White,Male,0,0,25,United-States
73,Private,HS-grad,9,Widowed,Other-service,Not-in-family,White,Female,0,0,37,United-States
45,Private,HS-grad,9,Divorced,Other-service,Not-in-family,White,Female,0,0,30,United-States
28,Private,5th-6th,3,Never-married,Machine-op-inspct,Not-in-family,White,Female,0,0,40,?
77,Local-gov,7th-8th,4,Married-civ-spouse,Other-service,Husband,White,Male,0,0,8,Canada
27,Private,HS-grad,9,Married-civ-spouse,Handlers-cleaners,Husband,White,Male,0,0,40,Mexico
18,?,Some-college,10,Never-married,?,Own-child,White,Male,0,0,16,United-States
31,Local-gov,HS-grad,9,Married-civ-spouse,Protective-serv,Husband,White,Male,0,0,48,United-States
37,Private,Masters,14,Never-married,Prof-specialty,Not-in-family,Asian-Pac-Islander,Female,0,0,40,China
64,Self-emp-not-inc,Prof-school,15,Married-civ-spouse,Prof-specialty,Husband,White,Male,0,0,40,United-States
27,Private,Masters,14,Never-married,Sales,Not-in-family,White,Male,0,0,42,Mexico
63,Self-emp-not-inc,Bachelors,13,Married-civ-spouse,Prof-specialty,Husband,White,Male,0,0,40,United-States
71,Self-emp-not-inc,7th-8th,4,Married-civ-spouse,Farming-fishing,Husband,White,Male,6514,0,40,United-States
34,Private,HS-grad,9,Married-civ-spouse,Craft-repair,Husband,Black,Male,0,0,40,United-States
27,Private,Assoc-voc,11,Married-civ-spouse,Craft-repair,Husband,White,Male,0,0,40,United-States
47,Local-gov,12th,8,Married-civ-spouse,Adm-clerical,Husband,White,Male,0,0,35,Puerto-Rico
70,Private,Bachelors,13,Divorced,Adm-clerical,Not-in-family,White,Male,0,0,40,United-States
46,State-gov,Masters,14,Never-married,Exec-managerial,Not-in-family,White,Female,0,0,38,United-States
24,Private,Some-college,10,Never-married,Tech-support,Not-in-family,White,Female,0,0,37,United-States
35,Private,HS-grad,9,Married-civ-spouse,Farming-fishing,Husband,White,Male,0,1672,40,United-States
26,Private,Bachelors,13,Married-civ-spouse,Exec-managerial,Wife,White,Female,0,0,45,United-States
46,Private,Bachelors,13,Separated,Prof-specialty,Unmarried,White,Female,0,0,50,United-States
69,Private,HS-grad,9,Widowed,Adm-clerical,Unmarried,White,Female,1848,0,12,United-States
23,Private,Bachelors,13,Never-married,Tech-support,Not-in-family,White,Female,0,0,40,United-States
75,?,Bachelors,13,Widowed,?,Not-in-family,White,Female,25124,0,16,United-States
76,Private,HS-grad,9,Never-married,Adm-clerical,Other-relative,White,Female,0,0,40,United-States
35,State-gov,Bachelors,13,Married-civ-spouse,Protective-serv,Husband,White,Male,0,0,40,United-States
19,Private,Some-college,10,Never-married,Adm-clerical,Own-child,White,Female,0,0,20,United-States
59,Local-gov,Some-college,10,Widowed,Other-service,Not-in-family,White,Female,0,0,40,Poland
63,Private,12th,8,Widowed,Priv-house-serv,Unmarried,Black,Female,0,0,35,United-States
32,Private,Bachelors,13,Married-civ-spouse,Sales,Husband,White,Male,0,1887,40,United-States
41,Private,Some-college,10,Married-civ-spouse,Tech-support,Husband,White,Male,0,0,40,Haiti
21,Private,HS-grad,9,Never-married,Sales,Own-child,White,Female,0,0,30,United-States
34,Self-emp-not-inc,HS-grad,9,Divorced,Exec-managerial,Not-in-family,White,Male,0,0,60,United-States
51,Self-emp-not-inc,Bachelors,13,Married-civ-spouse,Exec-managerial,Wife,White,Female,0,0,40,United-States
49,Private,Bachelors,13,Divorced,Exec-managerial,Not-in-family,White,Female,0,0,40,United-States
72,Private,11th,7,Widowed,Adm-clerical,Unmarried,White,Female,0,0,40,United-States
22,State-gov,Bachelors,13,Never-married,Prof-specialty,Own-child,Black,Male,0,0,20,United-States
42,State-gov,HS-grad,9,Never-married,Protective-serv,Not-in-family,White,Male,0,0,40,United-States
51,Self-emp-not-inc,HS-grad,9,Married-civ-spouse,Farming-fishing,Husband,White,Male,0,0,55,United-States
21,Private,Some-college,10,Never-married,Handlers-cleaners,Own-child,White,Male,0,0,40,United-States
75,Local-gov,HS-grad,9,Divorced,Adm-clerical,Not-in-family,White,Female,0,0,20,United-States
69,Local-gov,Some-college,10,Married-civ-spouse,Other-service,Husband,White,Male,0,0,40,United-States
34,Private,HS-grad,9,Married-civ-spouse,Transport-moving,Husband,White,Male,0,0,48,United-States
67,Private,9th,5,Married-civ-spouse,Protective-serv,Husband,White,Male,0,0,40,United-States
53,Private,Assoc-voc,11,Divorced,Adm-clerical,Not-in-family,Black,Female,2202,0,40,United-States
25,?,Some-college,10,Married-civ-spouse,?,Husband,White,Male,0,0,2,United-States
56,Self-emp-not-inc,1st-4th,2,Separated,Exec-managerial,Not-in-family,White,Male,0,0,25,?
81,Private,Some-college,10,Divorced,Adm-clerical,Not-in-family,White,Female,0,0,20,United-States
40,Private,HS-grad,9,Divorced,Craft-repair,Not-in-family,White,Male,0,0,40,United-States
49,Local-gov,Masters,14,Divorced,Exec-managerial,Not-in-family,White,Female,0,0,40,United-States
33,Private,HS-grad,9,Married-civ-spouse,Other-service,Husband,White,Male,0,0,40,United-States
44,Private,Some-college,10,Never-married,Craft-repair,Not-in-family,White,Male,0,0,38,United-States
42,Private,HS-grad,9,Divorced,Craft-repair,Unmarried,White,Female,0,0,40,United-States
52,Private,HS-grad,9,Divorced,Machine-op-inspct,Not-in-family,White,Female,0,0,38,United-States
68,?,Bachelors,13,Married-civ-spouse,?,Husband,White,Male,0,0,25,United-States
48,Local-gov,Masters,14,Married-civ-spouse,Prof-specialty,Husband,White,Male,7688,0,50,United-States
35,Private,HS-grad,9,Divorced,Prof-specialty,Not-in-family,White,Male,0,0,40,United-States
68,Local-gov,HS-grad,9,Widowed,Protective-serv,Not-in-family,White,Male,0,1668,20,United-States
78,Self-emp-not-inc,HS-grad,9,Married-civ-spouse,Farming-fishing,Husband,White,Male,3471,0,50,United-States
34,Private,Bachelors,13,Married-civ-spouse,Sales,Husband,White,Male,7298,0,46,United-States
62,Federal-gov,Some-college,10,Married-civ-spouse,Adm-clerical,Husband,White,Male,0,0,40,United-States
75,Private,Some-college,10,Married-civ-spouse,Exec-managerial,Husband,White,Male,0,0,35,United-States
65,Private,11th,7,Widowed,Other-service,Unmarried,Other,Male,0,0,40,United-States
27,Private,9th,5,Married-civ-spouse,Craft-repair,Husband,White,Male,0,0,40,United-States
68,Private,Some-college,10,Widowed,Exec-managerial,Not-in-family,White,Female,0,0,45,United-States
32,State-gov,Bachelors,13,Married-civ-spouse,Adm-clerical,Husband,White,Male,0,0,55,United-States
18,Private,HS-grad,9,Never-married,Machine-op-inspct,Other-relative,White,Male,2176,0,25,United-States
72,Self-emp-inc,Prof-school,15,Married-civ-spouse,Prof-specialty,Husband,White,Male,0,2377,35,United-States
40,Private,HS-grad,9,Never-married,Craft-repair,Not-in-family,Amer-Indian-Eskimo,Male,0,0,40,United-States
55,Self-emp-inc,HS-grad,9,Divorced,Sales,Unmarried,White,Female,0,0,50,United-States
38,?,10th,6,Separated,?,Own-child,White,Male,0,0,35,United-States
63,Federal-gov,HS-grad,9,Widowed,Exec-managerial,Not-in-family,White,Female,0,0,40,United-States
20,?,Some-college,10,Never-married,?,Own-child,White,Male,0,0,40,Portugal
35,Self-emp-not-inc,HS-grad,9,Never-married,Other-service,Unmarried,White,Female,0,0,5,Canada
53,Private,HS-grad,9,Never-married,Craft-repair,Not-in-family,White,Male,0,0,40,United-States
35,Private,Bachelors,13,Never-married,Prof-specialty,Not-in-family,White,Male,0,0,40,United-States
35,Private,Some-college,10,Never-married,Machine-op-inspct,Not-in-family,White,Male,0,1974,40,United-States
29,Private,11th,7,Married-civ-spouse,Handlers-cleaners,Wife,Asian-Pac-Islander,Female,2829,0,14,Philippines
38,Private,1st-4th,2,Married-civ-spouse,Handlers-cleaners,Husband,White,Male,0,0,40,Mexico
58,Private,Some-college,10,Divorced,Adm-clerical,Unmarried,White,Female,0,0,40,United-States
37,Local-gov,Bachelors,13,Never-married,Tech-support,Own-child,White,Female,0,0,42,United-States
72,Private,9th,5,Married-civ-spouse,Sales,Husband,White,Male,0,0,16,United-States
43,Private,Some-college,10,Never-married,Other-service,Not-in-family,White,Male,0,0,40,United-States
40,Private,Bachelors,13,Divorced,Machine-op-inspct,Unmarried,White,Female,0,0,38,United-States
51,Self-emp-not-inc,Prof-school,15,Married-civ-spouse,Prof-specialty,Husband,Other,Male,99999,0,70,India
50,Private,Bachelors,13,Divorced,Prof-specialty,Other-relative,White,Female,0,0,50,United-States
48,Self-emp-not-inc,HS-grad,9,Married-civ-spouse,Craft-repair,Husband,White,Male,0,0,40,United-States
59,Private,HS-grad,9,Married-civ-spouse,Craft-repair,Husband,White,Male,0,0,40,United-States
31,Private,HS-grad,9,Married-civ-spouse,Craft-repair,Husband,White,Male,0,0,40,United-States
21,Private,Some-college,10,Never-married,Sales,Own-child,White,Female,0,0,40,United-States
60,?,HS-grad,9,Widowed,?,Not-in-family,White,Male,0,0,35,Poland
19,Private,Some-college,10,Never-married,Transport-moving,Not-in-family,White,Male,0,0,50,United-States
49,Private,HS-grad,9,Married-civ-spouse,Machine-op-inspct,Wife,White,Female,0,0,40,United-States
61,Local-gov,1st-4th,2,Married-civ-spouse,Other-service,Husband,White,Male,0,0,40,Mexico
51,State-gov,Bachelors,13,Married-civ-spouse,Prof-specialty,Husband,Black,Male,0,0,40,United-States
35,Private,Some-college,10,Married-civ-spouse,Handlers-cleaners,Husband,White,Male,0,0,40,United-States
35,Private,Some-college,10,Married-spouse-absent,Adm-clerical,Not-in-family,Black,Female,0,0,40,United-States
76,Self-emp-not-inc,7th-8th,4,Married-civ-spouse,Craft-repair,Husband,White,Male,0,0,10,United-States
65,Self-emp-inc,Doctorate,16,Married-civ-spouse,Exec-managerial,Husband,White,Male,99999,0,40,United-States
59,Private,HS-grad,9,Married-civ-spouse,Transport-moving,Husband,White,Male,0,0,45,United-States
54,Private,7th-8th,4,Divorced,Machine-op-inspct,Not-in-family,Black,Male,0,0,40,United-States
55,Private,Doctorate,16,Never-married,Prof-specialty,Not-in-family,White,Male,0,0,40,United-States
42,Private,Bachelors,13,Never-married,Exec-managerial,Not-in-family,White,Male,0,0,55,United-States
72,Self-emp-not-inc,Prof-school,15,Married-civ-spouse,Prof-specialty,Husband,White,Male,0,0,35,United-States
53,Private,HS-grad,9,Married-civ-spouse,Craft-repair,Husband,White,Male,0,0,40,United-States
18,Private,12th,8,Never-married,Handlers-cleaners,Own-child,White,Male,0,0,20,United-States
78,Local-gov,Bachelors,13,Married-civ-spouse,Exec-managerial,Husband,White,Male,0,0,15,United-States
61,Private,HS-grad,9,Widowed,Sales,Not-in-family,White,Female,0,0,35,United-States
42,Private,5th-6th,3,Married-civ-spouse,Craft-repair,Husband,Other,Male,3103,0,40,Mexico
60,Self-emp-not-inc,HS-grad,9,Married-civ-spouse,Craft-repair,Husband,White,Male,0,0,30,United-States
62,Private,Some-college,10,Married-civ-spouse,Craft-repair,Husband,White,Male,0,0,45,United-States
60,Private,Bachelors,13,Married-civ-spouse,Exec-managerial,Husband,White,Male,0,0,45,United-States
23,Private,HS-grad,9,Never-married,Handlers-cleaners,Own-child,White,Female,0,0,30,United-States
48,Private,HS-grad,9,Separated,Craft-repair,Unmarried,Black,Male,0,0,45,United-States
36,Private,Some-college,10,Divorced,Exec-managerial,Unmarried,Black,Female,0,0,38,United-States
76,Self-emp-inc,Bachelors,13,Married-civ-spouse,Farming-fishing,Husband,White,Male,6514,0,40,United-States
28,Private,HS-grad,9,Married-civ-spouse,Craft-repair,Husband,White,Male,99999,0,40,United-States
73,Self-emp-not-inc,HS-grad,9,Married-civ-spouse,Sales,Husband,White,Male,0,0,40,United-States
34,Private,7th-8th,4,Married-civ-spouse,Craft-repair,Wife,Other,Female,0,0,48,?
49,Local-gov,HS-grad,9,Married-civ-spouse,Machine-op-inspct,Husband,Black,Male,0,0,40,United-States
54,Private,Bachelors,13,Never-married,Prof-specialty,Not-in-family,White,Female,0,0,50,United-States
70,Private,Assoc-voc,11,Married-civ-spouse,Machine-op-inspct,Husband,White,Male,9386,0,50,United-States
64,Self-emp-not-inc,Some-college,10,Married-civ-spouse,Exec-managerial,Husband,White,Male,0,1421,35,United-States
69,Private,9th,5,Never-married,Craft-repair,Other-relative,White,Male,2993,0,40,United-States
39,Local-gov,HS-grad,9,Never-married,Exec-managerial,Own-child,Amer-Indian-Eskimo,Female,0,0,40,United-States
41,Private,Assoc-acdm,12,Married-civ-spouse,Sales,Husband,White,Male,0,0,45,United-States
30,Private,Assoc-acdm,12,Married-civ-spouse,Exec-managerial,Wife,Other,Female,0,1977,40,United-States
17,?,10th,6,Never-married,?,Own-child,White,Male,0,0,40,United-States
31,Federal-gov,HS-grad,9,Never-married,Handlers-cleaners,Own-child,White,Female,0,0,40,United-States
49,Private,Some-college,10,Never-married,Craft-repair,Own-child,White,Male,0,0,40,United-States
37,Private,Some-college,10,Never-married,Exec-managerial,Not-in-family,White,Male,0,0,40,United-States
51,Private,HS-grad,9,Divorced,Sales,Unmarried,White,Male,0,0,16,United-States
73,?,Bachelors,13,Widowed,?,Not-in-family,White,Female,0,0,15,United-States
41,Private,Bachelors,13,Married-civ-spouse,Sales,Husband,White,Male,15024,0,45,United-States
73,Private,HS-grad,9,Widowed,Sales,Other-relative,White,Female,0,0,15,United-States
62,Private,HS-grad,9,Married-civ-spouse,Adm-clerical,Husband,White,Male,0,0,40,United-States
36,Local-gov,HS-grad,9,Divorced,Adm-clerical,Unmarried,White,Female,0,0,40,United-States
72,Private,Some-college,10,Married-civ-spouse,Protective-serv,Husband,White,Male,0,0,40,United-States
30,Private,HS-grad,9,Married-civ-spouse,Handlers-cleaners,Husband,White,Male,0,0,40,United-States
76,?,10th,6,Married-civ-spouse,?,Husband,White,Male,0,0,15,United-States
62,Self-emp-inc,Masters,14,Married-civ-spouse,Sales,Husband,White,Male,0,0,35,United-States
75,Private,Some-college,10,Married-civ-spouse,Transport-moving,Husband,White,Male,0,0,16,United-States
72,Private,Bachelors,13,Divorced,Sales,Unmarried,White,Female,0,0,28,United-States
19,Private,Some-college,10,Never-married,Adm-clerical,Own-child,White,Female,0,0,24,United-States
51,Self-emp-not-inc,11th,7,Married-civ-spouse,Farming-fishing,Husband,White,Male,0,0,45,United-States
55,Private,Prof-school,15,Married-civ-spouse,Exec-managerial,Husband,White,Male,99999,0,40,United-States
50,Self-emp-inc,Prof-school,15,Married-civ-spouse,Prof-specialty,Husband,White,Male,0,0,45,United-States
19,Private,Some-college,10,Never-married,Adm-clerical,Not-in-family,White,Female,0,0,40,United-States
39,Self-emp-not-inc,9th,5,Married-civ-spouse,Farming-fishing,Other-relative,White,Male,0,0,40,Cuba
64,Private,HS-grad,9,Married-civ-spouse,Transport-moving,Husband,White,Male,0,0,16,United-States
43,Local-gov,Some-college,10,Divorced,Adm-clerical,Not-in-family,White,Female,594,0,20,Mexico
46,Private,Bachelors,13,Married-civ-spouse,Tech-support,Husband,White,Male,0,0,40,United-States
38,Private,Some-college,10,Divorced,Exec-managerial,Own-child,Black,Female,0,0,40,United-States
19,Local-gov,Some-college,10,Never-married,Protective-serv,Own-child,White,Male,0,1721,35,United-States
47,Private,Some-college,10,Married-civ-spouse,Machine-op-inspct,Husband,White,Male,0,0,40,United-States
60,Private,Some-college,10,Married-civ-spouse,Sales,Husband,White,Male,0,0,40,United-States
39,Self-emp-inc,Bachelors,13,Married-civ-spouse,Exec-managerial,Husband,White,Male,0,0,45,United-States
73,Private,HS-grad,9,Widowed,Other-service,Other-relative,White,Female,0,0,12,United-States
42,Private,HS-grad,9,Divorced,Transport-moving,Not-in-family,White,Male,0,0,40,United-States
35,Private,Assoc-voc,11,Married-civ-spouse,Sales,Husband,White,Male,0,0,50,Germany
80,?,Prof-school,15,Married-civ-spouse,?,Husband,White,Male,10605,0,10,United-States
63,Private,HS-grad,9,Married-civ-spouse,Exec-managerial,Own-child,Black,Female,0,0,40,United-States
29,Private,Bachelors,13,Never-married,Adm-clerical,Not-in-family,White,Female,0,0,45,United-States
76,Private,HS-grad,9,Divorced,Adm-clerical,Not-in-family,White,Female,0,0,8,United-States
67,Private,HS-grad,9,Married-civ-spouse,Handlers-cleaners,Husband,White,Male,0,0,24,United-States
51,Federal-gov,HS-grad,9,Married-civ-spouse,Other-service,Husband,White,Male,0,0,40,United-States
21,Private,HS-grad,9,Never-married,Craft-repair,Not-in-family,White,Female,0,0,30,United-States
45,Federal-gov,Masters,14,Married-civ-spouse,Exec-managerial,Husband,White,Male,7298,0,40,United-States
34,Local-gov,HS-grad,9,Never-married,Craft-repair,Not-in-family,Amer-Indian-Eskimo,Male,0,0,40,United-States
74,Private,HS-grad,9,Married-civ-spouse,Handlers-cleaners,Husband,White,Male,2653,0,12,United-States
68,Self-emp-not-inc,HS-grad,9,Married-civ-spouse,Craft-repair,Husband,White,Male,0,0,15,United-States
90,?,HS-grad,9,Married-civ-spouse,?,Husband,White,Male,0,0,40,United-States
43,Self-emp-not-inc,Bachelors,13,Married-civ-spouse,Farming-fishing,Husband,White,Male,0,0,70,United-States
56,Private,Some-college,10,Married-civ-spouse,Exec-managerial,Husband,White,Male,0,1887,40,United-States
60,Self-emp-not-inc,HS-grad,9,Married-civ-spouse,Sales,Husband,White,Male,0,0,70,United-States
43,Private,Some-college,10,Never-married,Adm-clerical,Unmarried,White,Male,0,0,38,United-States
60,Private,11th,7,Divorced,Protective-serv,Not-in-family,White,Male,0,0,40,United-States
55,Private,Some-college,10,Divorced,Adm-clerical,Not-in-family,White,Female,0,0,40,United-States
27,Private,Some-college,10,Married-civ-spouse,Craft-repair,Husband,White,Male,0,0,55,?
63,Private,HS-grad,9,Married-civ-spouse,Sales,Husband,White,Male,0,0,50,?
45,Self-emp-inc,Prof-school,15,Divorced,Prof-specialty,Unmarried,White,Male,25236,0,36,United-States
55,Federal-gov,HS-grad,9,Widowed,Adm-clerical,Unmarried,White,Female,0,0,40,United-States
26,Private,HS-grad,9,Never-married,Other-service,Own-child,Black,Male,0,0,40,United-States
40,Local-gov,HS-grad,9,Married-civ-spouse,Other-service,Other-relative,White,Male,3137,0,40,United-States
30,Private,HS-grad,9,Never-married,Adm-clerical,Own-child,White,Female,0,0,40,United-States
37,Private,Some-college,10,Divorced,Adm-clerical,Not-in-family,Black,Female,0,0,37,United-States
17,?,10th,6,Never-married,?,Own-child,Other,Female,0,0,20,United-States
34,Private,Bachelors,13,Married-civ-spouse,Exec-managerial,Husband,White,Male,0,0,40,United-States
54,Self-emp-inc,HS-grad,9,Married-civ-spouse,Exec-managerial,Husband,White,Male,7688,0,60,United-States
55,Private,Masters,14,Divorced,Sales,Not-in-family,White,Male,10520,0,40,United-States
27,Private,Masters,14,Never-married,Machine-op-inspct,Not-in-family,White,Female,0,0,40,United-States
49,Private,HS-grad,9,Married-civ-spouse,Craft-repair,Husband,White,Male,0,0,43,United-States
19,Private,HS-grad,9,Never-married,Other-service,Not-in-family,White,Male,0,0,35,United-States
38,Self-emp-not-inc,Some-college,10,Married-civ-spouse,Craft-repair,Husband,White,Male,0,0,36,United-States
61,State-gov,HS-grad,9,Married-civ-spouse,Transport-moving,Husband,White,Male,0,0,40,United-States
42,Private,HS-grad,9,Married-civ-spouse,Craft-repair,Husband,White,Male,7688,0,50,United-States
46,Self-emp-not-inc,Prof-school,15,Married-civ-spouse,Prof-specialty,Husband,White,Male,15024,0,35,Cuba
45,Federal-gov,Bachelors,13,Married-civ-spouse,Exec-managerial,Husband,White,Male,0,0,40,United-States
55,Private,HS-grad,9,Married-civ-spouse,Farming-fishing,Husband,White,Male,0,0,53,United-States
65,Local-gov,HS-grad,9,Divorced,Adm-clerical,Not-in-family,White,Female,0,0,16,United-States
24,Local-gov,Some-college,10,Separated,Protective-serv,Not-in-family,White,Male,0,0,60,United-States
28,Private,Bachelors,13,Married-civ-spouse,Exec-managerial,Husband,White,Male,0,0,50,United-States
36,State-gov,Masters,14,Never-married,Prof-specialty,Own-child,White,Female,0,0,40,United-States
90,Private,HS-grad,9,Never-married,Other-service,Own-child,White,Female,0,0,24,United-States
34,Private,Assoc-voc,11,Married-civ-spouse,Craft-repair,Husband,White,Male,0,0,50,United-States
44,Private,Bachelors,13,Married-civ-spouse,Tech-support,Husband,White,Male,0,0,40,United-States
18,Private,Some-college,10,Never-married,Other-service,Own-child,White,Female,0,0,20,United-States
46,Private,Assoc-acdm,12,Never-married,Adm-clerical,Not-in-family,White,Female,0,0,47,Cuba
33,Private,Some-college,10,Never-married,Adm-clerical,Not-in-family,White,Male,0,0,49,United-States
49,Private,Bachelors,13,Married-civ-spouse,Exec-managerial,Husband,White,Male,0,0,75,United-States
22,Private,Bachelors,13,Never-married,Prof-specialty,Not-in-family,White,Female,8614,0,40,United-States
90,Private,9th,5,Never-married,Adm-clerical,Not-in-family,White,Female,0,0,40,United-States
23,Private,Some-college,10,Never-married,Sales,Not-in-family,White,Male,0,0,25,United-States
43,Private,Assoc-acdm,12,Never-married,Prof-specialty,Not-in-family,White,Female,0,0,32,?
28,Private,Bachelors,13,Married-civ-spouse,Adm-clerical,Husband,White,Male,0,0,40,?
33,State-gov,Some-college,10,Separated,Tech-support,Not-in-family,White,Male,0,0,12,United-States
59,Private,Masters,14,Married-civ-spouse,Prof-specialty,Husband,White,Male,0,0,55,United-States
69,Private,7th-8th,4,Married-civ-spouse,Handlers-cleaners,Husband,White,Male,0,0,6,United-States
31,Private,Bachelors,13,Never-married,Sales,Not-in-family,White,Female,0,0,65,United-States
25,Private,Some-college,10,Divorced,Adm-clerical,Unmarried,White,Female,0,0,40,United-States
66,Private,HS-grad,9,Widowed,Sales,Not-in-family,Black,Female,0,0,24,United-States
59,State-gov,HS-grad,9,Widowed,Adm-clerical,Not-in-family,White,Female,0,0,40,United-States
26,Private,Some-college,10,Never-married,Adm-clerical,Own-child,White,Male,0,0,20,United-States
29,?,Bachelors,13,Never-married,?,Not-in-family,White,Male,0,0,40,United-States
19,Private,Some-college,10,Never-married,Sales,Own-child,White,Male,0,0,25,United-States
17,Private,11th,7,Never-married,Sales,Own-child,White,Male,0,0,20,United-States
38,Private,HS-grad,9,Divorced,Other-service,Unmarried,White,Female,0,0,48,United-States
20,Private,Some-college,10,Never-married,Handlers-cleaners,Own-child,White,Female,0,0,40,United-States
30,Private,HS-grad,9,Married-civ-spouse,Transport-moving,Husband,Black,Male,0,0,45,United-States
53,Self-emp-inc,Doctorate,16,Divorced,Exec-managerial,Not-in-family,White,Male,14084,0,50,United-States
58,Private,HS-grad,9,Married-civ-spouse,Machine-op-inspct,Husband,White,Male,0,0,40,United-States
24,?,HS-grad,9,Separated,?,Unmarried,Black,Female,0,0,37,United-States
68,Private,Masters,14,Never-married,Adm-clerical,Not-in-family,White,Female,6360,0,20,United-States
32,Private,HS-grad,9,Married-civ-spouse,Craft-repair,Husband,White,Male,0,0,40,United-States
63,?,HS-grad,9,Married-civ-spouse,?,Husband,White,Male,0,1485,40,United-States
25,Private,HS-grad,9,Never-married,Other-service,Own-child,White,Female,0,0,40,United-States
36,Local-gov,Bachelors,13,Married-civ-spouse,Prof-specialty,Own-child,White,Male,0,0,40,United-States
70,Self-emp-not-inc,11th,7,Married-civ-spouse,Farming-fishing,Husband,White,Male,0,0,40,United-States
23,Private,11th,7,Never-married,Handlers-cleaners,Own-child,White,Male,0,0,50,United-States
62,State-gov,Bachelors,13,Divorced,Prof-specialty,Not-in-family,White,Male,14084,0,40,United-States
66,Private,Some-college,10,Married-civ-spouse,Sales,Husband,White,Male,0,0,28,United-States
61,Private,10th,6,Never-married,Other-service,Own-child,White,Female,4416,0,38,United-States
41,?,Assoc-voc,11,Married-civ-spouse,?,Husband,White,Male,0,2415,12,United-States
48,Private,Some-college,10,Married-civ-spouse,Transport-moving,Husband,White,Male,0,0,60,United-States
61,Private,11th,7,Married-civ-spouse,Protective-serv,Husband,White,Male,0,0,36,United-States
23,State-gov,Assoc-voc,11,Never-married,Tech-support,Not-in-family,White,Female,0,0,40,United-States
29,Self-emp-not-inc,Bachelors,13,Never-married,Prof-specialty,Other-relative,White,Male,0,0,40,United-States
44,Private,Some-college,10,Married-civ-spouse,Other-service,Husband,White,Male,0,0,40,United-States
37,Private,Assoc-voc,11,Separated,Prof-specialty,Own-child,White,Female,0,0,38,United-States
19,Self-emp-not-inc,HS-grad,9,Never-married,Adm-clerical,Own-child,Asian-Pac-Islander,Female,0,0,30,United-States
54,Self-emp-not-inc,HS-grad,9,Married-civ-spouse,Sales,Husband,White,Male,0,0,50,United-States
72,Private,Assoc-voc,11,Widowed,Adm-clerical,Not-in-family,White,Female,0,0,40,United-States
33,Private,HS-grad,9,Divorced,Other-service,Unmarried,White,Female,0,0,32,United-States
39,Self-emp-inc,HS-grad,9,Divorced,Craft-repair,Unmarried,White,Male,0,0,60,United-States
20,?,Some-college,10,Never-married,?,Own-child,White,Male,0,0,25,United-States
51,Local-gov,Masters,14,Married-civ-spouse,Prof-specialty,Husband,White,Male,0,0,60,United-States
28,Private,HS-grad,9,Divorced,Handlers-cleaners,Own-child,White,Male,0,0,40,United-States
59,Private,Some-college,10,Divorced,Prof-specialty,Not-in-family,White,Female,0,0,48,United-States
19,Private,HS-grad,9,Never-married,Other-service,Own-child,White,Female,0,0,24,United-States
45,Private,Prof-school,15,Married-civ-spouse,Prof-specialty,Husband,White,Male,0,0,60,United-States
68,Self-emp-not-inc,Assoc-voc,11,Married-civ-spouse,Prof-specialty,Husband,White,Male,0,2149,40,United-States
58,Private,HS-grad,9,Divorced,Tech-support,Not-in-family,White,Male,4787,0,39,United-States
19,Private,12th,8,Never-married,Machine-op-inspct,Own-child,White,Male,0,0,40,United-States
39,Private,Some-college,10,Never-married,Farming-fishing,Not-in-family,White,Female,0,0,40,United-States
20,Private,Some-college,10,Never-married,Prof-specialty,Own-child,White,Male,0,0,25,United-States
64,?,Some-college,10,Married-civ-spouse,?,Husband,White,Male,0,0,40,United-States
59,Private,HS-grad,9,Separated,Other-service,Not-in-family,White,Female,0,0,37,United-States
74,?,Assoc-acdm,12,Widowed,?,Not-in-family,White,Female,0,0,20,United-States
22,Local-gov,Some-college,10,Never-married,Protective-serv,Other-relative,White,Female,0,0,43,United-States
26,Private,Assoc-acdm,12,Divorced,Prof-specialty,Unmarried,White,Female,0,0,45,United-States
37,Private,11th,7,Married-civ-spouse,Craft-repair,Husband,White,Male,0,0,45,United-States
43,Private,10th,6,Married-civ-spouse,Transport-moving,Husband,White,Male,0,0,40,United-States
38,Private,Some-college,10,Divorced,Craft-repair,Unmarried,White,Female,0,0,40,United-States
25,Private,Bachelors,13,Never-married,Exec-managerial,Own-child,White,Male,0,0,40,United-States
18,Private,10th,6,Never-married,Other-service,Own-child,White,Male,0,0,24,United-States
42,Private,HS-grad,9,Married-civ-spouse,Transport-moving,Husband,White,Male,0,0,40,United-States
71,Private,HS-grad,9,Widowed,Adm-clerical,Unmarried,White,Female,0,0,25,United-States
49,Private,Some-college,10,Married-civ-spouse,Machine-op-inspct,Husband,Black,Male,0,0,60,United-States
58,State-gov,Bachelors,13,Widowed,Tech-support,Unmarried,White,Female,0,0,40,United-States
59,Federal-gov,HS-grad,9,Married-civ-spouse,Craft-repair,Husband,White,Male,0,0,40,United-States
20,Private,Some-college,10,Never-married,Sales,Own-child,White,Male,0,0,40,United-States
31,Private,7th-8th,4,Never-married,Handlers-cleaners,Other-relative,White,Male,0,0,25,United-States
65,Private,HS-grad,9,Married-civ-spouse,Other-service,Husband,White,Male,0,0,32,United-States
39,Private,HS-grad,9,Widowed,Adm-clerical,Own-child,White,Female,0,0,40,United-States
53,Local-gov,Bachelors,13,Married-civ-spouse,Protective-serv,Husband,Asian-Pac-Islander,Male,0,0,50,Philippines
19,Private,HS-grad,9,Never-married,Other-service,Own-child,White,Male,0,0,35,United-States
24,Local-gov,Bachelors,13,Never-married,Prof-specialty,Own-child,White,Female,0,0,37,United-States
40,Private,Assoc-voc,11,Married-civ-spouse,Craft-repair,Husband,White,Male,0,0,40,United-States
72,Private,HS-grad,9,Married-spouse-absent,Machine-op-inspct,Unmarried,White,Male,2346,0,40,?
33,Private,HS-grad,9,Married-civ-spouse,Machine-op-inspct,Husband,White,Male,0,0,40,United-States
60,Private,HS-grad,9,Married-civ-spouse,Sales,Husband,White,Male,0,0,40,United-States
77,Self-emp-inc,Some-college,10,Married-civ-spouse,Sales,Husband,White,Male,0,0,8,United-States
24,Private,Bachelors,13,Never-married,Prof-specialty,Own-child,White,Male,0,0,30,United-States
19,?,Some-college,10,Never-married,?,Own-child,White,Male,0,0,20,England
55,Private,Some-college,10,Never-married,Adm-clerical,Own-child,White,Female,0,0,40,United-States
22,Private,Some-college,10,Never-married,Other-service,Not-in-family,White,Male,0,0,60,United-States
42,Private,HS-grad,9,Married-civ-spouse,Craft-repair,Husband,White,Male,0,0,55,United-States
72,Private,7th-8th,4,Married-civ-spouse,Handlers-cleaners,Wife,White,Female,0,0,10,Poland
67,Self-emp-inc,HS-grad,9,Married-civ-spouse,Exec-managerial,Husband,Asian-Pac-Islander,Male,0,0,40,United-States
75,Self-emp-inc,Some-college,10,Married-civ-spouse,Sales,Husband,White,Male,0,0,50,United-States
54,Local-gov,Masters,14,Widowed,Prof-specialty,Unmarried,White,Female,0,0,38,United-States
28,Private,11th,7,Never-married,Handlers-cleaners,Own-child,White,Female,0,0,20,United-States
19,Private,Some-college,10,Never-married,Other-service,Own-child,White,Female,0,0,20,United-States
19,Private,Some-college,10,Never-married,Tech-support,Own-child,White,Male,0,0,14,United-States
25,Private,Masters,14,Never-married,Sales,Not-in-family,White,Male,0,0,55,United-States
39,Local-gov,Assoc-voc,11,Married-civ-spouse,Protective-serv,Husband,White,Male,0,0,40,United-States
45,Private,HS-grad,9,Married-civ-spouse,Machine-op-inspct,Husband,Black,Male,3137,0,35,United-States
63,Private,Bachelors,13,Widowed,Adm-clerical,Not-in-family,White,Female,0,0,25,United-States
30,?,Bachelors,13,Never-married,?,Not-in-family,Asian-Pac-Islander,Female,0,0,50,Taiwan
62,Private,7th-8th,4,Widowed,Machine-op-inspct,Unmarried,White,Female,0,0,35,United-States
28,Private,HS-grad,9,Married-civ-spouse,Other-service,Wife,White,Female,0,1628,50,United-States
48,Local-gov,Bachelors,13,Married-civ-spouse,Prof-specialty,Husband,White,Male,0,0,40,United-States
72,Private,HS-grad,9,Widowed,Priv-house-serv,Not-in-family,White,Female,0,0,25,United-States
25,Private,Bachelors,13,Widowed,Exec-managerial,Not-in-family,White,Female,0,0,40,United-States
69,Private,7th-8th,4,Married-civ-spouse,Other-service,Husband,White,Male,0,0,20,United-States
59,Private,Bachelors,13,Married-civ-spouse,Sales,Husband,White,Male,0,0,55,United-States
37,?,9th,5,Divorced,?,Unmarried,White,Female,0,0,40,United-States
46,Private,HS-grad,9,Married-civ-spouse,Craft-repair,Husband,White,Male,0,0,45,?
34,Private,HS-grad,9,Married-civ-spouse,Machine-op-inspct,Husband,Black,Male,0,0,40,United-States
39,Private,Masters,14,Married-civ-spouse,Prof-specialty,Husband,White,Male,7688,0,45,United-States
54,State-gov,Bachelors,13,Never-married,Prof-specialty,Unmarried,Asian-Pac-Islander,Female,0,0,40,United-States
40,Private,Some-college,10,Divorced,Exec-managerial,Other-relative,Black,Female,0,0,55,United-States
24,Private,Some-college,10,Never-married,Handlers-cleaners,Own-child,White,Male,0,0,30,United-States
48,Local-gov,Doctorate,16,Never-married,Prof-specialty,Unmarried,Black,Female,0,0,15,United-States
51,Private,10th,6,Married-civ-spouse,Other-service,Husband,White,Male,0,0,40,Mexico
19,Private,Some-college,10,Never-married,Adm-clerical,Own-child,White,Male,0,0,20,United-States
17,Private,11th,7,Never-married,Other-service,Own-child,White,Female,0,0,20,United-States
48,Private,HS-grad,9,Never-married,Machine-op-inspct,Not-in-family,Black,Female,2174,0,40,United-States
64,Private,HS-grad,9,Married-civ-spouse,Sales,Husband,White,Male,0,0,65,United-States
23,Local-gov,Assoc-voc,11,Divorced,Tech-support,Not-in-family,White,Male,0,0,56,United-States
26,Private,Some-college,10,Never-married,Tech-support,Own-child,White,Female,0,0,40,United-States
51,Private,Some-college,10,Married-civ-spouse,Adm-clerical,Wife,White,Female,0,0,35,United-States
56,Self-emp-not-inc,HS-grad,9,Married-civ-spouse,Other-service,Husband,White,Male,0,1902,60,United-States
62,Private,Some-college,10,Married-civ-spouse,Sales,Husband,White,Male,0,0,40,United-States
22,Private,Some-college,10,Never-married,Prof-specialty,Not-in-family,White,Male,0,0,12,United-States
49,Private,HS-grad,9,Married-civ-spouse,Protective-serv,Husband,White,Male,0,0,40,United-States
77,?,HS-grad,9,Married-civ-spouse,?,Husband,White,Male,0,0,15,United-States
62,Private,Some-college,10,Married-civ-spouse,Tech-support,Husband,White,Male,2829,0,24,United-States
31,Private,Assoc-voc,11,Never-married,Tech-support,Not-in-family,White,Male,0,0,40,United-States
56,Private,Doctorate,16,Married-civ-spouse,Prof-specialty,Husband,White,Male,0,0,55,?
34,Private,Bachelors,13,Never-married,Prof-specialty,Not-in-family,White,Female,0,0,45,United-States
21,?,Some-college,10,Never-married,?,Own-child,White,Male,0,0,75,United-States
33,Private,Bachelors,13,Never-married,Sales,Not-in-family,White,Female,0,0,40,United-States
25,Private,Some-college,10,Never-married,Adm-clerical,Own-child,White,Female,0,0,40,United-States
79,Self-emp-not-inc,HS-grad,9,Widowed,Other-service,Not-in-family,White,Female,0,0,24,United-States
45,?,HS-grad,9,Divorced,?,Not-in-family,White,Female,0,0,40,United-States
25,Private,HS-grad,9,Married-civ-spouse,Other-service,Husband,White,Male,0,0,40,Mexico
28,Private,Some-college,10,Never-married,Farming-fishing,Not-in-family,White,Female,0,0,40,United-States
62,?,HS-grad,9,Married-civ-spouse,?,Husband,White,Male,2961,0,30,United-States
71,Self-emp-not-inc,10th,6,Married-civ-spouse,Craft-repair,Husband,White,Male,0,0,8,United-States
34,Private,11th,7,Never-married,Machine-op-inspct,Not-in-family,White,Male,0,0,40,United-States
27,Private,HS-grad,9,Married-civ-spouse,Adm-clerical,Wife,White,Female,0,0,34,United-States
34,Private,HS-grad,9,Never-married,Craft-repair,Not-in-family,White,Male,2202,0,99,United-States
65,Self-emp-not-inc,HS-grad,9,Married-civ-spouse,Machine-op-inspct,Husband,White,Male,0,0,3,United-States
45,Private,HS-grad,9,Divorced,Transport-moving,Not-in-family,White,Male,0,0,40,United-States
30,Private,HS-grad,9,Married-civ-spouse,Craft-repair,Husband,White,Male,0,0,55,United-States
68,Private,Some-college,10,Widowed,Other-service,Not-in-family,White,Female,0,0,20,United-States
42,Private,Bachelors,13,Married-civ-spouse,Sales,Husband,White,Male,0,0,40,United-States
81,Self-emp-not-inc,HS-grad,9,Married-civ-spouse,Exec-managerial,Husband,White,Male,0,0,30,United-States
61,Self-emp-not-inc,HS-grad,9,Married-civ-spouse,Exec-managerial,Husband,White,Male,0,0,40,United-States
49,Local-gov,Bachelors,13,Divorced,Exec-managerial,Unmarried,White,Female,0,625,40,United-States
47,Private,HS-grad,9,Divorced,Exec-managerial,Unmarried,White,Female,0,0,43,United-States
63,Private,11th,7,Widowed,Sales,Not-in-family,White,Female,2176,0,30,United-States
73,Self-emp-not-inc,HS-grad,9,Widowed,Craft-repair,Not-in-family,White,Male,0,0,24,United-States
65,Local-gov,HS-grad,9,Married-civ-spouse,Other-service,Husband,White,Male,0,0,8,United-States
71,Self-emp-not-inc,HS-grad,9,Married-civ-spouse,Machine-op-inspct,Husband,White,Male,1455,0,3,United-States
62,Private,Masters,14,Married-civ-spouse,Exec-managerial,Husband,White,Male,15024,0,40,United-States
27,Private,Assoc-acdm,12,Married-civ-spouse,Tech-support,Wife,White,Female,0,0,38,United-States
71,Local-gov,Masters,14,Widowed,Prof-specialty,Not-in-family,White,Female,0,0,40,United-States
50,Private,HS-grad,9,Married-civ-spouse,Sales,Husband,White,Male,0,0,60,United-States
21,Private,Some-college,10,Married-civ-spouse,Adm-clerical,Husband,White,Male,0,0,40,United-States
38,Private,HS-grad,9,Divorced,Handlers-cleaners,Not-in-family,White,Male,0,0,40,United-States
62,Private,Some-college,10,Divorced,Tech-support,Unmarried,White,Female,0,0,43,United-States
90,Private,Bachelors,13,Never-married,Prof-specialty,Own-child,White,Female,0,0,10,United-States
71,Federal-gov,HS-grad,9,Widowed,Exec-managerial,Not-in-family,White,Male,0,0,9,United-States
34,Private,Bachelors,13,Married-civ-spouse,Exec-managerial,Husband,White,Male,0,0,45,United-States
34,Private,HS-grad,9,Married-civ-spouse,Craft-repair,Husband,White,Male,0,0,40,United-States
35,Private,Some-college,10,Married-civ-spouse,Sales,Husband,White,Male,0,0,40,United-States
31,Self-emp-not-inc,Masters,14,Never-married,Prof-specialty,Not-in-family,White,Male,0,0,45,England
56,?,Some-college,10,Widowed,?,Not-in-family,Black,Female,0,0,40,United-States
37,Private,HS-grad,9,Married-civ-spouse,Handlers-cleaners,Husband,White,Male,0,0,44,United-States
29,?,Some-college,10,Divorced,?,Unmarried,White,Female,0,0,40,United-States
45,State-gov,Assoc-voc,11,Married-civ-spouse,Protective-serv,Husband,White,Male,0,0,40,United-States
49,Private,HS-grad,9,Divorced,Exec-managerial,Unmarried,White,Male,0,0,50,United-States
31,Private,HS-grad,9,Married-civ-spouse,Craft-repair,Husband,White,Male,0,0,40,United-States
57,Private,9th,5,Married-civ-spouse,Craft-repair,Husband,Black,Male,0,0,40,United-States
77,?,Masters,14,Married-civ-spouse,?,Husband,White,Male,9386,0,6,United-States
18,Private,HS-grad,9,Never-married,Craft-repair,Own-child,White,Male,0,0,40,United-States
51,Self-emp-not-inc,HS-grad,9,Married-civ-spouse,Craft-repair,Husband,White,Male,7298,0,48,United-States
32,Private,Some-college,10,Married-civ-spouse,Exec-managerial,Own-child,White,Female,2597,0,40,Japan
30,Private,Bachelors,13,Divorced,Prof-specialty,Not-in-family,White,Female,0,0,38,United-States
80,Private,HS-grad,9,Divorced,Adm-clerical,Other-relative,White,Female,0,0,20,United-States
26,Private,Bachelors,13,Never-married,Prof-specialty,Not-in-family,White,Female,0,0,40,United-States
68,Self-emp-not-inc,HS-grad,9,Married-civ-spouse,Farming-fishing,Husband,White,Male,2414,0,40,United-States
45,Private,HS-grad,9,Separated,Exec-managerial,Not-in-family,White,Female,0,0,40,United-States
66,Self-emp-not-inc,HS-grad,9,Married-civ-spouse,Farming-fishing,Husband,White,Male,2653,0,40,United-States
35,Self-emp-inc,Prof-school,15,Married-civ-spouse,Prof-specialty,Husband,White,Male,0,0,50,United-States
44,Private,HS-grad,9,Married-civ-spouse,Adm-clerical,Wife,White,Female,0,0,30,United-States
63,?,HS-grad,9,Married-civ-spouse,?,Husband,White,Male,0,0,16,United-States
46,Self-emp-not-inc,HS-grad,9,Married-civ-spouse,Farming-fishing,Husband,White,Male,4386,0,70,United-States
44,Private,Some-college,10,Married-civ-spouse,Tech-support,Husband,White,Male,0,0,44,United-States
20,Private,Some-college,10,Never-married,Other-service,Own-child,White,Female,0,0,30,United-States
56,Private,Some-college,10,Divorced,Exec-managerial,Not-in-family,White,Female,0,1980,40,United-States
75,?,Masters,14,Widowed,?,Not-in-family,Amer-Indian-Eskimo,Male,0,0,26,United-States
53,Private,Some-college,10,Separated,Exec-managerial,Unmarried,Black,Female,0,0,40,United-States
70,Self-emp-not-inc,Bachelors,13,Married-civ-spouse,Craft-repair,Husband,White,Male,0,2377,12,United-States
36,Self-emp-not-inc,Prof-school,15,Married-civ-spouse,Prof-specialty,Husband,White,Male,0,0,50,United-States
37,Private,HS-grad,9,Married-civ-spouse,Other-service,Husband,Black,Male,0,0,40,United-States
37,Private,Prof-school,15,Divorced,Prof-specialty,Not-in-family,White,Male,14084,0,36,United-States
59,Self-emp-not-inc,Some-college,10,Married-civ-spouse,Sales,Husband,White,Male,0,0,40,United-States
64,?,Some-college,10,Married-civ-spouse,?,Husband,White,Male,0,0,10,United-States
18,?,Some-college,10,Never-married,?,Own-child,White,Male,0,0,30,United-States
53,Local-gov,Assoc-voc,11,Divorced,Exec-managerial,Not-in-family,Amer-Indian-Eskimo,Male,0,0,48,United-States
29,Private,Some-college,10,Married-civ-spouse,Transport-moving,Husband,White,Male,0,0,40,United-States
41,Private,HS-grad,9,Married-civ-spouse,Craft-repair,Husband,Asian-Pac-Islander,Male,0,0,40,Taiwan
22,State-gov,Some-college,10,Married-civ-spouse,Other-service,Husband,White,Male,0,0,25,United-States
35,Private,HS-grad,9,Married-civ-spouse,Craft-repair,Husband,White,Male,0,0,43,United-States
60,Private,1st-4th,2,Married-civ-spouse,Craft-repair,Husband,White,Male,0,0,40,Mexico
21,Private,Some-college,10,Never-married,Sales,Unmarried,White,Male,0,0,40,United-States
55,Private,HS-grad,9,Married-civ-spouse,Craft-repair,Husband,White,Male,0,0,40,United-States
66,Private,Bachelors,13,Married-civ-spouse,Exec-managerial,Husband,White,Male,99999,0,55,?
42,Private,HS-grad,9,Never-married,Adm-clerical,Own-child,White,Female,0,0,35,United-States
27,Private,HS-grad,9,Never-married,Other-service,Not-in-family,White,Female,0,0,42,United-States
30,Private,Some-college,10,Married-civ-spouse,Sales,Husband,White,Male,0,1672,45,United-States
69,Private,Masters,14,Divorced,Prof-specialty,Not-in-family,White,Female,0,0,40,United-States
25,Private,11th,7,Married-civ-spouse,Transport-moving,Husband,White,Male,5178,0,40,Poland
40,Self-emp-not-inc,Assoc-acdm,12,Married-civ-spouse,Exec-managerial,Husband,White,Male,0,0,60,United-States
67,?,7th-8th,4,Divorced,?,Not-in-family,White,Male,0,0,40,United-States
90,Private,Masters,14,Never-married,Exec-managerial,Own-child,White,Female,0,0,40,United-States
21,Private,9th,5,Never-married,Machine-op-inspct,Own-child,Black,Male,0,0,20,United-States
38,Private,10th,6,Widowed,Transport-moving,Unmarried,Black,Male,114,0,40,United-States
29,Private,HS-grad,9,Never-married,Machine-op-inspct,Not-in-family,White,Female,0,0,40,United-States
31,Self-emp-not-inc,10th,6,Married-civ-spouse,Craft-repair,Husband,White,Male,0,0,48,United-States
60,?,HS-grad,9,Married-civ-spouse,?,Husband,White,Male,0,0,40,United-States
19,Private,Some-college,10,Never-married,Other-service,Other-relative,Black,Male,0,0,35,United-States
52,Local-gov,HS-grad,9,Married-civ-spouse,Transport-moving,Husband,White,Male,0,0,40,Puerto-Rico
50,Private,Bachelors,13,Married-civ-spouse,Prof-specialty,Wife,White,Female,0,1977,40,United-States
27,Private,HS-grad,9,Never-married,Handlers-cleaners,Own-child,White,Male,0,0,40,United-States
72,?,HS-grad,9,Married-civ-spouse,?,Husband,White,Male,0,0,8,United-States
57,Private,HS-grad,9,Divorced,Adm-clerical,Unmarried,Asian-Pac-Islander,Female,0,0,40,United-States
40,Private,Masters,14,Married-civ-spouse,Prof-specialty,Wife,White,Female,0,0,60,United-States
24,Local-gov,HS-grad,9,Never-married,Other-service,Own-child,White,Male,0,0,40,United-States
42,Private,7th-8th,4,Widowed,Handlers-cleaners,Not-in-family,White,Female,0,0,35,United-States
31,Private,Some-college,10,Married-civ-spouse,Machine-op-inspct,Husband,White,Male,0,0,40,United-States
18,Local-gov,HS-grad,9,Never-married,Other-service,Own-child,White,Male,0,0,60,United-States
21,Private,HS-grad,9,Never-married,Craft-repair,Not-in-family,White,Male,0,1504,40,United-States
53,Private,HS-grad,9,Divorced,Sales,Not-in-family,White,Female,0,0,40,United-States
32,Private,Some-college,10,Never-married,Sales,Own-child,White,Male,0,1876,60,United-States
38,Private,HS-grad,9,Married-civ-spouse,Craft-repair,Husband,White,Male,0,0,40,United-States
22,Private,Some-college,10,Never-married,Other-service,Own-child,White,Female,0,0,11,United-States
52,Local-gov,Some-college,10,Married-civ-spouse,Protective-serv,Husband,White,Male,0,0,40,United-States
44,Local-gov,Assoc-acdm,12,Married-civ-spouse,Prof-specialty,Husband,White,Male,0,0,48,United-States
46,Self-emp-inc,Bachelors,13,Married-civ-spouse,Sales,Husband,White,Male,0,0,45,United-States
62,Private,Some-college,10,Married-civ-spouse,Sales,Husband,White,Male,0,0,40,United-States
65,Self-emp-not-inc,HS-grad,9,Married-civ-spouse,Farming-fishing,Husband,White,Male,0,0,48,United-States
64,Local-gov,Doctorate,16,Married-civ-spouse,Protective-serv,Husband,White,Male,0,0,45,United-States
28,Private,HS-grad,9,Divorced,Transport-moving,Unmarried,Black,Female,0,0,20,United-States
32,Private,HS-grad,9,Never-married,Adm-clerical,Not-in-family,White,Female,0,0,40,United-States
29,Private,HS-grad,9,Married-civ-spouse,Adm-clerical,Wife,White,Female,0,2179,40,United-States
37,Self-emp-not-inc,HS-grad,9,Married-civ-spouse,Craft-repair,Husband,Asian-Pac-Islander,Male,0,0,60,Philippines
68,?,HS-grad,9,Widowed,?,Not-in-family,White,Female,0,0,12,United-States
47,Private,11th,7,Married-civ-spouse,Transport-moving,Husband,Black,Male,0,0,40,United-States
27,Private,HS-grad,9,Never-married,Other-service,Unmarried,White,Female,0,0,64,United-States
60,Self-emp-not-inc,HS-grad,9,Married-civ-spouse,Farming-fishing,Husband,White,Male,0,0,65,United-States
31,Private,Bachelors,13,Never-married,Prof-specialty,Not-in-family,White,Female,0,0,40,United-States
39,Federal-gov,HS-grad,9,Married-civ-spouse,Adm-clerical,Husband,Black,Male,7688,0,52,United-States
33,Private,Some-college,10,Never-married,Tech-support,Not-in-family,White,Male,0,0,70,United-States
26,Private,11th,7,Married-civ-spouse,Craft-repair,Husband,White,Male,0,0,40,United-States
28,Private,HS-grad,9,Never-married,Machine-op-inspct,Own-child,Other,Male,0,0,50,Puerto-Rico
44,Private,HS-grad,9,Never-married,Other-service,Unmarried,Black,Female,0,0,38,United-States
42,Local-gov,Bachelors,13,Married-civ-spouse,Exec-managerial,Husband,White,Male,0,1485,40,United-States
76,Private,HS-grad,9,Married-civ-spouse,Prof-specialty,Husband,White,Male,0,0,20,United-States
51,Self-emp-not-inc,Assoc-voc,11,Married-civ-spouse,Tech-support,Husband,White,Male,0,0,38,United-States
51,Self-emp-not-inc,Bachelors,13,Married-civ-spouse,Sales,Husband,White,Male,15024,0,50,United-States
51,Local-gov,Some-college,10,Married-civ-spouse,Adm-clerical,Wife,White,Female,0,0,40,United-States
60,Private,HS-grad,9,Married-civ-spouse,Craft-repair,Husband,White,Male,0,0,50,United-States
36,Local-gov,Bachelors,13,Married-civ-spouse,Adm-clerical,Wife,White,Female,0,0,40,United-States
35,Private,HS-grad,9,Divorced,Other-service,Own-child,White,Female,0,0,50,United-States
36,Self-emp-not-inc,Bachelors,13,Married-civ-spouse,Exec-managerial,Husband,White,Male,0,0,50,Iran
64,Federal-gov,Some-college,10,Married-civ-spouse,Adm-clerical,Wife,White,Female,0,0,40,United-States
27,Local-gov,Masters,14,Never-married,Prof-specialty,Own-child,White,Male,0,0,52,United-States
70,Private,5th-6th,3,Widowed,Other-service,Other-relative,White,Female,2346,0,40,?
35,Private,HS-grad,9,Married-civ-spouse,Adm-clerical,Husband,White,Male,0,0,45,United-States
26,Private,HS-grad,9,Separated,Exec-managerial,Own-child,White,Female,0,0,40,United-States
54,Private,HS-grad,9,Married-civ-spouse,Sales,Husband,White,Male,0,0,50,United-States
36,Private,Bachelors,13,Divorced,Adm-clerical,Unmarried,White,Female,0,0,40,United-States
31,Self-emp-not-inc,Bachelors,13,Married-civ-spouse,Adm-clerical,Wife,White,Female,0,0,20,United-States
19,Private,HS-grad,9,Never-married,Other-service,Own-child,White,Female,0,0,30,United-States
52,Private,Assoc-voc,11,Married-civ-spouse,Other-service,Wife,White,Female,0,0,20,United-States
66,Private,Masters,14,Widowed,Sales,Unmarried,White,Female,0,0,20,United-States
22,Federal-gov,Some-college,10,Never-married,Transport-moving,Own-child,White,Male,0,0,4,United-States
25,Private,HS-grad,9,Never-married,Craft-repair,Own-child,White,Male,0,0,40,United-States
22,State-gov,Bachelors,13,Married-civ-spouse,Prof-specialty,Husband,White,Male,0,0,20,England
20,Self-emp-not-inc,Some-college,10,Never-married,Adm-clerical,Own-child,White,Female,0,0,12,Germany
35,Self-emp-not-inc,Assoc-voc,11,Never-married,Farming-fishing,Own-child,White,Male,0,0,65,United-States
50,Private,Masters,14,Married-civ-spouse,Sales,Husband,White,Male,0,0,50,United-States
40,Self-emp-not-inc,HS-grad,9,Married-civ-spouse,Craft-repair,Husband,White,Male,0,0,40,United-States
59,Private,Doctorate,16,Married-civ-spouse,Sales,Husband,White,Male,0,0,40,United-States
26,Private,12th,8,Never-married,Sales,Other-relative,Black,Male,0,0,51,United-States
53,Self-emp-not-inc,HS-grad,9,Never-married,Craft-repair,Not-in-family,White,Male,0,0,35,United-States
48,Private,HS-grad,9,Married-civ-spouse,Transport-moving,Husband,Black,Male,0,0,99,United-States
25,Private,Some-college,10,Never-married,Handlers-cleaners,Own-child,White,Male,0,0,40,United-States
28,Private,11th,7,Never-married,Machine-op-inspct,Not-in-family,Black,Male,0,0,40,United-States
58,Self-emp-inc,Assoc-voc,11,Married-civ-spouse,Exec-managerial,Husband,White,Male,15024,0,40,United-States
25,State-gov,Bachelors,13,Never-married,Exec-managerial,Not-in-family,White,Male,0,0,40,United-States
48,Private,Some-college,10,Married-civ-spouse,Handlers-cleaners,Husband,White,Male,0,0,40,United-States
41,Private,Bachelors,13,Married-civ-spouse,Prof-specialty,Husband,White,Male,0,1902,40,United-States
31,Private,Prof-school,15,Married-civ-spouse,Prof-specialty,Husband,White,Male,0,0,50,United-States
65,?,HS-grad,9,Married-civ-spouse,?,Husband,White,Male,0,0,20,Cuba
70,Private,10th,6,Widowed,Transport-moving,Not-in-family,White,Female,2538,0,40,United-States
27,Private,HS-grad,9,Married-spouse-absent,Adm-clerical,Unmarried,White,Female,0,0,40,Jamaica
63,Self-emp-not-inc,Some-college,10,Married-civ-spouse,Exec-managerial,Husband,White,Male,0,0,40,United-States
67,Private,HS-grad,9,Married-civ-spouse,Sales,Husband,White,Male,0,0,10,United-States
49,Private,Assoc-acdm,12,Married-civ-spouse,Sales,Husband,White,Male,15024,0,60,United-States
48,Private,HS-grad,9,Widowed,Adm-clerical,Unmarried,White,Female,0,0,40,United-States
17,Private,10th,6,Never-married,Other-service,Own-child,White,Male,0,0,20,United-States
53,Self-emp-not-inc,1st-4th,2,Married-civ-spouse,Exec-managerial,Husband,White,Male,7688,0,67,Italy
45,Private,Some-college,10,Separated,Adm-clerical,Unmarried,White,Female,0,0,27,United-States
18,Private,11th,7,Never-married,Sales,Own-child,White,Female,0,0,20,United-States
18,Private,11th,7,Never-married,Other-service,Own-child,White,Male,0,0,16,United-States
49,Self-emp-not-inc,Some-college,10,Married-civ-spouse,Craft-repair,Husband,White,Male,0,0,40,United-States
52,Private,HS-grad,9,Married-civ-spouse,Transport-moving,Husband,White,Male,0,0,60,United-States
42,Private,HS-grad,9,Married-civ-spouse,Handlers-cleaners,Husband,White,Male,0,0,40,United-States
73,Private,Some-college,10,Married-civ-spouse,Protective-serv,Husband,White,Male,0,0,40,United-States
67,?,HS-grad,9,Widowed,?,Not-in-family,White,Female,0,0,40,United-States
20,Private,Some-college,10,Never-married,Handlers-cleaners,Own-child,White,Male,0,0,20,United-States
52,Local-gov,HS-grad,9,Married-civ-spouse,Craft-repair,Husband,White,Male,0,1579,40,United-States
55,Private,HS-grad,9,Separated,Machine-op-inspct,Not-in-family,White,Male,4865,0,45,United-States
55,Local-gov,Masters,14,Married-spouse-absent,Prof-specialty,Not-in-family,White,Female,0,0,38,United-States
31,Private,Bachelors,13,Never-married,Exec-managerial,Not-in-family,White,Male,0,0,50,United-States
26,Federal-gov,Some-college,10,Married-civ-spouse,Exec-managerial,Husband,White,Male,0,0,32,United-States
59,State-gov,Bachelors,13,Never-married,Exec-managerial,Not-in-family,Black,Female,0,0,40,Outlying-US(Guam-USVI-etc)
32,Private,Some-college,10,Separated,Tech-support,Not-in-family,Amer-Indian-Eskimo,Male,0,1980,40,United-States
52,Private,HS-grad,9,Married-civ-spouse,Handlers-cleaners,Husband,White,Male,0,0,40,United-States
44,Private,Bachelors,13,Married-civ-spouse,Prof-specialty,Husband,White,Male,0,0,45,United-States
40,Local-gov,Bachelors,13,Married-civ-spouse,Prof-specialty,Husband,White,Male,0,0,20,United-States
50,Private,Bachelors,13,Divorced,Exec-managerial,Unmarried,White,Female,0,0,40,United-States
59,Local-gov,HS-grad,9,Widowed,Craft-repair,Not-in-family,Black,Male,0,0,40,United-States
57,Private,Bachelors,13,Widowed,Prof-specialty,Unmarried,White,Male,10520,0,40,United-States
17,Private,11th,7,Never-married,Transport-moving,Not-in-family,White,Male,0,0,40,United-States
26,Private,Some-college,10,Married-civ-spouse,Other-service,Husband,White,Male,0,0,25,United-States
73,Private,HS-grad,9,Married-civ-spouse,Other-service,Husband,White,Male,0,0,30,United-States
36,Self-emp-inc,HS-grad,9,Married-civ-spouse,Transport-moving,Husband,White,Male,0,0,57,United-States
19,Private,Some-college,10,Never-married,Machine-op-inspct,Other-relative,White,Male,0,0,50,United-States
17,Private,9th,5,Never-married,Other-service,Own-child,White,Female,0,0,35,United-States
58,Private,1st-4th,2,Married-civ-spouse,Other-service,Husband,White,Male,0,0,40,Cuba
17,?,11th,7,Never-married,?,Own-child,Black,Female,0,0,40,Trinadad&Tobago
56,Private,HS-grad,9,Divorced,Other-service,Unmarried,White,Female,0,0,40,United-States
38,Private,Bachelors,13,Married-civ-spouse,Exec-managerial,Husband,White,Male,0,1887,50,United-States
24,Private,Some-college,10,Married-civ-spouse,Craft-repair,Husband,White,Male,0,0,35,United-States
72,Self-emp-not-inc,HS-grad,9,Married-civ-spouse,Farming-fishing,Husband,White,Male,0,0,40,United-States
55,Private,Some-college,10,Married-civ-spouse,Other-service,Husband,White,Male,0,0,50,United-States
62,?,HS-grad,9,Married-civ-spouse,?,Husband,White,Male,0,0,15,United-States
77,Self-emp-not-inc,HS-grad,9,Never-married,Machine-op-inspct,Not-in-family,White,Male,401,0,20,United-States
41,Federal-gov,HS-grad,9,Married-civ-spouse,Adm-clerical,Husband,White,Male,5178,0,40,United-States
22,Private,HS-grad,9,Never-married,Transport-moving,Own-child,Black,Male,0,0,40,United-States
53,Private,HS-grad,9,Married-civ-spouse,Transport-moving,Husband,White,Male,0,1902,40,United-States
23,Private,Assoc-acdm,12,Never-married,Craft-repair,Other-relative,White,Male,0,0,40,United-States
30,Private,Bachelors,13,Never-married,Sales,Not-in-family,White,Female,0,0,50,United-States
32,Private,HS-grad,9,Married-civ-spouse,Machine-op-inspct,Husband,White,Male,0,0,42,United-States
39,Private,HS-grad,9,Divorced,Machine-op-inspct,Own-child,White,Male,0,0,50,United-States
29,Private,HS-grad,9,Never-married,Machine-op-inspct,Not-in-family,White,Male,3325,0,40,Ecuador
57,Private,HS-grad,9,Married-civ-spouse,Craft-repair,Husband,Black,Male,0,0,52,United-States
62,Private,7th-8th,4,Widowed,Machine-op-inspct,Not-in-family,White,Female,0,0,40,United-States
74,Private,HS-grad,9,Widowed,Adm-clerical,Not-in-family,White,Female,15831,0,40,United-States
41,Local-gov,Masters,14,Divorced,Prof-specialty,Unmarried,White,Female,0,0,60,United-States
39,Private,Some-college,10,Married-civ-spouse,Sales,Husband,White,Male,3103,0,50,United-States
54,Self-emp-not-inc,Some-college,10,Married-civ-spouse,Transport-moving,Husband,White,Male,2829,0,30,United-States
47,Private,Some-college,10,Divorced,Machine-op-inspct,Not-in-family,Black,Male,0,0,40,United-States
44,Private,Bachelors,13,Married-civ-spouse,Exec-managerial,Husband,White,Male,0,0,40,United-States
25,Private,HS-grad,9,Married-civ-spouse,Other-service,Wife,White,Female,0,0,25,Mexico
32,Private,Bachelors,13,Never-married,Exec-managerial,Other-relative,White,Male,0,2444,50,United-States
19,Private,Some-college,10,Never-married,Other-service,Own-child,White,Female,0,0,12,United-States
54,Private,HS-grad,9,Married-civ-spouse,Adm-clerical,Husband,Black,Male,0,0,20,United-States
17,Private,7th-8th,4,Never-married,Other-service,Own-child,White,Male,0,0,36,Mexico
42,Private,Some-college,10,Married-civ-spouse,Machine-op-inspct,Husband,White,Male,0,0,40,United-States
62,Private,Doctorate,16,Divorced,Prof-specialty,Unmarried,White,Male,15020,0,50,United-States
74,State-gov,Some-college,10,Separated,Sales,Not-in-family,White,Male,0,0,16,United-States
48,Self-emp-not-inc,Some-college,10,Married-civ-spouse,Craft-repair,Husband,Amer-Indian-Eskimo,Male,7688,0,40,United-States
36,Self-emp-not-inc,HS-grad,9,Separated,Other-service,Not-in-family,White,Female,0,0,16,United-States
51,Private,HS-grad,9,Married-civ-spouse,Adm-clerical,Wife,Black,Female,3411,0,38,United-States
36,Private,HS-grad,9,Married-civ-spouse,Transport-moving,Husband,White,Male,0,0,60,United-States
68,Private,HS-grad,9,Widowed,Machine-op-inspct,Not-in-family,White,Female,0,0,28,United-States
46,Private,Some-college,10,Married-civ-spouse,Sales,Husband,White,Male,0,0,50,United-States
65,State-gov,HS-grad,9,Married-civ-spouse,Adm-clerical,Husband,White,Male,0,2174,40,United-States
24,Private,Bachelors,13,Never-married,Tech-support,Own-child,White,Male,0,0,40,United-States
90,Private,Some-college,10,Never-married,Other-service,Not-in-family,Asian-Pac-Islander,Male,0,0,35,United-States
17,Private,12th,8,Never-married,Other-service,Own-child,White,Male,0,0,12,United-States
35,Private,Masters,14,Never-married,Prof-specialty,Not-in-family,White,Female,0,0,38,United-States
26,Self-emp-inc,12th,8,Married-civ-spouse,Sales,Husband,Other,Male,0,0,98,Dominican-Republic
53,Private,7th-8th,4,Married-civ-spouse,Transport-moving,Husband,White,Male,0,0,60,United-States
31,Private,9th,5,Never-married,Sales,Not-in-family,White,Male,0,0,43,United-States
72,Self-emp-not-inc,HS-grad,9,Married-civ-spouse,Sales,Husband,White,Male,0,0,30,United-States
65,Local-gov,Some-college,10,Divorced,Adm-clerical,Not-in-family,White,Female,2964,0,35,United-States
28,Private,HS-grad,9,Never-married,Adm-clerical,Not-in-family,White,Female,0,0,35,United-States
52,Federal-gov,Bachelors,13,Married-civ-spouse,Exec-managerial,Husband,White,Male,0,0,45,United-States
25,Private,HS-grad,9,Married-civ-spouse,Handlers-cleaners,Husband,White,Male,0,0,40,United-States
65,Private,Bachelors,13,Married-civ-spouse,Exec-managerial,Husband,White,Male,99999,0,40,United-States
42,Private,HS-grad,9,Married-civ-spouse,Craft-repair,Husband,White,Male,0,0,40,United-States
34,Private,HS-grad,9,Married-civ-spouse,Sales,Wife,Black,Female,0,0,40,United-States
31,Private,Some-college,10,Married-civ-spouse,Craft-repair,Husband,White,Male,0,0,40,United-States
27,?,Assoc-acdm,12,Never-married,?,Not-in-family,White,Female,0,0,45,United-States
58,Private,Assoc-voc,11,Married-civ-spouse,Exec-managerial,Husband,White,Male,0,0,40,Germany
61,Private,5th-6th,3,Married-civ-spouse,Transport-moving,Husband,Black,Male,2290,0,40,United-States
42,Local-gov,Masters,14,Never-married,Prof-specialty,Not-in-family,White,Male,0,0,22,United-States
44,Private,Bachelors,13,Divorced,Sales,Unmarried,White,Male,0,0,44,United-States
61,Self-emp-not-inc,HS-grad,9,Married-civ-spouse,Other-service,Husband,Black,Male,0,0,12,United-States
36,Private,10th,6,Married-civ-spouse,Craft-repair,Husband,White,Male,0,0,70,Mexico
70,Private,10th,6,Widowed,Craft-repair,Unmarried,White,Male,0,0,45,United-States
52,Private,HS-grad,9,Married-civ-spouse,Craft-repair,Husband,White,Male,0,0,40,United-States
24,Private,Bachelors,13,Never-married,Exec-managerial,Own-child,White,Male,0,0,40,United-States
17,Private,11th,7,Never-married,Adm-clerical,Own-child,White,Female,0,0,7,United-States
58,Private,HS-grad,9,Married-civ-spouse,Adm-clerical,Wife,White,Female,0,0,40,United-States
29,Private,Some-college,10,Married-civ-spouse,Prof-specialty,Husband,White,Male,0,0,45,United-States
22,Private,Some-college,10,Married-civ-spouse,Other-service,Husband,Amer-Indian-Eskimo,Male,0,0,40,United-States
18,Private,11th,7,Never-married,Sales,Own-child,Black,Male,0,0,25,United-States
56,Private,HS-grad,9,Divorced,Handlers-cleaners,Unmarried,White,Male,0,0,10,United-States
43,State-gov,Masters,14,Married-civ-spouse,Prof-specialty,Husband,White,Male,0,0,40,United-States
32,State-gov,Some-college,10,Divorced,Prof-specialty,Other-relative,White,Female,0,0,40,United-States
64,?,Some-college,10,Married-civ-spouse,?,Husband,White,Male,3411,0,15,United-States
74,Self-emp-inc,HS-grad,9,Married-civ-spouse,Exec-managerial,Husband,White,Male,0,0,30,United-States
69,Private,Bachelors,13,Widowed,Prof-specialty,Not-in-family,White,Male,0,2282,40,United-States
64,?,HS-grad,9,Widowed,?,Not-in-family,White,Female,0,0,20,United-States
90,Federal-gov,HS-grad,9,Married-civ-spouse,Craft-repair,Husband,White,Male,0,0,30,United-States
20,Private,Some-college,10,Never-married,Adm-clerical,Own-child,White,Female,0,0,46,United-States
42,Local-gov,Bachelors,13,Married-civ-spouse,Prof-specialty,Husband,White,Male,0,0,60,United-States
50,Local-gov,HS-grad,9,Married-civ-spouse,Machine-op-inspct,Husband,White,Male,4386,0,48,United-States
68,?,Bachelors,13,Married-civ-spouse,?,Husband,White,Male,0,2377,35,United-States
24,Private,Bachelors,13,Never-married,Prof-specialty,Not-in-family,White,Female,0,0,40,United-States
18,Self-emp-not-inc,11th,7,Never-married,Farming-fishing,Own-child,White,Male,0,0,24,United-States
67,Self-emp-not-inc,Prof-school,15,Married-civ-spouse,Prof-specialty,Husband,White,Male,20051,0,25,United-States
23,Private,HS-grad,9,Never-married,Sales,Own-child,White,Male,0,0,30,United-States
63,Private,Bachelors,13,Divorced,Exec-managerial,Not-in-family,White,Female,0,0,40,United-States
21,Private,HS-grad,9,Never-married,Adm-clerical,Not-in-family,White,Male,0,0,50,United-States
55,Private,5th-6th,3,Married-civ-spouse,Craft-repair,Husband,White,Male,0,0,50,United-States
36,Self-emp-not-inc,Assoc-voc,11,Separated,Exec-managerial,Not-in-family,White,Male,0,0,48,United-States
41,Private,Some-college,10,Never-married,Craft-repair,Not-in-family,Black,Male,0,0,45,United-States
71,Private,HS-grad,9,Widowed,Priv-house-serv,Unmarried,White,Female,0,0,20,United-States
54,Private,Doctorate,16,Married-civ-spouse,Prof-specialty,Husband,White,Male,15024,0,45,United-States
19,Private,9th,5,Never-married,Handlers-cleaners,Own-child,White,Male,0,0,25,United-States
57,?,Bachelors,13,Married-civ-spouse,?,Husband,White,Male,0,0,8,United-States
67,?,Bachelors,13,Married-civ-spouse,?,Husband,White,Male,9386,0,60,United-States
24,Private,HS-grad,9,Never-married,Transport-moving,Not-in-family,White,Female,0,0,50,United-States
61,Private,HS-grad,9,Never-married,Machine-op-inspct,Not-in-family,Black,Female,0,0,40,United-States
21,Private,Some-college,10,Never-married,Sales,Not-in-family,White,Female,0,0,40,United-States
46,Private,Doctorate,16,Married-civ-spouse,Prof-specialty,Husband,White,Male,0,2415,55,United-States
62,Private,Some-college,10,Divorced,Prof-specialty,Not-in-family,White,Female,4650,0,40,United-States
36,Private,Masters,14,Married-civ-spouse,Other-service,Husband,White,Male,0,0,40,United-States
75,Private,HS-grad,9,Married-spouse-absent,Other-service,Not-in-family,White,Male,0,0,40,United-States
31,State-gov,Masters,14,Never-married,Tech-support,Not-in-family,White,Male,0,0,40,United-States
38,Private,HS-grad,9,Divorced,Exec-managerial,Unmarried,White,Female,0,0,40,United-States
66,?,HS-grad,9,Married-civ-spouse,?,Husband,White,Male,0,0,50,United-States
33,Local-gov,Some-college,10,Separated,Other-service,Own-child,Black,Female,0,0,35,United-States
64,Private,7th-8th,4,Married-civ-spouse,Craft-repair,Husband,Black,Male,0,0,40,United-States
66,Private,11th,7,Married-civ-spouse,Craft-repair,Husband,White,Male,0,0,20,United-States
26,Private,HS-grad,9,Married-civ-spouse,Prof-specialty,Husband,White,Male,0,0,50,United-States
48,Private,HS-grad,9,Never-married,Adm-clerical,Not-in-family,White,Female,2463,0,40,United-States
52,Private,HS-grad,9,Widowed,Craft-repair,Own-child,White,Female,0,0,40,United-States
47,Private,Assoc-voc,11,Married-civ-spouse,Prof-specialty,Husband,White,Male,0,0,40,United-States
56,Local-gov,Masters,14,Married-civ-spouse,Exec-managerial,Husband,Black,Male,0,0,40,United-States
60,Private,HS-grad,9,Divorced,Protective-serv,Not-in-family,White,Male,0,0,40,United-States
40,Private,Assoc-acdm,12,Married-civ-spouse,Other-service,Husband,White,Male,0,0,40,United-States
64,Private,Bachelors,13,Divorced,Sales,Not-in-family,White,Female,0,0,5,United-States
40,Private,HS-grad,9,Separated,Transport-moving,Unmarried,Black,Female,0,0,40,United-States
65,Private,10th,6,Divorced,Handlers-cleaners,Not-in-family,White,Female,0,0,28,United-States
35,Private,HS-grad,9,Married-civ-spouse,Adm-clerical,Husband,White,Male,0,0,40,United-States
80,Private,Some-college,10,Widowed,Adm-clerical,Not-in-family,White,Female,0,0,20,United-States
18,Private,11th,7,Married-civ-spouse,Sales,Wife,Other,Female,0,0,20,United-States
59,?,HS-grad,9,Married-civ-spouse,?,Husband,White,Male,0,0,16,United-States
71,?,Doctorate,16,Married-civ-spouse,?,Husband,White,Male,0,0,10,United-States
77,Private,HS-grad,9,Widowed,Adm-clerical,Not-in-family,White,Female,0,0,40,United-States
33,Private,Some-college,10,Married-civ-spouse,Exec-managerial,Husband,White,Male,7298,0,40,United-States
69,Private,HS-grad,9,Married-civ-spouse,Sales,Wife,White,Female,0,0,40,United-States
27,Private,HS-grad,9,Separated,Other-service,Unmarried,White,Female,0,0,50,United-States
21,Private,HS-grad,9,Married-civ-spouse,Other-service,Other-relative,White,Female,0,0,16,United-States
35,Private,Bachelors,13,Never-married,Exec-managerial,Not-in-family,White,Male,0,1876,55,United-States
41,Private,Some-college,10,Married-civ-spouse,Sales,Husband,White,Male,0,0,40,United-States
34,Private,HS-grad,9,Never-married,Machine-op-inspct,Not-in-family,White,Male,0,0,40,United-States
55,Private,Assoc-voc,11,Married-civ-spouse,Machine-op-inspct,Husband,White,Male,0,0,40,United-States
55,Private,11th,7,Married-spouse-absent,Other-service,Unmarried,Black,Female,0,0,40,Jamaica
44,Self-emp-not-inc,Some-college,10,Married-civ-spouse,Farming-fishing,Husband,White,Male,0,0,99,United-States
74,Private,Prof-school,15,Widowed,Adm-clerical,Not-in-family,Black,Female,0,0,20,United-States
24,Private,HS-grad,9,Never-married,Craft-repair,Not-in-family,White,Male,0,1590,40,United-States
77,Private,Bachelors,13,Married-civ-spouse,Exec-managerial,Husband,White,Male,0,0,50,United-States
24,Private,Some-college,10,Divorced,Adm-clerical,Not-in-family,White,Female,0,0,60,United-States
49,Private,Some-college,10,Never-married,Other-service,Not-in-family,White,Female,0,0,60,United-States
24,Private,Some-college,10,Never-married,Sales,Not-in-family,Asian-Pac-Islander,Female,0,0,50,Taiwan
52,Self-emp-not-inc,Some-college,10,Married-civ-spouse,Exec-managerial,Husband,White,Male,0,0,95,United-States
39,Self-emp-not-inc,Assoc-voc,11,Married-civ-spouse,Farming-fishing,Husband,White,Male,0,0,60,United-States
43,Local-gov,Masters,14,Divorced,Prof-specialty,Unmarried,White,Female,0,0,40,United-States
32,Private,HS-grad,9,Never-married,Adm-clerical,Unmarried,White,Male,0,0,40,United-States
69,?,1st-4th,2,Married-civ-spouse,?,Husband,Asian-Pac-Islander,Male,0,0,34,Philippines
77,Self-emp-not-inc,Some-college,10,Widowed,Adm-clerical,Not-in-family,White,Female,0,1944,1,United-States
74,Private,5th-6th,3,Married-civ-spouse,Transport-moving,Husband,Black,Male,0,0,40,United-States
37,Private,Some-college,10,Divorced,Craft-repair,Own-child,White,Male,0,0,40,United-States
54,Private,HS-grad,9,Married-civ-spouse,Sales,Husband,White,Male,3464,0,40,United-States
26,Private,Some-college,10,Never-married,Other-service,Unmarried,White,Female,0,0,40,United-States
71,Local-gov,HS-grad,9,Divorced,Exec-managerial,Unmarried,White,Female,0,0,3,United-States
47,Private,Some-college,10,Married-civ-spouse,Craft-repair,Husband,White,Male,0,0,40,United-States
80,Private,Assoc-voc,11,Married-civ-spouse,Craft-repair,Husband,White,Male,0,0,24,United-States
51,Self-emp-not-inc,Some-college,10,Divorced,Craft-repair,Not-in-family,White,Male,0,0,8,United-States
80,Self-emp-not-inc,HS-grad,9,Married-civ-spouse,Other-service,Husband,White,Male,1409,0,40,United-States
61,Private,HS-grad,9,Divorced,Farming-fishing,Not-in-family,White,Female,0,0,82,United-States
23,Private,Some-college,10,Never-married,Handlers-cleaners,Not-in-family,White,Male,0,0,40,United-States
44,Private,Some-college,10,Divorced,Exec-managerial,Unmarried,White,Female,0,0,42,United-States
55,State-gov,HS-grad,9,Married-civ-spouse,Farming-fishing,Husband,White,Male,0,0,40,United-States
20,State-gov,Some-college,10,Never-married,Farming-fishing,Not-in-family,White,Male,0,0,40,United-States
36,Private,9th,5,Separated,Other-service,Unmarried,Black,Female,0,0,40,?
50,Private,HS-grad,9,Married-civ-spouse,Craft-repair,Husband,White,Male,0,0,50,United-States
51,Local-gov,HS-grad,9,Married-civ-spouse,Craft-repair,Husband,White,Male,0,0,40,United-States
60,Private,Some-college,10,Married-civ-spouse,Craft-repair,Husband,White,Male,0,0,55,United-States
22,?,Some-college,10,Never-married,?,Own-child,White,Female,0,0,40,United-States
59,Private,12th,8,Married-civ-spouse,Machine-op-inspct,Husband,Black,Male,0,0,40,United-States
74,?,Assoc-voc,11,Married-civ-spouse,?,Husband,White,Male,0,0,32,United-States
43,Private,Assoc-voc,11,Married-civ-spouse,Craft-repair,Husband,White,Male,0,0,50,United-States
33,Private,HS-grad,9,Married-civ-spouse,Craft-repair,Husband,White,Male,0,0,50,United-States
46,Local-gov,Prof-school,15,Married-civ-spouse,Protective-serv,Husband,White,Male,0,0,40,United-States
41,Private,Bachelors,13,Divorced,Tech-support,Unmarried,Black,Male,7430,0,45,?
31,Private,Some-college,10,Married-civ-spouse,Craft-repair,Husband,White,Male,0,0,25,United-States
34,Self-emp-not-inc,11th,7,Married-civ-spouse,Sales,Wife,White,Female,0,0,30,United-States
75,Self-emp-not-inc,Prof-school,15,Married-civ-spouse,Prof-specialty,Husband,White,Male,0,2174,50,United-States
47,Private,Bachelors,13,Married-civ-spouse,Exec-managerial,Husband,White,Male,0,0,60,United-States
73,?,Bachelors,13,Married-civ-spouse,?,Husband,White,Male,0,0,40,United-States
25,Local-gov,Some-college,10,Divorced,Protective-serv,Not-in-family,White,Female,0,0,40,United-States
31,Self-emp-not-inc,HS-grad,9,Never-married,Craft-repair,Unmarried,White,Male,0,0,50,United-States
60,Self-emp-not-inc,HS-grad,9,Never-married,Exec-managerial,Not-in-family,Black,Male,0,2559,50,United-States
57,Self-emp-not-inc,Some-college,10,Married-civ-spouse,Sales,Wife,White,Female,0,0,25,United-States
45,Private,Assoc-voc,11,Married-civ-spouse,Craft-repair,Husband,White,Male,0,0,40,United-States
32,Private,Bachelors,13,Married-civ-spouse,Machine-op-inspct,Husband,White,Male,0,0,50,United-States
37,Private,10th,6,Married-civ-spouse,Farming-fishing,Husband,White,Male,0,0,40,United-States
40,Private,Some-college,10,Married-civ-spouse,Craft-repair,Husband,White,Male,0,0,50,United-States
33,Private,HS-grad,9,Married-civ-spouse,Craft-repair,Husband,White,Male,0,0,62,United-States
18,Private,HS-grad,9,Never-married,Handlers-cleaners,Other-relative,White,Female,0,0,28,United-States
62,Self-emp-inc,Assoc-voc,11,Married-civ-spouse,Exec-managerial,Husband,White,Male,3137,0,40,United-States
65,Private,HS-grad,9,Married-civ-spouse,Craft-repair,Husband,White,Male,0,0,50,United-States
66,Self-emp-not-inc,10th,6,Married-civ-spouse,Craft-repair,Husband,White,Male,0,0,25,United-States
50,Local-gov,HS-grad,9,Married-civ-spouse,Adm-clerical,Wife,White,Female,0,0,40,United-States
43,Private,Bachelors,13,Married-civ-spouse,Prof-specialty,Husband,White,Male,0,0,50,United-States
68,Private,HS-grad,9,Married-civ-spouse,Exec-managerial,Husband,White,Male,0,0,37,United-States
36,Private,HS-grad,9,Divorced,Transport-moving,Own-child,White,Male,0,0,60,United-States
71,Private,Assoc-voc,11,Widowed,Prof-specialty,Unmarried,White,Female,11678,0,38,United-States
45,Private,Some-college,10,Married-spouse-absent,Sales,Not-in-family,White,Male,0,0,40,United-States
64,State-gov,9th,5,Married-civ-spouse,Craft-repair,Husband,White,Male,0,0,40,United-States
54,Self-emp-not-inc,HS-grad,9,Married-civ-spouse,Sales,Wife,White,Female,0,0,30,United-States
54,Private,Bachelors,13,Married-civ-spouse,Prof-specialty,Husband,White,Male,0,0,40,United-States
70,?,HS-grad,9,Married-civ-spouse,?,Husband,White,Male,0,0,40,United-States
81,Private,Prof-school,15,Married-civ-spouse,Sales,Husband,White,Male,0,0,45,United-States
36,State-gov,HS-grad,9,Divorced,Adm-clerical,Own-child,Black,Female,0,0,40,United-States
36,Private,Bachelors,13,Married-civ-spouse,Prof-specialty,Husband,White,Male,0,0,48,United-States
74,Private,HS-grad,9,Widowed,Adm-clerical,Not-in-family,White,Female,0,0,28,United-States
23,Private,Preschool,1,Never-married,Other-service,Not-in-family,Asian-Pac-Islander,Female,0,0,40,Laos
51,Private,Bachelors,13,Married-civ-spouse,Prof-specialty,Husband,White,Male,0,0,55,United-States
41,Private,HS-grad,9,Divorced,Craft-repair,Unmarried,White,Female,0,0,60,United-States
44,Private,12th,8,Married-civ-spouse,Transport-moving,Husband,White,Male,0,0,40,United-States
65,Private,HS-grad,9,Married-civ-spouse,Tech-support,Husband,White,Male,0,0,40,United-States
38,Private,HS-grad,9,Married-civ-spouse,Sales,Husband,White,Male,0,0,43,United-States
31,Self-emp-not-inc,Some-college,10,Married-civ-spouse,Machine-op-inspct,Husband,White,Male,0,0,48,United-States
51,?,Some-college,10,Married-civ-spouse,?,Husband,White,Male,0,0,40,United-States
40,Private,Masters,14,Married-civ-spouse,Prof-specialty,Husband,White,Male,0,0,50,United-States
53,Self-emp-inc,Some-college,10,Married-civ-spouse,Exec-managerial,Husband,White,Male,0,0,60,United-States
45,Self-emp-not-inc,HS-grad,9,Married-civ-spouse,Craft-repair,Husband,White,Male,0,0,40,United-States
76,Private,5th-6th,3,Never-married,Handlers-cleaners,Not-in-family,White,Male,0,0,20,United-States
42,Private,Masters,14,Married-civ-spouse,Adm-clerical,Husband,White,Male,0,0,40,United-States
34,Self-emp-not-inc,HS-grad,9,Never-married,Craft-repair,Not-in-family,White,Male,0,0,45,United-States
18,Private,12th,8,Never-married,Machine-op-inspct,Own-child,Black,Female,0,0,40,United-States
45,Private,Bachelors,13,Widowed,Other-service,Own-child,Asian-Pac-Islander,Female,0,0,40,Philippines
57,Private,Some-college,10,Married-civ-spouse,Craft-repair,Husband,White,Male,0,1672,45,United-States
53,Federal-gov,Bachelors,13,Separated,Adm-clerical,Not-in-family,Black,Male,0,0,40,United-States
36,Private,Bachelors,13,Married-civ-spouse,Craft-repair,Husband,White,Male,0,0,50,United-States
20,Private,Some-college,10,Never-married,Machine-op-inspct,Not-in-family,Asian-Pac-Islander,Female,0,0,40,?
26,Self-emp-not-inc,Some-college,10,Married-civ-spouse,Craft-repair,Husband,White,Male,0,0,45,United-States
21,Private,Some-college,10,Never-married,Adm-clerical,Own-child,White,Female,0,0,8,United-States
70,Private,10th,6,Married-civ-spouse,Machine-op-inspct,Husband,White,Male,0,0,50,United-States
67,Private,HS-grad,9,Widowed,Exec-managerial,Unmarried,White,Male,0,0,38,United-States
40,Private,Bachelors,13,Married-civ-spouse,Sales,Husband,White,Male,0,0,50,United-States
34,Private,Bachelors,13,Married-civ-spouse,Transport-moving,Husband,Asian-Pac-Islander,Male,0,0,40,United-States
44,Federal-gov,Masters,14,Married-civ-spouse,Armed-Forces,Husband,White,Male,0,0,40,United-States
55,Local-gov,Some-college,10,Married-spouse-absent,Adm-clerical,Unmarried,Black,Female,0,0,35,United-States
36,Private,Assoc-acdm,12,Married-civ-spouse,Prof-specialty,Husband,White,Male,0,0,40,United-States
28,Local-gov,Some-college,10,Never-married,Adm-clerical,Other-relative,Black,Male,0,0,40,Haiti
27,Private,Assoc-acdm,12,Never-married,Adm-clerical,Other-relative,Black,Female,0,0,60,United-States
52,Self-emp-inc,Prof-school,15,Married-civ-spouse,Prof-specialty,Husband,White,Male,99999,0,35,United-States
20,?,Some-college,10,Never-married,?,Own-child,White,Male,0,0,40,United-States
36,Private,Assoc-acdm,12,Never-married,Prof-specialty,Not-in-family,White,Male,0,1669,45,United-States
59,Self-emp-not-inc,Bachelors,13,Widowed,Prof-specialty,Not-in-family,White,Female,0,0,50,United-States
28,?,Some-college,10,Never-married,?,Own-child,Asian-Pac-Islander,Male,0,0,40,South
51,Private,HS-grad,9,Married-civ-spouse,Craft-repair,Husband,White,Male,15024,0,40,United-States
46,Private,Some-college,10,Married-civ-spouse,Exec-managerial,Husband,White,Male,0,0,48,United-States
18,Private,Some-college,10,Never-married,Other-service,Own-child,White,Male,0,0,20,United-States
69,Private,10th,6,Separated,Machine-op-inspct,Not-in-family,White,Female,0,0,28,Peru
31,Private,Bachelors,13,Married-civ-spouse,Exec-managerial,Wife,White,Female,0,0,40,United-States
90,?,7th-8th,4,Separated,?,Not-in-family,White,Female,0,0,15,United-States
75,Self-emp-not-inc,Some-college,10,Married-spouse-absent,Craft-repair,Not-in-family,White,Male,0,0,30,United-States
62,Private,Doctorate,16,Married-civ-spouse,Prof-specialty,Husband,White,Male,15024,0,50,United-States
53,State-gov,HS-grad,9,Married-civ-spouse,Other-service,Wife,Amer-Indian-Eskimo,Female,0,0,28,United-States
64,Self-emp-not-inc,Masters,14,Married-civ-spouse,Farming-fishing,Husband,White,Male,0,0,40,United-States
58,Private,HS-grad,9,Married-civ-spouse,Craft-repair,Husband,White,Male,0,0,40,United-States
42,Private,Some-college,10,Married-civ-spouse,Sales,Husband,White,Male,0,0,40,United-States
35,Private,Prof-school,15,Never-married,Prof-specialty,Not-in-family,Asian-Pac-Islander,Male,0,0,40,India
38,Private,11th,7,Married-civ-spouse,Sales,Husband,White,Male,0,0,50,United-States
49,Self-emp-not-inc,11th,7,Widowed,Craft-repair,Unmarried,White,Female,0,0,40,?
63,Private,7th-8th,4,Married-civ-spouse,Transport-moving,Husband,White,Male,0,0,44,United-States
25,Private,HS-grad,9,Married-civ-spouse,Transport-moving,Husband,White,Male,0,0,40,United-States
40,Private,HS-grad,9,Never-married,Other-service,Own-child,White,Male,0,0,25,United-States
56,Private,Masters,14,Married-civ-spouse,Craft-repair,Husband,White,Male,0,1977,44,United-States
41,Private,Some-college,10,Divorced,Adm-clerical,Unmarried,White,Female,0,0,40,United-States
50,Private,Bachelors,13,Married-civ-spouse,Adm-clerical,Husband,White,Male,15024,0,40,United-States
47,Private,HS-grad,9,Married-civ-spouse,Tech-support,Husband,White,Male,0,0,40,United-States
50,Local-gov,Bachelors,13,Divorced,Exec-managerial,Not-in-family,White,Female,0,0,40,United-States
44,Self-emp-inc,Assoc-voc,11,Married-civ-spouse,Farming-fishing,Husband,White,Male,0,0,40,United-States
54,Private,Some-college,10,Married-civ-spouse,Craft-repair,Husband,White,Male,0,0,40,United-States
55,Self-emp-not-inc,Some-college,10,Married-civ-spouse,Farming-fishing,Husband,White,Male,0,0,99,United-States
63,Self-emp-not-inc,Prof-school,15,Married-civ-spouse,Prof-specialty,Husband,White,Male,0,0,35,United-States
37,Private,HS-grad,9,Married-civ-spouse,Transport-moving,Husband,White,Male,0,0,40,United-States
56,Self-emp-not-inc,7th-8th,4,Divorced,Other-service,Unmarried,White,Female,0,0,40,United-States
67,Private,Masters,14,Never-married,Prof-specialty,Not-in-family,White,Male,0,0,99,United-States
42,Local-gov,Masters,14,Married-civ-spouse,Exec-managerial,Husband,White,Male,0,1977,40,United-States
46,Private,Assoc-voc,11,Divorced,Craft-repair,Unmarried,White,Male,0,0,40,United-States
26,Private,HS-grad,9,Never-married,Other-service,Not-in-family,White,Female,0,0,30,United-States
60,Self-emp-inc,HS-grad,9,Married-civ-spouse,Other-service,Husband,White,Male,0,0,40,United-States
69,Self-emp-inc,Assoc-acdm,12,Married-civ-spouse,Sales,Husband,White,Male,0,0,40,United-States
63,Private,Some-college,10,Married-civ-spouse,Sales,Husband,White,Male,5013,0,15,United-States
63,Self-emp-not-inc,HS-grad,9,Widowed,Sales,Not-in-family,White,Male,0,0,70,United-States
72,?,HS-grad,9,Married-civ-spouse,?,Husband,White,Male,0,0,8,United-States
24,Private,9th,5,Never-married,Craft-repair,Other-relative,Other,Male,0,0,58,Guatemala
54,Self-emp-inc,HS-grad,9,Married-civ-spouse,Exec-managerial,Husband,White,Male,0,0,36,United-States
46,Private,Masters,14,Never-married,Prof-specialty,Not-in-family,White,Male,0,0,40,United-States
22,Private,Some-college,10,Never-married,Sales,Own-child,Black,Female,0,0,40,United-States
33,Private,HS-grad,9,Married-civ-spouse,Sales,Husband,White,Male,0,0,44,United-States
22,Private,Some-college,10,Never-married,Protective-serv,Not-in-family,White,Male,0,0,20,United-States
41,Private,HS-grad,9,Married-civ-spouse,Adm-clerical,Husband,White,Male,0,0,40,United-States
25,Private,HS-grad,9,Never-married,Sales,Unmarried,White,Female,0,0,35,United-States
36,Private,Bachelors,13,Married-civ-spouse,Prof-specialty,Wife,White,Female,0,0,4,United-States
25,Private,HS-grad,9,Never-married,Handlers-cleaners,Not-in-family,White,Male,0,0,35,United-States
23,Private,7th-8th,4,Married-civ-spouse,Transport-moving,Husband,White,Male,0,0,32,United-States
27,Private,Prof-school,15,Never-married,Prof-specialty,Not-in-family,White,Female,0,0,65,United-States
19,?,HS-grad,9,Never-married,?,Own-child,White,Female,0,0,28,United-States
17,Private,11th,7,Never-married,Handlers-cleaners,Own-child,White,Male,0,0,12,?
67,?,7th-8th,4,Married-civ-spouse,?,Husband,White,Male,2414,0,40,United-States
21,Private,Some-college,10,Never-married,Tech-support,Own-child,White,Male,0,0,35,United-States
22,Private,Bachelors,13,Never-married,Sales,Own-child,White,Female,0,0,15,United-States
31,Private,Prof-school,15,Married-civ-spouse,Prof-specialty,Husband,Asian-Pac-Islander,Male,0,0,40,Japan
43,Private,Some-college,10,Married-civ-spouse,Sales,Husband,White,Male,3103,0,40,United-States
29,Private,Bachelors,13,Never-married,Sales,Not-in-family,White,Male,0,0,50,United-States
30,Private,Bachelors,13,Married-civ-spouse,Craft-repair,Husband,White,Male,0,0,30,United-States
51,Self-emp-inc,HS-grad,9,Married-civ-spouse,Sales,Husband,White,Male,0,0,50,United-States
70,?,Assoc-voc,11,Never-married,?,Not-in-family,White,Male,0,0,30,United-States
60,State-gov,Doctorate,16,Married-civ-spouse,Prof-specialty,Husband,White,Male,7688,0,60,United-States
75,Private,Preschool,1,Never-married,Priv-house-serv,Not-in-family,Asian-Pac-Islander,Female,0,0,48,Philippines
39,Private,Some-college,10,Divorced,Tech-support,Not-in-family,White,Female,0,0,40,Poland
50,Local-gov,HS-grad,9,Married-civ-spouse,Adm-clerical,Husband,Black,Male,0,0,40,United-States
70,?,Some-college,10,Widowed,?,Not-in-family,White,Female,0,0,25,United-States
80,Private,7th-8th,4,Widowed,Other-service,Not-in-family,White,Female,0,0,24,United-States
59,Private,10th,6,Widowed,Other-service,Other-relative,Asian-Pac-Islander,Female,0,0,40,Philippines
29,Private,Masters,14,Never-married,Exec-managerial,Not-in-family,White,Female,0,0,50,United-States
20,?,Some-college,10,Never-married,?,Own-child,White,Female,0,0,20,United-States
59,Local-gov,Assoc-acdm,12,Divorced,Prof-specialty,Not-in-family,White,Female,0,0,50,United-States
60,Private,Some-college,10,Married-civ-spouse,Adm-clerical,Husband,White,Male,0,1887,40,United-States
48,Self-emp-inc,Some-college,10,Married-civ-spouse,Sales,Husband,White,Male,0,0,38,United-States
31,Private,HS-grad,9,Married-civ-spouse,Transport-moving,Husband,White,Male,0,0,65,United-States
29,Private,HS-grad,9,Divorced,Exec-managerial,Not-in-family,White,Female,0,0,40,United-States
42,Self-emp-inc,Assoc-voc,11,Married-civ-spouse,Other-service,Husband,White,Male,3464,0,80,United-States
42,Private,Masters,14,Never-married,Exec-managerial,Not-in-family,White,Female,14084,0,50,United-States
46,Local-gov,Masters,14,Married-civ-spouse,Prof-specialty,Husband,White,Male,0,0,40,United-States
36,Self-emp-not-inc,Bachelors,13,Divorced,Sales,Unmarried,Asian-Pac-Islander,Female,0,0,8,South
81,Private,HS-grad,9,Married-civ-spouse,Transport-moving,Husband,Black,Male,0,0,20,United-States
64,Private,5th-6th,3,Married-civ-spouse,Other-service,Husband,Black,Male,0,0,40,United-States
37,State-gov,Bachelors,13,Married-civ-spouse,Prof-specialty,Husband,White,Male,0,0,36,United-States
44,Private,Some-college,10,Married-civ-spouse,Exec-managerial,Wife,White,Female,0,0,70,United-States
44,Private,Prof-school,15,Married-civ-spouse,Prof-specialty,Husband,White,Male,0,0,50,United-States
58,Self-emp-not-inc,Masters,14,Married-civ-spouse,Exec-managerial,Husband,White,Male,0,0,50,United-States
63,Private,Some-college,10,Widowed,Adm-clerical,Unmarried,White,Female,0,0,43,United-States
53,Local-gov,Some-college,10,Married-civ-spouse,Adm-clerical,Husband,White,Male,0,0,40,United-States
32,Private,HS-grad,9,Never-married,Craft-repair,Own-child,White,Male,0,0,50,United-States
38,Private,Some-college,10,Married-civ-spouse,Sales,Husband,White,Male,7298,0,40,United-States
55,Federal-gov,Masters,14,Never-married,Exec-managerial,Not-in-family,White,Female,8614,0,40,United-States
63,Private,10th,6,Widowed,Machine-op-inspct,Not-in-family,White,Female,0,0,20,United-States
26,Self-emp-not-inc,10th,6,Never-married,Prof-specialty,Not-in-family,White,Female,0,0,32,United-States
56,Private,HS-grad,9,Married-civ-spouse,Transport-moving,Husband,White,Male,3103,0,45,United-States
48,Private,Assoc-voc,11,Divorced,Other-service,Not-in-family,White,Female,0,0,40,?
46,Private,1st-4th,2,Separated,Other-service,Not-in-family,White,Female,0,0,40,Mexico
43,Private,Some-college,10,Married-civ-spouse,Handlers-cleaners,Husband,White,Male,0,0,40,United-States
37,Private,HS-grad,9,Divorced,Craft-repair,Not-in-family,White,Male,0,1669,55,United-States
43,Self-emp-inc,Prof-school,15,Married-civ-spouse,Prof-specialty,Husband,Asian-Pac-Islander,Male,0,0,70,India
54,Private,HS-grad,9,Married-civ-spouse,Adm-clerical,Husband,White,Male,0,0,45,United-States
90,Private,Some-college,10,Never-married,Other-service,Not-in-family,Asian-Pac-Islander,Male,0,0,35,United-States
35,Private,11th,7,Divorced,Transport-moving,Not-in-family,White,Male,0,0,40,United-States
18,?,HS-grad,9,Never-married,?,Own-child,White,Female,0,0,3,United-States
70,?,5th-6th,3,Married-civ-spouse,?,Husband,Black,Male,0,0,40,Cuba
49,Private,7th-8th,4,Married-civ-spouse,Machine-op-inspct,Husband,White,Male,0,0,48,United-States
64,?,HS-grad,9,Married-civ-spouse,?,Husband,White,Male,0,0,10,United-States
41,Private,Bachelors,13,Married-civ-spouse,Exec-managerial,Husband,White,Male,7688,0,50,United-States
59,Self-emp-inc,Prof-school,15,Married-civ-spouse,Prof-specialty,Husband,White,Male,0,0,40,United-States
49,Private,HS-grad,9,Divorced,Adm-clerical,Not-in-family,White,Female,0,0,40,United-States
43,Federal-gov,Prof-school,15,Married-civ-spouse,Prof-specialty,Husband,Asian-Pac-Islander,Male,0,0,50,India
70,Private,HS-grad,9,Married-civ-spouse,Craft-repair,Husband,White,Male,0,0,37,United-States
73,Self-emp-not-inc,Doctorate,16,Married-civ-spouse,Prof-specialty,Husband,White,Male,0,0,28,United-States
56,Private,HS-grad,9,Separated,Adm-clerical,Other-relative,Black,Female,0,0,40,United-States
57,Private,Some-college,10,Married-civ-spouse,Craft-repair,Wife,White,Female,9386,0,40,United-States
43,Private,HS-grad,9,Married-civ-spouse,Craft-repair,Husband,White,Male,0,0,40,United-States
34,Private,Assoc-voc,11,Never-married,Prof-specialty,Not-in-family,White,Female,1639,0,20,United-States
28,Self-emp-inc,HS-grad,9,Never-married,Adm-clerical,Own-child,White,Female,0,0,35,United-States
68,Private,Some-college,10,Divorced,Sales,Not-in-family,White,Female,0,0,40,United-States
51,Local-gov,Bachelors,13,Married-civ-spouse,Exec-managerial,Husband,White,Male,0,0,40,United-States
33,Private,Some-college,10,Never-married,Adm-clerical,Not-in-family,White,Male,0,0,36,United-States
35,Private,Some-college,10,Married-civ-spouse,Exec-managerial,Husband,White,Male,0,0,40,United-States
68,Private,HS-grad,9,Married-civ-spouse,Transport-moving,Husband,White,Male,0,419,12,United-States
56,Private,7th-8th,4,Divorced,Transport-moving,Unmarried,White,Male,0,0,40,United-States
28,Local-gov,Assoc-acdm,12,Married-civ-spouse,Protective-serv,Husband,Asian-Pac-Islander,Male,0,0,40,Hong
26,Private,HS-grad,9,Divorced,Handlers-cleaners,Own-child,White,Female,0,0,40,United-States
63,?,9th,5,Separated,?,Not-in-family,Black,Male,0,0,40,United-States
51,Private,Some-college,10,Married-civ-spouse,Exec-managerial,Husband,White,Male,0,0,60,United-States
72,Private,Some-college,10,Married-civ-spouse,Prof-specialty,Husband,White,Male,3471,0,20,United-States
63,Private,Some-college,10,Married-civ-spouse,Prof-specialty,Husband,White,Male,0,0,50,United-States
57,Self-emp-inc,Some-college,10,Married-civ-spouse,Exec-managerial,Husband,White,Male,0,0,40,United-States
38,Private,Some-college,10,Married-civ-spouse,Craft-repair,Husband,White,Male,0,0,40,United-States
48,Private,Some-college,10,Married-civ-spouse,Craft-repair,Husband,White,Male,0,0,60,United-States
69,?,HS-grad,9,Married-civ-spouse,?,Husband,White,Male,0,0,60,United-States
52,State-gov,HS-grad,9,Divorced,Adm-clerical,Not-in-family,White,Female,0,0,40,England
68,Self-emp-inc,11th,7,Married-civ-spouse,Sales,Husband,White,Male,0,1258,40,United-States
56,Private,Some-college,10,Separated,Tech-support,Unmarried,Black,Female,0,0,38,United-States
24,Private,Some-college,10,Never-married,Sales,Own-child,White,Female,5060,0,30,United-States
49,Private,HS-grad,9,Married-civ-spouse,Craft-repair,Husband,White,Male,0,0,40,United-States
67,?,HS-grad,9,Widowed,?,Other-relative,White,Female,0,0,8,United-States
62,Private,HS-grad,9,Widowed,Other-service,Not-in-family,White,Female,0,0,24,United-States
60,State-gov,Doctorate,16,Married-civ-spouse,Prof-specialty,Husband,White,Male,0,1902,40,United-States
73,Private,7th-8th,4,Married-civ-spouse,Sales,Husband,White,Male,0,0,35,United-States
25,Private,Bachelors,13,Never-married,Tech-support,Unmarried,White,Male,0,0,40,United-States
27,Local-gov,Bachelors,13,Never-married,Prof-specialty,Not-in-family,White,Female,0,0,45,United-States
19,Private,Some-college,10,Never-married,Other-service,Other-relative,White,Female,0,0,40,United-States
66,?,Assoc-voc,11,Married-civ-spouse,?,Husband,White,Male,0,0,45,United-States
55,Self-emp-not-inc,HS-grad,9,Married-civ-spouse,Farming-fishing,Husband,White,Male,0,0,60,United-States
70,?,HS-grad,9,Widowed,?,Not-in-family,White,Female,2993,0,20,United-States
23,Private,HS-grad,9,Never-married,Sales,Not-in-family,White,Male,0,1590,48,United-States
34,Private,HS-grad,9,Never-married,Craft-repair,Own-child,White,Male,0,0,40,United-States
52,Private,Some-college,10,Married-civ-spouse,Sales,Own-child,White,Female,0,0,40,United-States
70,Private,9th,5,Married-civ-spouse,Machine-op-inspct,Wife,White,Female,2653,0,40,United-States
49,Private,Bachelors,13,Married-civ-spouse,Prof-specialty,Husband,White,Male,0,0,55,United-States
38,Private,HS-grad,9,Married-civ-spouse,Machine-op-inspct,Husband,White,Male,0,0,40,United-States
70,Self-emp-not-inc,Some-college,10,Married-civ-spouse,Tech-support,Husband,White,Male,0,0,20,United-States
52,?,Assoc-voc,11,Married-civ-spouse,?,Husband,White,Male,0,0,50,United-States
68,Private,Preschool,1,Never-married,Machine-op-inspct,Not-in-family,White,Male,0,0,10,United-States
47,Local-gov,Masters,14,Married-civ-spouse,Prof-specialty,Husband,White,Male,0,0,48,United-States
19,?,Some-college,10,Never-married,?,Own-child,White,Male,0,0,30,United-States
24,Private,Assoc-acdm,12,Never-married,Exec-managerial,Own-child,White,Male,0,0,40,United-States
40,Private,HS-grad,9,Divorced,Sales,Not-in-family,White,Male,0,0,60,United-States
20,Private,11th,7,Never-married,Sales,Own-child,White,Female,0,0,40,United-States
51,Private,Bachelors,13,Divorced,Prof-specialty,Not-in-family,White,Female,0,0,16,United-States
38,Private,11th,7,Married-civ-spouse,Craft-repair,Husband,White,Male,0,0,40,United-States
20,Self-emp-not-inc,HS-grad,9,Divorced,Sales,Not-in-family,White,Female,0,0,30,United-States
72,Private,Some-college,10,Married-civ-spouse,Craft-repair,Husband,White,Male,2653,0,40,United-States
53,Federal-gov,Some-college,10,Divorced,Handlers-cleaners,Not-in-family,White,Male,0,0,40,United-States
32,Private,Bachelors,13,Married-civ-spouse,Tech-support,Husband,White,Male,0,0,30,?
64,State-gov,Bachelors,13,Married-civ-spouse,Prof-specialty,Husband,White,Male,5178,0,40,United-States
41,Private,HS-grad,9,Married-civ-spouse,Transport-moving,Husband,White,Male,0,0,50,United-States
56,Private,Bachelors,13,Never-married,Exec-managerial,Not-in-family,White,Female,8614,0,55,United-States
46,Private,Assoc-voc,11,Married-civ-spouse,Exec-managerial,Husband,White,Male,0,1902,40,United-States
45,Local-gov,HS-grad,9,Married-civ-spouse,Craft-repair,Husband,White,Male,0,0,40,United-States
49,Private,Bachelors,13,Married-civ-spouse,Exec-managerial,Husband,White,Male,0,0,45,United-States
64,Private,Some-college,10,Married-civ-spouse,Sales,Husband,White,Male,0,0,12,United-States
21,Private,11th,7,Married-civ-spouse,Machine-op-inspct,Husband,White,Male,0,0,40,United-States
18,?,11th,7,Never-married,?,Own-child,White,Female,0,0,20,United-States
64,Private,1st-4th,2,Married-civ-spouse,Machine-op-inspct,Husband,White,Male,0,0,40,Cuba
67,Federal-gov,HS-grad,9,Married-civ-spouse,Tech-support,Husband,White,Male,0,0,40,United-States
37,Private,HS-grad,9,Divorced,Handlers-cleaners,Not-in-family,White,Male,0,0,40,United-States
52,Private,12th,8,Never-married,Machine-op-inspct,Not-in-family,White,Male,0,0,40,United-States
77,?,Some-college,10,Married-civ-spouse,?,Husband,White,Male,0,0,8,United-States
63,?,11th,7,Separated,?,Not-in-family,Black,Male,0,0,40,United-States
36,Private,Prof-school,15,Married-civ-spouse,Prof-specialty,Wife,White,Female,15024,0,45,United-States
30,Private,Bachelors,13,Never-married,Sales,Not-in-family,White,Male,0,0,55,United-States
17,Private,10th,6,Never-married,Other-service,Own-child,White,Female,0,0,25,United-States
68,Self-emp-inc,Bachelors,13,Married-civ-spouse,Exec-managerial,Husband,White,Male,0,0,40,United-States
35,Private,Assoc-voc,11,Divorced,Tech-support,Own-child,White,Male,0,0,35,United-States
42,Private,Bachelors,13,Married-civ-spouse,Adm-clerical,Husband,White,Male,0,0,40,United-States
60,Self-emp-not-inc,HS-grad,9,Married-civ-spouse,Sales,Husband,White,Male,0,0,45,United-States
34,Private,Bachelors,13,Never-married,Sales,Not-in-family,White,Male,27828,0,40,United-States
25,State-gov,HS-grad,9,Never-married,Exec-managerial,Not-in-family,White,Male,0,0,40,United-States
19,Private,Some-college,10,Never-married,Prof-specialty,Own-child,White,Male,0,0,32,United-States
59,Local-gov,HS-grad,9,Separated,Protective-serv,Unmarried,Black,Female,0,0,40,United-States
26,Private,Bachelors,13,Never-married,Adm-clerical,Own-child,White,Female,0,0,40,United-States
32,Private,HS-grad,9,Divorced,Other-service,Not-in-family,White,Female,0,0,40,United-States
30,Private,Assoc-voc,11,Married-civ-spouse,Craft-repair,Husband,White,Male,0,0,40,United-States
59,Private,Masters,14,Married-civ-spouse,Exec-managerial,Husband,White,Male,0,0,45,United-States
56,Private,Some-college,10,Married-civ-spouse,Adm-clerical,Husband,White,Male,7298,0,45,United-States
43,Private,Some-college,10,Divorced,Machine-op-inspct,Unmarried,Black,Female,0,0,38,United-States
58,Private,Assoc-acdm,12,Married-civ-spouse,Exec-managerial,Husband,White,Male,0,0,42,United-States
49,Private,Bachelors,13,Married-civ-spouse,Sales,Husband,Asian-Pac-Islander,Male,0,0,50,Japan
54,Private,HS-grad,9,Married-civ-spouse,Craft-repair,Husband,White,Male,0,0,40,Greece
61,Private,7th-8th,4,Never-married,Other-service,Not-in-family,White,Male,0,0,48,United-States
71,Private,9th,5,Married-civ-spouse,Other-service,Husband,White,Male,0,0,40,United-States
19,Private,Bachelors,13,Never-married,Prof-specialty,Own-child,White,Female,0,0,30,United-States
29,Private,HS-grad,9,Never-married,Craft-repair,Unmarried,White,Female,0,0,42,United-States
66,Private,HS-grad,9,Married-civ-spouse,Transport-moving,Husband,White,Male,0,0,16,United-States
35,Private,Bachelors,13,Married-civ-spouse,Exec-managerial,Husband,White,Male,0,0,40,United-States
41,Local-gov,Masters,14,Divorced,Prof-specialty,Unmarried,White,Female,0,0,40,United-States
19,Private,12th,8,Never-married,Handlers-cleaners,Own-child,White,Male,0,0,40,United-States
29,Private,Bachelors,13,Never-married,Sales,Not-in-family,White,Male,8614,0,50,United-States
81,?,HS-grad,9,Married-civ-spouse,?,Husband,White,Male,0,0,18,United-States
66,Self-emp-not-inc,11th,7,Widowed,Exec-managerial,Not-in-family,White,Female,0,0,84,United-States
30,Private,HS-grad,9,Married-civ-spouse,Tech-support,Husband,White,Male,0,0,40,United-States
42,Private,Some-college,10,Married-civ-spouse,Machine-op-inspct,Husband,White,Male,0,0,40,United-States
34,Private,Bachelors,13,Never-married,Prof-specialty,Not-in-family,White,Male,0,0,40,United-States
45,Private,HS-grad,9,Married-civ-spouse,Sales,Husband,White,Male,0,0,50,United-States
17,Private,10th,6,Never-married,Other-service,Own-child,White,Female,0,0,14,United-States
51,Private,Assoc-voc,11,Married-civ-spouse,Sales,Husband,White,Male,0,0,40,United-States
48,Private,Some-college,10,Divorced,Craft-repair,Unmarried,White,Male,15020,0,48,United-States
45,Private,Some-college,10,Married-civ-spouse,Transport-moving,Husband,White,Male,7298,0,50,United-States
63,Private,Some-college,10,Married-civ-spouse,Prof-specialty,Husband,White,Male,4386,0,40,United-States
67,?,9th,5,Married-civ-spouse,?,Husband,White,Male,0,0,15,United-States
31,Private,HS-grad,9,Married-civ-spouse,Machine-op-inspct,Husband,White,Male,5013,0,40,United-States
34,Private,Masters,14,Never-married,Prof-specialty,Not-in-family,White,Male,4865,0,60,United-States
73,Private,7th-8th,4,Married-civ-spouse,Sales,Husband,White,Male,0,0,30,United-States
19,Private,Some-college,10,Never-married,Other-service,Own-child,White,Female,0,0,20,United-States
42,Private,HS-grad,9,Never-married,Craft-repair,Other-relative,White,Male,0,0,40,United-States
29,Private,Some-college,10,Married-civ-spouse,Handlers-cleaners,Husband,White,Male,3103,0,40,United-States
55,Federal-gov,Bachelors,13,Divorced,Prof-specialty,Unmarried,White,Male,0,0,40,United-States
39,Self-emp-not-inc,HS-grad,9,Married-civ-spouse,Craft-repair,Husband,Black,Male,0,0,40,United-States
44,Private,Some-college,10,Married-civ-spouse,Machine-op-inspct,Husband,White,Male,0,0,40,United-States
38,Private,Some-college,10,Married-civ-spouse,Machine-op-inspct,Husband,Other,Male,0,0,40,Iran
50,Self-emp-inc,Bachelors,13,Married-civ-spouse,Adm-clerical,Husband,White,Male,0,0,40,United-States
22,Private,Some-college,10,Never-married,Protective-serv,Own-child,Asian-Pac-Islander,Male,0,0,24,India
20,Private,Some-college,10,Never-married,Other-service,Own-child,White,Female,0,0,40,United-States
70,Private,HS-grad,9,Divorced,Handlers-cleaners,Not-in-family,White,Male,0,3175,15,United-States
52,Private,Some-college,10,Married-spouse-absent,Adm-clerical,Not-in-family,White,Female,14084,0,16,United-States
48,Private,Some-college,10,Married-civ-spouse,Handlers-cleaners,Husband,White,Male,0,0,30,United-States
51,Private,Bachelors,13,Married-civ-spouse,Sales,Husband,White,Male,0,0,40,United-States
44,Private,Bachelors,13,Never-married,Prof-specialty,Not-in-family,White,Female,0,0,45,United-States
25,Local-gov,Bachelors,13,Never-married,Prof-specialty,Not-in-family,White,Female,0,0,40,United-States
35,Private,Bachelors,13,Married-civ-spouse,Sales,Husband,White,Male,0,0,52,United-States
68,Local-gov,HS-grad,9,Married-civ-spouse,Farming-fishing,Husband,White,Male,0,0,40,United-States
50,Private,Bachelors,13,Married-civ-spouse,Sales,Husband,White,Male,0,0,40,United-States
42,State-gov,HS-grad,9,Married-civ-spouse,Protective-serv,Husband,White,Male,0,0,72,United-States
20,?,Some-college,10,Never-married,?,Own-child,White,Male,0,0,30,United-States
35,Private,HS-grad,9,Married-civ-spouse,Machine-op-inspct,Husband,White,Male,0,0,45,United-States
48,Private,Some-college,10,Married-civ-spouse,Exec-managerial,Husband,White,Male,0,0,50,United-States
59,Private,Masters,14,Married-civ-spouse,Exec-managerial,Husband,Asian-Pac-Islander,Male,0,0,40,United-States
19,Private,HS-grad,9,Never-married,Other-service,Own-child,Black,Male,0,0,30,United-States
72,Self-emp-not-inc,Prof-school,15,Never-married,Prof-specialty,Not-in-family,White,Male,0,1429,20,United-States
72,Private,Some-college,10,Widowed,Adm-clerical,Not-in-family,White,Female,0,0,25,United-States
65,?,HS-grad,9,Married-civ-spouse,?,Husband,White,Male,0,0,20,United-States
54,Private,HS-grad,9,Married-civ-spouse,Other-service,Wife,Black,Female,0,0,40,United-States
25,Private,Bachelors,13,Never-married,Adm-clerical,Not-in-family,White,Female,0,0,40,United-States
18,Private,11th,7,Never-married,Sales,Own-child,White,Female,0,0,20,United-States
68,State-gov,Masters,14,Married-civ-spouse,Prof-specialty,Husband,White,Male,0,2377,42,?
33,Private,Bachelors,13,Married-civ-spouse,Adm-clerical,Husband,White,Male,0,0,60,Iran
47,Private,Masters,14,Never-married,Prof-specialty,Not-in-family,White,Female,0,0,40,England
55,Private,HS-grad,9,Separated,Adm-clerical,Not-in-family,White,Female,0,0,40,United-States
33,State-gov,HS-grad,9,Divorced,Adm-clerical,Not-in-family,White,Male,0,0,40,United-States
74,Self-emp-not-inc,Doctorate,16,Married-spouse-absent,Prof-specialty,Not-in-family,White,Male,0,0,25,United-States
33,Private,Some-college,10,Never-married,Sales,Own-child,White,Male,0,0,45,United-States
17,?,12th,8,Never-married,?,Own-child,Other,Female,0,0,40,United-States
58,Local-gov,1st-4th,2,Widowed,Handlers-cleaners,Unmarried,Black,Male,0,0,40,United-States
28,Self-emp-not-inc,5th-6th,3,Married-civ-spouse,Handlers-cleaners,Husband,White,Male,0,0,25,Mexico
36,Private,11th,7,Never-married,Craft-repair,Own-child,White,Male,0,0,40,United-States
17,Private,11th,7,Never-married,Sales,Own-child,White,Male,0,0,22,United-States
70,Private,Some-college,10,Married-civ-spouse,Sales,Husband,White,Male,20051,0,65,United-States
39,Private,Assoc-voc,11,Married-civ-spouse,Tech-support,Husband,Asian-Pac-Islander,Male,0,0,40,Philippines
58,Self-emp-not-inc,Some-college,10,Married-civ-spouse,Farming-fishing,Husband,White,Male,0,2415,40,United-States
23,Local-gov,Some-college,10,Never-married,Protective-serv,Own-child,White,Male,0,0,40,United-States
50,State-gov,Masters,14,Never-married,Prof-specialty,Not-in-family,White,Male,0,0,38,United-States
21,State-gov,Some-college,10,Never-married,Adm-clerical,Own-child,White,Female,0,0,15,United-States
24,Private,HS-grad,9,Never-married,Other-service,Own-child,Black,Female,0,0,40,United-States
35,Self-emp-not-inc,Bachelors,13,Married-civ-spouse,Sales,Husband,White,Male,0,0,40,United-States
24,Private,HS-grad,9,Never-married,Craft-repair,Own-child,White,Male,0,0,40,United-States
29,Private,Assoc-acdm,12,Never-married,Craft-repair,Not-in-family,White,Male,0,0,60,United-States
18,Private,10th,6,Never-married,Transport-moving,Own-child,White,Male,0,0,40,United-States
41,Self-emp-not-inc,HS-grad,9,Married-civ-spouse,Exec-managerial,Husband,White,Male,0,0,50,United-States
17,?,11th,7,Never-married,?,Own-child,White,Female,0,0,18,United-States
77,Private,5th-6th,3,Married-civ-spouse,Other-service,Husband,White,Male,0,0,20,United-States
45,Private,Assoc-acdm,12,Widowed,Tech-support,Unmarried,White,Male,0,0,40,United-States
32,Private,Prof-school,15,Never-married,Prof-specialty,Not-in-family,White,Male,0,0,40,United-States
49,Private,HS-grad,9,Divorced,Craft-repair,Not-in-family,White,Male,0,1669,40,United-States
29,?,11th,7,Divorced,?,Not-in-family,White,Female,3418,0,48,United-States
61,Private,HS-grad,9,Divorced,Exec-managerial,Not-in-family,White,Female,0,0,40,United-States
39,Private,Assoc-acdm,12,Married-civ-spouse,Craft-repair,Husband,White,Male,7688,0,60,Germany
76,?,Some-college,10,Married-civ-spouse,?,Husband,White,Male,0,0,20,United-States
57,Self-emp-inc,Masters,14,Married-civ-spouse,Exec-managerial,Husband,White,Male,0,0,50,United-States
51,Local-gov,Masters,14,Married-civ-spouse,Prof-specialty,Husband,Amer-Indian-Eskimo,Male,0,0,40,United-States
30,Private,Bachelors,13,Married-civ-spouse,Craft-repair,Husband,White,Male,0,0,40,United-States
67,Private,HS-grad,9,Widowed,Sales,Not-in-family,White,Female,991,0,18,United-States
50,Private,Some-college,10,Married-civ-spouse,Craft-repair,Husband,White,Male,0,0,50,United-States
37,Private,Assoc-voc,11,Divorced,Tech-support,Unmarried,White,Female,0,0,52,United-States
53,Private,9th,5,Never-married,Craft-repair,Not-in-family,Black,Male,0,0,40,Jamaica
46,Private,Bachelors,13,Married-civ-spouse,Exec-managerial,Husband,White,Male,0,0,35,United-States
45,Private,Masters,14,Never-married,Adm-clerical,Not-in-family,Asian-Pac-Islander,Female,0,0,40,Philippines
26,Private,Some-college,10,Never-married,Adm-clerical,Own-child,Asian-Pac-Islander,Female,0,0,35,United-States
59,Self-emp-not-inc,7th-8th,4,Married-civ-spouse,Exec-managerial,Husband,White,Male,0,0,40,United-States
58,Local-gov,Assoc-acdm,12,Widowed,Adm-clerical,Not-in-family,Black,Female,0,0,40,United-States
49,Local-gov,Bachelors,13,Never-married,Prof-specialty,Own-child,White,Female,0,0,50,United-States
50,State-gov,Some-college,10,Married-spouse-absent,Adm-clerical,Unmarried,Amer-Indian-Eskimo,Female,0,0,40,United-States
62,Self-emp-not-inc,HS-grad,9,Married-civ-spouse,Other-service,Husband,White,Male,0,0,20,United-States
49,Federal-gov,Bachelors,13,Married-civ-spouse,Exec-managerial,Husband,White,Male,0,0,40,United-States
26,Private,Some-college,10,Never-married,Other-service,Not-in-family,White,Male,0,0,20,United-States
68,Private,HS-grad,9,Married-civ-spouse,Sales,Husband,White,Male,0,0,40,United-States
30,Private,Bachelors,13,Married-civ-spouse,Sales,Husband,White,Male,0,0,40,United-States
69,State-gov,Some-college,10,Married-civ-spouse,Transport-moving,Husband,White,Male,0,0,16,United-States
35,Private,7th-8th,4,Never-married,Machine-op-inspct,Own-child,White,Female,0,0,30,United-States
53,Private,HS-grad,9,Divorced,Handlers-cleaners,Not-in-family,White,Male,0,0,40,United-States
35,Private,Bachelors,13,Married-civ-spouse,Other-service,Wife,White,Female,0,0,32,United-States
28,Private,HS-grad,9,Never-married,Other-service,Unmarried,Black,Female,0,0,52,United-States
27,Private,Some-college,10,Never-married,Handlers-cleaners,Own-child,Asian-Pac-Islander,Male,0,0,40,United-States
33,Private,HS-grad,9,Never-married,Craft-repair,Own-child,White,Male,0,0,40,El-Salvador
67,Self-emp-not-inc,Some-college,10,Widowed,Other-service,Not-in-family,White,Female,2346,0,33,United-States
31,Private,HS-grad,9,Divorced,Sales,Not-in-family,White,Male,2202,0,40,United-States
59,Private,9th,5,Married-civ-spouse,Craft-repair,Husband,White,Male,0,0,50,United-States
58,Private,HS-grad,9,Married-civ-spouse,Transport-moving,Husband,White,Male,0,0,40,United-States
22,Private,Some-college,10,Never-married,Transport-moving,Own-child,Asian-Pac-Islander,Male,0,0,40,United-States
55,Local-gov,Masters,14,Married-civ-spouse,Exec-managerial,Wife,White,Female,0,0,40,United-States
20,?,HS-grad,9,Never-married,?,Own-child,White,Female,0,0,40,United-States
61,Private,HS-grad,9,Married-civ-spouse,Craft-repair,Husband,White,Male,0,0,40,United-States
67,Self-emp-not-inc,Bachelors,13,Married-civ-spouse,Transport-moving,Husband,White,Male,0,0,40,United-States
67,Private,HS-grad,9,Divorced,Sales,Not-in-family,White,Female,0,0,20,United-States
26,Private,HS-grad,9,Never-married,Other-service,Not-in-family,Black,Female,0,0,16,United-States
73,Self-emp-inc,HS-grad,9,Married-civ-spouse,Sales,Husband,White,Male,0,0,20,United-States
48,Private,HS-grad,9,Married-civ-spouse,Exec-managerial,Wife,White,Female,0,0,40,United-States
66,Private,HS-grad,9,Widowed,Craft-repair,Not-in-family,White,Male,0,0,40,United-States
32,Private,HS-grad,9,Married-civ-spouse,Craft-repair,Husband,White,Male,0,0,40,United-States
77,Private,Prof-school,15,Married-civ-spouse,Exec-managerial,Husband,White,Male,0,0,40,United-States
20,Private,Some-college,10,Never-married,Adm-clerical,Not-in-family,White,Female,0,0,25,United-States
45,Self-emp-inc,Some-college,10,Married-civ-spouse,Farming-fishing,Husband,White,Male,0,0,50,United-States
65,Private,Some-college,10,Widowed,Adm-clerical,Not-in-family,White,Female,2346,0,40,United-States
27,Private,Assoc-acdm,12,Never-married,Sales,Not-in-family,White,Male,0,0,40,United-States
58,Federal-gov,Bachelors,13,Married-civ-spouse,Exec-managerial,Husband,White,Male,0,0,40,United-States
49,Private,HS-grad,9,Separated,Sales,Not-in-family,White,Female,0,0,40,United-States
49,Federal-gov,HS-grad,9,Married-civ-spouse,Craft-repair,Husband,White,Male,0,0,40,United-States
38,Private,HS-grad,9,Married-civ-spouse,Exec-managerial,Wife,White,Female,15024,0,40,United-States
42,Self-emp-not-inc,Prof-school,15,Married-civ-spouse,Prof-specialty,Husband,White,Male,0,0,38,United-States
54,Private,Some-college,10,Never-married,Tech-support,Not-in-family,White,Male,0,0,40,United-States
65,Private,Masters,14,Separated,Exec-managerial,Not-in-family,Black,Male,0,0,20,United-States
37,Private,9th,5,Never-married,Priv-house-serv,Not-in-family,White,Female,0,0,30,El-Salvador
46,Private,Assoc-acdm,12,Never-married,Prof-specialty,Unmarried,White,Female,0,0,36,United-States
49,Private,Bachelors,13,Married-civ-spouse,Prof-specialty,Husband,White,Male,5013,0,45,United-States
81,Private,7th-8th,4,Widowed,Machine-op-inspct,Unmarried,White,Female,1264,0,40,United-States
18,Private,HS-grad,9,Never-married,Sales,Own-child,White,Male,0,0,40,United-States
19,Private,HS-grad,9,Never-married,Craft-repair,Other-relative,White,Male,0,0,35,United-States
71,Self-emp-not-inc,Prof-school,15,Married-civ-spouse,Farming-fishing,Husband,White,Male,0,0,2,United-States
26,Private,Assoc-acdm,12,Never-married,Prof-specialty,Not-in-family,White,Female,0,0,36,United-States
57,Self-emp-not-inc,11th,7,Divorced,Other-service,Unmarried,White,Male,4650,0,50,United-States
65,Self-emp-not-inc,9th,5,Married-civ-spouse,Craft-repair,Husband,White,Male,0,0,45,United-States
21,Private,Some-college,10,Never-married,Other-service,Own-child,White,Male,0,0,18,United-States
48,Private,Masters,14,Married-civ-spouse,Prof-specialty,Husband,White,Male,0,0,40,Cuba
21,?,Some-college,10,Never-married,?,Own-child,White,Female,0,1721,40,United-States
54,Private,HS-grad,9,Married-civ-spouse,Sales,Husband,White,Male,0,0,40,United-States
40,Private,10th,6,Married-civ-spouse,Other-service,Wife,Black,Female,0,0,32,United-States
74,?,HS-grad,9,Widowed,?,Not-in-family,White,Female,0,0,10,United-States
34,Self-emp-not-inc,Assoc-voc,11,Married-civ-spouse,Craft-repair,Husband,White,Male,0,0,75,United-States
31,Self-emp-not-inc,HS-grad,9,Divorced,Tech-support,Not-in-family,White,Male,0,0,60,United-States
60,Federal-gov,Prof-school,15,Married-civ-spouse,Prof-specialty,Husband,Asian-Pac-Islander,Male,99999,0,60,Philippines
45,Private,7th-8th,4,Widowed,Other-service,Unmarried,White,Female,0,0,21,United-States
73,Self-emp-not-inc,Some-college,10,Married-civ-spouse,Sales,Husband,White,Male,0,0,6,United-States
68,Private,Doctorate,16,Married-civ-spouse,Prof-specialty,Husband,White,Male,20051,0,55,United-States
37,Private,Assoc-voc,11,Divorced,Sales,Not-in-family,White,Female,0,0,40,United-States
45,?,11th,7,Divorced,?,Own-child,Black,Male,0,0,40,United-States
47,?,HS-grad,9,Married-civ-spouse,?,Husband,White,Male,5178,0,30,Canada
54,Private,HS-grad,9,Married-civ-spouse,Craft-repair,Husband,White,Male,0,0,44,United-States
40,Private,Bachelors,13,Married-spouse-absent,Prof-specialty,Not-in-family,Asian-Pac-Islander,Male,13550,0,40,Cambodia
19,Private,HS-grad,9,Separated,Adm-clerical,Own-child,White,Female,0,0,30,United-States
54,Self-emp-inc,HS-grad,9,Married-civ-spouse,Exec-managerial,Husband,White,Male,0,0,98,United-States
28,Private,Some-college,10,Married-civ-spouse,Exec-managerial,Husband,White,Male,0,0,40,United-States
37,Private,Some-college,10,Divorced,Other-service,Unmarried,White,Female,0,0,25,United-States
27,Private,9th,5,Married-civ-spouse,Farming-fishing,Husband,Amer-Indian-Eskimo,Male,0,0,40,United-States
57,Private,HS-grad,9,Never-married,Exec-managerial,Not-in-family,White,Male,0,0,40,United-States
18,Private,Some-college,10,Never-married,Machine-op-inspct,Not-in-family,White,Female,0,0,15,United-States
19,Private,HS-grad,9,Never-married,Prof-specialty,Not-in-family,White,Female,4416,0,40,United-States
36,Self-emp-not-inc,Bachelors,13,Married-civ-spouse,Farming-fishing,Husband,White,Male,0,0,50,United-States
52,Private,HS-grad,9,Married-civ-spouse,Craft-repair,Husband,White,Male,0,0,50,United-States
76,?,7th-8th,4,Widowed,?,Not-in-family,White,Male,0,0,2,United-States
37,Private,HS-grad,9,Divorced,Other-service,Unmarried,White,Female,0,0,12,United-States
21,Self-emp-not-inc,12th,8,Married-civ-spouse,Adm-clerical,Wife,White,Female,4508,0,30,Portugal
40,Local-gov,HS-grad,9,Married-civ-spouse,Transport-moving,Husband,White,Male,0,0,55,United-States
32,Private,Bachelors,13,Never-married,Sales,Not-in-family,White,Male,0,0,55,El-Salvador
75,Self-emp-not-inc,Doctorate,16,Married-civ-spouse,Prof-specialty,Husband,White,Male,4931,0,3,United-States
33,Local-gov,HS-grad,9,Married-civ-spouse,Other-service,Husband,Black,Male,2105,0,40,United-States
73,Private,HS-grad,9,Divorced,Adm-clerical,Not-in-family,White,Female,0,0,32,United-States
46,Private,Assoc-voc,11,Separated,Prof-specialty,Not-in-family,White,Male,0,0,40,United-States
63,Private,Some-college,10,Divorced,Other-service,Not-in-family,White,Female,0,0,30,United-States
75,Self-emp-not-inc,HS-grad,9,Divorced,Sales,Not-in-family,White,Male,2346,0,15,United-States
35,Private,HS-grad,9,Married-civ-spouse,Farming-fishing,Husband,White,Male,0,0,40,United-States
51,Private,HS-grad,9,Divorced,Adm-clerical,Not-in-family,White,Female,0,0,40,United-States
36,Private,Some-college,10,Married-civ-spouse,Sales,Husband,White,Male,15024,0,40,United-States
62,?,HS-grad,9,Married-civ-spouse,?,Husband,White,Male,5178,0,40,United-States
26,Private,Bachelors,13,Never-married,Craft-repair,Own-child,White,Male,0,0,40,Mexico
66,Private,Some-college,10,Married-civ-spouse,Exec-managerial,Husband,White,Male,0,0,40,United-States
27,Private,Some-college,10,Married-civ-spouse,Adm-clerical,Husband,White,Male,0,0,30,United-States
50,Private,HS-grad,9,Married-civ-spouse,Machine-op-inspct,Husband,White,Male,0,0,50,United-States
53,Private,HS-grad,9,Married-civ-spouse,Exec-managerial,Husband,White,Male,0,0,40,United-States
18,Private,HS-grad,9,Never-married,Handlers-cleaners,Own-child,White,Male,1055,0,40,United-States
64,Private,Bachelors,13,Married-civ-spouse,Protective-serv,Husband,White,Male,0,1902,50,United-States
51,Private,HS-grad,9,Never-married,Craft-repair,Not-in-family,White,Male,0,0,40,United-States
28,State-gov,Bachelors,13,Never-married,Adm-clerical,Own-child,Asian-Pac-Islander,Female,0,0,40,United-States
63,Local-gov,Some-college,10,Divorced,Adm-clerical,Not-in-family,White,Female,0,0,40,United-States
60,Self-emp-not-inc,9th,5,Married-civ-spouse,Farming-fishing,Husband,White,Male,0,1672,84,United-States
18,?,Some-college,10,Never-married,?,Own-child,White,Female,0,1602,24,United-States
65,Local-gov,Some-college,10,Never-married,Prof-specialty,Not-in-family,Black,Female,0,0,40,United-States
40,Self-emp-not-inc,HS-grad,9,Married-civ-spouse,Farming-fishing,Husband,White,Male,0,0,84,United-States
49,Local-gov,Bachelors,13,Married-civ-spouse,Exec-managerial,Husband,White,Male,0,0,40,United-States
29,Private,HS-grad,9,Married-civ-spouse,Other-service,Own-child,Asian-Pac-Islander,Male,0,0,25,Philippines
24,Private,Bachelors,13,Never-married,Exec-managerial,Not-in-family,White,Female,0,0,40,United-States
31,Self-emp-inc,HS-grad,9,Divorced,Other-service,Unmarried,White,Male,0,0,30,United-States
24,Private,HS-grad,9,Never-married,Craft-repair,Own-child,White,Male,0,1408,50,United-States
24,Private,Bachelors,13,Never-married,Exec-managerial,Not-in-family,White,Male,0,0,40,United-States
37,Private,HS-grad,9,Married-civ-spouse,Adm-clerical,Wife,White,Female,0,0,40,United-States
66,Self-emp-not-inc,Bachelors,13,Divorced,Sales,Not-in-family,White,Male,401,0,20,United-States
57,Local-gov,Some-college,10,Widowed,Adm-clerical,Unmarried,White,Female,0,0,40,Mexico
39,Self-emp-not-inc,HS-grad,9,Married-civ-spouse,Exec-managerial,Husband,White,Male,0,0,50,United-States
44,Self-emp-not-inc,Some-college,10,Separated,Sales,Unmarried,White,Male,0,0,60,United-States
30,Private,HS-grad,9,Never-married,Craft-repair,Not-in-family,White,Male,0,0,40,United-States
61,Private,HS-grad,9,Divorced,Sales,Not-in-family,White,Male,0,0,40,United-States
19,Private,HS-grad,9,Never-married,Craft-repair,Not-in-family,White,Male,0,0,40,United-States
30,State-gov,Some-college,10,Never-married,Prof-specialty,Not-in-family,White,Male,0,0,40,United-States
58,Self-emp-not-inc,HS-grad,9,Married-civ-spouse,Sales,Husband,White,Male,0,0,55,United-States
50,Private,Masters,14,Married-civ-spouse,Sales,Husband,White,Male,0,0,40,Iran
65,?,Some-college,10,Widowed,?,Not-in-family,Asian-Pac-Islander,Female,0,0,6,United-States
20,State-gov,Some-college,10,Never-married,Prof-specialty,Own-child,White,Female,0,0,20,United-States
30,Private,5th-6th,3,Married-civ-spouse,Craft-repair,Husband,White,Male,0,0,40,Mexico
31,Federal-gov,HS-grad,9,Married-civ-spouse,Adm-clerical,Husband,White,Male,0,0,40,United-States
72,Private,HS-grad,9,Married-civ-spouse,Handlers-cleaners,Husband,White,Male,0,0,20,United-States
70,Self-emp-inc,HS-grad,9,Married-civ-spouse,Exec-managerial,Husband,White,Male,0,0,16,United-States
27,Private,Some-college,10,Never-married,Exec-managerial,Not-in-family,White,Female,0,0,40,United-States
36,Private,Bachelors,13,Married-civ-spouse,Prof-specialty,Husband,White,Male,0,0,38,United-States
61,Private,Some-college,10,Married-civ-spouse,Other-service,Husband,White,Male,0,0,6,United-States
17,Private,10th,6,Never-married,Adm-clerical,Own-child,White,Female,0,0,16,United-States
70,Self-emp-not-inc,Some-college,10,Married-civ-spouse,Craft-repair,Husband,White,Male,0,0,25,United-States
35,Private,Bachelors,13,Never-married,Adm-clerical,Other-relative,White,Male,0,0,40,United-States
55,Private,11th,7,Married-civ-spouse,Other-service,Husband,White,Male,0,0,30,United-States
77,?,Assoc-voc,11,Married-spouse-absent,?,Not-in-family,White,Female,0,0,25,United-States
61,Private,Some-college,10,Married-civ-spouse,Machine-op-inspct,Husband,White,Male,0,0,56,United-States
52,Private,11th,7,Married-civ-spouse,Craft-repair,Husband,White,Male,0,0,40,United-States
18,Private,HS-grad,9,Never-married,Tech-support,Own-child,White,Female,0,0,10,United-States
53,Private,HS-grad,9,Married-civ-spouse,Transport-moving,Husband,White,Male,0,0,40,United-States
27,?,Bachelors,13,Never-married,?,Not-in-family,Black,Male,0,0,45,United-States
31,Private,Masters,14,Divorced,Other-service,Not-in-family,Other,Female,0,0,30,United-States
42,Private,Bachelors,13,Married-civ-spouse,Tech-support,Husband,White,Male,0,0,40,United-States
18,Private,11th,7,Never-married,Handlers-cleaners,Own-child,White,Male,0,0,40,United-States
44,Private,Some-college,10,Married-civ-spouse,Sales,Husband,Black,Male,0,0,50,United-States
40,Private,HS-grad,9,Married-civ-spouse,Exec-managerial,Husband,White,Male,0,0,40,United-States
32,Private,11th,7,Married-civ-spouse,Handlers-cleaners,Husband,White,Male,0,0,40,Columbia
68,Private,Some-college,10,Married-civ-spouse,Adm-clerical,Husband,White,Male,0,1844,10,United-States
48,Private,HS-grad,9,Married-civ-spouse,Transport-moving,Husband,White,Male,0,0,55,United-States
17,Private,10th,6,Never-married,Handlers-cleaners,Own-child,White,Male,0,0,10,United-States
29,Private,Masters,14,Married-civ-spouse,Exec-managerial,Husband,White,Male,0,0,40,United-States
52,Private,Prof-school,15,Never-married,Prof-specialty,Not-in-family,White,Male,0,1564,40,United-States
48,Private,Some-college,10,Married-civ-spouse,Craft-repair,Husband,White,Male,0,0,60,United-States
56,State-gov,Masters,14,Divorced,Prof-specialty,Not-in-family,White,Female,0,0,39,United-States
63,Private,12th,8,Married-civ-spouse,Sales,Husband,White,Male,0,0,40,United-States
31,Private,Bachelors,13,Married-civ-spouse,Prof-specialty,Husband,White,Male,7298,0,50,United-States
62,Private,HS-grad,9,Married-civ-spouse,Craft-repair,Husband,White,Male,0,0,40,United-States
39,Self-emp-not-inc,HS-grad,9,Never-married,Craft-repair,Own-child,Black,Female,0,0,20,United-States
67,Self-emp-inc,Masters,14,Married-civ-spouse,Prof-specialty,Husband,White,Male,20051,0,60,Italy
72,Private,9th,5,Widowed,Other-service,Unmarried,Black,Female,0,0,20,United-States
20,Private,Some-college,10,Never-married,Adm-clerical,Own-child,White,Female,0,0,25,United-States
72,?,7th-8th,4,Divorced,?,Not-in-family,White,Male,0,0,30,United-States
24,Private,HS-grad,9,Never-married,Machine-op-inspct,Other-relative,Black,Male,0,0,45,United-States
41,Private,HS-grad,9,Married-civ-spouse,Craft-repair,Husband,White,Male,99999,0,60,United-States
42,Self-emp-not-inc,Bachelors,13,Married-civ-spouse,Prof-specialty,Husband,White,Male,0,0,21,United-States
63,Private,HS-grad,9,Married-civ-spouse,Transport-moving,Husband,White,Male,0,0,40,United-States
63,Private,10th,6,Separated,Machine-op-inspct,Not-in-family,Black,Male,0,0,40,United-States
46,Private,Some-college,10,Married-civ-spouse,Craft-repair,Husband,White,Male,0,0,40,United-States
35,Private,Bachelors,13,Never-married,Adm-clerical,Not-in-family,White,Male,0,0,40,United-States
35,Private,Assoc-voc,11,Married-civ-spouse,Craft-repair,Husband,White,Male,0,0,50,United-States
53,Private,Some-college,10,Married-civ-spouse,Tech-support,Husband,White,Male,0,0,40,United-States
40,Private,Assoc-voc,11,Married-civ-spouse,Transport-moving,Husband,White,Male,2829,0,40,United-States
36,Private,Some-college,10,Divorced,Sales,Not-in-family,White,Male,0,0,40,United-States
20,Private,HS-grad,9,Never-married,Sales,Own-child,Black,Female,0,0,20,United-States
34,Private,HS-grad,9,Divorced,Adm-clerical,Unmarried,White,Female,0,0,35,United-States
43,Self-emp-not-inc,Some-college,10,Married-civ-spouse,Farming-fishing,Husband,White,Male,0,0,50,United-States
57,Self-emp-inc,Some-college,10,Married-civ-spouse,Prof-specialty,Husband,White,Male,0,0,40,United-States
42,Private,Doctorate,16,Divorced,Exec-managerial,Not-in-family,White,Male,0,0,60,United-States
38,Private,Assoc-voc,11,Separated,Tech-support,Unmarried,White,Female,0,0,20,United-States
29,Private,HS-grad,9,Married-civ-spouse,Exec-managerial,Husband,White,Male,0,0,40,United-States
30,Private,HS-grad,9,Never-married,Transport-moving,Not-in-family,White,Male,0,0,45,United-States
17,?,HS-grad,9,Never-married,?,Own-child,Black,Male,0,0,40,United-States
36,Private,Some-college,10,Never-married,Adm-clerical,Own-child,Amer-Indian-Eskimo,Female,0,0,40,United-States
17,Private,11th,7,Never-married,Other-service,Own-child,White,Male,0,0,20,England
42,Private,HS-grad,9,Divorced,Exec-managerial,Not-in-family,White,Female,0,0,40,United-States
67,?,10th,6,Never-married,?,Not-in-family,Black,Female,0,0,35,United-States
64,Private,7th-8th,4,Married-civ-spouse,Craft-repair,Husband,White,Male,0,0,40,United-States
28,State-gov,Masters,14,Never-married,Prof-specialty,Not-in-family,White,Male,0,0,50,United-States
76,Local-gov,9th,5,Married-civ-spouse,Other-service,Husband,White,Male,0,0,30,United-States
57,Private,11th,7,Married-civ-spouse,Craft-repair,Husband,White,Male,0,0,40,United-States
75,Self-emp-inc,Doctorate,16,Widowed,Prof-specialty,Not-in-family,White,Male,25124,0,20,United-States
37,Private,HS-grad,9,Divorced,Machine-op-inspct,Not-in-family,White,Female,0,0,40,United-States
47,?,HS-grad,9,Widowed,?,Unmarried,White,Female,0,0,40,United-States
53,Private,HS-grad,9,Married-civ-spouse,Craft-repair,Wife,White,Female,0,0,45,United-States
66,Private,11th,7,Married-civ-spouse,Sales,Husband,White,Male,0,0,26,United-States
30,Private,Bachelors,13,Never-married,Sales,Not-in-family,White,Male,0,1741,48,United-States
45,Private,HS-grad,9,Married-civ-spouse,Craft-repair,Husband,White,Male,0,0,47,United-States
49,Self-emp-inc,Doctorate,16,Married-civ-spouse,Prof-specialty,Husband,White,Male,15024,0,50,United-States
51,Private,11th,7,Separated,Other-service,Not-in-family,Black,Female,0,0,40,Jamaica
26,Private,Some-college,10,Never-married,Adm-clerical,Not-in-family,White,Female,0,0,40,United-States
54,Self-emp-not-inc,Bachelors,13,Married-civ-spouse,Craft-repair,Husband,White,Male,0,0,50,United-States
24,Private,Bachelors,13,Never-married,Prof-specialty,Own-child,White,Female,0,0,20,United-States
57,Private,Masters,14,Married-spouse-absent,Prof-specialty,Not-in-family,White,Female,0,0,40,United-States
56,Private,11th,7,Married-civ-spouse,Sales,Husband,White,Male,0,0,55,United-States
25,Private,Some-college,10,Married-spouse-absent,Adm-clerical,Own-child,Black,Female,0,0,20,United-States
44,Private,5th-6th,3,Married-spouse-absent,Craft-repair,Not-in-family,White,Male,0,0,45,United-States
22,State-gov,Some-college,10,Never-married,Prof-specialty,Own-child,White,Male,0,0,10,United-States
21,Private,Assoc-voc,11,Never-married,Other-service,Not-in-family,White,Female,0,0,50,United-States
28,Private,Some-college,10,Never-married,Sales,Not-in-family,Black,Male,0,0,50,United-States
46,Local-gov,HS-grad,9,Married-civ-spouse,Protective-serv,Husband,White,Male,7688,0,96,United-States
27,Private,HS-grad,9,Never-married,Machine-op-inspct,Not-in-family,White,Male,0,0,40,United-States
23,Local-gov,Assoc-acdm,12,Never-married,Protective-serv,Own-child,Black,Female,0,0,35,United-States
43,Private,Bachelors,13,Married-civ-spouse,Sales,Husband,White,Male,0,0,40,United-States
18,Private,11th,7,Never-married,Other-service,Other-relative,Black,Female,0,0,24,United-States
74,Self-emp-not-inc,Some-college,10,Married-civ-spouse,Exec-managerial,Husband,White,Male,0,0,4,United-States
74,Private,HS-grad,9,Widowed,Other-service,Not-in-family,White,Female,0,0,28,United-States
17,Private,12th,8,Never-married,Sales,Own-child,White,Female,0,0,8,United-States
24,Private,7th-8th,4,Separated,Machine-op-inspct,Own-child,White,Male,0,0,40,United-States
17,Private,11th,7,Never-married,Priv-house-serv,Own-child,White,Female,0,0,25,United-States
58,Private,Bachelors,13,Married-civ-spouse,Exec-managerial,Husband,White,Male,7688,0,50,United-States
65,Private,Assoc-acdm,12,Divorced,Sales,Not-in-family,White,Female,0,0,40,United-States
57,Local-gov,Masters,14,Married-civ-spouse,Prof-specialty,Wife,Black,Female,0,1977,40,United-States
37,Local-gov,HS-grad,9,Divorced,Adm-clerical,Unmarried,White,Female,0,0,40,United-States
29,Private,Some-college,10,Married-civ-spouse,Other-service,Husband,White,Male,0,0,40,United-States
65,Private,Bachelors,13,Married-civ-spouse,Sales,Husband,White,Male,0,0,15,United-States
21,Private,Some-college,10,Never-married,Adm-clerical,Own-child,White,Female,0,0,40,United-States
19,Private,9th,5,Never-married,Craft-repair,Own-child,White,Male,0,0,20,United-States
20,Private,HS-grad,9,Never-married,Handlers-cleaners,Own-child,White,Male,0,0,43,United-States
39,Private,Some-college,10,Married-civ-spouse,Craft-repair,Husband,White,Male,0,0,55,United-States
38,State-gov,Bachelors,13,Never-married,Exec-managerial,Not-in-family,White,Female,0,0,40,United-States
62,State-gov,Masters,14,Separated,Prof-specialty,Unmarried,White,Female,0,0,24,?
47,Private,Some-college,10,Divorced,Other-service,Unmarried,White,Female,0,0,40,United-States
65,Private,HS-grad,9,Widowed,Other-service,Unmarried,White,Female,0,0,17,United-States
24,State-gov,Doctorate,16,Never-married,Prof-specialty,Not-in-family,White,Female,0,0,99,England
40,Private,Bachelors,13,Divorced,Sales,Own-child,White,Male,0,0,80,United-States
20,Private,HS-grad,9,Never-married,Handlers-cleaners,Own-child,White,Male,0,0,40,United-States
61,Private,5th-6th,3,Married-civ-spouse,Farming-fishing,Other-relative,White,Female,0,0,45,Mexico
25,Private,Bachelors,13,Married-civ-spouse,Prof-specialty,Husband,White,Male,0,0,40,United-States
65,Private,Some-college,10,Widowed,Machine-op-inspct,Not-in-family,White,Female,0,0,20,United-States
72,?,HS-grad,9,Married-civ-spouse,?,Husband,White,Male,0,0,40,Cuba
62,Private,HS-grad,9,Widowed,Sales,Not-in-family,White,Female,0,0,43,United-States
27,Private,Some-college,10,Never-married,Adm-clerical,Own-child,Black,Female,0,0,40,United-States
55,Private,HS-grad,9,Married-civ-spouse,Sales,Husband,White,Male,4386,0,40,United-States
31,Private,Assoc-voc,11,Never-married,Adm-clerical,Unmarried,Black,Female,0,0,30,United-States
32,Private,Some-college,10,Married-civ-spouse,Exec-managerial,Wife,White,Female,0,0,55,United-States
73,?,10th,6,Never-married,?,Not-in-family,White,Male,0,0,4,United-States
40,Private,Assoc-voc,11,Married-civ-spouse,Craft-repair,Husband,White,Male,0,0,40,United-States
75,Private,10th,6,Widowed,Priv-house-serv,Not-in-family,White,Female,0,0,60,United-States
65,Self-emp-inc,Bachelors,13,Married-civ-spouse,Exec-managerial,Husband,White,Male,0,0,40,United-States
58,Self-emp-not-inc,HS-grad,9,Widowed,Exec-managerial,Not-in-family,White,Male,0,0,50,United-States
21,Private,Some-college,10,Never-married,Adm-clerical,Own-child,White,Male,0,0,40,United-States
56,Private,HS-grad,9,Divorced,Transport-moving,Not-in-family,White,Male,0,0,40,United-States
38,Private,Some-college,10,Divorced,Adm-clerical,Unmarried,White,Female,0,0,40,United-States
54,Local-gov,Masters,14,Married-civ-spouse,Prof-specialty,Husband,White,Male,0,0,45,United-States
58,Self-emp-inc,HS-grad,9,Married-civ-spouse,Exec-managerial,Husband,White,Male,0,0,40,United-States
66,Local-gov,Doctorate,16,Divorced,Prof-specialty,Not-in-family,White,Female,3273,0,40,United-States
42,Private,Bachelors,13,Divorced,Adm-clerical,Unmarried,White,Female,0,0,45,United-States
68,Private,9th,5,Married-civ-spouse,Craft-repair,Husband,Black,Male,0,0,44,United-States
25,Private,Bachelors,13,Never-married,Exec-managerial,Not-in-family,White,Male,0,0,50,United-States
41,Self-emp-not-inc,HS-grad,9,Married-civ-spouse,Exec-managerial,Husband,White,Male,0,0,40,United-States
18,?,10th,6,Never-married,?,Own-child,Black,Male,0,0,40,United-States
51,Self-emp-not-inc,Assoc-acdm,12,Never-married,Farming-fishing,Own-child,White,Female,0,0,40,United-States
60,Federal-gov,Some-college,10,Married-civ-spouse,Tech-support,Husband,White,Male,0,0,40,United-States
27,Private,HS-grad,9,Married-civ-spouse,Handlers-cleaners,Husband,White,Male,0,0,40,United-States
46,Self-emp-not-inc,Some-college,10,Divorced,Exec-managerial,Unmarried,White,Female,0,0,50,United-States
27,Private,7th-8th,4,Married-civ-spouse,Craft-repair,Husband,White,Male,0,0,40,United-States
22,Private,Assoc-acdm,12,Never-married,Sales,Own-child,White,Male,0,0,30,?
46,Private,Some-college,10,Married-civ-spouse,Adm-clerical,Husband,White,Male,0,0,40,United-States
52,Private,HS-grad,9,Divorced,Adm-clerical,Unmarried,White,Male,0,0,40,United-States
19,?,HS-grad,9,Never-married,?,Own-child,Black,Male,0,0,10,United-States
37,Private,10th,6,Divorced,Craft-repair,Not-in-family,White,Male,0,0,40,United-States
56,Local-gov,10th,6,Widowed,Other-service,Unmarried,White,Female,0,0,25,United-States
38,State-gov,HS-grad,9,Never-married,Other-service,Unmarried,Black,Female,0,0,40,United-States
44,Federal-gov,Some-college,10,Divorced,Adm-clerical,Unmarried,Black,Female,0,0,40,United-States
50,Private,7th-8th,4,Married-civ-spouse,Craft-repair,Husband,White,Male,3411,0,40,United-States
48,Private,HS-grad,9,Married-civ-spouse,Machine-op-inspct,Husband,White,Male,0,0,40,United-States
78,Private,1st-4th,2,Widowed,Handlers-cleaners,Other-relative,White,Male,0,0,20,Nicaragua
69,?,Some-college,10,Married-civ-spouse,?,Husband,White,Male,0,0,32,United-States
67,Self-emp-not-inc,7th-8th,4,Married-civ-spouse,Farming-fishing,Husband,White,Male,0,0,12,United-States
18,?,HS-grad,9,Never-married,?,Own-child,White,Female,0,1602,20,United-States
32,Private,HS-grad,9,Never-married,Transport-moving,Own-child,White,Male,0,0,40,United-States
43,Local-gov,Assoc-voc,11,Divorced,Adm-clerical,Not-in-family,Black,Female,0,0,40,United-States
23,Private,Bachelors,13,Never-married,Adm-clerical,Own-child,White,Female,0,0,25,United-States
24,Private,7th-8th,4,Married-civ-spouse,Farming-fishing,Husband,White,Male,2105,0,50,United-States
17,Private,11th,7,Never-married,Handlers-cleaners,Own-child,White,Male,0,0,20,Peru
17,Private,10th,6,Never-married,Sales,Own-child,Black,Female,0,0,24,United-States
80,?,HS-grad,9,Widowed,?,Not-in-family,White,Male,0,0,24,United-States
41,Self-emp-inc,Masters,14,Married-civ-spouse,Exec-managerial,Husband,White,Male,0,0,50,United-States
70,Private,HS-grad,9,Widowed,Adm-clerical,Unmarried,White,Female,0,0,5,United-States
67,Private,Some-college,10,Divorced,Adm-clerical,Not-in-family,White,Male,7978,0,35,United-States
24,?,HS-grad,9,Never-married,?,Not-in-family,White,Female,0,0,30,United-States
19,Private,Some-college,10,Never-married,Exec-managerial,Own-child,White,Female,0,0,40,United-States
64,Private,Some-college,10,Married-civ-spouse,Exec-managerial,Husband,White,Male,0,0,40,United-States
17,Private,10th,6,Never-married,Other-service,Own-child,White,Male,0,0,20,United-States
51,?,Some-college,10,Married-civ-spouse,?,Husband,White,Male,0,0,24,United-States
72,Private,7th-8th,4,Married-civ-spouse,Farming-fishing,Husband,White,Male,0,0,35,United-States
37,Private,Some-college,10,Never-married,Protective-serv,Own-child,Black,Male,0,0,30,United-States
22,Private,HS-grad,9,Never-married,Adm-clerical,Own-child,White,Female,0,0,40,United-States
29,State-gov,Some-college,10,Never-married,Protective-serv,Not-in-family,White,Male,0,0,36,United-States
57,Local-gov,Bachelors,13,Married-civ-spouse,Prof-specialty,Husband,Asian-Pac-Islander,Male,0,0,35,India
45,Private,HS-grad,9,Married-civ-spouse,Sales,Wife,White,Female,0,0,35,United-States
55,Private,HS-grad,9,Married-civ-spouse,Sales,Husband,White,Male,0,0,40,United-States
81,Private,7th-8th,4,Married-civ-spouse,Handlers-cleaners,Husband,White,Male,0,0,25,Portugal
66,Private,HS-grad,9,Widowed,Sales,Not-in-family,White,Female,0,0,40,United-States
63,Private,12th,8,Divorced,Priv-house-serv,Unmarried,Black,Female,0,0,30,United-States
51,Private,Some-college,10,Married-civ-spouse,Sales,Husband,White,Male,0,0,48,United-States
60,Private,5th-6th,3,Married-civ-spouse,Craft-repair,Husband,White,Male,0,0,45,Italy
22,Private,HS-grad,9,Never-married,Priv-house-serv,Own-child,White,Female,0,0,36,United-States
73,Self-emp-not-inc,HS-grad,9,Married-civ-spouse,Farming-fishing,Husband,White,Male,0,0,45,United-States
58,?,HS-grad,9,Never-married,?,Not-in-family,White,Female,0,0,4,United-States
25,Private,HS-grad,9,Married-civ-spouse,Other-service,Husband,White,Male,0,0,50,Mexico
59,Self-emp-not-inc,HS-grad,9,Divorced,Exec-managerial,Not-in-family,White,Male,0,0,60,United-States
31,Private,Doctorate,16,Married-civ-spouse,Prof-specialty,Husband,White,Male,0,1977,99,United-States
62,Private,11th,7,Never-married,Machine-op-inspct,Other-relative,White,Male,0,0,50,United-States
59,Private,HS-grad,9,Divorced,Other-service,Not-in-family,White,Female,0,0,40,United-States
72,Private,HS-grad,9,Widowed,Other-service,Unmarried,White,Female,0,0,25,United-States
31,Self-emp-not-inc,Bachelors,13,Married-spouse-absent,Exec-managerial,Not-in-family,White,Male,0,1980,60,United-States
45,Private,HS-grad,9,Never-married,Adm-clerical,Not-in-family,White,Male,3325,0,40,United-States
31,Private,Bachelors,13,Never-married,Prof-specialty,Not-in-family,White,Male,0,0,40,United-States
45,Private,11th,7,Divorced,Adm-clerical,Unmarried,White,Female,0,0,16,United-States
47,Self-emp-not-inc,5th-6th,3,Married-civ-spouse,Transport-moving,Husband,White,Male,0,0,20,United-States
37,Private,Some-college,10,Married-civ-spouse,Other-service,Wife,White,Female,0,0,40,United-States
37,Self-emp-not-inc,HS-grad,9,Never-married,Farming-fishing,Unmarried,White,Male,0,0,50,United-States
38,Private,HS-grad,9,Married-civ-spouse,Adm-clerical,Husband,Asian-Pac-Islander,Male,0,0,48,Trinadad&Tobago
21,Private,HS-grad,9,Never-married,Craft-repair,Not-in-family,White,Male,0,0,40,United-States
50,State-gov,Some-college,10,Divorced,Exec-managerial,Not-in-family,White,Female,0,0,40,United-States
26,Private,HS-grad,9,Divorced,Sales,Not-in-family,White,Male,0,0,40,United-States
25,Private,Masters,14,Never-married,Prof-specialty,Not-in-family,White,Female,0,0,40,United-States
41,Private,HS-grad,9,Married-civ-spouse,Adm-clerical,Husband,Black,Male,0,0,45,United-States
75,Private,10th,6,Widowed,Other-service,Not-in-family,White,Female,0,0,15,United-States
49,Private,Some-college,10,Married-civ-spouse,Adm-clerical,Wife,White,Female,0,0,40,United-States
23,Private,Some-college,10,Never-married,Other-service,Not-in-family,White,Male,0,0,25,United-States
40,Local-gov,Assoc-voc,11,Married-civ-spouse,Craft-repair,Husband,White,Male,0,0,35,United-States
49,Private,Some-college,10,Married-civ-spouse,Exec-managerial,Husband,White,Male,7298,0,40,United-States
63,Private,Assoc-acdm,12,Divorced,Exec-managerial,Not-in-family,White,Male,0,0,40,United-States
57,Private,10th,6,Never-married,Other-service,Not-in-family,White,Male,0,0,40,United-States
46,Private,Prof-school,15,Married-civ-spouse,Prof-specialty,Husband,White,Male,99999,0,50,United-States
54,Private,Some-college,10,Married-civ-spouse,Tech-support,Husband,White,Male,0,1977,18,United-States
40,State-gov,Bachelors,13,Married-civ-spouse,Protective-serv,Husband,White,Male,0,0,72,United-States
24,Self-emp-inc,Bachelors,13,Married-civ-spouse,Exec-managerial,Husband,White,Male,0,0,40,United-States
45,Private,Masters,14,Married-civ-spouse,Prof-specialty,Husband,White,Male,0,0,50,United-States
26,Private,HS-grad,9,Never-married,Craft-repair,Not-in-family,White,Male,0,0,25,United-States
77,?,Prof-school,15,Married-civ-spouse,?,Husband,White,Male,1455,0,25,United-States
63,Private,HS-grad,9,Married-civ-spouse,Sales,Wife,White,Female,0,0,35,United-States
47,Private,Assoc-acdm,12,Married-civ-spouse,Exec-managerial,Wife,White,Female,0,0,55,United-States
53,State-gov,Doctorate,16,Married-civ-spouse,Prof-specialty,Husband,White,Male,7688,0,50,United-States
76,Private,HS-grad,9,Married-civ-spouse,Sales,Husband,White,Male,1424,0,24,United-States
66,?,Assoc-voc,11,Widowed,?,Not-in-family,White,Female,0,0,40,United-States
38,Private,HS-grad,9,Never-married,Handlers-cleaners,Not-in-family,Black,Male,0,0,40,United-States
28,Private,Some-college,10,Never-married,Sales,Not-in-family,White,Female,0,0,50,United-States
55,Private,HS-grad,9,Divorced,Craft-repair,Not-in-family,White,Male,0,0,45,United-States
31,Self-emp-not-inc,7th-8th,4,Married-civ-spouse,Prof-specialty,Husband,White,Male,0,0,60,United-States
62,Private,Some-college,10,Married-civ-spouse,Adm-clerical,Wife,White,Female,0,0,40,United-States
23,State-gov,Some-college,10,Never-married,Adm-clerical,Own-child,White,Male,0,0,25,United-States
28,Private,10th,6,Never-married,Machine-op-inspct,Not-in-family,White,Female,0,155,40,United-States
54,Private,HS-grad,9,Widowed,Sales,Not-in-family,White,Female,0,0,46,United-States
45,Local-gov,Bachelors,13,Married-civ-spouse,Sales,Husband,White,Male,0,0,40,United-States
32,Private,HS-grad,9,Never-married,Machine-op-inspct,Unmarried,White,Male,0,0,40,United-States
64,Private,11th,7,Married-civ-spouse,Sales,Husband,White,Male,0,0,40,United-States
24,Private,HS-grad,9,Never-married,Exec-managerial,Own-child,White,Female,0,0,50,United-States
40,State-gov,Some-college,10,Married-civ-spouse,Adm-clerical,Husband,White,Male,0,0,40,United-States
20,Self-emp-inc,Some-college,10,Never-married,Craft-repair,Own-child,White,Male,0,0,20,United-States
59,Private,11th,7,Divorced,Farming-fishing,Not-in-family,White,Male,0,0,40,United-States
37,Private,Assoc-acdm,12,Married-civ-spouse,Tech-support,Husband,White,Male,0,0,50,United-States
59,Private,Prof-school,15,Never-married,Prof-specialty,Not-in-family,White,Male,0,0,50,United-States
71,?,Assoc-voc,11,Widowed,?,Not-in-family,White,Female,0,0,40,United-States
73,?,Bachelors,13,Married-civ-spouse,?,Husband,White,Male,0,0,10,United-States
59,Private,10th,6,Married-civ-spouse,Handlers-cleaners,Husband,White,Male,0,0,40,United-States
17,?,9th,5,Never-married,?,Own-child,Black,Male,0,0,20,United-States
49,Local-gov,HS-grad,9,Never-married,Craft-repair,Not-in-family,White,Male,0,0,50,United-States
65,?,HS-grad,9,Married-civ-spouse,?,Husband,White,Male,0,0,45,United-States
22,Private,Assoc-acdm,12,Never-married,Adm-clerical,Not-in-family,Asian-Pac-Islander,Female,0,0,40,Philippines
24,Private,Some-college,10,Never-married,Sales,Not-in-family,White,Female,0,0,24,United-States
48,Private,Some-college,10,Widowed,Exec-managerial,Unmarried,Black,Female,0,1669,38,United-States
47,Private,HS-grad,9,Divorced,Other-service,Unmarried,Black,Female,0,0,40,United-States
19,Private,HS-grad,9,Never-married,Machine-op-inspct,Own-child,Black,Female,0,0,40,United-States
44,Self-emp-inc,Bachelors,13,Married-civ-spouse,Exec-managerial,Husband,White,Male,0,0,45,United-States
62,Private,9th,5,Married-civ-spouse,Other-service,Husband,White,Male,0,0,40,United-States
42,Self-emp-inc,Bachelors,13,Married-civ-spouse,Exec-managerial,Husband,White,Male,0,0,60,United-States
35,?,1st-4th,2,Married-civ-spouse,?,Husband,White,Male,0,0,15,United-States
19,Private,HS-grad,9,Never-married,Sales,Not-in-family,White,Male,0,0,50,United-States
20,Private,HS-grad,9,Never-married,Other-service,Not-in-family,White,Male,0,0,45,United-States
67,Private,HS-grad,9,Separated,Machine-op-inspct,Other-relative,White,Female,0,0,40,United-States
70,Private,Some-college,10,Widowed,Sales,Not-in-family,White,Female,0,0,34,United-States
21,Private,10th,6,Never-married,Machine-op-inspct,Own-child,White,Male,0,0,25,United-States
40,State-gov,Bachelors,13,Divorced,Adm-clerical,Unmarried,Black,Female,0,0,40,United-States
47,Self-emp-not-inc,Masters,14,Married-civ-spouse,Exec-managerial,Wife,White,Female,15024,0,40,United-States
18,?,12th,8,Never-married,?,Own-child,White,Female,0,0,24,United-States
56,Self-emp-not-inc,11th,7,Widowed,Other-service,Unmarried,White,Female,0,0,50,United-States
20,Private,HS-grad,9,Never-married,Farming-fishing,Not-in-family,White,Male,0,0,55,United-States
49,Self-emp-not-inc,HS-grad,9,Married-civ-spouse,Craft-repair,Husband,White,Male,0,0,40,Canada
69,Private,Some-college,10,Widowed,Adm-clerical,Not-in-family,White,Female,2050,0,24,United-States
38,Private,Assoc-voc,11,Divorced,Other-service,Unmarried,White,Female,0,0,36,United-States
62,Self-emp-inc,Masters,14,Married-civ-spouse,Prof-specialty,Husband,Asian-Pac-Islander,Male,0,0,40,South
34,Private,Bachelors,13,Married-civ-spouse,Exec-managerial,Husband,White,Male,0,0,48,United-States
34,Private,HS-grad,9,Never-married,Transport-moving,Own-child,White,Male,0,1980,40,United-States
35,Private,Masters,14,Married-civ-spouse,Prof-specialty,Husband,White,Male,0,0,38,?
69,Private,HS-grad,9,Widowed,Exec-managerial,Not-in-family,White,Female,0,0,40,United-States
39,?,HS-grad,9,Married-civ-spouse,?,Husband,White,Male,7298,0,40,United-States
23,Private,Bachelors,13,Never-married,Adm-clerical,Own-child,White,Female,0,0,40,United-States
43,Private,Bachelors,13,Divorced,Exec-managerial,Not-in-family,White,Female,0,0,45,United-States
56,Self-emp-inc,Bachelors,13,Married-civ-spouse,Exec-managerial,Husband,White,Male,15024,0,50,United-States
75,?,9th,5,Married-civ-spouse,?,Husband,Black,Male,1409,0,5,United-States
18,Private,HS-grad,9,Never-married,Sales,Own-child,White,Female,0,0,20,United-States
77,Private,HS-grad,9,Widowed,Adm-clerical,Not-in-family,White,Female,0,0,10,United-States
59,Local-gov,Some-college,10,Separated,Protective-serv,Not-in-family,White,Male,0,0,40,United-States
56,Private,7th-8th,4,Married-civ-spouse,Machine-op-inspct,Husband,White,Male,0,0,48,United-States
53,Private,HS-grad,9,Divorced,Sales,Not-in-family,White,Female,2597,0,40,United-States
62,Self-emp-not-inc,HS-grad,9,Married-civ-spouse,Farming-fishing,Husband,White,Male,0,0,35,United-States
29,Self-emp-inc,Assoc-acdm,12,Never-married,Prof-specialty,Other-relative,Black,Female,0,0,40,United-States
49,Self-emp-not-inc,Some-college,10,Married-civ-spouse,Sales,Husband,White,Male,0,0,50,United-States
63,Private,10th,6,Married-civ-spouse,Adm-clerical,Husband,White,Male,0,0,45,United-States
23,Private,Some-college,10,Never-married,Sales,Own-child,White,Male,0,0,25,Canada
57,Private,Bachelors,13,Married-civ-spouse,Sales,Husband,Asian-Pac-Islander,Male,15024,0,45,United-States
20,Private,Some-college,10,Never-married,Adm-clerical,Own-child,White,Female,0,0,20,United-States
43,Federal-gov,Bachelors,13,Never-married,Exec-managerial,Not-in-family,White,Male,0,0,40,United-States
54,State-gov,Prof-school,15,Married-civ-spouse,Prof-specialty,Husband,White,Male,0,0,40,United-States
64,Local-gov,Some-college,10,Widowed,Exec-managerial,Not-in-family,White,Male,0,0,50,United-States
51,Private,HS-grad,9,Married-civ-spouse,Craft-repair,Husband,White,Male,0,0,40,United-States
44,Private,HS-grad,9,Married-civ-spouse,Craft-repair,Husband,White,Male,0,0,40,United-States
34,Private,HS-grad,9,Married-civ-spouse,Sales,Husband,White,Male,0,0,65,United-States
37,Private,Assoc-voc,11,Married-civ-spouse,Craft-repair,Husband,White,Male,0,0,50,Poland
34,Private,HS-grad,9,Divorced,Sales,Own-child,White,Female,0,0,35,United-States
48,Self-emp-not-inc,Masters,14,Married-civ-spouse,Sales,Husband,White,Male,0,0,50,England
61,Self-emp-inc,HS-grad,9,Married-civ-spouse,Exec-managerial,Husband,White,Male,0,0,20,United-States
58,?,Some-college,10,Married-civ-spouse,?,Husband,Black,Male,0,0,30,United-States
64,?,HS-grad,9,Married-civ-spouse,?,Husband,White,Male,0,0,40,?
51,Self-emp-not-inc,HS-grad,9,Married-civ-spouse,Farming-fishing,Husband,White,Male,0,0,55,United-States
77,?,HS-grad,9,Widowed,?,Not-in-family,White,Female,0,0,14,United-States
18,Private,Some-college,10,Never-married,Sales,Own-child,White,Female,0,0,10,United-States
74,?,HS-grad,9,Widowed,?,Not-in-family,White,Female,0,0,25,United-States
65,Private,Bachelors,13,Married-civ-spouse,Exec-managerial,Husband,White,Male,0,0,40,United-States
25,Private,Assoc-voc,11,Never-married,Sales,Not-in-family,White,Male,27828,0,40,United-States
67,Local-gov,HS-grad,9,Married-civ-spouse,Prof-specialty,Husband,White,Male,0,0,24,United-States
81,Self-emp-inc,HS-grad,9,Widowed,Sales,Not-in-family,White,Female,0,0,40,?
17,State-gov,10th,6,Never-married,Farming-fishing,Own-child,White,Male,0,0,40,United-States
49,Private,7th-8th,4,Never-married,Prof-specialty,Other-relative,Black,Male,0,0,45,United-States
25,?,Assoc-acdm,12,Married-civ-spouse,?,Husband,White,Male,0,0,13,United-States
45,Self-emp-inc,Bachelors,13,Married-civ-spouse,Exec-managerial,Husband,White,Male,0,0,50,United-States
74,State-gov,7th-8th,4,Widowed,Handlers-cleaners,Not-in-family,White,Female,0,0,20,United-States
34,Private,Some-college,10,Married-civ-spouse,Craft-repair,Husband,White,Male,0,0,40,United-States
25,Private,Assoc-voc,11,Married-civ-spouse,Exec-managerial,Husband,White,Male,0,0,75,United-States
34,Private,10th,6,Never-married,Other-service,Unmarried,Black,Female,0,0,40,Jamaica
19,Private,HS-grad,9,Never-married,Other-service,Own-child,White,Female,0,0,35,United-States
57,?,HS-grad,9,Married-civ-spouse,?,Husband,Other,Male,0,0,5,Columbia
70,Private,HS-grad,9,Married-civ-spouse,Adm-clerical,Wife,White,Female,0,0,5,United-States
43,Private,HS-grad,9,Divorced,Machine-op-inspct,Not-in-family,White,Male,0,0,45,United-States
62,Self-emp-not-inc,HS-grad,9,Married-civ-spouse,Sales,Wife,White,Female,0,0,48,United-States
46,Private,Assoc-acdm,12,Divorced,Prof-specialty,Unmarried,White,Female,0,0,40,United-States
44,Federal-gov,HS-grad,9,Never-married,Craft-repair,Own-child,Black,Female,0,0,40,United-States
62,Self-emp-not-inc,Some-college,10,Married-civ-spouse,Farming-fishing,Husband,White,Male,0,0,80,United-States
17,?,11th,7,Never-married,?,Own-child,White,Male,0,0,20,United-States
19,Private,Some-college,10,Never-married,Adm-clerical,Own-child,White,Female,0,0,20,United-States
70,?,HS-grad,9,Married-civ-spouse,?,Husband,White,Male,0,0,40,United-States
54,Private,Masters,14,Separated,Exec-managerial,Not-in-family,White,Male,0,0,40,United-States
28,Private,Some-college,10,Never-married,Adm-clerical,Not-in-family,White,Female,0,0,40,United-States
22,Local-gov,Bachelors,13,Never-married,Prof-specialty,Own-child,White,Female,0,0,15,United-States
34,Self-emp-inc,Bachelors,13,Never-married,Prof-specialty,Not-in-family,Other,Male,0,0,60,United-States
55,Private,Masters,14,Married-civ-spouse,Prof-specialty,Husband,White,Male,0,0,40,United-States
64,Self-emp-inc,Doctorate,16,Married-civ-spouse,Exec-managerial,Husband,White,Male,0,1902,60,United-States
68,Self-emp-not-inc,Some-college,10,Married-civ-spouse,Craft-repair,Husband,White,Male,0,0,10,United-States
71,?,Some-college,10,Married-civ-spouse,?,Husband,White,Male,6514,0,40,United-States
64,Local-gov,HS-grad,9,Widowed,Other-service,Unmarried,White,Female,0,0,40,United-States
57,State-gov,HS-grad,9,Married-civ-spouse,Adm-clerical,Husband,White,Male,0,0,40,United-States
22,?,Some-college,10,Never-married,?,Own-child,White,Male,0,0,30,United-States
53,Private,Assoc-acdm,12,Married-civ-spouse,Exec-managerial,Husband,White,Male,0,0,45,United-States
22,Private,Some-college,10,Never-married,Adm-clerical,Own-child,Asian-Pac-Islander,Female,0,0,40,United-States
44,Self-emp-not-inc,Some-college,10,Married-civ-spouse,Farming-fishing,Husband,White,Male,0,0,45,United-States
20,Private,Some-college,10,Never-married,Other-service,Own-child,White,Male,0,0,20,United-States
31,Private,Some-college,10,Never-married,Adm-clerical,Not-in-family,White,Female,0,0,40,United-States
38,Private,Masters,14,Married-civ-spouse,Prof-specialty,Husband,White,Male,0,0,35,United-States
69,?,HS-grad,9,Married-civ-spouse,?,Husband,White,Male,1409,0,35,United-States
31,Private,HS-grad,9,Never-married,Other-service,Other-relative,Black,Female,0,0,40,?
33,Private,Prof-school,15,Married-civ-spouse,Exec-managerial,Husband,Asian-Pac-Islander,Male,0,0,65,Japan
43,Private,Masters,14,Married-civ-spouse,Prof-specialty,Husband,White,Male,0,0,40,United-States
30,Self-emp-inc,Some-college,10,Married-civ-spouse,Craft-repair,Husband,Black,Male,0,0,70,United-States
54,Private,HS-grad,9,Divorced,Protective-serv,Not-in-family,White,Male,0,0,40,United-States
27,Local-gov,Assoc-voc,11,Never-married,Tech-support,Not-in-family,White,Female,0,1564,72,United-States
35,Private,HS-grad,9,Divorced,Tech-support,Unmarried,White,Female,0,0,40,United-States
57,Private,HS-grad,9,Married-civ-spouse,Other-service,Husband,White,Male,0,0,40,Mexico
22,Self-emp-not-inc,HS-grad,9,Never-married,Other-service,Own-child,White,Female,0,0,50,United-States
19,Local-gov,Some-college,10,Never-married,Adm-clerical,Own-child,White,Female,0,0,25,United-States
37,Private,Masters,14,Married-civ-spouse,Prof-specialty,Husband,White,Male,0,0,50,United-States
18,?,11th,7,Never-married,?,Own-child,White,Male,0,0,36,United-States
54,Private,Bachelors,13,Married-civ-spouse,Exec-managerial,Husband,White,Male,0,0,60,United-States
42,Private,Some-college,10,Married-civ-spouse,Craft-repair,Husband,White,Male,0,0,40,United-States
32,Private,HS-grad,9,Never-married,Other-service,Not-in-family,White,Male,0,0,48,United-States
46,Private,Some-college,10,Married-civ-spouse,Craft-repair,Husband,White,Male,0,0,44,United-States
20,Private,Some-college,10,Never-married,Prof-specialty,Not-in-family,White,Female,0,0,18,United-States
62,Private,HS-grad,9,Married-civ-spouse,Craft-repair,Husband,White,Male,0,0,40,United-States
36,Private,Bachelors,13,Married-civ-spouse,Sales,Husband,White,Male,0,0,50,United-States
62,Private,Assoc-voc,11,Married-civ-spouse,Prof-specialty,Husband,White,Male,7298,0,50,United-States
70,Self-emp-inc,Some-college,10,Married-civ-spouse,Exec-managerial,Husband,White,Male,0,0,40,United-States
52,Private,HS-grad,9,Married-civ-spouse,Sales,Husband,White,Male,0,0,8,United-States
54,Private,7th-8th,4,Never-married,Craft-repair,Not-in-family,Black,Male,0,0,50,United-States
23,Private,HS-grad,9,Separated,Machine-op-inspct,Unmarried,Black,Male,0,0,54,United-States
35,Private,HS-grad,9,Married-civ-spouse,Machine-op-inspct,Husband,White,Male,0,0,45,United-States
62,Self-emp-not-inc,HS-grad,9,Widowed,Adm-clerical,Other-relative,White,Female,0,0,30,United-States
53,Private,HS-grad,9,Married-civ-spouse,Craft-repair,Husband,Black,Male,0,0,40,Jamaica
36,Private,Assoc-voc,11,Married-civ-spouse,Sales,Husband,White,Male,0,0,50,United-States
51,Self-emp-inc,Prof-school,15,Married-civ-spouse,Prof-specialty,Husband,White,Male,0,0,60,United-States
66,Private,10th,6,Married-civ-spouse,Protective-serv,Husband,White,Male,0,0,40,United-States
62,Private,10th,6,Divorced,Prof-specialty,Unmarried,White,Female,0,0,40,United-States
22,Private,Some-college,10,Never-married,Sales,Own-child,Black,Female,0,0,16,United-States
54,Self-emp-not-inc,Some-college,10,Married-civ-spouse,Sales,Husband,White,Male,0,0,65,United-States
53,Self-emp-not-inc,Masters,14,Divorced,Exec-managerial,Not-in-family,White,Male,0,0,50,United-States
20,?,Some-college,10,Never-married,?,Own-child,White,Female,0,0,40,United-States
28,Private,HS-grad,9,Divorced,Sales,Other-relative,White,Male,0,0,50,United-States
58,Private,Masters,14,Married-civ-spouse,Exec-managerial,Husband,White,Male,0,0,46,United-States
54,Self-emp-not-inc,Some-college,10,Married-civ-spouse,Craft-repair,Husband,White,Male,0,1579,48,United-States
55,Private,7th-8th,4,Married-civ-spouse,Adm-clerical,Husband,White,Male,0,0,75,United-States
54,Private,Masters,14,Married-civ-spouse,Prof-specialty,Husband,White,Male,0,1902,60,United-States
33,Private,Bachelors,13,Married-civ-spouse,Adm-clerical,Wife,White,Female,0,1887,40,United-States
30,Private,11th,7,Married-civ-spouse,Transport-moving,Husband,White,Male,0,0,40,United-States
23,Private,Assoc-voc,11,Never-married,Adm-clerical,Not-in-family,White,Female,0,0,40,United-States
65,Private,HS-grad,9,Married-civ-spouse,Exec-managerial,Husband,White,Male,0,0,40,United-States
36,Private,HS-grad,9,Married-civ-spouse,Craft-repair,Husband,Black,Male,0,0,40,United-States
54,Local-gov,5th-6th,3,Never-married,Machine-op-inspct,Not-in-family,White,Male,0,2001,35,United-States
37,Private,7th-8th,4,Divorced,Sales,Unmarried,White,Female,0,0,44,United-States
57,Private,Assoc-voc,11,Widowed,Craft-repair,Not-in-family,Black,Male,0,0,40,?
56,Self-emp-inc,Bachelors,13,Married-civ-spouse,Sales,Husband,White,Male,15024,0,50,United-States
41,Private,Some-college,10,Married-civ-spouse,Sales,Husband,White,Male,0,0,65,United-States
42,Private,Bachelors,13,Never-married,Sales,Not-in-family,White,Male,10520,0,50,United-States
42,Private,HS-grad,9,Married-civ-spouse,Other-service,Wife,Black,Female,0,0,35,United-States
51,Private,Some-college,10,Married-civ-spouse,Prof-specialty,Wife,White,Female,0,0,40,United-States
67,Self-emp-inc,Some-college,10,Married-civ-spouse,Sales,Husband,White,Male,20051,0,40,United-States
32,Private,Some-college,10,Married-civ-spouse,Craft-repair,Husband,White,Male,0,0,40,United-States
26,State-gov,11th,7,Divorced,Other-service,Unmarried,White,Female,0,0,40,United-States
45,Private,Bachelors,13,Married-civ-spouse,Exec-managerial,Husband,White,Male,15024,0,60,United-States
61,Private,Some-college,10,Married-civ-spouse,Sales,Husband,White,Male,0,0,45,United-States
38,Private,HS-grad,9,Divorced,Craft-repair,Not-in-family,White,Male,0,0,40,?
51,Self-emp-inc,HS-grad,9,Married-civ-spouse,Sales,Wife,White,Female,0,0,40,United-States
55,Private,HS-grad,9,Married-civ-spouse,Craft-repair,Husband,White,Male,4386,0,40,United-States
19,Private,HS-grad,9,Never-married,Sales,Own-child,White,Female,0,0,35,United-States
17,Private,10th,6,Never-married,Sales,Own-child,White,Female,0,0,10,United-States
29,Local-gov,Some-college,10,Divorced,Other-service,Unmarried,White,Female,0,0,24,United-States
54,Private,Some-college,10,Divorced,Machine-op-inspct,Not-in-family,White,Male,0,0,60,United-States
41,Private,HS-grad,9,Never-married,Transport-moving,Not-in-family,White,Male,0,0,40,Poland
40,Local-gov,Some-college,10,Never-married,Exec-managerial,Not-in-family,White,Male,0,0,40,United-States
33,Federal-gov,HS-grad,9,Married-civ-spouse,Adm-clerical,Husband,Black,Male,0,0,40,United-States
35,Private,Doctorate,16,Married-civ-spouse,Prof-specialty,Husband,White,Male,7298,0,40,United-States
54,Self-emp-not-inc,Some-college,10,Married-civ-spouse,Sales,Husband,White,Male,0,0,40,United-States
30,Private,11th,7,Married-civ-spouse,Other-service,Wife,Black,Female,0,0,30,United-States
57,Private,Doctorate,16,Married-civ-spouse,Prof-specialty,Husband,Asian-Pac-Islander,Male,0,0,40,Taiwan
62,Private,10th,6,Divorced,Machine-op-inspct,Not-in-family,White,Female,0,0,40,United-States
24,Private,Some-college,10,Never-married,Craft-repair,Not-in-family,White,Male,2174,0,40,United-States
21,Private,HS-grad,9,Never-married,Machine-op-inspct,Own-child,White,Male,0,0,30,United-States
70,Self-emp-not-inc,Some-college,10,Married-civ-spouse,Exec-managerial,Husband,White,Male,0,2246,40,United-States
75,State-gov,Doctorate,16,Married-civ-spouse,Prof-specialty,Husband,Black,Male,0,0,20,United-States
62,Private,HS-grad,9,Married-civ-spouse,Exec-managerial,Husband,White,Male,0,0,50,United-States
72,?,Assoc-acdm,12,Married-civ-spouse,?,Husband,White,Male,0,0,16,United-States
23,Private,Some-college,10,Never-married,Sales,Not-in-family,White,Male,0,0,55,United-States
32,Private,Some-college,10,Divorced,Exec-managerial,Not-in-family,White,Female,0,0,38,United-States
40,Private,Masters,14,Married-civ-spouse,Exec-managerial,Husband,White,Male,0,0,50,United-States
65,Self-emp-not-inc,Bachelors,13,Married-civ-spouse,Sales,Husband,White,Male,0,0,15,United-States
22,Private,Some-college,10,Never-married,Other-service,Own-child,Black,Female,0,0,40,?
53,Private,Some-college,10,Divorced,Adm-clerical,Unmarried,White,Female,1471,0,40,United-States
28,Private,10th,6,Married-civ-spouse,Transport-moving,Husband,White,Male,0,0,40,United-States
34,Private,HS-grad,9,Divorced,Adm-clerical,Unmarried,White,Female,0,0,40,United-States
57,Private,HS-grad,9,Married-civ-spouse,Craft-repair,Husband,White,Male,0,0,40,United-States
49,Self-emp-inc,Some-college,10,Divorced,Exec-managerial,Unmarried,White,Female,0,0,32,United-States
23,Private,10th,6,Never-married,Other-service,Not-in-family,White,Male,0,0,50,United-States
55,Self-emp-not-inc,Some-college,10,Married-civ-spouse,Prof-specialty,Husband,White,Male,0,0,50,United-States
74,Self-emp-not-inc,HS-grad,9,Widowed,Other-service,Not-in-family,White,Male,0,0,20,United-States
61,Private,HS-grad,9,Married-civ-spouse,Other-service,Wife,White,Female,0,0,4,United-States
49,Private,Bachelors,13,Married-civ-spouse,Prof-specialty,Husband,White,Male,0,0,40,United-States
69,Federal-gov,Masters,14,Divorced,Prof-specialty,Not-in-family,White,Female,0,0,5,United-States
28,Private,HS-grad,9,Never-married,Sales,Not-in-family,White,Female,2202,0,48,United-States
22,Private,HS-grad,9,Never-married,Craft-repair,Own-child,White,Male,0,0,50,United-States
62,Self-emp-not-inc,HS-grad,9,Married-civ-spouse,Sales,Husband,White,Male,0,0,40,United-States
44,Self-emp-inc,Masters,14,Divorced,Prof-specialty,Not-in-family,White,Male,0,0,40,United-States
48,Local-gov,Bachelors,13,Married-civ-spouse,Prof-specialty,Wife,White,Female,0,0,50,United-States
68,Private,10th,6,Widowed,Other-service,Unmarried,Black,Female,0,0,20,United-States
61,Self-emp-not-inc,Doctorate,16,Married-civ-spouse,Prof-specialty,Husband,White,Male,0,0,40,United-States
32,Private,10th,6,Married-civ-spouse,Craft-repair,Husband,White,Male,0,0,40,United-States
18,Private,HS-grad,9,Never-married,Adm-clerical,Own-child,White,Female,0,0,15,United-States
46,Private,HS-grad,9,Divorced,Transport-moving,Not-in-family,White,Male,0,0,40,United-States
62,Federal-gov,9th,5,Divorced,Other-service,Unmarried,White,Female,0,0,40,United-States
53,Private,10th,6,Divorced,Adm-clerical,Unmarried,White,Female,0,0,48,United-States
36,Private,HS-grad,9,Married-civ-spouse,Other-service,Husband,White,Male,0,0,40,United-States
35,Private,HS-grad,9,Married-civ-spouse,Machine-op-inspct,Wife,Black,Female,0,0,35,United-States
58,Private,HS-grad,9,Separated,Other-service,Unmarried,White,Female,0,0,40,Dominican-Republic
27,Self-emp-inc,HS-grad,9,Never-married,Sales,Own-child,White,Male,0,0,45,United-States
30,?,Bachelors,13,Never-married,?,Not-in-family,White,Female,0,0,40,United-States
54,Private,HS-grad,9,Separated,Sales,Unmarried,White,Female,0,0,35,United-States
23,Private,Some-college,10,Never-married,Machine-op-inspct,Own-child,White,Female,0,0,15,Germany
28,Private,Assoc-acdm,12,Married-civ-spouse,Adm-clerical,Wife,Black,Female,0,0,35,Haiti
72,Private,7th-8th,4,Widowed,Other-service,Not-in-family,White,Female,0,0,99,?
59,Private,Some-college,10,Never-married,Prof-specialty,Not-in-family,White,Female,0,0,38,United-States
39,Self-emp-not-inc,Bachelors,13,Married-civ-spouse,Prof-specialty,Husband,White,Male,15024,0,50,Japan
57,Self-emp-inc,Bachelors,13,Married-civ-spouse,Prof-specialty,Husband,White,Male,0,0,45,United-States
54,Self-emp-not-inc,Some-college,10,Married-civ-spouse,Sales,Husband,White,Male,0,0,50,United-States
39,?,HS-grad,9,Married-civ-spouse,?,Husband,Black,Male,0,0,40,United-States
34,Private,Assoc-voc,11,Never-married,Craft-repair,Not-in-family,White,Female,0,0,40,United-States
52,State-gov,Masters,14,Divorced,Prof-specialty,Not-in-family,White,Female,0,0,40,United-States
66,Private,Assoc-acdm,12,Married-civ-spouse,Machine-op-inspct,Husband,White,Male,5556,0,40,Yugoslavia
33,Private,Assoc-acdm,12,Married-civ-spouse,Exec-managerial,Wife,White,Female,0,0,55,United-States
68,Self-emp-not-inc,HS-grad,9,Married-civ-spouse,Farming-fishing,Husband,White,Male,0,0,20,United-States
26,Private,HS-grad,9,Married-civ-spouse,Craft-repair,Husband,White,Male,0,0,48,United-States
49,Self-emp-not-inc,Assoc-voc,11,Never-married,Adm-clerical,Not-in-family,White,Female,0,0,60,United-States
26,Private,HS-grad,9,Married-civ-spouse,Sales,Husband,White,Male,0,0,40,United-States
27,Private,Bachelors,13,Married-civ-spouse,Tech-support,Husband,White,Male,0,0,30,United-States
25,Private,1st-4th,2,Never-married,Priv-house-serv,Not-in-family,White,Female,0,0,40,Guatemala
58,Local-gov,Assoc-voc,11,Widowed,Adm-clerical,Not-in-family,White,Female,0,0,40,United-States
45,Local-gov,Doctorate,16,Never-married,Prof-specialty,Not-in-family,White,Female,0,0,40,United-States
72,?,Assoc-voc,11,Widowed,?,Not-in-family,White,Female,0,0,30,United-States
64,?,11th,7,Never-married,?,Unmarried,White,Male,0,0,40,United-States
58,Private,9th,5,Married-civ-spouse,Handlers-cleaners,Husband,Black,Male,0,0,60,United-States
33,Private,HS-grad,9,Never-married,Adm-clerical,Unmarried,White,Female,0,0,40,United-States
55,Private,11th,7,Married-civ-spouse,Machine-op-inspct,Husband,White,Male,0,0,32,United-States
57,Local-gov,HS-grad,9,Widowed,Transport-moving,Not-in-family,White,Female,0,0,40,United-States
76,Private,7th-8th,4,Widowed,Priv-house-serv,Not-in-family,White,Female,0,0,40,United-States
67,Private,HS-grad,9,Married-civ-spouse,Other-service,Husband,White,Male,0,0,10,United-States
24,Private,Bachelors,13,Never-married,Other-service,Own-child,White,Female,0,0,30,United-States
44,Private,Bachelors,13,Never-married,Adm-clerical,Unmarried,Black,Female,0,0,40,United-States
68,?,HS-grad,9,Married-civ-spouse,?,Wife,White,Female,0,0,25,United-States
28,Private,Prof-school,15,Married-civ-spouse,Prof-specialty,Husband,Asian-Pac-Islander,Male,0,0,99,Philippines
63,?,HS-grad,9,Married-civ-spouse,?,Husband,White,Male,0,0,40,United-States
50,Private,HS-grad,9,Married-civ-spouse,Transport-moving,Husband,White,Male,0,0,50,United-States
22,Private,HS-grad,9,Married-civ-spouse,Handlers-cleaners,Husband,White,Male,0,0,50,United-States
22,Private,Some-college,10,Never-married,Sales,Own-child,White,Male,0,0,35,United-States
69,Self-emp-not-inc,7th-8th,4,Never-married,Farming-fishing,Other-relative,White,Male,1848,0,10,United-States
34,Private,HS-grad,9,Married-civ-spouse,Machine-op-inspct,Husband,White,Male,0,0,45,United-States
55,Private,Doctorate,16,Married-civ-spouse,Prof-specialty,Husband,White,Male,0,1977,55,?
40,Private,Some-college,10,Divorced,Exec-managerial,Not-in-family,White,Male,0,1408,48,United-States
37,Private,Some-college,10,Never-married,Sales,Not-in-family,White,Male,0,0,50,United-States
75,Self-emp-not-inc,HS-grad,9,Married-civ-spouse,Farming-fishing,Husband,White,Male,3456,0,40,United-States
48,Local-gov,HS-grad,9,Married-civ-spouse,Other-service,Husband,White,Male,0,0,40,United-States
31,Private,HS-grad,9,Never-married,Transport-moving,Not-in-family,White,Male,0,0,50,United-States
51,Private,Some-college,10,Married-civ-spouse,Craft-repair,Husband,White,Male,0,0,60,United-States
36,Private,HS-grad,9,Never-married,Craft-repair,Unmarried,White,Male,1506,0,40,United-States
28,Private,HS-grad,9,Married-civ-spouse,Machine-op-inspct,Husband,White,Male,0,0,40,United-States
32,Private,Bachelors,13,Never-married,Exec-managerial,Not-in-family,White,Female,0,0,50,United-States
75,Private,HS-grad,9,Divorced,Handlers-cleaners,Not-in-family,White,Female,0,0,20,United-States
41,Private,HS-grad,9,Married-civ-spouse,Craft-repair,Husband,White,Male,0,0,4,Peru
66,Private,HS-grad,9,Widowed,Priv-house-serv,Unmarried,White,Female,0,0,25,United-States
51,Private,HS-grad,9,Divorced,Prof-specialty,Unmarried,Black,Female,0,0,40,?
38,Self-emp-not-inc,HS-grad,9,Never-married,Farming-fishing,Not-in-family,White,Male,0,0,50,United-States
65,Private,7th-8th,4,Widowed,Priv-house-serv,Not-in-family,White,Female,0,3175,60,Puerto-Rico
33,Private,HS-grad,9,Separated,Handlers-cleaners,Unmarried,Black,Female,0,0,40,United-States
48,Self-emp-inc,HS-grad,9,Married-civ-spouse,Craft-repair,Husband,White,Male,0,0,60,United-States
52,State-gov,7th-8th,4,Married-civ-spouse,Other-service,Husband,White,Male,0,0,40,United-States
20,State-gov,Some-college,10,Married-civ-spouse,Other-service,Husband,White,Male,0,0,20,United-States
72,?,Some-college,10,Widowed,?,Not-in-family,White,Female,0,0,8,United-States
27,Private,Some-college,10,Never-married,Sales,Not-in-family,White,Male,0,0,49,United-States
37,Self-emp-not-inc,HS-grad,9,Married-civ-spouse,Craft-repair,Husband,White,Male,0,0,45,United-States
56,Private,Some-college,10,Married-civ-spouse,Craft-repair,Husband,White,Male,0,0,50,United-States
63,Private,HS-grad,9,Married-civ-spouse,Sales,Husband,White,Male,0,0,35,United-States
41,Self-emp-not-inc,Assoc-voc,11,Married-civ-spouse,Farming-fishing,Husband,White,Male,0,0,60,United-States
31,Private,HS-grad,9,Married-civ-spouse,Transport-moving,Husband,White,Male,0,0,50,United-States
22,Private,HS-grad,9,Never-married,Sales,Not-in-family,White,Female,0,0,28,United-States
68,Self-emp-not-inc,5th-6th,3,Married-civ-spouse,Craft-repair,Husband,Black,Male,0,0,6,United-States
45,Local-gov,Masters,14,Married-civ-spouse,Prof-specialty,Husband,White,Male,0,0,40,Italy
33,State-gov,Masters,14,Never-married,Prof-specialty,Not-in-family,White,Male,0,0,60,United-States
39,Private,HS-grad,9,Married-civ-spouse,Craft-repair,Husband,White,Male,0,0,40,United-States
81,Private,12th,8,Widowed,Sales,Not-in-family,White,Female,0,0,30,United-States
34,Private,Some-college,10,Divorced,Adm-clerical,Unmarried,White,Female,0,0,40,United-States
22,Private,Some-college,10,Never-married,Tech-support,Not-in-family,White,Female,0,0,60,United-States
78,Self-emp-inc,Bachelors,13,Married-civ-spouse,Exec-managerial,Husband,White,Male,0,2392,40,United-States
44,Local-gov,Some-college,10,Married-civ-spouse,Protective-serv,Husband,White,Male,0,0,40,United-States
31,Private,HS-grad,9,Divorced,Other-service,Own-child,White,Female,0,0,15,United-States
46,Self-emp-not-inc,HS-grad,9,Married-spouse-absent,Craft-repair,Not-in-family,Asian-Pac-Islander,Male,0,0,45,India
28,Private,Some-college,10,Never-married,Prof-specialty,Not-in-family,Black,Female,3325,0,50,United-States
59,Private,Bachelors,13,Widowed,Exec-managerial,Not-in-family,White,Female,0,0,40,United-States
40,Local-gov,7th-8th,4,Married-civ-spouse,Craft-repair,Husband,Black,Male,0,1887,40,?
21,Private,Some-college,10,Never-married,Sales,Own-child,White,Female,0,0,20,United-States
57,?,Some-college,10,Married-civ-spouse,?,Husband,White,Male,0,0,40,United-States
64,?,Preschool,1,Married-civ-spouse,?,Husband,White,Male,0,0,40,United-States
63,?,HS-grad,9,Married-civ-spouse,?,Husband,White,Male,0,0,40,United-States
47,Private,HS-grad,9,Married-civ-spouse,Sales,Husband,White,Male,0,0,50,United-States
45,Private,Bachelors,13,Separated,Prof-specialty,Unmarried,White,Female,0,0,56,Germany
29,Private,12th,8,Never-married,Tech-support,Not-in-family,White,Male,0,0,40,United-States
19,Private,HS-grad,9,Never-married,Prof-specialty,Not-in-family,White,Female,0,0,40,United-States
63,Private,HS-grad,9,Married-civ-spouse,Sales,Husband,White,Male,4064,0,40,United-States
29,Private,Assoc-voc,11,Never-married,Tech-support,Own-child,White,Male,0,0,40,United-States
22,?,Some-college,10,Never-married,?,Own-child,White,Male,0,0,40,United-States
37,Private,Some-college,10,Married-civ-spouse,Other-service,Husband,Black,Male,0,0,30,United-States
35,?,Some-college,10,Married-civ-spouse,?,Husband,Black,Male,0,0,40,Haiti
81,?,Assoc-voc,11,Married-civ-spouse,?,Husband,White,Male,2936,0,20,United-States
39,Private,Assoc-voc,11,Married-civ-spouse,Exec-managerial,Husband,White,Male,0,0,40,United-States
64,Private,11th,7,Married-civ-spouse,Transport-moving,Husband,White,Male,0,0,40,United-States
38,Private,9th,5,Married-spouse-absent,Exec-managerial,Not-in-family,White,Male,0,0,54,Mexico
45,Local-gov,HS-grad,9,Married-civ-spouse,Exec-managerial,Husband,White,Male,0,1848,40,United-States
62,Private,HS-grad,9,Never-married,Adm-clerical,Not-in-family,Black,Female,0,0,37,United-States
62,Private,Bachelors,13,Married-civ-spouse,Exec-managerial,Husband,White,Male,0,0,40,United-States
46,Federal-gov,Doctorate,16,Never-married,Prof-specialty,Not-in-family,White,Female,0,1564,50,United-States
27,Private,HS-grad,9,Married-civ-spouse,Handlers-cleaners,Husband,White,Male,0,0,40,United-States
47,Private,7th-8th,4,Married-civ-spouse,Transport-moving,Husband,White,Male,0,2051,40,United-States
35,Self-emp-not-inc,Prof-school,15,Married-civ-spouse,Prof-specialty,Husband,White,Male,0,0,50,United-States
52,Federal-gov,Bachelors,13,Married-civ-spouse,Protective-serv,Husband,White,Male,0,0,60,United-States
17,Private,10th,6,Never-married,Other-service,Own-child,White,Male,0,0,30,United-States
39,Private,HS-grad,9,Married-civ-spouse,Adm-clerical,Husband,White,Male,4508,0,24,United-States
35,Self-emp-not-inc,Some-college,10,Divorced,Farming-fishing,Unmarried,White,Male,0,0,50,United-States
66,Local-gov,Masters,14,Widowed,Prof-specialty,Not-in-family,White,Female,0,0,40,United-States
65,Self-emp-not-inc,Some-college,10,Widowed,Craft-repair,Not-in-family,White,Female,0,0,35,United-States
71,Private,7th-8th,4,Widowed,Exec-managerial,Not-in-family,White,Male,6097,0,40,United-States
26,Local-gov,HS-grad,9,Married-civ-spouse,Protective-serv,Husband,Black,Male,0,0,50,United-States
28,Private,Some-college,10,Married-civ-spouse,Exec-managerial,Husband,Amer-Indian-Eskimo,Male,0,0,55,United-States
47,Private,Bachelors,13,Married-civ-spouse,Prof-specialty,Husband,White,Male,15024,0,40,United-States
56,Private,HS-grad,9,Divorced,Other-service,Unmarried,Black,Female,0,0,40,Jamaica
54,Private,HS-grad,9,Married-civ-spouse,Craft-repair,Husband,White,Male,0,0,40,United-States
63,Self-emp-inc,Bachelors,13,Married-civ-spouse,Exec-managerial,Husband,White,Male,0,0,35,United-States
19,Private,11th,7,Never-married,Priv-house-serv,Not-in-family,White,Female,0,0,35,United-States
63,Self-emp-not-inc,HS-grad,9,Married-civ-spouse,Craft-repair,Husband,White,Male,0,0,32,United-States
48,Private,HS-grad,9,Married-civ-spouse,Exec-managerial,Husband,White,Male,0,0,50,United-States
64,Local-gov,9th,5,Never-married,Adm-clerical,Other-relative,White,Male,0,0,40,United-States
62,Private,7th-8th,4,Married-civ-spouse,Other-service,Husband,White,Male,0,0,40,United-States
55,Private,HS-grad,9,Separated,Other-service,Not-in-family,White,Female,0,0,16,United-States
21,Private,Some-college,10,Never-married,Handlers-cleaners,Own-child,White,Male,0,0,22,United-States
32,Private,Some-college,10,Married-civ-spouse,Handlers-cleaners,Husband,White,Male,0,0,40,United-States
26,Self-emp-not-inc,Bachelors,13,Never-married,Sales,Not-in-family,White,Male,0,0,60,United-States
29,Private,Bachelors,13,Married-civ-spouse,Adm-clerical,Husband,White,Male,0,0,40,United-States
21,Private,Some-college,10,Never-married,Sales,Own-child,White,Female,0,0,20,United-States
26,Private,Some-college,10,Never-married,Craft-repair,Own-child,Amer-Indian-Eskimo,Male,0,0,40,United-States
41,?,Some-college,10,Widowed,?,Unmarried,Black,Female,0,0,20,United-States
31,Private,HS-grad,9,Married-civ-spouse,Transport-moving,Husband,White,Male,0,0,50,United-States
58,Private,HS-grad,9,Divorced,Other-service,Unmarried,White,Female,0,0,35,United-States
44,Private,Some-college,10,Married-civ-spouse,Exec-managerial,Husband,White,Male,0,0,40,United-States
43,Private,HS-grad,9,Married-civ-spouse,Other-service,Husband,White,Male,0,0,40,United-States
19,?,10th,6,Never-married,?,Own-child,Black,Male,0,0,25,United-States
61,Self-emp-not-inc,Preschool,1,Married-civ-spouse,Craft-repair,Husband,White,Male,0,0,40,United-States
38,Private,HS-grad,9,Divorced,Machine-op-inspct,Unmarried,White,Male,0,0,40,?
64,State-gov,Bachelors,13,Married-civ-spouse,Exec-managerial,Husband,White,Male,0,0,45,United-States
36,Self-emp-not-inc,HS-grad,9,Never-married,Craft-repair,Not-in-family,White,Male,0,0,40,United-States
29,Private,Some-college,10,Never-married,Craft-repair,Not-in-family,Asian-Pac-Islander,Male,0,0,45,Philippines
33,Private,HS-grad,9,Married-civ-spouse,Exec-managerial,Husband,White,Male,5013,0,40,United-States
36,Private,Bachelors,13,Divorced,Exec-managerial,Not-in-family,White,Male,0,1741,40,United-States
60,Private,HS-grad,9,Divorced,Exec-managerial,Not-in-family,White,Female,0,1092,40,United-States
32,Private,Some-college,10,Married-civ-spouse,Machine-op-inspct,Husband,White,Male,0,0,84,United-States
50,Private,Some-college,10,Married-civ-spouse,Exec-managerial,Husband,White,Male,0,0,40,United-States
54,Private,Some-college,10,Married-civ-spouse,Sales,Husband,White,Male,0,0,40,United-States
64,Private,Bachelors,13,Married-civ-spouse,Prof-specialty,Husband,White,Male,0,0,40,United-States
51,Private,Some-college,10,Married-civ-spouse,Exec-managerial,Wife,White,Female,0,0,40,United-States
17,Private,11th,7,Never-married,Prof-specialty,Own-child,White,Female,0,0,20,United-States
58,?,HS-grad,9,Divorced,?,Unmarried,White,Male,0,0,40,United-States
34,Self-emp-not-inc,HS-grad,9,Married-spouse-absent,Other-service,Unmarried,White,Female,0,0,45,United-States
67,Private,7th-8th,4,Married-civ-spouse,Craft-repair,Husband,White,Male,1797,0,40,United-States
37,Private,HS-grad,9,Married-civ-spouse,Other-service,Husband,White,Male,0,0,30,Mexico
55,Private,7th-8th,4,Married-civ-spouse,Transport-moving,Husband,White,Male,0,0,50,United-States
57,Self-emp-not-inc,Doctorate,16,Married-civ-spouse,Prof-specialty,Husband,White,Male,0,1887,70,United-States
62,Private,Masters,14,Married-civ-spouse,Exec-managerial,Husband,White,Male,0,0,55,United-States
19,Private,HS-grad,9,Never-married,Other-service,Unmarried,White,Female,0,0,30,United-States
65,Self-emp-not-inc,HS-grad,9,Married-civ-spouse,Exec-managerial,Husband,White,Male,0,0,24,United-States
23,Private,HS-grad,9,Never-married,Sales,Other-relative,Black,Male,0,0,40,Jamaica
50,State-gov,Bachelors,13,Married-civ-spouse,Protective-serv,Husband,White,Male,0,0,40,United-States
60,Self-emp-not-inc,HS-grad,9,Never-married,Farming-fishing,Unmarried,White,Male,0,0,42,United-States
51,Private,Masters,14,Married-civ-spouse,Prof-specialty,Husband,Asian-Pac-Islander,Male,5013,0,40,India
39,Self-emp-inc,Assoc-voc,11,Married-civ-spouse,Craft-repair,Husband,White,Male,0,2415,40,United-States
45,Private,HS-grad,9,Married-civ-spouse,Other-service,Husband,Black,Male,0,0,40,United-States
58,Local-gov,Bachelors,13,Married-civ-spouse,Exec-managerial,Husband,White,Male,0,0,40,United-States
25,Self-emp-not-inc,Some-college,10,Divorced,Prof-specialty,Not-in-family,White,Female,0,0,40,United-States
55,Private,5th-6th,3,Married-civ-spouse,Machine-op-inspct,Husband,White,Male,0,0,40,Mexico
74,Private,Some-college,10,Divorced,Sales,Not-in-family,White,Female,7262,0,30,United-States
79,?,Prof-school,15,Married-civ-spouse,?,Husband,White,Male,0,0,10,United-States
67,?,HS-grad,9,Married-civ-spouse,?,Husband,White,Male,0,0,21,United-States
36,Private,HS-grad,9,Widowed,Other-service,Not-in-family,White,Female,0,0,40,United-States
42,Private,10th,6,Married-civ-spouse,Craft-repair,Husband,White,Male,0,0,35,United-States
56,Private,HS-grad,9,Married-civ-spouse,Sales,Wife,White,Female,0,0,50,United-States
17,Private,12th,8,Never-married,Other-service,Own-child,White,Male,0,0,35,United-States
22,Private,Assoc-voc,11,Never-married,Sales,Not-in-family,White,Female,0,0,37,United-States
64,Self-emp-not-inc,Assoc-voc,11,Married-civ-spouse,Farming-fishing,Husband,White,Male,0,0,55,United-States
65,Private,Bachelors,13,Married-civ-spouse,Craft-repair,Husband,White,Male,0,0,40,England
40,Private,11th,7,Widowed,Adm-clerical,Unmarried,White,Female,0,0,40,United-States
18,Private,12th,8,Never-married,Handlers-cleaners,Own-child,White,Male,0,0,18,United-States
29,Private,HS-grad,9,Never-married,Sales,Unmarried,White,Male,0,0,38,United-States
56,Private,Bachelors,13,Married-civ-spouse,Machine-op-inspct,Husband,White,Male,0,0,40,United-States
61,Local-gov,Masters,14,Never-married,Prof-specialty,Unmarried,White,Female,0,0,25,United-States
27,Private,HS-grad,9,Married-civ-spouse,Other-service,Husband,White,Male,0,0,40,United-States
35,Private,Bachelors,13,Never-married,Exec-managerial,Not-in-family,White,Female,0,0,55,United-States
17,Private,10th,6,Never-married,Craft-repair,Not-in-family,White,Male,594,0,30,United-States
17,Private,12th,8,Never-married,Sales,Own-child,White,Female,0,0,20,United-States
50,Private,HS-grad,9,Never-married,Adm-clerical,Not-in-family,White,Male,0,1980,40,United-States
41,Private,HS-grad,9,Never-married,Craft-repair,Unmarried,White,Male,0,0,40,Mexico
19,Private,Some-college,10,Never-married,Sales,Own-child,White,Male,0,0,40,United-States
90,Private,Bachelors,13,Never-married,Prof-specialty,Not-in-family,Asian-Pac-Islander,Male,0,0,40,United-States
24,Private,11th,7,Never-married,Sales,Not-in-family,White,Female,0,0,36,United-States
44,Private,HS-grad,9,Married-civ-spouse,Craft-repair,Husband,White,Male,0,0,40,United-States
49,?,Bachelors,13,Divorced,?,Own-child,White,Female,0,0,40,United-States
44,Private,Masters,14,Separated,Sales,Unmarried,White,Female,0,0,48,United-States
40,Local-gov,HS-grad,9,Never-married,Protective-serv,Not-in-family,White,Male,0,0,42,United-States
21,?,Some-college,10,Never-married,?,Own-child,White,Female,0,0,40,United-States
44,Private,HS-grad,9,Married-civ-spouse,Machine-op-inspct,Husband,White,Male,0,0,40,United-States
48,Private,Assoc-voc,11,Separated,Other-service,Not-in-family,White,Female,0,0,30,United-States
28,Private,HS-grad,9,Married-civ-spouse,Other-service,Husband,White,Male,0,0,35,United-States
72,?,HS-grad,9,Married-civ-spouse,?,Husband,White,Male,0,0,8,United-States
62,Self-emp-not-inc,Prof-school,15,Married-civ-spouse,Prof-specialty,Husband,White,Male,0,0,16,United-States
46,Private,HS-grad,9,Married-civ-spouse,Sales,Wife,White,Female,0,0,40,United-States
65,?,HS-grad,9,Married-civ-spouse,?,Husband,Amer-Indian-Eskimo,Male,3818,0,40,United-States
45,Private,Assoc-acdm,12,Married-civ-spouse,Craft-repair,Husband,White,Male,0,0,40,United-States
25,Self-emp-inc,HS-grad,9,Married-civ-spouse,Sales,Husband,White,Male,0,0,60,?
28,Private,HS-grad,9,Married-civ-spouse,Exec-managerial,Wife,White,Female,0,0,45,United-States
72,Private,Masters,14,Divorced,Prof-specialty,Not-in-family,White,Male,0,0,60,Cuba
56,Private,HS-grad,9,Married-civ-spouse,Machine-op-inspct,Husband,White,Male,0,0,40,United-States
60,Private,HS-grad,9,Married-civ-spouse,Sales,Husband,White,Male,0,0,40,United-States
60,?,7th-8th,4,Widowed,?,Unmarried,White,Female,0,0,20,United-States
44,Private,Bachelors,13,Married-civ-spouse,Exec-managerial,Wife,White,Female,0,0,45,United-States
48,Self-emp-inc,Doctorate,16,Married-civ-spouse,Prof-specialty,Husband,White,Male,0,1902,50,United-States
66,Private,Bachelors,13,Married-civ-spouse,Sales,Husband,White,Male,0,0,50,United-States
57,Local-gov,Masters,14,Divorced,Other-service,Unmarried,Black,Female,0,0,40,United-States
65,Private,Assoc-voc,11,Married-civ-spouse,Transport-moving,Husband,White,Male,0,0,20,United-States
35,Private,Bachelors,13,Never-married,Adm-clerical,Not-in-family,Black,Male,0,0,55,United-States
22,Federal-gov,Some-college,10,Never-married,Adm-clerical,Own-child,White,Female,0,0,20,United-States
40,Self-emp-not-inc,Some-college,10,Married-civ-spouse,Tech-support,Husband,White,Male,0,0,50,United-States
41,Private,12th,8,Divorced,Adm-clerical,Not-in-family,Amer-Indian-Eskimo,Male,0,0,40,United-States
90,Local-gov,Masters,14,Married-civ-spouse,Exec-managerial,Husband,White,Male,20051,0,60,United-States
59,Private,11th,7,Married-civ-spouse,Adm-clerical,Husband,White,Male,7298,0,40,United-States
61,Private,10th,6,Divorced,Sales,Unmarried,White,Female,0,0,40,United-States
39,Private,Bachelors,13,Married-civ-spouse,Exec-managerial,Husband,White,Male,15024,0,60,United-States
28,Local-gov,Some-college,10,Never-married,Protective-serv,Own-child,White,Male,0,0,40,United-States
62,Private,HS-grad,9,Divorced,Priv-house-serv,Not-in-family,Black,Female,0,0,20,United-States
24,Local-gov,Bachelors,13,Never-married,Prof-specialty,Not-in-family,White,Female,0,1974,40,United-States
18,?,Some-college,10,Never-married,?,Own-child,White,Male,0,0,30,United-States
37,Self-emp-not-inc,Some-college,10,Divorced,Exec-managerial,Unmarried,White,Female,0,0,40,United-States
19,Private,HS-grad,9,Never-married,Craft-repair,Not-in-family,White,Male,0,0,40,United-States
62,?,Assoc-voc,11,Married-civ-spouse,?,Husband,White,Male,3411,0,40,United-States
38,Private,HS-grad,9,Married-civ-spouse,Machine-op-inspct,Husband,White,Male,0,0,65,United-States
46,Local-gov,HS-grad,9,Never-married,Craft-repair,Own-child,White,Male,0,0,40,United-States
33,Private,Some-college,10,Married-civ-spouse,Exec-managerial,Husband,White,Male,0,0,60,United-States
52,Local-gov,Some-college,10,Widowed,Adm-clerical,Not-in-family,White,Female,0,0,24,United-States
37,Private,HS-grad,9,Divorced,Other-service,Not-in-family,White,Female,0,0,40,United-States
24,Private,Bachelors,13,Never-married,Exec-managerial,Not-in-family,White,Male,0,0,40,United-States
26,Private,Bachelors,13,Never-married,Other-service,Not-in-family,White,Female,0,0,40,United-States
68,Private,HS-grad,9,Widowed,Other-service,Unmarried,White,Female,0,0,7,England
70,?,HS-grad,9,Married-civ-spouse,?,Husband,White,Male,0,0,60,United-States
43,Private,Some-college,10,Divorced,Adm-clerical,Unmarried,White,Female,0,0,40,United-States
56,Private,5th-6th,3,Separated,Machine-op-inspct,Not-in-family,White,Male,0,0,40,United-States
55,Self-emp-not-inc,HS-grad,9,Married-civ-spouse,Craft-repair,Husband,White,Male,0,0,20,United-States
64,Private,HS-grad,9,Married-civ-spouse,Craft-repair,Husband,White,Male,0,0,50,United-States
17,Private,12th,8,Never-married,Adm-clerical,Own-child,White,Female,594,0,20,United-States
66,?,HS-grad,9,Widowed,?,Not-in-family,Other,Female,0,0,35,Puerto-Rico
33,Private,HS-grad,9,Married-civ-spouse,Prof-specialty,Husband,White,Male,0,0,40,United-States
76,Self-emp-not-inc,Masters,14,Married-civ-spouse,Craft-repair,Husband,White,Male,0,0,10,United-States
53,Self-emp-not-inc,Bachelors,13,Married-civ-spouse,Craft-repair,Husband,White,Male,0,0,40,United-States
29,Private,Assoc-voc,11,Never-married,Adm-clerical,Own-child,White,Female,0,0,40,United-States
25,Private,Bachelors,13,Never-married,Exec-managerial,Own-child,White,Female,0,0,20,United-States
75,Self-emp-not-inc,HS-grad,9,Married-civ-spouse,Farming-fishing,Husband,Asian-Pac-Islander,Male,0,0,15,United-States
51,State-gov,Some-college,10,Divorced,Adm-clerical,Not-in-family,White,Female,0,0,40,United-States
50,Private,11th,7,Married-civ-spouse,Transport-moving,Husband,White,Male,0,0,70,United-States
72,?,Some-college,10,Married-civ-spouse,?,Husband,White,Male,0,0,32,Canada
62,?,Masters,14,Married-civ-spouse,?,Husband,White,Male,0,0,50,United-States
57,Private,HS-grad,9,Divorced,Adm-clerical,Other-relative,Black,Female,0,0,40,United-States
58,Private,HS-grad,9,Widowed,Exec-managerial,Not-in-family,White,Male,0,0,55,United-States
29,Private,HS-grad,9,Never-married,Craft-repair,Not-in-family,White,Male,2597,0,40,United-States
41,Private,HS-grad,9,Married-civ-spouse,Farming-fishing,Husband,White,Male,0,0,40,United-States
55,Private,HS-grad,9,Divorced,Handlers-cleaners,Unmarried,White,Male,0,0,40,United-States
23,State-gov,Bachelors,13,Never-married,Adm-clerical,Not-in-family,White,Female,0,0,12,United-States
71,Self-emp-inc,Bachelors,13,Married-civ-spouse,Exec-managerial,Husband,White,Male,0,2392,60,United-States
50,Self-emp-not-inc,11th,7,Divorced,Craft-repair,Unmarried,White,Male,0,0,40,?
53,Self-emp-inc,Assoc-acdm,12,Married-civ-spouse,Transport-moving,Husband,White,Male,0,0,45,United-States
52,Federal-gov,HS-grad,9,Divorced,Adm-clerical,Not-in-family,White,Female,0,0,40,United-States
32,Self-emp-inc,Assoc-voc,11,Divorced,Exec-managerial,Not-in-family,White,Female,10520,0,80,Greece
20,Private,HS-grad,9,Married-civ-spouse,Other-service,Husband,White,Male,0,0,28,United-States
23,Private,5th-6th,3,Never-married,Handlers-cleaners,Other-relative,White,Male,0,0,40,El-Salvador
40,Private,HS-grad,9,Married-civ-spouse,Transport-moving,Husband,Black,Male,0,0,40,United-States
62,Local-gov,Some-college,10,Divorced,Prof-specialty,Not-in-family,Amer-Indian-Eskimo,Male,0,0,40,United-States
48,Local-gov,Bachelors,13,Married-civ-spouse,Prof-specialty,Husband,White,Male,0,0,55,United-States
69,Private,5th-6th,3,Married-civ-spouse,Adm-clerical,Husband,White,Male,1797,0,40,United-States
31,State-gov,Masters,14,Never-married,Adm-clerical,Not-in-family,White,Male,0,0,25,United-States
42,Private,HS-grad,9,Married-civ-spouse,Exec-managerial,Husband,White,Male,0,0,35,United-States
59,?,HS-grad,9,Married-civ-spouse,?,Husband,White,Male,0,0,41,United-States
63,Private,Bachelors,13,Married-civ-spouse,Protective-serv,Husband,Asian-Pac-Islander,Male,0,0,40,Philippines
71,Self-emp-not-inc,7th-8th,4,Married-civ-spouse,Farming-fishing,Husband,White,Male,0,0,10,United-States
57,Private,HS-grad,9,Widowed,Transport-moving,Unmarried,White,Male,0,653,42,United-States
27,Private,Some-college,10,Married-spouse-absent,Exec-managerial,Not-in-family,White,Female,0,0,40,United-States
29,Private,Some-college,10,Never-married,Sales,Not-in-family,White,Male,0,0,30,United-States
61,Self-emp-not-inc,HS-grad,9,Widowed,Other-service,Other-relative,White,Female,0,0,40,United-States
48,Federal-gov,Some-college,10,Divorced,Exec-managerial,Not-in-family,White,Male,0,0,40,United-States
53,Self-emp-not-inc,Some-college,10,Married-civ-spouse,Farming-fishing,Husband,White,Male,0,0,30,United-States
53,Self-emp-not-inc,Bachelors,13,Married-civ-spouse,Craft-repair,Husband,Asian-Pac-Islander,Male,0,0,35,Vietnam
31,Private,Assoc-voc,11,Separated,Craft-repair,Not-in-family,White,Male,0,0,40,United-States
66,?,HS-grad,9,Married-civ-spouse,?,Husband,White,Male,0,0,24,United-States
26,Private,HS-grad,9,Divorced,Craft-repair,Not-in-family,White,Male,0,0,55,United-States
27,Private,Bachelors,13,Never-married,Other-service,Not-in-family,White,Male,0,0,30,?
59,Private,9th,5,Married-civ-spouse,Other-service,Husband,White,Male,0,0,40,United-States
51,Private,HS-grad,9,Married-civ-spouse,Handlers-cleaners,Husband,White,Male,0,0,40,United-States
30,Self-emp-inc,HS-grad,9,Divorced,Other-service,Not-in-family,White,Female,0,0,60,United-States
63,Private,HS-grad,9,Married-civ-spouse,Sales,Husband,White,Male,0,0,21,United-States
43,Federal-gov,Assoc-acdm,12,Married-civ-spouse,Prof-specialty,Wife,Black,Female,0,0,40,United-States
59,State-gov,7th-8th,4,Married-civ-spouse,Craft-repair,Husband,White,Male,5013,0,38,United-States
20,?,Some-college,10,Never-married,?,Own-child,White,Male,0,0,25,United-States
52,Federal-gov,Some-college,10,Married-civ-spouse,Exec-managerial,Wife,Asian-Pac-Islander,Female,0,0,40,United-States
27,Private,Bachelors,13,Married-civ-spouse,Tech-support,Wife,White,Female,0,0,40,United-States
38,Private,HS-grad,9,Married-civ-spouse,Transport-moving,Husband,White,Male,0,0,40,United-States
41,Private,Assoc-acdm,12,Divorced,Sales,Unmarried,White,Male,0,0,40,United-States
20,Federal-gov,HS-grad,9,Never-married,Other-service,Not-in-family,White,Female,0,0,40,United-States
52,Private,Bachelors,13,Married-civ-spouse,Exec-managerial,Husband,White,Male,0,0,40,United-States
34,Private,Some-college,10,Married-civ-spouse,Craft-repair,Husband,White,Male,0,0,40,United-States
19,?,7th-8th,4,Never-married,?,Not-in-family,White,Male,0,0,40,Mexico
17,Private,10th,6,Never-married,Priv-house-serv,Other-relative,White,Male,0,0,30,United-States
28,Private,Assoc-voc,11,Never-married,Sales,Not-in-family,White,Female,0,0,40,United-States
33,Private,HS-grad,9,Never-married,Adm-clerical,Not-in-family,White,Male,0,0,40,United-States
68,?,1st-4th,2,Widowed,?,Unmarried,Black,Female,0,0,40,United-States
39,Self-emp-inc,Prof-school,15,Married-civ-spouse,Prof-specialty,Husband,White,Male,0,0,40,United-States
47,Self-emp-inc,Assoc-acdm,12,Widowed,Exec-managerial,Not-in-family,White,Female,0,0,67,United-States
48,Private,HS-grad,9,Divorced,Sales,Not-in-family,White,Male,0,0,60,United-States
62,Self-emp-not-inc,Bachelors,13,Married-civ-spouse,Sales,Husband,White,Male,0,0,40,United-States
20,Private,HS-grad,9,Never-married,Adm-clerical,Own-child,White,Female,0,0,10,United-States
26,Private,HS-grad,9,Never-married,Machine-op-inspct,Own-child,White,Male,0,0,40,United-States
52,Private,HS-grad,9,Married-civ-spouse,Craft-repair,Husband,White,Male,0,0,45,El-Salvador
67,Private,Some-college,10,Married-civ-spouse,Exec-managerial,Husband,White,Male,0,1539,40,United-States
34,Private,7th-8th,4,Married-civ-spouse,Transport-moving,Husband,White,Male,0,0,40,United-States
45,Private,Bachelors,13,Never-married,Adm-clerical,Unmarried,White,Female,0,0,30,?
67,Private,HS-grad,9,Never-married,Exec-managerial,Not-in-family,White,Female,0,0,45,United-States
47,Self-emp-not-inc,Bachelors,13,Married-civ-spouse,Farming-fishing,Husband,White,Male,0,0,60,United-States
56,?,Masters,14,Never-married,?,Not-in-family,White,Female,0,0,50,United-States
18,Private,11th,7,Never-married,Other-service,Unmarried,White,Female,0,0,28,United-States
65,Private,Some-college,10,Widowed,Sales,Not-in-family,White,Female,0,0,22,United-States
54,State-gov,HS-grad,9,Separated,Exec-managerial,Unmarried,White,Female,0,0,38,United-States
